{"devicePlatform":"","logFolder":"/Users/raghav/Katalon Studio/Sample SOAP API Testing Project/Reports/TestSuiteOne/20181106_150954","runData":{"hostName":"raghav - 192.168.1.2","hostAddress":"192.168.1.2","os":"Mac OS X 64bit","katalonVersion":"5.8.4.14"},"type":"TEST_SUITE","name":"TestSuiteOne","id":"Test Suites/TestSuiteOne","source":"","message":"Test Cases/TestOne","description":"","startTime":1541497201034,"endTime":1541497213394,"childRecords":[{"isOptional":false,"type":"TEST_CASE","name":"Test Cases/TestTwo_APIChaining","id":"Test Cases/TestTwo_APIChaining","source":"\\\\Users\\\\raghav\\\\Katalon Studio\\\\Sample SOAP API Testing Project\\\\Test Cases\\\\TestTwo_APIChaining.tc","message":"Test Cases/TestTwo_APIChaining","description":"","startTime":1541497202760,"endTime":1541497209136,"childRecords":[{"testStatus":{"stackTrace":"","statusValue":"INFO"},"type":"MESSAGE","name":"","message":"Evaluating variables for test case","startTime":1541497202833,"endTime":0,"childRecords":[],"interuppted":false},{"index":1,"isIgnoredIfFailed":false,"type":"TEST_STEP","name":"Statement - response1 \u003d com.kms.katalon.core.webservice.keyword.WSBuiltInKeywords.sendRequest(com.kms.katalon.core.testobject.ObjectRepository.findTestObject(CountryInfoSOAPService/GetCountryListByNames))","message":"Send request successfully","description":"","startTime":1541497204558,"endTime":1541497206820,"childRecords":[{"testStatus":{"stackTrace":"","statusValue":"PASSED"},"type":"MESSAGE","name":"","message":"Send request successfully","startTime":1541497206817,"endTime":0,"childRecords":[],"interuppted":false}],"interuppted":false},{"index":2,"isIgnoredIfFailed":false,"type":"TEST_STEP","name":"Statement - xml1 \u003d responseBodyContent","description":"","startTime":1541497206822,"endTime":1541497208069,"childRecords":[],"interuppted":false},{"index":3,"isIgnoredIfFailed":false,"type":"TEST_STEP","name":"Statement - dataValue \u003d new groovy.util.XmlSlurper().parseText(xml1)","description":"","startTime":1541497208070,"endTime":1541497208259,"childRecords":[],"interuppted":false},{"index":4,"isIgnoredIfFailed":false,"type":"TEST_STEP","name":"Statement - countryCode \u003d sISOCode.text()","description":"","startTime":1541497208262,"endTime":1541497208312,"childRecords":[],"interuppted":false},{"index":5,"isIgnoredIfFailed":false,"type":"TEST_STEP","name":"Statement - countryCode \u003d countryCode","description":"","startTime":1541497208313,"endTime":1541497208352,"childRecords":[],"interuppted":false},{"index":6,"isIgnoredIfFailed":false,"type":"TEST_STEP","name":"Statement - println(\".... value for Global Variable is : \" + countryCode)","description":"","startTime":1541497208353,"endTime":1541497208388,"childRecords":[],"interuppted":false},{"index":7,"isIgnoredIfFailed":false,"type":"TEST_STEP","name":"sendRequest","message":"Send request successfully","description":"","startTime":1541497208392,"endTime":1541497209134,"childRecords":[{"testStatus":{"stackTrace":"","statusValue":"PASSED"},"type":"MESSAGE","name":"","message":"Send request successfully","startTime":1541497209133,"endTime":0,"childRecords":[],"interuppted":false}],"interuppted":false},{"testStatus":{"stackTrace":"","statusValue":"PASSED"},"type":"MESSAGE","name":"","message":"Test Cases/TestTwo_APIChaining","startTime":1541497209135,"endTime":0,"childRecords":[],"interuppted":false}],"interuppted":false},{"isOptional":false,"type":"TEST_CASE","name":"Test Cases/TestOne","id":"Test Cases/TestOne","source":"\\\\Users\\\\raghav\\\\Katalon Studio\\\\Sample SOAP API Testing Project\\\\Test Cases\\\\TestOne.tc","message":"Test Cases/TestOne","description":"","startTime":1541497209146,"endTime":1541497213292,"childRecords":[{"testStatus":{"stackTrace":"","statusValue":"INFO"},"type":"MESSAGE","name":"","message":"Evaluating variables for test case","startTime":1541497209161,"endTime":0,"childRecords":[],"interuppted":false},{"index":1,"isIgnoredIfFailed":false,"type":"TEST_STEP","name":"sendRequest","message":"Send request successfully","description":"","startTime":1541497209603,"endTime":1541497210459,"childRecords":[{"testStatus":{"stackTrace":"","statusValue":"PASSED"},"type":"MESSAGE","name":"","message":"Send request successfully","startTime":1541497210458,"endTime":0,"childRecords":[],"interuppted":false}],"interuppted":false},{"index":2,"isIgnoredIfFailed":false,"type":"TEST_STEP","name":"sendRequestAndVerify","message":"Send request and verify the response successfully","description":"","startTime":1541497210460,"endTime":1541497213285,"childRecords":[{"isOptional":false,"type":"TEST_CASE","name":"Start Test Case : Verification","id":"","source":"","message":"Verification accomplished successfully","description":"","startTime":1541497211395,"endTime":1541497213250,"childRecords":[{"index":1,"isIgnoredIfFailed":false,"type":"TEST_STEP","name":"Statement - request \u003d com.kms.katalon.core.webservice.verification.WSResponseManager.getInstance().getCurrentRequest()","description":"","startTime":1541497212178,"endTime":1541497212247,"childRecords":[],"interuppted":false},{"index":2,"isIgnoredIfFailed":false,"type":"TEST_STEP","name":"Statement - response \u003d com.kms.katalon.core.webservice.verification.WSResponseManager.getInstance().getCurrentResponse()","description":"","startTime":1541497212257,"endTime":1541497212259,"childRecords":[],"interuppted":false},{"index":3,"isIgnoredIfFailed":false,"type":"TEST_STEP","name":"verifyResponseStatusCode","message":"Verify response status code successfully","description":"","startTime":1541497212260,"endTime":1541497212302,"childRecords":[{"testStatus":{"stackTrace":"","statusValue":"PASSED"},"type":"MESSAGE","name":"","message":"Verify response status code successfully","startTime":1541497212297,"endTime":0,"childRecords":[],"interuppted":false}],"interuppted":false},{"index":4,"isIgnoredIfFailed":false,"type":"TEST_STEP","name":"Statement - org.assertj.core.api.Assertions.assertThat(response.getStatusCode()).isEqualTo(200)","description":"","startTime":1541497212308,"endTime":1541497212678,"childRecords":[],"interuppted":false},{"index":5,"isIgnoredIfFailed":false,"type":"TEST_STEP","name":"verifyElementText","message":"Verify element text successfully","description":"","startTime":1541497212681,"endTime":1541497213247,"childRecords":[{"testStatus":{"stackTrace":"","statusValue":"PASSED"},"type":"MESSAGE","name":"","message":"Verify element text successfully","startTime":1541497213246,"endTime":0,"childRecords":[],"interuppted":false}],"interuppted":false},{"testStatus":{"stackTrace":"","statusValue":"PASSED"},"type":"MESSAGE","name":"","message":"Verification accomplished successfully","startTime":1541497213249,"endTime":0,"childRecords":[],"interuppted":false}],"interuppted":false},{"testStatus":{"stackTrace":"","statusValue":"PASSED"},"type":"MESSAGE","name":"","message":"Verify response successfully","startTime":1541497213281,"endTime":0,"childRecords":[],"interuppted":false},{"testStatus":{"stackTrace":"","statusValue":"PASSED"},"type":"MESSAGE","name":"","message":"Send request and verify the response successfully","startTime":1541497213283,"endTime":0,"childRecords":[],"interuppted":false}],"interuppted":false},{"testStatus":{"stackTrace":"","statusValue":"PASSED"},"type":"MESSAGE","name":"","message":"Test Cases/TestOne","startTime":1541497213287,"endTime":0,"childRecords":[],"interuppted":false}],"interuppted":false}],"interuppted":false}