<?xml version="1.0" encoding="UTF-8"?>
<application id="Application_ID" version="5" xmlns="http://java.sun.com/xml/ns/javaee" xmlns:xsi="http://www.w3.org/2001/XMLSchema-instance" xsi:schemaLocation="http://java.sun.com/xml/ns/javaee http://java.sun.com/xml/ns/javaee/application_5.xsd">
 <display-name>IntRatIFPear</display-name>
 <module id="Module_1372925788127">
 	<web>
 		<web-uri>IntRatIFPweb.war</web-uri>
 		<context-root>IntRatIFPweb</context-root>
 	</web>
 </module>
 <module id="Module_1372925788224">
 	<ejb>IntRatIFPejb.jar</ejb>
 </module> 
 </application> 