Suite/Test/Step Name,Browser,Description,Start time,End time,Duration,Status
Tsuite_ver02-firefox,Firefox 60.0,,2019-05-30 09:14:30,2019-05-30 09:15:01,30.793s,PASSED
,,,,,,
Test Cases/ver 0.2Q/ver 0.2Q-firefox/RU08-BACKTEST/RU08-NUC01-T01,Firefox 60.0,RU08-NUC01-T01 - B. T. Member Statistics - View,2019-05-30 09:14:31,2019-05-30 09:14:49,17.702s,PASSED
"Comment - ""----------------------------------------------------""",Firefox 60.0,,2019-05-30 09:14:32,2019-05-30 09:14:32,0.002s,PASSED
"Comment - ""This test case script is generated by Katalon Studio""",Firefox 60.0,,2019-05-30 09:14:32,2019-05-30 09:14:32,0.003s,PASSED
"Comment - ""Generated date: 09-Oct-2018 09:59:22 AM""",Firefox 60.0,,2019-05-30 09:14:32,2019-05-30 09:14:32,0.007s,PASSED
"Comment - ""File path: H:\Desktop\PAMPCCPA_0.1\PAMPCCPA_0.1\CdT\RUN_2\RU08\RU08-NUC01-T01.rctest""",Firefox 60.0,,2019-05-30 09:14:32,2019-05-30 09:14:32,0.003s,PASSED
"Comment - ""Generated by: masspetracca@gmail.com""",Firefox 60.0,,2019-05-30 09:14:32,2019-05-30 09:14:32,0.032s,PASSED
openBrowser,Firefox 60.0,----------------------------------------------------,2019-05-30 09:14:32,2019-05-30 09:14:40,7.986s,PASSED
navigateToUrl,Firefox 60.0,TC >> RU08-NUC01-T01.rctest,2019-05-30 09:14:40,2019-05-30 09:14:40,0.419s,PASSED
setText,Firefox 60.0,,2019-05-30 09:14:40,2019-05-30 09:14:41,0.344s,PASSED
setText,Firefox 60.0,,2019-05-30 09:14:41,2019-05-30 09:14:41,0.132s,PASSED
click,Firefox 60.0,,2019-05-30 09:14:41,2019-05-30 09:14:47,6.522s,PASSED
navigateToUrl,Firefox 60.0,,2019-05-30 09:14:47,2019-05-30 09:14:47,0.165s,PASSED
closeBrowser,Firefox 60.0,,2019-05-30 09:14:47,2019-05-30 09:14:49,1.088s,PASSED
,,,,,,
Test Cases/ver 0.2Q/ver 0.2Q-firefox/RU08-BACKTEST/RU08-NUC02-T01,Firefox 60.0,RU08-NUC02-T01  - B. T. Member Statistics - Filters,2019-05-30 09:14:49,2019-05-30 09:15:01,12.136s,PASSED
"Comment - ""----------------------------------------------------""",Firefox 60.0,,2019-05-30 09:14:49,2019-05-30 09:14:49,0.005s,PASSED
"Comment - ""This test case script is generated by Katalon Studio""",Firefox 60.0,,2019-05-30 09:14:49,2019-05-30 09:14:49,0.004s,PASSED
"Comment - ""Generated date: 09-Oct-2018 09:59:22 AM""",Firefox 60.0,,2019-05-30 09:14:49,2019-05-30 09:14:49,0.001s,PASSED
"Comment - ""File path: H:\Desktop\PAMPCCPA_0.1\PAMPCCPA_0.1\CdT\RUN_2\RU08\RU08-NUC02-T01.rctest""",Firefox 60.0,,2019-05-30 09:14:49,2019-05-30 09:14:49,0.001s,PASSED
"Comment - ""Generated by: masspetracca@gmail.com""",Firefox 60.0,,2019-05-30 09:14:49,2019-05-30 09:14:49,0.002s,PASSED
openBrowser,Firefox 60.0,----------------------------------------------------,2019-05-30 09:14:49,2019-05-30 09:14:53,4.301s,PASSED
navigateToUrl,Firefox 60.0,TC >> RU08-NUC02-T01.rctest,2019-05-30 09:14:53,2019-05-30 09:14:54,0.383s,PASSED
setText,Firefox 60.0,,2019-05-30 09:14:54,2019-05-30 09:14:54,0.195s,PASSED
setText,Firefox 60.0,,2019-05-30 09:14:54,2019-05-30 09:14:54,0.145s,PASSED
click,Firefox 60.0,,2019-05-30 09:14:54,2019-05-30 09:15:00,6.258s,PASSED
navigateToUrl,Firefox 60.0,,2019-05-30 09:15:00,2019-05-30 09:15:00,0.096s,PASSED
closeBrowser,Firefox 60.0,,2019-05-30 09:15:00,2019-05-30 09:15:01,0.429s,PASSED
