<DataSource tableName="liqswap"
				   ID="liqswap"
	dataSourceVersion="1"
		  serverType="sql">
	<fields>
		<field title="Ref. date" name="REF_DT"  type="date" customSelectExpression="TIMESTAMP_FORMAT(cast(REF_DT as varchar(8)),'YYYYMMDD')"  width="90" canFilter="true" canEdit="false" align="left" cellAlign="left" detail="false" />
		<field title="Calc. date" name="CALC_DT" primaryKey="true" customSelectExpression="TIMESTAMP_FORMAT(cast(CALC_DT as varchar(8)),'YYYYMMDD')" type="date" width="90" canFilter="true" canEdit="false" align="left" cellAlign="left" detail="false" />
		<field title="Calc. date" name="CALC_DT_num"  type="integer" width="90" canFilter="true" canEdit="false" align="left" cellAlign="left" detail="true" />
		<field title="Total Initial Margins" name="IMTOT" type="float"  format="###,000" required="true" width="120" canFilter="true" canEdit="false"  align="left" cellAlign="left" detail="false" />
		<field title="Used Collateral" name="USEDCOLL" type="float"  format="###,000" required="true" width="120" canFilter="true" canEdit="false"  align="left" cellAlign="left" detail="false" />
		<field title="Margin Coll.%" name="PERCOLMAR" type="float"  format="###.0##%" required="true" width="120" canFilter="true" canEdit="false" align="left" cellAlign="left" detail="false" />
		<field title="Max %" name="PERMAX" type="float"  format="###.0##%" required="true" width="120" canFilter="true" canEdit="false" align="left" cellAlign="left" detail="false" />
		<field title="Max Collateral" name="MAXCOLL" type="float"  format="###,000" required="true" width="20%" canFilter="true" canEdit="false" align="left" cellAlign="left" detail="false" />
		<field title="Cash to be Withdrawable" name="CASHWITH" type="float"  format="###,000" required="true" width="120" canFilter="true" canEdit="false" align="left" cellAlign="left" detail="false" />
		
		<field title="Swap Flag" name="SWAPFLAG" type="text" required="true" width="20%" canFilter="true" canEdit="false" detail="true" />
		
		<field title="Date create" name="CRT_DT"  required="true" type="datetime" width="100" canFilter="true" canEdit="false" align="left" cellAlign="left" detail="true" />
		<field title="Date update" name="UPD_DT"  required="true" type="datetime" width="100" canFilter="true" canEdit="false" align="left" cellAlign="left" detail="true" />
		<field title="User create" name="CRT_USR"  required="true" type="text" width="100" canFilter="true" canEdit="false" align="left" cellAlign="left" detail="true" />
		<field title="User update" name="UPD_USR"  type="text" required="true" width="100" canFilter="true" canEdit="false" align="left" cellAlign="left" detail="true"/>
	</fields>
	
	<serverObject lookupStyle="new" className="it.ccg.liqweb.server.dmi.StandardDMI"/>
	<operationBindings>
		<operationBinding operationType="fetch" 
					customValueFields="CALC_DT_num"  customCriteriaFields="CALC_DT_num">  
					<selectClause> 
							TIMESTAMP_FORMAT(cast(liqswap.REF_DT as varchar(8)),'YYYYMMDD') as REF_DT,
							TIMESTAMP_FORMAT(cast(liqswap.CALC_DT as varchar(8)),'YYYYMMDD') as CALC_DT,
							liqswap.CALC_DT as CALC_DT_num,
							liqswap.IMTOT,
							liqswap.USEDCOLL,
							liqswap.PERCOLMAR,
							liqswap.PERMAX,
							liqswap.MAXCOLL,
							liqswap.CASHWITH,
							liqswap.SWAPFLAG,
							liqswap.CRT_DT,
							liqswap.UPD_DT,
							liqswap.CRT_USR,
							liqswap.UPD_USR
					</selectClause>
	 	</operationBinding>
	</operationBindings>
</DataSource>