<?xml version="1.0" encoding="UTF-8"?>
<application id="Application_ID" version="5" xmlns="http://java.sun.com/xml/ns/javaee" xmlns:xsi="http://www.w3.org/2001/XMLSchema-instance" xsi:schemaLocation="http://java.sun.com/xml/ns/javaee http://java.sun.com/xml/ns/javaee/application_5.xsd">
 <display-name>QualityTestEAR</display-name>
 <module id="Module_1378817534129">
 	<web>
 		<web-uri>QualityTestWEB.war</web-uri>
 		<context-root>QualityTestWEB</context-root>
 	</web>
 </module>
 <module id="Module_1380530926650">
 	<ejb>QualityTestEJB.jar</ejb>
 </module> 
 </application> 