<?xml version="1.0" encoding="UTF-8"?>
 <DataSource 
	tableName="tctaggrent"
	ID="tctaggrentclientstaticdata"
	dataSourceVersion="1"
	serverType="sql"
	>
	
	<fields>
		<field title="Aggr.Terrorist ID" name="AGGREGID" type="text" primaryKey="true"  canEdit="false" align="left" cellAlign="left" detail="false"></field>
		<field title="Download ID" name="DOWNLOADID" type="integer" filterOperator="equals" primaryKey="true"  canEdit="false" align="left" cellAlign="left" detail="true"></field>
		<field title="Terrorist ID" name="ENTITYID" type="integer" filterOperator="equals" editorType="TextItem" canEdit="false" align="left" cellAlign="left" detail="true"></field>
		<field title="Terrorist Name ID" name="NAMEID"  length="100"  type="integer" filterOperator="equals" escapeHTML="true"  canEdit="false" align="left" cellAlign="left" detail="true"></field>
		<field title="Source ID" name="SRCCODE" length="100"  type="text" escapeHTML="true"  canEdit="false" align="left" cellAlign="left" detail="true"></field>
		<field title="Terrorist name" name="ENTITYNAME" width="40%" length="100"  type="text" escapeHTML="true"  canEdit="false" align="left" cellAlign="left" detail="false"></field>
		<field title="Is New" name="ISNEW" type="text"  canEdit="false" align="left" cellAlign="left" detail="true">
			 <valueMap>  
				<value ID="Y">Yes</value>
				<value ID="N">No</value> 
			</valueMap>
		</field>
		<field title="Sanction Link" name="PDFLINK" length="100"  type="text" escapeHTML="true"  canEdit="false" align="left" cellAlign="left" detail="true"></field>
		<field title="Present From" name="PRESENTFROM" length="100"  type="datetime" escapeHTML="true"  canEdit="false" align="left" cellAlign="left" detail="true"></field>
		<field title="Source" name="SRCLIST" length="100" type="text" escapeHTML="true"  filterOperator="equals" canEdit="false" align="left" cellAlign="left" detail="false"></field>
		<field title="Source List Update Date" name="SRCLSTDATE" length="100"  type="datetime" escapeHTML="true"  canEdit="false" align="left" cellAlign="left" detail="true"></field>
		<field title="Update Date" name="UPDDATE" type="datetime" length="100" width="20%" editorType="TextItem" align="left" cellAlign="left" canEdit="false" detail="false"></field>
		<field title="Update User" name="UPDUSER" length="30"  type="text" escapeHTML="true"      canEdit="false"  align="left" cellAlign="left" detail="true"></field>
		<field title="Update type" name="UPDTYPE"  type="text" escapeHTML="true"  canEdit="false" length="1"  align="left" cellAlign="left" detail="true">
           <valueMap>
				<value ID="C">Create</value>
				<value ID="U">Update</value>
			</valueMap>
		</field>
		
	</fields>
	
	<operationBindings>
	<operationBinding operationId="tctaggrent_fetch_aggregid"
		operationType="fetch">                     
       <whereClause><![CDATA[downloadid = (select MAX(DOWNLOADID)from tctaggrent) AND($defaultWhereClause)]]></whereClause>  
	</operationBinding>
	</operationBindings>
	
</DataSource>