<?xml version="1.0" encoding="UTF-8"?>
 <DataSource 
	tableName="tctcompany"
	ID="tctcompany"
	dataSourceVersion="1"
	serverType="sql"
	>
	
	<fields>
		<field title="Company ID" name="CMPNID" type="integer"  filterOperator="equals" primaryKey="true"  canEdit="false" align="left" cellAlign="left" detail="true" hidden="true"></field>
		<field title="Company Code" name="COMPANYCODE" type="text"   canEdit="false" align="left" cellAlign="left" detail="false"></field>
		<field title="Company Name" name="COMPANYNAME" type="text"   canEdit="false" align="left" cellAlign="left" detail="false"></field>
		<field title="Risk Profile" name="RISKPROF" type="text"   canEdit="false" align="left" cellAlign="left" detail="false"></field>
		<field title="Update Date" name="UPDDATE" type="datetime" length="100" width="20%" editorType="TextItem" align="left" cellAlign="left" canEdit="false" detail="true"></field>
		<field title="Update User" name="UPDUSER" length="30"  type="text" escapeHTML="true"      canEdit="false"  align="left" cellAlign="left" detail="true"></field>
		<field title="Update type" name="UPDTYPE"  type="text" escapeHTML="true"  canEdit="false" length="1"  align="left" cellAlign="left" detail="true">
           <valueMap>
				<value ID="C">Create</value>
				<value ID="U">Update</value>
			</valueMap>
		</field>
		
	</fields>
	
	<serverObject className="it.ccg.tcfrontend.server.dmi.CompanyDMI"  
                  methodName="enforceCompanyFilter"/>  
	 	<operationBindings>
  	 <operationBinding operationType="update" serverMethod="jdbcUpdateAuditRun" requiresRole="user">  
            <serverObject   
                lookupStyle="new"   className="it.ccg.tcfrontend.server.dmi.JDBCAuditOperation"   
            />  
            
        </operationBinding>  
            
  
 </operationBindings>   
</DataSource>