<DataSource 
	tableName="tctcorrlst"
	ID="tctcorrlst"
	dataSourceVersion="1"
	serverType="sql"
	>
	
	<fields>
		<field title="Company ID" name="CMPNID" type="integer" primaryKey="true" filterOperator="equals" canEdit="false" align="left" cellAlign="left" detail="true" hidden="true" ></field>
		<field title="Download ID" name="DOWNLOADID" type="integer" filterOperator="equals" primaryKey="true"  canEdit="false" align="left" cellAlign="left" detail="true"></field>
		<field title="Aggr.Terrorist ID" name="AGGREGID" type="text"  canEdit="false" primaryKey="true" align="left" cellAlign="left" detail="false"></field>
		<field title="Client name" name="CLNTNAME" type="text"  editorType="TextItem" canEdit="false" align="left" cellAlign="left" detail="false"></field>
		<field title="Terrorist name" name="ENTITYNAME" width="40%" length="100"  type="text" escapeHTML="true"  canEdit="false" align="left" cellAlign="left" detail="false"></field>
		<field title="Corr. index" name="CORRINDEX" type="float" filterOperator="equals" canEdit="false" align="left" cellAlign="left" detail="true"></field>
		<field title="Status" name="STATUS" type="enum" editorType="SelectItem" length="1"   canEdit="true" align="left" cellAlign="left" detail="false">
		       <valueMap>  
				<value ID="O">Outstanding</value>
				<value ID="F">False positive</value> 
				<value ID="P">Positive match</value> 
				</valueMap> 
		</field>
		
		<field title="Update Date" name="UPDDATE" type="datetime" length="100" width="20%" editorType="TextItem" align="left" cellAlign="left" canEdit="false" detail="false"></field>
		<field title="Update User" name="UPDUSER" length="30"  type="text" escapeHTML="true"      canEdit="false"  align="left" cellAlign="left" detail="true"></field>
		<field title="Update type" name="UPDTYPE"  type="text" escapeHTML="true"  canEdit="false" length="1"  align="left" cellAlign="left" detail="true">
           <valueMap>
				<value ID="C">Create</value>
				<value ID="U">Update</value>
			</valueMap>
		</field>
	</fields>	
	<serverObject className="it.ccg.tcfrontend.server.dmi.CompanyDMI"  methodName="enforceCompanyFilter"/>  
	<operationBindings>
		<operationBinding  operationId="tctcorrlst_fetch_cmpnid" operationType="fetch" >                     
        <whereClause><![CDATA[STATUS!='D' AND $defaultWhereClause ]]></whereClause>  
	</operationBinding>
   	</operationBindings>
	
</DataSource>