 <DataSource 
	tableName="tctclient"
	ID="tctclient"
	dataSourceVersion="1"
	serverType="sql">
	<fields>
		<field title="Client ID" name="CLNTID" type="integer" filterOperator="equals" primaryKey="true" width="60" canEdit="false" align="left" cellAlign="left" detail="false"></field>
		<field title="Company ID" name="CMPNID" type="integer" filterOperator="equals" primaryKey="true"  canEdit="false" align="left" cellAlign="left" detail="true" hidden="true"></field>
		<field title="ABI Code" name="ABI_CODE" type="text"  canEdit="false" align="left" width="60" cellAlign="left" detail="false"></field>
		<field title="Client Name" name="CLNTNAME" type="text"  canEdit="false" align="left" width="150" cellAlign="left" detail="false"></field>
		<field title="Alias 1" name="CLNTALIAS_1"  length="100"  type="text" escapeHTML="true"  canEdit="true" align="left" cellAlign="left" detail="false"></field>
		<field title="Alias 2" name="CLNTALIAS_2"  length="100"  type="text" escapeHTML="true"  canEdit="true" align="left" cellAlign="left" detail="false"></field>
		<field title="Alias 3" name="CLNTALIAS_3"  length="100"  type="text" escapeHTML="true"  canEdit="true" align="left" cellAlign="left" detail="false"></field>
		<field title="Is New" name="ISNEW" type="text"  canEdit="false" align="left" cellAlign="left" detail="true">
			 <valueMap>  
				<value ID="Y">Yes</value>
				<value ID="N">No</value> 
			</valueMap>
		</field>
		
		<field title="Group" name="GROUP" type="text"  canEdit="false" align="left" cellAlign="left" detail="false"></field>
		<field title="Country" name="COUNTRY" type="text"  canEdit="false" align="left" cellAlign="left" detail="false"></field>
		<field title="Legal rapresentant ID" name="IDLEGALRAP" type="integer"  filterOperator="equals" canEdit="false" align="left" cellAlign="left" detail="false"></field>
		<field title="Legal rap. Name" name="LEGALNAME" type="text"  canEdit="false" align="left" cellAlign="left" detail="false"></field>
		<field title="Legal rap. Surname" name="LEGALSURNA" type="text"  canEdit="false" align="left" cellAlign="left" detail="false"></field>
		<field title="Admin ID" name="IDADMIN" type="integer"  filterOperator="equals" canEdit="false" width="60" align="left" cellAlign="left" detail="false"></field>
		<field title="Admin Name" name="ADMINNAME" type="text"  canEdit="false" align="left" cellAlign="left" detail="false"></field>
		<field title="Admin Surname" name="ADMINSURN" type="text"  canEdit="false" align="left" cellAlign="left" detail="false"></field>
		
		<field title="Update Date" name="UPDDATE" type="datetime" length="100" width="20%" editorType="TextItem" align="left" cellAlign="left" canEdit="false" detail="true"></field>
		<field title="Update User" name="UPDUSER" length="30"  type="text" escapeHTML="true"      canEdit="false"  align="left" cellAlign="left" detail="true"></field>
		<field title="Update type" name="UPDTYPE"  type="text" escapeHTML="true"  canEdit="false" length="1"  align="left" cellAlign="left" detail="true">
           <valueMap>
				<value ID="C">Create</value>
				<value ID="U">Update</value>
			</valueMap>
		</field>
		
		
	 
	</fields>
   	 <serverObject className="it.ccg.tcfrontend.server.dmi.CompanyDMI"  
                  methodName="enforceCompanyFilter"/>  
   	
  
</DataSource>