 <DataSource 
	tableName="tctfalnegt"
	ID="tctfalnegt"
	dataSourceVersion="1"
	serverType="sql" 
	>
	<fields>
		<field title="Client ID" name="CLNTID" type="integer" filterOperator="equals" primaryKey="true"  editorType="TextItem" canEdit="true" align="left" cellAlign="left" ></field>
		<field title="Company ID" name="CMPNID" type="integer" filterOperator="equals" primaryKey="true"  editorType="TextItem" canEdit="true" align="left" cellAlign="left" detail="true" hidden="true"></field>
		<field title="Terr. ID" name="AGGRID" length="100"  type="text" escapeHTML="true"   primaryKey="true"   canEdit="true" align="left" cellAlign="left" detail="false"></field>
		<field title="Download ID" name="DOWNLOADID" type="integer" filterOperator="equals" primaryKey="true"  canEdit="true" align="left" cellAlign="left" detail="false"></field>
		<field title="Terrorist name" name="ENTITYNAME" length="100"  type="text" escapeHTML="true"      canEdit="true" align="left" cellAlign="left" detail="false"></field>
		<field title="Source" name="SOURCE" type="text" canEdit="true" align="left" cellAlign="left" detail="false"></field>
		<field title="Note" name="NOTE" type="text" canEdit="true" align="left" cellAlign="left" detail="true"></field>
		<field title="Status" name="STATUS" type="enum"  length="1"   canEdit="false" align="left" cellAlign="left" detail="false" >
		       <valueMap>  
				<value ID="T">Analyzed</value>
				<value ID="F">Not Analyzed</value> 
				</valueMap> 
		</field>	
		<field title="Update Date" name="UPDDATE" type="datetime" length="100" width="20%" editorType="TextItem" align="left" cellAlign="left" canEdit="false" detail="true"></field>
		<field title="Update User" name="UPDUSER" length="30"  type="text" escapeHTML="true"      canEdit="false"  align="left" cellAlign="left" detail="true"></field>
		<field title="Update type" name="UPDTYPE"  type="text" escapeHTML="true"  canEdit="false" length="1"  align="left" cellAlign="left" detail="true">
           <valueMap>
				<value ID="C">Create</value>
				<value ID="U">Update</value>
			</valueMap>
		</field>
		
		
	 
	</fields> 
	<serverObject className="it.ccg.tcfrontend.server.dmi.CompanyDMI"  
                  methodName="enforceCompanyFilter"/> 
  	<operationBindings>
  	
  	 	
  	 <operationBinding operationType="update" serverMethod="jdbcUpdateAuditRun" requiresRole="user">  
            <serverObject lookupStyle="new"   className="it.ccg.tcfrontend.server.dmi.JDBCAuditOperation"/>             
        </operationBinding>  
        
        <operationBinding operationType="add" operationId="tctfalnegtaudit_add" serverMethod="jdbcUpdateAuditRun" requiresRole="user">  
            <serverObject lookupStyle="new"   className="it.ccg.tcfrontend.server.dmi.JDBCAuditOperation"/>              
        </operationBinding>    
        
        <operationBinding operationType="add" operationId="tctfalnegt_add" serverMethod="enforceCompanyFilter" requiresRole="user">  
            <serverObject lookupStyle="new"   className="it.ccg.tcfrontend.server.dmi.CompanyDMI"/>              
        </operationBinding>      
        
        <operationBinding operationId="tctfalnegt_fetch_positivematch" operationType="fetch" >
		 <whereClause><![CDATA[STATUS='F' AND ($defaultWhereClause)]]></whereClause>  
	 </operationBinding>
        
         <operationBinding operationType="delete" serverMethod="jdbcUpdateAuditRun" requiresRole="user">  
            <serverObject lookupStyle="new"   className="it.ccg.tcfrontend.server.dmi.JDBCAuditOperation" />  
            
        </operationBinding> 
  
 </operationBindings>    	
  
</DataSource>