 <DataSource 
	tableName="tctfalnegh"
	ID="tctfalnegh"
	dataSourceVersion="1"
	serverType="sql"
	>
	<fields>
		<field title="Run ID" name="RUNID" type="integer" filterOperator="equals" primaryKey="true"  editorType="TextItem" canEdit="true" align="left" cellAlign="left" detail="false"></field>
		<field title="Client ID" name="CLNTID" type="integer" filterOperator="equals" primaryKey="true"  editorType="TextItem" canEdit="true" align="left" cellAlign="left" ></field>
		<field title="Company ID" name="COMPNID" type="integer" filterOperator="equals" primaryKey="true"  editorType="TextItem" canEdit="true" align="left" cellAlign="left" detail="true" hidden="true"></field>
		<field title="Terr. ID" name="AGGRID" length="100" width="120" type="text" escapeHTML="true"   primaryKey="true"   canEdit="true" align="left" cellAlign="left" detail="false"></field>
		<field title="Download ID" name="DOWNLOADID" type="integer" filterOperator="equals" primaryKey="true"  canEdit="true" align="left" cellAlign="left" detail="false"></field>
		<field title="Terrorist name" name="ENTITYNAME" length="100"  type="text" escapeHTML="true"      canEdit="true" align="left" cellAlign="left" detail="false"></field>
		<field title="Source" name="SOURCE" type="text" canEdit="true" align="left" cellAlign="left" detail="false"></field>
		<field title="Note" name="NOTE" type="text" canEdit="true" align="left" cellAlign="left" detail="true"></field>
			
		<field title="Update Date" name="UPDDATE" type="datetime" length="100" width="20%" editorType="TextItem" align="left" cellAlign="left" canEdit="false" detail="true"></field>
		<field title="Update User" name="UPDUSER" length="30"  type="text" escapeHTML="true"      canEdit="false"  align="left" cellAlign="left" detail="true"></field>
		<field title="Update type" name="UPDTYPE"  type="text" escapeHTML="true"  canEdit="false" length="1"  align="left" cellAlign="left" detail="true">
           <valueMap>
				<value ID="C">Create</value>
				<value ID="U">Update</value>
			</valueMap>
		</field>
		
		
	 
	</fields>
   	 <serverObject className="it.ccg.tcfrontend.server.dmi.CompanyDMI"  
                  methodName="enforceCompanyFilter"/>  
  	<operationBindings>
  	
  
 </operationBindings>    	
  
</DataSource>