<DataSource tableName="tctcorrisp" ID="tctmatchingentries"
	dataSourceVersion="1" serverType="sql">

	<fields>
		<field title="Company ID" name="CMPNID" type="integer" filterOperator="equals" primaryKey="true"  editorType="TextItem" canEdit="false" align="left" cellAlign="left" detail="true" hidden="true"></field>
		<field title="Client ID" name="CLNTID" type="integer" filterOperator="equals" primaryKey="true"  editorType="TextItem" canEdit="false" align="left" cellAlign="left" detail="false"></field>
		<field title="Run ID" name="RUNID" type="integer" filterOperator="equals" primaryKey="true"  editorType="TextItem" canEdit="false" align="left" cellAlign="left" detail="false"></field>
		<field title="Terr. ID" name="AGGRID" length="100"  type="text" escapeHTML="true"   primaryKey="true"   canEdit="false" align="left" cellAlign="left" detail="false"></field>
		<field title="Download ID" name="DOWNLOADID" type="integer" filterOperator="equals" primaryKey="true"  canEdit="false" align="left" cellAlign="left" detail="true"></field>
		<!-- <field title="EntityFROMJoin" name="ENTITYNAME2" nativeName="ENTITYNAME" type="text" tableName="tctaggrent" escapeHTML="true"      canEdit="false" align="left" cellAlign="left" detail="false"></field> -->
		<field title="Client" name="CLNTNAME" length="100"  type="text" escapeHTML="true"      canEdit="false" align="left" cellAlign="left" detail="false"></field>
		<field title="Terrorist name" name="ENTITYNAME" length="100"  type="text" escapeHTML="true"      canEdit="false" align="left" cellAlign="left" detail="false"></field>
		<field title="Corr. index" name="CORRINDEX" type="float" filterOperator="equals" canEdit="false" format="0.0#%" align="left" cellAlign="left" detail="false"></field>
		<field title="Status" name="STATUS" type="enum" editorType="SelectItem" length="1"   canEdit="true" align="left" cellAlign="left" detail="false">
		       <valueMap>  
				<value ID="O">Outstanding</value>
				<value ID="F">False positive</value> 
				<value ID="P">Positive match</value> 
				</valueMap> 
		</field>
		<field title="Update Date" name="UPDDATE" type="datetime"  editorType="TextItem" align="left" cellAlign="left" canEdit="false" detail="true"></field>
		<field title="Update User" name="UPDUSER" length="30"  type="text" escapeHTML="true"      canEdit="false"  align="left" cellAlign="left" detail="true"></field>
		<field title="Update type" name="UPDTYPE"  type="text" escapeHTML="true"      canEdit="false" length="1"  align="left" cellAlign="left" detail="true">
           <valueMap>
				<value ID="C">Create</value>
				<value ID="U">Update</value>
			</valueMap>
		</field>
		
		
	 
	</fields>
   	 <serverObject className="it.ccg.tcfrontend.server.dmi.CompanyDMI"  
                  methodName="enforceCompanyFilter"/>  
  	<operationBindings>
  	
  	 <operationBinding operationType="update" serverMethod="jdbcUpdateAuditRun" requiresRole="user, approver">  
            <serverObject   
                lookupStyle="new"   className="it.ccg.tcfrontend.server.dmi.JDBCAuditOperation"   
            />  
            
        </operationBinding>  
  	
  	<operationBinding operationType="update" operationId="updateOutstandingCorrisp"   
                          serverMethod="jdbcUpdateOutstandingCorrisp" requiresRole="user, approver">  
            <serverObject   
                lookupStyle="new"   
                className="it.ccg.tcfrontend.server.dmi.JDBCOperations"   
            />  
        </operationBinding>    	
  	
      <operationBinding  operationType="fetch"> 
       <whereClause><![CDATA[STATUS!='D' AND $defaultWhereClause]]></whereClause> 
    </operationBinding> 
    
 </operationBindings>    	
  

</DataSource>
