 <DataSource 
	tableName="tctrunreg"
	ID="tctrunreg"
	dataSourceVersion="1"
	serverType="sql"
	>
	
	<fields>
		<field title="Company ID" name="CMPNID" type="integer" filterOperator="equals" primaryKey="true" editorType="TextItem" canEdit="false" align="left" cellAlign="left" detail="true" hidden="true"></field>
		<field title="Run ID" name="RUNID" type="integer" filterOperator="equals" primaryKey="true" width="60" editorType="TextItem" canEdit="false" align="left" cellAlign="left" detail="false"></field>
		<field title="Run date" name="RUNDATE" type="datetime" width="100%"  align="left" cellAlign="left" canEdit="false" detail="false"></field>
		<field title="Note" name="NOTE" type="text" width="100"  align="left" cellAlign="left" canEdit="true" detail="true"></field>
		<field title="Match found" name="MATCHFOUND" type="text" width="80"  align="left" cellAlign="left" canEdit="false" detail="false">
			<valueMap>
				<value ID="T">True</value>
				<value ID="F">False</value>
			</valueMap>
		</field>
		<field title="Approved" name="APPROVED" type="text" width="60"  align="left" cellAlign="left" canEdit="false" detail="true">
			<valueMap>
				<value ID="T">True</value>
				<value ID="F">False</value>
			</valueMap>
		</field>
		<field title="Approved by" name="APPROVER" length="30"  type="text" escapeHTML="true"    width="85"  canEdit="false"  align="left" cellAlign="left" detail="false"></field>
		<field title="Submitted by" name="SUBMITTER" length="30"  type="text" escapeHTML="true"    width="85"  canEdit="false"  align="left" cellAlign="left" detail="false"></field>
		<field title="Update date" name="UPDDATE" type="datetime"  editorType="TextItem" align="left" width="100" cellAlign="left" canEdit="false" detail="true"></field>
		<field title="Update user" name="UPDUSER" length="30"  type="text" escapeHTML="true"    width="80"  canEdit="false"  align="left" cellAlign="left" detail="false"></field>
		<field title="Update type" name="UPDTYPE"  type="text" escapeHTML="true"  width="80"    canEdit="false" length="1"  align="left" cellAlign="left" detail="true">
           <valueMap>
				<value ID="C">Create</value>
				<value ID="U">Update</value>
			</valueMap>
		</field>
		
		<field title="Submission date" name="SUBDATE" type="datetime" width="100" editorType="TextItem" align="left" cellAlign="left" canEdit="false" detail="true"></field>
		<field title="Report" name="REPORT" type="image" imageURLPrefix= "icons/24/" width="75" imageWidth="45" imageHeight="17" imageURLSuffix=".png" escapeHTML="false"   canEdit="false"  cellAlign="left" align="left" detail="false"></field>
		
		
	</fields>
   	<!-- <serverObject lookupStyle="new" className="it.ccg.tcfrontend.server.dmi.CompanyDMI"/> -->
   	
   	 <serverObject className="it.ccg.tcfrontend.server.dmi.CompanyDMI"  methodName="enforceCompanyFilter"/>  
   	  <!--<serverObject operationType="update" className="it.ccg.tcfrontend.server.dmi.JDBCAuditOperation"  methodName="jdbcUpdateAuditRun"/>    -->
   	
  <!-- 	<operationBindings>
	<operationBinding operationType="update" >
	 </operationBinding>
	<operationBinding operationType="delete" requiresRole="user">
	</operationBinding>
	<operationBinding operationType="add" requiresRole="user">
	</operationBinding>
 </operationBindings>  -->   	
  
  
  
 	<operationBindings>  
 	
 	 <!--  <operationBinding operationType="update" serverMethod="jdbcUpdateAuditRun" requiresRole="user">  
            <serverObject   
                lookupStyle="new"   className="it.ccg.tcfrontend.server.dmi.JDBCAuditOperation"   
            />  
            
        </operationBinding>  
 	 -->
        <operationBinding operationType="update" operationId="goodJDBCUpdate"   
                          serverMethod="jdbcUpdateRUN" requiresRole="user, approver">  
            <serverObject   
                lookupStyle="new"   
                className="it.ccg.tcfrontend.server.dmi.JDBCOperations"   
            />  
        </operationBinding>  
        
        <operationBinding operationType="update" operationId="reportRecallUpdate"   
                          serverMethod="jdbcUpdateRUNRecall" requiresRole="user, approver">  
            <serverObject   
                lookupStyle="new"   
                className="it.ccg.tcfrontend.server.dmi.JDBCOperations"   
            />  
        </operationBinding>
        
         <operationBinding operationType="update" operationId="reportApproveUpdate"   
                          serverMethod="jdbcUpdateApproveRUN" requiresRole="approver">  
            <serverObject   
                lookupStyle="new"   
                className="it.ccg.tcfrontend.server.dmi.JDBCOperations"   
            />  
        </operationBinding>  
      

    </operationBindings>    
  
      
    
  
</DataSource>