<DataSource  ID="tctscheduler" >
    <fields>  
    
       <field title="Schedule Name" name="name" type="text" required="true"  align="left" cellAlign="left" width="300" minWidth="150" detail="false"/>
       <field title="Company ID" name="companyId" type="integer" filterOperator="equals" primaryKey="true"  editorType="TextItem" canEdit="true" align="left" cellAlign="left" detail="true" hidden="true"></field>
        <field title="Job name" name="methodName" type="text" required="true" primaryKey="true" align="left" cellAlign="left" width="150" minWidth="150" detail="false" >
	      <valueMap>
	       		<value ID="startTerroristDataFlow">Import terrorist lists</value>
				<value ID="startFindMatch">Find matches</value> 
			</valueMap> 
        </field>    
        <field title="Day of week" name="stringValue" type="text" required="true"  align="left" cellAlign="left" width="300" minWidth="150" detail="false">
	       <!--  <valueMap>
				<value ID="Mon">Monday</value>
				<value ID="Tue">Tuesday</value> 
				<value ID="Wed">Wednesday</value> 
				<value ID="Thu">Thursday</value> 
				<value ID="Fri">Friday</value> 
				<value ID="Sat">Saturday</value> 
				<value ID="Sun">Sunday</value> 
			</valueMap> -->
        </field>    
    <field title="Hour" name="numberValue" type="integer" required="true" filterOperator="equals" align="left"  cellAlign="left"  width="60" detail="false"/>  
    <field title="Note" name="description" type="text" length="255" align="left" cellAlign="left" width="100%" detail="false"/> 
    <field title="Update Date" name="updDate" type="datetime" length="100" width="20%" editorType="TextItem" align="left" cellAlign="left" canEdit="false" detail="true"></field>
	<field title="Update User" name="updUser" length="30"  type="text" escapeHTML="true"      canEdit="false"  align="left" width="20%" cellAlign="left" detail="true"></field>
	<field title="Update type" name="updType"  type="text" escapeHTML="true"  canEdit="false" length="1"  align="left" width="20%" cellAlign="left" detail="true">
        <valueMap>
			<value ID="C">Create</value>
			<value ID="U">Update</value>
		</valueMap>
	</field>
    </fields>
        
          
   	<serverObject lookupStyle="new" className="it.ccg.tcejb.server.dmi.SchedulersDmiDAO"/> 
    
	<operationBindings>
	  	<binding operationId="fetch" operationType="fetch" serverMethod="fetch"/>
	    <binding operationId="add" operationType="add" serverMethod="add" requiresRole="admin,user"/> 
	    <binding operationId="remove" operationType="remove" serverMethod="remove" requiresRole="admin,user"/>
	    <binding operationId="removeAll" operationType="custom" serverMethod="removeAll" requiresRole="admin,user"/>
   	</operationBindings>    
</DataSource>  