 <DataSource 
	tableName="tctsrcupdt"
	ID="tctsrcupdt"
	dataSourceVersion="1"
	serverType="sql">
	
	<fields>
		
		<field title="Update ID" name="UPDID" type="integer" filterOperator="equals" primaryKey="true" width="80" editorType="TextItem" canEdit="false" align="left" cellAlign="left" detail="true"></field>
		
		<field title="List Source" name="SRCLIST" length="100"  width="100%" type="text" escapeHTML="true" canEdit="true" align="left" cellAlign="left" detail="false"></field>
		<field title="Date" name="LISTDATE" type="datetime" width="250" editorType="TextItem" align="left" cellAlign="left" canEdit="false" detail="false"></field>
		<field title="Download ID" name="DOWNLOADID" type="integer" width="100" filterOperator="equals" align="left" cellAlign="left" canEdit="false" detail="true"></field>
		
		<field title="Update date" name="UPDDATE" type="datetime" width="100" editorType="TextItem" align="left" cellAlign="left" canEdit="false" detail="true"></field>
		<field title="Update user" name="UPDUSER" length="30"  type="text" escapeHTML="true"      canEdit="false" width="100" align="left" cellAlign="left" detail="true"></field>
		<field title="Update type" name="UPDTYPE"  type="text" escapeHTML="true"      canEdit="false" length="1" width="100" align="left" cellAlign="left" detail="true">
           <valueMap>
				<value ID="C">Create</value>
				<value ID="U">Update</value>
			</valueMap>
		</field>
		
		
		
		
	</fields>
    
  	<operationBindings>
	<operationBinding operationType="update" requiresRole="user"></operationBinding>
	<operationBinding operationType="delete" requiresRole="user"></operationBinding>
	<operationBinding operationType="add" requiresRole="user"></operationBinding>
  
      
    
 </operationBindings>    	
  
</DataSource>