<DataSource
	  
	tableName="tctttmpl"
	ID="tctttmpl"
	dataSourceVersion="1"
	serverType="sql" 
>
	<fields>
		<field title="Control ID" name="CONTROLID" canEdit="false" length="30"  type="text" escapeHTML="true"      primaryKey="true" detail="true" hidden="true"></field>
		<field title="Content" name="CONTENT" length="5000"  type="text" escapeHTML="true"      detail="true" hidden="true"></field>
		<field title="Company ID" name="CMPNID" type="integer" filterOperator="equals" primaryKey="true"  canEdit="false" align="left" cellAlign="left" detail="true" hidden="true"></field>
		<field title="Highlight" name="HIGHLIGHT" length="10000"  type="text" escapeHTML="true"      detail="true" hidden="true"></field>
		<field title="Name" name="SAVENAME" primaryKey="true" canEdit="false" length="30"  type="text" escapeHTML="true"      detail="false"></field>
		<field title="Update date" name="UPDDATE" type="datetime" displayFormat="toEuropeanShortDateTime" width="100" editorType="TextItem" align="left" cellAlign="left" canEdit="false" detail="true"></field>
		<field title="Update type" name="UPDTYPE"  type="text" escapeHTML="true"      canEdit="false" length="1" width="100" align="left" cellAlign="left" detail="true">
           <valueMap>
				<value ID="C">Create</value>
				<value ID="U">Update</value>
			</valueMap>
		</field>
		<field title="Update user" name="UPDUSR" primaryKey="true"  length="30"  type="text" escapeHTML="true"      canEdit="false" width="100" align="left" cellAlign="left" detail="true"></field>
	</fields>
	<serverObject lookupStyle="new" className="it.ccg.tcfrontend.server.dmi.UserDMI"/>
	 <operationBindings>
	<operationBinding operationType="update" requiresRole="user"></operationBinding>
	<operationBinding operationType="delete" requiresRole="user"></operationBinding>
	<operationBinding operationType="add" requiresRole="user"></operationBinding>
    
	 <operationBinding operationId="tctttmplfetch" operationType="fetch">  
          <whereClause><![CDATA[(UPDUSR=$criteria.USER) AND (CMPNID=$criteria.CMPNID) AND ($defaultWhereClause)]]></whereClause>  
      </operationBinding>  
      <operationBinding operationId="tctttmplfetchdefault" operationType="fetch">  
          <whereClause><![CDATA[(UPDUSR=$criteria.USER) AND (CMPNID=$criteria.CMPNID) 
                 AND NOT EXISTS (SELECT * FROM TCTTTMPL AS T WHERE T.UPDDATE>TCTTTMPL.UPDDATE AND T.UPDUSR=$criteria.USER  AND T.CONTROLID=TCTTTMPL.CONTROLID)
                 AND ($defaultWhereClause)]]></whereClause>  
      </operationBinding>
        <operationBinding operationType="add" requiresRole="user">  
          <whereClause><![CDATA[(UPDUSR=$criteria.USER) AND (CMPNID=$criteria.CMPNID) AND ($defaultWhereClause)]]></whereClause>  
      </operationBinding>  
       <operationBinding operationType="update" requiresRole="user">  
          <whereClause><![CDATA[(UPDUSR=$criteria.USER) AND (CMPNID=$criteria.CMPNID) AND ($defaultWhereClause)]]></whereClause>  
      </operationBinding>  
       <operationBinding operationType="delete" requiresRole="user">  
          <whereClause><![CDATA[(UPDUSR=$criteria.USER) AND (CMPNID=$criteria.CMPNID) AND ($defaultWhereClause)]]></whereClause>  
      </operationBinding>  
</operationBindings>
</DataSource>