<?xml version="1.0" encoding="UTF-8"?>
 <DataSource 
	tableName="tctusract"
	ID="tctusract"
	dataSourceVersion="1"
	serverType="sql"
	>
	
	<fields>
		<field title="Revision" name="AUDIT_REVISION" type="sequence" width="75"  primaryKey="true"  canEdit="false" align="left" cellAlign="left" detail="false"></field>
		<field title="Operation Type" name="AUDIT_OPERATIONTYPE" type="text" width="180"  filterOperator="equals"  canEdit="false" align="left" cellAlign="left" detail="false">
		 <valueMap>
				<value ID="tctcompany_update">Company table: update</value>
				<value ID="tctcorrisp_update">Matching entries table: update</value>
				<value ID="tctrunreg_update">Activity log table: update</value>
				<value ID="tctuplf_update">Upload file table: update</value>
				<value ID="tctuplf_remove">Upload file table: remove</value>
				<value ID="tctuplf_add">Upload file table: add</value>
				<value ID="tctfalnegt_update">False negative table: update</value>
				<value ID="tctfalnegt_add">Forced positive match table: add</value>
				<value ID="tctfalnegt_delete">False negative table: remove</value>	
				<value ID="tctscheduler_add">Scheduler table: add</value>
				<value ID="tctscheduler_delete">Scheduler table: remove</value>
				<value ID="tctmatchingentries_update">Matching entries table: update</value>
			</valueMap>
		</field>
		<field title="Change Time" name="AUDIT_CHANGETIME" type="datetime" width="110"  canEdit="false" align="left" cellAlign="left" detail="false"></field>
		<field title="Modifier" name="AUDIT_MODIFIER" type="text"  canEdit="false" width="70"  align="left" cellAlign="left" detail="false"></field>
		<!-- <field title="Old Record" name="OLDRECORD" type="text"  canEdit="false" width="80"  align="left" cellAlign="left" detail="false"></field> -->
		<field title="Modif. Record" name="NEWRECORD" type="text"  canEdit="false"  width="100%"  align="left" cellAlign="left" detail="false"></field>
		<field title="Run ID" name="RUNID" type="integer" width="100%"  escapeHTML="true"  canEdit="false" align="left" cellAlign="left" detail="true" hidden="true"></field>
		<field title="Company ID" name="CMPNID" type="integer"  filterOperator="equals"  canEdit="false" align="left" cellAlign="left" detail="true" hidden="true"></field>
	</fields>
	
	<serverObject className="it.ccg.tcfrontend.server.dmi.CompanyDMI"  
                  methodName="enforceCompanyFilter"/>  
</DataSource>