<DataSource 
	tableName="tctuplf"
	ID="tctuplf"
	dataSourceVersion="1"
	serverType="sql"
	autoDeriveSchema="false">
	
	<fields>
		<field title="Upload ID" name="UPLID" type="sequence" width="75"  primaryKey="true"  canEdit="false" align="left" cellAlign="left" detail="trye"></field>
		<field title="Run ID" name="RUNID" type="integer" filterOperator="equals" primaryKey="true" width="80" editorType="TextItem" canEdit="false" align="left" cellAlign="left" detail="false"></field>
		<field title="Upload file" name="UPLFILE" type="binary" width="250" detail="false" ></field>
		<field title="Note" name="NOTE" type="text" width="100%" align="left" cellAlign="left" canEdit="true" detail="false"></field>
		<field title="File Name" name="UPLFILE_filename" type="text" detail="false"/>
		<field title="Update date" name="UPDDATE" type="datetime" width="100" editorType="TextItem" align="left" cellAlign="left" canEdit="false" detail="false"></field>
		<field title="Update user" name="UPDUSR" length="30"  type="text" escapeHTML="true"      canEdit="false" width="100" align="left" cellAlign="left" detail="false"></field>
		<field title="Update type" name="UPDTYPE"  type="text" escapeHTML="true"      canEdit="false" length="1" width="100" align="left" cellAlign="left" detail="true">
           <valueMap>
				<value ID="C">Create</value>
				<value ID="U">Update</value>
			</valueMap>
		</field>
	</fields> 	
	<serverObject lookupStyle="new" className="it.ccg.tcfrontend.server.dmi.UserDMI"/>
	    <operationBindings>  
       <binding operationId="downloadDescriptions" operationType="fetch" serverMethod="downloadData">  
            <serverObject  lookupStyle="new" className="it.ccg.tcfrontend.client.panels.CustomBinaryFieldDataSource"/>  
        </binding>
        <!-- <operationBinding operationId="newFetch" operationType="fetch" >
		 <whereClause><![CDATA[RUNID='1018' AND ($defaultWhereClause)]]></whereClause>  
	 </operationBinding> --> 
	 
    </operationBindings>
    
        
	
</DataSource>