<?xml version="1.0" encoding="UTF-8"?>
 <DataSource 
	tableName="tctuser"
	ID="tctuser"
	dataSourceVersion="1"
	serverType="sql"
	>
	
	<fields>
		<field title="Username" name="USERNAME" type="text" primaryKey="true"  canEdit="false" align="left" cellAlign="left" detail="false"></field>
		<field title="Company ID" name="CMPNID" type="integer" filterOperator="equals" primaryKey="true"  canEdit="false" align="left" cellAlign="left" detail="true"></field>
		<field title="Email" name="EMAIL" type="text"  canEdit="false" align="left" cellAlign="left" detail="true"></field>
		<field title="Notify" name="NOTIFY" type="text" length="1"  escapeHTML="true"  canEdit="false" align="left" cellAlign="left" detail="true">
			<valueMap>
				<value ID="T">Enable</value>
				<value ID="F">Disable</value>
			</valueMap>
		</field>
		
		<field title="Update Date" name="UPDDATE" type="datetime" length="100" width="20%" editorType="TextItem" align="left" cellAlign="left" canEdit="false" detail="false"></field>
		<field title="Update User" name="UPDUSER" length="30"  type="text" escapeHTML="true"      canEdit="false"  align="left" cellAlign="left" detail="true"></field>
		<field title="Update type" name="UPDTYPE"  type="text" escapeHTML="true"  canEdit="false" length="1"  align="left" cellAlign="left" detail="true">
           <valueMap>
				<value ID="C">Create</value>
				<value ID="U">Update</value>
			</valueMap>
		</field>
		
	</fields>
	<serverObject className="it.ccg.tcfrontend.server.dmi.CompanyDMI"  
                  methodName="enforceCompanyFilter"/> 
	
</DataSource>