
command,target,value
echo;;RU01-NUC01-T03.rctest
open;/LiqPortalWEB/;Liquidity Portal - Standard - View - Grouping
type;id=Username;mpetracc
type;id=Password;.mpetrac06
clickAndWait;id=submitLabel;
waitForElementClickable;scLocator=//Menu[level=1]/body/row[1]/col[fieldName=title||0];
click;scLocator=//Menu[level=1]/body/row[1]/col[fieldName=title||0];
waitForElementClickable;scLocator=//Portlet[ID="liquidity_ord_tab_2"]/maximizeButton/;
click;scLocator=//Portlet[ID="liquidity_ord_tab_2"]/maximizeButton/;
waitForElementClickable;scLocator=//Portlet[ID="liquidity_ord_tab_2"]/item[0][Class="ListGrid"]/body/row[REF_DT=Fri May 26 2017 12:00:00 GMT+0200 (W. Europe Standard Time)||0]/col[fieldName=%2472v||0];
click;scLocator=//Portlet[ID="liquidity_ord_tab_2"]/item[0][Class="ListGrid"]/body/row[REF_DT=Fri May 26 2017 12:00:00 GMT+0200 (W. Europe Standard Time)||0]/col[fieldName=%2472v||0];
waitForElementClickable;scLocator=//Portlet[ID="liquidity_ord_tab_2"]/item[0][Class="ListGrid"]/headerMenuButton/;
click;scLocator=//Portlet[ID="liquidity_ord_tab_2"]/item[0][Class="ListGrid"]/headerMenuButton/;
waitForElementClickable;scLocator=//Portlet[ID="liquidity_ord_tab_2"]/item[0][Class="ListGrid"]/headerContextMenu[Class=Menu||index=0||length=1||classIndex=0||classLength=1||roleIndex=0||roleLength=1||scRole=menu]/body/row[title=Group%20by%20Soft%20limit||8]/col[fieldName=title||1];
click;scLocator=//Portlet[ID="liquidity_ord_tab_2"]/item[0][Class="ListGrid"]/headerContextMenu[Class=Menu||index=0||length=1||classIndex=0||classLength=1||roleIndex=0||roleLength=1||scRole=menu]/body/row[title=Group%20by%20Soft%20limit||8]/col[fieldName=title||1];
waitForElementClickable;scLocator=//Portlet[ID="liquidity_ord_tab_2"]/item[0][Class="ListGrid"]/body/row[groupValue=1350000000.00000000||3]/col[fieldName=%2472v||0];
click;scLocator=//Portlet[ID="liquidity_ord_tab_2"]/item[0][Class="ListGrid"]/body/row[groupValue=1350000000.00000000||3]/col[fieldName=%2472v||0];
waitForElementClickable;scLocator=//Portlet[ID="liquidity_ord_tab_2"]/item[0][Class="ListGrid"]/body/row[REF_DT=Wed May 24 2017 12:00:00 GMT+0200 (W. Europe Standard Time)||4]/col[-5]/valueicon;
click;scLocator=//Portlet[ID="liquidity_ord_tab_2"]/item[0][Class="ListGrid"]/body/row[REF_DT=Wed May 24 2017 12:00:00 GMT+0200 (W. Europe Standard Time)||4]/col[-5]/valueicon;
waitForElementClickable;scLocator=//Portlet[ID="liquidity_ord_tab_2"]/item[0][Class="ListGrid"]/body/row[REF_DT=Wed May 24 2017 12:00:00 GMT+0200 (W. Europe Standard Time)||4]/col[-5]/valueicon;
click;scLocator=//Portlet[ID="liquidity_ord_tab_2"]/item[0][Class="ListGrid"]/body/row[REF_DT=Wed May 24 2017 12:00:00 GMT+0200 (W. Europe Standard Time)||4]/col[-5]/valueicon;
waitForElementClickable;scLocator=//Portlet[ID="liquidity_ord_tab_2"]/item[0][Class="ListGrid"]/body/row[REF_DT=Wed May 24 2017 12:00:00 GMT+0200 (W. Europe Standard Time)||4]/col[-5]/valueicon;
click;scLocator=//Portlet[ID="liquidity_ord_tab_2"]/item[0][Class="ListGrid"]/body/row[REF_DT=Wed May 24 2017 12:00:00 GMT+0200 (W. Europe Standard Time)||4]/col[-5]/valueicon;
waitForElementClickable;scLocator=//Portlet[ID="liquidity_ord_tab_2"]/item[0][Class="ListGrid"]/body/row[REF_DT=Wed May 24 2017 12:00:00 GMT+0200 (W. Europe Standard Time)||4]/col[-5];
click;scLocator=//Portlet[ID="liquidity_ord_tab_2"]/item[0][Class="ListGrid"]/body/row[REF_DT=Wed May 24 2017 12:00:00 GMT+0200 (W. Europe Standard Time)||4]/col[-5];
waitForElementClickable;scLocator=//Portlet[ID="liquidity_ord_tab_2"]/item[0][Class="ListGrid"]/body/row[REF_DT=Thu May 25 2017 12:00:00 GMT+0200 (W. Europe Standard Time)||2]/col[-5]/valueicon;
click;scLocator=//Portlet[ID="liquidity_ord_tab_2"]/item[0][Class="ListGrid"]/body/row[REF_DT=Thu May 25 2017 12:00:00 GMT+0200 (W. Europe Standard Time)||2]/col[-5]/valueicon;
waitForElementClickable;scLocator=//Portlet[ID="liquidity_ord_tab_2"]/item[0][Class="ListGrid"]/headerMenuButton/;
click;scLocator=//Portlet[ID="liquidity_ord_tab_2"]/item[0][Class="ListGrid"]/headerMenuButton/;
waitForElementClickable;scLocator=//Portlet[ID="liquidity_ord_tab_2"]/item[0][Class="ListGrid"]/headerContextMenu[Class=Menu||index=0||length=1||classIndex=0||classLength=1||roleIndex=0||roleLength=1||scRole=menu]/body/row[title=Group%20by%20Hard%20limit||8]/col[fieldName=title||1];
click;scLocator=//Portlet[ID="liquidity_ord_tab_2"]/item[0][Class="ListGrid"]/headerContextMenu[Class=Menu||index=0||length=1||classIndex=0||classLength=1||roleIndex=0||roleLength=1||scRole=menu]/body/row[title=Group%20by%20Hard%20limit||8]/col[fieldName=title||1];
waitForElementClickable;scLocator=//Portlet[ID="liquidity_ord_tab_2"]/item[0][Class="ListGrid"]/body/row[groupValue=1100000000.00000000||3]/col[fieldName=%2472v||0];
click;scLocator=//Portlet[ID="liquidity_ord_tab_2"]/item[0][Class="ListGrid"]/body/row[groupValue=1100000000.00000000||3]/col[fieldName=%2472v||0];
waitForElementClickable;scLocator=//Portlet[ID="liquidity_ord_tab_2"]/item[0][Class="ListGrid"]/body/row[REF_DT=Wed May 24 2017 12:00:00 GMT+0200 (W. Europe Standard Time)||4]/col[-5]/valueicon;
click;scLocator=//Portlet[ID="liquidity_ord_tab_2"]/item[0][Class="ListGrid"]/body/row[REF_DT=Wed May 24 2017 12:00:00 GMT+0200 (W. Europe Standard Time)||4]/col[-5]/valueicon;
waitForElementClickable;scLocator=//Portlet[ID="liquidity_ord_tab_2"]/item[0][Class="ListGrid"]/body/row[REF_DT=Thu May 25 2017 12:00:00 GMT+0200 (W. Europe Standard Time)||2]/col[-5]/valueicon;
click;scLocator=//Portlet[ID="liquidity_ord_tab_2"]/item[0][Class="ListGrid"]/body/row[REF_DT=Thu May 25 2017 12:00:00 GMT+0200 (W. Europe Standard Time)||2]/col[-5]/valueicon;
waitForElementClickable;scLocator=//Portlet[ID="liquidity_ord_tab_2"]/item[0][Class="ListGrid"]/headerMenuButton/icon;
click;scLocator=//Portlet[ID="liquidity_ord_tab_2"]/item[0][Class="ListGrid"]/headerMenuButton/icon;
waitForElementClickable;scLocator=//Portlet[ID="liquidity_ord_tab_2"]/item[0][Class="ListGrid"]/headerContextMenu[Class=Menu||index=0||length=1||classIndex=0||classLength=1||roleIndex=0||roleLength=1||scRole=menu]/body/row[title=Group%20by%20Date%20ref.||9]/col[fieldName=title||1];
click;scLocator=//Portlet[ID="liquidity_ord_tab_2"]/item[0][Class="ListGrid"]/headerContextMenu[Class=Menu||index=0||length=1||classIndex=0||classLength=1||roleIndex=0||roleLength=1||scRole=menu]/body/row[title=Group%20by%20Date%20ref.||9]/col[fieldName=title||1];
waitForElementClickable;scLocator=//Portlet[ID="liquidity_ord_tab_2"]/item[0][Class="ListGrid"]/body/row[REF_DT=Wed May 10 2017 12:00:00 GMT+0200 (W. Europe Standard Time)||13]/col[fieldName=%2472v||0];
click;scLocator=//Portlet[ID="liquidity_ord_tab_2"]/item[0][Class="ListGrid"]/body/row[REF_DT=Wed May 10 2017 12:00:00 GMT+0200 (W. Europe Standard Time)||13]/col[fieldName=%2472v||0];
waitForElementClickable;scLocator=//Portlet[ID="liquidity_ord_tab_2"]/item[0][Class="ListGrid"]/body/row[REF_DT=Wed May 10 2017 12:00:00 GMT+0200 (W. Europe Standard Time)||14]/col[-5]/valueicon;
click;scLocator=//Portlet[ID="liquidity_ord_tab_2"]/item[0][Class="ListGrid"]/body/row[REF_DT=Wed May 10 2017 12:00:00 GMT+0200 (W. Europe Standard Time)||14]/col[-5]/valueicon;
waitForElementClickable;scLocator=//Portlet[ID="liquidity_ord_tab_2"]/item[0][Class="ListGrid"]/filterEditor/editRowForm/item[name=REF_DT||title=Date%20ref.||index=1||Class=MiniDateRangeItem]/[icon="showDateRange"];
click;scLocator=//Portlet[ID="liquidity_ord_tab_2"]/item[0][Class="ListGrid"]/filterEditor/editRowForm/item[name=REF_DT||title=Date%20ref.||index=1||Class=MiniDateRangeItem]/[icon="showDateRange"];
waitForElementClickable;scLocator=//Portlet[ID="liquidity_ord_tab_2"]/item[0][Class="ListGrid"]/filterEditor/editRowForm/item[name=REF_DT||title=Date%20ref.||index=1||Class=MiniDateRangeItem]/rangeDialog/rangeForm/item[name=REF_DT||title=REF_DT||index=0||Class=DateRangeItem]/dateRangeForm/item[name=fromField||title=From||index=0||Class=RelativeDateItem]/editor/item[name=iconPlaceholder||title=iconPlaceholder||index=2||Class=StaticTextItem]/[icon="chooserIcon"];
click;scLocator=//Portlet[ID="liquidity_ord_tab_2"]/item[0][Class="ListGrid"]/filterEditor/editRowForm/item[name=REF_DT||title=Date%20ref.||index=1||Class=MiniDateRangeItem]/rangeDialog/rangeForm/item[name=REF_DT||title=REF_DT||index=0||Class=DateRangeItem]/dateRangeForm/item[name=fromField||title=From||index=0||Class=RelativeDateItem]/editor/item[name=iconPlaceholder||title=iconPlaceholder||index=2||Class=StaticTextItem]/[icon="chooserIcon"];
waitForElementClickable;scLocator=//autoID[Class=DateChooser||index=65||length=68||classIndex=0||classLength=1]/dateGrid/body/row[Mon=Mon May 01 2017 12:00:00 GMT+0200 (W. Europe Standard Time)||0]/col[fieldName=Mon||1];
click;scLocator=//autoID[Class=DateChooser||index=65||length=68||classIndex=0||classLength=1]/dateGrid/body/row[Mon=Mon May 01 2017 12:00:00 GMT+0200 (W. Europe Standard Time)||0]/col[fieldName=Mon||1];
waitForElementClickable;scLocator=//Portlet[ID="liquidity_ord_tab_2"]/item[0][Class="ListGrid"]/filterEditor/editRowForm/item[name=REF_DT||title=Date%20ref.||value=[object Object]||index=1||Class=MiniDateRangeItem]/rangeDialog/rangeForm/item[name=REF_DT||title=REF_DT||value=[object Object]||index=0||Class=DateRangeItem]/dateRangeForm/item[name=toField||title=To||index=1||Class=RelativeDateItem]/editor/item[name=iconPlaceholder||title=iconPlaceholder||index=2||Class=StaticTextItem]/[icon="chooserIcon"];
click;scLocator=//Portlet[ID="liquidity_ord_tab_2"]/item[0][Class="ListGrid"]/filterEditor/editRowForm/item[name=REF_DT||title=Date%20ref.||value=[object Object]||index=1||Class=MiniDateRangeItem]/rangeDialog/rangeForm/item[name=REF_DT||title=REF_DT||value=[object Object]||index=0||Class=DateRangeItem]/dateRangeForm/item[name=toField||title=To||index=1||Class=RelativeDateItem]/editor/item[name=iconPlaceholder||title=iconPlaceholder||index=2||Class=StaticTextItem]/[icon="chooserIcon"];
waitForElementClickable;scLocator=//autoID[Class=DateChooser||index=71||length=74||classIndex=1||classLength=2]/dateGrid/body/row[Tue=Tue May 02 2017 12:00:00 GMT+0200 (W. Europe Standard Time)||0]/col[fieldName=Tue||2];
click;scLocator=//autoID[Class=DateChooser||index=71||length=74||classIndex=1||classLength=2]/dateGrid/body/row[Tue=Tue May 02 2017 12:00:00 GMT+0200 (W. Europe Standard Time)||0]/col[fieldName=Tue||2];
waitForElementClickable;scLocator=//Portlet[ID="liquidity_ord_tab_2"]/item[0][Class="ListGrid"]/filterEditor/editRowForm/item[name=REF_DT||title=Date%20ref.||value=[object Object]||index=1||Class=MiniDateRangeItem]/rangeDialog/okButton/;
click;scLocator=//Portlet[ID="liquidity_ord_tab_2"]/item[0][Class="ListGrid"]/filterEditor/editRowForm/item[name=REF_DT||title=Date%20ref.||value=[object Object]||index=1||Class=MiniDateRangeItem]/rangeDialog/okButton/;
waitForElementClickable;scLocator=//Portlet[ID="liquidity_ord_tab_2"]/item[0][Class="ListGrid"]/filterEditor/editRowForm/item[name=REF_DT||title=Date%20ref.||value=[object Object]||index=1||Class=MiniDateRangeItem]/[icon="showDateRange"];
sendKeys;scLocator=//Portlet[ID="liquidity_ord_tab_2"]/item[0][Class="ListGrid"]/filterEditor/editRowForm/item[name=REF_DT||title=Date%20ref.||value=[object Object]||index=1||Class=MiniDateRangeItem]/[icon="showDateRange"];${KEY_ENTER}
waitForElementClickable;scLocator=//Portlet[ID="liquidity_ord_tab_2"]/item[0][Class="ListGrid"]/filterEditor/editRowForm/item[name=REF_DT||title=Date%20ref.||value=[object Object]||index=1||Class=MiniDateRangeItem]/rangeDialog/closeButton/;
click;scLocator=//Portlet[ID="liquidity_ord_tab_2"]/item[0][Class="ListGrid"]/filterEditor/editRowForm/item[name=REF_DT||title=Date%20ref.||value=[object Object]||index=1||Class=MiniDateRangeItem]/rangeDialog/closeButton/;
waitForElementClickable;scLocator=//Portlet[ID="liquidity_ord_tab_2"]/item[0][Class="ListGrid"]/body/row[REF_DT=Fri Feb 03 2017 12:00:00 GMT+0100 (W. Europe Daylight Time)||1]/col[-5]/valueicon;
click;scLocator=//Portlet[ID="liquidity_ord_tab_2"]/item[0][Class="ListGrid"]/body/row[REF_DT=Fri Feb 03 2017 12:00:00 GMT+0100 (W. Europe Daylight Time)||1]/col[-5]/valueicon;
waitForElementClickable;scLocator=//Portlet[ID="liquidity_ord_tab_2"]/item[0][Class="ListGrid"]/body/row[REF_DT=Thu Feb 02 2017 12:00:00 GMT+0100 (W. Europe Daylight Time)||2]/col[fieldName=%2472v||0];
click;scLocator=//Portlet[ID="liquidity_ord_tab_2"]/item[0][Class="ListGrid"]/body/row[REF_DT=Thu Feb 02 2017 12:00:00 GMT+0100 (W. Europe Daylight Time)||2]/col[fieldName=%2472v||0];
waitForElementClickable;scLocator=//Portlet[ID="liquidity_ord_tab_2"]/item[0][Class="ListGrid"]/body/row[REF_DT=Thu Feb 02 2017 12:00:00 GMT+0100 (W. Europe Daylight Time)||3]/col[-5]/valueicon;
click;scLocator=//Portlet[ID="liquidity_ord_tab_2"]/item[0][Class="ListGrid"]/body/row[REF_DT=Thu Feb 02 2017 12:00:00 GMT+0100 (W. Europe Daylight Time)||3]/col[-5]/valueicon;
waitForElementClickable;scLocator=//Portlet[ID="liquidity_ord_tab_2"]/item[0][Class="ListGrid"]/body/row[REF_DT=Fri Feb 03 2017 12:00:00 GMT+0100 (W. Europe Daylight Time)||1]/col[-5]/valueicon;
click;scLocator=//Portlet[ID="liquidity_ord_tab_2"]/item[0][Class="ListGrid"]/body/row[REF_DT=Fri Feb 03 2017 12:00:00 GMT+0100 (W. Europe Daylight Time)||1]/col[-5]/valueicon;
waitForElementClickable;scLocator=//Portlet[ID="liquidity_ord_tab_2"]/item[0][Class="ListGrid"]/body/row[REF_DT=Thu Feb 02 2017 12:00:00 GMT+0100 (W. Europe Daylight Time)||3]/col[-5]/valueicon;
click;scLocator=//Portlet[ID="liquidity_ord_tab_2"]/item[0][Class="ListGrid"]/body/row[REF_DT=Thu Feb 02 2017 12:00:00 GMT+0100 (W. Europe Daylight Time)||3]/col[-5]/valueicon;
waitForElementClickable;scLocator=//Portlet[ID="liquidity_ord_tab_2"]/item[0][Class="ListGrid"]/filterEditor/editRowForm/item[name=REF_DT||title=Date%20ref.||value=[object Object]||index=1||Class=MiniDateRangeItem]/[icon="showDateRange"];
click;scLocator=//Portlet[ID="liquidity_ord_tab_2"]/item[0][Class="ListGrid"]/filterEditor/editRowForm/item[name=REF_DT||title=Date%20ref.||value=[object Object]||index=1||Class=MiniDateRangeItem]/[icon="showDateRange"];
waitForElementClickable;scLocator=//Portlet[ID="liquidity_ord_tab_2"]/item[0][Class="ListGrid"]/filterEditor/editRowForm/item[name=REF_DT||title=Date%20ref.||value=[object Object]||index=1||Class=MiniDateRangeItem]/rangeDialog/rangeForm/item[name=REF_DT||title=REF_DT||value=[object Object]||index=0||Class=DateRangeItem]/dateRangeForm/item[name=fromField||title=From||value=Thu Jan 05 2017 12:00:00 GMT+0100 (W. Europe Daylight Time)||index=0||Class=RelativeDateItem]/editor/item[name=valueField||title=valueField||value=05%24fs%2401%24fs%242017||index=0||Class=ComboBoxItem]/[icon="picker"];
click;scLocator=//Portlet[ID="liquidity_ord_tab_2"]/item[0][Class="ListGrid"]/filterEditor/editRowForm/item[name=REF_DT||title=Date%20ref.||value=[object Object]||index=1||Class=MiniDateRangeItem]/rangeDialog/rangeForm/item[name=REF_DT||title=REF_DT||value=[object Object]||index=0||Class=DateRangeItem]/dateRangeForm/item[name=fromField||title=From||value=Thu Jan 05 2017 12:00:00 GMT+0100 (W. Europe Daylight Time)||index=0||Class=RelativeDateItem]/editor/item[name=valueField||title=valueField||value=05%24fs%2401%24fs%242017||index=0||Class=ComboBoxItem]/[icon="picker"];
waitForElementClickable;scLocator=//Portlet[ID="liquidity_ord_tab_2"]/item[0][Class="ListGrid"]/filterEditor/editRowForm/item[name=REF_DT||title=Date%20ref.||value=[object Object]||index=1||Class=MiniDateRangeItem]/rangeDialog/rangeForm/item[name=REF_DT||title=REF_DT||value=[object Object]||index=0||Class=DateRangeItem]/dateRangeForm/item[name=fromField||title=From||value=Thu Jan 05 2017 12:00:00 GMT+0100 (W. Europe Daylight Time)||index=0||Class=RelativeDateItem]/editor/item[name=valueField||title=valueField||value=05%24fs%2401%24fs%242017||index=0||Class=ComboBoxItem]/pickList/body/row[valueField=%24yesterday||1]/col[fieldName=valueField||0];
click;scLocator=//Portlet[ID="liquidity_ord_tab_2"]/item[0][Class="ListGrid"]/filterEditor/editRowForm/item[name=REF_DT||title=Date%20ref.||value=[object Object]||index=1||Class=MiniDateRangeItem]/rangeDialog/rangeForm/item[name=REF_DT||title=REF_DT||value=[object Object]||index=0||Class=DateRangeItem]/dateRangeForm/item[name=fromField||title=From||value=Thu Jan 05 2017 12:00:00 GMT+0100 (W. Europe Daylight Time)||index=0||Class=RelativeDateItem]/editor/item[name=valueField||title=valueField||value=05%24fs%2401%24fs%242017||index=0||Class=ComboBoxItem]/pickList/body/row[valueField=%24yesterday||1]/col[fieldName=valueField||0];
waitForElementClickable;scLocator=//Portlet[ID="liquidity_ord_tab_2"]/item[0][Class="ListGrid"]/filterEditor/editRowForm/item[name=REF_DT||title=Date%20ref.||value=[object Object]||index=1||Class=MiniDateRangeItem]/rangeDialog/rangeForm/item[name=REF_DT||title=REF_DT||value=[object Object]||index=0||Class=DateRangeItem]/dateRangeForm/item[name=toField||title=To||value=Sun Feb 05 2017 12:00:00 GMT+0100 (W. Europe Daylight Time)||index=1||Class=RelativeDateItem]/editor/item[name=valueField||title=valueField||value=05%24fs%2402%24fs%242017||index=0||Class=ComboBoxItem]/[icon="picker"];
click;scLocator=//Portlet[ID="liquidity_ord_tab_2"]/item[0][Class="ListGrid"]/filterEditor/editRowForm/item[name=REF_DT||title=Date%20ref.||value=[object Object]||index=1||Class=MiniDateRangeItem]/rangeDialog/rangeForm/item[name=REF_DT||title=REF_DT||value=[object Object]||index=0||Class=DateRangeItem]/dateRangeForm/item[name=toField||title=To||value=Sun Feb 05 2017 12:00:00 GMT+0100 (W. Europe Daylight Time)||index=1||Class=RelativeDateItem]/editor/item[name=valueField||title=valueField||value=05%24fs%2402%24fs%242017||index=0||Class=ComboBoxItem]/[icon="picker"];
waitForElementClickable;scLocator=//Portlet[ID="liquidity_ord_tab_2"]/item[0][Class="ListGrid"]/filterEditor/editRowForm/item[name=REF_DT||title=Date%20ref.||value=[object Object]||index=1||Class=MiniDateRangeItem]/rangeDialog/rangeForm/item[name=REF_DT||title=REF_DT||value=[object Object]||index=0||Class=DateRangeItem]/dateRangeForm/item[name=toField||title=To||value=Sun Feb 05 2017 12:00:00 GMT+0100 (W. Europe Daylight Time)||index=1||Class=RelativeDateItem]/editor/item[name=valueField||title=valueField||value=05%24fs%2402%24fs%242017||index=0||Class=ComboBoxItem]/pickList/body/row[valueField=%24today||0]/col[fieldName=valueField||0];
click;scLocator=//Portlet[ID="liquidity_ord_tab_2"]/item[0][Class="ListGrid"]/filterEditor/editRowForm/item[name=REF_DT||title=Date%20ref.||value=[object Object]||index=1||Class=MiniDateRangeItem]/rangeDialog/rangeForm/item[name=REF_DT||title=REF_DT||value=[object Object]||index=0||Class=DateRangeItem]/dateRangeForm/item[name=toField||title=To||value=Sun Feb 05 2017 12:00:00 GMT+0100 (W. Europe Daylight Time)||index=1||Class=RelativeDateItem]/editor/item[name=valueField||title=valueField||value=05%24fs%2402%24fs%242017||index=0||Class=ComboBoxItem]/pickList/body/row[valueField=%24today||0]/col[fieldName=valueField||0];
waitForElementClickable;scLocator=//Portlet[ID="liquidity_ord_tab_2"]/item[0][Class="ListGrid"]/filterEditor/editRowForm/item[name=REF_DT||title=Date%20ref.||value=[object Object]||index=1||Class=MiniDateRangeItem]/rangeDialog/okButton/;
click;scLocator=//Portlet[ID="liquidity_ord_tab_2"]/item[0][Class="ListGrid"]/filterEditor/editRowForm/item[name=REF_DT||title=Date%20ref.||value=[object Object]||index=1||Class=MiniDateRangeItem]/rangeDialog/okButton/;
waitForElementClickable;scLocator=//Portlet[ID="liquidity_ord_tab_2"]/item[0][Class="ListGrid"]/filterEditor/editRowForm/item[name=REF_DT||title=Date%20ref.||value=[object Object]||index=1||Class=MiniDateRangeItem]/[icon="showDateRange"];
sendKeys;scLocator=//Portlet[ID="liquidity_ord_tab_2"]/item[0][Class="ListGrid"]/filterEditor/editRowForm/item[name=REF_DT||title=Date%20ref.||value=[object Object]||index=1||Class=MiniDateRangeItem]/[icon="showDateRange"];${KEY_ENTER}
waitForElementClickable;scLocator=//Portlet[ID="liquidity_ord_tab_2"]/item[0][Class="ListGrid"]/filterEditor/editRowForm/item[name=REF_DT||title=Date%20ref.||value=[object Object]||index=1||Class=MiniDateRangeItem]/rangeDialog/closeButton/;
click;scLocator=//Portlet[ID="liquidity_ord_tab_2"]/item[0][Class="ListGrid"]/filterEditor/editRowForm/item[name=REF_DT||title=Date%20ref.||value=[object Object]||index=1||Class=MiniDateRangeItem]/rangeDialog/closeButton/;
waitForElementClickable;scLocator=//Portlet[ID="liquidity_ord_tab_2"]/item[0][Class="ListGrid"]/body/row[REF_DT=Fri May 26 2017 12:00:00 GMT+0200 (W. Europe Standard Time)||1]/col[-5]/valueicon;
click;scLocator=//Portlet[ID="liquidity_ord_tab_2"]/item[0][Class="ListGrid"]/body/row[REF_DT=Fri May 26 2017 12:00:00 GMT+0200 (W. Europe Standard Time)||1]/col[-5]/valueicon;
waitForElementClickable;scLocator=//Portlet[ID="liquidity_ord_tab_2"]/item[0][Class="ListGrid"]/body/row[REF_DT=Thu May 25 2017 12:00:00 GMT+0200 (W. Europe Standard Time)||2]/col[fieldName=%2472v||0];
click;scLocator=//Portlet[ID="liquidity_ord_tab_2"]/item[0][Class="ListGrid"]/body/row[REF_DT=Thu May 25 2017 12:00:00 GMT+0200 (W. Europe Standard Time)||2]/col[fieldName=%2472v||0];
waitForElementClickable;scLocator=//Portlet[ID="liquidity_ord_tab_2"]/item[0][Class="ListGrid"]/body/row[REF_DT=Thu May 25 2017 12:00:00 GMT+0200 (W. Europe Standard Time)||3]/col[-5]/valueicon;
click;scLocator=//Portlet[ID="liquidity_ord_tab_2"]/item[0][Class="ListGrid"]/body/row[REF_DT=Thu May 25 2017 12:00:00 GMT+0200 (W. Europe Standard Time)||3]/col[-5]/valueicon;
