
command,target,value
echo;;RU01-NUC01-T01.rctest
open;/LiqPortalWEB/;Liquidity Portal - Standard - View
type;id=Username;mpetracc
type;id=Password;.mpetrac06
clickAndWait;id=submitLabel;
waitForElementClickable;scLocator=//Menu[level=1]/body/row[1]/col[fieldName=title||0];
click;scLocator=//Menu[level=1]/body/row[1]/col[fieldName=title||0];
waitForElementClickable;scLocator=//Portlet[ID="liquidity_ord_tab_2"]/maximizeButton/;
click;scLocator=//Portlet[ID="liquidity_ord_tab_2"]/maximizeButton/;
waitForElementClickable;scLocator=//Portlet[ID="liquidity_ord_tab_2"]/item[0][Class="ListGrid"]/body/row[REF_DT=Fri May 26 2017 12:00:00 GMT+0200 (W. Europe Standard Time)||0]/col[fieldName=%2472v||0]/valueicon;
click;scLocator=//Portlet[ID="liquidity_ord_tab_2"]/item[0][Class="ListGrid"]/body/row[REF_DT=Fri May 26 2017 12:00:00 GMT+0200 (W. Europe Standard Time)||0]/col[fieldName=%2472v||0]/valueicon;
