
command,target,value
echo;;RU01-NUC01-T02.rctest
open;/LiqPortalWEB/;Liquidity Portal - Standard - Filters
type;id=Username;mpetracc
type;id=Password;.mpetrac06
clickAndWait;id=submitLabel;
waitForElementClickable;scLocator=//Menu[level=1]/body/row[1]/col[fieldName=title||0];
click;scLocator=//Menu[level=1]/body/row[1]/col[fieldName=title||0];
waitForElementClickable;scLocator=//Portlet[ID="liquidity_ord_tab_2"]/maximizeButton/;
click;scLocator=//Portlet[ID="liquidity_ord_tab_2"]/maximizeButton/;
waitForElementClickable;scLocator=//Portlet[ID="liquidity_ord_tab_2"]/item[0][Class="ListGrid"]/body/row[REF_DT=Fri May 26 2017 12:00:00 GMT+0200 (W. Europe Standard Time)||0]/col[fieldName=%2472v||0]/valueicon;
click;scLocator=//Portlet[ID="liquidity_ord_tab_2"]/item[0][Class="ListGrid"]/body/row[REF_DT=Fri May 26 2017 12:00:00 GMT+0200 (W. Europe Standard Time)||0]/col[fieldName=%2472v||0]/valueicon;
waitForElementClickable;scLocator=//Portlet[ID="liquidity_ord_tab_2"]/item[0][Class="ListGrid"]/filterEditor/editRowForm/item[name=SOFTLIM||title=Soft%20limit||index=5||Class=TextItem]/element;
click;scLocator=//Portlet[ID="liquidity_ord_tab_2"]/item[0][Class="ListGrid"]/filterEditor/editRowForm/item[name=SOFTLIM||title=Soft%20limit||index=5||Class=TextItem]/element;
waitForElementClickable;scLocator=//Portlet[ID="liquidity_ord_tab_2"]/item[0][Class="ListGrid"]/filterEditor/editRowForm/item[name=SOFTLIM||title=Soft%20limit||value=%3E100||index=5||Class=TextItem]/element;
type;scLocator=//Portlet[ID="liquidity_ord_tab_2"]/item[0][Class="ListGrid"]/filterEditor/editRowForm/item[name=SOFTLIM||title=Soft%20limit||value=%3E100||index=5||Class=TextItem]/element;>100
waitForElementReadyForKeyPresses;scLocator=//Portlet[ID="liquidity_ord_tab_2"]/item[0][Class="ListGrid"]/filterEditor/editRowForm/item[name=SOFTLIM||title=Soft%20limit||value=%3E100||index=5||Class=TextItem]/element;
sendKeys;scLocator=//Portlet[ID="liquidity_ord_tab_2"]/item[0][Class="ListGrid"]/filterEditor/editRowForm/item[name=SOFTLIM||title=Soft%20limit||value=%3E100||index=5||Class=TextItem]/element;${KEY_ENTER}
waitForElementClickable;scLocator=//Portlet[ID="liquidity_ord_tab_2"]/item[0][Class="ListGrid"]/body/row[REF_DT=Wed May 24 2017 12:00:00 GMT+0200 (W. Europe Standard Time)||0]/col[fieldName=%2472v||0]/valueicon;
click;scLocator=//Portlet[ID="liquidity_ord_tab_2"]/item[0][Class="ListGrid"]/body/row[REF_DT=Wed May 24 2017 12:00:00 GMT+0200 (W. Europe Standard Time)||0]/col[fieldName=%2472v||0]/valueicon;
waitForElementClickable;scLocator=//Portlet[ID="liquidity_ord_tab_2"]/item[0][Class="ListGrid"]/body/row[REF_DT=Wed May 24 2017 12:00:00 GMT+0200 (W. Europe Standard Time)||SOFTLIM=1350000000.00000000||0]/col[fieldName=SOFTLIM||5];
click;scLocator=//Portlet[ID="liquidity_ord_tab_2"]/item[0][Class="ListGrid"]/body/row[REF_DT=Wed May 24 2017 12:00:00 GMT+0200 (W. Europe Standard Time)||SOFTLIM=1350000000.00000000||0]/col[fieldName=SOFTLIM||5];
waitForElementClickable;scLocator=//Portlet[ID="liquidity_ord_tab_2"]/item[0][Class="ListGrid"]/body/row[REF_DT=Wed May 24 2017 12:00:00 GMT+0200 (W. Europe Standard Time)||SOFTLIM=1350000000.00000000||0]/col[fieldName=SOFTLIM||5];
contextMenu;scLocator=//Portlet[ID="liquidity_ord_tab_2"]/item[0][Class="ListGrid"]/body/row[REF_DT=Wed May 24 2017 12:00:00 GMT+0200 (W. Europe Standard Time)||SOFTLIM=1350000000.00000000||0]/col[fieldName=SOFTLIM||5];
waitForElementClickable;scLocator=//Menu[level=0]/body/row[title=Copy||0]/col[fieldName=title||1];
click;scLocator=//Menu[level=0]/body/row[title=Copy||0]/col[fieldName=title||1];
waitForElementClickable;scLocator=//autoID[Class=Dialog||index=17||length=19||classIndex=0||classLength=1||roleIndex=0||roleLength=1||title=Copy%20Cells||scRole=alertdialog]/item[0][Class="DynamicForm"]/item[name=done||title=Done||index=2||Class=ButtonItem]/button/;
click;scLocator=//autoID[Class=Dialog||index=17||length=19||classIndex=0||classLength=1||roleIndex=0||roleLength=1||title=Copy%20Cells||scRole=alertdialog]/item[0][Class="DynamicForm"]/item[name=done||title=Done||index=2||Class=ButtonItem]/button/;
waitForElementClickable;scLocator=//Portlet[ID="liquidity_ord_tab_2"]/item[0][Class="ListGrid"]/filterEditor/editRowForm/item[name=SOFTLIM||title=Soft%20limit||value=%3E100||index=5||Class=TextItem]/element;
click;scLocator=//Portlet[ID="liquidity_ord_tab_2"]/item[0][Class="ListGrid"]/filterEditor/editRowForm/item[name=SOFTLIM||title=Soft%20limit||value=%3E100||index=5||Class=TextItem]/element;
waitForElementReadyForKeyPresses;scLocator=//Portlet[ID="liquidity_ord_tab_2"]/item[0][Class="ListGrid"]/filterEditor/editRowForm/item[name=SOFTLIM||title=Soft%20limit||value=%3E%221350000000.00000000%22||index=5||Class=TextItem]/element;
sendKeys;scLocator=//Portlet[ID="liquidity_ord_tab_2"]/item[0][Class="ListGrid"]/filterEditor/editRowForm/item[name=SOFTLIM||title=Soft%20limit||value=%3E%221350000000.00000000%22||index=5||Class=TextItem]/element;${KEY_ENTER}
waitForElementClickable;scLocator=//Portlet[ID="liquidity_ord_tab_2"]/item[0][Class="ListGrid"]/filterEditor/editRowForm/item[name=SOFTLIM||title=Soft%20limit||value=%3E%221350000000.00000000||index=5||Class=TextItem]/element;
click;scLocator=//Portlet[ID="liquidity_ord_tab_2"]/item[0][Class="ListGrid"]/filterEditor/editRowForm/item[name=SOFTLIM||title=Soft%20limit||value=%3E%221350000000.00000000||index=5||Class=TextItem]/element;
waitForElementClickable;scLocator=//Portlet[ID="liquidity_ord_tab_2"]/item[0][Class="ListGrid"]/filterEditor/editRowForm/item[name=SOFTLIM||title=Soft%20limit||value=%3E1350000000.00000000||index=5||Class=TextItem]/element;
type;scLocator=//Portlet[ID="liquidity_ord_tab_2"]/item[0][Class="ListGrid"]/filterEditor/editRowForm/item[name=SOFTLIM||title=Soft%20limit||value=%3E1350000000.00000000||index=5||Class=TextItem]/element;>1350000000.00000000
waitForElementReadyForKeyPresses;scLocator=//Portlet[ID="liquidity_ord_tab_2"]/item[0][Class="ListGrid"]/filterEditor/editRowForm/item[name=SOFTLIM||title=Soft%20limit||value=%3E1350000000.00000000||index=5||Class=TextItem]/element;
sendKeys;scLocator=//Portlet[ID="liquidity_ord_tab_2"]/item[0][Class="ListGrid"]/filterEditor/editRowForm/item[name=SOFTLIM||title=Soft%20limit||value=%3E1350000000.00000000||index=5||Class=TextItem]/element;${KEY_ENTER}
waitForElementClickable;scLocator=//Portlet[ID="liquidity_ord_tab_2"]/item[0][Class="ListGrid"]/filterEditor/editRowForm/item[name=SOFTLIM||title=Soft%20limit||value=%3E1350000000.00000000||index=5||Class=TextItem]/element;
click;scLocator=//Portlet[ID="liquidity_ord_tab_2"]/item[0][Class="ListGrid"]/filterEditor/editRowForm/item[name=SOFTLIM||title=Soft%20limit||value=%3E1350000000.00000000||index=5||Class=TextItem]/element;
waitForElementReadyForKeyPresses;scLocator=//Portlet[ID="liquidity_ord_tab_2"]/item[0][Class="ListGrid"]/filterEditor/editRowForm/item[name=SOFTLIM||title=Soft%20limit||value=%3E1350000000.00000000||index=5||Class=TextItem]/element;
sendKeys;scLocator=//Portlet[ID="liquidity_ord_tab_2"]/item[0][Class="ListGrid"]/filterEditor/editRowForm/item[name=SOFTLIM||title=Soft%20limit||value=%3E1350000000.00000000||index=5||Class=TextItem]/element;${KEY_LEFT}
waitForElementReadyForKeyPresses;scLocator=//Portlet[ID="liquidity_ord_tab_2"]/item[0][Class="ListGrid"]/filterEditor/editRowForm/item[name=SOFTLIM||title=Soft%20limit||value=%3E1350000000.00000000||index=5||Class=TextItem]/element;
sendKeys;scLocator=//Portlet[ID="liquidity_ord_tab_2"]/item[0][Class="ListGrid"]/filterEditor/editRowForm/item[name=SOFTLIM||title=Soft%20limit||value=%3E1350000000.00000000||index=5||Class=TextItem]/element;${KEY_LEFT}
waitForElementReadyForKeyPresses;scLocator=//Portlet[ID="liquidity_ord_tab_2"]/item[0][Class="ListGrid"]/filterEditor/editRowForm/item[name=SOFTLIM||title=Soft%20limit||value=%3E1350000000.00000000||index=5||Class=TextItem]/element;
sendKeys;scLocator=//Portlet[ID="liquidity_ord_tab_2"]/item[0][Class="ListGrid"]/filterEditor/editRowForm/item[name=SOFTLIM||title=Soft%20limit||value=%3E1350000000.00000000||index=5||Class=TextItem]/element;${KEY_LEFT}
waitForElementReadyForKeyPresses;scLocator=//Portlet[ID="liquidity_ord_tab_2"]/item[0][Class="ListGrid"]/filterEditor/editRowForm/item[name=SOFTLIM||title=Soft%20limit||value=%3E1350000000.00000000||index=5||Class=TextItem]/element;
sendKeys;scLocator=//Portlet[ID="liquidity_ord_tab_2"]/item[0][Class="ListGrid"]/filterEditor/editRowForm/item[name=SOFTLIM||title=Soft%20limit||value=%3E1350000000.00000000||index=5||Class=TextItem]/element;${KEY_LEFT}
waitForElementReadyForKeyPresses;scLocator=//Portlet[ID="liquidity_ord_tab_2"]/item[0][Class="ListGrid"]/filterEditor/editRowForm/item[name=SOFTLIM||title=Soft%20limit||value=%3E1350000000.00000000||index=5||Class=TextItem]/element;
sendKeys;scLocator=//Portlet[ID="liquidity_ord_tab_2"]/item[0][Class="ListGrid"]/filterEditor/editRowForm/item[name=SOFTLIM||title=Soft%20limit||value=%3E1350000000.00000000||index=5||Class=TextItem]/element;${KEY_SHIFT}${KEY_CTRL}${KEY_RIGHT}${KEY_CTRL}${KEY_SHIFT}
waitForElementReadyForKeyPresses;scLocator=//Portlet[ID="liquidity_ord_tab_2"]/item[0][Class="ListGrid"]/filterEditor/editRowForm/item[name=SOFTLIM||title=Soft%20limit||value=%3E1350000000.00000000||index=5||Class=TextItem]/element;
sendKeys;scLocator=//Portlet[ID="liquidity_ord_tab_2"]/item[0][Class="ListGrid"]/filterEditor/editRowForm/item[name=SOFTLIM||title=Soft%20limit||value=%3E1350000000.00000000||index=5||Class=TextItem]/element;${KEY_SHIFT}${KEY_CTRL}${KEY_RIGHT}${KEY_CTRL}${KEY_SHIFT}
waitForElementReadyForKeyPresses;scLocator=//Portlet[ID="liquidity_ord_tab_2"]/item[0][Class="ListGrid"]/filterEditor/editRowForm/item[name=SOFTLIM||title=Soft%20limit||value=%3E1350000000.00000000||index=5||Class=TextItem]/element;
sendKeys;scLocator=//Portlet[ID="liquidity_ord_tab_2"]/item[0][Class="ListGrid"]/filterEditor/editRowForm/item[name=SOFTLIM||title=Soft%20limit||value=%3E1350000000.00000000||index=5||Class=TextItem]/element;${KEY_SHIFT}${KEY_CTRL}${KEY_RIGHT}${KEY_CTRL}${KEY_SHIFT}
waitForElementReadyForKeyPresses;scLocator=//Portlet[ID="liquidity_ord_tab_2"]/item[0][Class="ListGrid"]/filterEditor/editRowForm/item[name=SOFTLIM||title=Soft%20limit||value=%3E1350000000||index=5||Class=TextItem]/element;
sendKeys;scLocator=//Portlet[ID="liquidity_ord_tab_2"]/item[0][Class="ListGrid"]/filterEditor/editRowForm/item[name=SOFTLIM||title=Soft%20limit||value=%3E1350000000||index=5||Class=TextItem]/element;${KEY_ENTER}
waitForElementClickable;scLocator=//Portlet[ID="liquidity_ord_tab_2"]/item[0][Class="ListGrid"]/filterEditor/editRowForm/item[name=SOFTLIM||title=Soft%20limit||value=%3E1350000000||index=5||Class=TextItem]/element;
click;scLocator=//Portlet[ID="liquidity_ord_tab_2"]/item[0][Class="ListGrid"]/filterEditor/editRowForm/item[name=SOFTLIM||title=Soft%20limit||value=%3E1350000000||index=5||Class=TextItem]/element;
waitForElementReadyForKeyPresses;scLocator=//Portlet[ID="liquidity_ord_tab_2"]/item[0][Class="ListGrid"]/filterEditor/editRowForm/item[name=SOFTLIM||title=Soft%20limit||value=%3E135000000||index=5||Class=TextItem]/element;
sendKeys;scLocator=//Portlet[ID="liquidity_ord_tab_2"]/item[0][Class="ListGrid"]/filterEditor/editRowForm/item[name=SOFTLIM||title=Soft%20limit||value=%3E135000000||index=5||Class=TextItem]/element;${KEY_ENTER}
waitForElementClickable;scLocator=//Portlet[ID="liquidity_ord_tab_2"]/item[0][Class="ListGrid"]/filterEditor/editRowForm/item[name=SOFTLIM||title=Soft%20limit||value=%3E135000000||index=5||Class=TextItem]/element;
click;scLocator=//Portlet[ID="liquidity_ord_tab_2"]/item[0][Class="ListGrid"]/filterEditor/editRowForm/item[name=SOFTLIM||title=Soft%20limit||value=%3E135000000||index=5||Class=TextItem]/element;
waitForElementClickable;scLocator=//Portlet[ID="liquidity_ord_tab_2"]/item[0][Class="ListGrid"]/filterEditor/editRowForm/item[name=SOFTLIM||title=Soft%20limit||value=%3E135000000||index=5||Class=TextItem]/element;
click;scLocator=//Portlet[ID="liquidity_ord_tab_2"]/item[0][Class="ListGrid"]/filterEditor/editRowForm/item[name=SOFTLIM||title=Soft%20limit||value=%3E135000000||index=5||Class=TextItem]/element;
waitForElementReadyForKeyPresses;scLocator=//Portlet[ID="liquidity_ord_tab_2"]/item[0][Class="ListGrid"]/filterEditor/editRowForm/item[name=SOFTLIM||title=Soft%20limit||value=%3E13500000||index=5||Class=TextItem]/element;
sendKeys;scLocator=//Portlet[ID="liquidity_ord_tab_2"]/item[0][Class="ListGrid"]/filterEditor/editRowForm/item[name=SOFTLIM||title=Soft%20limit||value=%3E13500000||index=5||Class=TextItem]/element;${KEY_ENTER}
waitForElementClickable;scLocator=//Portlet[ID="liquidity_ord_tab_2"]/item[0][Class="ListGrid"]/filterEditor/editRowForm/item[name=SOFTLIM||title=Soft%20limit||value=%3E13500000||index=5||Class=TextItem]/element;
click;scLocator=//Portlet[ID="liquidity_ord_tab_2"]/item[0][Class="ListGrid"]/filterEditor/editRowForm/item[name=SOFTLIM||title=Soft%20limit||value=%3E13500000||index=5||Class=TextItem]/element;
waitForElementReadyForKeyPresses;scLocator=//Portlet[ID="liquidity_ord_tab_2"]/item[0][Class="ListGrid"]/filterEditor/editRowForm/item[name=SOFTLIM||title=Soft%20limit||value=%3E1350000||index=5||Class=TextItem]/element;
sendKeys;scLocator=//Portlet[ID="liquidity_ord_tab_2"]/item[0][Class="ListGrid"]/filterEditor/editRowForm/item[name=SOFTLIM||title=Soft%20limit||value=%3E1350000||index=5||Class=TextItem]/element;${KEY_ENTER}
waitForElementClickable;scLocator=//Portlet[ID="liquidity_ord_tab_2"]/item[0][Class="ListGrid"]/filterEditor/editRowForm/item[name=SOFTLIM||title=Soft%20limit||value=%3E1350000||index=5||Class=TextItem]/element;
click;scLocator=//Portlet[ID="liquidity_ord_tab_2"]/item[0][Class="ListGrid"]/filterEditor/editRowForm/item[name=SOFTLIM||title=Soft%20limit||value=%3E1350000||index=5||Class=TextItem]/element;
waitForElementReadyForKeyPresses;scLocator=//Portlet[ID="liquidity_ord_tab_2"]/item[0][Class="ListGrid"]/filterEditor/editRowForm/item[name=SOFTLIM||title=Soft%20limit||value=%3E135||index=5||Class=TextItem]/element;
sendKeys;scLocator=//Portlet[ID="liquidity_ord_tab_2"]/item[0][Class="ListGrid"]/filterEditor/editRowForm/item[name=SOFTLIM||title=Soft%20limit||value=%3E135||index=5||Class=TextItem]/element;${KEY_ENTER}
waitForElementReadyForKeyPresses;scLocator=//Portlet[ID="liquidity_ord_tab_2"]/item[0][Class="ListGrid"]/filterEditor/editRowForm/item[name=SOFTLIM||title=Soft%20limit||value=%3E999999999999999999999999999||index=5||Class=TextItem]/element;
sendKeys;scLocator=//Portlet[ID="liquidity_ord_tab_2"]/item[0][Class="ListGrid"]/filterEditor/editRowForm/item[name=SOFTLIM||title=Soft%20limit||value=%3E999999999999999999999999999||index=5||Class=TextItem]/element;${KEY_ENTER}
waitForElementClickable;scLocator=//Portlet[ID="liquidity_ord_tab_2"]/item[0][Class="ListGrid"]/filterEditor/editRowForm/item[name=SOFTLIM||title=Soft%20limit||value=%3E999999999999999999999999999||index=5||Class=TextItem]/element;
click;scLocator=//Portlet[ID="liquidity_ord_tab_2"]/item[0][Class="ListGrid"]/filterEditor/editRowForm/item[name=SOFTLIM||title=Soft%20limit||value=%3E999999999999999999999999999||index=5||Class=TextItem]/element;
waitForElementReadyForKeyPresses;scLocator=//Portlet[ID="liquidity_ord_tab_2"]/item[0][Class="ListGrid"]/filterEditor/editRowForm/item[name=SOFTLIM||title=Soft%20limit||index=5||Class=TextItem]/element;
sendKeys;scLocator=//Portlet[ID="liquidity_ord_tab_2"]/item[0][Class="ListGrid"]/filterEditor/editRowForm/item[name=SOFTLIM||title=Soft%20limit||index=5||Class=TextItem]/element;${KEY_ENTER}
waitForElementClickable;scLocator=//Portlet[ID="liquidity_ord_tab_2"]/item[0][Class="ListGrid"]/filterEditor/editRowForm/item[name=SOFTLIM||title=Soft%20limit||index=5||Class=TextItem]/element;
type;scLocator=//Portlet[ID="liquidity_ord_tab_2"]/item[0][Class="ListGrid"]/filterEditor/editRowForm/item[name=SOFTLIM||title=Soft%20limit||index=5||Class=TextItem]/element;
waitForElementClickable;scLocator=//Portlet[ID="liquidity_ord_tab_2"]/item[0][Class="ListGrid"]/filterEditor/editRowForm/item[name=HARDLIM||title=Hard%20limit||index=4||Class=TextItem]/element;
click;scLocator=//Portlet[ID="liquidity_ord_tab_2"]/item[0][Class="ListGrid"]/filterEditor/editRowForm/item[name=HARDLIM||title=Hard%20limit||index=4||Class=TextItem]/element;
waitForElementReadyForKeyPresses;scLocator=//Portlet[ID="liquidity_ord_tab_2"]/item[0][Class="ListGrid"]/filterEditor/editRowForm/item[name=HARDLIM||title=Hard%20limit||value=%3E100||index=4||Class=TextItem]/element;
sendKeys;scLocator=//Portlet[ID="liquidity_ord_tab_2"]/item[0][Class="ListGrid"]/filterEditor/editRowForm/item[name=HARDLIM||title=Hard%20limit||value=%3E100||index=4||Class=TextItem]/element;${KEY_ENTER}
waitForElementClickable;scLocator=//Portlet[ID="liquidity_ord_tab_2"]/item[0][Class="ListGrid"]/filterEditor/editRowForm/item[name=HARDLIM||title=Hard%20limit||value=%3E100||index=4||Class=TextItem]/element;
type;scLocator=//Portlet[ID="liquidity_ord_tab_2"]/item[0][Class="ListGrid"]/filterEditor/editRowForm/item[name=HARDLIM||title=Hard%20limit||value=%3E100||index=4||Class=TextItem]/element;>100
waitForElementClickable;scLocator=//Portlet[ID="liquidity_ord_tab_2"]/item[0][Class="ListGrid"]/body/row[REF_DT=Wed May 24 2017 12:00:00 GMT+0200 (W. Europe Standard Time)||HARDLIM=1100000000.00000000||0]/col[fieldName=HARDLIM||4];
click;scLocator=//Portlet[ID="liquidity_ord_tab_2"]/item[0][Class="ListGrid"]/body/row[REF_DT=Wed May 24 2017 12:00:00 GMT+0200 (W. Europe Standard Time)||HARDLIM=1100000000.00000000||0]/col[fieldName=HARDLIM||4];
waitForElementClickable;scLocator=//Portlet[ID="liquidity_ord_tab_2"]/item[0][Class="ListGrid"]/body/row[REF_DT=Wed May 24 2017 12:00:00 GMT+0200 (W. Europe Standard Time)||HARDLIM=1100000000.00000000||0]/col[fieldName=HARDLIM||4];
contextMenu;scLocator=//Portlet[ID="liquidity_ord_tab_2"]/item[0][Class="ListGrid"]/body/row[REF_DT=Wed May 24 2017 12:00:00 GMT+0200 (W. Europe Standard Time)||HARDLIM=1100000000.00000000||0]/col[fieldName=HARDLIM||4];
waitForElementClickable;scLocator=//Menu[level=0]/body/row[title=Copy||0]/col[fieldName=title||1];
click;scLocator=//Menu[level=0]/body/row[title=Copy||0]/col[fieldName=title||1];
waitForElementClickable;scLocator=//autoID[Class=Dialog||index=70||length=72||classIndex=0||classLength=1||roleIndex=0||roleLength=1||title=Copy%20Cells||scRole=alertdialog]/item[0][Class="DynamicForm"]/item[name=done||title=Done||index=2||Class=ButtonItem]/button/;
click;scLocator=//autoID[Class=Dialog||index=70||length=72||classIndex=0||classLength=1||roleIndex=0||roleLength=1||title=Copy%20Cells||scRole=alertdialog]/item[0][Class="DynamicForm"]/item[name=done||title=Done||index=2||Class=ButtonItem]/button/;
waitForElementClickable;scLocator=//Portlet[ID="liquidity_ord_tab_2"]/headerLabelLayout[Class=HStack||index=0||length=1||classIndex=0||classLength=1]/;
waitForElementClickable;scLocator=//autoID[Class=Canvas||index=80||length=81||classIndex=1||classLength=2]/;
dragAndDropToObject;scLocator=//Portlet[ID="liquidity_ord_tab_2"]/headerLabelLayout[Class=HStack||index=0||length=1||classIndex=0||classLength=1]/;scLocator=//autoID[Class=Canvas||index=80||length=81||classIndex=1||classLength=2]/
waitForElementClickable;scLocator=//Portlet[ID="liquidity_ord_tab_2"]/item[0][Class="ListGrid"]/filterEditor/editRowForm/item[name=HARDLIM||title=Hard%20limit||value=%3E100||index=4||Class=TextItem]/element;
click;scLocator=//Portlet[ID="liquidity_ord_tab_2"]/item[0][Class="ListGrid"]/filterEditor/editRowForm/item[name=HARDLIM||title=Hard%20limit||value=%3E100||index=4||Class=TextItem]/element;
waitForElementReadyForKeyPresses;scLocator=//Portlet[ID="liquidity_ord_tab_2"]/item[0][Class="ListGrid"]/filterEditor/editRowForm/item[name=HARDLIM||title=Hard%20limit||value=%3E%221100000000.00000000%22||index=4||Class=TextItem]/element;
sendKeys;scLocator=//Portlet[ID="liquidity_ord_tab_2"]/item[0][Class="ListGrid"]/filterEditor/editRowForm/item[name=HARDLIM||title=Hard%20limit||value=%3E%221100000000.00000000%22||index=4||Class=TextItem]/element;${KEY_ENTER}
waitForElementClickable;scLocator=//Portlet[ID="liquidity_ord_tab_2"]/item[0][Class="ListGrid"]/filterEditor/editRowForm/item[name=HARDLIM||title=Hard%20limit||value=%3E%221100000000.00000000%22||index=4||Class=TextItem]/element;
click;scLocator=//Portlet[ID="liquidity_ord_tab_2"]/item[0][Class="ListGrid"]/filterEditor/editRowForm/item[name=HARDLIM||title=Hard%20limit||value=%3E%221100000000.00000000%22||index=4||Class=TextItem]/element;
waitForElementReadyForKeyPresses;scLocator=//Portlet[ID="liquidity_ord_tab_2"]/item[0][Class="ListGrid"]/filterEditor/editRowForm/item[name=HARDLIM||title=Hard%20limit||value=%3E%221100000000.00000000||index=4||Class=TextItem]/element;
sendKeys;scLocator=//Portlet[ID="liquidity_ord_tab_2"]/item[0][Class="ListGrid"]/filterEditor/editRowForm/item[name=HARDLIM||title=Hard%20limit||value=%3E%221100000000.00000000||index=4||Class=TextItem]/element;${KEY_CTRL}${KEY_LEFT}${KEY_CTRL}
waitForElementReadyForKeyPresses;scLocator=//Portlet[ID="liquidity_ord_tab_2"]/item[0][Class="ListGrid"]/filterEditor/editRowForm/item[name=HARDLIM||title=Hard%20limit||value=%3E%221100000000.00000000||index=4||Class=TextItem]/element;
sendKeys;scLocator=//Portlet[ID="liquidity_ord_tab_2"]/item[0][Class="ListGrid"]/filterEditor/editRowForm/item[name=HARDLIM||title=Hard%20limit||value=%3E%221100000000.00000000||index=4||Class=TextItem]/element;${KEY_CTRL}${KEY_LEFT}${KEY_CTRL}
waitForElementReadyForKeyPresses;scLocator=//Portlet[ID="liquidity_ord_tab_2"]/item[0][Class="ListGrid"]/filterEditor/editRowForm/item[name=HARDLIM||title=Hard%20limit||value=%3E%221100000000.00000000||index=4||Class=TextItem]/element;
sendKeys;scLocator=//Portlet[ID="liquidity_ord_tab_2"]/item[0][Class="ListGrid"]/filterEditor/editRowForm/item[name=HARDLIM||title=Hard%20limit||value=%3E%221100000000.00000000||index=4||Class=TextItem]/element;${KEY_CTRL}${KEY_LEFT}${KEY_CTRL}
waitForElementReadyForKeyPresses;scLocator=//Portlet[ID="liquidity_ord_tab_2"]/item[0][Class="ListGrid"]/filterEditor/editRowForm/item[name=HARDLIM||title=Hard%20limit||value=%3E%221100000000.00000000||index=4||Class=TextItem]/element;
sendKeys;scLocator=//Portlet[ID="liquidity_ord_tab_2"]/item[0][Class="ListGrid"]/filterEditor/editRowForm/item[name=HARDLIM||title=Hard%20limit||value=%3E%221100000000.00000000||index=4||Class=TextItem]/element;${KEY_CTRL}${KEY_LEFT}${KEY_CTRL}
waitForElementReadyForKeyPresses;scLocator=//Portlet[ID="liquidity_ord_tab_2"]/item[0][Class="ListGrid"]/filterEditor/editRowForm/item[name=HARDLIM||title=Hard%20limit||value=%3E%221100000000.00000000||index=4||Class=TextItem]/element;
sendKeys;scLocator=//Portlet[ID="liquidity_ord_tab_2"]/item[0][Class="ListGrid"]/filterEditor/editRowForm/item[name=HARDLIM||title=Hard%20limit||value=%3E%221100000000.00000000||index=4||Class=TextItem]/element;${KEY_RIGHT}
waitForElementReadyForKeyPresses;scLocator=//Portlet[ID="liquidity_ord_tab_2"]/item[0][Class="ListGrid"]/filterEditor/editRowForm/item[name=HARDLIM||title=Hard%20limit||value=%3E%221100000000.00000000||index=4||Class=TextItem]/element;
sendKeys;scLocator=//Portlet[ID="liquidity_ord_tab_2"]/item[0][Class="ListGrid"]/filterEditor/editRowForm/item[name=HARDLIM||title=Hard%20limit||value=%3E%221100000000.00000000||index=4||Class=TextItem]/element;${KEY_RIGHT}
waitForElementReadyForKeyPresses;scLocator=//Portlet[ID="liquidity_ord_tab_2"]/item[0][Class="ListGrid"]/filterEditor/editRowForm/item[name=HARDLIM||title=Hard%20limit||value=%3E1100000000.00000000||index=4||Class=TextItem]/element;
sendKeys;scLocator=//Portlet[ID="liquidity_ord_tab_2"]/item[0][Class="ListGrid"]/filterEditor/editRowForm/item[name=HARDLIM||title=Hard%20limit||value=%3E1100000000.00000000||index=4||Class=TextItem]/element;${KEY_ENTER}
waitForElementClickable;scLocator=//Portlet[ID="liquidity_ord_tab_2"]/item[0][Class="ListGrid"]/filterEditor/editRowForm/item[name=HARDLIM||title=Hard%20limit||value=%3E1100000000.00000000||index=4||Class=TextItem]/element;
click;scLocator=//Portlet[ID="liquidity_ord_tab_2"]/item[0][Class="ListGrid"]/filterEditor/editRowForm/item[name=HARDLIM||title=Hard%20limit||value=%3E1100000000.00000000||index=4||Class=TextItem]/element;
waitForElementReadyForKeyPresses;scLocator=//Portlet[ID="liquidity_ord_tab_2"]/item[0][Class="ListGrid"]/filterEditor/editRowForm/item[name=HARDLIM||title=Hard%20limit||value=%3E1100000000.00000000||index=4||Class=TextItem]/element;
sendKeys;scLocator=//Portlet[ID="liquidity_ord_tab_2"]/item[0][Class="ListGrid"]/filterEditor/editRowForm/item[name=HARDLIM||title=Hard%20limit||value=%3E1100000000.00000000||index=4||Class=TextItem]/element;${KEY_SHIFT}${KEY_CTRL}${KEY_RIGHT}${KEY_CTRL}${KEY_SHIFT}
waitForElementReadyForKeyPresses;scLocator=//Portlet[ID="liquidity_ord_tab_2"]/item[0][Class="ListGrid"]/filterEditor/editRowForm/item[name=HARDLIM||title=Hard%20limit||value=%3E1100000000.00000000||index=4||Class=TextItem]/element;
sendKeys;scLocator=//Portlet[ID="liquidity_ord_tab_2"]/item[0][Class="ListGrid"]/filterEditor/editRowForm/item[name=HARDLIM||title=Hard%20limit||value=%3E1100000000.00000000||index=4||Class=TextItem]/element;${KEY_SHIFT}${KEY_CTRL}${KEY_RIGHT}${KEY_CTRL}${KEY_SHIFT}
waitForElementReadyForKeyPresses;scLocator=//Portlet[ID="liquidity_ord_tab_2"]/item[0][Class="ListGrid"]/filterEditor/editRowForm/item[name=HARDLIM||title=Hard%20limit||value=%3E1100000000.00000000||index=4||Class=TextItem]/element;
sendKeys;scLocator=//Portlet[ID="liquidity_ord_tab_2"]/item[0][Class="ListGrid"]/filterEditor/editRowForm/item[name=HARDLIM||title=Hard%20limit||value=%3E1100000000.00000000||index=4||Class=TextItem]/element;${KEY_SHIFT}${KEY_CTRL}${KEY_RIGHT}${KEY_CTRL}${KEY_SHIFT}
waitForElementReadyForKeyPresses;scLocator=//Portlet[ID="liquidity_ord_tab_2"]/item[0][Class="ListGrid"]/filterEditor/editRowForm/item[name=HARDLIM||title=Hard%20limit||value=%3E1100000000||index=4||Class=TextItem]/element;
sendKeys;scLocator=//Portlet[ID="liquidity_ord_tab_2"]/item[0][Class="ListGrid"]/filterEditor/editRowForm/item[name=HARDLIM||title=Hard%20limit||value=%3E1100000000||index=4||Class=TextItem]/element;${KEY_ENTER}
waitForElementClickable;scLocator=//Portlet[ID="liquidity_ord_tab_2"]/item[0][Class="ListGrid"]/filterEditor/editRowForm/item[name=HARDLIM||title=Hard%20limit||value=%3E1100000000||index=4||Class=TextItem]/element;
type;scLocator=//Portlet[ID="liquidity_ord_tab_2"]/item[0][Class="ListGrid"]/filterEditor/editRowForm/item[name=HARDLIM||title=Hard%20limit||value=%3E1100000000||index=4||Class=TextItem]/element;>1100000000
waitForElementClickable;scLocator=//Portlet[ID="liquidity_ord_tab_2"]/item[0][Class="ListGrid"]/filterEditor/editRowForm/item[name=SOFTLIM||title=Soft%20limit||index=5||Class=TextItem]/element;
click;scLocator=//Portlet[ID="liquidity_ord_tab_2"]/item[0][Class="ListGrid"]/filterEditor/editRowForm/item[name=SOFTLIM||title=Soft%20limit||index=5||Class=TextItem]/element;
waitForElementReadyForKeyPresses;scLocator=//Portlet[ID="liquidity_ord_tab_2"]/item[0][Class="ListGrid"]/filterEditor/editRowForm/item[name=SOFTLIM||title=Soft%20limit||value=%3E100000000000||index=5||Class=TextItem]/element;
sendKeys;scLocator=//Portlet[ID="liquidity_ord_tab_2"]/item[0][Class="ListGrid"]/filterEditor/editRowForm/item[name=SOFTLIM||title=Soft%20limit||value=%3E100000000000||index=5||Class=TextItem]/element;${KEY_ENTER}
waitForElementClickable;scLocator=//Portlet[ID="liquidity_ord_tab_2"]/item[0][Class="ListGrid"]/filterEditor/editRowForm/item[name=SOFTLIM||title=Soft%20limit||value=%3E100000000000||index=5||Class=TextItem]/element;
click;scLocator=//Portlet[ID="liquidity_ord_tab_2"]/item[0][Class="ListGrid"]/filterEditor/editRowForm/item[name=SOFTLIM||title=Soft%20limit||value=%3E100000000000||index=5||Class=TextItem]/element;
waitForElementReadyForKeyPresses;scLocator=//Portlet[ID="liquidity_ord_tab_2"]/item[0][Class="ListGrid"]/filterEditor/editRowForm/item[name=SOFTLIM||title=Soft%20limit||value=%3E1000000000000000000||index=5||Class=TextItem]/element;
sendKeys;scLocator=//Portlet[ID="liquidity_ord_tab_2"]/item[0][Class="ListGrid"]/filterEditor/editRowForm/item[name=SOFTLIM||title=Soft%20limit||value=%3E1000000000000000000||index=5||Class=TextItem]/element;${KEY_ENTER}
waitForElementClickable;scLocator=//Portlet[ID="liquidity_ord_tab_2"]/item[0][Class="ListGrid"]/filterEditor/editRowForm/item[name=SOFTLIM||title=Soft%20limit||value=%3E1000000000000000000||index=5||Class=TextItem]/element;
click;scLocator=//Portlet[ID="liquidity_ord_tab_2"]/item[0][Class="ListGrid"]/filterEditor/editRowForm/item[name=SOFTLIM||title=Soft%20limit||value=%3E1000000000000000000||index=5||Class=TextItem]/element;
waitForElementReadyForKeyPresses;scLocator=//Portlet[ID="liquidity_ord_tab_2"]/item[0][Class="ListGrid"]/filterEditor/editRowForm/item[name=SOFTLIM||title=Soft%20limit||value=%3E%3E1000000000000000000||index=5||Class=TextItem]/element;
sendKeys;scLocator=//Portlet[ID="liquidity_ord_tab_2"]/item[0][Class="ListGrid"]/filterEditor/editRowForm/item[name=SOFTLIM||title=Soft%20limit||value=%3E%3E1000000000000000000||index=5||Class=TextItem]/element;${KEY_ENTER}
waitForElementReadyForKeyPresses;scLocator=//Portlet[ID="liquidity_ord_tab_2"]/item[0][Class="ListGrid"]/filterEditor/editRowForm/item[name=SOFTLIM||title=Soft%20limit||value=%3E%3E1000000000000000000||index=5||Class=TextItem]/element;
sendKeys;scLocator=//Portlet[ID="liquidity_ord_tab_2"]/item[0][Class="ListGrid"]/filterEditor/editRowForm/item[name=SOFTLIM||title=Soft%20limit||value=%3E%3E1000000000000000000||index=5||Class=TextItem]/element;${KEY_CTRL}${KEY_RIGHT}${KEY_CTRL}
waitForElementReadyForKeyPresses;scLocator=//Portlet[ID="liquidity_ord_tab_2"]/item[0][Class="ListGrid"]/filterEditor/editRowForm/item[name=SOFTLIM||title=Soft%20limit||value=%3E%3E1000000||index=5||Class=TextItem]/element;
sendKeys;scLocator=//Portlet[ID="liquidity_ord_tab_2"]/item[0][Class="ListGrid"]/filterEditor/editRowForm/item[name=SOFTLIM||title=Soft%20limit||value=%3E%3E1000000||index=5||Class=TextItem]/element;${KEY_ENTER}
waitForElementReadyForKeyPresses;scLocator=//Portlet[ID="liquidity_ord_tab_2"]/item[0][Class="ListGrid"]/filterEditor/editRowForm/item[name=SOFTLIM||title=Soft%20limit||value=%3E%3E1000000||index=5||Class=TextItem]/element;
sendKeys;scLocator=//Portlet[ID="liquidity_ord_tab_2"]/item[0][Class="ListGrid"]/filterEditor/editRowForm/item[name=SOFTLIM||title=Soft%20limit||value=%3E%3E1000000||index=5||Class=TextItem]/element;${KEY_ENTER}
waitForElementClickable;scLocator=//Portlet[ID="liquidity_ord_tab_2"]/item[0][Class="ListGrid"]/filterEditor/editRowForm/item[name=SOFTLIM||title=Soft%20limit||value=%3E%3E1000000||index=5||Class=TextItem]/element;
click;scLocator=//Portlet[ID="liquidity_ord_tab_2"]/item[0][Class="ListGrid"]/filterEditor/editRowForm/item[name=SOFTLIM||title=Soft%20limit||value=%3E%3E1000000||index=5||Class=TextItem]/element;
waitForElementReadyForKeyPresses;scLocator=//Portlet[ID="liquidity_ord_tab_2"]/item[0][Class="ListGrid"]/filterEditor/editRowForm/item[name=SOFTLIM||title=Soft%20limit||value=%3E%3E1000000||index=5||Class=TextItem]/element;
sendKeys;scLocator=//Portlet[ID="liquidity_ord_tab_2"]/item[0][Class="ListGrid"]/filterEditor/editRowForm/item[name=SOFTLIM||title=Soft%20limit||value=%3E%3E1000000||index=5||Class=TextItem]/element;${KEY_ENTER}
waitForElementClickable;scLocator=//Portlet[ID="liquidity_ord_tab_2"]/item[0][Class="ListGrid"]/filterEditor/editRowForm/item[name=SOFTLIM||title=Soft%20limit||value=%3E%3E10||index=5||Class=TextItem]/element;
click;scLocator=//Portlet[ID="liquidity_ord_tab_2"]/item[0][Class="ListGrid"]/filterEditor/editRowForm/item[name=SOFTLIM||title=Soft%20limit||value=%3E%3E10||index=5||Class=TextItem]/element;
waitForElementReadyForKeyPresses;scLocator=//Portlet[ID="liquidity_ord_tab_2"]/item[0][Class="ListGrid"]/filterEditor/editRowForm/item[name=SOFTLIM||title=Soft%20limit||value=%3E10||index=5||Class=TextItem]/element;
sendKeys;scLocator=//Portlet[ID="liquidity_ord_tab_2"]/item[0][Class="ListGrid"]/filterEditor/editRowForm/item[name=SOFTLIM||title=Soft%20limit||value=%3E10||index=5||Class=TextItem]/element;${KEY_ENTER}
waitForElementClickable;scLocator=//Portlet[ID="liquidity_ord_tab_2"]/item[0][Class="ListGrid"]/filterEditor/editRowForm/item[name=SOFTLIM||title=Soft%20limit||value=%3E10||index=5||Class=TextItem]/element;
click;scLocator=//Portlet[ID="liquidity_ord_tab_2"]/item[0][Class="ListGrid"]/filterEditor/editRowForm/item[name=SOFTLIM||title=Soft%20limit||value=%3E10||index=5||Class=TextItem]/element;
waitForElementReadyForKeyPresses;scLocator=//Portlet[ID="liquidity_ord_tab_2"]/item[0][Class="ListGrid"]/filterEditor/editRowForm/item[name=SOFTLIM||title=Soft%20limit||index=5||Class=TextItem]/element;
sendKeys;scLocator=//Portlet[ID="liquidity_ord_tab_2"]/item[0][Class="ListGrid"]/filterEditor/editRowForm/item[name=SOFTLIM||title=Soft%20limit||index=5||Class=TextItem]/element;${KEY_ENTER}
waitForElementClickable;scLocator=//Portlet[ID="liquidity_ord_tab_2"]/item[0][Class="ListGrid"]/filterEditor/editRowForm/item[name=HARDLIM||title=Hard%20limit||value=%3E1100000000||index=4||Class=TextItem]/element;
click;scLocator=//Portlet[ID="liquidity_ord_tab_2"]/item[0][Class="ListGrid"]/filterEditor/editRowForm/item[name=HARDLIM||title=Hard%20limit||value=%3E1100000000||index=4||Class=TextItem]/element;
waitForElementReadyForKeyPresses;scLocator=//Portlet[ID="liquidity_ord_tab_2"]/item[0][Class="ListGrid"]/filterEditor/editRowForm/item[name=HARDLIM||title=Hard%20limit||value=%3E1100000000||index=4||Class=TextItem]/element;
sendKeys;scLocator=//Portlet[ID="liquidity_ord_tab_2"]/item[0][Class="ListGrid"]/filterEditor/editRowForm/item[name=HARDLIM||title=Hard%20limit||value=%3E1100000000||index=4||Class=TextItem]/element;${KEY_ENTER}
waitForElementReadyForKeyPresses;scLocator=//Portlet[ID="liquidity_ord_tab_2"]/item[0][Class="ListGrid"]/filterEditor/editRowForm/item[name=HARDLIM||title=Hard%20limit||value=%3E1100000000||index=4||Class=TextItem]/element;
sendKeys;scLocator=//Portlet[ID="liquidity_ord_tab_2"]/item[0][Class="ListGrid"]/filterEditor/editRowForm/item[name=HARDLIM||title=Hard%20limit||value=%3E1100000000||index=4||Class=TextItem]/element;${KEY_ENTER}
waitForElementClickable;scLocator=//Portlet[ID="liquidity_ord_tab_2"]/item[0][Class="ListGrid"]/filterEditor/editRowForm/item[name=HARDLIM||title=Hard%20limit||value=%3E1100000000||index=4||Class=TextItem]/element;
click;scLocator=//Portlet[ID="liquidity_ord_tab_2"]/item[0][Class="ListGrid"]/filterEditor/editRowForm/item[name=HARDLIM||title=Hard%20limit||value=%3E1100000000||index=4||Class=TextItem]/element;
waitForElementReadyForKeyPresses;scLocator=//Portlet[ID="liquidity_ord_tab_2"]/item[0][Class="ListGrid"]/filterEditor/editRowForm/item[name=HARDLIM||title=Hard%20limit||value=%3E1100||index=4||Class=TextItem]/element;
sendKeys;scLocator=//Portlet[ID="liquidity_ord_tab_2"]/item[0][Class="ListGrid"]/filterEditor/editRowForm/item[name=HARDLIM||title=Hard%20limit||value=%3E1100||index=4||Class=TextItem]/element;${KEY_ENTER}
waitForElementClickable;scLocator=//Portlet[ID="liquidity_ord_tab_2"]/item[0][Class="ListGrid"]/filterEditor/editRowForm/item[name=HARDLIM||title=Hard%20limit||value=%3E1100||index=4||Class=TextItem]/element;
click;scLocator=//Portlet[ID="liquidity_ord_tab_2"]/item[0][Class="ListGrid"]/filterEditor/editRowForm/item[name=HARDLIM||title=Hard%20limit||value=%3E1100||index=4||Class=TextItem]/element;
waitForElementReadyForKeyPresses;scLocator=//Portlet[ID="liquidity_ord_tab_2"]/item[0][Class="ListGrid"]/filterEditor/editRowForm/item[name=HARDLIM||title=Hard%20limit||value=%3E1100||index=4||Class=TextItem]/element;
sendKeys;scLocator=//Portlet[ID="liquidity_ord_tab_2"]/item[0][Class="ListGrid"]/filterEditor/editRowForm/item[name=HARDLIM||title=Hard%20limit||value=%3E1100||index=4||Class=TextItem]/element;${KEY_ENTER}
waitForElementReadyForKeyPresses;scLocator=//Portlet[ID="liquidity_ord_tab_2"]/item[0][Class="ListGrid"]/filterEditor/editRowForm/item[name=HARDLIM||title=Hard%20limit||value=%3E110000000000000000000||index=4||Class=TextItem]/element;
sendKeys;scLocator=//Portlet[ID="liquidity_ord_tab_2"]/item[0][Class="ListGrid"]/filterEditor/editRowForm/item[name=HARDLIM||title=Hard%20limit||value=%3E110000000000000000000||index=4||Class=TextItem]/element;${KEY_ENTER}
waitForElementClickable;scLocator=//Portlet[ID="liquidity_ord_tab_2"]/item[0][Class="ListGrid"]/filterEditor/editRowForm/item[name=HARDLIM||title=Hard%20limit||value=%3E110000000000000000000||index=4||Class=TextItem]/element;
click;scLocator=//Portlet[ID="liquidity_ord_tab_2"]/item[0][Class="ListGrid"]/filterEditor/editRowForm/item[name=HARDLIM||title=Hard%20limit||value=%3E110000000000000000000||index=4||Class=TextItem]/element;
waitForElementReadyForKeyPresses;scLocator=//Portlet[ID="liquidity_ord_tab_2"]/item[0][Class="ListGrid"]/filterEditor/editRowForm/item[name=HARDLIM||title=Hard%20limit||value=%3E110000000000000000000||index=4||Class=TextItem]/element;
sendKeys;scLocator=//Portlet[ID="liquidity_ord_tab_2"]/item[0][Class="ListGrid"]/filterEditor/editRowForm/item[name=HARDLIM||title=Hard%20limit||value=%3E110000000000000000000||index=4||Class=TextItem]/element;${KEY_CTRL}${KEY_LEFT}${KEY_CTRL}
waitForElementReadyForKeyPresses;scLocator=//Portlet[ID="liquidity_ord_tab_2"]/item[0][Class="ListGrid"]/filterEditor/editRowForm/item[name=HARDLIM||title=Hard%20limit||value=%3E110000000000000000000||index=4||Class=TextItem]/element;
sendKeys;scLocator=//Portlet[ID="liquidity_ord_tab_2"]/item[0][Class="ListGrid"]/filterEditor/editRowForm/item[name=HARDLIM||title=Hard%20limit||value=%3E110000000000000000000||index=4||Class=TextItem]/element;${KEY_CTRL}${KEY_LEFT}${KEY_CTRL}
waitForElementReadyForKeyPresses;scLocator=//Portlet[ID="liquidity_ord_tab_2"]/item[0][Class="ListGrid"]/filterEditor/editRowForm/item[name=HARDLIM||title=Hard%20limit||value=%3E110000000000000000000||index=4||Class=TextItem]/element;
sendKeys;scLocator=//Portlet[ID="liquidity_ord_tab_2"]/item[0][Class="ListGrid"]/filterEditor/editRowForm/item[name=HARDLIM||title=Hard%20limit||value=%3E110000000000000000000||index=4||Class=TextItem]/element;${KEY_CTRL}${KEY_LEFT}${KEY_CTRL}
waitForElementReadyForKeyPresses;scLocator=//Portlet[ID="liquidity_ord_tab_2"]/item[0][Class="ListGrid"]/filterEditor/editRowForm/item[name=HARDLIM||title=Hard%20limit||value=%3E110000000000000000000||index=4||Class=TextItem]/element;
sendKeys;scLocator=//Portlet[ID="liquidity_ord_tab_2"]/item[0][Class="ListGrid"]/filterEditor/editRowForm/item[name=HARDLIM||title=Hard%20limit||value=%3E110000000000000000000||index=4||Class=TextItem]/element;${KEY_CTRL}${KEY_LEFT}${KEY_CTRL}
waitForElementReadyForKeyPresses;scLocator=//Portlet[ID="liquidity_ord_tab_2"]/item[0][Class="ListGrid"]/filterEditor/editRowForm/item[name=HARDLIM||title=Hard%20limit||value=%3E110000000000000000000||index=4||Class=TextItem]/element;
sendKeys;scLocator=//Portlet[ID="liquidity_ord_tab_2"]/item[0][Class="ListGrid"]/filterEditor/editRowForm/item[name=HARDLIM||title=Hard%20limit||value=%3E110000000000000000000||index=4||Class=TextItem]/element;${KEY_CTRL}${KEY_LEFT}${KEY_CTRL}
waitForElementReadyForKeyPresses;scLocator=//Portlet[ID="liquidity_ord_tab_2"]/item[0][Class="ListGrid"]/filterEditor/editRowForm/item[name=HARDLIM||title=Hard%20limit||value=%3E110000000000000000000||index=4||Class=TextItem]/element;
sendKeys;scLocator=//Portlet[ID="liquidity_ord_tab_2"]/item[0][Class="ListGrid"]/filterEditor/editRowForm/item[name=HARDLIM||title=Hard%20limit||value=%3E110000000000000000000||index=4||Class=TextItem]/element;${KEY_CTRL}${KEY_RIGHT}${KEY_CTRL}
waitForElementReadyForKeyPresses;scLocator=//Portlet[ID="liquidity_ord_tab_2"]/item[0][Class="ListGrid"]/filterEditor/editRowForm/item[name=HARDLIM||title=Hard%20limit||value=%3E110000000000000000000||index=4||Class=TextItem]/element;
sendKeys;scLocator=//Portlet[ID="liquidity_ord_tab_2"]/item[0][Class="ListGrid"]/filterEditor/editRowForm/item[name=HARDLIM||title=Hard%20limit||value=%3E110000000000000000000||index=4||Class=TextItem]/element;${KEY_CTRL}${KEY_LEFT}${KEY_CTRL}
waitForElementReadyForKeyPresses;scLocator=//Portlet[ID="liquidity_ord_tab_2"]/item[0][Class="ListGrid"]/filterEditor/editRowForm/item[name=HARDLIM||title=Hard%20limit||value=%3E110000000000000000000||index=4||Class=TextItem]/element;
sendKeys;scLocator=//Portlet[ID="liquidity_ord_tab_2"]/item[0][Class="ListGrid"]/filterEditor/editRowForm/item[name=HARDLIM||title=Hard%20limit||value=%3E110000000000000000000||index=4||Class=TextItem]/element;${KEY_CTRL}${KEY_LEFT}${KEY_CTRL}
waitForElementReadyForKeyPresses;scLocator=//Portlet[ID="liquidity_ord_tab_2"]/item[0][Class="ListGrid"]/filterEditor/editRowForm/item[name=HARDLIM||title=Hard%20limit||value=%3E110000000000000000000||index=4||Class=TextItem]/element;
sendKeys;scLocator=//Portlet[ID="liquidity_ord_tab_2"]/item[0][Class="ListGrid"]/filterEditor/editRowForm/item[name=HARDLIM||title=Hard%20limit||value=%3E110000000000000000000||index=4||Class=TextItem]/element;${KEY_CTRL}${KEY_LEFT}${KEY_CTRL}
waitForElementReadyForKeyPresses;scLocator=//Portlet[ID="liquidity_ord_tab_2"]/item[0][Class="ListGrid"]/filterEditor/editRowForm/item[name=HARDLIM||title=Hard%20limit||value=%3E110000000000000000000||index=4||Class=TextItem]/element;
sendKeys;scLocator=//Portlet[ID="liquidity_ord_tab_2"]/item[0][Class="ListGrid"]/filterEditor/editRowForm/item[name=HARDLIM||title=Hard%20limit||value=%3E110000000000000000000||index=4||Class=TextItem]/element;${KEY_CTRL}${KEY_LEFT}${KEY_CTRL}
waitForElementClickable;scLocator=//Portlet[ID="liquidity_ord_tab_2"]/item[0][Class="ListGrid"]/filterEditor/editRowForm/item[name=HARDLIM||title=Hard%20limit||value=%3E110000000000000000000||index=4||Class=TextItem]/element;
type;scLocator=//Portlet[ID="liquidity_ord_tab_2"]/item[0][Class="ListGrid"]/filterEditor/editRowForm/item[name=HARDLIM||title=Hard%20limit||value=%3E110000000000000000000||index=4||Class=TextItem]/element;>110000000000000000000
waitForElementClickable;scLocator=//Portlet[ID="liquidity_ord_tab_2"]/item[0][Class="ListGrid"]/filterEditor/editRowForm/item[name=NETDAYUNB||title=Net%20daily%20unbalances||index=3||Class=FloatItem]/element;
click;scLocator=//Portlet[ID="liquidity_ord_tab_2"]/item[0][Class="ListGrid"]/filterEditor/editRowForm/item[name=NETDAYUNB||title=Net%20daily%20unbalances||index=3||Class=FloatItem]/element;
waitForElementReadyForKeyPresses;scLocator=//Portlet[ID="liquidity_ord_tab_2"]/item[0][Class="ListGrid"]/filterEditor/editRowForm/item[name=NETDAYUNB||title=Net%20daily%20unbalances||value=%3E100||index=3||Class=FloatItem]/element;
sendKeys;scLocator=//Portlet[ID="liquidity_ord_tab_2"]/item[0][Class="ListGrid"]/filterEditor/editRowForm/item[name=NETDAYUNB||title=Net%20daily%20unbalances||value=%3E100||index=3||Class=FloatItem]/element;${KEY_ENTER}
waitForElementClickable;scLocator=//Portlet[ID="liquidity_ord_tab_2"]/item[0][Class="ListGrid"]/filterEditor/editRowForm/item[name=NETDAYUNB||title=Net%20daily%20unbalances||value=%3E100||index=3||Class=FloatItem]/element;
type;scLocator=//Portlet[ID="liquidity_ord_tab_2"]/item[0][Class="ListGrid"]/filterEditor/editRowForm/item[name=NETDAYUNB||title=Net%20daily%20unbalances||value=%3E100||index=3||Class=FloatItem]/element;>100
waitForElementClickable;scLocator=//Portlet[ID="liquidity_ord_tab_2"]/item[0][Class="ListGrid"]/body/row[REF_DT=Fri Jul 17 2015 12:00:00 GMT+0200 (W. Europe Standard Time)||NETDAYUNB=416898510.25||0]/col[fieldName=NETDAYUNB||3];
click;scLocator=//Portlet[ID="liquidity_ord_tab_2"]/item[0][Class="ListGrid"]/body/row[REF_DT=Fri Jul 17 2015 12:00:00 GMT+0200 (W. Europe Standard Time)||NETDAYUNB=416898510.25||0]/col[fieldName=NETDAYUNB||3];
waitForElementClickable;scLocator=//Portlet[ID="liquidity_ord_tab_2"]/item[0][Class="ListGrid"]/body/row[REF_DT=Fri Jul 17 2015 12:00:00 GMT+0200 (W. Europe Standard Time)||NETDAYUNB=416898510.25||0]/col[fieldName=NETDAYUNB||3];
contextMenu;scLocator=//Portlet[ID="liquidity_ord_tab_2"]/item[0][Class="ListGrid"]/body/row[REF_DT=Fri Jul 17 2015 12:00:00 GMT+0200 (W. Europe Standard Time)||NETDAYUNB=416898510.25||0]/col[fieldName=NETDAYUNB||3];
waitForElementClickable;scLocator=//Menu[level=0]/body/row[title=Copy||0]/col[fieldName=title||1];
click;scLocator=//Menu[level=0]/body/row[title=Copy||0]/col[fieldName=title||1];
waitForElementClickable;scLocator=//autoID[Class=Dialog||index=87||length=89||classIndex=0||classLength=1||roleIndex=0||roleLength=1||title=Copy%20Cells||scRole=alertdialog]/item[0][Class="DynamicForm"]/item[name=done||title=Done||index=2||Class=ButtonItem]/button/;
click;scLocator=//autoID[Class=Dialog||index=87||length=89||classIndex=0||classLength=1||roleIndex=0||roleLength=1||title=Copy%20Cells||scRole=alertdialog]/item[0][Class="DynamicForm"]/item[name=done||title=Done||index=2||Class=ButtonItem]/button/;
waitForElementClickable;scLocator=//Portlet[ID="liquidity_ord_tab_2"]/item[0][Class="ListGrid"]/filterEditor/editRowForm/item[name=NETDAYUNB||title=Net%20daily%20unbalances||value=%3E100||index=3||Class=FloatItem]/element;
click;scLocator=//Portlet[ID="liquidity_ord_tab_2"]/item[0][Class="ListGrid"]/filterEditor/editRowForm/item[name=NETDAYUNB||title=Net%20daily%20unbalances||value=%3E100||index=3||Class=FloatItem]/element;
waitForElementReadyForKeyPresses;scLocator=//Portlet[ID="liquidity_ord_tab_2"]/item[0][Class="ListGrid"]/filterEditor/editRowForm/item[name=NETDAYUNB||title=Net%20daily%20unbalances||value=%3E%22416898510.25%22||index=3||Class=FloatItem]/element;
sendKeys;scLocator=//Portlet[ID="liquidity_ord_tab_2"]/item[0][Class="ListGrid"]/filterEditor/editRowForm/item[name=NETDAYUNB||title=Net%20daily%20unbalances||value=%3E%22416898510.25%22||index=3||Class=FloatItem]/element;${KEY_ENTER}
waitForElementClickable;scLocator=//Portlet[ID="liquidity_ord_tab_2"]/item[0][Class="ListGrid"]/filterEditor/editRowForm/item[name=NETDAYUNB||title=Net%20daily%20unbalances||value=%3E%22416898510.25%22||index=3||Class=FloatItem]/element;
click;scLocator=//Portlet[ID="liquidity_ord_tab_2"]/item[0][Class="ListGrid"]/filterEditor/editRowForm/item[name=NETDAYUNB||title=Net%20daily%20unbalances||value=%3E%22416898510.25%22||index=3||Class=FloatItem]/element;
waitForElementClickable;scLocator=//Portlet[ID="liquidity_ord_tab_2"]/item[0][Class="ListGrid"]/filterEditor/editRowForm/item[name=NETDAYUNB||title=Net%20daily%20unbalances||value=%3E416898510.25%22||index=3||Class=FloatItem]/element;
click;scLocator=//Portlet[ID="liquidity_ord_tab_2"]/item[0][Class="ListGrid"]/filterEditor/editRowForm/item[name=NETDAYUNB||title=Net%20daily%20unbalances||value=%3E416898510.25%22||index=3||Class=FloatItem]/element;
waitForElementReadyForKeyPresses;scLocator=//Portlet[ID="liquidity_ord_tab_2"]/item[0][Class="ListGrid"]/filterEditor/editRowForm/item[name=NETDAYUNB||title=Net%20daily%20unbalances||value=%3E416898510.25||index=3||Class=FloatItem]/element;
sendKeys;scLocator=//Portlet[ID="liquidity_ord_tab_2"]/item[0][Class="ListGrid"]/filterEditor/editRowForm/item[name=NETDAYUNB||title=Net%20daily%20unbalances||value=%3E416898510.25||index=3||Class=FloatItem]/element;${KEY_ENTER}
waitForElementClickable;scLocator=//Portlet[ID="liquidity_ord_tab_2"]/item[0][Class="ListGrid"]/filterEditor/editRowForm/item[name=NETDAYUNB||title=Net%20daily%20unbalances||value=%3E416898510.25||index=3||Class=FloatItem]/element;
click;scLocator=//Portlet[ID="liquidity_ord_tab_2"]/item[0][Class="ListGrid"]/filterEditor/editRowForm/item[name=NETDAYUNB||title=Net%20daily%20unbalances||value=%3E416898510.25||index=3||Class=FloatItem]/element;
waitForElementReadyForKeyPresses;scLocator=//Portlet[ID="liquidity_ord_tab_2"]/item[0][Class="ListGrid"]/filterEditor/editRowForm/item[name=NETDAYUNB||title=Net%20daily%20unbalances||value=%3E416898510||index=3||Class=FloatItem]/element;
sendKeys;scLocator=//Portlet[ID="liquidity_ord_tab_2"]/item[0][Class="ListGrid"]/filterEditor/editRowForm/item[name=NETDAYUNB||title=Net%20daily%20unbalances||value=%3E416898510||index=3||Class=FloatItem]/element;${KEY_ENTER}
waitForElementClickable;scLocator=//Portlet[ID="liquidity_ord_tab_2"]/item[0][Class="ListGrid"]/filterEditor/editRowForm/item[name=NETDAYUNB||title=Net%20daily%20unbalances||value=%3E416898510||index=3||Class=FloatItem]/element;
click;scLocator=//Portlet[ID="liquidity_ord_tab_2"]/item[0][Class="ListGrid"]/filterEditor/editRowForm/item[name=NETDAYUNB||title=Net%20daily%20unbalances||value=%3E416898510||index=3||Class=FloatItem]/element;
waitForElementReadyForKeyPresses;scLocator=//Portlet[ID="liquidity_ord_tab_2"]/item[0][Class="ListGrid"]/filterEditor/editRowForm/item[name=NETDAYUNB||title=Net%20daily%20unbalances||value=%3C416898510||index=3||Class=FloatItem]/element;
sendKeys;scLocator=//Portlet[ID="liquidity_ord_tab_2"]/item[0][Class="ListGrid"]/filterEditor/editRowForm/item[name=NETDAYUNB||title=Net%20daily%20unbalances||value=%3C416898510||index=3||Class=FloatItem]/element;${KEY_ENTER}
waitForElementClickable;scLocator=//Portlet[ID="liquidity_ord_tab_2"]/item[0][Class="ListGrid"]/filterEditor/editRowForm/item[name=NETDAYUNB||title=Net%20daily%20unbalances||value=%3C416898510||index=3||Class=FloatItem]/element;
type;scLocator=//Portlet[ID="liquidity_ord_tab_2"]/item[0][Class="ListGrid"]/filterEditor/editRowForm/item[name=NETDAYUNB||title=Net%20daily%20unbalances||value=%3C416898510||index=3||Class=FloatItem]/element;<416898510
waitForElementClickable;scLocator=//Portlet[ID="liquidity_ord_tab_2"]/item[0][Class="ListGrid"]/filterEditor/editRowForm/item[name=TOTLIQRES||title=Total%20Liquid%20Resources||index=2||Class=FloatItem]/element;
click;scLocator=//Portlet[ID="liquidity_ord_tab_2"]/item[0][Class="ListGrid"]/filterEditor/editRowForm/item[name=TOTLIQRES||title=Total%20Liquid%20Resources||index=2||Class=FloatItem]/element;
waitForElementReadyForKeyPresses;scLocator=//Portlet[ID="liquidity_ord_tab_2"]/item[0][Class="ListGrid"]/filterEditor/editRowForm/item[name=TOTLIQRES||title=Total%20Liquid%20Resources||value=%3E100000000000000||index=2||Class=FloatItem]/element;
sendKeys;scLocator=//Portlet[ID="liquidity_ord_tab_2"]/item[0][Class="ListGrid"]/filterEditor/editRowForm/item[name=TOTLIQRES||title=Total%20Liquid%20Resources||value=%3E100000000000000||index=2||Class=FloatItem]/element;${KEY_ENTER}
waitForElementReadyForKeyPresses;scLocator=//Portlet[ID="liquidity_ord_tab_2"]/item[0][Class="ListGrid"]/filterEditor/editRowForm/item[name=TOTLIQRES||title=Total%20Liquid%20Resources||value=%3E10000000||index=2||Class=FloatItem]/element;
sendKeys;scLocator=//Portlet[ID="liquidity_ord_tab_2"]/item[0][Class="ListGrid"]/filterEditor/editRowForm/item[name=TOTLIQRES||title=Total%20Liquid%20Resources||value=%3E10000000||index=2||Class=FloatItem]/element;${KEY_ENTER}
waitForElementClickable;scLocator=//Portlet[ID="liquidity_ord_tab_2"]/item[0][Class="ListGrid"]/filterEditor/editRowForm/item[name=TOTLIQRES||title=Total%20Liquid%20Resources||value=%3E10000000||index=2||Class=FloatItem]/element;
type;scLocator=//Portlet[ID="liquidity_ord_tab_2"]/item[0][Class="ListGrid"]/filterEditor/editRowForm/item[name=TOTLIQRES||title=Total%20Liquid%20Resources||value=%3E10000000||index=2||Class=FloatItem]/element;>10000000
waitForElementClickable;scLocator=//Portlet[ID="liquidity_ord_tab_2"]/item[0][Class="ListGrid"]/body/row[REF_DT=Thu Jul 16 2015 12:00:00 GMT+0200 (W. Europe Standard Time)||0]/col[fieldName=%2472v||0]/valueicon;
click;scLocator=//Portlet[ID="liquidity_ord_tab_2"]/item[0][Class="ListGrid"]/body/row[REF_DT=Thu Jul 16 2015 12:00:00 GMT+0200 (W. Europe Standard Time)||0]/col[fieldName=%2472v||0]/valueicon;
waitForElementClickable;scLocator=//Portlet[ID="liquidity_ord_tab_2"]/item[0][Class="ListGrid"]/filterEditor/editRowForm/item[name=REF_DT||title=Date%20ref.||index=1||Class=MiniDateRangeItem]/[icon="showDateRange"];
click;scLocator=//Portlet[ID="liquidity_ord_tab_2"]/item[0][Class="ListGrid"]/filterEditor/editRowForm/item[name=REF_DT||title=Date%20ref.||index=1||Class=MiniDateRangeItem]/[icon="showDateRange"];
waitForElementClickable;scLocator=//Portlet[ID="liquidity_ord_tab_2"]/item[0][Class="ListGrid"]/filterEditor/editRowForm/item[name=REF_DT||title=Date%20ref.||index=1||Class=MiniDateRangeItem]/rangeDialog/rangeForm/item[name=REF_DT||title=REF_DT||index=0||Class=DateRangeItem]/dateRangeForm/item[name=fromField||title=From||index=0||Class=RelativeDateItem]/editor/item[name=valueField||title=valueField||index=0||Class=ComboBoxItem]/[icon="picker"];
click;scLocator=//Portlet[ID="liquidity_ord_tab_2"]/item[0][Class="ListGrid"]/filterEditor/editRowForm/item[name=REF_DT||title=Date%20ref.||index=1||Class=MiniDateRangeItem]/rangeDialog/rangeForm/item[name=REF_DT||title=REF_DT||index=0||Class=DateRangeItem]/dateRangeForm/item[name=fromField||title=From||index=0||Class=RelativeDateItem]/editor/item[name=valueField||title=valueField||index=0||Class=ComboBoxItem]/[icon="picker"];
waitForElementClickable;scLocator=//Portlet[ID="liquidity_ord_tab_2"]/item[0][Class="ListGrid"]/filterEditor/editRowForm/item[name=REF_DT||title=Date%20ref.||index=1||Class=MiniDateRangeItem]/rangeDialog/rangeForm/item[name=REF_DT||title=REF_DT||index=0||Class=DateRangeItem]/dateRangeForm/item[name=fromField||title=From||index=0||Class=RelativeDateItem]/editor/item[name=iconPlaceholder||title=iconPlaceholder||index=2||Class=StaticTextItem]/[icon="chooserIcon"];
click;scLocator=//Portlet[ID="liquidity_ord_tab_2"]/item[0][Class="ListGrid"]/filterEditor/editRowForm/item[name=REF_DT||title=Date%20ref.||index=1||Class=MiniDateRangeItem]/rangeDialog/rangeForm/item[name=REF_DT||title=REF_DT||index=0||Class=DateRangeItem]/dateRangeForm/item[name=fromField||title=From||index=0||Class=RelativeDateItem]/editor/item[name=iconPlaceholder||title=iconPlaceholder||index=2||Class=StaticTextItem]/[icon="chooserIcon"];
waitForElementClickable;scLocator=//autoID[Class=DateChooser||index=112||length=115||classIndex=0||classLength=1]/dateGrid/body/row[Mon=Mon May 01 2017 12:00:00 GMT+0200 (W. Europe Standard Time)||0]/col[fieldName=Mon||1];
click;scLocator=//autoID[Class=DateChooser||index=112||length=115||classIndex=0||classLength=1]/dateGrid/body/row[Mon=Mon May 01 2017 12:00:00 GMT+0200 (W. Europe Standard Time)||0]/col[fieldName=Mon||1];
waitForElementClickable;scLocator=//Portlet[ID="liquidity_ord_tab_2"]/item[0][Class="ListGrid"]/filterEditor/editRowForm/item[name=REF_DT||title=Date%20ref.||value=[object Object]||index=1||Class=MiniDateRangeItem]/rangeDialog/okButton/;
click;scLocator=//Portlet[ID="liquidity_ord_tab_2"]/item[0][Class="ListGrid"]/filterEditor/editRowForm/item[name=REF_DT||title=Date%20ref.||value=[object Object]||index=1||Class=MiniDateRangeItem]/rangeDialog/okButton/;
waitForElementClickable;scLocator=//Portlet[ID="liquidity_ord_tab_2"]/item[0][Class="ListGrid"]/filterEditor/editRowForm/item[name=REF_DT||title=Date%20ref.||value=[object Object]||index=1||Class=MiniDateRangeItem]/[icon="showDateRange"];
click;scLocator=//Portlet[ID="liquidity_ord_tab_2"]/item[0][Class="ListGrid"]/filterEditor/editRowForm/item[name=REF_DT||title=Date%20ref.||value=[object Object]||index=1||Class=MiniDateRangeItem]/[icon="showDateRange"];
waitForElementClickable;scLocator=//Portlet[ID="liquidity_ord_tab_2"]/item[0][Class="ListGrid"]/filterEditor/editRowForm/item[name=REF_DT||title=Date%20ref.||value=[object Object]||index=1||Class=MiniDateRangeItem]/rangeDialog/rangeForm/item[name=REF_DT||title=REF_DT||value=[object Object]||index=0||Class=DateRangeItem]/dateRangeForm/item[name=toField||title=To||index=1||Class=RelativeDateItem]/editor/item[name=valueField||title=valueField||index=0||Class=ComboBoxItem]/[icon="picker"];
click;scLocator=//Portlet[ID="liquidity_ord_tab_2"]/item[0][Class="ListGrid"]/filterEditor/editRowForm/item[name=REF_DT||title=Date%20ref.||value=[object Object]||index=1||Class=MiniDateRangeItem]/rangeDialog/rangeForm/item[name=REF_DT||title=REF_DT||value=[object Object]||index=0||Class=DateRangeItem]/dateRangeForm/item[name=toField||title=To||index=1||Class=RelativeDateItem]/editor/item[name=valueField||title=valueField||index=0||Class=ComboBoxItem]/[icon="picker"];
waitForElementClickable;scLocator=//Portlet[ID="liquidity_ord_tab_2"]/item[0][Class="ListGrid"]/filterEditor/editRowForm/item[name=REF_DT||title=Date%20ref.||value=[object Object]||index=1||Class=MiniDateRangeItem]/rangeDialog/rangeForm/item[name=REF_DT||title=REF_DT||value=[object Object]||index=0||Class=DateRangeItem]/dateRangeForm/item[name=toField||title=To||index=1||Class=RelativeDateItem]/editor/item[name=valueField||title=valueField||index=0||Class=ComboBoxItem]/pickList/body/row[valueField=%24yesterday||1]/col[fieldName=valueField||0];
click;scLocator=//Portlet[ID="liquidity_ord_tab_2"]/item[0][Class="ListGrid"]/filterEditor/editRowForm/item[name=REF_DT||title=Date%20ref.||value=[object Object]||index=1||Class=MiniDateRangeItem]/rangeDialog/rangeForm/item[name=REF_DT||title=REF_DT||value=[object Object]||index=0||Class=DateRangeItem]/dateRangeForm/item[name=toField||title=To||index=1||Class=RelativeDateItem]/editor/item[name=valueField||title=valueField||index=0||Class=ComboBoxItem]/pickList/body/row[valueField=%24yesterday||1]/col[fieldName=valueField||0];
waitForElementClickable;scLocator=//Portlet[ID="liquidity_ord_tab_2"]/item[0][Class="ListGrid"]/filterEditor/editRowForm/item[name=REF_DT||title=Date%20ref.||value=[object Object]||index=1||Class=MiniDateRangeItem]/rangeDialog/okButton/;
click;scLocator=//Portlet[ID="liquidity_ord_tab_2"]/item[0][Class="ListGrid"]/filterEditor/editRowForm/item[name=REF_DT||title=Date%20ref.||value=[object Object]||index=1||Class=MiniDateRangeItem]/rangeDialog/okButton/;
waitForElementClickable;scLocator=//Portlet[ID="liquidity_ord_tab_2"]/item[0][Class="ListGrid"]/filterEditor/editRowForm/item[name=REF_DT||title=Date%20ref.||value=[object Object]||index=1||Class=MiniDateRangeItem]/[icon="showDateRange"];
sendKeys;scLocator=//Portlet[ID="liquidity_ord_tab_2"]/item[0][Class="ListGrid"]/filterEditor/editRowForm/item[name=REF_DT||title=Date%20ref.||value=[object Object]||index=1||Class=MiniDateRangeItem]/[icon="showDateRange"];${KEY_ENTER}
waitForElementClickable;scLocator=//Portlet[ID="liquidity_ord_tab_2"]/item[0][Class="ListGrid"]/filterEditor/editRowForm/item[name=REF_DT||title=Date%20ref.||value=[object Object]||index=1||Class=MiniDateRangeItem]/rangeDialog/okButton/;
click;scLocator=//Portlet[ID="liquidity_ord_tab_2"]/item[0][Class="ListGrid"]/filterEditor/editRowForm/item[name=REF_DT||title=Date%20ref.||value=[object Object]||index=1||Class=MiniDateRangeItem]/rangeDialog/okButton/;
waitForElementClickable;scLocator=//Portlet[ID="liquidity_ord_tab_2"]/item[0][Class="ListGrid"]/filterEditor/editRowForm/item[name=TOTLIQRES||title=Total%20Liquid%20Resources||value=%3E10000000||index=2||Class=FloatItem]/element;
click;scLocator=//Portlet[ID="liquidity_ord_tab_2"]/item[0][Class="ListGrid"]/filterEditor/editRowForm/item[name=TOTLIQRES||title=Total%20Liquid%20Resources||value=%3E10000000||index=2||Class=FloatItem]/element;
waitForElementReadyForKeyPresses;scLocator=//Portlet[ID="liquidity_ord_tab_2"]/item[0][Class="ListGrid"]/filterEditor/editRowForm/item[name=TOTLIQRES||title=Total%20Liquid%20Resources||index=2||Class=FloatItem]/element;
sendKeys;scLocator=//Portlet[ID="liquidity_ord_tab_2"]/item[0][Class="ListGrid"]/filterEditor/editRowForm/item[name=TOTLIQRES||title=Total%20Liquid%20Resources||index=2||Class=FloatItem]/element;${KEY_ENTER}
waitForElementClickable;scLocator=//Portlet[ID="liquidity_ord_tab_2"]/item[0][Class="ListGrid"]/filterEditor/editRowForm/item[name=TOTLIQRES||title=Total%20Liquid%20Resources||index=2||Class=FloatItem]/element;
type;scLocator=//Portlet[ID="liquidity_ord_tab_2"]/item[0][Class="ListGrid"]/filterEditor/editRowForm/item[name=TOTLIQRES||title=Total%20Liquid%20Resources||index=2||Class=FloatItem]/element;
waitForElementClickable;scLocator=//Portlet[ID="liquidity_ord_tab_2"]/item[0][Class="ListGrid"]/filterEditor/editRowForm/item[name=NETDAYUNB||title=Net%20daily%20unbalances||value=%3C416898510||index=3||Class=FloatItem]/element;
click;scLocator=//Portlet[ID="liquidity_ord_tab_2"]/item[0][Class="ListGrid"]/filterEditor/editRowForm/item[name=NETDAYUNB||title=Net%20daily%20unbalances||value=%3C416898510||index=3||Class=FloatItem]/element;
waitForElementReadyForKeyPresses;scLocator=//Portlet[ID="liquidity_ord_tab_2"]/item[0][Class="ListGrid"]/filterEditor/editRowForm/item[name=NETDAYUNB||title=Net%20daily%20unbalances||index=3||Class=FloatItem]/element;
sendKeys;scLocator=//Portlet[ID="liquidity_ord_tab_2"]/item[0][Class="ListGrid"]/filterEditor/editRowForm/item[name=NETDAYUNB||title=Net%20daily%20unbalances||index=3||Class=FloatItem]/element;${KEY_ENTER}
waitForElementClickable;scLocator=//Portlet[ID="liquidity_ord_tab_2"]/item[0][Class="ListGrid"]/filterEditor/editRowForm/item[name=NETDAYUNB||title=Net%20daily%20unbalances||index=3||Class=FloatItem]/element;
type;scLocator=//Portlet[ID="liquidity_ord_tab_2"]/item[0][Class="ListGrid"]/filterEditor/editRowForm/item[name=NETDAYUNB||title=Net%20daily%20unbalances||index=3||Class=FloatItem]/element;
waitForElementClickable;scLocator=//Portlet[ID="liquidity_ord_tab_2"]/item[0][Class="ListGrid"]/filterEditor/editRowForm/item[name=HARDLIM||title=Hard%20limit||value=%3E110000000000000000000||index=4||Class=TextItem]/element;
click;scLocator=//Portlet[ID="liquidity_ord_tab_2"]/item[0][Class="ListGrid"]/filterEditor/editRowForm/item[name=HARDLIM||title=Hard%20limit||value=%3E110000000000000000000||index=4||Class=TextItem]/element;
waitForElementReadyForKeyPresses;scLocator=//Portlet[ID="liquidity_ord_tab_2"]/item[0][Class="ListGrid"]/filterEditor/editRowForm/item[name=HARDLIM||title=Hard%20limit||index=4||Class=TextItem]/element;
sendKeys;scLocator=//Portlet[ID="liquidity_ord_tab_2"]/item[0][Class="ListGrid"]/filterEditor/editRowForm/item[name=HARDLIM||title=Hard%20limit||index=4||Class=TextItem]/element;${KEY_ENTER}
waitForElementClickable;scLocator=//Portlet[ID="liquidity_ord_tab_2"]/item[0][Class="ListGrid"]/filterEditor/editRowForm/item[name=HARDLIM||title=Hard%20limit||index=4||Class=TextItem]/element;
type;scLocator=//Portlet[ID="liquidity_ord_tab_2"]/item[0][Class="ListGrid"]/filterEditor/editRowForm/item[name=HARDLIM||title=Hard%20limit||index=4||Class=TextItem]/element;
waitForElementClickable;scLocator=//Portlet[ID="liquidity_ord_tab_2"]/item[0][Class="ListGrid"]/body/row[REF_DT=Thu May 25 2017 12:00:00 GMT+0200 (W. Europe Standard Time)||0]/col[fieldName=%2472v||0]/valueicon;
click;scLocator=//Portlet[ID="liquidity_ord_tab_2"]/item[0][Class="ListGrid"]/body/row[REF_DT=Thu May 25 2017 12:00:00 GMT+0200 (W. Europe Standard Time)||0]/col[fieldName=%2472v||0]/valueicon;
