
command,target,value
echo;;RU02-NUC01-T03.rctest
open;/LiqPortalWEB/;Liquidity Portal - Countries - Grouping
type;id=Username;mpetracc
type;id=Password;.mpetrac06
clickAndWait;id=submitLabel;
waitForElementClickable;scLocator=//Menu[level=1]/body/row[3]/col[fieldName=title||0];
click;scLocator=//Menu[level=1]/body/row[3]/col[fieldName=title||0];
waitForElementClickable;scLocator=//Portlet[ID="refdata_country_tab_2"]/maximizeButton/;
click;scLocator=//Portlet[ID="refdata_country_tab_2"]/maximizeButton/;
waitForElementClickable;scLocator=//Portlet[ID="refdata_country_tab_2"]/item[0][Class="ListGrid"]/headerMenuButton/icon;
click;scLocator=//Portlet[ID="refdata_country_tab_2"]/item[0][Class="ListGrid"]/headerMenuButton/icon;
waitForElementClickable;scLocator=//Portlet[ID="refdata_country_tab_2"]/item[0][Class="ListGrid"]/headerContextMenu[Class=Menu||index=0||length=1||classIndex=0||classLength=1||roleIndex=0||roleLength=1||scRole=menu]/body/row[title=Group%20by%20Country%20zone||8]/col[fieldName=title||1];
click;scLocator=//Portlet[ID="refdata_country_tab_2"]/item[0][Class="ListGrid"]/headerContextMenu[Class=Menu||index=0||length=1||classIndex=0||classLength=1||roleIndex=0||roleLength=1||scRole=menu]/body/row[title=Group%20by%20Country%20zone||8]/col[fieldName=title||1];
waitForElementClickable;scLocator=//Portlet[ID="refdata_country_tab_2"]/item[0][Class="ListGrid"]/body/row[groupValue=Africa||0]/col[fieldName=COUNTRY_ISO3||0];
click;scLocator=//Portlet[ID="refdata_country_tab_2"]/item[0][Class="ListGrid"]/body/row[groupValue=Africa||0]/col[fieldName=COUNTRY_ISO3||0];
waitForElementClickable;scLocator=//Portlet[ID="refdata_country_tab_2"]/item[0][Class="ListGrid"]/body/row[groupValue=Africa||0]/col[fieldName=COUNTRY_ISO3||0];
click;scLocator=//Portlet[ID="refdata_country_tab_2"]/item[0][Class="ListGrid"]/body/row[groupValue=Africa||0]/col[fieldName=COUNTRY_ISO3||0];
waitForElementClickable;scLocator=//Portlet[ID="refdata_country_tab_2"]/item[0][Class="ListGrid"]/headerMenuButton/;
click;scLocator=//Portlet[ID="refdata_country_tab_2"]/item[0][Class="ListGrid"]/headerMenuButton/;
waitForElementClickable;scLocator=//Portlet[ID="refdata_country_tab_2"]/item[0][Class="ListGrid"]/headerContextMenu[Class=Menu||index=0||length=1||classIndex=0||classLength=1||roleIndex=0||roleLength=1||scRole=menu]/body/row[title=Add%20summary%20column...||15]/col[fieldName=title||1];
click;scLocator=//Portlet[ID="refdata_country_tab_2"]/item[0][Class="ListGrid"]/headerContextMenu[Class=Menu||index=0||length=1||classIndex=0||classLength=1||roleIndex=0||roleLength=1||scRole=menu]/body/row[title=Add%20summary%20column...||15]/col[fieldName=title||1];
waitForElementClickable;scLocator=//Portlet[ID="refdata_country_tab_2"]/item[0][Class="ListGrid"]/fieldEditorWindow/item[0][Class="SummaryBuilder"]/saveAddAnotherButton/;
click;scLocator=//Portlet[ID="refdata_country_tab_2"]/item[0][Class="ListGrid"]/fieldEditorWindow/item[0][Class="SummaryBuilder"]/saveAddAnotherButton/;
waitForElementClickable;scLocator=//Dialog[ID="isc_globalWarn"]/okButton/;
click;scLocator=//Dialog[ID="isc_globalWarn"]/okButton/;
waitForElementClickable;scLocator=//Portlet[ID="refdata_country_tab_2"]/item[0][Class="ListGrid"]/fieldEditorWindow/item[0][Class="SummaryBuilder"]/saveButton/;
click;scLocator=//Portlet[ID="refdata_country_tab_2"]/item[0][Class="ListGrid"]/fieldEditorWindow/item[0][Class="SummaryBuilder"]/saveButton/;
waitForElementClickable;scLocator=//Dialog[ID="isc_globalWarn"]/okButton/;
click;scLocator=//Dialog[ID="isc_globalWarn"]/okButton/;
waitForElementClickable;scLocator=//Portlet[ID="refdata_country_tab_2"]/item[0][Class="ListGrid"]/fieldEditorWindow/item[0][Class="SummaryBuilder"]/fieldKey/body/row[name=COUNTRY_ISO2||title=Country%20ISO2||1]/col[fieldName=title||1];
click;scLocator=//Portlet[ID="refdata_country_tab_2"]/item[0][Class="ListGrid"]/fieldEditorWindow/item[0][Class="SummaryBuilder"]/fieldKey/body/row[name=COUNTRY_ISO2||title=Country%20ISO2||1]/col[fieldName=title||1];
waitForElementClickable;scLocator=//Portlet[ID="refdata_country_tab_2"]/item[0][Class="ListGrid"]/fieldEditorWindow/item[0][Class="SummaryBuilder"]/saveAddAnotherButton/;
click;scLocator=//Portlet[ID="refdata_country_tab_2"]/item[0][Class="ListGrid"]/fieldEditorWindow/item[0][Class="SummaryBuilder"]/saveAddAnotherButton/;
waitForElementClickable;scLocator=//Portlet[ID="refdata_country_tab_2"]/item[0][Class="ListGrid"]/fieldEditorWindow/closeButton/;
click;scLocator=//Portlet[ID="refdata_country_tab_2"]/item[0][Class="ListGrid"]/fieldEditorWindow/closeButton/;
waitForElementClickable;scLocator=//Portlet[ID="refdata_country_tab_2"]/item[0][Class="ListGrid"]/header/headerButton[fieldName=summaryField1]/L;
waitForElementClickable;scLocator=//Portlet[ID="refdata_country_tab_2"]/item[0][Class="ListGrid"]/body/row[COUNTRY_ISO3=EGY||2]/col[fieldName=COUNTRY_ISO3||0];
dragAndDropToObject;scLocator=//Portlet[ID="refdata_country_tab_2"]/item[0][Class="ListGrid"]/header/headerButton[fieldName=summaryField1]/L;scLocator=//Portlet[ID="refdata_country_tab_2"]/item[0][Class="ListGrid"]/body/row[COUNTRY_ISO3=EGY||2]/col[fieldName=COUNTRY_ISO3||0]
waitForElementClickable;scLocator=//Portlet[ID="refdata_country_tab_2"]/item[0][Class="ListGrid"]/headerMenuButton/icon;
click;scLocator=//Portlet[ID="refdata_country_tab_2"]/item[0][Class="ListGrid"]/headerMenuButton/icon;
waitForElementClickable;scLocator=//Portlet[ID="refdata_country_tab_2"]/item[0][Class="ListGrid"]/headerContextMenu[Class=Menu||index=0||length=1||classIndex=0||classLength=1||roleIndex=0||roleLength=1||scRole=menu]/body/row[title=Ungroup||9]/col[fieldName=title||1];
click;scLocator=//Portlet[ID="refdata_country_tab_2"]/item[0][Class="ListGrid"]/headerContextMenu[Class=Menu||index=0||length=1||classIndex=0||classLength=1||roleIndex=0||roleLength=1||scRole=menu]/body/row[title=Ungroup||9]/col[fieldName=title||1];
waitForElementClickable;scLocator=//Portlet[ID="refdata_country_tab_2"]/header/member[Class=Img||index=1||length=5||classIndex=0||classLength=1||name=main]/;
click;scLocator=//Portlet[ID="refdata_country_tab_2"]/header/member[Class=Img||index=1||length=5||classIndex=0||classLength=1||name=main]/;
waitForElementClickable;scLocator=//Portlet[ID="refdata_country_tab_2"]/item[0][Class="ListGrid"]/headerMenuButton/icon;
click;scLocator=//Portlet[ID="refdata_country_tab_2"]/item[0][Class="ListGrid"]/headerMenuButton/icon;
waitForElementClickable;scLocator=//Portlet[ID="refdata_country_tab_2"]/item[0][Class="ListGrid"]/headerContextMenu[Class=Menu||index=0||length=1||classIndex=0||classLength=1||roleIndex=0||roleLength=1||scRole=menu]/body/row[title=Remove%20summary%20column..||11]/col[fieldName=title||1];
click;scLocator=//Portlet[ID="refdata_country_tab_2"]/item[0][Class="ListGrid"]/headerContextMenu[Class=Menu||index=0||length=1||classIndex=0||classLength=1||roleIndex=0||roleLength=1||scRole=menu]/body/row[title=Remove%20summary%20column..||11]/col[fieldName=title||1];
