
command,target,value
echo;;RU03-NUC01-T03.rctest
open;/LiqPortalWEB/;Liquidity Portal - Liq. Items - Grouping
type;id=Username;mpetracc
type;id=Password;.mpetrac06
clickAndWait;id=submitLabel;
waitForElementClickable;scLocator=//Menu[level=1]/body/row[3]/col[fieldName=title||0];
click;scLocator=//Menu[level=1]/body/row[3]/col[fieldName=title||0];
waitForElementClickable;scLocator=//Portlet[ID="liquidity_items_tab_2"]/maximizeButton/;
click;scLocator=//Portlet[ID="liquidity_items_tab_2"]/maximizeButton/;
waitForElementClickable;scLocator=//Portlet[ID="liquidity_items_tab_2"]/item[0][Class="ListGrid"]/headerMenuButton/;
click;scLocator=//Portlet[ID="liquidity_items_tab_2"]/item[0][Class="ListGrid"]/headerMenuButton/;
waitForElementClickable;scLocator=//Portlet[ID="liquidity_items_tab_2"]/item[0][Class="ListGrid"]/headerContextMenu[Class=Menu||index=0||length=1||classIndex=0||classLength=1||roleIndex=0||roleLength=1||scRole=menu]/body/row[title=Group%20by%20Item%20group%20ID.||8]/col[fieldName=title||1];
click;scLocator=//Portlet[ID="liquidity_items_tab_2"]/item[0][Class="ListGrid"]/headerContextMenu[Class=Menu||index=0||length=1||classIndex=0||classLength=1||roleIndex=0||roleLength=1||scRole=menu]/body/row[title=Group%20by%20Item%20group%20ID.||8]/col[fieldName=title||1];
waitForElementClickable;scLocator=//Portlet[ID="liquidity_items_tab_2"]/item[0][Class="ListGrid"]/headerMenuButton/;
click;scLocator=//Portlet[ID="liquidity_items_tab_2"]/item[0][Class="ListGrid"]/headerMenuButton/;
waitForElementClickable;scLocator=//Portlet[ID="liquidity_items_tab_2"]/item[0][Class="ListGrid"]/headerContextMenu[Class=Menu||index=0||length=1||classIndex=0||classLength=1||roleIndex=0||roleLength=1||scRole=menu]/body/row[title=Add%20summary%20column...||16]/col[fieldName=title||1];
click;scLocator=//Portlet[ID="liquidity_items_tab_2"]/item[0][Class="ListGrid"]/headerContextMenu[Class=Menu||index=0||length=1||classIndex=0||classLength=1||roleIndex=0||roleLength=1||scRole=menu]/body/row[title=Add%20summary%20column...||16]/col[fieldName=title||1];
waitForElementClickable;scLocator=//Portlet[ID="liquidity_items_tab_2"]/item[0][Class="ListGrid"]/fieldEditorWindow/item[0][Class="SummaryBuilder"]/saveAddAnotherButton/;
click;scLocator=//Portlet[ID="liquidity_items_tab_2"]/item[0][Class="ListGrid"]/fieldEditorWindow/item[0][Class="SummaryBuilder"]/saveAddAnotherButton/;
waitForElementClickable;scLocator=//Dialog[ID="isc_globalWarn"]/okButton/;
click;scLocator=//Dialog[ID="isc_globalWarn"]/okButton/;
waitForElementClickable;scLocator=//Portlet[ID="liquidity_items_tab_2"]/item[0][Class="ListGrid"]/fieldEditorWindow/item[0][Class="SummaryBuilder"]/saveButton/;
click;scLocator=//Portlet[ID="liquidity_items_tab_2"]/item[0][Class="ListGrid"]/fieldEditorWindow/item[0][Class="SummaryBuilder"]/saveButton/;
waitForElementClickable;scLocator=//Dialog[ID="isc_globalWarn"]/closeButton/;
click;scLocator=//Dialog[ID="isc_globalWarn"]/closeButton/;
waitForElementClickable;scLocator=//Portlet[ID="liquidity_items_tab_2"]/item[0][Class="ListGrid"]/fieldEditorWindow/closeButton/;
click;scLocator=//Portlet[ID="liquidity_items_tab_2"]/item[0][Class="ListGrid"]/fieldEditorWindow/closeButton/;
waitForElementClickable;scLocator=//Portlet[ID="liquidity_items_tab_2"]/item[0][Class="ListGrid"]/filterEditor/editRowForm/item[name=CASH_AMNT||title=Cash%20amount||index=2||Class=FloatItem]/element;
click;scLocator=//Portlet[ID="liquidity_items_tab_2"]/item[0][Class="ListGrid"]/filterEditor/editRowForm/item[name=CASH_AMNT||title=Cash%20amount||index=2||Class=FloatItem]/element;
waitForElementClickable;scLocator=//Portlet[ID="liquidity_items_tab_2"]/item[0][Class="ListGrid"]/filterEditor/editRowForm/item[name=ITEM_ID||title=Item%20group%20ID.||index=3||Class=TextItem]/element;
click;scLocator=//Portlet[ID="liquidity_items_tab_2"]/item[0][Class="ListGrid"]/filterEditor/editRowForm/item[name=ITEM_ID||title=Item%20group%20ID.||index=3||Class=TextItem]/element;
waitForElementClickable;scLocator=//Portlet[ID="liquidity_items_tab_2"]/item[0][Class="ListGrid"]/headerMenuButton/;
click;scLocator=//Portlet[ID="liquidity_items_tab_2"]/item[0][Class="ListGrid"]/headerMenuButton/;
waitForElementClickable;scLocator=//Portlet[ID="liquidity_items_tab_2"]/item[0][Class="ListGrid"]/headerContextMenu[Class=Menu||index=0||length=1||classIndex=0||classLength=1||roleIndex=0||roleLength=1||scRole=menu]/body/row[title=Ungroup||10]/col[fieldName=title||1];
click;scLocator=//Portlet[ID="liquidity_items_tab_2"]/item[0][Class="ListGrid"]/headerContextMenu[Class=Menu||index=0||length=1||classIndex=0||classLength=1||roleIndex=0||roleLength=1||scRole=menu]/body/row[title=Ungroup||10]/col[fieldName=title||1];
waitForElementClickable;scLocator=//Portlet[ID="liquidity_items_tab_2"]/item[0][Class="ListGrid"]/filterEditor/actionButton/icon;
click;scLocator=//Portlet[ID="liquidity_items_tab_2"]/item[0][Class="ListGrid"]/filterEditor/actionButton/icon;
waitForElementClickable;scLocator=//Portlet[ID="liquidity_items_tab_2"]/header/member[Class=Img||index=1||length=5||classIndex=0||classLength=1||name=main]/;
click;scLocator=//Portlet[ID="liquidity_items_tab_2"]/header/member[Class=Img||index=1||length=5||classIndex=0||classLength=1||name=main]/;
