
command,target,value
echo;;RU03-NUC01-T01.rctest
open;/LiqPortalWEB/;Liquidity Portal - Liq. Items - View
type;id=Username;mpetracc
type;id=Password;.mpetrac06
clickAndWait;id=submitLabel;
waitForElementClickable;scLocator=//Menu[level=1]/body/row[3]/col[fieldName=title||0];
click;scLocator=//Menu[level=1]/body/row[3]/col[fieldName=title||0];
waitForElementClickable;scLocator=//Portlet[ID="liquidity_items_tab_2"]/maximizeButton/;
click;scLocator=//Portlet[ID="liquidity_items_tab_2"]/maximizeButton/;
