
command,target,value
echo;;RU03-NUC01-T02.rctest
open;/LiqPortalWEB/;Liquidity Portal - Liq. Items - Filters
type;id=Username;mpetracc
type;id=Password;.mpetrac06
clickAndWait;id=submitLabel;
waitForElementClickable;scLocator=//Menu[level=1]/body/row[3]/col[fieldName=title||0];
click;scLocator=//Menu[level=1]/body/row[3]/col[fieldName=title||0];
waitForElementClickable;scLocator=//Portlet[ID="liquidity_items_tab_2"]/maximizeButton/;
click;scLocator=//Portlet[ID="liquidity_items_tab_2"]/maximizeButton/;
waitForElementClickable;scLocator=//Portlet[ID="liquidity_items_tab_2"]/item[0][Class="ListGrid"]/filterEditor/editRowForm/item[title=Date%20ref.||value=[object Object]||index=1||Class=MiniDateRangeItem]/[icon="showDateRange"];
click;scLocator=//Portlet[ID="liquidity_items_tab_2"]/item[0][Class="ListGrid"]/filterEditor/editRowForm/item[title=Date%20ref.||value=[object Object]||index=1||Class=MiniDateRangeItem]/[icon="showDateRange"];
waitForElementClickable;scLocator=//Portlet[ID="liquidity_items_tab_2"]/item[0][Class="ListGrid"]/filterEditor/editRowForm/item[title=Date%20ref.||value=[object Object]||index=1||Class=MiniDateRangeItem]/rangeDialog/rangeForm/item[name=REF_DT||title=REF_DT||value=[object Object]||index=0||Class=DateRangeItem]/dateRangeForm/item[name=fromField||title=From||value=Fri May 26 2017 00:00:00 GMT+0200 (W. Europe Standard Time)||index=0||Class=RelativeDateItem]/editor/item[name=iconPlaceholder||title=iconPlaceholder||index=2||Class=StaticTextItem]/[icon="chooserIcon"];
click;scLocator=//Portlet[ID="liquidity_items_tab_2"]/item[0][Class="ListGrid"]/filterEditor/editRowForm/item[title=Date%20ref.||value=[object Object]||index=1||Class=MiniDateRangeItem]/rangeDialog/rangeForm/item[name=REF_DT||title=REF_DT||value=[object Object]||index=0||Class=DateRangeItem]/dateRangeForm/item[name=fromField||title=From||value=Fri May 26 2017 00:00:00 GMT+0200 (W. Europe Standard Time)||index=0||Class=RelativeDateItem]/editor/item[name=iconPlaceholder||title=iconPlaceholder||index=2||Class=StaticTextItem]/[icon="chooserIcon"];
waitForElementClickable;scLocator=//autoID[Class=DateChooser||index=57||length=76||classIndex=0||classLength=1]/nextYearButton/;
click;scLocator=//autoID[Class=DateChooser||index=57||length=76||classIndex=0||classLength=1]/nextYearButton/;
waitForElementClickable;scLocator=//autoID[Class=DateChooser||index=57||length=76||classIndex=0||classLength=1]/dateGrid/body/row[Tue=Tue May 01 2018 12:00:00 GMT+0200 (W. Europe Standard Time)||0]/col[fieldName=Tue||2];
click;scLocator=//autoID[Class=DateChooser||index=57||length=76||classIndex=0||classLength=1]/dateGrid/body/row[Tue=Tue May 01 2018 12:00:00 GMT+0200 (W. Europe Standard Time)||0]/col[fieldName=Tue||2];
waitForElementClickable;scLocator=//Portlet[ID="liquidity_items_tab_2"]/item[0][Class="ListGrid"]/filterEditor/editRowForm/item[title=Date%20ref.||value=[object Object]||index=1||Class=MiniDateRangeItem]/rangeDialog/rangeForm/item[name=REF_DT||title=REF_DT||value=[object Object]||index=0||Class=DateRangeItem]/dateRangeForm/item[name=toField||title=To||value=Mon Jun 26 2017 00:00:00 GMT+0200 (W. Europe Standard Time)||index=1||Class=RelativeDateItem]/editor/item[name=iconPlaceholder||title=iconPlaceholder||index=2||Class=StaticTextItem]/[icon="chooserIcon"];
click;scLocator=//Portlet[ID="liquidity_items_tab_2"]/item[0][Class="ListGrid"]/filterEditor/editRowForm/item[title=Date%20ref.||value=[object Object]||index=1||Class=MiniDateRangeItem]/rangeDialog/rangeForm/item[name=REF_DT||title=REF_DT||value=[object Object]||index=0||Class=DateRangeItem]/dateRangeForm/item[name=toField||title=To||value=Mon Jun 26 2017 00:00:00 GMT+0200 (W. Europe Standard Time)||index=1||Class=RelativeDateItem]/editor/item[name=iconPlaceholder||title=iconPlaceholder||index=2||Class=StaticTextItem]/[icon="chooserIcon"];
waitForElementClickable;scLocator=//autoID[Class=DateChooser||index=87||length=106||classIndex=1||classLength=2]/nextYearButton/;
click;scLocator=//autoID[Class=DateChooser||index=87||length=106||classIndex=1||classLength=2]/nextYearButton/;
waitForElementClickable;scLocator=//autoID[Class=DateChooser||index=87||length=106||classIndex=1||classLength=2]/dateGrid/body/row[Fri=Fri Jun 29 2018 12:00:00 GMT+0200 (W. Europe Standard Time)||4]/col[fieldName=Fri||5];
click;scLocator=//autoID[Class=DateChooser||index=87||length=106||classIndex=1||classLength=2]/dateGrid/body/row[Fri=Fri Jun 29 2018 12:00:00 GMT+0200 (W. Europe Standard Time)||4]/col[fieldName=Fri||5];
waitForElementClickable;scLocator=//Portlet[ID="liquidity_items_tab_2"]/item[0][Class="ListGrid"]/filterEditor/editRowForm/item[title=Date%20ref.||value=[object Object]||index=1||Class=MiniDateRangeItem]/rangeDialog/okButton/;
click;scLocator=//Portlet[ID="liquidity_items_tab_2"]/item[0][Class="ListGrid"]/filterEditor/editRowForm/item[title=Date%20ref.||value=[object Object]||index=1||Class=MiniDateRangeItem]/rangeDialog/okButton/;
waitForElementClickable;scLocator=//Portlet[ID="liquidity_items_tab_2"]/item[0][Class="ListGrid"]/filterEditor/editRowForm/item[title=Date%20ref.||value=[object Object]||index=1||Class=MiniDateRangeItem]/[icon="showDateRange"];
sendKeys;scLocator=//Portlet[ID="liquidity_items_tab_2"]/item[0][Class="ListGrid"]/filterEditor/editRowForm/item[title=Date%20ref.||value=[object Object]||index=1||Class=MiniDateRangeItem]/[icon="showDateRange"];${KEY_ENTER}
waitForElementClickable;scLocator=//Portlet[ID="liquidity_items_tab_2"]/item[0][Class="ListGrid"]/filterEditor/editRowForm/item[title=Date%20ref.||value=[object Object]||index=1||Class=MiniDateRangeItem]/rangeDialog/closeButton/;
click;scLocator=//Portlet[ID="liquidity_items_tab_2"]/item[0][Class="ListGrid"]/filterEditor/editRowForm/item[title=Date%20ref.||value=[object Object]||index=1||Class=MiniDateRangeItem]/rangeDialog/closeButton/;
waitForElementClickable;scLocator=//Portlet[ID="liquidity_items_tab_2"]/item[0][Class="ListGrid"]/filterEditor/editRowForm/item[title=Date%20ref.||value=[object Object]||index=1||Class=MiniDateRangeItem]/[icon="showDateRange"];
click;scLocator=//Portlet[ID="liquidity_items_tab_2"]/item[0][Class="ListGrid"]/filterEditor/editRowForm/item[title=Date%20ref.||value=[object Object]||index=1||Class=MiniDateRangeItem]/[icon="showDateRange"];
waitForElementClickable;scLocator=//Portlet[ID="liquidity_items_tab_2"]/item[0][Class="ListGrid"]/filterEditor/editRowForm/item[title=Date%20ref.||value=[object Object]||index=1||Class=MiniDateRangeItem]/rangeDialog/rangeForm/item[name=REF_DT||title=REF_DT||value=[object Object]||index=0||Class=DateRangeItem]/dateRangeForm/item[name=fromField||title=From||value=Tue May 01 2018 12:00:00 GMT+0200 (W. Europe Standard Time)||index=0||Class=RelativeDateItem]/editor/item[name=iconPlaceholder||title=iconPlaceholder||index=2||Class=StaticTextItem]/[icon="chooserIcon"];
click;scLocator=//Portlet[ID="liquidity_items_tab_2"]/item[0][Class="ListGrid"]/filterEditor/editRowForm/item[title=Date%20ref.||value=[object Object]||index=1||Class=MiniDateRangeItem]/rangeDialog/rangeForm/item[name=REF_DT||title=REF_DT||value=[object Object]||index=0||Class=DateRangeItem]/dateRangeForm/item[name=fromField||title=From||value=Tue May 01 2018 12:00:00 GMT+0200 (W. Europe Standard Time)||index=0||Class=RelativeDateItem]/editor/item[name=iconPlaceholder||title=iconPlaceholder||index=2||Class=StaticTextItem]/[icon="chooserIcon"];
waitForElementClickable;scLocator=//autoID[Class=DateChooser||index=57||length=76||classIndex=0||classLength=1]/previousYearButton/;
click;scLocator=//autoID[Class=DateChooser||index=57||length=76||classIndex=0||classLength=1]/previousYearButton/;
waitForElementClickable;scLocator=//autoID[Class=DateChooser||index=57||length=76||classIndex=0||classLength=1]/previousMonthButton/;
click;scLocator=//autoID[Class=DateChooser||index=57||length=76||classIndex=0||classLength=1]/previousMonthButton/;
waitForElementClickable;scLocator=//autoID[Class=DateChooser||index=57||length=76||classIndex=0||classLength=1]/previousMonthButton/;
secondClick;scLocator=//autoID[Class=DateChooser||index=57||length=76||classIndex=0||classLength=1]/previousMonthButton/;
waitForElementClickable;scLocator=//autoID[Class=DateChooser||index=57||length=76||classIndex=0||classLength=1]/previousMonthButton/;
secondClick;scLocator=//autoID[Class=DateChooser||index=57||length=76||classIndex=0||classLength=1]/previousMonthButton/;
waitForElementClickable;scLocator=//autoID[Class=DateChooser||index=57||length=76||classIndex=0||classLength=1]/previousMonthButton/;
click;scLocator=//autoID[Class=DateChooser||index=57||length=76||classIndex=0||classLength=1]/previousMonthButton/;
waitForElementClickable;scLocator=//Portlet[ID="liquidity_items_tab_2"]/item[0][Class="ListGrid"]/filterEditor/editRowForm/item[name=ITEM_ID||title=Item%20group%20ID.||index=3||Class=TextItem]/element;
click;scLocator=//Portlet[ID="liquidity_items_tab_2"]/item[0][Class="ListGrid"]/filterEditor/editRowForm/item[name=ITEM_ID||title=Item%20group%20ID.||index=3||Class=TextItem]/element;
waitForElementReadyForKeyPresses;scLocator=//Portlet[ID="liquidity_items_tab_2"]/item[0][Class="ListGrid"]/filterEditor/editRowForm/item[name=ITEM_ID||title=Item%20group%20ID.||value=DLL||index=3||Class=TextItem]/element;
sendKeys;scLocator=//Portlet[ID="liquidity_items_tab_2"]/item[0][Class="ListGrid"]/filterEditor/editRowForm/item[name=ITEM_ID||title=Item%20group%20ID.||value=DLL||index=3||Class=TextItem]/element;${KEY_ENTER}
waitForElementClickable;scLocator=//Portlet[ID="liquidity_items_tab_2"]/item[0][Class="ListGrid"]/filterEditor/editRowForm/item[name=ITEM_ID||title=Item%20group%20ID.||value=DLL||index=3||Class=TextItem]/element;
type;scLocator=//Portlet[ID="liquidity_items_tab_2"]/item[0][Class="ListGrid"]/filterEditor/editRowForm/item[name=ITEM_ID||title=Item%20group%20ID.||value=DLL||index=3||Class=TextItem]/element;DLL
waitForElementClickable;scLocator=//Portlet[ID="liquidity_items_tab_2"]/item[0][Class="ListGrid"]/filterEditor/editRowForm/item[name=ITEM_ID||title=Item%20group%20ID.||value=DLL||index=3||Class=TextItem]/element;
click;scLocator=//Portlet[ID="liquidity_items_tab_2"]/item[0][Class="ListGrid"]/filterEditor/editRowForm/item[name=ITEM_ID||title=Item%20group%20ID.||value=DLL||index=3||Class=TextItem]/element;
waitForElementReadyForKeyPresses;scLocator=//Portlet[ID="liquidity_items_tab_2"]/item[0][Class="ListGrid"]/filterEditor/editRowForm/item[name=ITEM_ID||title=Item%20group%20ID.||index=3||Class=TextItem]/element;
sendKeys;scLocator=//Portlet[ID="liquidity_items_tab_2"]/item[0][Class="ListGrid"]/filterEditor/editRowForm/item[name=ITEM_ID||title=Item%20group%20ID.||index=3||Class=TextItem]/element;${KEY_ENTER}
waitForElementClickable;scLocator=//Portlet[ID="liquidity_items_tab_2"]/item[0][Class="ListGrid"]/filterEditor/editRowForm/item[name=ITEM_ID||title=Item%20group%20ID.||index=3||Class=TextItem]/element;
type;scLocator=//Portlet[ID="liquidity_items_tab_2"]/item[0][Class="ListGrid"]/filterEditor/editRowForm/item[name=ITEM_ID||title=Item%20group%20ID.||index=3||Class=TextItem]/element;
waitForElementClickable;scLocator=//Portlet[ID="liquidity_items_tab_2"]/item[0][Class="ListGrid"]/filterEditor/editRowForm/item[title=Date%20ref.||value=[object Object]||index=1||Class=MiniDateRangeItem]/textbox;
click;scLocator=//Portlet[ID="liquidity_items_tab_2"]/item[0][Class="ListGrid"]/filterEditor/editRowForm/item[title=Date%20ref.||value=[object Object]||index=1||Class=MiniDateRangeItem]/textbox;
waitForElementClickable;scLocator=//Portlet[ID="liquidity_items_tab_2"]/item[0][Class="ListGrid"]/filterEditor/editRowForm/item[title=Date%20ref.||value=[object Object]||index=1||Class=MiniDateRangeItem]/rangeDialog/rangeForm/item[name=REF_DT||title=REF_DT||value=[object Object]||index=0||Class=DateRangeItem]/dateRangeForm/item[name=toField||title=To||value=Fri Jun 29 2018 12:00:00 GMT+0200 (W. Europe Standard Time)||index=1||Class=RelativeDateItem]/editor/item[name=valueField||title=valueField||value=29%24fs%2406%24fs%242018||index=0||Class=ComboBoxItem]/[icon="picker"];
click;scLocator=//Portlet[ID="liquidity_items_tab_2"]/item[0][Class="ListGrid"]/filterEditor/editRowForm/item[title=Date%20ref.||value=[object Object]||index=1||Class=MiniDateRangeItem]/rangeDialog/rangeForm/item[name=REF_DT||title=REF_DT||value=[object Object]||index=0||Class=DateRangeItem]/dateRangeForm/item[name=toField||title=To||value=Fri Jun 29 2018 12:00:00 GMT+0200 (W. Europe Standard Time)||index=1||Class=RelativeDateItem]/editor/item[name=valueField||title=valueField||value=29%24fs%2406%24fs%242018||index=0||Class=ComboBoxItem]/[icon="picker"];
waitForElementClickable;scLocator=//Portlet[ID="liquidity_items_tab_2"]/item[0][Class="ListGrid"]/filterEditor/editRowForm/item[title=Date%20ref.||value=[object Object]||index=1||Class=MiniDateRangeItem]/rangeDialog/rangeForm/item[name=REF_DT||title=REF_DT||value=[object Object]||index=0||Class=DateRangeItem]/dateRangeForm/item[name=toField||title=To||value=Fri Jun 29 2018 12:00:00 GMT+0200 (W. Europe Standard Time)||index=1||Class=RelativeDateItem]/editor/item[name=valueField||title=valueField||value=29%24fs%2406%24fs%242018||index=0||Class=ComboBoxItem]/pickList/body/row[valueField=%24today||0]/col[fieldName=valueField||0];
click;scLocator=//Portlet[ID="liquidity_items_tab_2"]/item[0][Class="ListGrid"]/filterEditor/editRowForm/item[title=Date%20ref.||value=[object Object]||index=1||Class=MiniDateRangeItem]/rangeDialog/rangeForm/item[name=REF_DT||title=REF_DT||value=[object Object]||index=0||Class=DateRangeItem]/dateRangeForm/item[name=toField||title=To||value=Fri Jun 29 2018 12:00:00 GMT+0200 (W. Europe Standard Time)||index=1||Class=RelativeDateItem]/editor/item[name=valueField||title=valueField||value=29%24fs%2406%24fs%242018||index=0||Class=ComboBoxItem]/pickList/body/row[valueField=%24today||0]/col[fieldName=valueField||0];
waitForElementClickable;scLocator=//Portlet[ID="liquidity_items_tab_2"]/item[0][Class="ListGrid"]/filterEditor/editRowForm/item[title=Date%20ref.||value=[object Object]||index=1||Class=MiniDateRangeItem]/rangeDialog/okButton/;
click;scLocator=//Portlet[ID="liquidity_items_tab_2"]/item[0][Class="ListGrid"]/filterEditor/editRowForm/item[title=Date%20ref.||value=[object Object]||index=1||Class=MiniDateRangeItem]/rangeDialog/okButton/;
waitForElementClickable;scLocator=//Portlet[ID="liquidity_items_tab_2"]/item[0][Class="ListGrid"]/filterEditor/body/;
sendKeys;scLocator=//Portlet[ID="liquidity_items_tab_2"]/item[0][Class="ListGrid"]/filterEditor/body/;${KEY_ENTER}
waitForElementClickable;scLocator=//Portlet[ID="liquidity_items_tab_2"]/item[0][Class="ListGrid"]/filterEditor/actionButton/icon;
click;scLocator=//Portlet[ID="liquidity_items_tab_2"]/item[0][Class="ListGrid"]/filterEditor/actionButton/icon;
waitForElementClickable;scLocator=//Portlet[ID="liquidity_items_tab_2"]/item[0][Class="ListGrid"]/filterEditor/editRowForm/item[name=ITEM_ID||title=Item%20group%20ID.||index=3||Class=TextItem]/element;
click;scLocator=//Portlet[ID="liquidity_items_tab_2"]/item[0][Class="ListGrid"]/filterEditor/editRowForm/item[name=ITEM_ID||title=Item%20group%20ID.||index=3||Class=TextItem]/element;
waitForElementClickable;scLocator=//Portlet[ID="liquidity_items_tab_2"]/item[0][Class="ListGrid"]/filterEditor/editRowForm/item[name=ITEM_ID||title=Item%20group%20ID.||value=DLL||index=3||Class=TextItem]/element;
type;scLocator=//Portlet[ID="liquidity_items_tab_2"]/item[0][Class="ListGrid"]/filterEditor/editRowForm/item[name=ITEM_ID||title=Item%20group%20ID.||value=DLL||index=3||Class=TextItem]/element;DLL
waitForElementClickable;scLocator=//Portlet[ID="liquidity_items_tab_2"]/item[0][Class="ListGrid"]/filterEditor/actionButton/icon;
click;scLocator=//Portlet[ID="liquidity_items_tab_2"]/item[0][Class="ListGrid"]/filterEditor/actionButton/icon;
waitForElementClickable;scLocator=//Portlet[ID="liquidity_items_tab_2"]/item[0][Class="ListGrid"]/filterEditor/editRowForm/item[name=ITEM_ID||title=Item%20group%20ID.||value=DLL||index=3||Class=TextItem]/element;
click;scLocator=//Portlet[ID="liquidity_items_tab_2"]/item[0][Class="ListGrid"]/filterEditor/editRowForm/item[name=ITEM_ID||title=Item%20group%20ID.||value=DLL||index=3||Class=TextItem]/element;
waitForElementClickable;scLocator=//Portlet[ID="liquidity_items_tab_2"]/item[0][Class="ListGrid"]/filterEditor/editRowForm/item[name=ITEM_ID||title=Item%20group%20ID.||index=3||Class=TextItem]/element;
type;scLocator=//Portlet[ID="liquidity_items_tab_2"]/item[0][Class="ListGrid"]/filterEditor/editRowForm/item[name=ITEM_ID||title=Item%20group%20ID.||index=3||Class=TextItem]/element;
waitForElementClickable;scLocator=//Portlet[ID="liquidity_items_tab_2"]/item[0][Class="ListGrid"]/filterEditor/editRowForm/item[title=Date%20ref.||value=[object Object]||index=1||Class=MiniDateRangeItem]/[icon="showDateRange"];
click;scLocator=//Portlet[ID="liquidity_items_tab_2"]/item[0][Class="ListGrid"]/filterEditor/editRowForm/item[title=Date%20ref.||value=[object Object]||index=1||Class=MiniDateRangeItem]/[icon="showDateRange"];
waitForElementClickable;scLocator=//Portlet[ID="liquidity_items_tab_2"]/item[0][Class="ListGrid"]/filterEditor/editRowForm/item[title=Date%20ref.||value=[object Object]||index=1||Class=MiniDateRangeItem]/rangeDialog/rangeForm/item[name=REF_DT||title=REF_DT||value=[object Object]||index=0||Class=DateRangeItem]/dateRangeForm/item[name=fromField||title=From||value=Fri May 26 2017 00:00:00 GMT+0200 (W. Europe Standard Time)||index=0||Class=RelativeDateItem]/editor/item[name=valueField||title=valueField||value=26%24fs%2405%24fs%242017||index=0||Class=ComboBoxItem]/[icon="picker"];
click;scLocator=//Portlet[ID="liquidity_items_tab_2"]/item[0][Class="ListGrid"]/filterEditor/editRowForm/item[title=Date%20ref.||value=[object Object]||index=1||Class=MiniDateRangeItem]/rangeDialog/rangeForm/item[name=REF_DT||title=REF_DT||value=[object Object]||index=0||Class=DateRangeItem]/dateRangeForm/item[name=fromField||title=From||value=Fri May 26 2017 00:00:00 GMT+0200 (W. Europe Standard Time)||index=0||Class=RelativeDateItem]/editor/item[name=valueField||title=valueField||value=26%24fs%2405%24fs%242017||index=0||Class=ComboBoxItem]/[icon="picker"];
waitForElementClickable;scLocator=//Portlet[ID="liquidity_items_tab_2"]/item[0][Class="ListGrid"]/filterEditor/editRowForm/item[title=Date%20ref.||value=[object Object]||index=1||Class=MiniDateRangeItem]/rangeDialog/rangeForm/item[name=REF_DT||title=REF_DT||value=[object Object]||index=0||Class=DateRangeItem]/dateRangeForm/item[name=fromField||title=From||value=Fri May 26 2017 00:00:00 GMT+0200 (W. Europe Standard Time)||index=0||Class=RelativeDateItem]/editor/item[name=calculatedDateField||title=calculatedDateField||value=26%24fs%2405%24fs%242017||index=3||Class=BlurbItem]/textbox;
click;scLocator=//Portlet[ID="liquidity_items_tab_2"]/item[0][Class="ListGrid"]/filterEditor/editRowForm/item[title=Date%20ref.||value=[object Object]||index=1||Class=MiniDateRangeItem]/rangeDialog/rangeForm/item[name=REF_DT||title=REF_DT||value=[object Object]||index=0||Class=DateRangeItem]/dateRangeForm/item[name=fromField||title=From||value=Fri May 26 2017 00:00:00 GMT+0200 (W. Europe Standard Time)||index=0||Class=RelativeDateItem]/editor/item[name=calculatedDateField||title=calculatedDateField||value=26%24fs%2405%24fs%242017||index=3||Class=BlurbItem]/textbox;
waitForElementClickable;scLocator=//Portlet[ID="liquidity_items_tab_2"]/item[0][Class="ListGrid"]/filterEditor/editRowForm/item[title=Date%20ref.||value=[object Object]||index=1||Class=MiniDateRangeItem]/rangeDialog/rangeForm/item[name=REF_DT||title=REF_DT||value=[object Object]||index=0||Class=DateRangeItem]/dateRangeForm/item[name=fromField||title=From||value=Fri May 26 2017 00:00:00 GMT+0200 (W. Europe Standard Time)||index=0||Class=RelativeDateItem]/editor/item[name=iconPlaceholder||title=iconPlaceholder||index=2||Class=StaticTextItem]/[icon="chooserIcon"];
click;scLocator=//Portlet[ID="liquidity_items_tab_2"]/item[0][Class="ListGrid"]/filterEditor/editRowForm/item[title=Date%20ref.||value=[object Object]||index=1||Class=MiniDateRangeItem]/rangeDialog/rangeForm/item[name=REF_DT||title=REF_DT||value=[object Object]||index=0||Class=DateRangeItem]/dateRangeForm/item[name=fromField||title=From||value=Fri May 26 2017 00:00:00 GMT+0200 (W. Europe Standard Time)||index=0||Class=RelativeDateItem]/editor/item[name=iconPlaceholder||title=iconPlaceholder||index=2||Class=StaticTextItem]/[icon="chooserIcon"];
waitForElementClickable;scLocator=//autoID[Class=DateChooser||index=16||length=21||classIndex=0||classLength=1]/dateGrid/body/row[Mon=Mon May 01 2017 12:00:00 GMT+0200 (W. Europe Standard Time)||0]/col[fieldName=Mon||1];
click;scLocator=//autoID[Class=DateChooser||index=16||length=21||classIndex=0||classLength=1]/dateGrid/body/row[Mon=Mon May 01 2017 12:00:00 GMT+0200 (W. Europe Standard Time)||0]/col[fieldName=Mon||1];
waitForElementClickable;scLocator=//Portlet[ID="liquidity_items_tab_2"]/item[0][Class="ListGrid"]/filterEditor/editRowForm/item[title=Date%20ref.||value=[object Object]||index=1||Class=MiniDateRangeItem]/rangeDialog/okButton/;
click;scLocator=//Portlet[ID="liquidity_items_tab_2"]/item[0][Class="ListGrid"]/filterEditor/editRowForm/item[title=Date%20ref.||value=[object Object]||index=1||Class=MiniDateRangeItem]/rangeDialog/okButton/;
waitForElementClickable;scLocator=//Portlet[ID="liquidity_items_tab_2"]/item[0][Class="ListGrid"]/filterEditor/editRowForm/item[title=Date%20ref.||value=[object Object]||index=1||Class=MiniDateRangeItem]/[icon="showDateRange"];
sendKeys;scLocator=//Portlet[ID="liquidity_items_tab_2"]/item[0][Class="ListGrid"]/filterEditor/editRowForm/item[title=Date%20ref.||value=[object Object]||index=1||Class=MiniDateRangeItem]/[icon="showDateRange"];${KEY_ENTER}
waitForElementClickable;scLocator=//Portlet[ID="liquidity_items_tab_2"]/item[0][Class="ListGrid"]/filterEditor/editRowForm/item[title=Date%20ref.||value=[object Object]||index=1||Class=MiniDateRangeItem]/rangeDialog/closeButton/;
click;scLocator=//Portlet[ID="liquidity_items_tab_2"]/item[0][Class="ListGrid"]/filterEditor/editRowForm/item[title=Date%20ref.||value=[object Object]||index=1||Class=MiniDateRangeItem]/rangeDialog/closeButton/;
waitForElementClickable;scLocator=//Portlet[ID="liquidity_items_tab_2"]/item[0][Class="ListGrid"]/filterEditor/editRowForm/item[name=ITEM_ID||title=Item%20group%20ID.||index=3||Class=TextItem]/element;
click;scLocator=//Portlet[ID="liquidity_items_tab_2"]/item[0][Class="ListGrid"]/filterEditor/editRowForm/item[name=ITEM_ID||title=Item%20group%20ID.||index=3||Class=TextItem]/element;
waitForElementClickable;scLocator=//Portlet[ID="liquidity_items_tab_2"]/item[0][Class="ListGrid"]/filterEditor/editRowForm/item[name=ITEM_ID||title=Item%20group%20ID.||value=DLL||index=3||Class=TextItem]/element;
type;scLocator=//Portlet[ID="liquidity_items_tab_2"]/item[0][Class="ListGrid"]/filterEditor/editRowForm/item[name=ITEM_ID||title=Item%20group%20ID.||value=DLL||index=3||Class=TextItem]/element;DLL
waitForElementClickable;scLocator=//Portlet[ID="liquidity_items_tab_2"]/item[0][Class="ListGrid"]/filterEditor/actionButton/icon;
click;scLocator=//Portlet[ID="liquidity_items_tab_2"]/item[0][Class="ListGrid"]/filterEditor/actionButton/icon;
waitForElementClickable;scLocator=//Portlet[ID="liquidity_items_tab_2"]/item[0][Class="ListGrid"]/filterEditor/editRowForm/item[name=CASH_AMNT||title=Cash%20amount||index=2||Class=FloatItem]/element;
click;scLocator=//Portlet[ID="liquidity_items_tab_2"]/item[0][Class="ListGrid"]/filterEditor/editRowForm/item[name=CASH_AMNT||title=Cash%20amount||index=2||Class=FloatItem]/element;
waitForElementReadyForKeyPresses;scLocator=//Portlet[ID="liquidity_items_tab_2"]/item[0][Class="ListGrid"]/filterEditor/editRowForm/item[name=CASH_AMNT||title=Cash%20amount||value=%3E100||index=2||Class=FloatItem]/element;
sendKeys;scLocator=//Portlet[ID="liquidity_items_tab_2"]/item[0][Class="ListGrid"]/filterEditor/editRowForm/item[name=CASH_AMNT||title=Cash%20amount||value=%3E100||index=2||Class=FloatItem]/element;${KEY_ENTER}
waitForElementClickable;scLocator=//Portlet[ID="liquidity_items_tab_2"]/item[0][Class="ListGrid"]/filterEditor/editRowForm/item[name=CASH_AMNT||title=Cash%20amount||value=%3E100||index=2||Class=FloatItem]/element;
type;scLocator=//Portlet[ID="liquidity_items_tab_2"]/item[0][Class="ListGrid"]/filterEditor/editRowForm/item[name=CASH_AMNT||title=Cash%20amount||value=%3E100||index=2||Class=FloatItem]/element;>100
waitForElementClickable;scLocator=//Portlet[ID="liquidity_items_tab_2"]/item[0][Class="ListGrid"]/filterEditor/editRowForm/item[name=CASH_AMNT||title=Cash%20amount||value=%3E100||index=2||Class=FloatItem]/element;
click;scLocator=//Portlet[ID="liquidity_items_tab_2"]/item[0][Class="ListGrid"]/filterEditor/editRowForm/item[name=CASH_AMNT||title=Cash%20amount||value=%3E100||index=2||Class=FloatItem]/element;
waitForElementReadyForKeyPresses;scLocator=//Portlet[ID="liquidity_items_tab_2"]/item[0][Class="ListGrid"]/filterEditor/editRowForm/item[name=CASH_AMNT||title=Cash%20amount||value=%3E100000000000000||index=2||Class=FloatItem]/element;
sendKeys;scLocator=//Portlet[ID="liquidity_items_tab_2"]/item[0][Class="ListGrid"]/filterEditor/editRowForm/item[name=CASH_AMNT||title=Cash%20amount||value=%3E100000000000000||index=2||Class=FloatItem]/element;${KEY_ENTER}
waitForElementClickable;scLocator=//Portlet[ID="liquidity_items_tab_2"]/item[0][Class="ListGrid"]/filterEditor/editRowForm/item[name=CASH_AMNT||title=Cash%20amount||value=%3E100000000000000||index=2||Class=FloatItem]/element;
type;scLocator=//Portlet[ID="liquidity_items_tab_2"]/item[0][Class="ListGrid"]/filterEditor/editRowForm/item[name=CASH_AMNT||title=Cash%20amount||value=%3E100000000000000||index=2||Class=FloatItem]/element;>100000000000000
waitForElementClickable;scLocator=//Portlet[ID="liquidity_items_tab_2"]/item[0][Class="ListGrid"]/filterEditor/editRowForm/item[name=CASH_AMNT||title=Cash%20amount||value=%3E100000000000000||index=2||Class=FloatItem]/element;
click;scLocator=//Portlet[ID="liquidity_items_tab_2"]/item[0][Class="ListGrid"]/filterEditor/editRowForm/item[name=CASH_AMNT||title=Cash%20amount||value=%3E100000000000000||index=2||Class=FloatItem]/element;
waitForElementReadyForKeyPresses;scLocator=//Portlet[ID="liquidity_items_tab_2"]/item[0][Class="ListGrid"]/filterEditor/editRowForm/item[name=CASH_AMNT||title=Cash%20amount||value=%3E100000||index=2||Class=FloatItem]/element;
sendKeys;scLocator=//Portlet[ID="liquidity_items_tab_2"]/item[0][Class="ListGrid"]/filterEditor/editRowForm/item[name=CASH_AMNT||title=Cash%20amount||value=%3E100000||index=2||Class=FloatItem]/element;${KEY_ENTER}
waitForElementClickable;scLocator=//Portlet[ID="liquidity_items_tab_2"]/item[0][Class="ListGrid"]/filterEditor/editRowForm/item[name=CASH_AMNT||title=Cash%20amount||value=%3E100000||index=2||Class=FloatItem]/element;
type;scLocator=//Portlet[ID="liquidity_items_tab_2"]/item[0][Class="ListGrid"]/filterEditor/editRowForm/item[name=CASH_AMNT||title=Cash%20amount||value=%3E100000||index=2||Class=FloatItem]/element;>100000
waitForElementClickable;scLocator=//Portlet[ID="liquidity_items_tab_2"]/item[0][Class="ListGrid"]/body/row[ITEM_ID=DLLtotal||REF_DT=Tue May 16 2017 12:00:00 GMT+0200 (W. Europe Standard Time)||CASH_AMNT=5879680000||2]/col[fieldName=CASH_AMNT||2];
click;scLocator=//Portlet[ID="liquidity_items_tab_2"]/item[0][Class="ListGrid"]/body/row[ITEM_ID=DLLtotal||REF_DT=Tue May 16 2017 12:00:00 GMT+0200 (W. Europe Standard Time)||CASH_AMNT=5879680000||2]/col[fieldName=CASH_AMNT||2];
waitForElementClickable;scLocator=//Portlet[ID="liquidity_items_tab_2"]/item[0][Class="ListGrid"]/body/row[ITEM_ID=DLLtotal||REF_DT=Tue May 16 2017 12:00:00 GMT+0200 (W. Europe Standard Time)||CASH_AMNT=5879680000||2]/col[fieldName=CASH_AMNT||2];
contextMenu;scLocator=//Portlet[ID="liquidity_items_tab_2"]/item[0][Class="ListGrid"]/body/row[ITEM_ID=DLLtotal||REF_DT=Tue May 16 2017 12:00:00 GMT+0200 (W. Europe Standard Time)||CASH_AMNT=5879680000||2]/col[fieldName=CASH_AMNT||2];
waitForElementClickable;scLocator=//Menu[level=0]/body/row[title=Copy||0]/col[fieldName=icon||0];
click;scLocator=//Menu[level=0]/body/row[title=Copy||0]/col[fieldName=icon||0];
waitForElementClickable;scLocator=//autoID[Class=Dialog||index=215||length=217||classIndex=0||classLength=1||roleIndex=0||roleLength=1||title=Copy%20Cells||scRole=alertdialog]/item[0][Class="DynamicForm"]/item[name=textArea||title=textArea||value=%225879680000%22||index=1||Class=TextAreaItem]/element;
click;scLocator=//autoID[Class=Dialog||index=215||length=217||classIndex=0||classLength=1||roleIndex=0||roleLength=1||title=Copy%20Cells||scRole=alertdialog]/item[0][Class="DynamicForm"]/item[name=textArea||title=textArea||value=%225879680000%22||index=1||Class=TextAreaItem]/element;
waitForElementClickable;scLocator=//autoID[Class=Dialog||index=215||length=217||classIndex=0||classLength=1||roleIndex=0||roleLength=1||title=Copy%20Cells||scRole=alertdialog]/item[0][Class="DynamicForm"]/item[name=done||title=Done||index=2||Class=ButtonItem]/button/;
click;scLocator=//autoID[Class=Dialog||index=215||length=217||classIndex=0||classLength=1||roleIndex=0||roleLength=1||title=Copy%20Cells||scRole=alertdialog]/item[0][Class="DynamicForm"]/item[name=done||title=Done||index=2||Class=ButtonItem]/button/;
waitForElementClickable;scLocator=//Portlet[ID="liquidity_items_tab_2"]/item[0][Class="ListGrid"]/filterEditor/editRowForm/item[name=CASH_AMNT||title=Cash%20amount||value=%3E100000||index=2||Class=FloatItem]/element;
click;scLocator=//Portlet[ID="liquidity_items_tab_2"]/item[0][Class="ListGrid"]/filterEditor/editRowForm/item[name=CASH_AMNT||title=Cash%20amount||value=%3E100000||index=2||Class=FloatItem]/element;
