
command,target,value
echo;;RU04-NUC01-T02.rctest
open;/LiqPortalWEB/;Liquidity Portal - Ref. Data Liq. Parameters - Filters
type;id=Username;mpetracc
type;id=Password;.mpetrac06
clickAndWait;id=submitLabel;
waitForElementClickable;scLocator=//Menu[level=1]/body/row[8]/col[fieldName=title||0];
click;scLocator=//Menu[level=1]/body/row[8]/col[fieldName=title||0];
waitForElementClickable;scLocator=//Portlet[ID="refdata_liqparam_tab_2"]/item[0][Class="VLayout"]/member[Class=DynamicForm||index=0||length=3||classIndex=0||classLength=1]/item[name=%3Cnobr%3ECredit%20lines%3C%24fs%24nobr%3E||title=%3Cnobr%3ECredit%20lines%3C%24fs%24nobr%3E||value=100000000.00000000||index=0||Class=TextItem]/element;
click;scLocator=//Portlet[ID="refdata_liqparam_tab_2"]/item[0][Class="VLayout"]/member[Class=DynamicForm||index=0||length=3||classIndex=0||classLength=1]/item[name=%3Cnobr%3ECredit%20lines%3C%24fs%24nobr%3E||title=%3Cnobr%3ECredit%20lines%3C%24fs%24nobr%3E||value=100000000.00000000||index=0||Class=TextItem]/element;
waitForElementClickable;scLocator=//Portlet[ID="refdata_liqparam_tab_2"]/item[0][Class="VLayout"]/member[Class=DynamicForm||index=0||length=3||classIndex=0||classLength=1]/item[name=%3Cnobr%3ECredit%20lines%3C%24fs%24nobr%3E||title=%3Cnobr%3ECredit%20lines%3C%24fs%24nobr%3E||index=0||Class=TextItem]/element;
type;scLocator=//Portlet[ID="refdata_liqparam_tab_2"]/item[0][Class="VLayout"]/member[Class=DynamicForm||index=0||length=3||classIndex=0||classLength=1]/item[name=%3Cnobr%3ECredit%20lines%3C%24fs%24nobr%3E||title=%3Cnobr%3ECredit%20lines%3C%24fs%24nobr%3E||index=0||Class=TextItem]/element;
waitForElementClickable;scLocator=//Portlet[ID="refdata_liqparam_tab_2"]/item[0][Class="VLayout"]/member[Class=DynamicForm||index=0||length=3||classIndex=0||classLength=1]/item[name=%3Cnobr%3ECredit%20lines%3C%24fs%24nobr%3E||title=%3Cnobr%3ECredit%20lines%3C%24fs%24nobr%3E||value=1||index=0||Class=TextItem]/element;
type;scLocator=//Portlet[ID="refdata_liqparam_tab_2"]/item[0][Class="VLayout"]/member[Class=DynamicForm||index=0||length=3||classIndex=0||classLength=1]/item[name=%3Cnobr%3ECredit%20lines%3C%24fs%24nobr%3E||title=%3Cnobr%3ECredit%20lines%3C%24fs%24nobr%3E||value=1||index=0||Class=TextItem]/element;1
waitForElementClickable;scLocator=//Portlet[ID="refdata_liqparam_tab_2"]/item[0][Class="VLayout"]/member[Class=DynamicForm||index=0||length=3||classIndex=0||classLength=1]/item[name=%3Cnobr%3ECredit%20lines%3C%24fs%24nobr%3E||title=%3Cnobr%3ECredit%20lines%3C%24fs%24nobr%3E||value=1222||index=0||Class=TextItem]/element;
type;scLocator=//Portlet[ID="refdata_liqparam_tab_2"]/item[0][Class="VLayout"]/member[Class=DynamicForm||index=0||length=3||classIndex=0||classLength=1]/item[name=%3Cnobr%3ECredit%20lines%3C%24fs%24nobr%3E||title=%3Cnobr%3ECredit%20lines%3C%24fs%24nobr%3E||value=1222||index=0||Class=TextItem]/element;1222
waitForElementClickable;scLocator=//Portlet[ID="refdata_liqparam_tab_2"]/item[0][Class="VLayout"]/member[Class=DynamicForm||index=0||length=3||classIndex=0||classLength=1]/item[name=%3Cnobr%3ECash%20for%20settlement%3C%24fs%24nobr%3E||title=%3Cnobr%3ECash%20for%20settlement%3C%24fs%24nobr%3E||value=20000000||index=1||Class=TextItem]/element;
click;scLocator=//Portlet[ID="refdata_liqparam_tab_2"]/item[0][Class="VLayout"]/member[Class=DynamicForm||index=0||length=3||classIndex=0||classLength=1]/item[name=%3Cnobr%3ECash%20for%20settlement%3C%24fs%24nobr%3E||title=%3Cnobr%3ECash%20for%20settlement%3C%24fs%24nobr%3E||value=20000000||index=1||Class=TextItem]/element;
waitForElementClickable;scLocator=//Portlet[ID="refdata_liqparam_tab_2"]/item[0][Class="VLayout"]/member[Class=DynamicForm||index=0||length=3||classIndex=0||classLength=1]/item[name=%3Cnobr%3ECash%20for%20settlement%3C%24fs%24nobr%3E||title=%3Cnobr%3ECash%20for%20settlement%3C%24fs%24nobr%3E||value=0||index=1||Class=TextItem]/element;
type;scLocator=//Portlet[ID="refdata_liqparam_tab_2"]/item[0][Class="VLayout"]/member[Class=DynamicForm||index=0||length=3||classIndex=0||classLength=1]/item[name=%3Cnobr%3ECash%20for%20settlement%3C%24fs%24nobr%3E||title=%3Cnobr%3ECash%20for%20settlement%3C%24fs%24nobr%3E||value=0||index=1||Class=TextItem]/element;0
waitForElementClickable;scLocator=//Portlet[ID="refdata_liqparam_tab_2"]/item[0][Class="VLayout"]/member[Class=DynamicForm||index=0||length=3||classIndex=0||classLength=1]/item[name=%3Cnobr%3ECredit%20lines%3C%24fs%24nobr%3E||title=%3Cnobr%3ECredit%20lines%3C%24fs%24nobr%3E||value=1222||index=0||Class=TextItem]/element;
click;scLocator=//Portlet[ID="refdata_liqparam_tab_2"]/item[0][Class="VLayout"]/member[Class=DynamicForm||index=0||length=3||classIndex=0||classLength=1]/item[name=%3Cnobr%3ECredit%20lines%3C%24fs%24nobr%3E||title=%3Cnobr%3ECredit%20lines%3C%24fs%24nobr%3E||value=1222||index=0||Class=TextItem]/element;
waitForElementClickable;scLocator=//Portlet[ID="refdata_liqparam_tab_2"]/item[0][Class="VLayout"]/;
click;scLocator=//Portlet[ID="refdata_liqparam_tab_2"]/item[0][Class="VLayout"]/;
waitForElementClickable;scLocator=//Portlet[ID="refdata_liqparam_tab_2"]/item[0][Class="VLayout"]/member[Class=DynamicForm||index=0||length=3||classIndex=0||classLength=1]/item[name=%3Cnobr%3ECredit%20lines%3C%24fs%24nobr%3E||title=%3Cnobr%3ECredit%20lines%3C%24fs%24nobr%3E||value=0||index=0||Class=TextItem]/element;
type;scLocator=//Portlet[ID="refdata_liqparam_tab_2"]/item[0][Class="VLayout"]/member[Class=DynamicForm||index=0||length=3||classIndex=0||classLength=1]/item[name=%3Cnobr%3ECredit%20lines%3C%24fs%24nobr%3E||title=%3Cnobr%3ECredit%20lines%3C%24fs%24nobr%3E||value=0||index=0||Class=TextItem]/element;0
waitForElementClickable;scLocator=//Portlet[ID="refdata_liqparam_tab_2"]/item[0][Class="VLayout"]/member[Class=HLayout||index=2||length=3||classIndex=0||classLength=1]/member[Class=Button||index=1||length=2||classIndex=0||classLength=1||roleIndex=0||roleLength=1||title=Save||scRole=button]/;
secondClick;scLocator=//Portlet[ID="refdata_liqparam_tab_2"]/item[0][Class="VLayout"]/member[Class=HLayout||index=2||length=3||classIndex=0||classLength=1]/member[Class=Button||index=1||length=2||classIndex=0||classLength=1||roleIndex=0||roleLength=1||title=Save||scRole=button]/;
waitForElementClickable;scLocator=//Dialog[ID="isc_globalWarn"]/okButton/;
click;scLocator=//Dialog[ID="isc_globalWarn"]/okButton/;
waitForElementClickable;scLocator=//Portlet[ID="refdata_liqparam_tab_2"]/header/member[Class=Img||index=1||length=5||classIndex=0||classLength=1||name=main]/;
click;scLocator=//Portlet[ID="refdata_liqparam_tab_2"]/header/member[Class=Img||index=1||length=5||classIndex=0||classLength=1||name=main]/;
waitForElementClickable;scLocator=//Portlet[ID="refdata_liqparam_tab_2"]/header/member[Class=Img||index=1||length=5||classIndex=0||classLength=1||name=main]/;
click;scLocator=//Portlet[ID="refdata_liqparam_tab_2"]/header/member[Class=Img||index=1||length=5||classIndex=0||classLength=1||name=main]/;
waitForElementClickable;scLocator=//Portlet[ID="refdata_liqparam_tab_2"]/closeButton/;
click;scLocator=//Portlet[ID="refdata_liqparam_tab_2"]/closeButton/;
