
command,target,value
echo;;RU04-NUC01-T02.rctest
open;/LiqPortalWEB/;Liquidity Portal - Data Stage - Cash restit stg. - Filters
type;id=Username;mpetracc
type;id=Password;.mpetrac06
clickAndWait;id=submitLabel;
waitForElementClickable;scLocator=//Menu[level=1]/body/row[2]/col[fieldName=title||0];
click;scLocator=//Menu[level=1]/body/row[2]/col[fieldName=title||0];
waitForElementClickable;scLocator=//Portlet[ID="datastaging_restitutions_tab_2"]/maximizeButton/;
click;scLocator=//Portlet[ID="datastaging_restitutions_tab_2"]/maximizeButton/;
waitForElementClickable;scLocator=//Portlet[ID="datastaging_restitutions_tab_2"]/item[0][Class="ListGrid"]/filterEditor/editRowForm/item[name=ACC_TYPE||title=Firm%20client||index=3||Class=SelectItem]/[icon="picker"];
click;scLocator=//Portlet[ID="datastaging_restitutions_tab_2"]/item[0][Class="ListGrid"]/filterEditor/editRowForm/item[name=ACC_TYPE||title=Firm%20client||index=3||Class=SelectItem]/[icon="picker"];
waitForElementClickable;scLocator=//Portlet[ID="datastaging_restitutions_tab_2"]/item[0][Class="ListGrid"]/filterEditor/editRowForm/item[name=ACC_TYPE||title=Firm%20client||index=3||Class=SelectItem]/pickList/body/row[ACC_TYPE=F||1]/col[fieldName=ACC_TYPE||0];
click;scLocator=//Portlet[ID="datastaging_restitutions_tab_2"]/item[0][Class="ListGrid"]/filterEditor/editRowForm/item[name=ACC_TYPE||title=Firm%20client||index=3||Class=SelectItem]/pickList/body/row[ACC_TYPE=F||1]/col[fieldName=ACC_TYPE||0];
waitForElementClickable;scLocator=//Portlet[ID="datastaging_restitutions_tab_2"]/item[0][Class="ListGrid"]/filterEditor/editRowForm/item[name=REST_TYPE||title=Restitution%20type||index=4||Class=SelectItem]/[icon="picker"];
click;scLocator=//Portlet[ID="datastaging_restitutions_tab_2"]/item[0][Class="ListGrid"]/filterEditor/editRowForm/item[name=REST_TYPE||title=Restitution%20type||index=4||Class=SelectItem]/[icon="picker"];
waitForElementClickable;scLocator=//Portlet[ID="datastaging_restitutions_tab_2"]/item[0][Class="ListGrid"]/filterEditor/editRowForm/item[name=REST_TYPE||title=Restitution%20type||index=4||Class=SelectItem]/pickList/body/row[REST_TYPE=R||3]/col[fieldName=REST_TYPE||0];
click;scLocator=//Portlet[ID="datastaging_restitutions_tab_2"]/item[0][Class="ListGrid"]/filterEditor/editRowForm/item[name=REST_TYPE||title=Restitution%20type||index=4||Class=SelectItem]/pickList/body/row[REST_TYPE=R||3]/col[fieldName=REST_TYPE||0];
waitForElementClickable;scLocator=//Portlet[ID="datastaging_restitutions_tab_2"]/item[0][Class="ListGrid"]/filterEditor/actionButton/icon;
click;scLocator=//Portlet[ID="datastaging_restitutions_tab_2"]/item[0][Class="ListGrid"]/filterEditor/actionButton/icon;
waitForElementClickable;scLocator=//Portlet[ID="datastaging_restitutions_tab_2"]/item[0][Class="ListGrid"]/body/vscrollbar/peer[Class=SpritedVSimpleScrollThumb||index=0||length=1||classIndex=0||classLength=1||title=%26nbsp%3B||name=main]/;
dragAndDrop;scLocator=//Portlet[ID="datastaging_restitutions_tab_2"]/item[0][Class="ListGrid"]/body/vscrollbar/peer[Class=SpritedVSimpleScrollThumb||index=0||length=1||classIndex=0||classLength=1||title=%26nbsp%3B||name=main]/;-49,-71
waitForElementClickable;scLocator=//Portlet[ID="datastaging_restitutions_tab_2"]/item[0][Class="ListGrid"]/filterEditor/editRowForm/item[name=ACC_TYPE||title=Firm%20client||value=F||index=3||Class=SelectItem]/textbox;
click;scLocator=//Portlet[ID="datastaging_restitutions_tab_2"]/item[0][Class="ListGrid"]/filterEditor/editRowForm/item[name=ACC_TYPE||title=Firm%20client||value=F||index=3||Class=SelectItem]/textbox;
waitForElementClickable;scLocator=//Portlet[ID="datastaging_restitutions_tab_2"]/item[0][Class="ListGrid"]/filterEditor/editRowForm/item[name=ACC_TYPE||title=Firm%20client||value=F||index=3||Class=SelectItem]/pickList/body/row[ACC_TYPE=C||2]/col[fieldName=ACC_TYPE||0];
click;scLocator=//Portlet[ID="datastaging_restitutions_tab_2"]/item[0][Class="ListGrid"]/filterEditor/editRowForm/item[name=ACC_TYPE||title=Firm%20client||value=F||index=3||Class=SelectItem]/pickList/body/row[ACC_TYPE=C||2]/col[fieldName=ACC_TYPE||0];
waitForElementClickable;scLocator=//Portlet[ID="datastaging_restitutions_tab_2"]/item[0][Class="ListGrid"]/filterEditor/actionButton/icon;
click;scLocator=//Portlet[ID="datastaging_restitutions_tab_2"]/item[0][Class="ListGrid"]/filterEditor/actionButton/icon;
waitForElementClickable;scLocator=//Portlet[ID="datastaging_restitutions_tab_2"]/item[0][Class="ListGrid"]/body/vscrollbar/peer[Class=SpritedVSimpleScrollThumb||index=0||length=1||classIndex=0||classLength=1||title=%26nbsp%3B||name=main]/;
dragAndDrop;scLocator=//Portlet[ID="datastaging_restitutions_tab_2"]/item[0][Class="ListGrid"]/body/vscrollbar/peer[Class=SpritedVSimpleScrollThumb||index=0||length=1||classIndex=0||classLength=1||title=%26nbsp%3B||name=main]/;+2,+350
waitForElementClickable;scLocator=//Portlet[ID="datastaging_restitutions_tab_2"]/item[0][Class="ListGrid"]/filterEditor/editRowForm/item[name=REST_TYPE||title=Restitution%20type||value=R||index=4||Class=SelectItem]/[icon="picker"];
click;scLocator=//Portlet[ID="datastaging_restitutions_tab_2"]/item[0][Class="ListGrid"]/filterEditor/editRowForm/item[name=REST_TYPE||title=Restitution%20type||value=R||index=4||Class=SelectItem]/[icon="picker"];
waitForElementClickable;scLocator=//Portlet[ID="datastaging_restitutions_tab_2"]/item[0][Class="ListGrid"]/filterEditor/editRowForm/item[name=REST_TYPE||title=Restitution%20type||value=R||index=4||Class=SelectItem]/pickList/body/row[REST_TYPE=A||1]/col[fieldName=REST_TYPE||0];
click;scLocator=//Portlet[ID="datastaging_restitutions_tab_2"]/item[0][Class="ListGrid"]/filterEditor/editRowForm/item[name=REST_TYPE||title=Restitution%20type||value=R||index=4||Class=SelectItem]/pickList/body/row[REST_TYPE=A||1]/col[fieldName=REST_TYPE||0];
waitForElementClickable;scLocator=//Portlet[ID="datastaging_restitutions_tab_2"]/item[0][Class="ListGrid"]/filterEditor/actionButton/icon;
click;scLocator=//Portlet[ID="datastaging_restitutions_tab_2"]/item[0][Class="ListGrid"]/filterEditor/actionButton/icon;
waitForElementClickable;scLocator=//Portlet[ID="datastaging_restitutions_tab_2"]/item[0][Class="ListGrid"]/body/row[CALC_DT=Mon May 29 2017 12:00:00 GMT+0200 (W. Europe Standard Time)||CM_CS_ID=1156||ACC_TYPE=C||EXCESS_COLL=7750032.36||1]/col[fieldName=EXCESS_COLL||5];
click;scLocator=//Portlet[ID="datastaging_restitutions_tab_2"]/item[0][Class="ListGrid"]/body/row[CALC_DT=Mon May 29 2017 12:00:00 GMT+0200 (W. Europe Standard Time)||CM_CS_ID=1156||ACC_TYPE=C||EXCESS_COLL=7750032.36||1]/col[fieldName=EXCESS_COLL||5];
waitForElementClickable;scLocator=//Portlet[ID="datastaging_restitutions_tab_2"]/item[0][Class="ListGrid"]/body/row[CALC_DT=Mon May 29 2017 12:00:00 GMT+0200 (W. Europe Standard Time)||CM_CS_ID=1156||ACC_TYPE=C||EXCESS_COLL=7750032.36||1]/col[fieldName=EXCESS_COLL||5];
contextMenu;scLocator=//Portlet[ID="datastaging_restitutions_tab_2"]/item[0][Class="ListGrid"]/body/row[CALC_DT=Mon May 29 2017 12:00:00 GMT+0200 (W. Europe Standard Time)||CM_CS_ID=1156||ACC_TYPE=C||EXCESS_COLL=7750032.36||1]/col[fieldName=EXCESS_COLL||5];
waitForElementClickable;scLocator=//Menu[level=0]/body/row[title=Copy||0]/col[fieldName=icon||0];
click;scLocator=//Menu[level=0]/body/row[title=Copy||0]/col[fieldName=icon||0];
waitForElementClickable;scLocator=//autoID[Class=Dialog||index=30||length=32||classIndex=0||classLength=1||roleIndex=0||roleLength=1||title=Copy%20Cells||scRole=alertdialog]/header/;
click;scLocator=//autoID[Class=Dialog||index=30||length=32||classIndex=0||classLength=1||roleIndex=0||roleLength=1||title=Copy%20Cells||scRole=alertdialog]/header/;
waitForElementClickable;scLocator=//autoID[Class=Dialog||index=30||length=32||classIndex=0||classLength=1||roleIndex=0||roleLength=1||title=Copy%20Cells||scRole=alertdialog]/closeButton/;
secondClick;scLocator=//autoID[Class=Dialog||index=30||length=32||classIndex=0||classLength=1||roleIndex=0||roleLength=1||title=Copy%20Cells||scRole=alertdialog]/closeButton/;
waitForElementClickable;scLocator=//Portlet[ID="datastaging_restitutions_tab_2"]/header/;
click;scLocator=//Portlet[ID="datastaging_restitutions_tab_2"]/header/;
waitForElementClickable;scLocator=//Portlet[ID="datastaging_restitutions_tab_2"]/item[0][Class="ListGrid"]/header/headerButton[fieldName=EXCESS_COLL]/;
secondClick;scLocator=//Portlet[ID="datastaging_restitutions_tab_2"]/item[0][Class="ListGrid"]/header/headerButton[fieldName=EXCESS_COLL]/;
waitForElementClickable;scLocator=//ScreenSpan[ID="isc_EH_screenSpan"]/;
click;scLocator=//ScreenSpan[ID="isc_EH_screenSpan"]/;
waitForElementClickable;scLocator=//Portlet[ID="datastaging_restitutions_tab_2"]/item[0][Class="ListGrid"]/filterEditor/editRowForm/item[name=EXCESS_COLL||title=Excess%20coll.||index=5||Class=FloatItem]/element;
click;scLocator=//Portlet[ID="datastaging_restitutions_tab_2"]/item[0][Class="ListGrid"]/filterEditor/editRowForm/item[name=EXCESS_COLL||title=Excess%20coll.||index=5||Class=FloatItem]/element;
waitForElementClickable;scLocator=//Portlet[ID="datastaging_restitutions_tab_2"]/item[0][Class="ListGrid"]/filterEditor/editRowForm/item[name=EXCESS_COLL||title=Excess%20coll.||value=%3E%227750032.36||index=5||Class=FloatItem]/element;
click;scLocator=//Portlet[ID="datastaging_restitutions_tab_2"]/item[0][Class="ListGrid"]/filterEditor/editRowForm/item[name=EXCESS_COLL||title=Excess%20coll.||value=%3E%227750032.36||index=5||Class=FloatItem]/element;
waitForElementReadyForKeyPresses;scLocator=//Portlet[ID="datastaging_restitutions_tab_2"]/item[0][Class="ListGrid"]/filterEditor/editRowForm/item[name=EXCESS_COLL||title=Excess%20coll.||value=%3E7750032.36||index=5||Class=FloatItem]/element;
sendKeys;scLocator=//Portlet[ID="datastaging_restitutions_tab_2"]/item[0][Class="ListGrid"]/filterEditor/editRowForm/item[name=EXCESS_COLL||title=Excess%20coll.||value=%3E7750032.36||index=5||Class=FloatItem]/element;${KEY_ENTER}
waitForElementClickable;scLocator=//Portlet[ID="datastaging_restitutions_tab_2"]/item[0][Class="ListGrid"]/filterEditor/editRowForm/item[name=EXCESS_COLL||title=Excess%20coll.||value=%3E7750032.36||index=5||Class=FloatItem]/element;
type;scLocator=//Portlet[ID="datastaging_restitutions_tab_2"]/item[0][Class="ListGrid"]/filterEditor/editRowForm/item[name=EXCESS_COLL||title=Excess%20coll.||value=%3E7750032.36||index=5||Class=FloatItem]/element;>7750032.36
waitForElementClickable;scLocator=//Portlet[ID="datastaging_restitutions_tab_2"]/item[0][Class="ListGrid"]/filterEditor/editRowForm/item[name=MAN_REST||title=Man.%20restitution||index=6||Class=FloatItem]/element;
click;scLocator=//Portlet[ID="datastaging_restitutions_tab_2"]/item[0][Class="ListGrid"]/filterEditor/editRowForm/item[name=MAN_REST||title=Man.%20restitution||index=6||Class=FloatItem]/element;
waitForElementReadyForKeyPresses;scLocator=//Portlet[ID="datastaging_restitutions_tab_2"]/item[0][Class="ListGrid"]/filterEditor/editRowForm/item[name=MAN_REST||title=Man.%20restitution||value=%3E1000||index=6||Class=FloatItem]/element;
sendKeys;scLocator=//Portlet[ID="datastaging_restitutions_tab_2"]/item[0][Class="ListGrid"]/filterEditor/editRowForm/item[name=MAN_REST||title=Man.%20restitution||value=%3E1000||index=6||Class=FloatItem]/element;${KEY_ENTER}
waitForElementReadyForKeyPresses;scLocator=//Portlet[ID="datastaging_restitutions_tab_2"]/item[0][Class="ListGrid"]/filterEditor/editRowForm/item[name=MAN_REST||title=Man.%20restitution||index=6||Class=FloatItem]/element;
sendKeys;scLocator=//Portlet[ID="datastaging_restitutions_tab_2"]/item[0][Class="ListGrid"]/filterEditor/editRowForm/item[name=MAN_REST||title=Man.%20restitution||index=6||Class=FloatItem]/element;${KEY_ENTER}
waitForElementReadyForKeyPresses;scLocator=//Portlet[ID="datastaging_restitutions_tab_2"]/item[0][Class="ListGrid"]/filterEditor/editRowForm/item[name=MAN_REST||title=Man.%20restitution||value=%3C%3D0||index=6||Class=FloatItem]/element;
sendKeys;scLocator=//Portlet[ID="datastaging_restitutions_tab_2"]/item[0][Class="ListGrid"]/filterEditor/editRowForm/item[name=MAN_REST||title=Man.%20restitution||value=%3C%3D0||index=6||Class=FloatItem]/element;${KEY_ENTER}
waitForElementClickable;scLocator=//Portlet[ID="datastaging_restitutions_tab_2"]/item[0][Class="ListGrid"]/filterEditor/editRowForm/item[name=MAN_REST||title=Man.%20restitution||value=%3C%3D0||index=6||Class=FloatItem]/element;
type;scLocator=//Portlet[ID="datastaging_restitutions_tab_2"]/item[0][Class="ListGrid"]/filterEditor/editRowForm/item[name=MAN_REST||title=Man.%20restitution||value=%3C%3D0||index=6||Class=FloatItem]/element;<=0
waitForElementClickable;scLocator=//Portlet[ID="datastaging_restitutions_tab_2"]/item[0][Class="ListGrid"]/filterEditor/actionButton/icon;
click;scLocator=//Portlet[ID="datastaging_restitutions_tab_2"]/item[0][Class="ListGrid"]/filterEditor/actionButton/icon;
waitForElementClickable;scLocator=//Portlet[ID="datastaging_restitutions_tab_2"]/item[0][Class="ListGrid"]/filterEditor/editRowForm/item[name=AUT_REST||title=Aut.%20restitution||index=7||Class=FloatItem]/element;
click;scLocator=//Portlet[ID="datastaging_restitutions_tab_2"]/item[0][Class="ListGrid"]/filterEditor/editRowForm/item[name=AUT_REST||title=Aut.%20restitution||index=7||Class=FloatItem]/element;
waitForElementClickable;scLocator=//Portlet[ID="datastaging_restitutions_tab_2"]/item[0][Class="ListGrid"]/filterEditor/editRowForm/item[name=MAN_REST||title=Man.%20restitution||value=%3C%3D0||index=6||Class=FloatItem]/element;
click;scLocator=//Portlet[ID="datastaging_restitutions_tab_2"]/item[0][Class="ListGrid"]/filterEditor/editRowForm/item[name=MAN_REST||title=Man.%20restitution||value=%3C%3D0||index=6||Class=FloatItem]/element;
waitForElementClickable;scLocator=//Portlet[ID="datastaging_restitutions_tab_2"]/item[0][Class="ListGrid"]/filterEditor/editRowForm/item[name=MAN_REST||title=Man.%20restitution||index=6||Class=FloatItem]/element;
type;scLocator=//Portlet[ID="datastaging_restitutions_tab_2"]/item[0][Class="ListGrid"]/filterEditor/editRowForm/item[name=MAN_REST||title=Man.%20restitution||index=6||Class=FloatItem]/element;
waitForElementClickable;scLocator=//Portlet[ID="datastaging_restitutions_tab_2"]/item[0][Class="ListGrid"]/filterEditor/editRowForm/item[name=AUT_REST||title=Aut.%20restitution||index=7||Class=FloatItem]/element;
click;scLocator=//Portlet[ID="datastaging_restitutions_tab_2"]/item[0][Class="ListGrid"]/filterEditor/editRowForm/item[name=AUT_REST||title=Aut.%20restitution||index=7||Class=FloatItem]/element;
waitForElementReadyForKeyPresses;scLocator=//Portlet[ID="datastaging_restitutions_tab_2"]/item[0][Class="ListGrid"]/filterEditor/editRowForm/item[name=AUT_REST||title=Aut.%20restitution||value=%3E100||index=7||Class=FloatItem]/element;
sendKeys;scLocator=//Portlet[ID="datastaging_restitutions_tab_2"]/item[0][Class="ListGrid"]/filterEditor/editRowForm/item[name=AUT_REST||title=Aut.%20restitution||value=%3E100||index=7||Class=FloatItem]/element;${KEY_ENTER}
waitForElementClickable;scLocator=//Portlet[ID="datastaging_restitutions_tab_2"]/item[0][Class="ListGrid"]/filterEditor/editRowForm/item[name=AUT_REST||title=Aut.%20restitution||value=%3E100||index=7||Class=FloatItem]/element;
type;scLocator=//Portlet[ID="datastaging_restitutions_tab_2"]/item[0][Class="ListGrid"]/filterEditor/editRowForm/item[name=AUT_REST||title=Aut.%20restitution||value=%3E100||index=7||Class=FloatItem]/element;>100
waitForElementClickable;scLocator=//Portlet[ID="datastaging_restitutions_tab_2"]/item[0][Class="ListGrid"]/filterEditor/actionButton/icon;
click;scLocator=//Portlet[ID="datastaging_restitutions_tab_2"]/item[0][Class="ListGrid"]/filterEditor/actionButton/icon;
waitForElementClickable;scLocator=//Portlet[ID="datastaging_restitutions_tab_2"]/item[0][Class="ListGrid"]/filterEditor/editRowForm/item[name=AUT_REST||title=Aut.%20restitution||value=%3E100||index=7||Class=FloatItem]/element;
click;scLocator=//Portlet[ID="datastaging_restitutions_tab_2"]/item[0][Class="ListGrid"]/filterEditor/editRowForm/item[name=AUT_REST||title=Aut.%20restitution||value=%3E100||index=7||Class=FloatItem]/element;
waitForElementReadyForKeyPresses;scLocator=//Portlet[ID="datastaging_restitutions_tab_2"]/item[0][Class="ListGrid"]/filterEditor/editRowForm/item[name=AUT_REST||title=Aut.%20restitution||value=%3E100000||index=7||Class=FloatItem]/element;
sendKeys;scLocator=//Portlet[ID="datastaging_restitutions_tab_2"]/item[0][Class="ListGrid"]/filterEditor/editRowForm/item[name=AUT_REST||title=Aut.%20restitution||value=%3E100000||index=7||Class=FloatItem]/element;${KEY_ENTER}
waitForElementClickable;scLocator=//Portlet[ID="datastaging_restitutions_tab_2"]/item[0][Class="ListGrid"]/filterEditor/editRowForm/item[name=AUT_REST||title=Aut.%20restitution||value=%3E100000||index=7||Class=FloatItem]/element;
click;scLocator=//Portlet[ID="datastaging_restitutions_tab_2"]/item[0][Class="ListGrid"]/filterEditor/editRowForm/item[name=AUT_REST||title=Aut.%20restitution||value=%3E100000||index=7||Class=FloatItem]/element;
waitForElementClickable;scLocator=//Portlet[ID="datastaging_restitutions_tab_2"]/item[0][Class="ListGrid"]/filterEditor/editRowForm/item[name=AUT_REST||title=Aut.%20restitution||value=%3E1000000000||index=7||Class=FloatItem]/element;
type;scLocator=//Portlet[ID="datastaging_restitutions_tab_2"]/item[0][Class="ListGrid"]/filterEditor/editRowForm/item[name=AUT_REST||title=Aut.%20restitution||value=%3E1000000000||index=7||Class=FloatItem]/element;>1000000000
waitForElementClickable;scLocator=//Portlet[ID="datastaging_restitutions_tab_2"]/item[0][Class="ListGrid"]/;
click;scLocator=//Portlet[ID="datastaging_restitutions_tab_2"]/item[0][Class="ListGrid"]/;
waitForElementClickable;scLocator=//Portlet[ID="datastaging_restitutions_tab_2"]/item[0][Class="ListGrid"]/filterEditor/actionButton/icon;
click;scLocator=//Portlet[ID="datastaging_restitutions_tab_2"]/item[0][Class="ListGrid"]/filterEditor/actionButton/icon;
waitForElementClickable;scLocator=//Portlet[ID="datastaging_restitutions_tab_2"]/item[0][Class="ListGrid"]/filterEditor/editRowForm/item[name=AUT_REST||title=Aut.%20restitution||value=%3E1000000000||index=7||Class=FloatItem]/element;
click;scLocator=//Portlet[ID="datastaging_restitutions_tab_2"]/item[0][Class="ListGrid"]/filterEditor/editRowForm/item[name=AUT_REST||title=Aut.%20restitution||value=%3E1000000000||index=7||Class=FloatItem]/element;
waitForElementReadyForKeyPresses;scLocator=//Portlet[ID="datastaging_restitutions_tab_2"]/item[0][Class="ListGrid"]/filterEditor/editRowForm/item[name=AUT_REST||title=Aut.%20restitution||value=%3E100000000||index=7||Class=FloatItem]/element;
sendKeys;scLocator=//Portlet[ID="datastaging_restitutions_tab_2"]/item[0][Class="ListGrid"]/filterEditor/editRowForm/item[name=AUT_REST||title=Aut.%20restitution||value=%3E100000000||index=7||Class=FloatItem]/element;${KEY_ENTER}
waitForElementClickable;scLocator=//Portlet[ID="datastaging_restitutions_tab_2"]/item[0][Class="ListGrid"]/filterEditor/editRowForm/item[name=AUT_REST||title=Aut.%20restitution||value=%3E100000000||index=7||Class=FloatItem]/element;
click;scLocator=//Portlet[ID="datastaging_restitutions_tab_2"]/item[0][Class="ListGrid"]/filterEditor/editRowForm/item[name=AUT_REST||title=Aut.%20restitution||value=%3E100000000||index=7||Class=FloatItem]/element;
waitForElementReadyForKeyPresses;scLocator=//Portlet[ID="datastaging_restitutions_tab_2"]/item[0][Class="ListGrid"]/filterEditor/editRowForm/item[name=AUT_REST||title=Aut.%20restitution||value=%3E100000000||index=7||Class=FloatItem]/element;
sendKeys;scLocator=//Portlet[ID="datastaging_restitutions_tab_2"]/item[0][Class="ListGrid"]/filterEditor/editRowForm/item[name=AUT_REST||title=Aut.%20restitution||value=%3E100000000||index=7||Class=FloatItem]/element;${KEY_SHIFT}${KEY_RIGHT}${KEY_SHIFT}
waitForElementReadyForKeyPresses;scLocator=//Portlet[ID="datastaging_restitutions_tab_2"]/item[0][Class="ListGrid"]/filterEditor/editRowForm/item[name=AUT_REST||title=Aut.%20restitution||value=%3E100000000||index=7||Class=FloatItem]/element;
sendKeys;scLocator=//Portlet[ID="datastaging_restitutions_tab_2"]/item[0][Class="ListGrid"]/filterEditor/editRowForm/item[name=AUT_REST||title=Aut.%20restitution||value=%3E100000000||index=7||Class=FloatItem]/element;${KEY_SHIFT}${KEY_RIGHT}${KEY_SHIFT}
waitForElementReadyForKeyPresses;scLocator=//Portlet[ID="datastaging_restitutions_tab_2"]/item[0][Class="ListGrid"]/filterEditor/editRowForm/item[name=AUT_REST||title=Aut.%20restitution||value=%3E100000000||index=7||Class=FloatItem]/element;
sendKeys;scLocator=//Portlet[ID="datastaging_restitutions_tab_2"]/item[0][Class="ListGrid"]/filterEditor/editRowForm/item[name=AUT_REST||title=Aut.%20restitution||value=%3E100000000||index=7||Class=FloatItem]/element;${KEY_SHIFT}${KEY_RIGHT}${KEY_SHIFT}
waitForElementReadyForKeyPresses;scLocator=//Portlet[ID="datastaging_restitutions_tab_2"]/item[0][Class="ListGrid"]/filterEditor/editRowForm/item[name=AUT_REST||title=Aut.%20restitution||value=%3E100000000||index=7||Class=FloatItem]/element;
sendKeys;scLocator=//Portlet[ID="datastaging_restitutions_tab_2"]/item[0][Class="ListGrid"]/filterEditor/editRowForm/item[name=AUT_REST||title=Aut.%20restitution||value=%3E100000000||index=7||Class=FloatItem]/element;${KEY_SHIFT}${KEY_RIGHT}${KEY_SHIFT}
waitForElementReadyForKeyPresses;scLocator=//Portlet[ID="datastaging_restitutions_tab_2"]/item[0][Class="ListGrid"]/filterEditor/editRowForm/item[name=AUT_REST||title=Aut.%20restitution||value=%3E100000000||index=7||Class=FloatItem]/element;
sendKeys;scLocator=//Portlet[ID="datastaging_restitutions_tab_2"]/item[0][Class="ListGrid"]/filterEditor/editRowForm/item[name=AUT_REST||title=Aut.%20restitution||value=%3E100000000||index=7||Class=FloatItem]/element;${KEY_SHIFT}${KEY_RIGHT}${KEY_SHIFT}
waitForElementReadyForKeyPresses;scLocator=//Portlet[ID="datastaging_restitutions_tab_2"]/item[0][Class="ListGrid"]/filterEditor/editRowForm/item[name=AUT_REST||title=Aut.%20restitution||value=%3E100000000||index=7||Class=FloatItem]/element;
sendKeys;scLocator=//Portlet[ID="datastaging_restitutions_tab_2"]/item[0][Class="ListGrid"]/filterEditor/editRowForm/item[name=AUT_REST||title=Aut.%20restitution||value=%3E100000000||index=7||Class=FloatItem]/element;${KEY_SHIFT}${KEY_RIGHT}${KEY_SHIFT}
waitForElementReadyForKeyPresses;scLocator=//Portlet[ID="datastaging_restitutions_tab_2"]/item[0][Class="ListGrid"]/filterEditor/editRowForm/item[name=AUT_REST||title=Aut.%20restitution||value=%3E100000000||index=7||Class=FloatItem]/element;
sendKeys;scLocator=//Portlet[ID="datastaging_restitutions_tab_2"]/item[0][Class="ListGrid"]/filterEditor/editRowForm/item[name=AUT_REST||title=Aut.%20restitution||value=%3E100000000||index=7||Class=FloatItem]/element;${KEY_SHIFT}${KEY_RIGHT}${KEY_SHIFT}
waitForElementReadyForKeyPresses;scLocator=//Portlet[ID="datastaging_restitutions_tab_2"]/item[0][Class="ListGrid"]/filterEditor/editRowForm/item[name=AUT_REST||title=Aut.%20restitution||value=%3E100000000||index=7||Class=FloatItem]/element;
sendKeys;scLocator=//Portlet[ID="datastaging_restitutions_tab_2"]/item[0][Class="ListGrid"]/filterEditor/editRowForm/item[name=AUT_REST||title=Aut.%20restitution||value=%3E100000000||index=7||Class=FloatItem]/element;${KEY_SHIFT}${KEY_RIGHT}${KEY_SHIFT}
waitForElementReadyForKeyPresses;scLocator=//Portlet[ID="datastaging_restitutions_tab_2"]/item[0][Class="ListGrid"]/filterEditor/editRowForm/item[name=AUT_REST||title=Aut.%20restitution||value=%3E100000000||index=7||Class=FloatItem]/element;
sendKeys;scLocator=//Portlet[ID="datastaging_restitutions_tab_2"]/item[0][Class="ListGrid"]/filterEditor/editRowForm/item[name=AUT_REST||title=Aut.%20restitution||value=%3E100000000||index=7||Class=FloatItem]/element;${KEY_SHIFT}${KEY_RIGHT}${KEY_SHIFT}
waitForElementReadyForKeyPresses;scLocator=//Portlet[ID="datastaging_restitutions_tab_2"]/item[0][Class="ListGrid"]/filterEditor/editRowForm/item[name=AUT_REST||title=Aut.%20restitution||value=%3E100000000||index=7||Class=FloatItem]/element;
sendKeys;scLocator=//Portlet[ID="datastaging_restitutions_tab_2"]/item[0][Class="ListGrid"]/filterEditor/editRowForm/item[name=AUT_REST||title=Aut.%20restitution||value=%3E100000000||index=7||Class=FloatItem]/element;${KEY_LEFT}
waitForElementReadyForKeyPresses;scLocator=//Portlet[ID="datastaging_restitutions_tab_2"]/item[0][Class="ListGrid"]/filterEditor/editRowForm/item[name=AUT_REST||title=Aut.%20restitution||value=%3E100000000||index=7||Class=FloatItem]/element;
sendKeys;scLocator=//Portlet[ID="datastaging_restitutions_tab_2"]/item[0][Class="ListGrid"]/filterEditor/editRowForm/item[name=AUT_REST||title=Aut.%20restitution||value=%3E100000000||index=7||Class=FloatItem]/element;${KEY_RIGHT}
waitForElementReadyForKeyPresses;scLocator=//Portlet[ID="datastaging_restitutions_tab_2"]/item[0][Class="ListGrid"]/filterEditor/editRowForm/item[name=AUT_REST||title=Aut.%20restitution||value=%3E1000000000||index=7||Class=FloatItem]/element;
sendKeys;scLocator=//Portlet[ID="datastaging_restitutions_tab_2"]/item[0][Class="ListGrid"]/filterEditor/editRowForm/item[name=AUT_REST||title=Aut.%20restitution||value=%3E1000000000||index=7||Class=FloatItem]/element;${KEY_ENTER}
waitForElementReadyForKeyPresses;scLocator=//Portlet[ID="datastaging_restitutions_tab_2"]/item[0][Class="ListGrid"]/filterEditor/editRowForm/item[name=AUT_REST||title=Aut.%20restitution||value=%3E100000000||index=7||Class=FloatItem]/element;
sendKeys;scLocator=//Portlet[ID="datastaging_restitutions_tab_2"]/item[0][Class="ListGrid"]/filterEditor/editRowForm/item[name=AUT_REST||title=Aut.%20restitution||value=%3E100000000||index=7||Class=FloatItem]/element;${KEY_ENTER}
waitForElementReadyForKeyPresses;scLocator=//Portlet[ID="datastaging_restitutions_tab_2"]/item[0][Class="ListGrid"]/filterEditor/editRowForm/item[name=AUT_REST||title=Aut.%20restitution||value=%3E100000000||index=7||Class=FloatItem]/element;
sendKeys;scLocator=//Portlet[ID="datastaging_restitutions_tab_2"]/item[0][Class="ListGrid"]/filterEditor/editRowForm/item[name=AUT_REST||title=Aut.%20restitution||value=%3E100000000||index=7||Class=FloatItem]/element;${KEY_RIGHT}
waitForElementReadyForKeyPresses;scLocator=//Portlet[ID="datastaging_restitutions_tab_2"]/item[0][Class="ListGrid"]/filterEditor/editRowForm/item[name=AUT_REST||title=Aut.%20restitution||value=%3E100000000||index=7||Class=FloatItem]/element;
sendKeys;scLocator=//Portlet[ID="datastaging_restitutions_tab_2"]/item[0][Class="ListGrid"]/filterEditor/editRowForm/item[name=AUT_REST||title=Aut.%20restitution||value=%3E100000000||index=7||Class=FloatItem]/element;${KEY_RIGHT}
waitForElementReadyForKeyPresses;scLocator=//Portlet[ID="datastaging_restitutions_tab_2"]/item[0][Class="ListGrid"]/filterEditor/editRowForm/item[name=AUT_REST||title=Aut.%20restitution||value=%3E10000000||index=7||Class=FloatItem]/element;
sendKeys;scLocator=//Portlet[ID="datastaging_restitutions_tab_2"]/item[0][Class="ListGrid"]/filterEditor/editRowForm/item[name=AUT_REST||title=Aut.%20restitution||value=%3E10000000||index=7||Class=FloatItem]/element;${KEY_ENTER}
waitForElementClickable;scLocator=//Portlet[ID="datastaging_restitutions_tab_2"]/item[0][Class="ListGrid"]/filterEditor/editRowForm/item[name=AUT_REST||title=Aut.%20restitution||value=%3E10000000||index=7||Class=FloatItem]/element;
type;scLocator=//Portlet[ID="datastaging_restitutions_tab_2"]/item[0][Class="ListGrid"]/filterEditor/editRowForm/item[name=AUT_REST||title=Aut.%20restitution||value=%3E10000000||index=7||Class=FloatItem]/element;>10000000
waitForElementClickable;scLocator=//Portlet[ID="datastaging_restitutions_tab_2"]/item[0][Class="ListGrid"]/filterEditor/editRowForm/item[name=EXCESS_COLL||title=Excess%20coll.||value=%3E7750032.36||index=5||Class=FloatItem]/element;
click;scLocator=//Portlet[ID="datastaging_restitutions_tab_2"]/item[0][Class="ListGrid"]/filterEditor/editRowForm/item[name=EXCESS_COLL||title=Excess%20coll.||value=%3E7750032.36||index=5||Class=FloatItem]/element;
waitForElementReadyForKeyPresses;scLocator=//Portlet[ID="datastaging_restitutions_tab_2"]/item[0][Class="ListGrid"]/filterEditor/editRowForm/item[name=EXCESS_COLL||title=Excess%20coll.||index=5||Class=FloatItem]/element;
sendKeys;scLocator=//Portlet[ID="datastaging_restitutions_tab_2"]/item[0][Class="ListGrid"]/filterEditor/editRowForm/item[name=EXCESS_COLL||title=Excess%20coll.||index=5||Class=FloatItem]/element;${KEY_ENTER}
waitForElementClickable;scLocator=//Portlet[ID="datastaging_restitutions_tab_2"]/item[0][Class="ListGrid"]/filterEditor/editRowForm/item[name=EXCESS_COLL||title=Excess%20coll.||index=5||Class=FloatItem]/element;
type;scLocator=//Portlet[ID="datastaging_restitutions_tab_2"]/item[0][Class="ListGrid"]/filterEditor/editRowForm/item[name=EXCESS_COLL||title=Excess%20coll.||index=5||Class=FloatItem]/element;
waitForElementClickable;scLocator=//Portlet[ID="datastaging_restitutions_tab_2"]/item[0][Class="ListGrid"]/filterEditor/editRowForm/item[name=REST_TYPE||title=Restitution%20type||value=A||index=4||Class=SelectItem]/[icon="picker"];
click;scLocator=//Portlet[ID="datastaging_restitutions_tab_2"]/item[0][Class="ListGrid"]/filterEditor/editRowForm/item[name=REST_TYPE||title=Restitution%20type||value=A||index=4||Class=SelectItem]/[icon="picker"];
waitForElementClickable;scLocator=//Portlet[ID="datastaging_restitutions_tab_2"]/item[0][Class="ListGrid"]/filterEditor/editRowForm/item[name=REST_TYPE||title=Restitution%20type||value=A||index=4||Class=SelectItem]/pickList/body/row[REST_TYPE=M||2]/col[fieldName=REST_TYPE||0];
click;scLocator=//Portlet[ID="datastaging_restitutions_tab_2"]/item[0][Class="ListGrid"]/filterEditor/editRowForm/item[name=REST_TYPE||title=Restitution%20type||value=A||index=4||Class=SelectItem]/pickList/body/row[REST_TYPE=M||2]/col[fieldName=REST_TYPE||0];
waitForElementClickable;scLocator=//Portlet[ID="datastaging_restitutions_tab_2"]/item[0][Class="ListGrid"]/filterEditor/editRowForm/item[name=REST_TYPE||title=Restitution%20type||value=M||index=4||Class=SelectItem]/textbox;
sendKeys;scLocator=//Portlet[ID="datastaging_restitutions_tab_2"]/item[0][Class="ListGrid"]/filterEditor/editRowForm/item[name=REST_TYPE||title=Restitution%20type||value=M||index=4||Class=SelectItem]/textbox;${KEY_ENTER}
waitForElementClickable;scLocator=//Portlet[ID="datastaging_restitutions_tab_2"]/item[0][Class="ListGrid"]/filterEditor/editRowForm/item[title=Calc.%20date||index=0||Class=MiniDateRangeItem]/[icon="showDateRange"];
click;scLocator=//Portlet[ID="datastaging_restitutions_tab_2"]/item[0][Class="ListGrid"]/filterEditor/editRowForm/item[title=Calc.%20date||index=0||Class=MiniDateRangeItem]/[icon="showDateRange"];
waitForElementClickable;scLocator=//Portlet[ID="datastaging_restitutions_tab_2"]/item[0][Class="ListGrid"]/filterEditor/editRowForm/item[title=Calc.%20date||index=0||Class=MiniDateRangeItem]/rangeDialog/rangeForm/item[name=CALC_DT||title=CALC_DT||index=0||Class=DateRangeItem]/dateRangeForm/item[name=fromField||title=From||index=0||Class=RelativeDateItem]/editor/item[name=iconPlaceholder||title=iconPlaceholder||index=2||Class=StaticTextItem]/[icon="chooserIcon"];
click;scLocator=//Portlet[ID="datastaging_restitutions_tab_2"]/item[0][Class="ListGrid"]/filterEditor/editRowForm/item[title=Calc.%20date||index=0||Class=MiniDateRangeItem]/rangeDialog/rangeForm/item[name=CALC_DT||title=CALC_DT||index=0||Class=DateRangeItem]/dateRangeForm/item[name=fromField||title=From||index=0||Class=RelativeDateItem]/editor/item[name=iconPlaceholder||title=iconPlaceholder||index=2||Class=StaticTextItem]/[icon="chooserIcon"];
waitForElementClickable;scLocator=//autoID[Class=DateChooser||index=57||length=60||classIndex=0||classLength=1]/dateGrid/body/row[Mon=Mon May 08 2017 12:00:00 GMT+0200 (W. Europe Standard Time)||1]/col[fieldName=Mon||1];
click;scLocator=//autoID[Class=DateChooser||index=57||length=60||classIndex=0||classLength=1]/dateGrid/body/row[Mon=Mon May 08 2017 12:00:00 GMT+0200 (W. Europe Standard Time)||1]/col[fieldName=Mon||1];
waitForElementClickable;scLocator=//Portlet[ID="datastaging_restitutions_tab_2"]/item[0][Class="ListGrid"]/filterEditor/editRowForm/item[title=Calc.%20date||value=[object Object]||index=0||Class=MiniDateRangeItem]/rangeDialog/rangeForm/item[name=CALC_DT||title=CALC_DT||value=[object Object]||index=0||Class=DateRangeItem]/dateRangeForm/item[name=toField||title=To||index=1||Class=RelativeDateItem]/editor/item[name=valueField||title=valueField||index=0||Class=ComboBoxItem]/[icon="picker"];
click;scLocator=//Portlet[ID="datastaging_restitutions_tab_2"]/item[0][Class="ListGrid"]/filterEditor/editRowForm/item[title=Calc.%20date||value=[object Object]||index=0||Class=MiniDateRangeItem]/rangeDialog/rangeForm/item[name=CALC_DT||title=CALC_DT||value=[object Object]||index=0||Class=DateRangeItem]/dateRangeForm/item[name=toField||title=To||index=1||Class=RelativeDateItem]/editor/item[name=valueField||title=valueField||index=0||Class=ComboBoxItem]/[icon="picker"];
waitForElementClickable;scLocator=//Portlet[ID="datastaging_restitutions_tab_2"]/item[0][Class="ListGrid"]/filterEditor/editRowForm/item[title=Calc.%20date||value=[object Object]||index=0||Class=MiniDateRangeItem]/rangeDialog/rangeForm/item[name=CALC_DT||title=CALC_DT||value=[object Object]||index=0||Class=DateRangeItem]/dateRangeForm/item[name=toField||title=To||index=1||Class=RelativeDateItem]/editor/item[name=valueField||title=valueField||index=0||Class=ComboBoxItem]/pickList/body/row[valueField=%24today||0]/col[fieldName=valueField||0];
click;scLocator=//Portlet[ID="datastaging_restitutions_tab_2"]/item[0][Class="ListGrid"]/filterEditor/editRowForm/item[title=Calc.%20date||value=[object Object]||index=0||Class=MiniDateRangeItem]/rangeDialog/rangeForm/item[name=CALC_DT||title=CALC_DT||value=[object Object]||index=0||Class=DateRangeItem]/dateRangeForm/item[name=toField||title=To||index=1||Class=RelativeDateItem]/editor/item[name=valueField||title=valueField||index=0||Class=ComboBoxItem]/pickList/body/row[valueField=%24today||0]/col[fieldName=valueField||0];
waitForElementClickable;scLocator=//Portlet[ID="datastaging_restitutions_tab_2"]/item[0][Class="ListGrid"]/filterEditor/editRowForm/item[title=Calc.%20date||value=[object Object]||index=0||Class=MiniDateRangeItem]/rangeDialog/okButton/;
secondClick;scLocator=//Portlet[ID="datastaging_restitutions_tab_2"]/item[0][Class="ListGrid"]/filterEditor/editRowForm/item[title=Calc.%20date||value=[object Object]||index=0||Class=MiniDateRangeItem]/rangeDialog/okButton/;
waitForElementClickable;scLocator=//Portlet[ID="datastaging_restitutions_tab_2"]/item[0][Class="ListGrid"]/filterEditor/editRowForm/item[title=Calc.%20date||value=[object Object]||index=0||Class=MiniDateRangeItem]/[icon="showDateRange"];
sendKeys;scLocator=//Portlet[ID="datastaging_restitutions_tab_2"]/item[0][Class="ListGrid"]/filterEditor/editRowForm/item[title=Calc.%20date||value=[object Object]||index=0||Class=MiniDateRangeItem]/[icon="showDateRange"];${KEY_ENTER}
waitForElementClickable;scLocator=//Portlet[ID="datastaging_restitutions_tab_2"]/item[0][Class="ListGrid"]/filterEditor/editRowForm/item[title=Calc.%20date||value=[object Object]||index=0||Class=MiniDateRangeItem]/rangeDialog/closeButton/;
click;scLocator=//Portlet[ID="datastaging_restitutions_tab_2"]/item[0][Class="ListGrid"]/filterEditor/editRowForm/item[title=Calc.%20date||value=[object Object]||index=0||Class=MiniDateRangeItem]/rangeDialog/closeButton/;
waitForElementClickable;scLocator=//Portlet[ID="datastaging_restitutions_tab_2"]/item[0][Class="ListGrid"]/filterEditor/editRowForm/item[name=ACC_TYPE||title=Firm%20client||value=C||index=3||Class=SelectItem]/[icon="picker"];
click;scLocator=//Portlet[ID="datastaging_restitutions_tab_2"]/item[0][Class="ListGrid"]/filterEditor/editRowForm/item[name=ACC_TYPE||title=Firm%20client||value=C||index=3||Class=SelectItem]/[icon="picker"];
waitForElementClickable;scLocator=//Portlet[ID="datastaging_restitutions_tab_2"]/item[0][Class="ListGrid"]/filterEditor/editRowForm/item[name=ACC_TYPE||title=Firm%20client||value=C||index=3||Class=SelectItem]/pickList/body/row[0]/col[fieldName=ACC_TYPE||0];
click;scLocator=//Portlet[ID="datastaging_restitutions_tab_2"]/item[0][Class="ListGrid"]/filterEditor/editRowForm/item[name=ACC_TYPE||title=Firm%20client||value=C||index=3||Class=SelectItem]/pickList/body/row[0]/col[fieldName=ACC_TYPE||0];
waitForElementClickable;scLocator=//Portlet[ID="datastaging_restitutions_tab_2"]/item[0][Class="ListGrid"]/filterEditor/editRowForm/item[name=ACC_TYPE||title=Firm%20client||index=3||Class=SelectItem]/textbox;
sendKeys;scLocator=//Portlet[ID="datastaging_restitutions_tab_2"]/item[0][Class="ListGrid"]/filterEditor/editRowForm/item[name=ACC_TYPE||title=Firm%20client||index=3||Class=SelectItem]/textbox;${KEY_ENTER}
waitForElementClickable;scLocator=//Portlet[ID="datastaging_restitutions_tab_2"]/item[0][Class="ListGrid"]/filterEditor/editRowForm/item[name=AUT_REST||title=Aut.%20restitution||value=%3E10000000||index=7||Class=FloatItem]/element;
click;scLocator=//Portlet[ID="datastaging_restitutions_tab_2"]/item[0][Class="ListGrid"]/filterEditor/editRowForm/item[name=AUT_REST||title=Aut.%20restitution||value=%3E10000000||index=7||Class=FloatItem]/element;
waitForElementReadyForKeyPresses;scLocator=//Portlet[ID="datastaging_restitutions_tab_2"]/item[0][Class="ListGrid"]/filterEditor/editRowForm/item[name=AUT_REST||title=Aut.%20restitution||index=7||Class=FloatItem]/element;
sendKeys;scLocator=//Portlet[ID="datastaging_restitutions_tab_2"]/item[0][Class="ListGrid"]/filterEditor/editRowForm/item[name=AUT_REST||title=Aut.%20restitution||index=7||Class=FloatItem]/element;${KEY_ENTER}
waitForElementClickable;scLocator=//Portlet[ID="datastaging_restitutions_tab_2"]/item[0][Class="ListGrid"]/filterEditor/editRowForm/item[name=AUT_REST||title=Aut.%20restitution||index=7||Class=FloatItem]/element;
type;scLocator=//Portlet[ID="datastaging_restitutions_tab_2"]/item[0][Class="ListGrid"]/filterEditor/editRowForm/item[name=AUT_REST||title=Aut.%20restitution||index=7||Class=FloatItem]/element;
waitForElementClickable;scLocator=//Portlet[ID="datastaging_restitutions_tab_2"]/item[0][Class="ListGrid"]/filterEditor/editRowForm/item[name=REST_TYPE||title=Restitution%20type||value=M||index=4||Class=SelectItem]/[icon="picker"];
click;scLocator=//Portlet[ID="datastaging_restitutions_tab_2"]/item[0][Class="ListGrid"]/filterEditor/editRowForm/item[name=REST_TYPE||title=Restitution%20type||value=M||index=4||Class=SelectItem]/[icon="picker"];
waitForElementClickable;scLocator=//Portlet[ID="datastaging_restitutions_tab_2"]/item[0][Class="ListGrid"]/filterEditor/editRowForm/item[name=REST_TYPE||title=Restitution%20type||value=M||index=4||Class=SelectItem]/pickList/body/row[0]/col[fieldName=REST_TYPE||0];
click;scLocator=//Portlet[ID="datastaging_restitutions_tab_2"]/item[0][Class="ListGrid"]/filterEditor/editRowForm/item[name=REST_TYPE||title=Restitution%20type||value=M||index=4||Class=SelectItem]/pickList/body/row[0]/col[fieldName=REST_TYPE||0];
waitForElementClickable;scLocator=//Portlet[ID="datastaging_restitutions_tab_2"]/item[0][Class="ListGrid"]/filterEditor/editRowForm/item[name=REST_TYPE||title=Restitution%20type||index=4||Class=SelectItem]/textbox;
sendKeys;scLocator=//Portlet[ID="datastaging_restitutions_tab_2"]/item[0][Class="ListGrid"]/filterEditor/editRowForm/item[name=REST_TYPE||title=Restitution%20type||index=4||Class=SelectItem]/textbox;${KEY_ENTER}
waitForElementClickable;scLocator=//Portlet[ID="datastaging_restitutions_tab_2"]/item[0][Class="ListGrid"]/body/vscrollbar/peer[Class=SpritedVSimpleScrollThumb||index=0||length=1||classIndex=0||classLength=1||title=%26nbsp%3B||name=main]/;
dragAndDrop;scLocator=//Portlet[ID="datastaging_restitutions_tab_2"]/item[0][Class="ListGrid"]/body/vscrollbar/peer[Class=SpritedVSimpleScrollThumb||index=0||length=1||classIndex=0||classLength=1||title=%26nbsp%3B||name=main]/;-14,+105
waitForElementClickable;scLocator=//Portlet[ID="datastaging_restitutions_tab_2"]/item[0][Class="ListGrid"]/body/vscrollbar/peer[Class=SpritedVSimpleScrollThumb||index=0||length=1||classIndex=0||classLength=1||title=%26nbsp%3B||name=main]/;
dragAndDrop;scLocator=//Portlet[ID="datastaging_restitutions_tab_2"]/item[0][Class="ListGrid"]/body/vscrollbar/peer[Class=SpritedVSimpleScrollThumb||index=0||length=1||classIndex=0||classLength=1||title=%26nbsp%3B||name=main]/;+2,-59
waitForElementClickable;scLocator=//Portlet[ID="datastaging_restitutions_tab_2"]/item[0][Class="ListGrid"]/body/vscrollbar/peer[Class=SpritedVSimpleScrollThumb||index=0||length=1||classIndex=0||classLength=1||title=%26nbsp%3B||name=main]/;
dragAndDrop;scLocator=//Portlet[ID="datastaging_restitutions_tab_2"]/item[0][Class="ListGrid"]/body/vscrollbar/peer[Class=SpritedVSimpleScrollThumb||index=0||length=1||classIndex=0||classLength=1||title=%26nbsp%3B||name=main]/;+3,-77
waitForElementClickable;scLocator=//Portlet[ID="datastaging_restitutions_tab_2"]/item[0][Class="ListGrid"]/header/headerButton[fieldName=CALC_DT]/;
click;scLocator=//Portlet[ID="datastaging_restitutions_tab_2"]/item[0][Class="ListGrid"]/header/headerButton[fieldName=CALC_DT]/;
