
command,target,value
echo;;RU04-NUC01-T03.rctest
open;/LiqPortalWEB/;Liquidity Portal - Data Stage - Cash restit stg. - Grouping
type;id=Username;mpetracc
type;id=Password;.mpetrac06
clickAndWait;id=submitLabel;
waitForElementClickable;scLocator=//Menu[level=1]/body/row[2]/col[fieldName=title||0];
click;scLocator=//Menu[level=1]/body/row[2]/col[fieldName=title||0];
waitForElementClickable;scLocator=//Portlet[ID="datastaging_restitutions_tab_2"]/maximizeButton/;
click;scLocator=//Portlet[ID="datastaging_restitutions_tab_2"]/maximizeButton/;
waitForElementClickable;scLocator=//Portlet[ID="datastaging_restitutions_tab_2"]/item[0][Class="ListGrid"]/headerMenuButton/icon;
click;scLocator=//Portlet[ID="datastaging_restitutions_tab_2"]/item[0][Class="ListGrid"]/headerMenuButton/icon;
waitForElementClickable;scLocator=//Portlet[ID="datastaging_restitutions_tab_2"]/item[0][Class="ListGrid"]/headerMenuButton/;
click;scLocator=//Portlet[ID="datastaging_restitutions_tab_2"]/item[0][Class="ListGrid"]/headerMenuButton/;
waitForElementClickable;scLocator=//Portlet[ID="datastaging_restitutions_tab_2"]/item[0][Class="ListGrid"]/headerMenuButton/;
click;scLocator=//Portlet[ID="datastaging_restitutions_tab_2"]/item[0][Class="ListGrid"]/headerMenuButton/;
waitForElementClickable;scLocator=//Portlet[ID="datastaging_restitutions_tab_2"]/item[0][Class="ListGrid"]/headerMenuButton/;
click;scLocator=//Portlet[ID="datastaging_restitutions_tab_2"]/item[0][Class="ListGrid"]/headerMenuButton/;
waitForElementClickable;scLocator=//Portlet[ID="datastaging_restitutions_tab_2"]/item[0][Class="ListGrid"]/headerMenuButton/;
click;scLocator=//Portlet[ID="datastaging_restitutions_tab_2"]/item[0][Class="ListGrid"]/headerMenuButton/;
waitForElementClickable;scLocator=//Portlet[ID="datastaging_restitutions_tab_2"]/item[0][Class="ListGrid"]/headerMenuButton/icon;
click;scLocator=//Portlet[ID="datastaging_restitutions_tab_2"]/item[0][Class="ListGrid"]/headerMenuButton/icon;
waitForElementClickable;scLocator=//Portlet[ID="datastaging_restitutions_tab_2"]/item[0][Class="ListGrid"]/filterEditor/editRowForm/item[name=ACC_TYPE||title=Firm%20client||index=3||Class=SelectItem]/textbox;
click;scLocator=//Portlet[ID="datastaging_restitutions_tab_2"]/item[0][Class="ListGrid"]/filterEditor/editRowForm/item[name=ACC_TYPE||title=Firm%20client||index=3||Class=SelectItem]/textbox;
waitForElementClickable;scLocator=//Portlet[ID="datastaging_restitutions_tab_2"]/item[0][Class="ListGrid"]/filterEditor/editRowForm/item[name=ACC_TYPE||title=Firm%20client||index=3||Class=SelectItem]/pickList/body/row[ACC_TYPE=C||2]/col[fieldName=ACC_TYPE||0];
click;scLocator=//Portlet[ID="datastaging_restitutions_tab_2"]/item[0][Class="ListGrid"]/filterEditor/editRowForm/item[name=ACC_TYPE||title=Firm%20client||index=3||Class=SelectItem]/pickList/body/row[ACC_TYPE=C||2]/col[fieldName=ACC_TYPE||0];
waitForElementClickable;scLocator=//Portlet[ID="datastaging_restitutions_tab_2"]/item[0][Class="ListGrid"]/filterEditor/editRowForm/item[name=REST_TYPE||title=Restitution%20type||index=4||Class=SelectItem]/[icon="picker"];
click;scLocator=//Portlet[ID="datastaging_restitutions_tab_2"]/item[0][Class="ListGrid"]/filterEditor/editRowForm/item[name=REST_TYPE||title=Restitution%20type||index=4||Class=SelectItem]/[icon="picker"];
waitForElementClickable;scLocator=//Portlet[ID="datastaging_restitutions_tab_2"]/item[0][Class="ListGrid"]/filterEditor/editRowForm/item[name=REST_TYPE||title=Restitution%20type||index=4||Class=SelectItem]/pickList/body/row[REST_TYPE=M||2]/col[fieldName=REST_TYPE||0];
click;scLocator=//Portlet[ID="datastaging_restitutions_tab_2"]/item[0][Class="ListGrid"]/filterEditor/editRowForm/item[name=REST_TYPE||title=Restitution%20type||index=4||Class=SelectItem]/pickList/body/row[REST_TYPE=M||2]/col[fieldName=REST_TYPE||0];
waitForElementClickable;scLocator=//Portlet[ID="datastaging_restitutions_tab_2"]/item[0][Class="ListGrid"]/filterEditor/actionButton/icon;
click;scLocator=//Portlet[ID="datastaging_restitutions_tab_2"]/item[0][Class="ListGrid"]/filterEditor/actionButton/icon;
waitForElementClickable;scLocator=//Portlet[ID="datastaging_restitutions_tab_2"]/item[0][Class="ListGrid"]/headerMenuButton/;
click;scLocator=//Portlet[ID="datastaging_restitutions_tab_2"]/item[0][Class="ListGrid"]/headerMenuButton/;
waitForElementClickable;scLocator=//Portlet[ID="datastaging_restitutions_tab_2"]/item[0][Class="ListGrid"]/body/row[CALC_DT=Mon May 29 2017 12:00:00 GMT+0200 (W. Europe Standard Time)||CM_CS_ID=1015||ACC_TYPE=C||REST_TYPE=M||0]/col[fieldName=REST_TYPE||4];
click;scLocator=//Portlet[ID="datastaging_restitutions_tab_2"]/item[0][Class="ListGrid"]/body/row[CALC_DT=Mon May 29 2017 12:00:00 GMT+0200 (W. Europe Standard Time)||CM_CS_ID=1015||ACC_TYPE=C||REST_TYPE=M||0]/col[fieldName=REST_TYPE||4];
waitForElementClickable;scLocator=//Portlet[ID="datastaging_restitutions_tab_2"]/item[0][Class="ListGrid"]/header/headerButton[fieldName=REST_TYPE]/;
click;scLocator=//Portlet[ID="datastaging_restitutions_tab_2"]/item[0][Class="ListGrid"]/header/headerButton[fieldName=REST_TYPE]/;
waitForElementClickable;scLocator=//Portlet[ID="datastaging_restitutions_tab_2"]/item[0][Class="ListGrid"]/headerMenuButton/;
click;scLocator=//Portlet[ID="datastaging_restitutions_tab_2"]/item[0][Class="ListGrid"]/headerMenuButton/;
waitForElementClickable;scLocator=//Portlet[ID="datastaging_restitutions_tab_2"]/item[0][Class="ListGrid"]/headerContextMenu[Class=Menu||index=0||length=1||classIndex=0||classLength=1||roleIndex=0||roleLength=1||scRole=menu]/body/row[title=Group%20by%20Restitution%20type||9]/col[fieldName=title||1];
click;scLocator=//Portlet[ID="datastaging_restitutions_tab_2"]/item[0][Class="ListGrid"]/headerContextMenu[Class=Menu||index=0||length=1||classIndex=0||classLength=1||roleIndex=0||roleLength=1||scRole=menu]/body/row[title=Group%20by%20Restitution%20type||9]/col[fieldName=title||1];
waitForElementClickable;scLocator=//Portlet[ID="datastaging_restitutions_tab_2"]/item[0][Class="ListGrid"]/headerMenuButton/;
click;scLocator=//Portlet[ID="datastaging_restitutions_tab_2"]/item[0][Class="ListGrid"]/headerMenuButton/;
waitForElementClickable;scLocator=//Portlet[ID="datastaging_restitutions_tab_2"]/item[0][Class="ListGrid"]/headerContextMenu[Class=Menu||index=0||length=1||classIndex=0||classLength=1||roleIndex=0||roleLength=1||scRole=menu]/body/row[title=Group%20by%20Firm%20client||8]/col[fieldName=title||1];
click;scLocator=//Portlet[ID="datastaging_restitutions_tab_2"]/item[0][Class="ListGrid"]/headerContextMenu[Class=Menu||index=0||length=1||classIndex=0||classLength=1||roleIndex=0||roleLength=1||scRole=menu]/body/row[title=Group%20by%20Firm%20client||8]/col[fieldName=title||1];
waitForElementClickable;scLocator=//Portlet[ID="datastaging_restitutions_tab_2"]/item[0][Class="ListGrid"]/headerMenuButton/icon;
click;scLocator=//Portlet[ID="datastaging_restitutions_tab_2"]/item[0][Class="ListGrid"]/headerMenuButton/icon;
waitForElementClickable;scLocator=//Portlet[ID="datastaging_restitutions_tab_2"]/item[0][Class="ListGrid"]/headerMenuButton/icon;
click;scLocator=//Portlet[ID="datastaging_restitutions_tab_2"]/item[0][Class="ListGrid"]/headerMenuButton/icon;
waitForElementClickable;scLocator=//Portlet[ID="datastaging_restitutions_tab_2"]/item[0][Class="ListGrid"]/headerMenuButton/;
click;scLocator=//Portlet[ID="datastaging_restitutions_tab_2"]/item[0][Class="ListGrid"]/headerMenuButton/;
waitForElementClickable;scLocator=//Portlet[ID="datastaging_restitutions_tab_2"]/item[0][Class="ListGrid"]/body/row[ACC_TYPE=C||groupValue=Client||0]/col[fieldName=CALC_DT||0];
click;scLocator=//Portlet[ID="datastaging_restitutions_tab_2"]/item[0][Class="ListGrid"]/body/row[ACC_TYPE=C||groupValue=Client||0]/col[fieldName=CALC_DT||0];
waitForElementClickable;scLocator=//Portlet[ID="datastaging_restitutions_tab_2"]/item[0][Class="ListGrid"]/body/row[ACC_TYPE=C||groupValue=Client||0]/col[fieldName=CALC_DT||0];
click;scLocator=//Portlet[ID="datastaging_restitutions_tab_2"]/item[0][Class="ListGrid"]/body/row[ACC_TYPE=C||groupValue=Client||0]/col[fieldName=CALC_DT||0];
waitForElementClickable;scLocator=//Portlet[ID="datastaging_restitutions_tab_2"]/item[0][Class="ListGrid"]/headerMenuButton/icon;
click;scLocator=//Portlet[ID="datastaging_restitutions_tab_2"]/item[0][Class="ListGrid"]/headerMenuButton/icon;
waitForElementClickable;scLocator=//Portlet[ID="datastaging_restitutions_tab_2"]/item[0][Class="ListGrid"]/filterEditor/editRowForm/item[title=Calc.%20date||index=0||Class=MiniDateRangeItem]/[icon="showDateRange"];
click;scLocator=//Portlet[ID="datastaging_restitutions_tab_2"]/item[0][Class="ListGrid"]/filterEditor/editRowForm/item[title=Calc.%20date||index=0||Class=MiniDateRangeItem]/[icon="showDateRange"];
waitForElementClickable;scLocator=//Portlet[ID="datastaging_restitutions_tab_2"]/item[0][Class="ListGrid"]/filterEditor/editRowForm/item[title=Calc.%20date||index=0||Class=MiniDateRangeItem]/rangeDialog/rangeForm/item[name=CALC_DT||title=CALC_DT||index=0||Class=DateRangeItem]/dateRangeForm/item[name=fromField||title=From||index=0||Class=RelativeDateItem]/editor/item[name=iconPlaceholder||title=iconPlaceholder||index=2||Class=StaticTextItem]/[icon="chooserIcon"];
click;scLocator=//Portlet[ID="datastaging_restitutions_tab_2"]/item[0][Class="ListGrid"]/filterEditor/editRowForm/item[title=Calc.%20date||index=0||Class=MiniDateRangeItem]/rangeDialog/rangeForm/item[name=CALC_DT||title=CALC_DT||index=0||Class=DateRangeItem]/dateRangeForm/item[name=fromField||title=From||index=0||Class=RelativeDateItem]/editor/item[name=iconPlaceholder||title=iconPlaceholder||index=2||Class=StaticTextItem]/[icon="chooserIcon"];
waitForElementClickable;scLocator=//autoID[Class=DateChooser||index=38||length=41||classIndex=0||classLength=1]/dateGrid/body/row[Tue=Tue May 02 2017 12:00:00 GMT+0200 (W. Europe Standard Time)||0]/col[fieldName=Tue||2];
click;scLocator=//autoID[Class=DateChooser||index=38||length=41||classIndex=0||classLength=1]/dateGrid/body/row[Tue=Tue May 02 2017 12:00:00 GMT+0200 (W. Europe Standard Time)||0]/col[fieldName=Tue||2];
waitForElementClickable;scLocator=//Portlet[ID="datastaging_restitutions_tab_2"]/item[0][Class="ListGrid"]/filterEditor/editRowForm/item[title=Calc.%20date||value=[object Object]||index=0||Class=MiniDateRangeItem]/rangeDialog/rangeForm/item[name=CALC_DT||title=CALC_DT||value=[object Object]||index=0||Class=DateRangeItem]/dateRangeForm/item[name=toField||title=To||index=1||Class=RelativeDateItem]/editor/item[name=valueField||title=valueField||index=0||Class=ComboBoxItem]/[icon="picker"];
click;scLocator=//Portlet[ID="datastaging_restitutions_tab_2"]/item[0][Class="ListGrid"]/filterEditor/editRowForm/item[title=Calc.%20date||value=[object Object]||index=0||Class=MiniDateRangeItem]/rangeDialog/rangeForm/item[name=CALC_DT||title=CALC_DT||value=[object Object]||index=0||Class=DateRangeItem]/dateRangeForm/item[name=toField||title=To||index=1||Class=RelativeDateItem]/editor/item[name=valueField||title=valueField||index=0||Class=ComboBoxItem]/[icon="picker"];
waitForElementClickable;scLocator=//Portlet[ID="datastaging_restitutions_tab_2"]/item[0][Class="ListGrid"]/filterEditor/editRowForm/item[title=Calc.%20date||value=[object Object]||index=0||Class=MiniDateRangeItem]/rangeDialog/rangeForm/item[name=CALC_DT||title=CALC_DT||value=[object Object]||index=0||Class=DateRangeItem]/dateRangeForm/item[name=toField||title=To||index=1||Class=RelativeDateItem]/editor/item[name=valueField||title=valueField||index=0||Class=ComboBoxItem]/pickList/body/row[valueField=%24today||0]/col[fieldName=valueField||0];
click;scLocator=//Portlet[ID="datastaging_restitutions_tab_2"]/item[0][Class="ListGrid"]/filterEditor/editRowForm/item[title=Calc.%20date||value=[object Object]||index=0||Class=MiniDateRangeItem]/rangeDialog/rangeForm/item[name=CALC_DT||title=CALC_DT||value=[object Object]||index=0||Class=DateRangeItem]/dateRangeForm/item[name=toField||title=To||index=1||Class=RelativeDateItem]/editor/item[name=valueField||title=valueField||index=0||Class=ComboBoxItem]/pickList/body/row[valueField=%24today||0]/col[fieldName=valueField||0];
waitForElementClickable;scLocator=//Portlet[ID="datastaging_restitutions_tab_2"]/item[0][Class="ListGrid"]/filterEditor/editRowForm/item[title=Calc.%20date||value=[object Object]||index=0||Class=MiniDateRangeItem]/rangeDialog/okButton/;
click;scLocator=//Portlet[ID="datastaging_restitutions_tab_2"]/item[0][Class="ListGrid"]/filterEditor/editRowForm/item[title=Calc.%20date||value=[object Object]||index=0||Class=MiniDateRangeItem]/rangeDialog/okButton/;
waitForElementClickable;scLocator=//Portlet[ID="datastaging_restitutions_tab_2"]/item[0][Class="ListGrid"]/filterEditor/editRowForm/item[title=Calc.%20date||value=[object Object]||index=0||Class=MiniDateRangeItem]/[icon="showDateRange"];
sendKeys;scLocator=//Portlet[ID="datastaging_restitutions_tab_2"]/item[0][Class="ListGrid"]/filterEditor/editRowForm/item[title=Calc.%20date||value=[object Object]||index=0||Class=MiniDateRangeItem]/[icon="showDateRange"];${KEY_ENTER}
waitForElementClickable;scLocator=//Portlet[ID="datastaging_restitutions_tab_2"]/item[0][Class="ListGrid"]/headerMenuButton/icon;
click;scLocator=//Portlet[ID="datastaging_restitutions_tab_2"]/item[0][Class="ListGrid"]/headerMenuButton/icon;
waitForElementClickable;scLocator=//Portlet[ID="datastaging_restitutions_tab_2"]/item[0][Class="ListGrid"]/headerContextMenu[Class=Menu||index=0||length=1||classIndex=0||classLength=1||roleIndex=0||roleLength=1||scRole=menu]/body/row[title=Group%20by%20Calc.%20date||8]/col[fieldName=title||1];
click;scLocator=//Portlet[ID="datastaging_restitutions_tab_2"]/item[0][Class="ListGrid"]/headerContextMenu[Class=Menu||index=0||length=1||classIndex=0||classLength=1||roleIndex=0||roleLength=1||scRole=menu]/body/row[title=Group%20by%20Calc.%20date||8]/col[fieldName=title||1];
waitForElementClickable;scLocator=//Portlet[ID="datastaging_restitutions_tab_2"]/item[0][Class="ListGrid"]/body/row[CALC_DT=Tue May 02 2017 12:00:00 GMT+0200 (W. Europe Standard Time)||0]/col[fieldName=CALC_DT||0];
click;scLocator=//Portlet[ID="datastaging_restitutions_tab_2"]/item[0][Class="ListGrid"]/body/row[CALC_DT=Tue May 02 2017 12:00:00 GMT+0200 (W. Europe Standard Time)||0]/col[fieldName=CALC_DT||0];
waitForElementClickable;scLocator=//Portlet[ID="datastaging_restitutions_tab_2"]/item[0][Class="ListGrid"]/body/row[CALC_DT=Mon May 15 2017 12:00:00 GMT+0200 (W. Europe Standard Time)||5]/col[fieldName=CALC_DT||0];
click;scLocator=//Portlet[ID="datastaging_restitutions_tab_2"]/item[0][Class="ListGrid"]/body/row[CALC_DT=Mon May 15 2017 12:00:00 GMT+0200 (W. Europe Standard Time)||5]/col[fieldName=CALC_DT||0];
waitForElementClickable;scLocator=//Portlet[ID="datastaging_restitutions_tab_2"]/item[0][Class="ListGrid"]/body/row[CALC_DT=Mon May 15 2017 12:00:00 GMT+0200 (W. Europe Standard Time)||5]/col[fieldName=CALC_DT||0];
click;scLocator=//Portlet[ID="datastaging_restitutions_tab_2"]/item[0][Class="ListGrid"]/body/row[CALC_DT=Mon May 15 2017 12:00:00 GMT+0200 (W. Europe Standard Time)||5]/col[fieldName=CALC_DT||0];
