
command,target,value
echo;;RU06-NUC01-T01.rctest
open;/LiqPortalWEB/;Liquidity Portal - Data Stage -Interop Link stg. - View
type;id=Username;mpetracc
type;id=Password;.mpetrac06
clickAndWait;id=submitLabel;
waitForElementClickable;scLocator=//Menu[level=1]/body/row[1]/col[fieldName=title||0];
click;scLocator=//Menu[level=1]/body/row[1]/col[fieldName=title||0];
waitForElementClickable;scLocator=//Portlet[ID="datastaging_interop_tab_2"]/maximizeButton/;
click;scLocator=//Portlet[ID="datastaging_interop_tab_2"]/maximizeButton/;
