
command,target,value
echo;;RU05-NUC01-T02.rctest
open;/LiqPortalWEB/;Liquidity Portal - Data Stage - Interop Link stg. - Filters
type;id=Username;mpetracc
type;id=Password;.mpetrac06
clickAndWait;id=submitLabel;
waitForElementClickable;scLocator=//Menu[level=1]/body/row[1]/col[fieldName=title||0];
click;scLocator=//Menu[level=1]/body/row[1]/col[fieldName=title||0];
waitForElementClickable;scLocator=//Portlet[ID="datastaging_interop_tab_2"]/maximizeButton/;
click;scLocator=//Portlet[ID="datastaging_interop_tab_2"]/maximizeButton/;
waitForElementClickable;scLocator=//Portlet[ID="datastaging_interop_tab_2"]/item[0][Class="ListGrid"]/filterEditor/editRowForm/item[name=CLE_CSH_CLL||title=Cnet%20cash.%20call||index=5||Class=FloatItem]/element;
click;scLocator=//Portlet[ID="datastaging_interop_tab_2"]/item[0][Class="ListGrid"]/filterEditor/editRowForm/item[name=CLE_CSH_CLL||title=Cnet%20cash.%20call||index=5||Class=FloatItem]/element;
waitForElementReadyForKeyPresses;scLocator=//Portlet[ID="datastaging_interop_tab_2"]/item[0][Class="ListGrid"]/filterEditor/editRowForm/item[name=CLE_CSH_CLL||title=Cnet%20cash.%20call||value=%3E1000||index=5||Class=FloatItem]/element;
sendKeys;scLocator=//Portlet[ID="datastaging_interop_tab_2"]/item[0][Class="ListGrid"]/filterEditor/editRowForm/item[name=CLE_CSH_CLL||title=Cnet%20cash.%20call||value=%3E1000||index=5||Class=FloatItem]/element;${KEY_ENTER}
waitForElementClickable;scLocator=//Portlet[ID="datastaging_interop_tab_2"]/item[0][Class="ListGrid"]/filterEditor/editRowForm/item[name=CLE_CSH_CLL||title=Cnet%20cash.%20call||value=%3E1000||index=5||Class=FloatItem]/element;
type;scLocator=//Portlet[ID="datastaging_interop_tab_2"]/item[0][Class="ListGrid"]/filterEditor/editRowForm/item[name=CLE_CSH_CLL||title=Cnet%20cash.%20call||value=%3E1000||index=5||Class=FloatItem]/element;>1000
waitForElementClickable;scLocator=//Portlet[ID="datastaging_interop_tab_2"]/item[0][Class="ListGrid"]/filterEditor/editRowForm/item[name=CLE_EX_CSH||title=Cnet%20excess%20cash||index=6||Class=FloatItem]/element;
click;scLocator=//Portlet[ID="datastaging_interop_tab_2"]/item[0][Class="ListGrid"]/filterEditor/editRowForm/item[name=CLE_EX_CSH||title=Cnet%20excess%20cash||index=6||Class=FloatItem]/element;
waitForElementReadyForKeyPresses;scLocator=//Portlet[ID="datastaging_interop_tab_2"]/item[0][Class="ListGrid"]/filterEditor/editRowForm/item[name=CLE_EX_CSH||title=Cnet%20excess%20cash||value=%3E1000||index=6||Class=FloatItem]/element;
sendKeys;scLocator=//Portlet[ID="datastaging_interop_tab_2"]/item[0][Class="ListGrid"]/filterEditor/editRowForm/item[name=CLE_EX_CSH||title=Cnet%20excess%20cash||value=%3E1000||index=6||Class=FloatItem]/element;${KEY_ENTER}
waitForElementReadyForKeyPresses;scLocator=//Portlet[ID="datastaging_interop_tab_2"]/item[0][Class="ListGrid"]/filterEditor/editRowForm/item[name=CLE_EX_CSH||title=Cnet%20excess%20cash||value=%3E100||index=6||Class=FloatItem]/element;
sendKeys;scLocator=//Portlet[ID="datastaging_interop_tab_2"]/item[0][Class="ListGrid"]/filterEditor/editRowForm/item[name=CLE_EX_CSH||title=Cnet%20excess%20cash||value=%3E100||index=6||Class=FloatItem]/element;${KEY_ENTER}
waitForElementReadyForKeyPresses;scLocator=//Portlet[ID="datastaging_interop_tab_2"]/item[0][Class="ListGrid"]/filterEditor/editRowForm/item[name=CLE_EX_CSH||title=Cnet%20excess%20cash||value=%3E10||index=6||Class=FloatItem]/element;
sendKeys;scLocator=//Portlet[ID="datastaging_interop_tab_2"]/item[0][Class="ListGrid"]/filterEditor/editRowForm/item[name=CLE_EX_CSH||title=Cnet%20excess%20cash||value=%3E10||index=6||Class=FloatItem]/element;${KEY_ENTER}
waitForElementReadyForKeyPresses;scLocator=//Portlet[ID="datastaging_interop_tab_2"]/item[0][Class="ListGrid"]/filterEditor/editRowForm/item[name=CLE_EX_CSH||title=Cnet%20excess%20cash||value=%3E1||index=6||Class=FloatItem]/element;
sendKeys;scLocator=//Portlet[ID="datastaging_interop_tab_2"]/item[0][Class="ListGrid"]/filterEditor/editRowForm/item[name=CLE_EX_CSH||title=Cnet%20excess%20cash||value=%3E1||index=6||Class=FloatItem]/element;${KEY_ENTER}
waitForElementReadyForKeyPresses;scLocator=//Portlet[ID="datastaging_interop_tab_2"]/item[0][Class="ListGrid"]/filterEditor/editRowForm/item[name=CLE_EX_CSH||title=Cnet%20excess%20cash||value=%3E||index=6||Class=FloatItem]/element;
sendKeys;scLocator=//Portlet[ID="datastaging_interop_tab_2"]/item[0][Class="ListGrid"]/filterEditor/editRowForm/item[name=CLE_EX_CSH||title=Cnet%20excess%20cash||value=%3E||index=6||Class=FloatItem]/element;${KEY_ENTER}
waitForElementReadyForKeyPresses;scLocator=//Portlet[ID="datastaging_interop_tab_2"]/item[0][Class="ListGrid"]/filterEditor/editRowForm/item[name=CLE_EX_CSH||title=Cnet%20excess%20cash||value=%3E0||index=6||Class=FloatItem]/element;
sendKeys;scLocator=//Portlet[ID="datastaging_interop_tab_2"]/item[0][Class="ListGrid"]/filterEditor/editRowForm/item[name=CLE_EX_CSH||title=Cnet%20excess%20cash||value=%3E0||index=6||Class=FloatItem]/element;${KEY_ENTER}
waitForElementReadyForKeyPresses;scLocator=//Portlet[ID="datastaging_interop_tab_2"]/item[0][Class="ListGrid"]/filterEditor/editRowForm/item[name=CLE_EX_CSH||title=Cnet%20excess%20cash||index=6||Class=FloatItem]/element;
sendKeys;scLocator=//Portlet[ID="datastaging_interop_tab_2"]/item[0][Class="ListGrid"]/filterEditor/editRowForm/item[name=CLE_EX_CSH||title=Cnet%20excess%20cash||index=6||Class=FloatItem]/element;${KEY_ENTER}
waitForElementClickable;scLocator=//Portlet[ID="datastaging_interop_tab_2"]/item[0][Class="ListGrid"]/filterEditor/editRowForm/item[name=CLE_CSH_CLL||title=Cnet%20cash.%20call||value=%3E1000||index=5||Class=FloatItem]/element;
click;scLocator=//Portlet[ID="datastaging_interop_tab_2"]/item[0][Class="ListGrid"]/filterEditor/editRowForm/item[name=CLE_CSH_CLL||title=Cnet%20cash.%20call||value=%3E1000||index=5||Class=FloatItem]/element;
waitForElementReadyForKeyPresses;scLocator=//Portlet[ID="datastaging_interop_tab_2"]/item[0][Class="ListGrid"]/filterEditor/editRowForm/item[name=CLE_CSH_CLL||title=Cnet%20cash.%20call||value=%3E10000000||index=5||Class=FloatItem]/element;
sendKeys;scLocator=//Portlet[ID="datastaging_interop_tab_2"]/item[0][Class="ListGrid"]/filterEditor/editRowForm/item[name=CLE_CSH_CLL||title=Cnet%20cash.%20call||value=%3E10000000||index=5||Class=FloatItem]/element;${KEY_ENTER}
waitForElementClickable;scLocator=//Portlet[ID="datastaging_interop_tab_2"]/item[0][Class="ListGrid"]/filterEditor/editRowForm/item[name=CLE_CSH_CLL||title=Cnet%20cash.%20call||value=%3E10000000||index=5||Class=FloatItem]/element;
click;scLocator=//Portlet[ID="datastaging_interop_tab_2"]/item[0][Class="ListGrid"]/filterEditor/editRowForm/item[name=CLE_CSH_CLL||title=Cnet%20cash.%20call||value=%3E10000000||index=5||Class=FloatItem]/element;
waitForElementReadyForKeyPresses;scLocator=//Portlet[ID="datastaging_interop_tab_2"]/item[0][Class="ListGrid"]/filterEditor/editRowForm/item[name=CLE_CSH_CLL||title=Cnet%20cash.%20call||value=%3E1000000||index=5||Class=FloatItem]/element;
sendKeys;scLocator=//Portlet[ID="datastaging_interop_tab_2"]/item[0][Class="ListGrid"]/filterEditor/editRowForm/item[name=CLE_CSH_CLL||title=Cnet%20cash.%20call||value=%3E1000000||index=5||Class=FloatItem]/element;${KEY_ENTER}
waitForElementReadyForKeyPresses;scLocator=//Portlet[ID="datastaging_interop_tab_2"]/item[0][Class="ListGrid"]/filterEditor/editRowForm/item[name=CLE_CSH_CLL||title=Cnet%20cash.%20call||value=%3E1000000||index=5||Class=FloatItem]/element;
sendKeys;scLocator=//Portlet[ID="datastaging_interop_tab_2"]/item[0][Class="ListGrid"]/filterEditor/editRowForm/item[name=CLE_CSH_CLL||title=Cnet%20cash.%20call||value=%3E1000000||index=5||Class=FloatItem]/element;${KEY_ENTER}
waitForElementReadyForKeyPresses;scLocator=//Portlet[ID="datastaging_interop_tab_2"]/item[0][Class="ListGrid"]/filterEditor/editRowForm/item[name=CLE_CSH_CLL||title=Cnet%20cash.%20call||value=%3E100000||index=5||Class=FloatItem]/element;
sendKeys;scLocator=//Portlet[ID="datastaging_interop_tab_2"]/item[0][Class="ListGrid"]/filterEditor/editRowForm/item[name=CLE_CSH_CLL||title=Cnet%20cash.%20call||value=%3E100000||index=5||Class=FloatItem]/element;${KEY_ENTER}
waitForElementReadyForKeyPresses;scLocator=//Portlet[ID="datastaging_interop_tab_2"]/item[0][Class="ListGrid"]/filterEditor/editRowForm/item[name=CLE_CSH_CLL||title=Cnet%20cash.%20call||value=%3E10000||index=5||Class=FloatItem]/element;
sendKeys;scLocator=//Portlet[ID="datastaging_interop_tab_2"]/item[0][Class="ListGrid"]/filterEditor/editRowForm/item[name=CLE_CSH_CLL||title=Cnet%20cash.%20call||value=%3E10000||index=5||Class=FloatItem]/element;${KEY_ENTER}
waitForElementReadyForKeyPresses;scLocator=//Portlet[ID="datastaging_interop_tab_2"]/item[0][Class="ListGrid"]/filterEditor/editRowForm/item[name=CLE_CSH_CLL||title=Cnet%20cash.%20call||value=%3E1000||index=5||Class=FloatItem]/element;
sendKeys;scLocator=//Portlet[ID="datastaging_interop_tab_2"]/item[0][Class="ListGrid"]/filterEditor/editRowForm/item[name=CLE_CSH_CLL||title=Cnet%20cash.%20call||value=%3E1000||index=5||Class=FloatItem]/element;${KEY_ENTER}
waitForElementClickable;scLocator=//Portlet[ID="datastaging_interop_tab_2"]/item[0][Class="ListGrid"]/filterEditor/editRowForm/item[name=CLE_CSH_CLL||title=Cnet%20cash.%20call||value=%3E1000||index=5||Class=FloatItem]/element;
click;scLocator=//Portlet[ID="datastaging_interop_tab_2"]/item[0][Class="ListGrid"]/filterEditor/editRowForm/item[name=CLE_CSH_CLL||title=Cnet%20cash.%20call||value=%3E1000||index=5||Class=FloatItem]/element;
waitForElementReadyForKeyPresses;scLocator=//Portlet[ID="datastaging_interop_tab_2"]/item[0][Class="ListGrid"]/filterEditor/editRowForm/item[name=CLE_CSH_CLL||title=Cnet%20cash.%20call||value=%3E100||index=5||Class=FloatItem]/element;
sendKeys;scLocator=//Portlet[ID="datastaging_interop_tab_2"]/item[0][Class="ListGrid"]/filterEditor/editRowForm/item[name=CLE_CSH_CLL||title=Cnet%20cash.%20call||value=%3E100||index=5||Class=FloatItem]/element;${KEY_ENTER}
waitForElementClickable;scLocator=//Portlet[ID="datastaging_interop_tab_2"]/item[0][Class="ListGrid"]/filterEditor/editRowForm/item[name=CLE_CSH_CLL||title=Cnet%20cash.%20call||value=%3E100||index=5||Class=FloatItem]/element;
click;scLocator=//Portlet[ID="datastaging_interop_tab_2"]/item[0][Class="ListGrid"]/filterEditor/editRowForm/item[name=CLE_CSH_CLL||title=Cnet%20cash.%20call||value=%3E100||index=5||Class=FloatItem]/element;
waitForElementReadyForKeyPresses;scLocator=//Portlet[ID="datastaging_interop_tab_2"]/item[0][Class="ListGrid"]/filterEditor/editRowForm/item[name=CLE_CSH_CLL||title=Cnet%20cash.%20call||value=%3E100||index=5||Class=FloatItem]/element;
sendKeys;scLocator=//Portlet[ID="datastaging_interop_tab_2"]/item[0][Class="ListGrid"]/filterEditor/editRowForm/item[name=CLE_CSH_CLL||title=Cnet%20cash.%20call||value=%3E100||index=5||Class=FloatItem]/element;${KEY_ENTER}
waitForElementReadyForKeyPresses;scLocator=//Portlet[ID="datastaging_interop_tab_2"]/item[0][Class="ListGrid"]/filterEditor/editRowForm/item[name=CLE_CSH_CLL||title=Cnet%20cash.%20call||value=%3E10||index=5||Class=FloatItem]/element;
sendKeys;scLocator=//Portlet[ID="datastaging_interop_tab_2"]/item[0][Class="ListGrid"]/filterEditor/editRowForm/item[name=CLE_CSH_CLL||title=Cnet%20cash.%20call||value=%3E10||index=5||Class=FloatItem]/element;${KEY_ENTER}
waitForElementClickable;scLocator=//Portlet[ID="datastaging_interop_tab_2"]/item[0][Class="ListGrid"]/filterEditor/editRowForm/item[name=CLE_CSH_CLL||title=Cnet%20cash.%20call||value=%3E10||index=5||Class=FloatItem]/element;
click;scLocator=//Portlet[ID="datastaging_interop_tab_2"]/item[0][Class="ListGrid"]/filterEditor/editRowForm/item[name=CLE_CSH_CLL||title=Cnet%20cash.%20call||value=%3E10||index=5||Class=FloatItem]/element;
waitForElementReadyForKeyPresses;scLocator=//Portlet[ID="datastaging_interop_tab_2"]/item[0][Class="ListGrid"]/filterEditor/editRowForm/item[name=CLE_CSH_CLL||title=Cnet%20cash.%20call||value=%3C10||index=5||Class=FloatItem]/element;
sendKeys;scLocator=//Portlet[ID="datastaging_interop_tab_2"]/item[0][Class="ListGrid"]/filterEditor/editRowForm/item[name=CLE_CSH_CLL||title=Cnet%20cash.%20call||value=%3C10||index=5||Class=FloatItem]/element;${KEY_ENTER}
waitForElementClickable;scLocator=//Portlet[ID="datastaging_interop_tab_2"]/item[0][Class="ListGrid"]/filterEditor/editRowForm/item[name=CLE_CSH_CLL||title=Cnet%20cash.%20call||value=%3C10||index=5||Class=FloatItem]/element;
type;scLocator=//Portlet[ID="datastaging_interop_tab_2"]/item[0][Class="ListGrid"]/filterEditor/editRowForm/item[name=CLE_CSH_CLL||title=Cnet%20cash.%20call||value=%3C10||index=5||Class=FloatItem]/element;<10
waitForElementClickable;scLocator=//Portlet[ID="datastaging_interop_tab_2"]/item[0][Class="ListGrid"]/filterEditor/editRowForm/item[title=Calc.%20date||index=0||Class=MiniDateRangeItem]/[icon="showDateRange"];
click;scLocator=//Portlet[ID="datastaging_interop_tab_2"]/item[0][Class="ListGrid"]/filterEditor/editRowForm/item[title=Calc.%20date||index=0||Class=MiniDateRangeItem]/[icon="showDateRange"];
waitForElementClickable;scLocator=//Portlet[ID="datastaging_interop_tab_2"]/item[0][Class="ListGrid"]/filterEditor/editRowForm/item[title=Calc.%20date||index=0||Class=MiniDateRangeItem]/rangeDialog/rangeForm/item[name=CALC_DT||title=CALC_DT||index=0||Class=DateRangeItem]/dateRangeForm/item[name=fromField||title=From||index=0||Class=RelativeDateItem]/editor/item[name=valueField||title=valueField||index=0||Class=ComboBoxItem]/[icon="picker"];
click;scLocator=//Portlet[ID="datastaging_interop_tab_2"]/item[0][Class="ListGrid"]/filterEditor/editRowForm/item[title=Calc.%20date||index=0||Class=MiniDateRangeItem]/rangeDialog/rangeForm/item[name=CALC_DT||title=CALC_DT||index=0||Class=DateRangeItem]/dateRangeForm/item[name=fromField||title=From||index=0||Class=RelativeDateItem]/editor/item[name=valueField||title=valueField||index=0||Class=ComboBoxItem]/[icon="picker"];
waitForElementClickable;scLocator=//Portlet[ID="datastaging_interop_tab_2"]/item[0][Class="ListGrid"]/filterEditor/editRowForm/item[title=Calc.%20date||index=0||Class=MiniDateRangeItem]/rangeDialog/rangeForm/item[name=CALC_DT||title=CALC_DT||index=0||Class=DateRangeItem]/dateRangeForm/item[name=fromField||title=From||index=0||Class=RelativeDateItem]/editor/item[name=calculatedDateField||title=calculatedDateField||value=||index=3||Class=BlurbItem]/;
click;scLocator=//Portlet[ID="datastaging_interop_tab_2"]/item[0][Class="ListGrid"]/filterEditor/editRowForm/item[title=Calc.%20date||index=0||Class=MiniDateRangeItem]/rangeDialog/rangeForm/item[name=CALC_DT||title=CALC_DT||index=0||Class=DateRangeItem]/dateRangeForm/item[name=fromField||title=From||index=0||Class=RelativeDateItem]/editor/item[name=calculatedDateField||title=calculatedDateField||value=||index=3||Class=BlurbItem]/;
waitForElementClickable;scLocator=//Portlet[ID="datastaging_interop_tab_2"]/item[0][Class="ListGrid"]/filterEditor/editRowForm/item[title=Calc.%20date||index=0||Class=MiniDateRangeItem]/rangeDialog/rangeForm/item[name=CALC_DT||title=CALC_DT||index=0||Class=DateRangeItem]/dateRangeForm/item[name=fromField||title=From||index=0||Class=RelativeDateItem]/editor/item[name=iconPlaceholder||title=iconPlaceholder||index=2||Class=StaticTextItem]/[icon="chooserIcon"];
click;scLocator=//Portlet[ID="datastaging_interop_tab_2"]/item[0][Class="ListGrid"]/filterEditor/editRowForm/item[title=Calc.%20date||index=0||Class=MiniDateRangeItem]/rangeDialog/rangeForm/item[name=CALC_DT||title=CALC_DT||index=0||Class=DateRangeItem]/dateRangeForm/item[name=fromField||title=From||index=0||Class=RelativeDateItem]/editor/item[name=iconPlaceholder||title=iconPlaceholder||index=2||Class=StaticTextItem]/[icon="chooserIcon"];
waitForElementClickable;scLocator=//autoID[Class=DateChooser||index=24||length=27||classIndex=0||classLength=1]/dateGrid/body/row[Mon=Mon May 08 2017 12:00:00 GMT+0200 (W. Europe Standard Time)||1]/col[fieldName=Mon||1];
click;scLocator=//autoID[Class=DateChooser||index=24||length=27||classIndex=0||classLength=1]/dateGrid/body/row[Mon=Mon May 08 2017 12:00:00 GMT+0200 (W. Europe Standard Time)||1]/col[fieldName=Mon||1];
waitForElementClickable;scLocator=//Portlet[ID="datastaging_interop_tab_2"]/item[0][Class="ListGrid"]/filterEditor/editRowForm/item[title=Calc.%20date||value=[object Object]||index=0||Class=MiniDateRangeItem]/rangeDialog/rangeForm/item[name=CALC_DT||title=CALC_DT||value=[object Object]||index=0||Class=DateRangeItem]/dateRangeForm/item[name=toField||title=To||index=1||Class=RelativeDateItem]/editor/item[name=iconPlaceholder||title=iconPlaceholder||index=2||Class=StaticTextItem]/[icon="chooserIcon"];
click;scLocator=//Portlet[ID="datastaging_interop_tab_2"]/item[0][Class="ListGrid"]/filterEditor/editRowForm/item[title=Calc.%20date||value=[object Object]||index=0||Class=MiniDateRangeItem]/rangeDialog/rangeForm/item[name=CALC_DT||title=CALC_DT||value=[object Object]||index=0||Class=DateRangeItem]/dateRangeForm/item[name=toField||title=To||index=1||Class=RelativeDateItem]/editor/item[name=iconPlaceholder||title=iconPlaceholder||index=2||Class=StaticTextItem]/[icon="chooserIcon"];
waitForElementClickable;scLocator=//autoID[Class=DateChooser||index=30||length=33||classIndex=1||classLength=2]/dateGrid/body/row[Mon=Mon May 29 2017 12:00:00 GMT+0200 (W. Europe Standard Time)||4]/col[fieldName=Mon||1];
click;scLocator=//autoID[Class=DateChooser||index=30||length=33||classIndex=1||classLength=2]/dateGrid/body/row[Mon=Mon May 29 2017 12:00:00 GMT+0200 (W. Europe Standard Time)||4]/col[fieldName=Mon||1];
waitForElementClickable;scLocator=//Portlet[ID="datastaging_interop_tab_2"]/item[0][Class="ListGrid"]/filterEditor/editRowForm/item[title=Calc.%20date||value=[object Object]||index=0||Class=MiniDateRangeItem]/rangeDialog/okButton/;
click;scLocator=//Portlet[ID="datastaging_interop_tab_2"]/item[0][Class="ListGrid"]/filterEditor/editRowForm/item[title=Calc.%20date||value=[object Object]||index=0||Class=MiniDateRangeItem]/rangeDialog/okButton/;
waitForElementClickable;scLocator=//Portlet[ID="datastaging_interop_tab_2"]/item[0][Class="ListGrid"]/filterEditor/editRowForm/item[title=Calc.%20date||value=[object Object]||index=0||Class=MiniDateRangeItem]/[icon="showDateRange"];
sendKeys;scLocator=//Portlet[ID="datastaging_interop_tab_2"]/item[0][Class="ListGrid"]/filterEditor/editRowForm/item[title=Calc.%20date||value=[object Object]||index=0||Class=MiniDateRangeItem]/[icon="showDateRange"];${KEY_ENTER}
waitForElementClickable;scLocator=//Portlet[ID="datastaging_interop_tab_2"]/item[0][Class="ListGrid"]/filterEditor/editRowForm/item[title=Calc.%20date||value=[object Object]||index=0||Class=MiniDateRangeItem]/rangeDialog/closeButton/;
click;scLocator=//Portlet[ID="datastaging_interop_tab_2"]/item[0][Class="ListGrid"]/filterEditor/editRowForm/item[title=Calc.%20date||value=[object Object]||index=0||Class=MiniDateRangeItem]/rangeDialog/closeButton/;
waitForElementClickable;scLocator=//Portlet[ID="datastaging_interop_tab_2"]/item[0][Class="ListGrid"]/filterEditor/editRowForm/item[title=Calc.%20date||value=[object Object]||index=0||Class=MiniDateRangeItem]/textbox;
click;scLocator=//Portlet[ID="datastaging_interop_tab_2"]/item[0][Class="ListGrid"]/filterEditor/editRowForm/item[title=Calc.%20date||value=[object Object]||index=0||Class=MiniDateRangeItem]/textbox;
waitForElementClickable;scLocator=//Portlet[ID="datastaging_interop_tab_2"]/item[0][Class="ListGrid"]/filterEditor/editRowForm/item[title=Calc.%20date||value=[object Object]||index=0||Class=MiniDateRangeItem]/rangeDialog/rangeForm/item[name=CALC_DT||title=CALC_DT||value=[object Object]||index=0||Class=DateRangeItem]/dateRangeForm/item[name=fromField||title=From||value=Mon May 08 2017 12:00:00 GMT+0200 (W. Europe Standard Time)||index=0||Class=RelativeDateItem]/editor/item[name=valueField||title=valueField||value=08%24fs%2405%24fs%242017||index=0||Class=ComboBoxItem]/[icon="picker"];
click;scLocator=//Portlet[ID="datastaging_interop_tab_2"]/item[0][Class="ListGrid"]/filterEditor/editRowForm/item[title=Calc.%20date||value=[object Object]||index=0||Class=MiniDateRangeItem]/rangeDialog/rangeForm/item[name=CALC_DT||title=CALC_DT||value=[object Object]||index=0||Class=DateRangeItem]/dateRangeForm/item[name=fromField||title=From||value=Mon May 08 2017 12:00:00 GMT+0200 (W. Europe Standard Time)||index=0||Class=RelativeDateItem]/editor/item[name=valueField||title=valueField||value=08%24fs%2405%24fs%242017||index=0||Class=ComboBoxItem]/[icon="picker"];
waitForElementClickable;scLocator=//Portlet[ID="datastaging_interop_tab_2"]/item[0][Class="ListGrid"]/filterEditor/editRowForm/item[title=Calc.%20date||value=[object Object]||index=0||Class=MiniDateRangeItem]/rangeDialog/rangeForm/item[name=CALC_DT||title=CALC_DT||value=[object Object]||index=0||Class=DateRangeItem]/dateRangeForm/item[name=fromField||title=From||value=Mon May 08 2017 12:00:00 GMT+0200 (W. Europe Standard Time)||index=0||Class=RelativeDateItem]/editor/item[name=iconPlaceholder||title=iconPlaceholder||index=2||Class=StaticTextItem]/[icon="chooserIcon"];
click;scLocator=//Portlet[ID="datastaging_interop_tab_2"]/item[0][Class="ListGrid"]/filterEditor/editRowForm/item[title=Calc.%20date||value=[object Object]||index=0||Class=MiniDateRangeItem]/rangeDialog/rangeForm/item[name=CALC_DT||title=CALC_DT||value=[object Object]||index=0||Class=DateRangeItem]/dateRangeForm/item[name=fromField||title=From||value=Mon May 08 2017 12:00:00 GMT+0200 (W. Europe Standard Time)||index=0||Class=RelativeDateItem]/editor/item[name=iconPlaceholder||title=iconPlaceholder||index=2||Class=StaticTextItem]/[icon="chooserIcon"];
waitForElementClickable;scLocator=//autoID[Class=DateChooser||index=24||length=27||classIndex=0||classLength=1]/yearChooserButton/;
click;scLocator=//autoID[Class=DateChooser||index=24||length=27||classIndex=0||classLength=1]/yearChooserButton/;
waitForElementClickable;scLocator=//ScreenSpan[ID="isc_EH_screenSpan"]/;
click;scLocator=//ScreenSpan[ID="isc_EH_screenSpan"]/;
waitForElementClickable;scLocator=//autoID[Class=DateChooser||index=24||length=27||classIndex=0||classLength=1]/nextYearButton/;
click;scLocator=//autoID[Class=DateChooser||index=24||length=27||classIndex=0||classLength=1]/nextYearButton/;
waitForElementClickable;scLocator=//autoID[Class=DateChooser||index=24||length=27||classIndex=0||classLength=1]/dateGrid/body/row[Tue=Tue May 01 2018 12:00:00 GMT+0200 (W. Europe Standard Time)||0]/col[fieldName=Tue||2];
click;scLocator=//autoID[Class=DateChooser||index=24||length=27||classIndex=0||classLength=1]/dateGrid/body/row[Tue=Tue May 01 2018 12:00:00 GMT+0200 (W. Europe Standard Time)||0]/col[fieldName=Tue||2];
waitForElementClickable;scLocator=//Portlet[ID="datastaging_interop_tab_2"]/item[0][Class="ListGrid"]/filterEditor/editRowForm/item[title=Calc.%20date||value=[object Object]||index=0||Class=MiniDateRangeItem]/rangeDialog/rangeForm/item[name=CALC_DT||title=CALC_DT||value=[object Object]||index=0||Class=DateRangeItem]/dateRangeForm/item[name=toField||title=To||value=Mon May 29 2017 12:00:00 GMT+0200 (W. Europe Standard Time)||index=1||Class=RelativeDateItem]/editor/item[name=valueField||title=valueField||value=29%24fs%2405%24fs%242017||index=0||Class=ComboBoxItem]/[icon="picker"];
click;scLocator=//Portlet[ID="datastaging_interop_tab_2"]/item[0][Class="ListGrid"]/filterEditor/editRowForm/item[title=Calc.%20date||value=[object Object]||index=0||Class=MiniDateRangeItem]/rangeDialog/rangeForm/item[name=CALC_DT||title=CALC_DT||value=[object Object]||index=0||Class=DateRangeItem]/dateRangeForm/item[name=toField||title=To||value=Mon May 29 2017 12:00:00 GMT+0200 (W. Europe Standard Time)||index=1||Class=RelativeDateItem]/editor/item[name=valueField||title=valueField||value=29%24fs%2405%24fs%242017||index=0||Class=ComboBoxItem]/[icon="picker"];
waitForElementClickable;scLocator=//Portlet[ID="datastaging_interop_tab_2"]/item[0][Class="ListGrid"]/filterEditor/editRowForm/item[title=Calc.%20date||value=[object Object]||index=0||Class=MiniDateRangeItem]/rangeDialog/rangeForm/item[name=CALC_DT||title=CALC_DT||value=[object Object]||index=0||Class=DateRangeItem]/dateRangeForm/item[name=toField||title=To||value=Mon May 29 2017 12:00:00 GMT+0200 (W. Europe Standard Time)||index=1||Class=RelativeDateItem]/editor/item[name=valueField||title=valueField||value=29%24fs%2405%24fs%242017||index=0||Class=ComboBoxItem]/pickList/body/row[valueField=%24today||0]/col[fieldName=valueField||0];
click;scLocator=//Portlet[ID="datastaging_interop_tab_2"]/item[0][Class="ListGrid"]/filterEditor/editRowForm/item[title=Calc.%20date||value=[object Object]||index=0||Class=MiniDateRangeItem]/rangeDialog/rangeForm/item[name=CALC_DT||title=CALC_DT||value=[object Object]||index=0||Class=DateRangeItem]/dateRangeForm/item[name=toField||title=To||value=Mon May 29 2017 12:00:00 GMT+0200 (W. Europe Standard Time)||index=1||Class=RelativeDateItem]/editor/item[name=valueField||title=valueField||value=29%24fs%2405%24fs%242017||index=0||Class=ComboBoxItem]/pickList/body/row[valueField=%24today||0]/col[fieldName=valueField||0];
waitForElementClickable;scLocator=//Portlet[ID="datastaging_interop_tab_2"]/item[0][Class="ListGrid"]/filterEditor/editRowForm/item[title=Calc.%20date||value=[object Object]||index=0||Class=MiniDateRangeItem]/rangeDialog/okButton/;
secondClick;scLocator=//Portlet[ID="datastaging_interop_tab_2"]/item[0][Class="ListGrid"]/filterEditor/editRowForm/item[title=Calc.%20date||value=[object Object]||index=0||Class=MiniDateRangeItem]/rangeDialog/okButton/;
waitForElementClickable;scLocator=//Portlet[ID="datastaging_interop_tab_2"]/item[0][Class="ListGrid"]/filterEditor/editRowForm/item[title=Calc.%20date||value=[object Object]||index=0||Class=MiniDateRangeItem]/rangeDialog/rangeForm/item[name=CALC_DT||title=CALC_DT||value=[object Object]||index=0||Class=DateRangeItem]/dateRangeForm/item[name=toField||title=To||value=Mon May 29 2017 12:00:00 GMT+0200 (W. Europe Standard Time)||index=1||Class=RelativeDateItem]/editor/item[name=iconPlaceholder||title=iconPlaceholder||index=2||Class=StaticTextItem]/[icon="chooserIcon"];
click;scLocator=//Portlet[ID="datastaging_interop_tab_2"]/item[0][Class="ListGrid"]/filterEditor/editRowForm/item[title=Calc.%20date||value=[object Object]||index=0||Class=MiniDateRangeItem]/rangeDialog/rangeForm/item[name=CALC_DT||title=CALC_DT||value=[object Object]||index=0||Class=DateRangeItem]/dateRangeForm/item[name=toField||title=To||value=Mon May 29 2017 12:00:00 GMT+0200 (W. Europe Standard Time)||index=1||Class=RelativeDateItem]/editor/item[name=iconPlaceholder||title=iconPlaceholder||index=2||Class=StaticTextItem]/[icon="chooserIcon"];
waitForElementClickable;scLocator=//autoID[Class=DateChooser||index=30||length=33||classIndex=1||classLength=2]/todayButton/;
click;scLocator=//autoID[Class=DateChooser||index=30||length=33||classIndex=1||classLength=2]/todayButton/;
waitForElementClickable;scLocator=//Portlet[ID="datastaging_interop_tab_2"]/item[0][Class="ListGrid"]/filterEditor/editRowForm/item[title=Calc.%20date||value=[object Object]||index=0||Class=MiniDateRangeItem]/rangeDialog/rangeForm/item[name=CALC_DT||title=CALC_DT||value=[object Object]||index=0||Class=DateRangeItem]/dateRangeForm/item[name=fromField||title=From||value=Tue May 01 2018 12:00:00 GMT+0200 (W. Europe Standard Time)||index=0||Class=RelativeDateItem]/editor/item[name=valueField||title=valueField||value=01%24fs%2405%24fs%242018||index=0||Class=ComboBoxItem]/[icon="picker"];
click;scLocator=//Portlet[ID="datastaging_interop_tab_2"]/item[0][Class="ListGrid"]/filterEditor/editRowForm/item[title=Calc.%20date||value=[object Object]||index=0||Class=MiniDateRangeItem]/rangeDialog/rangeForm/item[name=CALC_DT||title=CALC_DT||value=[object Object]||index=0||Class=DateRangeItem]/dateRangeForm/item[name=fromField||title=From||value=Tue May 01 2018 12:00:00 GMT+0200 (W. Europe Standard Time)||index=0||Class=RelativeDateItem]/editor/item[name=valueField||title=valueField||value=01%24fs%2405%24fs%242018||index=0||Class=ComboBoxItem]/[icon="picker"];
waitForElementClickable;scLocator=//Portlet[ID="datastaging_interop_tab_2"]/item[0][Class="ListGrid"]/filterEditor/editRowForm/item[title=Calc.%20date||value=[object Object]||index=0||Class=MiniDateRangeItem]/rangeDialog/rangeForm/item[name=CALC_DT||title=CALC_DT||value=[object Object]||index=0||Class=DateRangeItem]/dateRangeForm/item[name=fromField||title=From||value=Tue May 01 2018 12:00:00 GMT+0200 (W. Europe Standard Time)||index=0||Class=RelativeDateItem]/editor/item[name=iconPlaceholder||title=iconPlaceholder||index=2||Class=StaticTextItem]/[icon="chooserIcon"];
click;scLocator=//Portlet[ID="datastaging_interop_tab_2"]/item[0][Class="ListGrid"]/filterEditor/editRowForm/item[title=Calc.%20date||value=[object Object]||index=0||Class=MiniDateRangeItem]/rangeDialog/rangeForm/item[name=CALC_DT||title=CALC_DT||value=[object Object]||index=0||Class=DateRangeItem]/dateRangeForm/item[name=fromField||title=From||value=Tue May 01 2018 12:00:00 GMT+0200 (W. Europe Standard Time)||index=0||Class=RelativeDateItem]/editor/item[name=iconPlaceholder||title=iconPlaceholder||index=2||Class=StaticTextItem]/[icon="chooserIcon"];
waitForElementClickable;scLocator=//Portlet[ID="datastaging_interop_tab_2"]/item[0][Class="ListGrid"]/filterEditor/editRowForm/item[title=Calc.%20date||value=[object Object]||index=0||Class=MiniDateRangeItem]/rangeDialog/mainLayout/;
click;scLocator=//Portlet[ID="datastaging_interop_tab_2"]/item[0][Class="ListGrid"]/filterEditor/editRowForm/item[title=Calc.%20date||value=[object Object]||index=0||Class=MiniDateRangeItem]/rangeDialog/mainLayout/;
waitForElementClickable;scLocator=//Portlet[ID="datastaging_interop_tab_2"]/item[0][Class="ListGrid"]/filterEditor/editRowForm/item[title=Calc.%20date||value=[object Object]||index=0||Class=MiniDateRangeItem]/rangeDialog/rangeForm/item[name=CALC_DT||title=CALC_DT||value=[object Object]||index=0||Class=DateRangeItem]/dateRangeForm/item[name=fromField||title=From||value=Tue May 01 2018 12:00:00 GMT+0200 (W. Europe Standard Time)||index=0||Class=RelativeDateItem]/editor/item[name=valueField||title=valueField||value=01%24fs%2405%24fs%242018||index=0||Class=ComboBoxItem]/[icon="picker"];
click;scLocator=//Portlet[ID="datastaging_interop_tab_2"]/item[0][Class="ListGrid"]/filterEditor/editRowForm/item[title=Calc.%20date||value=[object Object]||index=0||Class=MiniDateRangeItem]/rangeDialog/rangeForm/item[name=CALC_DT||title=CALC_DT||value=[object Object]||index=0||Class=DateRangeItem]/dateRangeForm/item[name=fromField||title=From||value=Tue May 01 2018 12:00:00 GMT+0200 (W. Europe Standard Time)||index=0||Class=RelativeDateItem]/editor/item[name=valueField||title=valueField||value=01%24fs%2405%24fs%242018||index=0||Class=ComboBoxItem]/[icon="picker"];
waitForElementClickable;scLocator=//Portlet[ID="datastaging_interop_tab_2"]/item[0][Class="ListGrid"]/filterEditor/editRowForm/item[title=Calc.%20date||value=[object Object]||index=0||Class=MiniDateRangeItem]/rangeDialog/rangeForm/item[name=CALC_DT||title=CALC_DT||value=[object Object]||index=0||Class=DateRangeItem]/dateRangeForm/item[name=fromField||title=From||value=Tue May 01 2018 12:00:00 GMT+0200 (W. Europe Standard Time)||index=0||Class=RelativeDateItem]/editor/item[name=valueField||title=valueField||value=01%24fs%2405%24fs%242018||index=0||Class=ComboBoxItem]/pickList/body/row[valueField=%24yesterday||1]/col[fieldName=valueField||0];
click;scLocator=//Portlet[ID="datastaging_interop_tab_2"]/item[0][Class="ListGrid"]/filterEditor/editRowForm/item[title=Calc.%20date||value=[object Object]||index=0||Class=MiniDateRangeItem]/rangeDialog/rangeForm/item[name=CALC_DT||title=CALC_DT||value=[object Object]||index=0||Class=DateRangeItem]/dateRangeForm/item[name=fromField||title=From||value=Tue May 01 2018 12:00:00 GMT+0200 (W. Europe Standard Time)||index=0||Class=RelativeDateItem]/editor/item[name=valueField||title=valueField||value=01%24fs%2405%24fs%242018||index=0||Class=ComboBoxItem]/pickList/body/row[valueField=%24yesterday||1]/col[fieldName=valueField||0];
waitForElementReadyForKeyPresses;scLocator=//Portlet[ID="datastaging_interop_tab_2"]/item[0][Class="ListGrid"]/filterEditor/editRowForm/item[title=Calc.%20date||value=[object Object]||index=0||Class=MiniDateRangeItem]/rangeDialog/rangeForm/item[name=CALC_DT||title=CALC_DT||value=[object Object]||index=0||Class=DateRangeItem]/dateRangeForm/item[name=fromField||title=From||value=Sun May 28 2017 12:00:00 GMT+0200 (W. Europe Standard Time)||index=0||Class=RelativeDateItem]/editor/item[name=valueField||title=valueField||value=%24yesterday||index=0||Class=ComboBoxItem]/element;
sendKeys;scLocator=//Portlet[ID="datastaging_interop_tab_2"]/item[0][Class="ListGrid"]/filterEditor/editRowForm/item[title=Calc.%20date||value=[object Object]||index=0||Class=MiniDateRangeItem]/rangeDialog/rangeForm/item[name=CALC_DT||title=CALC_DT||value=[object Object]||index=0||Class=DateRangeItem]/dateRangeForm/item[name=fromField||title=From||value=Sun May 28 2017 12:00:00 GMT+0200 (W. Europe Standard Time)||index=0||Class=RelativeDateItem]/editor/item[name=valueField||title=valueField||value=%24yesterday||index=0||Class=ComboBoxItem]/element;${KEY_ENTER}
waitForElementClickable;scLocator=//Portlet[ID="datastaging_interop_tab_2"]/item[0][Class="ListGrid"]/filterEditor/editRowForm/item[title=Calc.%20date||value=[object Object]||index=0||Class=MiniDateRangeItem]/rangeDialog/clearButton/;
click;scLocator=//Portlet[ID="datastaging_interop_tab_2"]/item[0][Class="ListGrid"]/filterEditor/editRowForm/item[title=Calc.%20date||value=[object Object]||index=0||Class=MiniDateRangeItem]/rangeDialog/clearButton/;
waitForElementClickable;scLocator=//Portlet[ID="datastaging_interop_tab_2"]/item[0][Class="ListGrid"]/filterEditor/editRowForm/item[title=Calc.%20date||index=0||Class=MiniDateRangeItem]/rangeDialog/rangeForm/item[name=CALC_DT||title=CALC_DT||index=0||Class=DateRangeItem]/dateRangeForm/item[name=toField||title=To||index=1||Class=RelativeDateItem]/editor/item[name=valueField||title=valueField||index=0||Class=ComboBoxItem]/[icon="picker"];
click;scLocator=//Portlet[ID="datastaging_interop_tab_2"]/item[0][Class="ListGrid"]/filterEditor/editRowForm/item[title=Calc.%20date||index=0||Class=MiniDateRangeItem]/rangeDialog/rangeForm/item[name=CALC_DT||title=CALC_DT||index=0||Class=DateRangeItem]/dateRangeForm/item[name=toField||title=To||index=1||Class=RelativeDateItem]/editor/item[name=valueField||title=valueField||index=0||Class=ComboBoxItem]/[icon="picker"];
waitForElementClickable;scLocator=//Portlet[ID="datastaging_interop_tab_2"]/item[0][Class="ListGrid"]/filterEditor/editRowForm/item[title=Calc.%20date||index=0||Class=MiniDateRangeItem]/rangeDialog/rangeForm/item[name=CALC_DT||title=CALC_DT||index=0||Class=DateRangeItem]/dateRangeForm/item[name=toField||title=To||index=1||Class=RelativeDateItem]/editor/item[name=valueField||title=valueField||index=0||Class=ComboBoxItem]/pickList/body/row[valueField=%24today||0]/col[fieldName=valueField||0];
click;scLocator=//Portlet[ID="datastaging_interop_tab_2"]/item[0][Class="ListGrid"]/filterEditor/editRowForm/item[title=Calc.%20date||index=0||Class=MiniDateRangeItem]/rangeDialog/rangeForm/item[name=CALC_DT||title=CALC_DT||index=0||Class=DateRangeItem]/dateRangeForm/item[name=toField||title=To||index=1||Class=RelativeDateItem]/editor/item[name=valueField||title=valueField||index=0||Class=ComboBoxItem]/pickList/body/row[valueField=%24today||0]/col[fieldName=valueField||0];
waitForElementClickable;scLocator=//Portlet[ID="datastaging_interop_tab_2"]/item[0][Class="ListGrid"]/filterEditor/editRowForm/item[title=Calc.%20date||value=[object Object]||index=0||Class=MiniDateRangeItem]/rangeDialog/rangeForm/item[name=CALC_DT||title=CALC_DT||value=[object Object]||index=0||Class=DateRangeItem]/dateRangeForm/item[name=fromField||title=From||index=0||Class=RelativeDateItem]/editor/item[name=valueField||title=valueField||index=0||Class=ComboBoxItem]/[icon="picker"];
click;scLocator=//Portlet[ID="datastaging_interop_tab_2"]/item[0][Class="ListGrid"]/filterEditor/editRowForm/item[title=Calc.%20date||value=[object Object]||index=0||Class=MiniDateRangeItem]/rangeDialog/rangeForm/item[name=CALC_DT||title=CALC_DT||value=[object Object]||index=0||Class=DateRangeItem]/dateRangeForm/item[name=fromField||title=From||index=0||Class=RelativeDateItem]/editor/item[name=valueField||title=valueField||index=0||Class=ComboBoxItem]/[icon="picker"];
waitForElementClickable;scLocator=//Portlet[ID="datastaging_interop_tab_2"]/item[0][Class="ListGrid"]/filterEditor/editRowForm/item[title=Calc.%20date||value=[object Object]||index=0||Class=MiniDateRangeItem]/rangeDialog/rangeForm/item[name=CALC_DT||title=CALC_DT||value=[object Object]||index=0||Class=DateRangeItem]/dateRangeForm/item[name=fromField||title=From||index=0||Class=RelativeDateItem]/editor/item[name=valueField||title=valueField||index=0||Class=ComboBoxItem]/pickList/body/row[valueField=%24yesterday||1]/col[fieldName=valueField||0];
click;scLocator=//Portlet[ID="datastaging_interop_tab_2"]/item[0][Class="ListGrid"]/filterEditor/editRowForm/item[title=Calc.%20date||value=[object Object]||index=0||Class=MiniDateRangeItem]/rangeDialog/rangeForm/item[name=CALC_DT||title=CALC_DT||value=[object Object]||index=0||Class=DateRangeItem]/dateRangeForm/item[name=fromField||title=From||index=0||Class=RelativeDateItem]/editor/item[name=valueField||title=valueField||index=0||Class=ComboBoxItem]/pickList/body/row[valueField=%24yesterday||1]/col[fieldName=valueField||0];
waitForElementClickable;scLocator=//Portlet[ID="datastaging_interop_tab_2"]/item[0][Class="ListGrid"]/filterEditor/editRowForm/item[title=Calc.%20date||value=[object Object]||index=0||Class=MiniDateRangeItem]/rangeDialog/okButton/;
click;scLocator=//Portlet[ID="datastaging_interop_tab_2"]/item[0][Class="ListGrid"]/filterEditor/editRowForm/item[title=Calc.%20date||value=[object Object]||index=0||Class=MiniDateRangeItem]/rangeDialog/okButton/;
waitForElementClickable;scLocator=//Portlet[ID="datastaging_interop_tab_2"]/item[0][Class="ListGrid"]/filterEditor/body/;
sendKeys;scLocator=//Portlet[ID="datastaging_interop_tab_2"]/item[0][Class="ListGrid"]/filterEditor/body/;${KEY_ENTER}
