
command,target,value
echo;;RU07-NUC01-T03.rctest
open;/LiqPortalWEB/;Liquidity Portal - Data Stage - EOD margins stg. - Grouping
type;id=Username;mpetracc
type;id=Password;.mpetrac06
clickAndWait;id=submitLabel;
waitForElementClickable;scLocator=//Menu[level=1]/body/row[3]/col[fieldName=title||0];
click;scLocator=//Menu[level=1]/body/row[3]/col[fieldName=title||0];
waitForElementClickable --> KO;scLocator=//Portlet[ID="datastaging_eodmarg_tab_2"]/maximizeButton/;
click --> KO;scLocator=//Portlet[ID="datastaging_eodmarg_tab_2"]/maximizeButton/;
