
command,target,value
echo;;RU07-NUC01-T02.rctest
open;/LiqPortalWEB/;Liquidity Portal - Data Stage - EOD margins stg. - Filters
type;id=Username;mpetracc
type;id=Password;.mpetrac06
clickAndWait;id=submitLabel;
waitForElementClickable;scLocator=//Menu[level=1]/body/row[3]/col[fieldName=title||0];
click;scLocator=//Menu[level=1]/body/row[3]/col[fieldName=title||0];
waitForElementClickable;scLocator=//Portlet[ID="datastaging_eodmarg_tab_2"]/maximizeButton/;
click;scLocator=//Portlet[ID="datastaging_eodmarg_tab_2"]/maximizeButton/;
waitForElementClickable;scLocator=//Portlet[ID="datastaging_eodmarg_tab_2"]/item[0][Class="ListGrid"]/filterEditor/editRowForm/item[name=ACC_TYPE||title=Firm%20client||index=3||Class=SelectItem]/[icon="picker"];
click;scLocator=//Portlet[ID="datastaging_eodmarg_tab_2"]/item[0][Class="ListGrid"]/filterEditor/editRowForm/item[name=ACC_TYPE||title=Firm%20client||index=3||Class=SelectItem]/[icon="picker"];
waitForElementClickable;scLocator=//Portlet[ID="datastaging_eodmarg_tab_2"]/item[0][Class="ListGrid"]/filterEditor/editRowForm/item[name=ACC_TYPE||title=Firm%20client||index=3||Class=SelectItem]/pickList/body/row[ACC_TYPE=F||1]/col[fieldName=ACC_TYPE||0];
click;scLocator=//Portlet[ID="datastaging_eodmarg_tab_2"]/item[0][Class="ListGrid"]/filterEditor/editRowForm/item[name=ACC_TYPE||title=Firm%20client||index=3||Class=SelectItem]/pickList/body/row[ACC_TYPE=F||1]/col[fieldName=ACC_TYPE||0];
waitForElementClickable;scLocator=//Portlet[ID="datastaging_eodmarg_tab_2"]/item[0][Class="ListGrid"]/filterEditor/actionButton/icon;
click;scLocator=//Portlet[ID="datastaging_eodmarg_tab_2"]/item[0][Class="ListGrid"]/filterEditor/actionButton/icon;
waitForElementClickable;scLocator=//Portlet[ID="datastaging_eodmarg_tab_2"]/item[0][Class="ListGrid"]/filterEditor/editRowForm/item[name=ACC_TYPE||title=Firm%20client||value=F||index=3||Class=SelectItem]/[icon="picker"];
click;scLocator=//Portlet[ID="datastaging_eodmarg_tab_2"]/item[0][Class="ListGrid"]/filterEditor/editRowForm/item[name=ACC_TYPE||title=Firm%20client||value=F||index=3||Class=SelectItem]/[icon="picker"];
waitForElementClickable;scLocator=//Portlet[ID="datastaging_eodmarg_tab_2"]/item[0][Class="ListGrid"]/filterEditor/editRowForm/item[name=ACC_TYPE||title=Firm%20client||value=F||index=3||Class=SelectItem]/pickList/body/row[ACC_TYPE=C||2]/col[fieldName=ACC_TYPE||0];
click;scLocator=//Portlet[ID="datastaging_eodmarg_tab_2"]/item[0][Class="ListGrid"]/filterEditor/editRowForm/item[name=ACC_TYPE||title=Firm%20client||value=F||index=3||Class=SelectItem]/pickList/body/row[ACC_TYPE=C||2]/col[fieldName=ACC_TYPE||0];
waitForElementClickable;scLocator=//Portlet[ID="datastaging_eodmarg_tab_2"]/item[0][Class="ListGrid"]/filterEditor/actionButton/icon;
click;scLocator=//Portlet[ID="datastaging_eodmarg_tab_2"]/item[0][Class="ListGrid"]/filterEditor/actionButton/icon;
waitForElementClickable;scLocator=//Portlet[ID="datastaging_eodmarg_tab_2"]/item[0][Class="ListGrid"]/filterEditor/editRowForm/item[name=CASH_CALL||title=Cash%20call||index=4||Class=FloatItem]/element;
click;scLocator=//Portlet[ID="datastaging_eodmarg_tab_2"]/item[0][Class="ListGrid"]/filterEditor/editRowForm/item[name=CASH_CALL||title=Cash%20call||index=4||Class=FloatItem]/element;
waitForElementReadyForKeyPresses;scLocator=//Portlet[ID="datastaging_eodmarg_tab_2"]/item[0][Class="ListGrid"]/filterEditor/editRowForm/item[name=CASH_CALL||title=Cash%20call||value=%3E0||index=4||Class=FloatItem]/element;
sendKeys;scLocator=//Portlet[ID="datastaging_eodmarg_tab_2"]/item[0][Class="ListGrid"]/filterEditor/editRowForm/item[name=CASH_CALL||title=Cash%20call||value=%3E0||index=4||Class=FloatItem]/element;${KEY_ENTER}
waitForElementClickable;scLocator=//Portlet[ID="datastaging_eodmarg_tab_2"]/item[0][Class="ListGrid"]/filterEditor/editRowForm/item[name=CASH_CALL||title=Cash%20call||value=%3E0||index=4||Class=FloatItem]/element;
type;scLocator=//Portlet[ID="datastaging_eodmarg_tab_2"]/item[0][Class="ListGrid"]/filterEditor/editRowForm/item[name=CASH_CALL||title=Cash%20call||value=%3E0||index=4||Class=FloatItem]/element;>0
waitForElementClickable;scLocator=//Portlet[ID="datastaging_eodmarg_tab_2"]/item[0][Class="ListGrid"]/filterEditor/editRowForm/item[name=ACC_TYPE||title=Firm%20client||value=C||index=3||Class=SelectItem]/[icon="picker"];
click;scLocator=//Portlet[ID="datastaging_eodmarg_tab_2"]/item[0][Class="ListGrid"]/filterEditor/editRowForm/item[name=ACC_TYPE||title=Firm%20client||value=C||index=3||Class=SelectItem]/[icon="picker"];
waitForElementClickable;scLocator=//Portlet[ID="datastaging_eodmarg_tab_2"]/item[0][Class="ListGrid"]/filterEditor/editRowForm/item[name=ACC_TYPE||title=Firm%20client||value=C||index=3||Class=SelectItem]/pickList/body/row[ACC_TYPE=F||1]/col[fieldName=ACC_TYPE||0];
click;scLocator=//Portlet[ID="datastaging_eodmarg_tab_2"]/item[0][Class="ListGrid"]/filterEditor/editRowForm/item[name=ACC_TYPE||title=Firm%20client||value=C||index=3||Class=SelectItem]/pickList/body/row[ACC_TYPE=F||1]/col[fieldName=ACC_TYPE||0];
waitForElementClickable;scLocator=//Portlet[ID="datastaging_eodmarg_tab_2"]/item[0][Class="ListGrid"]/filterEditor/actionButton/icon;
click;scLocator=//Portlet[ID="datastaging_eodmarg_tab_2"]/item[0][Class="ListGrid"]/filterEditor/actionButton/icon;
waitForElementClickable;scLocator=//Portlet[ID="datastaging_eodmarg_tab_2"]/item[0][Class="ListGrid"]/body/vscrollbar/peer[Class=SpritedVSimpleScrollThumb||index=0||length=1||classIndex=0||classLength=1||title=%26nbsp%3B||name=main]/;
dragAndDrop;scLocator=//Portlet[ID="datastaging_eodmarg_tab_2"]/item[0][Class="ListGrid"]/body/vscrollbar/peer[Class=SpritedVSimpleScrollThumb||index=0||length=1||classIndex=0||classLength=1||title=%26nbsp%3B||name=main]/;-2,-27
waitForElementClickable;scLocator=//Portlet[ID="datastaging_eodmarg_tab_2"]/item[0][Class="ListGrid"]/filterEditor/editRowForm/item[name=LEGAL_NAME||title=Legal%20name||index=2||Class=TextItem]/element;
click;scLocator=//Portlet[ID="datastaging_eodmarg_tab_2"]/item[0][Class="ListGrid"]/filterEditor/editRowForm/item[name=LEGAL_NAME||title=Legal%20name||index=2||Class=TextItem]/element;
waitForElementClickable;scLocator=//Portlet[ID="datastaging_eodmarg_tab_2"]/item[0][Class="ListGrid"]/filterEditor/editRowForm/item[title=Calc.%20date||index=0||Class=MiniDateRangeItem]/[icon="showDateRange"];
click;scLocator=//Portlet[ID="datastaging_eodmarg_tab_2"]/item[0][Class="ListGrid"]/filterEditor/editRowForm/item[title=Calc.%20date||index=0||Class=MiniDateRangeItem]/[icon="showDateRange"];
waitForElementClickable;scLocator=//Portlet[ID="datastaging_eodmarg_tab_2"]/item[0][Class="ListGrid"]/filterEditor/editRowForm/item[title=Calc.%20date||index=0||Class=MiniDateRangeItem]/rangeDialog/rangeForm/item[name=CALC_DT||title=CALC_DT||index=0||Class=DateRangeItem]/dateRangeForm/item[name=fromField||title=From||index=0||Class=RelativeDateItem]/editor/item[name=iconPlaceholder||title=iconPlaceholder||index=2||Class=StaticTextItem]/[icon="chooserIcon"];
click;scLocator=//Portlet[ID="datastaging_eodmarg_tab_2"]/item[0][Class="ListGrid"]/filterEditor/editRowForm/item[title=Calc.%20date||index=0||Class=MiniDateRangeItem]/rangeDialog/rangeForm/item[name=CALC_DT||title=CALC_DT||index=0||Class=DateRangeItem]/dateRangeForm/item[name=fromField||title=From||index=0||Class=RelativeDateItem]/editor/item[name=iconPlaceholder||title=iconPlaceholder||index=2||Class=StaticTextItem]/[icon="chooserIcon"];
waitForElementClickable;scLocator=//autoID[Class=DateChooser||index=23||length=26||classIndex=0||classLength=1]/dateGrid/body/row[Mon=Mon May 01 2017 12:00:00 GMT+0200 (W. Europe Standard Time)||0]/col[fieldName=Mon||1];
click;scLocator=//autoID[Class=DateChooser||index=23||length=26||classIndex=0||classLength=1]/dateGrid/body/row[Mon=Mon May 01 2017 12:00:00 GMT+0200 (W. Europe Standard Time)||0]/col[fieldName=Mon||1];
waitForElementClickable;scLocator=//Portlet[ID="datastaging_eodmarg_tab_2"]/item[0][Class="ListGrid"]/filterEditor/editRowForm/item[title=Calc.%20date||value=[object Object]||index=0||Class=MiniDateRangeItem]/rangeDialog/okButton/;
click;scLocator=//Portlet[ID="datastaging_eodmarg_tab_2"]/item[0][Class="ListGrid"]/filterEditor/editRowForm/item[title=Calc.%20date||value=[object Object]||index=0||Class=MiniDateRangeItem]/rangeDialog/okButton/;
waitForElementClickable;scLocator=//Portlet[ID="datastaging_eodmarg_tab_2"]/item[0][Class="ListGrid"]/filterEditor/editRowForm/item[title=Calc.%20date||value=[object Object]||index=0||Class=MiniDateRangeItem]/[icon="showDateRange"];
click;scLocator=//Portlet[ID="datastaging_eodmarg_tab_2"]/item[0][Class="ListGrid"]/filterEditor/editRowForm/item[title=Calc.%20date||value=[object Object]||index=0||Class=MiniDateRangeItem]/[icon="showDateRange"];
waitForElementClickable;scLocator=//Portlet[ID="datastaging_eodmarg_tab_2"]/item[0][Class="ListGrid"]/filterEditor/editRowForm/item[title=Calc.%20date||value=[object Object]||index=0||Class=MiniDateRangeItem]/rangeDialog/rangeForm/item[name=CALC_DT||title=CALC_DT||value=[object Object]||index=0||Class=DateRangeItem]/dateRangeForm/item[name=toField||title=To||index=1||Class=RelativeDateItem]/editor/item[name=valueField||title=valueField||index=0||Class=ComboBoxItem]/[icon="picker"];
click;scLocator=//Portlet[ID="datastaging_eodmarg_tab_2"]/item[0][Class="ListGrid"]/filterEditor/editRowForm/item[title=Calc.%20date||value=[object Object]||index=0||Class=MiniDateRangeItem]/rangeDialog/rangeForm/item[name=CALC_DT||title=CALC_DT||value=[object Object]||index=0||Class=DateRangeItem]/dateRangeForm/item[name=toField||title=To||index=1||Class=RelativeDateItem]/editor/item[name=valueField||title=valueField||index=0||Class=ComboBoxItem]/[icon="picker"];
waitForElementClickable;scLocator=//Portlet[ID="datastaging_eodmarg_tab_2"]/item[0][Class="ListGrid"]/filterEditor/editRowForm/item[title=Calc.%20date||value=[object Object]||index=0||Class=MiniDateRangeItem]/rangeDialog/rangeForm/item[name=CALC_DT||title=CALC_DT||value=[object Object]||index=0||Class=DateRangeItem]/dateRangeForm/item[name=toField||title=To||index=1||Class=RelativeDateItem]/editor/item[name=valueField||title=valueField||index=0||Class=ComboBoxItem]/pickList/body/row[valueField=%24yesterday||1]/col[fieldName=valueField||0];
click;scLocator=//Portlet[ID="datastaging_eodmarg_tab_2"]/item[0][Class="ListGrid"]/filterEditor/editRowForm/item[title=Calc.%20date||value=[object Object]||index=0||Class=MiniDateRangeItem]/rangeDialog/rangeForm/item[name=CALC_DT||title=CALC_DT||value=[object Object]||index=0||Class=DateRangeItem]/dateRangeForm/item[name=toField||title=To||index=1||Class=RelativeDateItem]/editor/item[name=valueField||title=valueField||index=0||Class=ComboBoxItem]/pickList/body/row[valueField=%24yesterday||1]/col[fieldName=valueField||0];
waitForElementClickable;scLocator=//Portlet[ID="datastaging_eodmarg_tab_2"]/item[0][Class="ListGrid"]/filterEditor/editRowForm/item[title=Calc.%20date||value=[object Object]||index=0||Class=MiniDateRangeItem]/rangeDialog/okButton/;
secondClick;scLocator=//Portlet[ID="datastaging_eodmarg_tab_2"]/item[0][Class="ListGrid"]/filterEditor/editRowForm/item[title=Calc.%20date||value=[object Object]||index=0||Class=MiniDateRangeItem]/rangeDialog/okButton/;
waitForElementClickable;scLocator=//Portlet[ID="datastaging_eodmarg_tab_2"]/item[0][Class="ListGrid"]/filterEditor/editRowForm/item[title=Calc.%20date||value=[object Object]||index=0||Class=MiniDateRangeItem]/[icon="showDateRange"];
sendKeys;scLocator=//Portlet[ID="datastaging_eodmarg_tab_2"]/item[0][Class="ListGrid"]/filterEditor/editRowForm/item[title=Calc.%20date||value=[object Object]||index=0||Class=MiniDateRangeItem]/[icon="showDateRange"];${KEY_ENTER}
waitForElementClickable;scLocator=//Portlet[ID="datastaging_eodmarg_tab_2"]/item[0][Class="ListGrid"]/filterEditor/editRowForm/item[title=Calc.%20date||value=[object Object]||index=0||Class=MiniDateRangeItem]/rangeDialog/closeButton/;
click;scLocator=//Portlet[ID="datastaging_eodmarg_tab_2"]/item[0][Class="ListGrid"]/filterEditor/editRowForm/item[title=Calc.%20date||value=[object Object]||index=0||Class=MiniDateRangeItem]/rangeDialog/closeButton/;
