
command,target,value
echo;;RU08-NUC01-T02.rctest
open;/LiqPortalWEB/;Liquidity Portal - Data Stage - Default fund stg. - Filters
type;id=Username;mpetracc
type;id=Password;.mpetrac06
clickAndWait;id=submitLabel;
waitForElementClickable;scLocator=//Menu[level=1]/body/row[5]/col[fieldName=title||0];
click;scLocator=//Menu[level=1]/body/row[5]/col[fieldName=title||0];
waitForElementClickable;scLocator=//Portlet[ID="datastaging_deffund_tab_2"]/maximizeButton/;
click;scLocator=//Portlet[ID="datastaging_deffund_tab_2"]/maximizeButton/;
waitForElementClickable;scLocator=//Portlet[ID="datastaging_deffund_tab_2"]/item[0][Class="ListGrid"]/filterEditor/editRowForm/item[name=DF_CONTRIB||title=Default%20fund%20contrib.||index=2||Class=FloatItem]/element;
click;scLocator=//Portlet[ID="datastaging_deffund_tab_2"]/item[0][Class="ListGrid"]/filterEditor/editRowForm/item[name=DF_CONTRIB||title=Default%20fund%20contrib.||index=2||Class=FloatItem]/element;
waitForElementReadyForKeyPresses;scLocator=//Portlet[ID="datastaging_deffund_tab_2"]/item[0][Class="ListGrid"]/filterEditor/editRowForm/item[name=DF_CONTRIB||title=Default%20fund%20contrib.||value=%3E10000000||index=2||Class=FloatItem]/element;
sendKeys;scLocator=//Portlet[ID="datastaging_deffund_tab_2"]/item[0][Class="ListGrid"]/filterEditor/editRowForm/item[name=DF_CONTRIB||title=Default%20fund%20contrib.||value=%3E10000000||index=2||Class=FloatItem]/element;${KEY_ENTER}
waitForElementClickable;scLocator=//Portlet[ID="datastaging_deffund_tab_2"]/item[0][Class="ListGrid"]/filterEditor/editRowForm/item[name=DF_CONTRIB||title=Default%20fund%20contrib.||value=%3E10000000||index=2||Class=FloatItem]/element;
type;scLocator=//Portlet[ID="datastaging_deffund_tab_2"]/item[0][Class="ListGrid"]/filterEditor/editRowForm/item[name=DF_CONTRIB||title=Default%20fund%20contrib.||value=%3E10000000||index=2||Class=FloatItem]/element;>10000000
waitForElementClickable;scLocator=//Portlet[ID="datastaging_deffund_tab_2"]/item[0][Class="ListGrid"]/filterEditor/editRowForm/item[name=DF_CONTRIB||title=Default%20fund%20contrib.||value=%3E10000000||index=2||Class=FloatItem]/element;
click;scLocator=//Portlet[ID="datastaging_deffund_tab_2"]/item[0][Class="ListGrid"]/filterEditor/editRowForm/item[name=DF_CONTRIB||title=Default%20fund%20contrib.||value=%3E10000000||index=2||Class=FloatItem]/element;
waitForElementReadyForKeyPresses;scLocator=//Portlet[ID="datastaging_deffund_tab_2"]/item[0][Class="ListGrid"]/filterEditor/editRowForm/item[name=DF_CONTRIB||title=Default%20fund%20contrib.||value=%3E100000000000||index=2||Class=FloatItem]/element;
sendKeys;scLocator=//Portlet[ID="datastaging_deffund_tab_2"]/item[0][Class="ListGrid"]/filterEditor/editRowForm/item[name=DF_CONTRIB||title=Default%20fund%20contrib.||value=%3E100000000000||index=2||Class=FloatItem]/element;${KEY_ENTER}
waitForElementClickable;scLocator=//Portlet[ID="datastaging_deffund_tab_2"]/item[0][Class="ListGrid"]/filterEditor/editRowForm/item[name=DF_CONTRIB||title=Default%20fund%20contrib.||value=%3E100000000000||index=2||Class=FloatItem]/element;
type;scLocator=//Portlet[ID="datastaging_deffund_tab_2"]/item[0][Class="ListGrid"]/filterEditor/editRowForm/item[name=DF_CONTRIB||title=Default%20fund%20contrib.||value=%3E100000000000||index=2||Class=FloatItem]/element;>100000000000
waitForElementClickable;scLocator=//Portlet[ID="datastaging_deffund_tab_2"]/item[0][Class="ListGrid"]/filterEditor/editRowForm/item[name=DF_CONTRIB||title=Default%20fund%20contrib.||value=%3E100000000000||index=2||Class=FloatItem]/element;
click;scLocator=//Portlet[ID="datastaging_deffund_tab_2"]/item[0][Class="ListGrid"]/filterEditor/editRowForm/item[name=DF_CONTRIB||title=Default%20fund%20contrib.||value=%3E100000000000||index=2||Class=FloatItem]/element;
waitForElementClickable;scLocator=//Portlet[ID="datastaging_deffund_tab_2"]/item[0][Class="ListGrid"]/filterEditor/editRowForm/item[name=DF_CONTRIB||title=Default%20fund%20contrib.||value=%3E100000000000||index=2||Class=FloatItem]/element;
click;scLocator=//Portlet[ID="datastaging_deffund_tab_2"]/item[0][Class="ListGrid"]/filterEditor/editRowForm/item[name=DF_CONTRIB||title=Default%20fund%20contrib.||value=%3E100000000000||index=2||Class=FloatItem]/element;
waitForElementReadyForKeyPresses;scLocator=//Portlet[ID="datastaging_deffund_tab_2"]/item[0][Class="ListGrid"]/filterEditor/editRowForm/item[name=DF_CONTRIB||title=Default%20fund%20contrib.||value=%3E10000000000||index=2||Class=FloatItem]/element;
sendKeys;scLocator=//Portlet[ID="datastaging_deffund_tab_2"]/item[0][Class="ListGrid"]/filterEditor/editRowForm/item[name=DF_CONTRIB||title=Default%20fund%20contrib.||value=%3E10000000000||index=2||Class=FloatItem]/element;${KEY_ENTER}
waitForElementClickable;scLocator=//Portlet[ID="datastaging_deffund_tab_2"]/item[0][Class="ListGrid"]/filterEditor/editRowForm/item[name=DF_CONTRIB||title=Default%20fund%20contrib.||value=%3E10000000000||index=2||Class=FloatItem]/element;
type;scLocator=//Portlet[ID="datastaging_deffund_tab_2"]/item[0][Class="ListGrid"]/filterEditor/editRowForm/item[name=DF_CONTRIB||title=Default%20fund%20contrib.||value=%3E10000000000||index=2||Class=FloatItem]/element;>10000000000
waitForElementClickable;scLocator=//Portlet[ID="datastaging_deffund_tab_2"]/item[0][Class="ListGrid"]/filterEditor/editRowForm/item[name=DF_CONTRIB||title=Default%20fund%20contrib.||value=%3E10000000000||index=2||Class=FloatItem]/element;
click;scLocator=//Portlet[ID="datastaging_deffund_tab_2"]/item[0][Class="ListGrid"]/filterEditor/editRowForm/item[name=DF_CONTRIB||title=Default%20fund%20contrib.||value=%3E10000000000||index=2||Class=FloatItem]/element;
waitForElementReadyForKeyPresses;scLocator=//Portlet[ID="datastaging_deffund_tab_2"]/item[0][Class="ListGrid"]/filterEditor/editRowForm/item[name=DF_CONTRIB||title=Default%20fund%20contrib.||value=%3E100000000||index=2||Class=FloatItem]/element;
sendKeys;scLocator=//Portlet[ID="datastaging_deffund_tab_2"]/item[0][Class="ListGrid"]/filterEditor/editRowForm/item[name=DF_CONTRIB||title=Default%20fund%20contrib.||value=%3E100000000||index=2||Class=FloatItem]/element;${KEY_ENTER}
waitForElementClickable;scLocator=//Portlet[ID="datastaging_deffund_tab_2"]/item[0][Class="ListGrid"]/filterEditor/editRowForm/item[name=DF_CONTRIB||title=Default%20fund%20contrib.||value=%3E100000000||index=2||Class=FloatItem]/element;
type;scLocator=//Portlet[ID="datastaging_deffund_tab_2"]/item[0][Class="ListGrid"]/filterEditor/editRowForm/item[name=DF_CONTRIB||title=Default%20fund%20contrib.||value=%3E100000000||index=2||Class=FloatItem]/element;>100000000
waitForElementClickable;scLocator=//Portlet[ID="datastaging_deffund_tab_2"]/item[0][Class="ListGrid"]/filterEditor/editRowForm/item[name=DF_CONTRIB||title=Default%20fund%20contrib.||value=%3E100000000||index=2||Class=FloatItem]/element;
click;scLocator=//Portlet[ID="datastaging_deffund_tab_2"]/item[0][Class="ListGrid"]/filterEditor/editRowForm/item[name=DF_CONTRIB||title=Default%20fund%20contrib.||value=%3E100000000||index=2||Class=FloatItem]/element;
waitForElementReadyForKeyPresses;scLocator=//Portlet[ID="datastaging_deffund_tab_2"]/item[0][Class="ListGrid"]/filterEditor/editRowForm/item[name=DF_CONTRIB||title=Default%20fund%20contrib.||value=%3E1000000000||index=2||Class=FloatItem]/element;
sendKeys;scLocator=//Portlet[ID="datastaging_deffund_tab_2"]/item[0][Class="ListGrid"]/filterEditor/editRowForm/item[name=DF_CONTRIB||title=Default%20fund%20contrib.||value=%3E1000000000||index=2||Class=FloatItem]/element;${KEY_ENTER}
waitForElementClickable;scLocator=//Portlet[ID="datastaging_deffund_tab_2"]/item[0][Class="ListGrid"]/filterEditor/editRowForm/item[name=DF_CONTRIB||title=Default%20fund%20contrib.||value=%3E1000000000||index=2||Class=FloatItem]/element;
type;scLocator=//Portlet[ID="datastaging_deffund_tab_2"]/item[0][Class="ListGrid"]/filterEditor/editRowForm/item[name=DF_CONTRIB||title=Default%20fund%20contrib.||value=%3E1000000000||index=2||Class=FloatItem]/element;>1000000000
waitForElementClickable;scLocator=//Portlet[ID="datastaging_deffund_tab_2"]/item[0][Class="ListGrid"]/filterEditor/editRowForm/item[name=DF_CONTRIB||title=Default%20fund%20contrib.||value=%3E1000000000||index=2||Class=FloatItem]/element;
click;scLocator=//Portlet[ID="datastaging_deffund_tab_2"]/item[0][Class="ListGrid"]/filterEditor/editRowForm/item[name=DF_CONTRIB||title=Default%20fund%20contrib.||value=%3E1000000000||index=2||Class=FloatItem]/element;
waitForElementReadyForKeyPresses;scLocator=//Portlet[ID="datastaging_deffund_tab_2"]/item[0][Class="ListGrid"]/filterEditor/editRowForm/item[name=DF_CONTRIB||title=Default%20fund%20contrib.||value=%3E100000000||index=2||Class=FloatItem]/element;
sendKeys;scLocator=//Portlet[ID="datastaging_deffund_tab_2"]/item[0][Class="ListGrid"]/filterEditor/editRowForm/item[name=DF_CONTRIB||title=Default%20fund%20contrib.||value=%3E100000000||index=2||Class=FloatItem]/element;${KEY_ENTER}
waitForElementClickable;scLocator=//Portlet[ID="datastaging_deffund_tab_2"]/item[0][Class="ListGrid"]/filterEditor/editRowForm/item[name=DF_CONTRIB||title=Default%20fund%20contrib.||value=%3E100000000||index=2||Class=FloatItem]/element;
type;scLocator=//Portlet[ID="datastaging_deffund_tab_2"]/item[0][Class="ListGrid"]/filterEditor/editRowForm/item[name=DF_CONTRIB||title=Default%20fund%20contrib.||value=%3E100000000||index=2||Class=FloatItem]/element;>100000000
waitForElementClickable;scLocator=//Portlet[ID="datastaging_deffund_tab_2"]/item[0][Class="ListGrid"]/filterEditor/editRowForm/item[title=Calc.%20date||index=0||Class=MiniDateRangeItem]/[icon="showDateRange"];
click;scLocator=//Portlet[ID="datastaging_deffund_tab_2"]/item[0][Class="ListGrid"]/filterEditor/editRowForm/item[title=Calc.%20date||index=0||Class=MiniDateRangeItem]/[icon="showDateRange"];
waitForElementClickable;scLocator=//Portlet[ID="datastaging_deffund_tab_2"]/item[0][Class="ListGrid"]/filterEditor/editRowForm/item[title=Calc.%20date||index=0||Class=MiniDateRangeItem]/rangeDialog/rangeForm/item[name=CALC_DT||title=CALC_DT||index=0||Class=DateRangeItem]/dateRangeForm/item[name=fromField||title=From||index=0||Class=RelativeDateItem]/editor/item[name=valueField||title=valueField||index=0||Class=ComboBoxItem]/[icon="picker"];
click;scLocator=//Portlet[ID="datastaging_deffund_tab_2"]/item[0][Class="ListGrid"]/filterEditor/editRowForm/item[title=Calc.%20date||index=0||Class=MiniDateRangeItem]/rangeDialog/rangeForm/item[name=CALC_DT||title=CALC_DT||index=0||Class=DateRangeItem]/dateRangeForm/item[name=fromField||title=From||index=0||Class=RelativeDateItem]/editor/item[name=valueField||title=valueField||index=0||Class=ComboBoxItem]/[icon="picker"];
waitForElementClickable;scLocator=//Portlet[ID="datastaging_deffund_tab_2"]/item[0][Class="ListGrid"]/filterEditor/editRowForm/item[title=Calc.%20date||index=0||Class=MiniDateRangeItem]/rangeDialog/rangeForm/item[name=CALC_DT||title=CALC_DT||index=0||Class=DateRangeItem]/dateRangeForm/item[name=fromField||title=From||index=0||Class=RelativeDateItem]/editor/item[name=calculatedDateField||title=calculatedDateField||value=||index=3||Class=BlurbItem]/;
click;scLocator=//Portlet[ID="datastaging_deffund_tab_2"]/item[0][Class="ListGrid"]/filterEditor/editRowForm/item[title=Calc.%20date||index=0||Class=MiniDateRangeItem]/rangeDialog/rangeForm/item[name=CALC_DT||title=CALC_DT||index=0||Class=DateRangeItem]/dateRangeForm/item[name=fromField||title=From||index=0||Class=RelativeDateItem]/editor/item[name=calculatedDateField||title=calculatedDateField||value=||index=3||Class=BlurbItem]/;
waitForElementClickable;scLocator=//Portlet[ID="datastaging_deffund_tab_2"]/item[0][Class="ListGrid"]/filterEditor/editRowForm/item[title=Calc.%20date||index=0||Class=MiniDateRangeItem]/rangeDialog/rangeForm/item[name=CALC_DT||title=CALC_DT||index=0||Class=DateRangeItem]/dateRangeForm/item[name=fromField||title=From||index=0||Class=RelativeDateItem]/editor/item[name=iconPlaceholder||title=iconPlaceholder||index=2||Class=StaticTextItem]/[icon="chooserIcon"];
secondClick;scLocator=//Portlet[ID="datastaging_deffund_tab_2"]/item[0][Class="ListGrid"]/filterEditor/editRowForm/item[title=Calc.%20date||index=0||Class=MiniDateRangeItem]/rangeDialog/rangeForm/item[name=CALC_DT||title=CALC_DT||index=0||Class=DateRangeItem]/dateRangeForm/item[name=fromField||title=From||index=0||Class=RelativeDateItem]/editor/item[name=iconPlaceholder||title=iconPlaceholder||index=2||Class=StaticTextItem]/[icon="chooserIcon"];
waitForElementClickable;scLocator=//autoID[Class=DateChooser||index=22||length=25||classIndex=0||classLength=1]/dateGrid/body/row[Tue=Tue May 02 2017 12:00:00 GMT+0200 (W. Europe Standard Time)||0]/col[fieldName=Tue||2];
click;scLocator=//autoID[Class=DateChooser||index=22||length=25||classIndex=0||classLength=1]/dateGrid/body/row[Tue=Tue May 02 2017 12:00:00 GMT+0200 (W. Europe Standard Time)||0]/col[fieldName=Tue||2];
waitForElementClickable;scLocator=//Portlet[ID="datastaging_deffund_tab_2"]/item[0][Class="ListGrid"]/filterEditor/editRowForm/item[title=Calc.%20date||value=[object Object]||index=0||Class=MiniDateRangeItem]/rangeDialog/rangeForm/item[name=CALC_DT||title=CALC_DT||value=[object Object]||index=0||Class=DateRangeItem]/dateRangeForm/item[name=toField||title=To||index=1||Class=RelativeDateItem]/editor/item[name=valueField||title=valueField||index=0||Class=ComboBoxItem]/[icon="picker"];
click;scLocator=//Portlet[ID="datastaging_deffund_tab_2"]/item[0][Class="ListGrid"]/filterEditor/editRowForm/item[title=Calc.%20date||value=[object Object]||index=0||Class=MiniDateRangeItem]/rangeDialog/rangeForm/item[name=CALC_DT||title=CALC_DT||value=[object Object]||index=0||Class=DateRangeItem]/dateRangeForm/item[name=toField||title=To||index=1||Class=RelativeDateItem]/editor/item[name=valueField||title=valueField||index=0||Class=ComboBoxItem]/[icon="picker"];
waitForElementClickable;scLocator=//Portlet[ID="datastaging_deffund_tab_2"]/item[0][Class="ListGrid"]/filterEditor/editRowForm/item[title=Calc.%20date||value=[object Object]||index=0||Class=MiniDateRangeItem]/rangeDialog/rangeForm/item[name=CALC_DT||title=CALC_DT||value=[object Object]||index=0||Class=DateRangeItem]/dateRangeForm/item[name=toField||title=To||index=1||Class=RelativeDateItem]/editor/item[name=valueField||title=valueField||index=0||Class=ComboBoxItem]/pickList/body/row[valueField=%24yesterday||1]/col[fieldName=valueField||0];
click;scLocator=//Portlet[ID="datastaging_deffund_tab_2"]/item[0][Class="ListGrid"]/filterEditor/editRowForm/item[title=Calc.%20date||value=[object Object]||index=0||Class=MiniDateRangeItem]/rangeDialog/rangeForm/item[name=CALC_DT||title=CALC_DT||value=[object Object]||index=0||Class=DateRangeItem]/dateRangeForm/item[name=toField||title=To||index=1||Class=RelativeDateItem]/editor/item[name=valueField||title=valueField||index=0||Class=ComboBoxItem]/pickList/body/row[valueField=%24yesterday||1]/col[fieldName=valueField||0];
waitForElementClickable;scLocator=//Portlet[ID="datastaging_deffund_tab_2"]/item[0][Class="ListGrid"]/filterEditor/editRowForm/item[title=Calc.%20date||value=[object Object]||index=0||Class=MiniDateRangeItem]/rangeDialog/okButton/;
click;scLocator=//Portlet[ID="datastaging_deffund_tab_2"]/item[0][Class="ListGrid"]/filterEditor/editRowForm/item[title=Calc.%20date||value=[object Object]||index=0||Class=MiniDateRangeItem]/rangeDialog/okButton/;
waitForElementClickable;scLocator=//Portlet[ID="datastaging_deffund_tab_2"]/item[0][Class="ListGrid"]/filterEditor/editRowForm/item[title=Calc.%20date||value=[object Object]||index=0||Class=MiniDateRangeItem]/[icon="showDateRange"];
sendKeys;scLocator=//Portlet[ID="datastaging_deffund_tab_2"]/item[0][Class="ListGrid"]/filterEditor/editRowForm/item[title=Calc.%20date||value=[object Object]||index=0||Class=MiniDateRangeItem]/[icon="showDateRange"];${KEY_ENTER}
waitForElementClickable;scLocator=//Portlet[ID="datastaging_deffund_tab_2"]/item[0][Class="ListGrid"]/filterEditor/editRowForm/item[title=Calc.%20date||value=[object Object]||index=0||Class=MiniDateRangeItem]/rangeDialog/closeButton/;
click;scLocator=//Portlet[ID="datastaging_deffund_tab_2"]/item[0][Class="ListGrid"]/filterEditor/editRowForm/item[title=Calc.%20date||value=[object Object]||index=0||Class=MiniDateRangeItem]/rangeDialog/closeButton/;
waitForElementClickable;scLocator=//Portlet[ID="datastaging_deffund_tab_2"]/item[0][Class="ListGrid"]/header/headerButton[fieldName=DF_CONTRIB]/L;
waitForElementClickable;scLocator=//Portlet[ID="datastaging_deffund_tab_2"]/item[0][Class="ListGrid"]/filterEditor/editRowForm/item[name=LEGAL_NAME||title=Legal%20name||index=1||Class=TextItem]/element;
dragAndDropToObject;scLocator=//Portlet[ID="datastaging_deffund_tab_2"]/item[0][Class="ListGrid"]/header/headerButton[fieldName=DF_CONTRIB]/L;scLocator=//Portlet[ID="datastaging_deffund_tab_2"]/item[0][Class="ListGrid"]/filterEditor/editRowForm/item[name=LEGAL_NAME||title=Legal%20name||index=1||Class=TextItem]/element
