
command,target,value
echo;;RU08-NUC01-T03.rctest
open;/LiqPortalWEB/;Liquidity Portal - Data Stage - Default fund stg. - Grouping
type;id=Username;mpetracc
type;id=Password;.mpetrac06
clickAndWait;id=submitLabel;
waitForElementClickable;scLocator=//Menu[level=1]/body/row[5]/col[fieldName=title||0];
click;scLocator=//Menu[level=1]/body/row[5]/col[fieldName=title||0];
waitForElementClickable -- >KO;scLocator=//Portlet[ID="datastaging_deffund_tab_2"]/maximizeButton/;
click --> KO;scLocator=//Portlet[ID="datastaging_deffund_tab_2"]/maximizeButton/;
