
command,target,value
echo;;RU08-NUC01-T01.rctest
open;/LiqPortalWEB/;Liquidity Portal - Data Stage - Default fund stg. - View
type;id=Username;mpetracc
type;id=Password;.mpetrac06
clickAndWait;id=submitLabel;
waitForElementClickable;scLocator=//Menu[level=1]/body/row[5]/col[fieldName=title||0];
click;scLocator=//Menu[level=1]/body/row[5]/col[fieldName=title||0];
waitForElementClickable;scLocator=//Portlet[ID="datastaging_deffund_tab_2"]/maximizeButton/;
click;scLocator=//Portlet[ID="datastaging_deffund_tab_2"]/maximizeButton/;
