
command,target,value
echo;;RU09-NUC01-T03.rctest
open;/LiqPortalWEB/;Liquidity Portal - Data Stage - Voluntary Contrib. - Grouping
type;id=Username;mpetracc
type;id=Password;.mpetrac06
clickAndWait;id=submitLabel;
waitForElementClickable -> KO;scLocator=//Menu[level=1]/body/row[4]/col[fieldName=title||0];
click;scLocator=//Menu[level=1]/body/row[4]/col[fieldName=title||0];
waitForElementClickable;scLocator=//Dialog[ID="isc_globalWarn"]/okButton/;
click;scLocator=//Dialog[ID="isc_globalWarn"]/okButton/;
waitForElementClickable;scLocator=//Portlet[ID="datastaging_voluntcontrib_tab_2"]/closeButton/;
click;scLocator=//Portlet[ID="datastaging_voluntcontrib_tab_2"]/closeButton/;
