<?xml version="1.0" encoding="UTF-8"?>
<TestCase seleniumIDEVersion="2.9.1" baseURL="http://10.0.10.173:9081/CCAM/">
<selenese>
	<command>echo</command>
	<target><![CDATA[]]></target>
	<value><![CDATA[RU03-NUC01-T02.rctest]]></value>
</selenese>
<selenese>
	<command>open</command>
	<target><![CDATA[/CCAM/]]></target>
	<value><![CDATA[Entities - CCAM - Filter]]></value>
</selenese>
<selenese>
	<command>click</command>
	<target><![CDATA[//div[@id='isc_H']/table/tbody/tr/td/table/tbody/tr/td[2]]]></target>
	<value><![CDATA[]]></value>
</selenese>
<selenese>
	<command>selectWindow</command>
	<target><![CDATA[null]]></target>
	<value><![CDATA[]]></value>
</selenese>
<selenese>
	<command>waitForElementClickable</command>
	<target><![CDATA[scLocator=//autoID[Class=VLayout||index=1||length=4||classIndex=0||classLength=1]/member[Class=HLayout||index=1||length=4||classIndex=1||classLength=4]/member[Class=MenuButton||index=0||length=1||classIndex=0||classLength=1||roleIndex=0||roleLength=1||title=Menu||scRole=button]/]]></target>
	<value><![CDATA[]]></value>
</selenese>
<selenese>
	<command>click</command>
	<target><![CDATA[scLocator=//autoID[Class=VLayout||index=1||length=4||classIndex=0||classLength=1]/member[Class=HLayout||index=1||length=4||classIndex=1||classLength=4]/member[Class=MenuButton||index=0||length=1||classIndex=0||classLength=1||roleIndex=0||roleLength=1||title=Menu||scRole=button]/]]></target>
	<value><![CDATA[]]></value>
</selenese>
<selenese>
	<command>waitForElementClickable</command>
	<target><![CDATA[scLocator=//Menu[level=1]/body/row[1]/col[fieldName=title||0]]]></target>
	<value><![CDATA[]]></value>
</selenese>
<selenese>
	<command>click</command>
	<target><![CDATA[scLocator=//Menu[level=1]/body/row[1]/col[fieldName=title||0]]]></target>
	<value><![CDATA[]]></value>
</selenese>
<selenese>
	<command>waitForElementClickable</command>
	<target><![CDATA[scLocator=//Portlet[ID="refdata_entities_tab_2"]/maximizeButton/]]></target>
	<value><![CDATA[]]></value>
</selenese>
<selenese>
	<command>click</command>
	<target><![CDATA[scLocator=//Portlet[ID="refdata_entities_tab_2"]/maximizeButton/]]></target>
	<value><![CDATA[]]></value>
</selenese>
<selenese>
	<command>waitForElementClickable</command>
	<target><![CDATA[scLocator=//Portlet[ID="refdata_entities_tab_2"]/item[0][Class="ListGrid"]/body/row[lei=3021||country_name=United%20Kingdom||12]/col[fieldName=country_name||2]]]></target>
	<value><![CDATA[Select Country Name]]></value>
</selenese>
<selenese>
	<command>click</command>
	<target><![CDATA[scLocator=//Portlet[ID="refdata_entities_tab_2"]/item[0][Class="ListGrid"]/body/row[lei=3021||country_name=United%20Kingdom||12]/col[fieldName=country_name||2]]]></target>
	<value><![CDATA[]]></value>
</selenese>
<selenese>
	<command>waitForElementClickable</command>
	<target><![CDATA[scLocator=//Portlet[ID="refdata_entities_tab_2"]/item[0][Class="ListGrid"]/filterEditor/editRowForm/item[name=lei||title=LEI%20Code||index=0||Class=SelectItem]/textbox]]></target>
	<value><![CDATA[Select LEI code]]></value>
</selenese>
<selenese>
	<command>click</command>
	<target><![CDATA[scLocator=//Portlet[ID="refdata_entities_tab_2"]/item[0][Class="ListGrid"]/filterEditor/editRowForm/item[name=lei||title=LEI%20Code||index=0||Class=SelectItem]/textbox]]></target>
	<value><![CDATA[]]></value>
</selenese>
<selenese>
	<command>waitForElementClickable</command>
	<target><![CDATA[scLocator=//Portlet[ID="refdata_entities_tab_2"]/item[0][Class="ListGrid"]/filterEditor/actionButton/icon]]></target>
	<value><![CDATA[]]></value>
</selenese>
<selenese>
	<command>click</command>
	<target><![CDATA[scLocator=//Portlet[ID="refdata_entities_tab_2"]/item[0][Class="ListGrid"]/filterEditor/actionButton/icon]]></target>
	<value><![CDATA[]]></value>
</selenese>
<selenese>
	<command>waitForElementClickable</command>
	<target><![CDATA[scLocator=//Portlet[ID="refdata_entities_tab_2"]/item[0][Class="ListGrid"]/body/vscrollbar/peer[Class=SpritedVSimpleScrollThumb||index=0||length=1||classIndex=0||classLength=1||title=%26nbsp%3B||name=main]/]]></target>
	<value><![CDATA[]]></value>
</selenese>
<selenese>
	<command>dragAndDrop</command>
	<target><![CDATA[scLocator=//Portlet[ID="refdata_entities_tab_2"]/item[0][Class="ListGrid"]/body/vscrollbar/peer[Class=SpritedVSimpleScrollThumb||index=0||length=1||classIndex=0||classLength=1||title=%26nbsp%3B||name=main]/]]></target>
	<value><![CDATA[+13,+358]]></value>
</selenese>
<selenese>
	<command>waitForElementClickable</command>
	<target><![CDATA[scLocator=//Portlet[ID="refdata_entities_tab_2"]/item[0][Class="ListGrid"]/body/vscrollbar/peer[Class=SpritedVSimpleScrollThumb||index=0||length=1||classIndex=0||classLength=1||title=%26nbsp%3B||name=main]/]]></target>
	<value><![CDATA[]]></value>
</selenese>
<selenese>
	<command>dragAndDrop</command>
	<target><![CDATA[scLocator=//Portlet[ID="refdata_entities_tab_2"]/item[0][Class="ListGrid"]/body/vscrollbar/peer[Class=SpritedVSimpleScrollThumb||index=0||length=1||classIndex=0||classLength=1||title=%26nbsp%3B||name=main]/]]></target>
	<value><![CDATA[+8,-621]]></value>
</selenese>
<selenese>
	<command>waitForElementClickable</command>
	<target><![CDATA[scLocator=//Portlet[ID="refdata_entities_tab_2"]/item[0][Class="ListGrid"]/body/vscrollbar/peer[Class=SpritedVSimpleScrollThumb||index=0||length=1||classIndex=0||classLength=1||title=%26nbsp%3B||name=main]/]]></target>
	<value><![CDATA[]]></value>
</selenese>
<selenese>
	<command>dragAndDrop</command>
	<target><![CDATA[scLocator=//Portlet[ID="refdata_entities_tab_2"]/item[0][Class="ListGrid"]/body/vscrollbar/peer[Class=SpritedVSimpleScrollThumb||index=0||length=1||classIndex=0||classLength=1||title=%26nbsp%3B||name=main]/]]></target>
	<value><![CDATA[+5,+59]]></value>
</selenese>
<selenese>
	<command>waitForElementClickable</command>
	<target><![CDATA[scLocator=//Portlet[ID="refdata_entities_tab_2"]/item[0][Class="ListGrid"]/filterEditor/editRowForm/item[name=legal_name||title=Legal%20name||index=0||Class=TextItem]/element]]></target>
	<value><![CDATA[]]></value>
</selenese>
<selenese>
	<command>click</command>
	<target><![CDATA[scLocator=//Portlet[ID="refdata_entities_tab_2"]/item[0][Class="ListGrid"]/filterEditor/editRowForm/item[name=legal_name||title=Legal%20name||index=0||Class=TextItem]/element]]></target>
	<value><![CDATA[]]></value>
</selenese>
<selenese>
	<command>waitForElementReadyForKeyPresses</command>
	<target><![CDATA[scLocator=//Portlet[ID="refdata_entities_tab_2"]/item[0][Class="ListGrid"]/filterEditor/editRowForm/item[name=legal_name||title=Legal%20name||value=unipol||index=0||Class=TextItem]/element]]></target>
	<value><![CDATA[]]></value>
</selenese>
<selenese>
	<command>sendKeys</command>
	<target><![CDATA[scLocator=//Portlet[ID="refdata_entities_tab_2"]/item[0][Class="ListGrid"]/filterEditor/editRowForm/item[name=legal_name||title=Legal%20name||value=unipol||index=0||Class=TextItem]/element]]></target>
	<value><![CDATA[${KEY_ENTER}]]></value>
</selenese>
<selenese>
	<command>waitForElementClickable</command>
	<target><![CDATA[scLocator=//Portlet[ID="refdata_entities_tab_2"]/item[0][Class="ListGrid"]/filterEditor/editRowForm/item[name=cab||title=CAB%20code||index=3||Class=TextItem]/element]]></target>
	<value><![CDATA[]]></value>
</selenese>
<selenese>
	<command>click</command>
	<target><![CDATA[scLocator=//Portlet[ID="refdata_entities_tab_2"]/item[0][Class="ListGrid"]/filterEditor/editRowForm/item[name=cab||title=CAB%20code||index=3||Class=TextItem]/element]]></target>
	<value><![CDATA[]]></value>
</selenese>
<selenese>
	<command>waitForElementClickable</command>
	<target><![CDATA[scLocator=//Portlet[ID="refdata_entities_tab_2"]/item[0][Class="ListGrid"]/filterEditor/editRowForm/item[name=country_name||title=Country%20name||value=United||index=4||Class=TextItem]/element]]></target>
	<value><![CDATA[]]></value>
</selenese>
<selenese>
	<command>click</command>
	<target><![CDATA[scLocator=//Portlet[ID="refdata_entities_tab_2"]/item[0][Class="ListGrid"]/filterEditor/editRowForm/item[name=country_name||title=Country%20name||value=United||index=4||Class=TextItem]/element]]></target>
	<value><![CDATA[]]></value>
</selenese>
<selenese>
	<command>waitForElementClickable</command>
	<target><![CDATA[scLocator=//Portlet[ID="refdata_entities_tab_2"]/item[0][Class="ListGrid"]/filterEditor/editRowForm/item[name=country_name||title=Country%20name||index=4||Class=TextItem]/element]]></target>
	<value><![CDATA[]]></value>
</selenese>
<selenese>
	<command>type</command>
	<target><![CDATA[scLocator=//Portlet[ID="refdata_entities_tab_2"]/item[0][Class="ListGrid"]/filterEditor/editRowForm/item[name=country_name||title=Country%20name||index=4||Class=TextItem]/element]]></target>
	<value><![CDATA[]]></value>
</selenese>
<selenese>
	<command>waitForElementClickable</command>
	<target><![CDATA[scLocator=//Portlet[ID="refdata_entities_tab_2"]/item[0][Class="ListGrid"]/filterEditor/actionButton/icon]]></target>
	<value><![CDATA[]]></value>
</selenese>
<selenese>
	<command>click</command>
	<target><![CDATA[scLocator=//Portlet[ID="refdata_entities_tab_2"]/item[0][Class="ListGrid"]/filterEditor/actionButton/icon]]></target>
	<value><![CDATA[]]></value>
</selenese>
<selenese>
	<command>waitForElementClickable</command>
	<target><![CDATA[scLocator=//Portlet[ID="refdata_entities_tab_2"]/header/member[Class=Img||index=1||length=5||classIndex=0||classLength=1||name=main]/]]></target>
	<value><![CDATA[]]></value>
</selenese>
<selenese>
	<command>click</command>
	<target><![CDATA[scLocator=//Portlet[ID="refdata_entities_tab_2"]/header/member[Class=Img||index=1||length=5||classIndex=0||classLength=1||name=main]/]]></target>
	<value><![CDATA[]]></value>
</selenese>
<selenese>
	<command>waitForElementClickable</command>
	<target><![CDATA[scLocator=//Portlet[ID="refdata_entities_tab_2"]/item[0][Class="ListGrid"]/filterEditor/editRowForm/item[name=legal_name||title=Legal%20name||index=0||Class=TextItem]/element]]></target>
	<value><![CDATA[]]></value>
</selenese>
<selenese>
	<command>click</command>
	<target><![CDATA[scLocator=//Portlet[ID="refdata_entities_tab_2"]/item[0][Class="ListGrid"]/filterEditor/editRowForm/item[name=legal_name||title=Legal%20name||index=0||Class=TextItem]/element]]></target>
	<value><![CDATA[]]></value>
</selenese>
<selenese>
	<command>waitForElementReadyForKeyPresses</command>
	<target><![CDATA[scLocator=//Portlet[ID="refdata_entities_tab_2"]/item[0][Class="ListGrid"]/filterEditor/editRowForm/item[name=legal_name||title=Legal%20name||value=unipol||index=0||Class=TextItem]/element]]></target>
	<value><![CDATA[]]></value>
</selenese>
<selenese>
	<command>sendKeys</command>
	<target><![CDATA[scLocator=//Portlet[ID="refdata_entities_tab_2"]/item[0][Class="ListGrid"]/filterEditor/editRowForm/item[name=legal_name||title=Legal%20name||value=unipol||index=0||Class=TextItem]/element]]></target>
	<value><![CDATA[${KEY_ENTER}]]></value>
</selenese>
<selenese>
	<command>waitForElementClickable</command>
	<target><![CDATA[scLocator=//Portlet[ID="refdata_entities_tab_2"]/item[0][Class="ListGrid"]/filterEditor/actionButton/icon]]></target>
	<value><![CDATA[]]></value>
</selenese>
<selenese>
	<command>click</command>
	<target><![CDATA[scLocator=//Portlet[ID="refdata_entities_tab_2"]/item[0][Class="ListGrid"]/filterEditor/actionButton/icon]]></target>
	<value><![CDATA[]]></value>
</selenese>
<selenese>
	<command>waitForElementClickable</command>
	<target><![CDATA[scLocator=//Portlet[ID="refdata_entities_tab_2"]/header/member[Class=Img||index=1||length=5||classIndex=0||classLength=1||name=main]/]]></target>
	<value><![CDATA[]]></value>
</selenese>
<selenese>
	<command>click</command>
	<target><![CDATA[scLocator=//Portlet[ID="refdata_entities_tab_2"]/header/member[Class=Img||index=1||length=5||classIndex=0||classLength=1||name=main]/]]></target>
	<value><![CDATA[]]></value>
</selenese>
</TestCase>