<?xml version="1.0" encoding="UTF-8"?>
<TestCase seleniumIDEVersion="2.9.1" baseURL="http://10.0.10.173:9081/CCAM/">
<selenese>
	<command>echo</command>
	<target><![CDATA[]]></target>
	<value><![CDATA[RU05-NUC01-T03.rctest]]></value>
</selenese>
<selenese>
	<command>open</command>
	<target><![CDATA[/CCAM/]]></target>
	<value><![CDATA[Eod margins stg - CCAM - Grouping]]></value>
</selenese>
<selenese>
	<command>waitForElementClickable</command>
	<target><![CDATA[scLocator=//Menu[level=1]/body/row[4]/col[fieldName=title||0]]]></target>
	<value><![CDATA[]]></value>
</selenese>
<selenese>
	<command>click</command>
	<target><![CDATA[scLocator=//Menu[level=1]/body/row[4]/col[fieldName=title||0]]]></target>
	<value><![CDATA[]]></value>
</selenese>
<selenese>
	<command>waitForElementClickable</command>
	<target><![CDATA[scLocator=//Portlet[ID="datastaging_eodmarg_tab_2"]/maximizeButton/]]></target>
	<value><![CDATA[]]></value>
</selenese>
<selenese>
	<command>click</command>
	<target><![CDATA[scLocator=//Portlet[ID="datastaging_eodmarg_tab_2"]/maximizeButton/]]></target>
	<value><![CDATA[]]></value>
</selenese>
<selenese>
	<command>waitForElementClickable</command>
	<target><![CDATA[scLocator=//Portlet[ID="datastaging_eodmarg_tab_2"]/item[0][Class="ListGrid"]/filterEditor/editRowForm/item[name=firm_client||title=Firm%20client||index=2||Class=SelectItem]/[icon="picker"]]]></target>
	<value><![CDATA[]]></value>
</selenese>
<selenese>
	<command>click</command>
	<target><![CDATA[scLocator=//Portlet[ID="datastaging_eodmarg_tab_2"]/item[0][Class="ListGrid"]/filterEditor/editRowForm/item[name=firm_client||title=Firm%20client||index=2||Class=SelectItem]/[icon="picker"]]]></target>
	<value><![CDATA[]]></value>
</selenese>
<selenese>
	<command>waitForElementClickable</command>
	<target><![CDATA[scLocator=//Portlet[ID="datastaging_eodmarg_tab_2"]/item[0][Class="ListGrid"]/filterEditor/editRowForm/item[name=firm_client||title=Firm%20client||index=2||Class=SelectItem]/pickList/body/row[firm_client=F||1]/col[fieldName=firm_client||0]]]></target>
	<value><![CDATA[]]></value>
</selenese>
<selenese>
	<command>click</command>
	<target><![CDATA[scLocator=//Portlet[ID="datastaging_eodmarg_tab_2"]/item[0][Class="ListGrid"]/filterEditor/editRowForm/item[name=firm_client||title=Firm%20client||index=2||Class=SelectItem]/pickList/body/row[firm_client=F||1]/col[fieldName=firm_client||0]]]></target>
	<value><![CDATA[]]></value>
</selenese>
<selenese>
	<command>waitForElementClickable</command>
	<target><![CDATA[scLocator=//Portlet[ID="datastaging_eodmarg_tab_2"]/item[0][Class="ListGrid"]/sorter/]]></target>
	<value><![CDATA[]]></value>
</selenese>
<selenese>
	<command>click</command>
	<target><![CDATA[scLocator=//Portlet[ID="datastaging_eodmarg_tab_2"]/item[0][Class="ListGrid"]/sorter/]]></target>
	<value><![CDATA[]]></value>
</selenese>
<selenese>
	<command>waitForElementClickable</command>
	<target><![CDATA[scLocator=//Portlet[ID="datastaging_eodmarg_tab_2"]/item[0][Class="ListGrid"]/headerMenuButton/]]></target>
	<value><![CDATA[]]></value>
</selenese>
<selenese>
	<command>click</command>
	<target><![CDATA[scLocator=//Portlet[ID="datastaging_eodmarg_tab_2"]/item[0][Class="ListGrid"]/headerMenuButton/]]></target>
	<value><![CDATA[]]></value>
</selenese>
<selenese>
	<command>waitForElementClickable</command>
	<target><![CDATA[scLocator=//Portlet[ID="datastaging_eodmarg_tab_2"]/item[0][Class="ListGrid"]/filterEditor/editRowForm/item[name=firm_client||title=Firm%20client||value=F||index=2||Class=SelectItem]/textbox]]></target>
	<value><![CDATA[]]></value>
</selenese>
<selenese>
	<command>click</command>
	<target><![CDATA[scLocator=//Portlet[ID="datastaging_eodmarg_tab_2"]/item[0][Class="ListGrid"]/filterEditor/editRowForm/item[name=firm_client||title=Firm%20client||value=F||index=2||Class=SelectItem]/textbox]]></target>
	<value><![CDATA[]]></value>
</selenese>
<selenese>
	<command>waitForElementClickable</command>
	<target><![CDATA[scLocator=//Portlet[ID="datastaging_eodmarg_tab_2"]/item[0][Class="ListGrid"]/filterEditor/editRowForm/item[name=firm_client||title=Firm%20client||value=F||index=2||Class=SelectItem]/pickList/body/row[firm_client=F||1]/col[fieldName=firm_client||0]]]></target>
	<value><![CDATA[]]></value>
</selenese>
<selenese>
	<command>click</command>
	<target><![CDATA[scLocator=//Portlet[ID="datastaging_eodmarg_tab_2"]/item[0][Class="ListGrid"]/filterEditor/editRowForm/item[name=firm_client||title=Firm%20client||value=F||index=2||Class=SelectItem]/pickList/body/row[firm_client=F||1]/col[fieldName=firm_client||0]]]></target>
	<value><![CDATA[]]></value>
</selenese>
<selenese>
	<command>waitForElementClickable</command>
	<target><![CDATA[scLocator=//Portlet[ID="datastaging_eodmarg_tab_2"]/item[0][Class="ListGrid"]/filterEditor/editRowForm/item[name=dt_calc||title=Calc.%20date||index=0||Class=MiniDateRangeItem]/[icon="showDateRange"]]]></target>
	<value><![CDATA[]]></value>
</selenese>
<selenese>
	<command>click</command>
	<target><![CDATA[scLocator=//Portlet[ID="datastaging_eodmarg_tab_2"]/item[0][Class="ListGrid"]/filterEditor/editRowForm/item[name=dt_calc||title=Calc.%20date||index=0||Class=MiniDateRangeItem]/[icon="showDateRange"]]]></target>
	<value><![CDATA[]]></value>
</selenese>
<selenese>
	<command>waitForElementClickable</command>
	<target><![CDATA[scLocator=//Portlet[ID="datastaging_eodmarg_tab_2"]/item[0][Class="ListGrid"]/filterEditor/editRowForm/item[name=dt_calc||title=Calc.%20date||index=0||Class=MiniDateRangeItem]/rangeDialog/rangeForm/item[name=dt_calc||title=dt_calc||index=0||Class=DateRangeItem]/dateRangeForm/item[name=fromField||title=From||index=0||Class=RelativeDateItem]/editor/item[name=iconPlaceholder||title=iconPlaceholder||index=2||Class=StaticTextItem]/[icon="chooserIcon"]]]></target>
	<value><![CDATA[]]></value>
</selenese>
<selenese>
	<command>click</command>
	<target><![CDATA[scLocator=//Portlet[ID="datastaging_eodmarg_tab_2"]/item[0][Class="ListGrid"]/filterEditor/editRowForm/item[name=dt_calc||title=Calc.%20date||index=0||Class=MiniDateRangeItem]/rangeDialog/rangeForm/item[name=dt_calc||title=dt_calc||index=0||Class=DateRangeItem]/dateRangeForm/item[name=fromField||title=From||index=0||Class=RelativeDateItem]/editor/item[name=iconPlaceholder||title=iconPlaceholder||index=2||Class=StaticTextItem]/[icon="chooserIcon"]]]></target>
	<value><![CDATA[]]></value>
</selenese>
<selenese>
	<command>waitForElementClickable</command>
	<target><![CDATA[scLocator=//autoID[Class=DateChooser||index=26||length=29||classIndex=0||classLength=1]/dateGrid/body/row[Wed=Wed Dec 21 2016 12:00:00 GMT+0100 (W. Europe Standard Time)||3]/col[fieldName=Wed||3]]]></target>
	<value><![CDATA[]]></value>
</selenese>
<selenese>
	<command>click</command>
	<target><![CDATA[scLocator=//autoID[Class=DateChooser||index=26||length=29||classIndex=0||classLength=1]/dateGrid/body/row[Wed=Wed Dec 21 2016 12:00:00 GMT+0100 (W. Europe Standard Time)||3]/col[fieldName=Wed||3]]]></target>
	<value><![CDATA[]]></value>
</selenese>
<selenese>
	<command>waitForElementClickable</command>
	<target><![CDATA[scLocator=//Portlet[ID="datastaging_eodmarg_tab_2"]/item[0][Class="ListGrid"]/filterEditor/editRowForm/item[name=dt_calc||title=Calc.%20date||value=[object Object]||index=0||Class=MiniDateRangeItem]/rangeDialog/rangeForm/item[name=dt_calc||title=dt_calc||value=[object Object]||index=0||Class=DateRangeItem]/dateRangeForm/item[name=toField||title=To||index=1||Class=RelativeDateItem]/editor/item[name=iconPlaceholder||title=iconPlaceholder||index=2||Class=StaticTextItem]/[icon="chooserIcon"]]]></target>
	<value><![CDATA[]]></value>
</selenese>
<selenese>
	<command>click</command>
	<target><![CDATA[scLocator=//Portlet[ID="datastaging_eodmarg_tab_2"]/item[0][Class="ListGrid"]/filterEditor/editRowForm/item[name=dt_calc||title=Calc.%20date||value=[object Object]||index=0||Class=MiniDateRangeItem]/rangeDialog/rangeForm/item[name=dt_calc||title=dt_calc||value=[object Object]||index=0||Class=DateRangeItem]/dateRangeForm/item[name=toField||title=To||index=1||Class=RelativeDateItem]/editor/item[name=iconPlaceholder||title=iconPlaceholder||index=2||Class=StaticTextItem]/[icon="chooserIcon"]]]></target>
	<value><![CDATA[]]></value>
</selenese>
<selenese>
	<command>waitForElementClickable</command>
	<target><![CDATA[scLocator=//autoID[Class=DateChooser||index=32||length=35||classIndex=1||classLength=2]/dateGrid/body/row[Thu=Thu Dec 22 2016 12:00:00 GMT+0100 (W. Europe Standard Time)||3]/col[fieldName=Thu||4]]]></target>
	<value><![CDATA[]]></value>
</selenese>
<selenese>
	<command>click</command>
	<target><![CDATA[scLocator=//autoID[Class=DateChooser||index=32||length=35||classIndex=1||classLength=2]/dateGrid/body/row[Thu=Thu Dec 22 2016 12:00:00 GMT+0100 (W. Europe Standard Time)||3]/col[fieldName=Thu||4]]]></target>
	<value><![CDATA[]]></value>
</selenese>
<selenese>
	<command>waitForElementClickable</command>
	<target><![CDATA[scLocator=//Portlet[ID="datastaging_eodmarg_tab_2"]/item[0][Class="ListGrid"]/filterEditor/editRowForm/item[name=dt_calc||title=Calc.%20date||value=[object Object]||index=0||Class=MiniDateRangeItem]/rangeDialog/okButton/]]></target>
	<value><![CDATA[]]></value>
</selenese>
<selenese>
	<command>click</command>
	<target><![CDATA[scLocator=//Portlet[ID="datastaging_eodmarg_tab_2"]/item[0][Class="ListGrid"]/filterEditor/editRowForm/item[name=dt_calc||title=Calc.%20date||value=[object Object]||index=0||Class=MiniDateRangeItem]/rangeDialog/okButton/]]></target>
	<value><![CDATA[]]></value>
</selenese>
<selenese>
	<command>waitForElementClickable</command>
	<target><![CDATA[scLocator=//Portlet[ID="datastaging_eodmarg_tab_2"]/item[0][Class="ListGrid"]/filterEditor/editRowForm/item[name=dt_calc||title=Calc.%20date||value=[object Object]||index=0||Class=MiniDateRangeItem]/rangeDialog/rangeForm/item[name=dt_calc||title=dt_calc||value=[object Object]||index=0||Class=DateRangeItem]/dateRangeForm/item[name=fromField||title=From||value=21%24fs%2412%24fs%242016||index=0||Class=RelativeDateItem]/editor/item[name=valueField||title=valueField||value=21%24fs%2412%24fs%242016||index=0||Class=ComboBoxItem]/[icon="picker"]]]></target>
	<value><![CDATA[]]></value>
</selenese>
<selenese>
	<command>click</command>
	<target><![CDATA[scLocator=//Portlet[ID="datastaging_eodmarg_tab_2"]/item[0][Class="ListGrid"]/filterEditor/editRowForm/item[name=dt_calc||title=Calc.%20date||value=[object Object]||index=0||Class=MiniDateRangeItem]/rangeDialog/rangeForm/item[name=dt_calc||title=dt_calc||value=[object Object]||index=0||Class=DateRangeItem]/dateRangeForm/item[name=fromField||title=From||value=21%24fs%2412%24fs%242016||index=0||Class=RelativeDateItem]/editor/item[name=valueField||title=valueField||value=21%24fs%2412%24fs%242016||index=0||Class=ComboBoxItem]/[icon="picker"]]]></target>
	<value><![CDATA[]]></value>
</selenese>
<selenese>
	<command>waitForElementClickable</command>
	<target><![CDATA[scLocator=//Portlet[ID="datastaging_eodmarg_tab_2"]/item[0][Class="ListGrid"]/filterEditor/editRowForm/item[name=dt_calc||title=Calc.%20date||value=[object Object]||index=0||Class=MiniDateRangeItem]/rangeDialog/rangeForm/item[name=dt_calc||title=dt_calc||value=[object Object]||index=0||Class=DateRangeItem]/dateRangeForm/item[name=fromField||title=From||value=21%24fs%2412%24fs%242016||index=0||Class=RelativeDateItem]/editor/item[name=valueField||title=valueField||value=21%24fs%2412%24fs%242016||index=0||Class=ComboBoxItem]/pickList/body/row[valueField=%24yesterday||1]/col[fieldName=valueField||0]]]></target>
	<value><![CDATA[]]></value>
</selenese>
<selenese>
	<command>click</command>
	<target><![CDATA[scLocator=//Portlet[ID="datastaging_eodmarg_tab_2"]/item[0][Class="ListGrid"]/filterEditor/editRowForm/item[name=dt_calc||title=Calc.%20date||value=[object Object]||index=0||Class=MiniDateRangeItem]/rangeDialog/rangeForm/item[name=dt_calc||title=dt_calc||value=[object Object]||index=0||Class=DateRangeItem]/dateRangeForm/item[name=fromField||title=From||value=21%24fs%2412%24fs%242016||index=0||Class=RelativeDateItem]/editor/item[name=valueField||title=valueField||value=21%24fs%2412%24fs%242016||index=0||Class=ComboBoxItem]/pickList/body/row[valueField=%24yesterday||1]/col[fieldName=valueField||0]]]></target>
	<value><![CDATA[]]></value>
</selenese>
<selenese>
	<command>waitForElementClickable</command>
	<target><![CDATA[scLocator=//Portlet[ID="datastaging_eodmarg_tab_2"]/item[0][Class="ListGrid"]/filterEditor/editRowForm/item[name=dt_calc||title=Calc.%20date||value=[object Object]||index=0||Class=MiniDateRangeItem]/rangeDialog/rangeForm/item[name=dt_calc||title=dt_calc||value=[object Object]||index=0||Class=DateRangeItem]/dateRangeForm/item[name=toField||title=To||value=22%24fs%2412%24fs%242016||index=1||Class=RelativeDateItem]/editor/item[name=valueField||title=valueField||value=22%24fs%2412%24fs%242016||index=0||Class=ComboBoxItem]/[icon="picker"]]]></target>
	<value><![CDATA[]]></value>
</selenese>
<selenese>
	<command>click</command>
	<target><![CDATA[scLocator=//Portlet[ID="datastaging_eodmarg_tab_2"]/item[0][Class="ListGrid"]/filterEditor/editRowForm/item[name=dt_calc||title=Calc.%20date||value=[object Object]||index=0||Class=MiniDateRangeItem]/rangeDialog/rangeForm/item[name=dt_calc||title=dt_calc||value=[object Object]||index=0||Class=DateRangeItem]/dateRangeForm/item[name=toField||title=To||value=22%24fs%2412%24fs%242016||index=1||Class=RelativeDateItem]/editor/item[name=valueField||title=valueField||value=22%24fs%2412%24fs%242016||index=0||Class=ComboBoxItem]/[icon="picker"]]]></target>
	<value><![CDATA[]]></value>
</selenese>
<selenese>
	<command>waitForElementClickable</command>
	<target><![CDATA[scLocator=//Portlet[ID="datastaging_eodmarg_tab_2"]/item[0][Class="ListGrid"]/filterEditor/editRowForm/item[name=dt_calc||title=Calc.%20date||value=[object Object]||index=0||Class=MiniDateRangeItem]/rangeDialog/rangeForm/item[name=dt_calc||title=dt_calc||value=[object Object]||index=0||Class=DateRangeItem]/dateRangeForm/item[name=toField||title=To||value=22%24fs%2412%24fs%242016||index=1||Class=RelativeDateItem]/editor/item[name=valueField||title=valueField||value=22%24fs%2412%24fs%242016||index=0||Class=ComboBoxItem]/pickList/body/row[valueField=%24today||0]/col[fieldName=valueField||0]]]></target>
	<value><![CDATA[]]></value>
</selenese>
<selenese>
	<command>click</command>
	<target><![CDATA[scLocator=//Portlet[ID="datastaging_eodmarg_tab_2"]/item[0][Class="ListGrid"]/filterEditor/editRowForm/item[name=dt_calc||title=Calc.%20date||value=[object Object]||index=0||Class=MiniDateRangeItem]/rangeDialog/rangeForm/item[name=dt_calc||title=dt_calc||value=[object Object]||index=0||Class=DateRangeItem]/dateRangeForm/item[name=toField||title=To||value=22%24fs%2412%24fs%242016||index=1||Class=RelativeDateItem]/editor/item[name=valueField||title=valueField||value=22%24fs%2412%24fs%242016||index=0||Class=ComboBoxItem]/pickList/body/row[valueField=%24today||0]/col[fieldName=valueField||0]]]></target>
	<value><![CDATA[]]></value>
</selenese>
<selenese>
	<command>waitForElementClickable</command>
	<target><![CDATA[scLocator=//Portlet[ID="datastaging_eodmarg_tab_2"]/item[0][Class="ListGrid"]/filterEditor/editRowForm/item[name=dt_calc||title=Calc.%20date||value=[object Object]||index=0||Class=MiniDateRangeItem]/rangeDialog/okButton/]]></target>
	<value><![CDATA[]]></value>
</selenese>
<selenese>
	<command>click</command>
	<target><![CDATA[scLocator=//Portlet[ID="datastaging_eodmarg_tab_2"]/item[0][Class="ListGrid"]/filterEditor/editRowForm/item[name=dt_calc||title=Calc.%20date||value=[object Object]||index=0||Class=MiniDateRangeItem]/rangeDialog/okButton/]]></target>
	<value><![CDATA[]]></value>
</selenese>
<selenese>
	<command>waitForElementClickable</command>
	<target><![CDATA[scLocator=//Portlet[ID="datastaging_eodmarg_tab_2"]/item[0][Class="ListGrid"]/headerMenuButton/icon]]></target>
	<value><![CDATA[]]></value>
</selenese>
<selenese>
	<command>click</command>
	<target><![CDATA[scLocator=//Portlet[ID="datastaging_eodmarg_tab_2"]/item[0][Class="ListGrid"]/headerMenuButton/icon]]></target>
	<value><![CDATA[]]></value>
</selenese>
<selenese>
	<command>waitForElementClickable</command>
	<target><![CDATA[scLocator=//Portlet[ID="datastaging_eodmarg_tab_2"]/item[0][Class="ListGrid"]/sorter/]]></target>
	<value><![CDATA[]]></value>
</selenese>
<selenese>
	<command>click</command>
	<target><![CDATA[scLocator=//Portlet[ID="datastaging_eodmarg_tab_2"]/item[0][Class="ListGrid"]/sorter/]]></target>
	<value><![CDATA[]]></value>
</selenese>
<selenese>
	<command>waitForElementClickable</command>
	<target><![CDATA[scLocator=//Portlet[ID="datastaging_eodmarg_tab_2"]/item[0][Class="ListGrid"]/sorter/]]></target>
	<value><![CDATA[]]></value>
</selenese>
<selenese>
	<command>click</command>
	<target><![CDATA[scLocator=//Portlet[ID="datastaging_eodmarg_tab_2"]/item[0][Class="ListGrid"]/sorter/]]></target>
	<value><![CDATA[]]></value>
</selenese>
<selenese>
	<command>waitForElementClickable</command>
	<target><![CDATA[scLocator=//Portlet[ID="datastaging_eodmarg_tab_2"]/item[0][Class="ListGrid"]/sorter/]]></target>
	<value><![CDATA[]]></value>
</selenese>
<selenese>
	<command>click</command>
	<target><![CDATA[scLocator=//Portlet[ID="datastaging_eodmarg_tab_2"]/item[0][Class="ListGrid"]/sorter/]]></target>
	<value><![CDATA[]]></value>
</selenese>
<selenese>
	<command>waitForElementClickable</command>
	<target><![CDATA[scLocator=//Portlet[ID="datastaging_eodmarg_tab_2"]/item[0][Class="ListGrid"]/headerMenuButton/]]></target>
	<value><![CDATA[]]></value>
</selenese>
<selenese>
	<command>click</command>
	<target><![CDATA[scLocator=//Portlet[ID="datastaging_eodmarg_tab_2"]/item[0][Class="ListGrid"]/headerMenuButton/]]></target>
	<value><![CDATA[]]></value>
</selenese>
<selenese>
	<command>waitForElementClickable</command>
	<target><![CDATA[scLocator=//Portlet[ID="datastaging_eodmarg_tab_2"]/item[0][Class="ListGrid"]/filterEditor/editRowForm/item[name=legal_name||title=Legal%20name||index=1||Class=TextItem]/element]]></target>
	<value><![CDATA[]]></value>
</selenese>
<selenese>
	<command>click</command>
	<target><![CDATA[scLocator=//Portlet[ID="datastaging_eodmarg_tab_2"]/item[0][Class="ListGrid"]/filterEditor/editRowForm/item[name=legal_name||title=Legal%20name||index=1||Class=TextItem]/element]]></target>
	<value><![CDATA[]]></value>
</selenese>
<selenese>
	<command>waitForElementReadyForKeyPresses</command>
	<target><![CDATA[scLocator=//Portlet[ID="datastaging_eodmarg_tab_2"]/item[0][Class="ListGrid"]/filterEditor/editRowForm/item[name=legal_name||title=Legal%20name||value=intesa||index=1||Class=TextItem]/element]]></target>
	<value><![CDATA[]]></value>
</selenese>
<selenese>
	<command>sendKeys</command>
	<target><![CDATA[scLocator=//Portlet[ID="datastaging_eodmarg_tab_2"]/item[0][Class="ListGrid"]/filterEditor/editRowForm/item[name=legal_name||title=Legal%20name||value=intesa||index=1||Class=TextItem]/element]]></target>
	<value><![CDATA[${KEY_ENTER}]]></value>
</selenese>
<selenese>
	<command>waitForElementClickable</command>
	<target><![CDATA[scLocator=//Portlet[ID="datastaging_eodmarg_tab_2"]/item[0][Class="ListGrid"]/filterEditor/editRowForm/item[name=legal_name||title=Legal%20name||value=intesa||index=1||Class=TextItem]/element]]></target>
	<value><![CDATA[]]></value>
</selenese>
<selenese>
	<command>type</command>
	<target><![CDATA[scLocator=//Portlet[ID="datastaging_eodmarg_tab_2"]/item[0][Class="ListGrid"]/filterEditor/editRowForm/item[name=legal_name||title=Legal%20name||value=intesa||index=1||Class=TextItem]/element]]></target>
	<value><![CDATA[intesa]]></value>
</selenese>
<selenese>
	<command>waitForElementClickable</command>
	<target><![CDATA[scLocator=//Portlet[ID="datastaging_eodmarg_tab_2"]/item[0][Class="ListGrid"]/filterEditor/editRowForm/item[name=legal_name||title=Legal%20name||value=intesa||index=1||Class=TextItem]/element]]></target>
	<value><![CDATA[]]></value>
</selenese>
<selenese>
	<command>click</command>
	<target><![CDATA[scLocator=//Portlet[ID="datastaging_eodmarg_tab_2"]/item[0][Class="ListGrid"]/filterEditor/editRowForm/item[name=legal_name||title=Legal%20name||value=intesa||index=1||Class=TextItem]/element]]></target>
	<value><![CDATA[]]></value>
</selenese>
<selenese>
	<command>waitForElementReadyForKeyPresses</command>
	<target><![CDATA[scLocator=//Portlet[ID="datastaging_eodmarg_tab_2"]/item[0][Class="ListGrid"]/filterEditor/editRowForm/item[name=legal_name||title=Legal%20name||value=unicredit||index=1||Class=TextItem]/element]]></target>
	<value><![CDATA[]]></value>
</selenese>
<selenese>
	<command>sendKeys</command>
	<target><![CDATA[scLocator=//Portlet[ID="datastaging_eodmarg_tab_2"]/item[0][Class="ListGrid"]/filterEditor/editRowForm/item[name=legal_name||title=Legal%20name||value=unicredit||index=1||Class=TextItem]/element]]></target>
	<value><![CDATA[${KEY_ENTER}]]></value>
</selenese>
<selenese>
	<command>waitForElementClickable</command>
	<target><![CDATA[scLocator=//Portlet[ID="datastaging_eodmarg_tab_2"]/item[0][Class="ListGrid"]/filterEditor/editRowForm/item[name=legal_name||title=Legal%20name||value=unicredit||index=1||Class=TextItem]/element]]></target>
	<value><![CDATA[]]></value>
</selenese>
<selenese>
	<command>type</command>
	<target><![CDATA[scLocator=//Portlet[ID="datastaging_eodmarg_tab_2"]/item[0][Class="ListGrid"]/filterEditor/editRowForm/item[name=legal_name||title=Legal%20name||value=unicredit||index=1||Class=TextItem]/element]]></target>
	<value><![CDATA[unicredit]]></value>
</selenese>
<selenese>
	<command>waitForElementClickable</command>
	<target><![CDATA[scLocator=//Portlet[ID="datastaging_eodmarg_tab_2"]/item[0][Class="ListGrid"]/sorter/]]></target>
	<value><![CDATA[]]></value>
</selenese>
<selenese>
	<command>click</command>
	<target><![CDATA[scLocator=//Portlet[ID="datastaging_eodmarg_tab_2"]/item[0][Class="ListGrid"]/sorter/]]></target>
	<value><![CDATA[]]></value>
</selenese>
<selenese>
	<command>waitForElementClickable</command>
	<target><![CDATA[scLocator=//Portlet[ID="datastaging_eodmarg_tab_2"]/item[0][Class="ListGrid"]/sorter/]]></target>
	<value><![CDATA[]]></value>
</selenese>
<selenese>
	<command>click</command>
	<target><![CDATA[scLocator=//Portlet[ID="datastaging_eodmarg_tab_2"]/item[0][Class="ListGrid"]/sorter/]]></target>
	<value><![CDATA[]]></value>
</selenese>
<selenese>
	<command>waitForElementClickable</command>
	<target><![CDATA[scLocator=//Portlet[ID="datastaging_eodmarg_tab_2"]/item[0][Class="ListGrid"]/headerMenuButton/]]></target>
	<value><![CDATA[]]></value>
</selenese>
<selenese>
	<command>click</command>
	<target><![CDATA[scLocator=//Portlet[ID="datastaging_eodmarg_tab_2"]/item[0][Class="ListGrid"]/headerMenuButton/]]></target>
	<value><![CDATA[]]></value>
</selenese>
</TestCase>