<?xml version="1.0" encoding="UTF-8"?>
<TestCase seleniumIDEVersion="2.9.1" baseURL="http://10.0.10.173:9081/CCAM/">
<selenese>
	<command>echo</command>
	<target><![CDATA[]]></target>
	<value><![CDATA[RU11-NUC01-T01.rctest]]></value>
</selenese>
<selenese>
	<command>open</command>
	<target><![CDATA[/CCAM/]]></target>
	<value><![CDATA[Liquidity Params - CCAM - View]]></value>
</selenese>
<selenese>
	<command>waitForElementClickable</command>
	<target><![CDATA[scLocator=//Menu[level=1]/body/row[8]/col[fieldName=title||0]]]></target>
	<value><![CDATA[]]></value>
</selenese>
<selenese>
	<command>click</command>
	<target><![CDATA[scLocator=//Menu[level=1]/body/row[8]/col[fieldName=title||0]]]></target>
	<value><![CDATA[]]></value>
</selenese>
<selenese>
	<command>waitForElementClickable</command>
	<target><![CDATA[scLocator=//Portlet[ID="refdata_liqparam_tab_2"]/item[0][Class="VLayout"]/member[Class=DynamicForm||index=0||length=3||classIndex=0||classLength=1]/item[name=%3Cnobr%3ECredit%20lines%3C%24fs%24nobr%3E||title=%3Cnobr%3ECredit%20lines%3C%24fs%24nobr%3E||value=22||index=0||Class=TextItem]/element]]></target>
	<value><![CDATA[]]></value>
</selenese>
<selenese>
	<command>click</command>
	<target><![CDATA[scLocator=//Portlet[ID="refdata_liqparam_tab_2"]/item[0][Class="VLayout"]/member[Class=DynamicForm||index=0||length=3||classIndex=0||classLength=1]/item[name=%3Cnobr%3ECredit%20lines%3C%24fs%24nobr%3E||title=%3Cnobr%3ECredit%20lines%3C%24fs%24nobr%3E||value=22||index=0||Class=TextItem]/element]]></target>
	<value><![CDATA[]]></value>
</selenese>
</TestCase>