<DataSource ID="BlurbItem"	inheritsFrom="FormItem" Constructor="BlurbItem">
    <fields>
		<field name="required"      type="boolean" title="Required" inapplicable="true"/>
   		<field name="disabled" 			type="boolean" title="Disable" inapplicable="true"/>
		<field name="redrawOnChange" 	type="boolean" title="Redraw On Change" inapplicable="true"/>
		<field name="validators"		type="Validator"	multiple="true"	title="Validators" inapplicable="true"/>
		<field name="validateOnChange" 	type="boolean" title="Validate On Change" inapplicable="true"/>
        <field name="wrap"  type="boolean"/>
        <field name="clipValue" type="boolean"/>
    </fields>
	
    <substituteClasses>TextItem, TextAreaItem, StaticTextItem</substituteClasses>
	
</DataSource>
