<?xml version="1.0" encoding="UTF-8"?>
<TestCase seleniumIDEVersion="2.9.1" baseURL="https://10.0.10.230:10044/LiqPortalWEB/index.html">
<selenese>
	<command>echo</command>
	<target><![CDATA[]]></target>
	<value><![CDATA[RU05-NUC01-T02.rctest]]></value>
</selenese>
<selenese>
	<command>open</command>
	<target><![CDATA[/LiqPortalWEB/]]></target>
	<value><![CDATA[Liquidity Portal - Data Stage - Cash restit stg. - Filters]]></value>
</selenese>
<selenese>
	<command>type</command>
	<target><![CDATA[id=Username]]></target>
	<value><![CDATA[mpetracc]]></value>
</selenese>
<selenese>
	<command>type</command>
	<target><![CDATA[id=Password]]></target>
	<value><![CDATA[.mpetrac04]]></value>
</selenese>
<selenese>
	<command>clickAndWait</command>
	<target><![CDATA[id=submitLabel]]></target>
	<value><![CDATA[]]></value>
</selenese>
<selenese>
	<command>waitForElementClickable</command>
	<target><![CDATA[scLocator=//Menu[level=1]/body/row[3]/col[fieldName=title||0]]]></target>
	<value><![CDATA[]]></value>
</selenese>
<selenese>
	<command>click</command>
	<target><![CDATA[scLocator=//Menu[level=1]/body/row[3]/col[fieldName=title||0]]]></target>
	<value><![CDATA[]]></value>
</selenese>
<selenese>
	<command>waitForElementClickable</command>
	<target><![CDATA[scLocator=//Portlet[ID="datastaging_restitutions_tab_0"]/item[0][Class="ListGrid"]/filterEditor/editRowForm/item[title=Calc.%20date||index=0||Class=MiniDateRangeItem]/[icon="showDateRange"]]]></target>
	<value><![CDATA[]]></value>
</selenese>
<selenese>
	<command>click</command>
	<target><![CDATA[scLocator=//Portlet[ID="datastaging_restitutions_tab_0"]/item[0][Class="ListGrid"]/filterEditor/editRowForm/item[title=Calc.%20date||index=0||Class=MiniDateRangeItem]/[icon="showDateRange"]]]></target>
	<value><![CDATA[]]></value>
</selenese>
<selenese>
	<command>waitForElementClickable</command>
	<target><![CDATA[scLocator=//Portlet[ID="datastaging_restitutions_tab_0"]/item[0][Class="ListGrid"]/filterEditor/editRowForm/item[title=Calc.%20date||index=0||Class=MiniDateRangeItem]/rangeDialog/rangeForm/item[name=CALC_DT||title=CALC_DT||index=0||Class=DateRangeItem]/dateRangeForm/item[name=fromField||title=From||index=0||Class=RelativeDateItem]/editor/item[name=valueField||title=valueField||index=0||Class=ComboBoxItem]/[icon="picker"]]]></target>
	<value><![CDATA[]]></value>
</selenese>
<selenese>
	<command>click</command>
	<target><![CDATA[scLocator=//Portlet[ID="datastaging_restitutions_tab_0"]/item[0][Class="ListGrid"]/filterEditor/editRowForm/item[title=Calc.%20date||index=0||Class=MiniDateRangeItem]/rangeDialog/rangeForm/item[name=CALC_DT||title=CALC_DT||index=0||Class=DateRangeItem]/dateRangeForm/item[name=fromField||title=From||index=0||Class=RelativeDateItem]/editor/item[name=valueField||title=valueField||index=0||Class=ComboBoxItem]/[icon="picker"]]]></target>
	<value><![CDATA[]]></value>
</selenese>
<selenese>
	<command>waitForElementClickable</command>
	<target><![CDATA[scLocator=//Portlet[ID="datastaging_restitutions_tab_0"]/item[0][Class="ListGrid"]/filterEditor/editRowForm/item[title=Calc.%20date||index=0||Class=MiniDateRangeItem]/rangeDialog/rangeForm/item[name=CALC_DT||title=CALC_DT||index=0||Class=DateRangeItem]/dateRangeForm/item[name=fromField||title=From||index=0||Class=RelativeDateItem]/editor/item[name=valueField||title=valueField||index=0||Class=ComboBoxItem]/pickList/body/row[valueField=%24yesterday||1]/col[fieldName=valueField||0]]]></target>
	<value><![CDATA[]]></value>
</selenese>
<selenese>
	<command>click</command>
	<target><![CDATA[scLocator=//Portlet[ID="datastaging_restitutions_tab_0"]/item[0][Class="ListGrid"]/filterEditor/editRowForm/item[title=Calc.%20date||index=0||Class=MiniDateRangeItem]/rangeDialog/rangeForm/item[name=CALC_DT||title=CALC_DT||index=0||Class=DateRangeItem]/dateRangeForm/item[name=fromField||title=From||index=0||Class=RelativeDateItem]/editor/item[name=valueField||title=valueField||index=0||Class=ComboBoxItem]/pickList/body/row[valueField=%24yesterday||1]/col[fieldName=valueField||0]]]></target>
	<value><![CDATA[]]></value>
</selenese>
<selenese>
	<command>waitForElementClickable</command>
	<target><![CDATA[scLocator=//Portlet[ID="datastaging_restitutions_tab_0"]/item[0][Class="ListGrid"]/filterEditor/editRowForm/item[title=Calc.%20date||value=[object Object]||index=0||Class=MiniDateRangeItem]/rangeDialog/rangeForm/item[name=CALC_DT||title=CALC_DT||value=[object Object]||index=0||Class=DateRangeItem]/dateRangeForm/item[name=toField||title=To||index=1||Class=RelativeDateItem]/editor/item[name=valueField||title=valueField||index=0||Class=ComboBoxItem]/[icon="picker"]]]></target>
	<value><![CDATA[]]></value>
</selenese>
<selenese>
	<command>click</command>
	<target><![CDATA[scLocator=//Portlet[ID="datastaging_restitutions_tab_0"]/item[0][Class="ListGrid"]/filterEditor/editRowForm/item[title=Calc.%20date||value=[object Object]||index=0||Class=MiniDateRangeItem]/rangeDialog/rangeForm/item[name=CALC_DT||title=CALC_DT||value=[object Object]||index=0||Class=DateRangeItem]/dateRangeForm/item[name=toField||title=To||index=1||Class=RelativeDateItem]/editor/item[name=valueField||title=valueField||index=0||Class=ComboBoxItem]/[icon="picker"]]]></target>
	<value><![CDATA[]]></value>
</selenese>
<selenese>
	<command>waitForElementClickable</command>
	<target><![CDATA[scLocator=//Portlet[ID="datastaging_restitutions_tab_0"]/item[0][Class="ListGrid"]/filterEditor/editRowForm/item[title=Calc.%20date||value=[object Object]||index=0||Class=MiniDateRangeItem]/rangeDialog/rangeForm/item[name=CALC_DT||title=CALC_DT||value=[object Object]||index=0||Class=DateRangeItem]/dateRangeForm/item[name=toField||title=To||index=1||Class=RelativeDateItem]/editor/item[name=valueField||title=valueField||index=0||Class=ComboBoxItem]/pickList/body/row[valueField=%24today||0]/col[fieldName=valueField||0]]]></target>
	<value><![CDATA[]]></value>
</selenese>
<selenese>
	<command>click</command>
	<target><![CDATA[scLocator=//Portlet[ID="datastaging_restitutions_tab_0"]/item[0][Class="ListGrid"]/filterEditor/editRowForm/item[title=Calc.%20date||value=[object Object]||index=0||Class=MiniDateRangeItem]/rangeDialog/rangeForm/item[name=CALC_DT||title=CALC_DT||value=[object Object]||index=0||Class=DateRangeItem]/dateRangeForm/item[name=toField||title=To||index=1||Class=RelativeDateItem]/editor/item[name=valueField||title=valueField||index=0||Class=ComboBoxItem]/pickList/body/row[valueField=%24today||0]/col[fieldName=valueField||0]]]></target>
	<value><![CDATA[]]></value>
</selenese>
<selenese>
	<command>waitForElementClickable</command>
	<target><![CDATA[scLocator=//Portlet[ID="datastaging_restitutions_tab_0"]/item[0][Class="ListGrid"]/filterEditor/editRowForm/item[title=Calc.%20date||value=[object Object]||index=0||Class=MiniDateRangeItem]/rangeDialog/okButton/]]></target>
	<value><![CDATA[]]></value>
</selenese>
<selenese>
	<command>click</command>
	<target><![CDATA[scLocator=//Portlet[ID="datastaging_restitutions_tab_0"]/item[0][Class="ListGrid"]/filterEditor/editRowForm/item[title=Calc.%20date||value=[object Object]||index=0||Class=MiniDateRangeItem]/rangeDialog/okButton/]]></target>
	<value><![CDATA[]]></value>
</selenese>
<selenese>
	<command>waitForElementClickable</command>
	<target><![CDATA[scLocator=//Portlet[ID="datastaging_restitutions_tab_0"]/item[0][Class="ListGrid"]/filterEditor/editRowForm/item[title=Calc.%20date||value=[object Object]||index=0||Class=MiniDateRangeItem]/[icon="showDateRange"]]]></target>
	<value><![CDATA[]]></value>
</selenese>
<selenese>
	<command>sendKeys</command>
	<target><![CDATA[scLocator=//Portlet[ID="datastaging_restitutions_tab_0"]/item[0][Class="ListGrid"]/filterEditor/editRowForm/item[title=Calc.%20date||value=[object Object]||index=0||Class=MiniDateRangeItem]/[icon="showDateRange"]]]></target>
	<value><![CDATA[${KEY_ENTER}]]></value>
</selenese>
<selenese>
	<command>waitForElementClickable</command>
	<target><![CDATA[scLocator=//Portlet[ID="datastaging_restitutions_tab_0"]/item[0][Class="ListGrid"]/filterEditor/editRowForm/item[title=Calc.%20date||value=[object Object]||index=0||Class=MiniDateRangeItem]/rangeDialog/closeButton/]]></target>
	<value><![CDATA[]]></value>
</selenese>
<selenese>
	<command>click</command>
	<target><![CDATA[scLocator=//Portlet[ID="datastaging_restitutions_tab_0"]/item[0][Class="ListGrid"]/filterEditor/editRowForm/item[title=Calc.%20date||value=[object Object]||index=0||Class=MiniDateRangeItem]/rangeDialog/closeButton/]]></target>
	<value><![CDATA[]]></value>
</selenese>
<selenese>
	<command>waitForElementClickable</command>
	<target><![CDATA[scLocator=//Portlet[ID="datastaging_restitutions_tab_0"]/item[0][Class="ListGrid"]/filterEditor/editRowForm/item[name=ACC_TYPE||title=Firm%20client||index=3||Class=SelectItem]/[icon="picker"]]]></target>
	<value><![CDATA[]]></value>
</selenese>
<selenese>
	<command>click</command>
	<target><![CDATA[scLocator=//Portlet[ID="datastaging_restitutions_tab_0"]/item[0][Class="ListGrid"]/filterEditor/editRowForm/item[name=ACC_TYPE||title=Firm%20client||index=3||Class=SelectItem]/[icon="picker"]]]></target>
	<value><![CDATA[]]></value>
</selenese>
<selenese>
	<command>waitForElementClickable</command>
	<target><![CDATA[scLocator=//Portlet[ID="datastaging_restitutions_tab_0"]/item[0][Class="ListGrid"]/filterEditor/editRowForm/item[name=ACC_TYPE||title=Firm%20client||index=3||Class=SelectItem]/pickList/body/row[ACC_TYPE=F||1]/col[fieldName=ACC_TYPE||0]]]></target>
	<value><![CDATA[]]></value>
</selenese>
<selenese>
	<command>click</command>
	<target><![CDATA[scLocator=//Portlet[ID="datastaging_restitutions_tab_0"]/item[0][Class="ListGrid"]/filterEditor/editRowForm/item[name=ACC_TYPE||title=Firm%20client||index=3||Class=SelectItem]/pickList/body/row[ACC_TYPE=F||1]/col[fieldName=ACC_TYPE||0]]]></target>
	<value><![CDATA[]]></value>
</selenese>
<selenese>
	<command>waitForElementClickable</command>
	<target><![CDATA[scLocator=//Portlet[ID="datastaging_restitutions_tab_0"]/item[0][Class="ListGrid"]/filterEditor/editRowForm/item[name=REST_TYPE||title=Restitution%20type||index=4||Class=SelectItem]/[icon="picker"]]]></target>
	<value><![CDATA[]]></value>
</selenese>
<selenese>
	<command>click</command>
	<target><![CDATA[scLocator=//Portlet[ID="datastaging_restitutions_tab_0"]/item[0][Class="ListGrid"]/filterEditor/editRowForm/item[name=REST_TYPE||title=Restitution%20type||index=4||Class=SelectItem]/[icon="picker"]]]></target>
	<value><![CDATA[]]></value>
</selenese>
<selenese>
	<command>waitForElementClickable</command>
	<target><![CDATA[scLocator=//Portlet[ID="datastaging_restitutions_tab_0"]/item[0][Class="ListGrid"]/filterEditor/editRowForm/item[name=REST_TYPE||title=Restitution%20type||index=4||Class=SelectItem]/pickList/body/row[REST_TYPE=R||3]/col[fieldName=REST_TYPE||0]]]></target>
	<value><![CDATA[]]></value>
</selenese>
<selenese>
	<command>click</command>
	<target><![CDATA[scLocator=//Portlet[ID="datastaging_restitutions_tab_0"]/item[0][Class="ListGrid"]/filterEditor/editRowForm/item[name=REST_TYPE||title=Restitution%20type||index=4||Class=SelectItem]/pickList/body/row[REST_TYPE=R||3]/col[fieldName=REST_TYPE||0]]]></target>
	<value><![CDATA[]]></value>
</selenese>
<selenese>
	<command>waitForElementClickable</command>
	<target><![CDATA[scLocator=//Portlet[ID="datastaging_restitutions_tab_0"]/item[0][Class="ListGrid"]/filterEditor/actionButton/icon]]></target>
	<value><![CDATA[]]></value>
</selenese>
<selenese>
	<command>click</command>
	<target><![CDATA[scLocator=//Portlet[ID="datastaging_restitutions_tab_0"]/item[0][Class="ListGrid"]/filterEditor/actionButton/icon]]></target>
	<value><![CDATA[]]></value>
</selenese>
<selenese>
	<command>waitForElementClickable</command>
	<target><![CDATA[scLocator=//Portlet[ID="datastaging_restitutions_tab_0"]/item[0][Class="ListGrid"]/body/row[CALC_DT=Thu Jul 06 2017 12:00:00 GMT+0200 (W. Europe Standard Time)||CM_CS_ID=1015||ACC_TYPE=F||0]/col[fieldName=CALC_DT||0]]]></target>
	<value><![CDATA[]]></value>
</selenese>
<selenese>
	<command>click</command>
	<target><![CDATA[scLocator=//Portlet[ID="datastaging_restitutions_tab_0"]/item[0][Class="ListGrid"]/body/row[CALC_DT=Thu Jul 06 2017 12:00:00 GMT+0200 (W. Europe Standard Time)||CM_CS_ID=1015||ACC_TYPE=F||0]/col[fieldName=CALC_DT||0]]]></target>
	<value><![CDATA[]]></value>
</selenese>
<selenese>
	<command>waitForElementClickable</command>
	<target><![CDATA[scLocator=//Portlet[ID="datastaging_restitutions_tab_0"]/item[0][Class="ListGrid"]/body/row[CALC_DT=Wed Jul 05 2017 12:00:00 GMT+0200 (W. Europe Standard Time)||CM_CS_ID=5424||ACC_TYPE=F||AUT_REST=1581208||18]/col[fieldName=AUT_REST||7]]]></target>
	<value><![CDATA[]]></value>
</selenese>
<selenese>
	<command>shiftKeyDown</command>
	<target><![CDATA[]]></target>
	<value><![CDATA[]]></value>
</selenese>
<selenese>
	<command>keyDown</command>
	<target><![CDATA[scLocator=//Portlet[ID="datastaging_restitutions_tab_0"]/item[0][Class="ListGrid"]/body/row[CALC_DT=Wed Jul 05 2017 12:00:00 GMT+0200 (W. Europe Standard Time)||CM_CS_ID=5424||ACC_TYPE=F||AUT_REST=1581208||18]/col[fieldName=AUT_REST||7]]]></target>
	<value><![CDATA[16]]></value>
</selenese>
<selenese>
	<command>keyPress</command>
	<target><![CDATA[scLocator=//Portlet[ID="datastaging_restitutions_tab_0"]/item[0][Class="ListGrid"]/body/row[CALC_DT=Wed Jul 05 2017 12:00:00 GMT+0200 (W. Europe Standard Time)||CM_CS_ID=5424||ACC_TYPE=F||AUT_REST=1581208||18]/col[fieldName=AUT_REST||7]]]></target>
	<value><![CDATA[16]]></value>
</selenese>
<selenese>
	<command>click</command>
	<target><![CDATA[scLocator=//Portlet[ID="datastaging_restitutions_tab_0"]/item[0][Class="ListGrid"]/body/row[CALC_DT=Wed Jul 05 2017 12:00:00 GMT+0200 (W. Europe Standard Time)||CM_CS_ID=5424||ACC_TYPE=F||AUT_REST=1581208||18]/col[fieldName=AUT_REST||7]]]></target>
	<value><![CDATA[]]></value>
</selenese>
<selenese>
	<command>shiftKeyUp</command>
	<target><![CDATA[]]></target>
	<value><![CDATA[]]></value>
</selenese>
<selenese>
	<command>keyUp</command>
	<target><![CDATA[scLocator=//Portlet[ID="datastaging_restitutions_tab_0"]/item[0][Class="ListGrid"]/body/row[CALC_DT=Wed Jul 05 2017 12:00:00 GMT+0200 (W. Europe Standard Time)||CM_CS_ID=5424||ACC_TYPE=F||AUT_REST=1581208||18]/col[fieldName=AUT_REST||7]]]></target>
	<value><![CDATA[16]]></value>
</selenese>
<selenese>
	<command>waitForElementClickable</command>
	<target><![CDATA[scLocator=//Portlet[ID="datastaging_restitutions_tab_0"]/item[0][Class="ListGrid"]/filterEditor/editRowForm/item[name=REST_TYPE||title=Restitution%20type||value=R||index=4||Class=SelectItem]/[icon="picker"]]]></target>
	<value><![CDATA[]]></value>
</selenese>
<selenese>
	<command>click</command>
	<target><![CDATA[scLocator=//Portlet[ID="datastaging_restitutions_tab_0"]/item[0][Class="ListGrid"]/filterEditor/editRowForm/item[name=REST_TYPE||title=Restitution%20type||value=R||index=4||Class=SelectItem]/[icon="picker"]]]></target>
	<value><![CDATA[]]></value>
</selenese>
<selenese>
	<command>waitForElementClickable</command>
	<target><![CDATA[scLocator=//Portlet[ID="datastaging_restitutions_tab_0"]/item[0][Class="ListGrid"]/filterEditor/editRowForm/item[name=REST_TYPE||title=Restitution%20type||value=R||index=4||Class=SelectItem]/pickList/body/row[0]/col[fieldName=REST_TYPE||0]]]></target>
	<value><![CDATA[]]></value>
</selenese>
<selenese>
	<command>click</command>
	<target><![CDATA[scLocator=//Portlet[ID="datastaging_restitutions_tab_0"]/item[0][Class="ListGrid"]/filterEditor/editRowForm/item[name=REST_TYPE||title=Restitution%20type||value=R||index=4||Class=SelectItem]/pickList/body/row[0]/col[fieldName=REST_TYPE||0]]]></target>
	<value><![CDATA[]]></value>
</selenese>
<selenese>
	<command>waitForElementClickable</command>
	<target><![CDATA[scLocator=//Portlet[ID="datastaging_restitutions_tab_0"]/item[0][Class="ListGrid"]/filterEditor/actionButton/icon]]></target>
	<value><![CDATA[]]></value>
</selenese>
<selenese>
	<command>click</command>
	<target><![CDATA[scLocator=//Portlet[ID="datastaging_restitutions_tab_0"]/item[0][Class="ListGrid"]/filterEditor/actionButton/icon]]></target>
	<value><![CDATA[]]></value>
</selenese>
<selenese>
	<command>waitForElementClickable</command>
	<target><![CDATA[scLocator=//Portlet[ID="datastaging_restitutions_tab_0"]/item[0][Class="ListGrid"]/filterEditor/editRowForm/item[name=REST_TYPE||title=Restitution%20type||index=4||Class=SelectItem]/[icon="picker"]]]></target>
	<value><![CDATA[]]></value>
</selenese>
<selenese>
	<command>click</command>
	<target><![CDATA[scLocator=//Portlet[ID="datastaging_restitutions_tab_0"]/item[0][Class="ListGrid"]/filterEditor/editRowForm/item[name=REST_TYPE||title=Restitution%20type||index=4||Class=SelectItem]/[icon="picker"]]]></target>
	<value><![CDATA[]]></value>
</selenese>
<selenese>
	<command>waitForElementClickable</command>
	<target><![CDATA[scLocator=//Portlet[ID="datastaging_restitutions_tab_0"]/item[0][Class="ListGrid"]/filterEditor/editRowForm/item[name=REST_TYPE||title=Restitution%20type||index=4||Class=SelectItem]/pickList/body/row[REST_TYPE=A||1]/col[fieldName=REST_TYPE||0]]]></target>
	<value><![CDATA[]]></value>
</selenese>
<selenese>
	<command>click</command>
	<target><![CDATA[scLocator=//Portlet[ID="datastaging_restitutions_tab_0"]/item[0][Class="ListGrid"]/filterEditor/editRowForm/item[name=REST_TYPE||title=Restitution%20type||index=4||Class=SelectItem]/pickList/body/row[REST_TYPE=A||1]/col[fieldName=REST_TYPE||0]]]></target>
	<value><![CDATA[]]></value>
</selenese>
<selenese>
	<command>waitForElementClickable</command>
	<target><![CDATA[scLocator=//Portlet[ID="datastaging_restitutions_tab_0"]/item[0][Class="ListGrid"]/filterEditor/actionButton/icon]]></target>
	<value><![CDATA[]]></value>
</selenese>
<selenese>
	<command>click</command>
	<target><![CDATA[scLocator=//Portlet[ID="datastaging_restitutions_tab_0"]/item[0][Class="ListGrid"]/filterEditor/actionButton/icon]]></target>
	<value><![CDATA[]]></value>
</selenese>
<selenese>
	<command>waitForElementClickable</command>
	<target><![CDATA[scLocator=//Portlet[ID="datastaging_restitutions_tab_0"]/item[0][Class="ListGrid"]/filterEditor/editRowForm/item[name=EXCESS_COLL||title=Excess%20coll.||index=5||Class=FloatItem]/element]]></target>
	<value><![CDATA[]]></value>
</selenese>
<selenese>
	<command>click</command>
	<target><![CDATA[scLocator=//Portlet[ID="datastaging_restitutions_tab_0"]/item[0][Class="ListGrid"]/filterEditor/editRowForm/item[name=EXCESS_COLL||title=Excess%20coll.||index=5||Class=FloatItem]/element]]></target>
	<value><![CDATA[]]></value>
</selenese>
<selenese>
	<command>waitForElementReadyForKeyPresses</command>
	<target><![CDATA[scLocator=//Portlet[ID="datastaging_restitutions_tab_0"]/item[0][Class="ListGrid"]/filterEditor/editRowForm/item[name=EXCESS_COLL||title=Excess%20coll.||value=%3C0||index=5||Class=FloatItem]/element]]></target>
	<value><![CDATA[]]></value>
</selenese>
<selenese>
	<command>sendKeys</command>
	<target><![CDATA[scLocator=//Portlet[ID="datastaging_restitutions_tab_0"]/item[0][Class="ListGrid"]/filterEditor/editRowForm/item[name=EXCESS_COLL||title=Excess%20coll.||value=%3C0||index=5||Class=FloatItem]/element]]></target>
	<value><![CDATA[${KEY_ENTER}]]></value>
</selenese>
<selenese>
	<command>waitForElementClickable</command>
	<target><![CDATA[scLocator=//Portlet[ID="datastaging_restitutions_tab_0"]/item[0][Class="ListGrid"]/filterEditor/editRowForm/item[name=EXCESS_COLL||title=Excess%20coll.||value=%3C0||index=5||Class=FloatItem]/element]]></target>
	<value><![CDATA[]]></value>
</selenese>
<selenese>
	<command>type</command>
	<target><![CDATA[scLocator=//Portlet[ID="datastaging_restitutions_tab_0"]/item[0][Class="ListGrid"]/filterEditor/editRowForm/item[name=EXCESS_COLL||title=Excess%20coll.||value=%3C0||index=5||Class=FloatItem]/element]]></target>
	<value><![CDATA[<0]]></value>
</selenese>
<selenese>
	<command>waitForElementClickable</command>
	<target><![CDATA[scLocator=//Portlet[ID="datastaging_restitutions_tab_0"]/item[0][Class="ListGrid"]/filterEditor/editRowForm/item[name=EXCESS_COLL||title=Excess%20coll.||value=%3C0||index=5||Class=FloatItem]/element]]></target>
	<value><![CDATA[]]></value>
</selenese>
<selenese>
	<command>click</command>
	<target><![CDATA[scLocator=//Portlet[ID="datastaging_restitutions_tab_0"]/item[0][Class="ListGrid"]/filterEditor/editRowForm/item[name=EXCESS_COLL||title=Excess%20coll.||value=%3C0||index=5||Class=FloatItem]/element]]></target>
	<value><![CDATA[]]></value>
</selenese>
<selenese>
	<command>waitForElementClickable</command>
	<target><![CDATA[scLocator=//Portlet[ID="datastaging_restitutions_tab_0"]/item[0][Class="ListGrid"]/filterEditor/editRowForm/item[name=MAN_REST||title=Man.%20restitution||index=6||Class=FloatItem]/element]]></target>
	<value><![CDATA[]]></value>
</selenese>
<selenese>
	<command>click</command>
	<target><![CDATA[scLocator=//Portlet[ID="datastaging_restitutions_tab_0"]/item[0][Class="ListGrid"]/filterEditor/editRowForm/item[name=MAN_REST||title=Man.%20restitution||index=6||Class=FloatItem]/element]]></target>
	<value><![CDATA[]]></value>
</selenese>
<selenese>
	<command>waitForElementClickable</command>
	<target><![CDATA[scLocator=//Portlet[ID="datastaging_restitutions_tab_0"]/item[0][Class="ListGrid"]/filterEditor/editRowForm/item[name=MAN_REST||title=Man.%20restitution||index=6||Class=FloatItem]/element]]></target>
	<value><![CDATA[]]></value>
</selenese>
<selenese>
	<command>click</command>
	<target><![CDATA[scLocator=//Portlet[ID="datastaging_restitutions_tab_0"]/item[0][Class="ListGrid"]/filterEditor/editRowForm/item[name=MAN_REST||title=Man.%20restitution||index=6||Class=FloatItem]/element]]></target>
	<value><![CDATA[]]></value>
</selenese>
<selenese>
	<command>waitForElementReadyForKeyPresses</command>
	<target><![CDATA[scLocator=//Portlet[ID="datastaging_restitutions_tab_0"]/item[0][Class="ListGrid"]/filterEditor/editRowForm/item[name=MAN_REST||title=Man.%20restitution||value=%3C0||index=6||Class=FloatItem]/element]]></target>
	<value><![CDATA[]]></value>
</selenese>
<selenese>
	<command>sendKeys</command>
	<target><![CDATA[scLocator=//Portlet[ID="datastaging_restitutions_tab_0"]/item[0][Class="ListGrid"]/filterEditor/editRowForm/item[name=MAN_REST||title=Man.%20restitution||value=%3C0||index=6||Class=FloatItem]/element]]></target>
	<value><![CDATA[${KEY_LEFT}]]></value>
</selenese>
<selenese>
	<command>waitForElementClickable</command>
	<target><![CDATA[scLocator=//Portlet[ID="datastaging_restitutions_tab_0"]/item[0][Class="ListGrid"]/filterEditor/editRowForm/item[name=MAN_REST||title=Man.%20restitution||value=%3C%3D0||index=6||Class=FloatItem]/element]]></target>
	<value><![CDATA[]]></value>
</selenese>
<selenese>
	<command>type</command>
	<target><![CDATA[scLocator=//Portlet[ID="datastaging_restitutions_tab_0"]/item[0][Class="ListGrid"]/filterEditor/editRowForm/item[name=MAN_REST||title=Man.%20restitution||value=%3C%3D0||index=6||Class=FloatItem]/element]]></target>
	<value><![CDATA[<=0]]></value>
</selenese>
<selenese>
	<command>waitForElementClickable</command>
	<target><![CDATA[scLocator=//Portlet[ID="datastaging_restitutions_tab_0"]/item[0][Class="ListGrid"]/filterEditor/editRowForm/item[name=EXCESS_COLL||title=Excess%20coll.||value=%3C0||index=5||Class=FloatItem]/element]]></target>
	<value><![CDATA[]]></value>
</selenese>
<selenese>
	<command>click</command>
	<target><![CDATA[scLocator=//Portlet[ID="datastaging_restitutions_tab_0"]/item[0][Class="ListGrid"]/filterEditor/editRowForm/item[name=EXCESS_COLL||title=Excess%20coll.||value=%3C0||index=5||Class=FloatItem]/element]]></target>
	<value><![CDATA[]]></value>
</selenese>
<selenese>
	<command>waitForElementClickable</command>
	<target><![CDATA[scLocator=//Portlet[ID="datastaging_restitutions_tab_0"]/item[0][Class="ListGrid"]/filterEditor/editRowForm/item[name=EXCESS_COLL||title=Excess%20coll.||value=%3C%3D0||index=5||Class=FloatItem]/element]]></target>
	<value><![CDATA[]]></value>
</selenese>
<selenese>
	<command>type</command>
	<target><![CDATA[scLocator=//Portlet[ID="datastaging_restitutions_tab_0"]/item[0][Class="ListGrid"]/filterEditor/editRowForm/item[name=EXCESS_COLL||title=Excess%20coll.||value=%3C%3D0||index=5||Class=FloatItem]/element]]></target>
	<value><![CDATA[<=0]]></value>
</selenese>
<selenese>
	<command>waitForElementClickable</command>
	<target><![CDATA[scLocator=//Portlet[ID="datastaging_restitutions_tab_0"]/item[0][Class="ListGrid"]/filterEditor/editRowForm/item[name=AUT_REST||title=Aut.%20restitution||index=7||Class=FloatItem]/element]]></target>
	<value><![CDATA[]]></value>
</selenese>
<selenese>
	<command>click</command>
	<target><![CDATA[scLocator=//Portlet[ID="datastaging_restitutions_tab_0"]/item[0][Class="ListGrid"]/filterEditor/editRowForm/item[name=AUT_REST||title=Aut.%20restitution||index=7||Class=FloatItem]/element]]></target>
	<value><![CDATA[]]></value>
</selenese>
<selenese>
	<command>waitForElementReadyForKeyPresses</command>
	<target><![CDATA[scLocator=//Portlet[ID="datastaging_restitutions_tab_0"]/item[0][Class="ListGrid"]/filterEditor/editRowForm/item[name=AUT_REST||title=Aut.%20restitution||value=%3C%3D0||index=7||Class=FloatItem]/element]]></target>
	<value><![CDATA[]]></value>
</selenese>
<selenese>
	<command>sendKeys</command>
	<target><![CDATA[scLocator=//Portlet[ID="datastaging_restitutions_tab_0"]/item[0][Class="ListGrid"]/filterEditor/editRowForm/item[name=AUT_REST||title=Aut.%20restitution||value=%3C%3D0||index=7||Class=FloatItem]/element]]></target>
	<value><![CDATA[${KEY_ENTER}]]></value>
</selenese>
<selenese>
	<command>waitForElementClickable</command>
	<target><![CDATA[scLocator=//Portlet[ID="datastaging_restitutions_tab_0"]/item[0][Class="ListGrid"]/filterEditor/editRowForm/item[name=AUT_REST||title=Aut.%20restitution||value=%3C%3D0||index=7||Class=FloatItem]/element]]></target>
	<value><![CDATA[]]></value>
</selenese>
<selenese>
	<command>type</command>
	<target><![CDATA[scLocator=//Portlet[ID="datastaging_restitutions_tab_0"]/item[0][Class="ListGrid"]/filterEditor/editRowForm/item[name=AUT_REST||title=Aut.%20restitution||value=%3C%3D0||index=7||Class=FloatItem]/element]]></target>
	<value><![CDATA[<=0]]></value>
</selenese>
<selenese>
	<command>waitForElementReadyForKeyPresses</command>
	<target><![CDATA[scLocator=//Portlet[ID="datastaging_restitutions_tab_0"]/item[0][Class="ListGrid"]/filterEditor/editRowForm/item[name=AUT_REST||title=Aut.%20restitution||index=7||Class=FloatItem]/element]]></target>
	<value><![CDATA[]]></value>
</selenese>
<selenese>
	<command>sendKeys</command>
	<target><![CDATA[scLocator=//Portlet[ID="datastaging_restitutions_tab_0"]/item[0][Class="ListGrid"]/filterEditor/editRowForm/item[name=AUT_REST||title=Aut.%20restitution||index=7||Class=FloatItem]/element]]></target>
	<value><![CDATA[${KEY_ENTER}]]></value>
</selenese>
<selenese>
	<command>waitForElementClickable</command>
	<target><![CDATA[scLocator=//Portlet[ID="datastaging_restitutions_tab_0"]/item[0][Class="ListGrid"]/filterEditor/editRowForm/item[name=AUT_REST||title=Aut.%20restitution||index=7||Class=FloatItem]/element]]></target>
	<value><![CDATA[]]></value>
</selenese>
<selenese>
	<command>type</command>
	<target><![CDATA[scLocator=//Portlet[ID="datastaging_restitutions_tab_0"]/item[0][Class="ListGrid"]/filterEditor/editRowForm/item[name=AUT_REST||title=Aut.%20restitution||index=7||Class=FloatItem]/element]]></target>
	<value><![CDATA[]]></value>
</selenese>
<selenese>
	<command>waitForElementClickable</command>
	<target><![CDATA[scLocator=//Portlet[ID="datastaging_restitutions_tab_0"]/item[0][Class="ListGrid"]/filterEditor/editRowForm/item[name=MAN_REST||title=Man.%20restitution||value=%3C%3D0||index=6||Class=FloatItem]/element]]></target>
	<value><![CDATA[]]></value>
</selenese>
<selenese>
	<command>click</command>
	<target><![CDATA[scLocator=//Portlet[ID="datastaging_restitutions_tab_0"]/item[0][Class="ListGrid"]/filterEditor/editRowForm/item[name=MAN_REST||title=Man.%20restitution||value=%3C%3D0||index=6||Class=FloatItem]/element]]></target>
	<value><![CDATA[]]></value>
</selenese>
<selenese>
	<command>waitForElementReadyForKeyPresses</command>
	<target><![CDATA[scLocator=//Portlet[ID="datastaging_restitutions_tab_0"]/item[0][Class="ListGrid"]/filterEditor/editRowForm/item[name=MAN_REST||title=Man.%20restitution||value=%3C%3D0||index=6||Class=FloatItem]/element]]></target>
	<value><![CDATA[]]></value>
</selenese>
<selenese>
	<command>sendKeys</command>
	<target><![CDATA[scLocator=//Portlet[ID="datastaging_restitutions_tab_0"]/item[0][Class="ListGrid"]/filterEditor/editRowForm/item[name=MAN_REST||title=Man.%20restitution||value=%3C%3D0||index=6||Class=FloatItem]/element]]></target>
	<value><![CDATA[${KEY_RIGHT}]]></value>
</selenese>
<selenese>
	<command>waitForElementReadyForKeyPresses</command>
	<target><![CDATA[scLocator=//Portlet[ID="datastaging_restitutions_tab_0"]/item[0][Class="ListGrid"]/filterEditor/editRowForm/item[name=MAN_REST||title=Man.%20restitution||index=6||Class=FloatItem]/element]]></target>
	<value><![CDATA[]]></value>
</selenese>
<selenese>
	<command>sendKeys</command>
	<target><![CDATA[scLocator=//Portlet[ID="datastaging_restitutions_tab_0"]/item[0][Class="ListGrid"]/filterEditor/editRowForm/item[name=MAN_REST||title=Man.%20restitution||index=6||Class=FloatItem]/element]]></target>
	<value><![CDATA[${KEY_ENTER}]]></value>
</selenese>
<selenese>
	<command>waitForElementClickable</command>
	<target><![CDATA[scLocator=//Portlet[ID="datastaging_restitutions_tab_0"]/item[0][Class="ListGrid"]/filterEditor/editRowForm/item[name=MAN_REST||title=Man.%20restitution||index=6||Class=FloatItem]/element]]></target>
	<value><![CDATA[]]></value>
</selenese>
<selenese>
	<command>type</command>
	<target><![CDATA[scLocator=//Portlet[ID="datastaging_restitutions_tab_0"]/item[0][Class="ListGrid"]/filterEditor/editRowForm/item[name=MAN_REST||title=Man.%20restitution||index=6||Class=FloatItem]/element]]></target>
	<value><![CDATA[]]></value>
</selenese>
<selenese>
	<command>waitForElementClickable</command>
	<target><![CDATA[scLocator=//Portlet[ID="datastaging_restitutions_tab_0"]/item[0][Class="ListGrid"]/filterEditor/editRowForm/item[name=EXCESS_COLL||title=Excess%20coll.||value=%3C%3D0||index=5||Class=FloatItem]/element]]></target>
	<value><![CDATA[]]></value>
</selenese>
<selenese>
	<command>click</command>
	<target><![CDATA[scLocator=//Portlet[ID="datastaging_restitutions_tab_0"]/item[0][Class="ListGrid"]/filterEditor/editRowForm/item[name=EXCESS_COLL||title=Excess%20coll.||value=%3C%3D0||index=5||Class=FloatItem]/element]]></target>
	<value><![CDATA[]]></value>
</selenese>
<selenese>
	<command>waitForElementReadyForKeyPresses</command>
	<target><![CDATA[scLocator=//Portlet[ID="datastaging_restitutions_tab_0"]/item[0][Class="ListGrid"]/filterEditor/editRowForm/item[name=EXCESS_COLL||title=Excess%20coll.||value=%3C%3D0||index=5||Class=FloatItem]/element]]></target>
	<value><![CDATA[]]></value>
</selenese>
<selenese>
	<command>sendKeys</command>
	<target><![CDATA[scLocator=//Portlet[ID="datastaging_restitutions_tab_0"]/item[0][Class="ListGrid"]/filterEditor/editRowForm/item[name=EXCESS_COLL||title=Excess%20coll.||value=%3C%3D0||index=5||Class=FloatItem]/element]]></target>
	<value><![CDATA[${KEY_LEFT}]]></value>
</selenese>
<selenese>
	<command>waitForElementReadyForKeyPresses</command>
	<target><![CDATA[scLocator=//Portlet[ID="datastaging_restitutions_tab_0"]/item[0][Class="ListGrid"]/filterEditor/editRowForm/item[name=EXCESS_COLL||title=Excess%20coll.||value=%3D0||index=5||Class=FloatItem]/element]]></target>
	<value><![CDATA[]]></value>
</selenese>
<selenese>
	<command>sendKeys</command>
	<target><![CDATA[scLocator=//Portlet[ID="datastaging_restitutions_tab_0"]/item[0][Class="ListGrid"]/filterEditor/editRowForm/item[name=EXCESS_COLL||title=Excess%20coll.||value=%3D0||index=5||Class=FloatItem]/element]]></target>
	<value><![CDATA[${KEY_ENTER}]]></value>
</selenese>
<selenese>
	<command>waitForElementClickable</command>
	<target><![CDATA[scLocator=//Portlet[ID="datastaging_restitutions_tab_0"]/item[0][Class="ListGrid"]/filterEditor/editRowForm/item[name=EXCESS_COLL||title=Excess%20coll.||value=%3D0||index=5||Class=FloatItem]/element]]></target>
	<value><![CDATA[]]></value>
</selenese>
<selenese>
	<command>type</command>
	<target><![CDATA[scLocator=//Portlet[ID="datastaging_restitutions_tab_0"]/item[0][Class="ListGrid"]/filterEditor/editRowForm/item[name=EXCESS_COLL||title=Excess%20coll.||value=%3D0||index=5||Class=FloatItem]/element]]></target>
	<value><![CDATA[=0]]></value>
</selenese>
<selenese>
	<command>waitForElementReadyForKeyPresses</command>
	<target><![CDATA[scLocator=//Portlet[ID="datastaging_restitutions_tab_0"]/item[0][Class="ListGrid"]/filterEditor/editRowForm/item[name=EXCESS_COLL||title=Excess%20coll.||index=5||Class=FloatItem]/element]]></target>
	<value><![CDATA[]]></value>
</selenese>
<selenese>
	<command>sendKeys</command>
	<target><![CDATA[scLocator=//Portlet[ID="datastaging_restitutions_tab_0"]/item[0][Class="ListGrid"]/filterEditor/editRowForm/item[name=EXCESS_COLL||title=Excess%20coll.||index=5||Class=FloatItem]/element]]></target>
	<value><![CDATA[${KEY_ENTER}]]></value>
</selenese>
<selenese>
	<command>waitForElementClickable</command>
	<target><![CDATA[scLocator=//Portlet[ID="datastaging_restitutions_tab_0"]/item[0][Class="ListGrid"]/filterEditor/editRowForm/item[name=EXCESS_COLL||title=Excess%20coll.||index=5||Class=FloatItem]/element]]></target>
	<value><![CDATA[]]></value>
</selenese>
<selenese>
	<command>type</command>
	<target><![CDATA[scLocator=//Portlet[ID="datastaging_restitutions_tab_0"]/item[0][Class="ListGrid"]/filterEditor/editRowForm/item[name=EXCESS_COLL||title=Excess%20coll.||index=5||Class=FloatItem]/element]]></target>
	<value><![CDATA[]]></value>
</selenese>
<selenese>
	<command>waitForElementClickable</command>
	<target><![CDATA[scLocator=//Portlet[ID="datastaging_restitutions_tab_0"]/item[0][Class="ListGrid"]/filterEditor/editRowForm/item[name=ACC_TYPE||title=Firm%20client||value=F||index=3||Class=SelectItem]/[icon="picker"]]]></target>
	<value><![CDATA[]]></value>
</selenese>
<selenese>
	<command>click</command>
	<target><![CDATA[scLocator=//Portlet[ID="datastaging_restitutions_tab_0"]/item[0][Class="ListGrid"]/filterEditor/editRowForm/item[name=ACC_TYPE||title=Firm%20client||value=F||index=3||Class=SelectItem]/[icon="picker"]]]></target>
	<value><![CDATA[]]></value>
</selenese>
<selenese>
	<command>waitForElementClickable</command>
	<target><![CDATA[scLocator=//Portlet[ID="datastaging_restitutions_tab_0"]/item[0][Class="ListGrid"]/filterEditor/editRowForm/item[name=ACC_TYPE||title=Firm%20client||value=F||index=3||Class=SelectItem]/pickList/body/row[0]/col[fieldName=ACC_TYPE||0]]]></target>
	<value><![CDATA[]]></value>
</selenese>
<selenese>
	<command>click</command>
	<target><![CDATA[scLocator=//Portlet[ID="datastaging_restitutions_tab_0"]/item[0][Class="ListGrid"]/filterEditor/editRowForm/item[name=ACC_TYPE||title=Firm%20client||value=F||index=3||Class=SelectItem]/pickList/body/row[0]/col[fieldName=ACC_TYPE||0]]]></target>
	<value><![CDATA[]]></value>
</selenese>
<selenese>
	<command>waitForElementClickable</command>
	<target><![CDATA[scLocator=//Portlet[ID="datastaging_restitutions_tab_0"]/item[0][Class="ListGrid"]/filterEditor/actionButton/icon]]></target>
	<value><![CDATA[]]></value>
</selenese>
<selenese>
	<command>click</command>
	<target><![CDATA[scLocator=//Portlet[ID="datastaging_restitutions_tab_0"]/item[0][Class="ListGrid"]/filterEditor/actionButton/icon]]></target>
	<value><![CDATA[]]></value>
</selenese>
<selenese>
	<command>waitForElementClickable</command>
	<target><![CDATA[scLocator=//Portlet[ID="datastaging_restitutions_tab_0"]/item[0][Class="ListGrid"]/filterEditor/editRowForm/item[name=EXCESS_COLL||title=Excess%20coll.||index=5||Class=FloatItem]/element]]></target>
	<value><![CDATA[]]></value>
</selenese>
<selenese>
	<command>click</command>
	<target><![CDATA[scLocator=//Portlet[ID="datastaging_restitutions_tab_0"]/item[0][Class="ListGrid"]/filterEditor/editRowForm/item[name=EXCESS_COLL||title=Excess%20coll.||index=5||Class=FloatItem]/element]]></target>
	<value><![CDATA[]]></value>
</selenese>
<selenese>
	<command>waitForElementReadyForKeyPresses</command>
	<target><![CDATA[scLocator=//Portlet[ID="datastaging_restitutions_tab_0"]/item[0][Class="ListGrid"]/filterEditor/editRowForm/item[name=EXCESS_COLL||title=Excess%20coll.||value=%3C0||index=5||Class=FloatItem]/element]]></target>
	<value><![CDATA[]]></value>
</selenese>
<selenese>
	<command>sendKeys</command>
	<target><![CDATA[scLocator=//Portlet[ID="datastaging_restitutions_tab_0"]/item[0][Class="ListGrid"]/filterEditor/editRowForm/item[name=EXCESS_COLL||title=Excess%20coll.||value=%3C0||index=5||Class=FloatItem]/element]]></target>
	<value><![CDATA[${KEY_ENTER}]]></value>
</selenese>
<selenese>
	<command>waitForElementClickable</command>
	<target><![CDATA[scLocator=//Portlet[ID="datastaging_restitutions_tab_0"]/item[0][Class="ListGrid"]/filterEditor/editRowForm/item[name=EXCESS_COLL||title=Excess%20coll.||value=%3C0||index=5||Class=FloatItem]/element]]></target>
	<value><![CDATA[]]></value>
</selenese>
<selenese>
	<command>type</command>
	<target><![CDATA[scLocator=//Portlet[ID="datastaging_restitutions_tab_0"]/item[0][Class="ListGrid"]/filterEditor/editRowForm/item[name=EXCESS_COLL||title=Excess%20coll.||value=%3C0||index=5||Class=FloatItem]/element]]></target>
	<value><![CDATA[<0]]></value>
</selenese>
<selenese>
	<command>waitForElementReadyForKeyPresses</command>
	<target><![CDATA[scLocator=//Portlet[ID="datastaging_restitutions_tab_0"]/item[0][Class="ListGrid"]/filterEditor/editRowForm/item[name=EXCESS_COLL||title=Excess%20coll.||value=%3C%3D0||index=5||Class=FloatItem]/element]]></target>
	<value><![CDATA[]]></value>
</selenese>
<selenese>
	<command>sendKeys</command>
	<target><![CDATA[scLocator=//Portlet[ID="datastaging_restitutions_tab_0"]/item[0][Class="ListGrid"]/filterEditor/editRowForm/item[name=EXCESS_COLL||title=Excess%20coll.||value=%3C%3D0||index=5||Class=FloatItem]/element]]></target>
	<value><![CDATA[${KEY_ENTER}]]></value>
</selenese>
<selenese>
	<command>waitForElementClickable</command>
	<target><![CDATA[scLocator=//Portlet[ID="datastaging_restitutions_tab_0"]/item[0][Class="ListGrid"]/filterEditor/editRowForm/item[name=EXCESS_COLL||title=Excess%20coll.||value=%3C%3D0||index=5||Class=FloatItem]/element]]></target>
	<value><![CDATA[]]></value>
</selenese>
<selenese>
	<command>type</command>
	<target><![CDATA[scLocator=//Portlet[ID="datastaging_restitutions_tab_0"]/item[0][Class="ListGrid"]/filterEditor/editRowForm/item[name=EXCESS_COLL||title=Excess%20coll.||value=%3C%3D0||index=5||Class=FloatItem]/element]]></target>
	<value><![CDATA[<=0]]></value>
</selenese>
<selenese>
	<command>waitForElementClickable</command>
	<target><![CDATA[scLocator=//Portlet[ID="datastaging_restitutions_tab_0"]/item[0][Class="ListGrid"]/filterEditor/editRowForm/item[name=EXCESS_COLL||title=Excess%20coll.||index=5||Class=FloatItem]/element]]></target>
	<value><![CDATA[]]></value>
</selenese>
<selenese>
	<command>type</command>
	<target><![CDATA[scLocator=//Portlet[ID="datastaging_restitutions_tab_0"]/item[0][Class="ListGrid"]/filterEditor/editRowForm/item[name=EXCESS_COLL||title=Excess%20coll.||index=5||Class=FloatItem]/element]]></target>
	<value><![CDATA[]]></value>
</selenese>
<selenese>
	<command>waitForElementClickable</command>
	<target><![CDATA[scLocator=//Portlet[ID="datastaging_restitutions_tab_0"]/item[0][Class="ListGrid"]/filterEditor/editRowForm/item[name=MAN_REST||title=Man.%20restitution||index=6||Class=FloatItem]/element]]></target>
	<value><![CDATA[]]></value>
</selenese>
<selenese>
	<command>click</command>
	<target><![CDATA[scLocator=//Portlet[ID="datastaging_restitutions_tab_0"]/item[0][Class="ListGrid"]/filterEditor/editRowForm/item[name=MAN_REST||title=Man.%20restitution||index=6||Class=FloatItem]/element]]></target>
	<value><![CDATA[]]></value>
</selenese>
<selenese>
	<command>waitForElementReadyForKeyPresses</command>
	<target><![CDATA[scLocator=//Portlet[ID="datastaging_restitutions_tab_0"]/item[0][Class="ListGrid"]/filterEditor/editRowForm/item[name=MAN_REST||title=Man.%20restitution||value=%3C0||index=6||Class=FloatItem]/element]]></target>
	<value><![CDATA[]]></value>
</selenese>
<selenese>
	<command>sendKeys</command>
	<target><![CDATA[scLocator=//Portlet[ID="datastaging_restitutions_tab_0"]/item[0][Class="ListGrid"]/filterEditor/editRowForm/item[name=MAN_REST||title=Man.%20restitution||value=%3C0||index=6||Class=FloatItem]/element]]></target>
	<value><![CDATA[${KEY_ENTER}]]></value>
</selenese>
<selenese>
	<command>waitForElementClickable</command>
	<target><![CDATA[scLocator=//Portlet[ID="datastaging_restitutions_tab_0"]/item[0][Class="ListGrid"]/filterEditor/editRowForm/item[name=MAN_REST||title=Man.%20restitution||value=%3C0||index=6||Class=FloatItem]/element]]></target>
	<value><![CDATA[]]></value>
</selenese>
<selenese>
	<command>type</command>
	<target><![CDATA[scLocator=//Portlet[ID="datastaging_restitutions_tab_0"]/item[0][Class="ListGrid"]/filterEditor/editRowForm/item[name=MAN_REST||title=Man.%20restitution||value=%3C0||index=6||Class=FloatItem]/element]]></target>
	<value><![CDATA[<0]]></value>
</selenese>
<selenese>
	<command>waitForElementClickable</command>
	<target><![CDATA[scLocator=//Portlet[ID="datastaging_restitutions_tab_0"]/item[0][Class="ListGrid"]/filterEditor/editRowForm/item[name=MAN_REST||title=Man.%20restitution||index=6||Class=FloatItem]/element]]></target>
	<value><![CDATA[]]></value>
</selenese>
<selenese>
	<command>type</command>
	<target><![CDATA[scLocator=//Portlet[ID="datastaging_restitutions_tab_0"]/item[0][Class="ListGrid"]/filterEditor/editRowForm/item[name=MAN_REST||title=Man.%20restitution||index=6||Class=FloatItem]/element]]></target>
	<value><![CDATA[]]></value>
</selenese>
<selenese>
	<command>waitForElementReadyForKeyPresses</command>
	<target><![CDATA[scLocator=//Portlet[ID="datastaging_restitutions_tab_0"]/item[0][Class="ListGrid"]/filterEditor/editRowForm/item[name=MAN_REST||title=Man.%20restitution||index=6||Class=FloatItem]/element]]></target>
	<value><![CDATA[]]></value>
</selenese>
<selenese>
	<command>sendKeys</command>
	<target><![CDATA[scLocator=//Portlet[ID="datastaging_restitutions_tab_0"]/item[0][Class="ListGrid"]/filterEditor/editRowForm/item[name=MAN_REST||title=Man.%20restitution||index=6||Class=FloatItem]/element]]></target>
	<value><![CDATA[${KEY_TAB}]]></value>
</selenese>
<selenese>
	<command>blur</command>
	<target><![CDATA[scLocator=//Portlet[ID="datastaging_restitutions_tab_0"]/item[0][Class="ListGrid"]/filterEditor/editRowForm/item[name=MAN_REST||title=Man.%20restitution||index=6||Class=FloatItem]/element]]></target>
	<value><![CDATA[]]></value>
</selenese>
<selenese>
	<command>waitForElementClickable</command>
	<target><![CDATA[scLocator=//Portlet[ID="datastaging_restitutions_tab_0"]/item[0][Class="ListGrid"]/filterEditor/editRowForm/item[name=AUT_REST||title=Aut.%20restitution||index=7||Class=FloatItem]/element]]></target>
	<value><![CDATA[]]></value>
</selenese>
<selenese>
	<command>focus</command>
	<target><![CDATA[scLocator=//Portlet[ID="datastaging_restitutions_tab_0"]/item[0][Class="ListGrid"]/filterEditor/editRowForm/item[name=AUT_REST||title=Aut.%20restitution||index=7||Class=FloatItem]/element]]></target>
	<value><![CDATA[true]]></value>
</selenese>
<selenese>
	<command>waitForElementReadyForKeyPresses</command>
	<target><![CDATA[scLocator=//Portlet[ID="datastaging_restitutions_tab_0"]/item[0][Class="ListGrid"]/filterEditor/editRowForm/item[name=AUT_REST||title=Aut.%20restitution||value=%3C0||index=7||Class=FloatItem]/element]]></target>
	<value><![CDATA[]]></value>
</selenese>
<selenese>
	<command>sendKeys</command>
	<target><![CDATA[scLocator=//Portlet[ID="datastaging_restitutions_tab_0"]/item[0][Class="ListGrid"]/filterEditor/editRowForm/item[name=AUT_REST||title=Aut.%20restitution||value=%3C0||index=7||Class=FloatItem]/element]]></target>
	<value><![CDATA[${KEY_ENTER}]]></value>
</selenese>
<selenese>
	<command>waitForElementClickable</command>
	<target><![CDATA[scLocator=//Portlet[ID="datastaging_restitutions_tab_0"]/item[0][Class="ListGrid"]/filterEditor/editRowForm/item[name=AUT_REST||title=Aut.%20restitution||value=%3C0||index=7||Class=FloatItem]/element]]></target>
	<value><![CDATA[]]></value>
</selenese>
<selenese>
	<command>type</command>
	<target><![CDATA[scLocator=//Portlet[ID="datastaging_restitutions_tab_0"]/item[0][Class="ListGrid"]/filterEditor/editRowForm/item[name=AUT_REST||title=Aut.%20restitution||value=%3C0||index=7||Class=FloatItem]/element]]></target>
	<value><![CDATA[<0]]></value>
</selenese>
<selenese>
	<command>waitForElementClickable</command>
	<target><![CDATA[scLocator=//Portlet[ID="datastaging_restitutions_tab_0"]/item[0][Class="ListGrid"]/filterEditor/editRowForm/item[name=AUT_REST||title=Aut.%20restitution||index=7||Class=FloatItem]/element]]></target>
	<value><![CDATA[]]></value>
</selenese>
<selenese>
	<command>type</command>
	<target><![CDATA[scLocator=//Portlet[ID="datastaging_restitutions_tab_0"]/item[0][Class="ListGrid"]/filterEditor/editRowForm/item[name=AUT_REST||title=Aut.%20restitution||index=7||Class=FloatItem]/element]]></target>
	<value><![CDATA[]]></value>
</selenese>
<selenese>
	<command>waitForElementClickable</command>
	<target><![CDATA[scLocator=//Portlet[ID="datastaging_restitutions_tab_0"]/item[0][Class="ListGrid"]/filterEditor/actionButton/icon]]></target>
	<value><![CDATA[]]></value>
</selenese>
<selenese>
	<command>click</command>
	<target><![CDATA[scLocator=//Portlet[ID="datastaging_restitutions_tab_0"]/item[0][Class="ListGrid"]/filterEditor/actionButton/icon]]></target>
	<value><![CDATA[]]></value>
</selenese>
<selenese>
	<command>waitForElementClickable</command>
	<target><![CDATA[scLocator=//Portlet[ID="datastaging_restitutions_tab_0"]/item[0][Class="ListGrid"]/filterEditor/editRowForm/item[name=AUT_REST||title=Aut.%20restitution||index=7||Class=FloatItem]/element]]></target>
	<value><![CDATA[]]></value>
</selenese>
<selenese>
	<command>click</command>
	<target><![CDATA[scLocator=//Portlet[ID="datastaging_restitutions_tab_0"]/item[0][Class="ListGrid"]/filterEditor/editRowForm/item[name=AUT_REST||title=Aut.%20restitution||index=7||Class=FloatItem]/element]]></target>
	<value><![CDATA[]]></value>
</selenese>
<selenese>
	<command>waitForElementClickable</command>
	<target><![CDATA[scLocator=//Portlet[ID="datastaging_restitutions_tab_0"]/item[0][Class="ListGrid"]/filterEditor/editRowForm/item[name=EXCESS_COLL||title=Excess%20coll.||index=5||Class=FloatItem]/element]]></target>
	<value><![CDATA[]]></value>
</selenese>
<selenese>
	<command>click</command>
	<target><![CDATA[scLocator=//Portlet[ID="datastaging_restitutions_tab_0"]/item[0][Class="ListGrid"]/filterEditor/editRowForm/item[name=EXCESS_COLL||title=Excess%20coll.||index=5||Class=FloatItem]/element]]></target>
	<value><![CDATA[]]></value>
</selenese>
<selenese>
	<command>waitForElementClickable</command>
	<target><![CDATA[scLocator=//Portlet[ID="datastaging_restitutions_tab_0"]/item[0][Class="ListGrid"]/body/row[CALC_DT=Thu Jul 06 2017 12:00:00 GMT+0200 (W. Europe Standard Time)||CM_CS_ID=628||ACC_TYPE=F||EXCESS_COLL=173128||0]/col[fieldName=EXCESS_COLL||5]]]></target>
	<value><![CDATA[]]></value>
</selenese>
<selenese>
	<command>click</command>
	<target><![CDATA[scLocator=//Portlet[ID="datastaging_restitutions_tab_0"]/item[0][Class="ListGrid"]/body/row[CALC_DT=Thu Jul 06 2017 12:00:00 GMT+0200 (W. Europe Standard Time)||CM_CS_ID=628||ACC_TYPE=F||EXCESS_COLL=173128||0]/col[fieldName=EXCESS_COLL||5]]]></target>
	<value><![CDATA[]]></value>
</selenese>
<selenese>
	<command>waitForElementClickable</command>
	<target><![CDATA[scLocator=//Portlet[ID="datastaging_restitutions_tab_0"]/item[0][Class="ListGrid"]/body/row[CALC_DT=Thu Jul 06 2017 12:00:00 GMT+0200 (W. Europe Standard Time)||CM_CS_ID=628||ACC_TYPE=F||EXCESS_COLL=173128||0]/col[fieldName=EXCESS_COLL||5]]]></target>
	<value><![CDATA[]]></value>
</selenese>
<selenese>
	<command>contextMenu</command>
	<target><![CDATA[scLocator=//Portlet[ID="datastaging_restitutions_tab_0"]/item[0][Class="ListGrid"]/body/row[CALC_DT=Thu Jul 06 2017 12:00:00 GMT+0200 (W. Europe Standard Time)||CM_CS_ID=628||ACC_TYPE=F||EXCESS_COLL=173128||0]/col[fieldName=EXCESS_COLL||5]]]></target>
	<value><![CDATA[]]></value>
</selenese>
<selenese>
	<command>waitForElementClickable</command>
	<target><![CDATA[scLocator=//Menu[level=0]/body/row[title=Copy||0]/col[fieldName=title||1]]]></target>
	<value><![CDATA[]]></value>
</selenese>
<selenese>
	<command>click</command>
	<target><![CDATA[scLocator=//Menu[level=0]/body/row[title=Copy||0]/col[fieldName=title||1]]]></target>
	<value><![CDATA[]]></value>
</selenese>
<selenese>
	<command>waitForElementClickable</command>
	<target><![CDATA[scLocator=//autoID[Class=Dialog||index=49||length=51||classIndex=0||classLength=1||roleIndex=0||roleLength=1||title=Copy%20Cells||scRole=alertdialog]/item[0][Class="DynamicForm"]/item[name=done||title=Done||index=2||Class=ButtonItem]/button/]]></target>
	<value><![CDATA[]]></value>
</selenese>
<selenese>
	<command>click</command>
	<target><![CDATA[scLocator=//autoID[Class=Dialog||index=49||length=51||classIndex=0||classLength=1||roleIndex=0||roleLength=1||title=Copy%20Cells||scRole=alertdialog]/item[0][Class="DynamicForm"]/item[name=done||title=Done||index=2||Class=ButtonItem]/button/]]></target>
	<value><![CDATA[]]></value>
</selenese>
<selenese>
	<command>waitForElementClickable</command>
	<target><![CDATA[scLocator=//Portlet[ID="datastaging_restitutions_tab_0"]/item[0][Class="ListGrid"]/filterEditor/editRowForm/item[name=EXCESS_COLL||title=Excess%20coll.||index=5||Class=FloatItem]/element]]></target>
	<value><![CDATA[]]></value>
</selenese>
<selenese>
	<command>click</command>
	<target><![CDATA[scLocator=//Portlet[ID="datastaging_restitutions_tab_0"]/item[0][Class="ListGrid"]/filterEditor/editRowForm/item[name=EXCESS_COLL||title=Excess%20coll.||index=5||Class=FloatItem]/element]]></target>
	<value><![CDATA[]]></value>
</selenese>
<selenese>
	<command>waitForElementReadyForKeyPresses</command>
	<target><![CDATA[scLocator=//Portlet[ID="datastaging_restitutions_tab_0"]/item[0][Class="ListGrid"]/filterEditor/editRowForm/item[name=EXCESS_COLL||title=Excess%20coll.||value=%3C%3D%22173128%22||index=5||Class=FloatItem]/element]]></target>
	<value><![CDATA[]]></value>
</selenese>
<selenese>
	<command>sendKeys</command>
	<target><![CDATA[scLocator=//Portlet[ID="datastaging_restitutions_tab_0"]/item[0][Class="ListGrid"]/filterEditor/editRowForm/item[name=EXCESS_COLL||title=Excess%20coll.||value=%3C%3D%22173128%22||index=5||Class=FloatItem]/element]]></target>
	<value><![CDATA[${KEY_ENTER}]]></value>
</selenese>
<selenese>
	<command>waitForElementClickable</command>
	<target><![CDATA[scLocator=//Portlet[ID="datastaging_restitutions_tab_0"]/item[0][Class="ListGrid"]/filterEditor/editRowForm/item[name=EXCESS_COLL||title=Excess%20coll.||value=%3C%3D%22173128%22||index=5||Class=FloatItem]/element]]></target>
	<value><![CDATA[]]></value>
</selenese>
<selenese>
	<command>type</command>
	<target><![CDATA[scLocator=//Portlet[ID="datastaging_restitutions_tab_0"]/item[0][Class="ListGrid"]/filterEditor/editRowForm/item[name=EXCESS_COLL||title=Excess%20coll.||value=%3C%3D%22173128%22||index=5||Class=FloatItem]/element]]></target>
	<value><![CDATA[<="173128"]]></value>
</selenese>
<selenese>
	<command>waitForElementClickable</command>
	<target><![CDATA[scLocator=//Portlet[ID="datastaging_restitutions_tab_0"]/item[0][Class="ListGrid"]/filterEditor/editRowForm/item[name=EXCESS_COLL||title=Excess%20coll.||value=%3C%3D%22173128%22||index=5||Class=FloatItem]/element]]></target>
	<value><![CDATA[]]></value>
</selenese>
<selenese>
	<command>click</command>
	<target><![CDATA[scLocator=//Portlet[ID="datastaging_restitutions_tab_0"]/item[0][Class="ListGrid"]/filterEditor/editRowForm/item[name=EXCESS_COLL||title=Excess%20coll.||value=%3C%3D%22173128%22||index=5||Class=FloatItem]/element]]></target>
	<value><![CDATA[]]></value>
</selenese>
<selenese>
	<command>waitForElementClickable</command>
	<target><![CDATA[scLocator=//Portlet[ID="datastaging_restitutions_tab_0"]/item[0][Class="ListGrid"]/filterEditor/editRowForm/item[name=EXCESS_COLL||title=Excess%20coll.||value=%3C%3D%22173128%22||index=5||Class=FloatItem]/element]]></target>
	<value><![CDATA[]]></value>
</selenese>
<selenese>
	<command>click</command>
	<target><![CDATA[scLocator=//Portlet[ID="datastaging_restitutions_tab_0"]/item[0][Class="ListGrid"]/filterEditor/editRowForm/item[name=EXCESS_COLL||title=Excess%20coll.||value=%3C%3D%22173128%22||index=5||Class=FloatItem]/element]]></target>
	<value><![CDATA[]]></value>
</selenese>
<selenese>
	<command>waitForElementReadyForKeyPresses</command>
	<target><![CDATA[scLocator=//Portlet[ID="datastaging_restitutions_tab_0"]/item[0][Class="ListGrid"]/filterEditor/editRowForm/item[name=EXCESS_COLL||title=Excess%20coll.||value=%3C%3D%22173128%22||index=5||Class=FloatItem]/element]]></target>
	<value><![CDATA[]]></value>
</selenese>
<selenese>
	<command>sendKeys</command>
	<target><![CDATA[scLocator=//Portlet[ID="datastaging_restitutions_tab_0"]/item[0][Class="ListGrid"]/filterEditor/editRowForm/item[name=EXCESS_COLL||title=Excess%20coll.||value=%3C%3D%22173128%22||index=5||Class=FloatItem]/element]]></target>
	<value><![CDATA[${KEY_RIGHT}]]></value>
</selenese>
<selenese>
	<command>waitForElementReadyForKeyPresses</command>
	<target><![CDATA[scLocator=//Portlet[ID="datastaging_restitutions_tab_0"]/item[0][Class="ListGrid"]/filterEditor/editRowForm/item[name=EXCESS_COLL||title=Excess%20coll.||value=%3C%3D%22173128||index=5||Class=FloatItem]/element]]></target>
	<value><![CDATA[]]></value>
</selenese>
<selenese>
	<command>sendKeys</command>
	<target><![CDATA[scLocator=//Portlet[ID="datastaging_restitutions_tab_0"]/item[0][Class="ListGrid"]/filterEditor/editRowForm/item[name=EXCESS_COLL||title=Excess%20coll.||value=%3C%3D%22173128||index=5||Class=FloatItem]/element]]></target>
	<value><![CDATA[${KEY_LEFT}]]></value>
</selenese>
<selenese>
	<command>waitForElementReadyForKeyPresses</command>
	<target><![CDATA[scLocator=//Portlet[ID="datastaging_restitutions_tab_0"]/item[0][Class="ListGrid"]/filterEditor/editRowForm/item[name=EXCESS_COLL||title=Excess%20coll.||value=%3C%3D%22173128||index=5||Class=FloatItem]/element]]></target>
	<value><![CDATA[]]></value>
</selenese>
<selenese>
	<command>sendKeys</command>
	<target><![CDATA[scLocator=//Portlet[ID="datastaging_restitutions_tab_0"]/item[0][Class="ListGrid"]/filterEditor/editRowForm/item[name=EXCESS_COLL||title=Excess%20coll.||value=%3C%3D%22173128||index=5||Class=FloatItem]/element]]></target>
	<value><![CDATA[${KEY_LEFT}]]></value>
</selenese>
<selenese>
	<command>waitForElementReadyForKeyPresses</command>
	<target><![CDATA[scLocator=//Portlet[ID="datastaging_restitutions_tab_0"]/item[0][Class="ListGrid"]/filterEditor/editRowForm/item[name=EXCESS_COLL||title=Excess%20coll.||value=%3C%3D%22173128||index=5||Class=FloatItem]/element]]></target>
	<value><![CDATA[]]></value>
</selenese>
<selenese>
	<command>sendKeys</command>
	<target><![CDATA[scLocator=//Portlet[ID="datastaging_restitutions_tab_0"]/item[0][Class="ListGrid"]/filterEditor/editRowForm/item[name=EXCESS_COLL||title=Excess%20coll.||value=%3C%3D%22173128||index=5||Class=FloatItem]/element]]></target>
	<value><![CDATA[${KEY_LEFT}]]></value>
</selenese>
<selenese>
	<command>waitForElementReadyForKeyPresses</command>
	<target><![CDATA[scLocator=//Portlet[ID="datastaging_restitutions_tab_0"]/item[0][Class="ListGrid"]/filterEditor/editRowForm/item[name=EXCESS_COLL||title=Excess%20coll.||value=%3C%3D%22173128||index=5||Class=FloatItem]/element]]></target>
	<value><![CDATA[]]></value>
</selenese>
<selenese>
	<command>sendKeys</command>
	<target><![CDATA[scLocator=//Portlet[ID="datastaging_restitutions_tab_0"]/item[0][Class="ListGrid"]/filterEditor/editRowForm/item[name=EXCESS_COLL||title=Excess%20coll.||value=%3C%3D%22173128||index=5||Class=FloatItem]/element]]></target>
	<value><![CDATA[${KEY_LEFT}]]></value>
</selenese>
<selenese>
	<command>waitForElementReadyForKeyPresses</command>
	<target><![CDATA[scLocator=//Portlet[ID="datastaging_restitutions_tab_0"]/item[0][Class="ListGrid"]/filterEditor/editRowForm/item[name=EXCESS_COLL||title=Excess%20coll.||value=%3C%3D%22173128||index=5||Class=FloatItem]/element]]></target>
	<value><![CDATA[]]></value>
</selenese>
<selenese>
	<command>sendKeys</command>
	<target><![CDATA[scLocator=//Portlet[ID="datastaging_restitutions_tab_0"]/item[0][Class="ListGrid"]/filterEditor/editRowForm/item[name=EXCESS_COLL||title=Excess%20coll.||value=%3C%3D%22173128||index=5||Class=FloatItem]/element]]></target>
	<value><![CDATA[${KEY_LEFT}]]></value>
</selenese>
<selenese>
	<command>waitForElementReadyForKeyPresses</command>
	<target><![CDATA[scLocator=//Portlet[ID="datastaging_restitutions_tab_0"]/item[0][Class="ListGrid"]/filterEditor/editRowForm/item[name=EXCESS_COLL||title=Excess%20coll.||value=%3C%3D%22173128||index=5||Class=FloatItem]/element]]></target>
	<value><![CDATA[]]></value>
</selenese>
<selenese>
	<command>sendKeys</command>
	<target><![CDATA[scLocator=//Portlet[ID="datastaging_restitutions_tab_0"]/item[0][Class="ListGrid"]/filterEditor/editRowForm/item[name=EXCESS_COLL||title=Excess%20coll.||value=%3C%3D%22173128||index=5||Class=FloatItem]/element]]></target>
	<value><![CDATA[${KEY_LEFT}]]></value>
</selenese>
<selenese>
	<command>waitForElementReadyForKeyPresses</command>
	<target><![CDATA[scLocator=//Portlet[ID="datastaging_restitutions_tab_0"]/item[0][Class="ListGrid"]/filterEditor/editRowForm/item[name=EXCESS_COLL||title=Excess%20coll.||value=%3C%3D173128||index=5||Class=FloatItem]/element]]></target>
	<value><![CDATA[]]></value>
</selenese>
<selenese>
	<command>sendKeys</command>
	<target><![CDATA[scLocator=//Portlet[ID="datastaging_restitutions_tab_0"]/item[0][Class="ListGrid"]/filterEditor/editRowForm/item[name=EXCESS_COLL||title=Excess%20coll.||value=%3C%3D173128||index=5||Class=FloatItem]/element]]></target>
	<value><![CDATA[${KEY_ENTER}]]></value>
</selenese>
<selenese>
	<command>waitForElementClickable</command>
	<target><![CDATA[scLocator=//Portlet[ID="datastaging_restitutions_tab_0"]/item[0][Class="ListGrid"]/filterEditor/editRowForm/item[name=EXCESS_COLL||title=Excess%20coll.||value=%3C%3D173128||index=5||Class=FloatItem]/element]]></target>
	<value><![CDATA[]]></value>
</selenese>
<selenese>
	<command>type</command>
	<target><![CDATA[scLocator=//Portlet[ID="datastaging_restitutions_tab_0"]/item[0][Class="ListGrid"]/filterEditor/editRowForm/item[name=EXCESS_COLL||title=Excess%20coll.||value=%3C%3D173128||index=5||Class=FloatItem]/element]]></target>
	<value><![CDATA[<=173128]]></value>
</selenese>
<selenese>
	<command>waitForElementClickable</command>
	<target><![CDATA[scLocator=//Portlet[ID="datastaging_restitutions_tab_0"]/item[0][Class="ListGrid"]/filterEditor/editRowForm/item[name=EXCESS_COLL||title=Excess%20coll.||index=5||Class=FloatItem]/element]]></target>
	<value><![CDATA[]]></value>
</selenese>
<selenese>
	<command>type</command>
	<target><![CDATA[scLocator=//Portlet[ID="datastaging_restitutions_tab_0"]/item[0][Class="ListGrid"]/filterEditor/editRowForm/item[name=EXCESS_COLL||title=Excess%20coll.||index=5||Class=FloatItem]/element]]></target>
	<value><![CDATA[]]></value>
</selenese>
<selenese>
	<command>waitForElementClickable</command>
	<target><![CDATA[scLocator=//Portlet[ID="datastaging_restitutions_tab_0"]/item[0][Class="ListGrid"]/filterEditor/editRowForm/item[name=AUT_REST||title=Aut.%20restitution||index=7||Class=FloatItem]/element]]></target>
	<value><![CDATA[]]></value>
</selenese>
<selenese>
	<command>click</command>
	<target><![CDATA[scLocator=//Portlet[ID="datastaging_restitutions_tab_0"]/item[0][Class="ListGrid"]/filterEditor/editRowForm/item[name=AUT_REST||title=Aut.%20restitution||index=7||Class=FloatItem]/element]]></target>
	<value><![CDATA[]]></value>
</selenese>
<selenese>
	<command>waitForElementClickable</command>
	<target><![CDATA[scLocator=//Portlet[ID="datastaging_restitutions_tab_0"]/item[0][Class="ListGrid"]/filterEditor/editRowForm/item[name=AUT_REST||title=Aut.%20restitution||value=%3C%3D173128||index=7||Class=FloatItem]/element]]></target>
	<value><![CDATA[]]></value>
</selenese>
<selenese>
	<command>type</command>
	<target><![CDATA[scLocator=//Portlet[ID="datastaging_restitutions_tab_0"]/item[0][Class="ListGrid"]/filterEditor/editRowForm/item[name=AUT_REST||title=Aut.%20restitution||value=%3C%3D173128||index=7||Class=FloatItem]/element]]></target>
	<value><![CDATA[<=173128]]></value>
</selenese>
<selenese>
	<command>waitForElementClickable</command>
	<target><![CDATA[scLocator=//Portlet[ID="datastaging_restitutions_tab_0"]/item[0][Class="ListGrid"]/filterEditor/actionButton/icon]]></target>
	<value><![CDATA[]]></value>
</selenese>
<selenese>
	<command>click</command>
	<target><![CDATA[scLocator=//Portlet[ID="datastaging_restitutions_tab_0"]/item[0][Class="ListGrid"]/filterEditor/actionButton/icon]]></target>
	<value><![CDATA[]]></value>
</selenese>
<selenese>
	<command>waitForElementClickable</command>
	<target><![CDATA[scLocator=//Portlet[ID="datastaging_restitutions_tab_0"]/item[0][Class="ListGrid"]/filterEditor/actionButton/icon]]></target>
	<value><![CDATA[]]></value>
</selenese>
<selenese>
	<command>click</command>
	<target><![CDATA[scLocator=//Portlet[ID="datastaging_restitutions_tab_0"]/item[0][Class="ListGrid"]/filterEditor/actionButton/icon]]></target>
	<value><![CDATA[]]></value>
</selenese>
<selenese>
	<command>waitForElementClickable</command>
	<target><![CDATA[scLocator=//Portlet[ID="datastaging_restitutions_tab_0"]/item[0][Class="ListGrid"]/filterEditor/editRowForm/item[name=AUT_REST||title=Aut.%20restitution||value=%3C%3D173128||index=7||Class=FloatItem]/element]]></target>
	<value><![CDATA[]]></value>
</selenese>
<selenese>
	<command>click</command>
	<target><![CDATA[scLocator=//Portlet[ID="datastaging_restitutions_tab_0"]/item[0][Class="ListGrid"]/filterEditor/editRowForm/item[name=AUT_REST||title=Aut.%20restitution||value=%3C%3D173128||index=7||Class=FloatItem]/element]]></target>
	<value><![CDATA[]]></value>
</selenese>
<selenese>
	<command>waitForElementClickable</command>
	<target><![CDATA[scLocator=//Portlet[ID="datastaging_restitutions_tab_0"]/item[0][Class="ListGrid"]/filterEditor/editRowForm/item[name=AUT_REST||title=Aut.%20restitution||index=7||Class=FloatItem]/element]]></target>
	<value><![CDATA[]]></value>
</selenese>
<selenese>
	<command>type</command>
	<target><![CDATA[scLocator=//Portlet[ID="datastaging_restitutions_tab_0"]/item[0][Class="ListGrid"]/filterEditor/editRowForm/item[name=AUT_REST||title=Aut.%20restitution||index=7||Class=FloatItem]/element]]></target>
	<value><![CDATA[]]></value>
</selenese>
<selenese>
	<command>waitForElementClickable</command>
	<target><![CDATA[scLocator=//Portlet[ID="datastaging_restitutions_tab_0"]/item[0][Class="ListGrid"]/filterEditor/editRowForm/item[name=REST_TYPE||title=Restitution%20type||value=A||index=4||Class=SelectItem]/[icon="picker"]]]></target>
	<value><![CDATA[]]></value>
</selenese>
<selenese>
	<command>click</command>
	<target><![CDATA[scLocator=//Portlet[ID="datastaging_restitutions_tab_0"]/item[0][Class="ListGrid"]/filterEditor/editRowForm/item[name=REST_TYPE||title=Restitution%20type||value=A||index=4||Class=SelectItem]/[icon="picker"]]]></target>
	<value><![CDATA[]]></value>
</selenese>
<selenese>
	<command>waitForElementClickable</command>
	<target><![CDATA[scLocator=//Portlet[ID="datastaging_restitutions_tab_0"]/item[0][Class="ListGrid"]/filterEditor/editRowForm/item[name=REST_TYPE||title=Restitution%20type||value=A||index=4||Class=SelectItem]/pickList/body/row[0]/col[fieldName=REST_TYPE||0]]]></target>
	<value><![CDATA[]]></value>
</selenese>
<selenese>
	<command>click</command>
	<target><![CDATA[scLocator=//Portlet[ID="datastaging_restitutions_tab_0"]/item[0][Class="ListGrid"]/filterEditor/editRowForm/item[name=REST_TYPE||title=Restitution%20type||value=A||index=4||Class=SelectItem]/pickList/body/row[0]/col[fieldName=REST_TYPE||0]]]></target>
	<value><![CDATA[]]></value>
</selenese>
<selenese>
	<command>waitForElementClickable</command>
	<target><![CDATA[scLocator=//Portlet[ID="datastaging_restitutions_tab_0"]/item[0][Class="ListGrid"]/filterEditor/actionButton/icon]]></target>
	<value><![CDATA[]]></value>
</selenese>
<selenese>
	<command>click</command>
	<target><![CDATA[scLocator=//Portlet[ID="datastaging_restitutions_tab_0"]/item[0][Class="ListGrid"]/filterEditor/actionButton/icon]]></target>
	<value><![CDATA[]]></value>
</selenese>
</TestCase>