<?xml version="1.0" encoding="UTF-8"?>
<TestCase seleniumIDEVersion="2.9.1" baseURL="https://10.0.10.230:10044/LiqPortalWEB/index.html">
<selenese>
	<command>echo</command>
	<target><![CDATA[]]></target>
	<value><![CDATA[RU07-NUC01-T01.rctest]]></value>
</selenese>
<selenese>
	<command>open</command>
	<target><![CDATA[/LiqPortalWEB/]]></target>
	<value><![CDATA[Liquidity Portal - Data Stage - EOD margins stg. - View]]></value>
</selenese>
<selenese>
	<command>type</command>
	<target><![CDATA[id=Username]]></target>
	<value><![CDATA[mpetracc]]></value>
</selenese>
<selenese>
	<command>type</command>
	<target><![CDATA[id=Password]]></target>
	<value><![CDATA[.mpetrac04]]></value>
</selenese>
<selenese>
	<command>clickAndWait</command>
	<target><![CDATA[id=submitLabel]]></target>
	<value><![CDATA[]]></value>
</selenese>
<selenese>
	<command>waitForElementClickable</command>
	<target><![CDATA[scLocator=//Menu[level=1]/body/row[4]/col[fieldName=title||0]]]></target>
	<value><![CDATA[]]></value>
</selenese>
<selenese>
	<command>click</command>
	<target><![CDATA[scLocator=//Menu[level=1]/body/row[4]/col[fieldName=title||0]]]></target>
	<value><![CDATA[]]></value>
</selenese>
<selenese>
	<command>waitForElementClickable</command>
	<target><![CDATA[scLocator=//Portlet[ID="datastaging_eodmarg_tab_0"]/maximizeButton/]]></target>
	<value><![CDATA[]]></value>
</selenese>
<selenese>
	<command>click</command>
	<target><![CDATA[scLocator=//Portlet[ID="datastaging_eodmarg_tab_0"]/maximizeButton/]]></target>
	<value><![CDATA[]]></value>
</selenese>
</TestCase>