<?xml version="1.0" encoding="UTF-8"?>
<TestCase seleniumIDEVersion="2.9.1" baseURL="https://10.0.10.230:10044/LiqPortalWEB/index.html">
<selenese>
	<command>echo</command>
	<target><![CDATA[]]></target>
	<value><![CDATA[RU07-NUC01-T02.rctest]]></value>
</selenese>
<selenese>
	<command>open</command>
	<target><![CDATA[/LiqPortalWEB/]]></target>
	<value><![CDATA[Liquidity Portal - Data Stage - EOD margins stg. - Filters]]></value>
</selenese>
<selenese>
	<command>type</command>
	<target><![CDATA[id=Username]]></target>
	<value><![CDATA[mpetracc]]></value>
</selenese>
<selenese>
	<command>type</command>
	<target><![CDATA[id=Password]]></target>
	<value><![CDATA[.mpetrac04]]></value>
</selenese>
<selenese>
	<command>clickAndWait</command>
	<target><![CDATA[id=submitLabel]]></target>
	<value><![CDATA[]]></value>
</selenese>
<selenese>
	<command>waitForElementClickable</command>
	<target><![CDATA[scLocator=//Menu[level=1]/body/row[4]/col[fieldName=title||0]]]></target>
	<value><![CDATA[]]></value>
</selenese>
<selenese>
	<command>click</command>
	<target><![CDATA[scLocator=//Menu[level=1]/body/row[4]/col[fieldName=title||0]]]></target>
	<value><![CDATA[]]></value>
</selenese>
<selenese>
	<command>waitForElementClickable</command>
	<target><![CDATA[scLocator=//Portlet[ID="datastaging_eodmarg_tab_0"]/maximizeButton/]]></target>
	<value><![CDATA[]]></value>
</selenese>
<selenese>
	<command>click</command>
	<target><![CDATA[scLocator=//Portlet[ID="datastaging_eodmarg_tab_0"]/maximizeButton/]]></target>
	<value><![CDATA[]]></value>
</selenese>
<selenese>
	<command>waitForElementClickable</command>
	<target><![CDATA[scLocator=//Portlet[ID="datastaging_eodmarg_tab_0"]/item[0][Class="ListGrid"]/filterEditor/editRowForm/item[title=Calc.%20date||index=0||Class=MiniDateRangeItem]/[icon="showDateRange"]]]></target>
	<value><![CDATA[]]></value>
</selenese>
<selenese>
	<command>click</command>
	<target><![CDATA[scLocator=//Portlet[ID="datastaging_eodmarg_tab_0"]/item[0][Class="ListGrid"]/filterEditor/editRowForm/item[title=Calc.%20date||index=0||Class=MiniDateRangeItem]/[icon="showDateRange"]]]></target>
	<value><![CDATA[]]></value>
</selenese>
<selenese>
	<command>waitForElementClickable</command>
	<target><![CDATA[scLocator=//Portlet[ID="datastaging_eodmarg_tab_0"]/item[0][Class="ListGrid"]/filterEditor/editRowForm/item[title=Calc.%20date||index=0||Class=MiniDateRangeItem]/rangeDialog/rangeForm/item[name=CALC_DT||title=CALC_DT||index=0||Class=DateRangeItem]/dateRangeForm/item[name=fromField||title=From||index=0||Class=RelativeDateItem]/editor/item[name=iconPlaceholder||title=iconPlaceholder||index=2||Class=StaticTextItem]/[icon="chooserIcon"]]]></target>
	<value><![CDATA[]]></value>
</selenese>
<selenese>
	<command>click</command>
	<target><![CDATA[scLocator=//Portlet[ID="datastaging_eodmarg_tab_0"]/item[0][Class="ListGrid"]/filterEditor/editRowForm/item[title=Calc.%20date||index=0||Class=MiniDateRangeItem]/rangeDialog/rangeForm/item[name=CALC_DT||title=CALC_DT||index=0||Class=DateRangeItem]/dateRangeForm/item[name=fromField||title=From||index=0||Class=RelativeDateItem]/editor/item[name=iconPlaceholder||title=iconPlaceholder||index=2||Class=StaticTextItem]/[icon="chooserIcon"]]]></target>
	<value><![CDATA[]]></value>
</selenese>
<selenese>
	<command>waitForElementClickable</command>
	<target><![CDATA[scLocator=//autoID[Class=DateChooser||index=30||length=33||classIndex=0||classLength=1]/previousYearButton/]]></target>
	<value><![CDATA[]]></value>
</selenese>
<selenese>
	<command>click</command>
	<target><![CDATA[scLocator=//autoID[Class=DateChooser||index=30||length=33||classIndex=0||classLength=1]/previousYearButton/]]></target>
	<value><![CDATA[]]></value>
</selenese>
<selenese>
	<command>waitForElementClickable</command>
	<target><![CDATA[scLocator=//autoID[Class=DateChooser||index=30||length=33||classIndex=0||classLength=1]/dateGrid/body/row[Mon=Mon Jul 04 2016 12:00:00 GMT+0200 (W. Europe Standard Time)||1]/col[fieldName=Mon||1]]]></target>
	<value><![CDATA[]]></value>
</selenese>
<selenese>
	<command>click</command>
	<target><![CDATA[scLocator=//autoID[Class=DateChooser||index=30||length=33||classIndex=0||classLength=1]/dateGrid/body/row[Mon=Mon Jul 04 2016 12:00:00 GMT+0200 (W. Europe Standard Time)||1]/col[fieldName=Mon||1]]]></target>
	<value><![CDATA[]]></value>
</selenese>
<selenese>
	<command>waitForElementClickable</command>
	<target><![CDATA[scLocator=//Portlet[ID="datastaging_eodmarg_tab_0"]/item[0][Class="ListGrid"]/filterEditor/editRowForm/item[title=Calc.%20date||value=[object Object]||index=0||Class=MiniDateRangeItem]/rangeDialog/rangeForm/item[name=CALC_DT||title=CALC_DT||value=[object Object]||index=0||Class=DateRangeItem]/dateRangeForm/item[name=toField||title=To||index=1||Class=RelativeDateItem]/editor/item[name=valueField||title=valueField||index=0||Class=ComboBoxItem]/[icon="picker"]]]></target>
	<value><![CDATA[]]></value>
</selenese>
<selenese>
	<command>click</command>
	<target><![CDATA[scLocator=//Portlet[ID="datastaging_eodmarg_tab_0"]/item[0][Class="ListGrid"]/filterEditor/editRowForm/item[title=Calc.%20date||value=[object Object]||index=0||Class=MiniDateRangeItem]/rangeDialog/rangeForm/item[name=CALC_DT||title=CALC_DT||value=[object Object]||index=0||Class=DateRangeItem]/dateRangeForm/item[name=toField||title=To||index=1||Class=RelativeDateItem]/editor/item[name=valueField||title=valueField||index=0||Class=ComboBoxItem]/[icon="picker"]]]></target>
	<value><![CDATA[]]></value>
</selenese>
<selenese>
	<command>waitForElementClickable</command>
	<target><![CDATA[scLocator=//Portlet[ID="datastaging_eodmarg_tab_0"]/item[0][Class="ListGrid"]/filterEditor/editRowForm/item[title=Calc.%20date||value=[object Object]||index=0||Class=MiniDateRangeItem]/rangeDialog/rangeForm/item[name=CALC_DT||title=CALC_DT||value=[object Object]||index=0||Class=DateRangeItem]/dateRangeForm/item[name=toField||title=To||index=1||Class=RelativeDateItem]/editor/item[name=valueField||title=valueField||index=0||Class=ComboBoxItem]/pickList/body/row[valueField=%24today||0]/col[fieldName=valueField||0]]]></target>
	<value><![CDATA[]]></value>
</selenese>
<selenese>
	<command>click</command>
	<target><![CDATA[scLocator=//Portlet[ID="datastaging_eodmarg_tab_0"]/item[0][Class="ListGrid"]/filterEditor/editRowForm/item[title=Calc.%20date||value=[object Object]||index=0||Class=MiniDateRangeItem]/rangeDialog/rangeForm/item[name=CALC_DT||title=CALC_DT||value=[object Object]||index=0||Class=DateRangeItem]/dateRangeForm/item[name=toField||title=To||index=1||Class=RelativeDateItem]/editor/item[name=valueField||title=valueField||index=0||Class=ComboBoxItem]/pickList/body/row[valueField=%24today||0]/col[fieldName=valueField||0]]]></target>
	<value><![CDATA[]]></value>
</selenese>
<selenese>
	<command>waitForElementClickable</command>
	<target><![CDATA[scLocator=//Portlet[ID="datastaging_eodmarg_tab_0"]/item[0][Class="ListGrid"]/filterEditor/editRowForm/item[title=Calc.%20date||value=[object Object]||index=0||Class=MiniDateRangeItem]/rangeDialog/okButton/]]></target>
	<value><![CDATA[]]></value>
</selenese>
<selenese>
	<command>secondClick</command>
	<target><![CDATA[scLocator=//Portlet[ID="datastaging_eodmarg_tab_0"]/item[0][Class="ListGrid"]/filterEditor/editRowForm/item[title=Calc.%20date||value=[object Object]||index=0||Class=MiniDateRangeItem]/rangeDialog/okButton/]]></target>
	<value><![CDATA[]]></value>
</selenese>
<selenese>
	<command>waitForElementClickable</command>
	<target><![CDATA[scLocator=//Portlet[ID="datastaging_eodmarg_tab_0"]/item[0][Class="ListGrid"]/filterEditor/editRowForm/item[title=Calc.%20date||value=[object Object]||index=0||Class=MiniDateRangeItem]/[icon="showDateRange"]]]></target>
	<value><![CDATA[]]></value>
</selenese>
<selenese>
	<command>sendKeys</command>
	<target><![CDATA[scLocator=//Portlet[ID="datastaging_eodmarg_tab_0"]/item[0][Class="ListGrid"]/filterEditor/editRowForm/item[title=Calc.%20date||value=[object Object]||index=0||Class=MiniDateRangeItem]/[icon="showDateRange"]]]></target>
	<value><![CDATA[${KEY_ENTER}]]></value>
</selenese>
<selenese>
	<command>waitForElementClickable</command>
	<target><![CDATA[scLocator=//Portlet[ID="datastaging_eodmarg_tab_0"]/item[0][Class="ListGrid"]/filterEditor/editRowForm/item[title=Calc.%20date||value=[object Object]||index=0||Class=MiniDateRangeItem]/rangeDialog/closeButton/]]></target>
	<value><![CDATA[]]></value>
</selenese>
<selenese>
	<command>click</command>
	<target><![CDATA[scLocator=//Portlet[ID="datastaging_eodmarg_tab_0"]/item[0][Class="ListGrid"]/filterEditor/editRowForm/item[title=Calc.%20date||value=[object Object]||index=0||Class=MiniDateRangeItem]/rangeDialog/closeButton/]]></target>
	<value><![CDATA[]]></value>
</selenese>
<selenese>
	<command>waitForElementClickable</command>
	<target><![CDATA[scLocator=//Portlet[ID="datastaging_eodmarg_tab_0"]/item[0][Class="ListGrid"]/filterEditor/editRowForm/item[name=CASH_CALL||title=Cash%20call||index=5||Class=FloatItem]/element]]></target>
	<value><![CDATA[]]></value>
</selenese>
<selenese>
	<command>click</command>
	<target><![CDATA[scLocator=//Portlet[ID="datastaging_eodmarg_tab_0"]/item[0][Class="ListGrid"]/filterEditor/editRowForm/item[name=CASH_CALL||title=Cash%20call||index=5||Class=FloatItem]/element]]></target>
	<value><![CDATA[]]></value>
</selenese>
<selenese>
	<command>waitForElementReadyForKeyPresses</command>
	<target><![CDATA[scLocator=//Portlet[ID="datastaging_eodmarg_tab_0"]/item[0][Class="ListGrid"]/filterEditor/editRowForm/item[name=CASH_CALL||title=Cash%20call||value=%3C%3D0||index=5||Class=FloatItem]/element]]></target>
	<value><![CDATA[]]></value>
</selenese>
<selenese>
	<command>sendKeys</command>
	<target><![CDATA[scLocator=//Portlet[ID="datastaging_eodmarg_tab_0"]/item[0][Class="ListGrid"]/filterEditor/editRowForm/item[name=CASH_CALL||title=Cash%20call||value=%3C%3D0||index=5||Class=FloatItem]/element]]></target>
	<value><![CDATA[${KEY_SHIFT}${KEY_CTRL}${KEY_LEFT}${KEY_CTRL}${KEY_SHIFT}]]></value>
</selenese>
<selenese>
	<command>waitForElementReadyForKeyPresses</command>
	<target><![CDATA[scLocator=//Portlet[ID="datastaging_eodmarg_tab_0"]/item[0][Class="ListGrid"]/filterEditor/editRowForm/item[name=CASH_CALL||title=Cash%20call||value=%3C%3D0||index=5||Class=FloatItem]/element]]></target>
	<value><![CDATA[]]></value>
</selenese>
<selenese>
	<command>sendKeys</command>
	<target><![CDATA[scLocator=//Portlet[ID="datastaging_eodmarg_tab_0"]/item[0][Class="ListGrid"]/filterEditor/editRowForm/item[name=CASH_CALL||title=Cash%20call||value=%3C%3D0||index=5||Class=FloatItem]/element]]></target>
	<value><![CDATA[${KEY_SHIFT}${KEY_CTRL}${KEY_LEFT}${KEY_CTRL}${KEY_SHIFT}]]></value>
</selenese>
<selenese>
	<command>waitForElementReadyForKeyPresses</command>
	<target><![CDATA[scLocator=//Portlet[ID="datastaging_eodmarg_tab_0"]/item[0][Class="ListGrid"]/filterEditor/editRowForm/item[name=CASH_CALL||title=Cash%20call||value=%3C%3D0||index=5||Class=FloatItem]/element]]></target>
	<value><![CDATA[]]></value>
</selenese>
<selenese>
	<command>sendKeys</command>
	<target><![CDATA[scLocator=//Portlet[ID="datastaging_eodmarg_tab_0"]/item[0][Class="ListGrid"]/filterEditor/editRowForm/item[name=CASH_CALL||title=Cash%20call||value=%3C%3D0||index=5||Class=FloatItem]/element]]></target>
	<value><![CDATA[${KEY_ENTER}]]></value>
</selenese>
<selenese>
	<command>waitForElementClickable</command>
	<target><![CDATA[scLocator=//Portlet[ID="datastaging_eodmarg_tab_0"]/item[0][Class="ListGrid"]/filterEditor/editRowForm/item[name=CASH_CALL||title=Cash%20call||value=%3C%3D0||index=5||Class=FloatItem]/element]]></target>
	<value><![CDATA[]]></value>
</selenese>
<selenese>
	<command>type</command>
	<target><![CDATA[scLocator=//Portlet[ID="datastaging_eodmarg_tab_0"]/item[0][Class="ListGrid"]/filterEditor/editRowForm/item[name=CASH_CALL||title=Cash%20call||value=%3C%3D0||index=5||Class=FloatItem]/element]]></target>
	<value><![CDATA[<=0]]></value>
</selenese>
<selenese>
	<command>waitForElementClickable</command>
	<target><![CDATA[scLocator=//Portlet[ID="datastaging_eodmarg_tab_0"]/item[0][Class="ListGrid"]/filterEditor/editRowForm/item[name=ACC_TYPE||title=Firm%20client||index=4||Class=SelectItem]/[icon="picker"]]]></target>
	<value><![CDATA[]]></value>
</selenese>
<selenese>
	<command>click</command>
	<target><![CDATA[scLocator=//Portlet[ID="datastaging_eodmarg_tab_0"]/item[0][Class="ListGrid"]/filterEditor/editRowForm/item[name=ACC_TYPE||title=Firm%20client||index=4||Class=SelectItem]/[icon="picker"]]]></target>
	<value><![CDATA[]]></value>
</selenese>
<selenese>
	<command>waitForElementClickable</command>
	<target><![CDATA[scLocator=//Portlet[ID="datastaging_eodmarg_tab_0"]/item[0][Class="ListGrid"]/filterEditor/editRowForm/item[name=ACC_TYPE||title=Firm%20client||index=4||Class=SelectItem]/pickList/body/row[ACC_TYPE=F||1]/col[fieldName=ACC_TYPE||0]]]></target>
	<value><![CDATA[]]></value>
</selenese>
<selenese>
	<command>click</command>
	<target><![CDATA[scLocator=//Portlet[ID="datastaging_eodmarg_tab_0"]/item[0][Class="ListGrid"]/filterEditor/editRowForm/item[name=ACC_TYPE||title=Firm%20client||index=4||Class=SelectItem]/pickList/body/row[ACC_TYPE=F||1]/col[fieldName=ACC_TYPE||0]]]></target>
	<value><![CDATA[]]></value>
</selenese>
<selenese>
	<command>waitForElementClickable</command>
	<target><![CDATA[scLocator=//Portlet[ID="datastaging_eodmarg_tab_0"]/item[0][Class="ListGrid"]/filterEditor/actionButton/icon]]></target>
	<value><![CDATA[]]></value>
</selenese>
<selenese>
	<command>click</command>
	<target><![CDATA[scLocator=//Portlet[ID="datastaging_eodmarg_tab_0"]/item[0][Class="ListGrid"]/filterEditor/actionButton/icon]]></target>
	<value><![CDATA[]]></value>
</selenese>
<selenese>
	<command>waitForElementClickable</command>
	<target><![CDATA[scLocator=//Portlet[ID="datastaging_eodmarg_tab_0"]/item[0][Class="ListGrid"]/filterEditor/editRowForm/item[name=GCM_CS_ID||title=General%20clearing%20member%20ID||index=3||Class=TextItem]/element]]></target>
	<value><![CDATA[]]></value>
</selenese>
<selenese>
	<command>click</command>
	<target><![CDATA[scLocator=//Portlet[ID="datastaging_eodmarg_tab_0"]/item[0][Class="ListGrid"]/filterEditor/editRowForm/item[name=GCM_CS_ID||title=General%20clearing%20member%20ID||index=3||Class=TextItem]/element]]></target>
	<value><![CDATA[]]></value>
</selenese>
<selenese>
	<command>waitForElementReadyForKeyPresses</command>
	<target><![CDATA[scLocator=//Portlet[ID="datastaging_eodmarg_tab_0"]/item[0][Class="ListGrid"]/filterEditor/editRowForm/item[name=GCM_CS_ID||title=General%20clearing%20member%20ID||value=%3E600||index=3||Class=TextItem]/element]]></target>
	<value><![CDATA[]]></value>
</selenese>
<selenese>
	<command>sendKeys</command>
	<target><![CDATA[scLocator=//Portlet[ID="datastaging_eodmarg_tab_0"]/item[0][Class="ListGrid"]/filterEditor/editRowForm/item[name=GCM_CS_ID||title=General%20clearing%20member%20ID||value=%3E600||index=3||Class=TextItem]/element]]></target>
	<value><![CDATA[${KEY_ENTER}]]></value>
</selenese>
<selenese>
	<command>waitForElementClickable</command>
	<target><![CDATA[scLocator=//Portlet[ID="datastaging_eodmarg_tab_0"]/item[0][Class="ListGrid"]/filterEditor/editRowForm/item[name=GCM_CS_ID||title=General%20clearing%20member%20ID||value=%3E600||index=3||Class=TextItem]/element]]></target>
	<value><![CDATA[]]></value>
</selenese>
<selenese>
	<command>type</command>
	<target><![CDATA[scLocator=//Portlet[ID="datastaging_eodmarg_tab_0"]/item[0][Class="ListGrid"]/filterEditor/editRowForm/item[name=GCM_CS_ID||title=General%20clearing%20member%20ID||value=%3E600||index=3||Class=TextItem]/element]]></target>
	<value><![CDATA[>600]]></value>
</selenese>
<selenese>
	<command>waitForElementClickable</command>
	<target><![CDATA[scLocator=//Portlet[ID="datastaging_eodmarg_tab_0"]/item[0][Class="ListGrid"]/filterEditor/editRowForm/item[name=GCM_CS_ID||title=General%20clearing%20member%20ID||value=%3E600||index=3||Class=TextItem]/element]]></target>
	<value><![CDATA[]]></value>
</selenese>
<selenese>
	<command>click</command>
	<target><![CDATA[scLocator=//Portlet[ID="datastaging_eodmarg_tab_0"]/item[0][Class="ListGrid"]/filterEditor/editRowForm/item[name=GCM_CS_ID||title=General%20clearing%20member%20ID||value=%3E600||index=3||Class=TextItem]/element]]></target>
	<value><![CDATA[]]></value>
</selenese>
<selenese>
	<command>waitForElementReadyForKeyPresses</command>
	<target><![CDATA[scLocator=//Portlet[ID="datastaging_eodmarg_tab_0"]/item[0][Class="ListGrid"]/filterEditor/editRowForm/item[name=GCM_CS_ID||title=General%20clearing%20member%20ID||value=%3C%3D600||index=3||Class=TextItem]/element]]></target>
	<value><![CDATA[]]></value>
</selenese>
<selenese>
	<command>sendKeys</command>
	<target><![CDATA[scLocator=//Portlet[ID="datastaging_eodmarg_tab_0"]/item[0][Class="ListGrid"]/filterEditor/editRowForm/item[name=GCM_CS_ID||title=General%20clearing%20member%20ID||value=%3C%3D600||index=3||Class=TextItem]/element]]></target>
	<value><![CDATA[${KEY_ENTER}]]></value>
</selenese>
<selenese>
	<command>waitForElementClickable</command>
	<target><![CDATA[scLocator=//Portlet[ID="datastaging_eodmarg_tab_0"]/item[0][Class="ListGrid"]/filterEditor/editRowForm/item[name=GCM_CS_ID||title=General%20clearing%20member%20ID||value=%3C%3D600||index=3||Class=TextItem]/element]]></target>
	<value><![CDATA[]]></value>
</selenese>
<selenese>
	<command>type</command>
	<target><![CDATA[scLocator=//Portlet[ID="datastaging_eodmarg_tab_0"]/item[0][Class="ListGrid"]/filterEditor/editRowForm/item[name=GCM_CS_ID||title=General%20clearing%20member%20ID||value=%3C%3D600||index=3||Class=TextItem]/element]]></target>
	<value><![CDATA[<=600]]></value>
</selenese>
<selenese>
	<command>waitForElementClickable</command>
	<target><![CDATA[scLocator=//Portlet[ID="datastaging_eodmarg_tab_0"]/item[0][Class="ListGrid"]/filterEditor/editRowForm/item[name=GCM_CS_ID||title=General%20clearing%20member%20ID||value=%3C%3D600||index=3||Class=TextItem]/element]]></target>
	<value><![CDATA[]]></value>
</selenese>
<selenese>
	<command>click</command>
	<target><![CDATA[scLocator=//Portlet[ID="datastaging_eodmarg_tab_0"]/item[0][Class="ListGrid"]/filterEditor/editRowForm/item[name=GCM_CS_ID||title=General%20clearing%20member%20ID||value=%3C%3D600||index=3||Class=TextItem]/element]]></target>
	<value><![CDATA[]]></value>
</selenese>
<selenese>
	<command>waitForElementReadyForKeyPresses</command>
	<target><![CDATA[scLocator=//Portlet[ID="datastaging_eodmarg_tab_0"]/item[0][Class="ListGrid"]/filterEditor/editRowForm/item[name=GCM_CS_ID||title=General%20clearing%20member%20ID||value=%3C600||index=3||Class=TextItem]/element]]></target>
	<value><![CDATA[]]></value>
</selenese>
<selenese>
	<command>sendKeys</command>
	<target><![CDATA[scLocator=//Portlet[ID="datastaging_eodmarg_tab_0"]/item[0][Class="ListGrid"]/filterEditor/editRowForm/item[name=GCM_CS_ID||title=General%20clearing%20member%20ID||value=%3C600||index=3||Class=TextItem]/element]]></target>
	<value><![CDATA[${KEY_ENTER}]]></value>
</selenese>
<selenese>
	<command>waitForElementClickable</command>
	<target><![CDATA[scLocator=//Portlet[ID="datastaging_eodmarg_tab_0"]/item[0][Class="ListGrid"]/filterEditor/editRowForm/item[name=GCM_CS_ID||title=General%20clearing%20member%20ID||value=%3C600||index=3||Class=TextItem]/element]]></target>
	<value><![CDATA[]]></value>
</selenese>
<selenese>
	<command>type</command>
	<target><![CDATA[scLocator=//Portlet[ID="datastaging_eodmarg_tab_0"]/item[0][Class="ListGrid"]/filterEditor/editRowForm/item[name=GCM_CS_ID||title=General%20clearing%20member%20ID||value=%3C600||index=3||Class=TextItem]/element]]></target>
	<value><![CDATA[<600]]></value>
</selenese>
<selenese>
	<command>waitForElementReadyForKeyPresses</command>
	<target><![CDATA[scLocator=//Portlet[ID="datastaging_eodmarg_tab_0"]/item[0][Class="ListGrid"]/filterEditor/editRowForm/item[name=GCM_CS_ID||title=General%20clearing%20member%20ID||index=3||Class=TextItem]/element]]></target>
	<value><![CDATA[]]></value>
</selenese>
<selenese>
	<command>sendKeys</command>
	<target><![CDATA[scLocator=//Portlet[ID="datastaging_eodmarg_tab_0"]/item[0][Class="ListGrid"]/filterEditor/editRowForm/item[name=GCM_CS_ID||title=General%20clearing%20member%20ID||index=3||Class=TextItem]/element]]></target>
	<value><![CDATA[${KEY_ENTER}]]></value>
</selenese>
<selenese>
	<command>waitForElementClickable</command>
	<target><![CDATA[scLocator=//Portlet[ID="datastaging_eodmarg_tab_0"]/item[0][Class="ListGrid"]/filterEditor/editRowForm/item[name=GCM_CS_ID||title=General%20clearing%20member%20ID||index=3||Class=TextItem]/element]]></target>
	<value><![CDATA[]]></value>
</selenese>
<selenese>
	<command>type</command>
	<target><![CDATA[scLocator=//Portlet[ID="datastaging_eodmarg_tab_0"]/item[0][Class="ListGrid"]/filterEditor/editRowForm/item[name=GCM_CS_ID||title=General%20clearing%20member%20ID||index=3||Class=TextItem]/element]]></target>
	<value><![CDATA[]]></value>
</selenese>
<selenese>
	<command>waitForElementClickable</command>
	<target><![CDATA[scLocator=//Portlet[ID="datastaging_eodmarg_tab_0"]/item[0][Class="ListGrid"]/filterEditor/editRowForm/item[name=CM_CS_ID||title=Clearing%20member%20ID||index=1||Class=TextItem]/element]]></target>
	<value><![CDATA[]]></value>
</selenese>
<selenese>
	<command>click</command>
	<target><![CDATA[scLocator=//Portlet[ID="datastaging_eodmarg_tab_0"]/item[0][Class="ListGrid"]/filterEditor/editRowForm/item[name=CM_CS_ID||title=Clearing%20member%20ID||index=1||Class=TextItem]/element]]></target>
	<value><![CDATA[]]></value>
</selenese>
<selenese>
	<command>waitForElementReadyForKeyPresses</command>
	<target><![CDATA[scLocator=//Portlet[ID="datastaging_eodmarg_tab_0"]/item[0][Class="ListGrid"]/filterEditor/editRowForm/item[name=CM_CS_ID||title=Clearing%20member%20ID||value=%3E%3D600||index=1||Class=TextItem]/element]]></target>
	<value><![CDATA[]]></value>
</selenese>
<selenese>
	<command>sendKeys</command>
	<target><![CDATA[scLocator=//Portlet[ID="datastaging_eodmarg_tab_0"]/item[0][Class="ListGrid"]/filterEditor/editRowForm/item[name=CM_CS_ID||title=Clearing%20member%20ID||value=%3E%3D600||index=1||Class=TextItem]/element]]></target>
	<value><![CDATA[${KEY_ENTER}]]></value>
</selenese>
<selenese>
	<command>waitForElementClickable</command>
	<target><![CDATA[scLocator=//Portlet[ID="datastaging_eodmarg_tab_0"]/item[0][Class="ListGrid"]/filterEditor/editRowForm/item[name=CM_CS_ID||title=Clearing%20member%20ID||value=%3E%3D600||index=1||Class=TextItem]/element]]></target>
	<value><![CDATA[]]></value>
</selenese>
<selenese>
	<command>type</command>
	<target><![CDATA[scLocator=//Portlet[ID="datastaging_eodmarg_tab_0"]/item[0][Class="ListGrid"]/filterEditor/editRowForm/item[name=CM_CS_ID||title=Clearing%20member%20ID||value=%3E%3D600||index=1||Class=TextItem]/element]]></target>
	<value><![CDATA[>=600]]></value>
</selenese>
<selenese>
	<command>waitForElementClickable</command>
	<target><![CDATA[scLocator=//Portlet[ID="datastaging_eodmarg_tab_0"]/item[0][Class="ListGrid"]/filterEditor/editRowForm/item[name=CM_CS_ID||title=Clearing%20member%20ID||value=%3E%3D600||index=1||Class=TextItem]/element]]></target>
	<value><![CDATA[]]></value>
</selenese>
<selenese>
	<command>click</command>
	<target><![CDATA[scLocator=//Portlet[ID="datastaging_eodmarg_tab_0"]/item[0][Class="ListGrid"]/filterEditor/editRowForm/item[name=CM_CS_ID||title=Clearing%20member%20ID||value=%3E%3D600||index=1||Class=TextItem]/element]]></target>
	<value><![CDATA[]]></value>
</selenese>
<selenese>
	<command>waitForElementClickable</command>
	<target><![CDATA[scLocator=//Portlet[ID="datastaging_eodmarg_tab_0"]/item[0][Class="ListGrid"]/filterEditor/editRowForm/item[name=ACC_TYPE||title=Firm%20client||value=F||index=4||Class=SelectItem]/[icon="picker"]]]></target>
	<value><![CDATA[]]></value>
</selenese>
<selenese>
	<command>click</command>
	<target><![CDATA[scLocator=//Portlet[ID="datastaging_eodmarg_tab_0"]/item[0][Class="ListGrid"]/filterEditor/editRowForm/item[name=ACC_TYPE||title=Firm%20client||value=F||index=4||Class=SelectItem]/[icon="picker"]]]></target>
	<value><![CDATA[]]></value>
</selenese>
<selenese>
	<command>waitForElementClickable</command>
	<target><![CDATA[scLocator=//Portlet[ID="datastaging_eodmarg_tab_0"]/item[0][Class="ListGrid"]/filterEditor/editRowForm/item[name=ACC_TYPE||title=Firm%20client||value=F||index=4||Class=SelectItem]/pickList/body/row[0]/col[fieldName=ACC_TYPE||0]]]></target>
	<value><![CDATA[]]></value>
</selenese>
<selenese>
	<command>click</command>
	<target><![CDATA[scLocator=//Portlet[ID="datastaging_eodmarg_tab_0"]/item[0][Class="ListGrid"]/filterEditor/editRowForm/item[name=ACC_TYPE||title=Firm%20client||value=F||index=4||Class=SelectItem]/pickList/body/row[0]/col[fieldName=ACC_TYPE||0]]]></target>
	<value><![CDATA[]]></value>
</selenese>
<selenese>
	<command>waitForElementClickable</command>
	<target><![CDATA[scLocator=//Portlet[ID="datastaging_eodmarg_tab_0"]/item[0][Class="ListGrid"]/filterEditor/actionButton/icon]]></target>
	<value><![CDATA[]]></value>
</selenese>
<selenese>
	<command>click</command>
	<target><![CDATA[scLocator=//Portlet[ID="datastaging_eodmarg_tab_0"]/item[0][Class="ListGrid"]/filterEditor/actionButton/icon]]></target>
	<value><![CDATA[]]></value>
</selenese>
<selenese>
	<command>waitForElementClickable</command>
	<target><![CDATA[scLocator=//Portlet[ID="datastaging_eodmarg_tab_0"]/item[0][Class="ListGrid"]/filterEditor/editRowForm/item[name=CM_CS_ID||title=Clearing%20member%20ID||value=%3E%3D600||index=1||Class=TextItem]/element]]></target>
	<value><![CDATA[]]></value>
</selenese>
<selenese>
	<command>click</command>
	<target><![CDATA[scLocator=//Portlet[ID="datastaging_eodmarg_tab_0"]/item[0][Class="ListGrid"]/filterEditor/editRowForm/item[name=CM_CS_ID||title=Clearing%20member%20ID||value=%3E%3D600||index=1||Class=TextItem]/element]]></target>
	<value><![CDATA[]]></value>
</selenese>
<selenese>
	<command>waitForElementClickable</command>
	<target><![CDATA[scLocator=//Portlet[ID="datastaging_eodmarg_tab_0"]/item[0][Class="ListGrid"]/filterEditor/editRowForm/item[name=CM_CS_ID||title=Clearing%20member%20ID||index=1||Class=TextItem]/element]]></target>
	<value><![CDATA[]]></value>
</selenese>
<selenese>
	<command>type</command>
	<target><![CDATA[scLocator=//Portlet[ID="datastaging_eodmarg_tab_0"]/item[0][Class="ListGrid"]/filterEditor/editRowForm/item[name=CM_CS_ID||title=Clearing%20member%20ID||index=1||Class=TextItem]/element]]></target>
	<value><![CDATA[]]></value>
</selenese>
<selenese>
	<command>waitForElementClickable</command>
	<target><![CDATA[scLocator=//Portlet[ID="datastaging_eodmarg_tab_0"]/item[0][Class="ListGrid"]/filterEditor/actionButton/icon]]></target>
	<value><![CDATA[]]></value>
</selenese>
<selenese>
	<command>click</command>
	<target><![CDATA[scLocator=//Portlet[ID="datastaging_eodmarg_tab_0"]/item[0][Class="ListGrid"]/filterEditor/actionButton/icon]]></target>
	<value><![CDATA[]]></value>
</selenese>
<selenese>
	<command>waitForElementClickable</command>
	<target><![CDATA[scLocator=//Portlet[ID="datastaging_eodmarg_tab_0"]/item[0][Class="ListGrid"]/filterEditor/editRowForm/item[name=CASH_CALL||title=Cash%20call||value=%3C%3D0||index=5||Class=FloatItem]/element]]></target>
	<value><![CDATA[]]></value>
</selenese>
<selenese>
	<command>click</command>
	<target><![CDATA[scLocator=//Portlet[ID="datastaging_eodmarg_tab_0"]/item[0][Class="ListGrid"]/filterEditor/editRowForm/item[name=CASH_CALL||title=Cash%20call||value=%3C%3D0||index=5||Class=FloatItem]/element]]></target>
	<value><![CDATA[]]></value>
</selenese>
<selenese>
	<command>waitForElementClickable</command>
	<target><![CDATA[scLocator=//Portlet[ID="datastaging_eodmarg_tab_0"]/item[0][Class="ListGrid"]/filterEditor/editRowForm/item[name=CASH_CALL||title=Cash%20call||index=5||Class=FloatItem]/element]]></target>
	<value><![CDATA[]]></value>
</selenese>
<selenese>
	<command>type</command>
	<target><![CDATA[scLocator=//Portlet[ID="datastaging_eodmarg_tab_0"]/item[0][Class="ListGrid"]/filterEditor/editRowForm/item[name=CASH_CALL||title=Cash%20call||index=5||Class=FloatItem]/element]]></target>
	<value><![CDATA[]]></value>
</selenese>
<selenese>
	<command>waitForElementClickable</command>
	<target><![CDATA[scLocator=//Portlet[ID="datastaging_eodmarg_tab_0"]/item[0][Class="ListGrid"]/filterEditor/actionButton/icon]]></target>
	<value><![CDATA[]]></value>
</selenese>
<selenese>
	<command>click</command>
	<target><![CDATA[scLocator=//Portlet[ID="datastaging_eodmarg_tab_0"]/item[0][Class="ListGrid"]/filterEditor/actionButton/icon]]></target>
	<value><![CDATA[]]></value>
</selenese>
<selenese>
	<command>waitForElementClickable</command>
	<target><![CDATA[scLocator=//Portlet[ID="datastaging_eodmarg_tab_0"]/item[0][Class="ListGrid"]/filterEditor/editRowForm/item[name=CASH_CALL||title=Cash%20call||index=5||Class=FloatItem]/element]]></target>
	<value><![CDATA[]]></value>
</selenese>
<selenese>
	<command>click</command>
	<target><![CDATA[scLocator=//Portlet[ID="datastaging_eodmarg_tab_0"]/item[0][Class="ListGrid"]/filterEditor/editRowForm/item[name=CASH_CALL||title=Cash%20call||index=5||Class=FloatItem]/element]]></target>
	<value><![CDATA[]]></value>
</selenese>
<selenese>
	<command>waitForElementReadyForKeyPresses</command>
	<target><![CDATA[scLocator=//Portlet[ID="datastaging_eodmarg_tab_0"]/item[0][Class="ListGrid"]/filterEditor/editRowForm/item[name=CASH_CALL||title=Cash%20call||value=%3E0||index=5||Class=FloatItem]/element]]></target>
	<value><![CDATA[]]></value>
</selenese>
<selenese>
	<command>sendKeys</command>
	<target><![CDATA[scLocator=//Portlet[ID="datastaging_eodmarg_tab_0"]/item[0][Class="ListGrid"]/filterEditor/editRowForm/item[name=CASH_CALL||title=Cash%20call||value=%3E0||index=5||Class=FloatItem]/element]]></target>
	<value><![CDATA[${KEY_ENTER}]]></value>
</selenese>
<selenese>
	<command>waitForElementClickable</command>
	<target><![CDATA[scLocator=//Portlet[ID="datastaging_eodmarg_tab_0"]/item[0][Class="ListGrid"]/filterEditor/editRowForm/item[name=CASH_CALL||title=Cash%20call||value=%3E0||index=5||Class=FloatItem]/element]]></target>
	<value><![CDATA[]]></value>
</selenese>
<selenese>
	<command>type</command>
	<target><![CDATA[scLocator=//Portlet[ID="datastaging_eodmarg_tab_0"]/item[0][Class="ListGrid"]/filterEditor/editRowForm/item[name=CASH_CALL||title=Cash%20call||value=%3E0||index=5||Class=FloatItem]/element]]></target>
	<value><![CDATA[>0]]></value>
</selenese>
<selenese>
	<command>waitForElementClickable</command>
	<target><![CDATA[scLocator=//Portlet[ID="datastaging_eodmarg_tab_0"]/item[0][Class="ListGrid"]/filterEditor/editRowForm/item[name=CASH_CALL||title=Cash%20call||index=5||Class=FloatItem]/element]]></target>
	<value><![CDATA[]]></value>
</selenese>
<selenese>
	<command>type</command>
	<target><![CDATA[scLocator=//Portlet[ID="datastaging_eodmarg_tab_0"]/item[0][Class="ListGrid"]/filterEditor/editRowForm/item[name=CASH_CALL||title=Cash%20call||index=5||Class=FloatItem]/element]]></target>
	<value><![CDATA[]]></value>
</selenese>
<selenese>
	<command>waitForElementClickable</command>
	<target><![CDATA[scLocator=//Portlet[ID="datastaging_eodmarg_tab_0"]/item[0][Class="ListGrid"]/filterEditor/actionButton/icon]]></target>
	<value><![CDATA[]]></value>
</selenese>
<selenese>
	<command>click</command>
	<target><![CDATA[scLocator=//Portlet[ID="datastaging_eodmarg_tab_0"]/item[0][Class="ListGrid"]/filterEditor/actionButton/icon]]></target>
	<value><![CDATA[]]></value>
</selenese>
<selenese>
	<command>waitForElementClickable</command>
	<target><![CDATA[scLocator=//Portlet[ID="datastaging_eodmarg_tab_0"]/item[0][Class="ListGrid"]/filterEditor/editRowForm/item[title=Calc.%20date||value=[object Object]||index=0||Class=MiniDateRangeItem]/[icon="showDateRange"]]]></target>
	<value><![CDATA[]]></value>
</selenese>
<selenese>
	<command>click</command>
	<target><![CDATA[scLocator=//Portlet[ID="datastaging_eodmarg_tab_0"]/item[0][Class="ListGrid"]/filterEditor/editRowForm/item[title=Calc.%20date||value=[object Object]||index=0||Class=MiniDateRangeItem]/[icon="showDateRange"]]]></target>
	<value><![CDATA[]]></value>
</selenese>
<selenese>
	<command>waitForElementClickable</command>
	<target><![CDATA[scLocator=//Portlet[ID="datastaging_eodmarg_tab_0"]/item[0][Class="ListGrid"]/filterEditor/editRowForm/item[title=Calc.%20date||value=[object Object]||index=0||Class=MiniDateRangeItem]/rangeDialog/clearButton/]]></target>
	<value><![CDATA[]]></value>
</selenese>
<selenese>
	<command>click</command>
	<target><![CDATA[scLocator=//Portlet[ID="datastaging_eodmarg_tab_0"]/item[0][Class="ListGrid"]/filterEditor/editRowForm/item[title=Calc.%20date||value=[object Object]||index=0||Class=MiniDateRangeItem]/rangeDialog/clearButton/]]></target>
	<value><![CDATA[]]></value>
</selenese>
<selenese>
	<command>waitForElementClickable</command>
	<target><![CDATA[scLocator=//Portlet[ID="datastaging_eodmarg_tab_0"]/item[0][Class="ListGrid"]/filterEditor/editRowForm/item[title=Calc.%20date||index=0||Class=MiniDateRangeItem]/rangeDialog/okButton/]]></target>
	<value><![CDATA[]]></value>
</selenese>
<selenese>
	<command>secondClick</command>
	<target><![CDATA[scLocator=//Portlet[ID="datastaging_eodmarg_tab_0"]/item[0][Class="ListGrid"]/filterEditor/editRowForm/item[title=Calc.%20date||index=0||Class=MiniDateRangeItem]/rangeDialog/okButton/]]></target>
	<value><![CDATA[]]></value>
</selenese>
<selenese>
	<command>waitForElementClickable</command>
	<target><![CDATA[scLocator=//Portlet[ID="datastaging_eodmarg_tab_0"]/item[0][Class="ListGrid"]/filterEditor/editRowForm/item[title=Calc.%20date||index=0||Class=MiniDateRangeItem]/[icon="showDateRange"]]]></target>
	<value><![CDATA[]]></value>
</selenese>
<selenese>
	<command>sendKeys</command>
	<target><![CDATA[scLocator=//Portlet[ID="datastaging_eodmarg_tab_0"]/item[0][Class="ListGrid"]/filterEditor/editRowForm/item[title=Calc.%20date||index=0||Class=MiniDateRangeItem]/[icon="showDateRange"]]]></target>
	<value><![CDATA[${KEY_ENTER}]]></value>
</selenese>
</TestCase>