<?xml version="1.0" encoding="UTF-8"?>
<TestCase seleniumIDEVersion="2.9.1" baseURL="https://10.0.10.230:10044/LiqPortalWEB/index.html">
<selenese>
	<command>echo</command>
	<target><![CDATA[]]></target>
	<value><![CDATA[RU08-NUC01-T02.rctest]]></value>
</selenese>
<selenese>
	<command>open</command>
	<target><![CDATA[/LiqPortalWEB/]]></target>
	<value><![CDATA[Liquidity Portal - Data Stage - Default fund stg. - Filters]]></value>
</selenese>
<selenese>
	<command>type</command>
	<target><![CDATA[id=Username]]></target>
	<value><![CDATA[mpetracc]]></value>
</selenese>
<selenese>
	<command>type</command>
	<target><![CDATA[id=Password]]></target>
	<value><![CDATA[.mpetrac04]]></value>
</selenese>
<selenese>
	<command>clickAndWait</command>
	<target><![CDATA[id=submitLabel]]></target>
	<value><![CDATA[]]></value>
</selenese>
<selenese>
	<command>waitForElementClickable</command>
	<target><![CDATA[scLocator=//Menu[level=1]/body/row[6]/col[fieldName=title||0]]]></target>
	<value><![CDATA[]]></value>
</selenese>
<selenese>
	<command>click</command>
	<target><![CDATA[scLocator=//Menu[level=1]/body/row[6]/col[fieldName=title||0]]]></target>
	<value><![CDATA[]]></value>
</selenese>
<selenese>
	<command>waitForElementClickable</command>
	<target><![CDATA[scLocator=//Portlet[ID="datastaging_deffund_tab_0"]/maximizeButton/]]></target>
	<value><![CDATA[]]></value>
</selenese>
<selenese>
	<command>click</command>
	<target><![CDATA[scLocator=//Portlet[ID="datastaging_deffund_tab_0"]/maximizeButton/]]></target>
	<value><![CDATA[]]></value>
</selenese>
<selenese>
	<command>waitForElementClickable</command>
	<target><![CDATA[scLocator=//Portlet[ID="datastaging_deffund_tab_0"]/item[0][Class="ListGrid"]/filterEditor/editRowForm/item[title=Calc.%20date||index=0||Class=MiniDateRangeItem]/[icon="showDateRange"]]]></target>
	<value><![CDATA[]]></value>
</selenese>
<selenese>
	<command>click</command>
	<target><![CDATA[scLocator=//Portlet[ID="datastaging_deffund_tab_0"]/item[0][Class="ListGrid"]/filterEditor/editRowForm/item[title=Calc.%20date||index=0||Class=MiniDateRangeItem]/[icon="showDateRange"]]]></target>
	<value><![CDATA[]]></value>
</selenese>
<selenese>
	<command>waitForElementClickable</command>
	<target><![CDATA[scLocator=//Portlet[ID="datastaging_deffund_tab_0"]/item[0][Class="ListGrid"]/filterEditor/editRowForm/item[title=Calc.%20date||index=0||Class=MiniDateRangeItem]/rangeDialog/rangeForm/item[name=CALC_DT||title=CALC_DT||index=0||Class=DateRangeItem]/dateRangeForm/item[name=fromField||title=From||index=0||Class=RelativeDateItem]/editor/item[name=iconPlaceholder||title=iconPlaceholder||index=2||Class=StaticTextItem]/[icon="chooserIcon"]]]></target>
	<value><![CDATA[]]></value>
</selenese>
<selenese>
	<command>click</command>
	<target><![CDATA[scLocator=//Portlet[ID="datastaging_deffund_tab_0"]/item[0][Class="ListGrid"]/filterEditor/editRowForm/item[title=Calc.%20date||index=0||Class=MiniDateRangeItem]/rangeDialog/rangeForm/item[name=CALC_DT||title=CALC_DT||index=0||Class=DateRangeItem]/dateRangeForm/item[name=fromField||title=From||index=0||Class=RelativeDateItem]/editor/item[name=iconPlaceholder||title=iconPlaceholder||index=2||Class=StaticTextItem]/[icon="chooserIcon"]]]></target>
	<value><![CDATA[]]></value>
</selenese>
<selenese>
	<command>waitForElementClickable</command>
	<target><![CDATA[scLocator=//autoID[Class=DateChooser||index=19||length=22||classIndex=0||classLength=1]/previousYearButton/]]></target>
	<value><![CDATA[]]></value>
</selenese>
<selenese>
	<command>click</command>
	<target><![CDATA[scLocator=//autoID[Class=DateChooser||index=19||length=22||classIndex=0||classLength=1]/previousYearButton/]]></target>
	<value><![CDATA[]]></value>
</selenese>
<selenese>
	<command>waitForElementClickable</command>
	<target><![CDATA[scLocator=//autoID[Class=DateChooser||index=19||length=22||classIndex=0||classLength=1]/dateGrid/body/row[Mon=Mon Jul 04 2016 12:00:00 GMT+0200 (W. Europe Standard Time)||1]/col[fieldName=Mon||1]]]></target>
	<value><![CDATA[]]></value>
</selenese>
<selenese>
	<command>click</command>
	<target><![CDATA[scLocator=//autoID[Class=DateChooser||index=19||length=22||classIndex=0||classLength=1]/dateGrid/body/row[Mon=Mon Jul 04 2016 12:00:00 GMT+0200 (W. Europe Standard Time)||1]/col[fieldName=Mon||1]]]></target>
	<value><![CDATA[]]></value>
</selenese>
<selenese>
	<command>waitForElementClickable</command>
	<target><![CDATA[scLocator=//Portlet[ID="datastaging_deffund_tab_0"]/item[0][Class="ListGrid"]/filterEditor/editRowForm/item[title=Calc.%20date||value=[object Object]||index=0||Class=MiniDateRangeItem]/rangeDialog/rangeForm/item[name=CALC_DT||title=CALC_DT||value=[object Object]||index=0||Class=DateRangeItem]/dateRangeForm/item[name=toField||title=To||index=1||Class=RelativeDateItem]/editor/item[name=valueField||title=valueField||index=0||Class=ComboBoxItem]/[icon="picker"]]]></target>
	<value><![CDATA[]]></value>
</selenese>
<selenese>
	<command>click</command>
	<target><![CDATA[scLocator=//Portlet[ID="datastaging_deffund_tab_0"]/item[0][Class="ListGrid"]/filterEditor/editRowForm/item[title=Calc.%20date||value=[object Object]||index=0||Class=MiniDateRangeItem]/rangeDialog/rangeForm/item[name=CALC_DT||title=CALC_DT||value=[object Object]||index=0||Class=DateRangeItem]/dateRangeForm/item[name=toField||title=To||index=1||Class=RelativeDateItem]/editor/item[name=valueField||title=valueField||index=0||Class=ComboBoxItem]/[icon="picker"]]]></target>
	<value><![CDATA[]]></value>
</selenese>
<selenese>
	<command>waitForElementClickable</command>
	<target><![CDATA[scLocator=//Portlet[ID="datastaging_deffund_tab_0"]/item[0][Class="ListGrid"]/filterEditor/editRowForm/item[title=Calc.%20date||value=[object Object]||index=0||Class=MiniDateRangeItem]/rangeDialog/rangeForm/item[name=CALC_DT||title=CALC_DT||value=[object Object]||index=0||Class=DateRangeItem]/dateRangeForm/item[name=toField||title=To||index=1||Class=RelativeDateItem]/editor/item[name=valueField||title=valueField||index=0||Class=ComboBoxItem]/pickList/body/row[valueField=%24today||0]/col[fieldName=valueField||0]]]></target>
	<value><![CDATA[]]></value>
</selenese>
<selenese>
	<command>click</command>
	<target><![CDATA[scLocator=//Portlet[ID="datastaging_deffund_tab_0"]/item[0][Class="ListGrid"]/filterEditor/editRowForm/item[title=Calc.%20date||value=[object Object]||index=0||Class=MiniDateRangeItem]/rangeDialog/rangeForm/item[name=CALC_DT||title=CALC_DT||value=[object Object]||index=0||Class=DateRangeItem]/dateRangeForm/item[name=toField||title=To||index=1||Class=RelativeDateItem]/editor/item[name=valueField||title=valueField||index=0||Class=ComboBoxItem]/pickList/body/row[valueField=%24today||0]/col[fieldName=valueField||0]]]></target>
	<value><![CDATA[]]></value>
</selenese>
<selenese>
	<command>waitForElementClickable</command>
	<target><![CDATA[scLocator=//Portlet[ID="datastaging_deffund_tab_0"]/item[0][Class="ListGrid"]/filterEditor/editRowForm/item[title=Calc.%20date||value=[object Object]||index=0||Class=MiniDateRangeItem]/rangeDialog/okButton/]]></target>
	<value><![CDATA[]]></value>
</selenese>
<selenese>
	<command>secondClick</command>
	<target><![CDATA[scLocator=//Portlet[ID="datastaging_deffund_tab_0"]/item[0][Class="ListGrid"]/filterEditor/editRowForm/item[title=Calc.%20date||value=[object Object]||index=0||Class=MiniDateRangeItem]/rangeDialog/okButton/]]></target>
	<value><![CDATA[]]></value>
</selenese>
<selenese>
	<command>waitForElementClickable</command>
	<target><![CDATA[scLocator=//Portlet[ID="datastaging_deffund_tab_0"]/item[0][Class="ListGrid"]/filterEditor/editRowForm/item[title=Calc.%20date||value=[object Object]||index=0||Class=MiniDateRangeItem]/[icon="showDateRange"]]]></target>
	<value><![CDATA[]]></value>
</selenese>
<selenese>
	<command>sendKeys</command>
	<target><![CDATA[scLocator=//Portlet[ID="datastaging_deffund_tab_0"]/item[0][Class="ListGrid"]/filterEditor/editRowForm/item[title=Calc.%20date||value=[object Object]||index=0||Class=MiniDateRangeItem]/[icon="showDateRange"]]]></target>
	<value><![CDATA[${KEY_ENTER}]]></value>
</selenese>
<selenese>
	<command>waitForElementClickable</command>
	<target><![CDATA[scLocator=//Portlet[ID="datastaging_deffund_tab_0"]/item[0][Class="ListGrid"]/filterEditor/editRowForm/item[title=Calc.%20date||value=[object Object]||index=0||Class=MiniDateRangeItem]/rangeDialog/closeButton/]]></target>
	<value><![CDATA[]]></value>
</selenese>
<selenese>
	<command>click</command>
	<target><![CDATA[scLocator=//Portlet[ID="datastaging_deffund_tab_0"]/item[0][Class="ListGrid"]/filterEditor/editRowForm/item[title=Calc.%20date||value=[object Object]||index=0||Class=MiniDateRangeItem]/rangeDialog/closeButton/]]></target>
	<value><![CDATA[]]></value>
</selenese>
<selenese>
	<command>waitForElementClickable</command>
	<target><![CDATA[scLocator=//Portlet[ID="datastaging_deffund_tab_0"]/item[0][Class="ListGrid"]/filterEditor/editRowForm/item[name=DF_CONTRIB||title=Default%20fund%20contrib.||index=2||Class=FloatItem]/element]]></target>
	<value><![CDATA[]]></value>
</selenese>
<selenese>
	<command>click</command>
	<target><![CDATA[scLocator=//Portlet[ID="datastaging_deffund_tab_0"]/item[0][Class="ListGrid"]/filterEditor/editRowForm/item[name=DF_CONTRIB||title=Default%20fund%20contrib.||index=2||Class=FloatItem]/element]]></target>
	<value><![CDATA[]]></value>
</selenese>
<selenese>
	<command>waitForElementReadyForKeyPresses</command>
	<target><![CDATA[scLocator=//Portlet[ID="datastaging_deffund_tab_0"]/item[0][Class="ListGrid"]/filterEditor/editRowForm/item[name=DF_CONTRIB||title=Default%20fund%20contrib.||value=%3C%3D0||index=2||Class=FloatItem]/element]]></target>
	<value><![CDATA[]]></value>
</selenese>
<selenese>
	<command>sendKeys</command>
	<target><![CDATA[scLocator=//Portlet[ID="datastaging_deffund_tab_0"]/item[0][Class="ListGrid"]/filterEditor/editRowForm/item[name=DF_CONTRIB||title=Default%20fund%20contrib.||value=%3C%3D0||index=2||Class=FloatItem]/element]]></target>
	<value><![CDATA[${KEY_ENTER}]]></value>
</selenese>
<selenese>
	<command>waitForElementClickable</command>
	<target><![CDATA[scLocator=//Portlet[ID="datastaging_deffund_tab_0"]/item[0][Class="ListGrid"]/filterEditor/editRowForm/item[name=DF_CONTRIB||title=Default%20fund%20contrib.||value=%3C%3D0||index=2||Class=FloatItem]/element]]></target>
	<value><![CDATA[]]></value>
</selenese>
<selenese>
	<command>type</command>
	<target><![CDATA[scLocator=//Portlet[ID="datastaging_deffund_tab_0"]/item[0][Class="ListGrid"]/filterEditor/editRowForm/item[name=DF_CONTRIB||title=Default%20fund%20contrib.||value=%3C%3D0||index=2||Class=FloatItem]/element]]></target>
	<value><![CDATA[<=0]]></value>
</selenese>
<selenese>
	<command>waitForElementReadyForKeyPresses</command>
	<target><![CDATA[scLocator=//Portlet[ID="datastaging_deffund_tab_0"]/item[0][Class="ListGrid"]/filterEditor/editRowForm/item[name=DF_CONTRIB||title=Default%20fund%20contrib.||index=2||Class=FloatItem]/element]]></target>
	<value><![CDATA[]]></value>
</selenese>
<selenese>
	<command>sendKeys</command>
	<target><![CDATA[scLocator=//Portlet[ID="datastaging_deffund_tab_0"]/item[0][Class="ListGrid"]/filterEditor/editRowForm/item[name=DF_CONTRIB||title=Default%20fund%20contrib.||index=2||Class=FloatItem]/element]]></target>
	<value><![CDATA[${KEY_ENTER}]]></value>
</selenese>
<selenese>
	<command>waitForElementClickable</command>
	<target><![CDATA[scLocator=//Portlet[ID="datastaging_deffund_tab_0"]/item[0][Class="ListGrid"]/filterEditor/editRowForm/item[name=DF_CONTRIB||title=Default%20fund%20contrib.||index=2||Class=FloatItem]/element]]></target>
	<value><![CDATA[]]></value>
</selenese>
<selenese>
	<command>type</command>
	<target><![CDATA[scLocator=//Portlet[ID="datastaging_deffund_tab_0"]/item[0][Class="ListGrid"]/filterEditor/editRowForm/item[name=DF_CONTRIB||title=Default%20fund%20contrib.||index=2||Class=FloatItem]/element]]></target>
	<value><![CDATA[]]></value>
</selenese>
<selenese>
	<command>waitForElementClickable</command>
	<target><![CDATA[scLocator=//Portlet[ID="datastaging_deffund_tab_0"]/item[0][Class="ListGrid"]/body/vscrollbar/peer[Class=SpritedVSimpleScrollThumb||index=0||length=1||classIndex=0||classLength=1||title=%26nbsp%3B||name=main]/]]></target>
	<value><![CDATA[]]></value>
</selenese>
<selenese>
	<command>dragAndDrop</command>
	<target><![CDATA[scLocator=//Portlet[ID="datastaging_deffund_tab_0"]/item[0][Class="ListGrid"]/body/vscrollbar/peer[Class=SpritedVSimpleScrollThumb||index=0||length=1||classIndex=0||classLength=1||title=%26nbsp%3B||name=main]/]]></target>
	<value><![CDATA[+4,-15]]></value>
</selenese>
<selenese>
	<command>waitForElementClickable</command>
	<target><![CDATA[scLocator=//Portlet[ID="datastaging_deffund_tab_0"]/item[0][Class="ListGrid"]/body/vscrollbar/peer[Class=SpritedVSimpleScrollThumb||index=0||length=1||classIndex=0||classLength=1||title=%26nbsp%3B||name=main]/]]></target>
	<value><![CDATA[]]></value>
</selenese>
<selenese>
	<command>dragAndDrop</command>
	<target><![CDATA[scLocator=//Portlet[ID="datastaging_deffund_tab_0"]/item[0][Class="ListGrid"]/body/vscrollbar/peer[Class=SpritedVSimpleScrollThumb||index=0||length=1||classIndex=0||classLength=1||title=%26nbsp%3B||name=main]/]]></target>
	<value><![CDATA[+3,-23]]></value>
</selenese>
<selenese>
	<command>waitForElementClickable</command>
	<target><![CDATA[scLocator=//Portlet[ID="datastaging_deffund_tab_0"]/item[0][Class="ListGrid"]/body/row[CALC_DT=Wed Jul 05 2017 12:00:00 GMT+0200 (W. Europe Standard Time)||CM_CS_ID=1005||DF_CONTRIB=802000||1]/col[fieldName=DF_CONTRIB||2]]]></target>
	<value><![CDATA[]]></value>
</selenese>
<selenese>
	<command>click</command>
	<target><![CDATA[scLocator=//Portlet[ID="datastaging_deffund_tab_0"]/item[0][Class="ListGrid"]/body/row[CALC_DT=Wed Jul 05 2017 12:00:00 GMT+0200 (W. Europe Standard Time)||CM_CS_ID=1005||DF_CONTRIB=802000||1]/col[fieldName=DF_CONTRIB||2]]]></target>
	<value><![CDATA[]]></value>
</selenese>
<selenese>
	<command>waitForElementClickable</command>
	<target><![CDATA[scLocator=//Portlet[ID="datastaging_deffund_tab_0"]/item[0][Class="ListGrid"]/body/row[CALC_DT=Wed Jul 05 2017 12:00:00 GMT+0200 (W. Europe Standard Time)||CM_CS_ID=1005||DF_CONTRIB=802000||1]/col[fieldName=DF_CONTRIB||2]]]></target>
	<value><![CDATA[]]></value>
</selenese>
<selenese>
	<command>contextMenu</command>
	<target><![CDATA[scLocator=//Portlet[ID="datastaging_deffund_tab_0"]/item[0][Class="ListGrid"]/body/row[CALC_DT=Wed Jul 05 2017 12:00:00 GMT+0200 (W. Europe Standard Time)||CM_CS_ID=1005||DF_CONTRIB=802000||1]/col[fieldName=DF_CONTRIB||2]]]></target>
	<value><![CDATA[]]></value>
</selenese>
<selenese>
	<command>waitForElementClickable</command>
	<target><![CDATA[scLocator=//Menu[level=0]/body/row[title=Copy||0]/col[fieldName=title||1]]]></target>
	<value><![CDATA[]]></value>
</selenese>
<selenese>
	<command>click</command>
	<target><![CDATA[scLocator=//Menu[level=0]/body/row[title=Copy||0]/col[fieldName=title||1]]]></target>
	<value><![CDATA[]]></value>
</selenese>
<selenese>
	<command>waitForElementClickable</command>
	<target><![CDATA[scLocator=//autoID[Class=Dialog||index=38||length=40||classIndex=0||classLength=1||roleIndex=0||roleLength=1||title=Copy%20Cells||scRole=alertdialog]/item[0][Class="DynamicForm"]/item[name=done||title=Done||index=2||Class=ButtonItem]/button/]]></target>
	<value><![CDATA[]]></value>
</selenese>
<selenese>
	<command>click</command>
	<target><![CDATA[scLocator=//autoID[Class=Dialog||index=38||length=40||classIndex=0||classLength=1||roleIndex=0||roleLength=1||title=Copy%20Cells||scRole=alertdialog]/item[0][Class="DynamicForm"]/item[name=done||title=Done||index=2||Class=ButtonItem]/button/]]></target>
	<value><![CDATA[]]></value>
</selenese>
<selenese>
	<command>waitForElementClickable</command>
	<target><![CDATA[scLocator=//Portlet[ID="datastaging_deffund_tab_0"]/header/]]></target>
	<value><![CDATA[]]></value>
</selenese>
<selenese>
	<command>click</command>
	<target><![CDATA[scLocator=//Portlet[ID="datastaging_deffund_tab_0"]/header/]]></target>
	<value><![CDATA[]]></value>
</selenese>
<selenese>
	<command>waitForElementClickable</command>
	<target><![CDATA[scLocator=//Portlet[ID="datastaging_deffund_tab_0"]/item[0][Class="ListGrid"]/filterEditor/editRowForm/item[name=DF_CONTRIB||title=Default%20fund%20contrib.||index=2||Class=FloatItem]/element]]></target>
	<value><![CDATA[]]></value>
</selenese>
<selenese>
	<command>secondClick</command>
	<target><![CDATA[scLocator=//Portlet[ID="datastaging_deffund_tab_0"]/item[0][Class="ListGrid"]/filterEditor/editRowForm/item[name=DF_CONTRIB||title=Default%20fund%20contrib.||index=2||Class=FloatItem]/element]]></target>
	<value><![CDATA[]]></value>
</selenese>
<selenese>
	<command>waitForElementReadyForKeyPresses</command>
	<target><![CDATA[scLocator=//Portlet[ID="datastaging_deffund_tab_0"]/item[0][Class="ListGrid"]/filterEditor/editRowForm/item[name=DF_CONTRIB||title=Default%20fund%20contrib.||value=%22802000||index=2||Class=FloatItem]/element]]></target>
	<value><![CDATA[]]></value>
</selenese>
<selenese>
	<command>sendKeys</command>
	<target><![CDATA[scLocator=//Portlet[ID="datastaging_deffund_tab_0"]/item[0][Class="ListGrid"]/filterEditor/editRowForm/item[name=DF_CONTRIB||title=Default%20fund%20contrib.||value=%22802000||index=2||Class=FloatItem]/element]]></target>
	<value><![CDATA[${KEY_LEFT}]]></value>
</selenese>
<selenese>
	<command>waitForElementReadyForKeyPresses</command>
	<target><![CDATA[scLocator=//Portlet[ID="datastaging_deffund_tab_0"]/item[0][Class="ListGrid"]/filterEditor/editRowForm/item[name=DF_CONTRIB||title=Default%20fund%20contrib.||value=%22802000||index=2||Class=FloatItem]/element]]></target>
	<value><![CDATA[]]></value>
</selenese>
<selenese>
	<command>sendKeys</command>
	<target><![CDATA[scLocator=//Portlet[ID="datastaging_deffund_tab_0"]/item[0][Class="ListGrid"]/filterEditor/editRowForm/item[name=DF_CONTRIB||title=Default%20fund%20contrib.||value=%22802000||index=2||Class=FloatItem]/element]]></target>
	<value><![CDATA[${KEY_LEFT}]]></value>
</selenese>
<selenese>
	<command>waitForElementReadyForKeyPresses</command>
	<target><![CDATA[scLocator=//Portlet[ID="datastaging_deffund_tab_0"]/item[0][Class="ListGrid"]/filterEditor/editRowForm/item[name=DF_CONTRIB||title=Default%20fund%20contrib.||value=%22802000||index=2||Class=FloatItem]/element]]></target>
	<value><![CDATA[]]></value>
</selenese>
<selenese>
	<command>sendKeys</command>
	<target><![CDATA[scLocator=//Portlet[ID="datastaging_deffund_tab_0"]/item[0][Class="ListGrid"]/filterEditor/editRowForm/item[name=DF_CONTRIB||title=Default%20fund%20contrib.||value=%22802000||index=2||Class=FloatItem]/element]]></target>
	<value><![CDATA[${KEY_LEFT}]]></value>
</selenese>
<selenese>
	<command>waitForElementReadyForKeyPresses</command>
	<target><![CDATA[scLocator=//Portlet[ID="datastaging_deffund_tab_0"]/item[0][Class="ListGrid"]/filterEditor/editRowForm/item[name=DF_CONTRIB||title=Default%20fund%20contrib.||value=%22802000||index=2||Class=FloatItem]/element]]></target>
	<value><![CDATA[]]></value>
</selenese>
<selenese>
	<command>sendKeys</command>
	<target><![CDATA[scLocator=//Portlet[ID="datastaging_deffund_tab_0"]/item[0][Class="ListGrid"]/filterEditor/editRowForm/item[name=DF_CONTRIB||title=Default%20fund%20contrib.||value=%22802000||index=2||Class=FloatItem]/element]]></target>
	<value><![CDATA[${KEY_LEFT}]]></value>
</selenese>
<selenese>
	<command>waitForElementReadyForKeyPresses</command>
	<target><![CDATA[scLocator=//Portlet[ID="datastaging_deffund_tab_0"]/item[0][Class="ListGrid"]/filterEditor/editRowForm/item[name=DF_CONTRIB||title=Default%20fund%20contrib.||value=%22802000||index=2||Class=FloatItem]/element]]></target>
	<value><![CDATA[]]></value>
</selenese>
<selenese>
	<command>sendKeys</command>
	<target><![CDATA[scLocator=//Portlet[ID="datastaging_deffund_tab_0"]/item[0][Class="ListGrid"]/filterEditor/editRowForm/item[name=DF_CONTRIB||title=Default%20fund%20contrib.||value=%22802000||index=2||Class=FloatItem]/element]]></target>
	<value><![CDATA[${KEY_LEFT}]]></value>
</selenese>
<selenese>
	<command>waitForElementReadyForKeyPresses</command>
	<target><![CDATA[scLocator=//Portlet[ID="datastaging_deffund_tab_0"]/item[0][Class="ListGrid"]/filterEditor/editRowForm/item[name=DF_CONTRIB||title=Default%20fund%20contrib.||value=%22802000||index=2||Class=FloatItem]/element]]></target>
	<value><![CDATA[]]></value>
</selenese>
<selenese>
	<command>sendKeys</command>
	<target><![CDATA[scLocator=//Portlet[ID="datastaging_deffund_tab_0"]/item[0][Class="ListGrid"]/filterEditor/editRowForm/item[name=DF_CONTRIB||title=Default%20fund%20contrib.||value=%22802000||index=2||Class=FloatItem]/element]]></target>
	<value><![CDATA[${KEY_LEFT}]]></value>
</selenese>
<selenese>
	<command>waitForElementReadyForKeyPresses</command>
	<target><![CDATA[scLocator=//Portlet[ID="datastaging_deffund_tab_0"]/item[0][Class="ListGrid"]/filterEditor/editRowForm/item[name=DF_CONTRIB||title=Default%20fund%20contrib.||value=%3C%3D802000||index=2||Class=FloatItem]/element]]></target>
	<value><![CDATA[]]></value>
</selenese>
<selenese>
	<command>sendKeys</command>
	<target><![CDATA[scLocator=//Portlet[ID="datastaging_deffund_tab_0"]/item[0][Class="ListGrid"]/filterEditor/editRowForm/item[name=DF_CONTRIB||title=Default%20fund%20contrib.||value=%3C%3D802000||index=2||Class=FloatItem]/element]]></target>
	<value><![CDATA[${KEY_ENTER}]]></value>
</selenese>
<selenese>
	<command>waitForElementClickable</command>
	<target><![CDATA[scLocator=//Portlet[ID="datastaging_deffund_tab_0"]/item[0][Class="ListGrid"]/filterEditor/editRowForm/item[name=DF_CONTRIB||title=Default%20fund%20contrib.||value=%3C%3D802000||index=2||Class=FloatItem]/element]]></target>
	<value><![CDATA[]]></value>
</selenese>
<selenese>
	<command>type</command>
	<target><![CDATA[scLocator=//Portlet[ID="datastaging_deffund_tab_0"]/item[0][Class="ListGrid"]/filterEditor/editRowForm/item[name=DF_CONTRIB||title=Default%20fund%20contrib.||value=%3C%3D802000||index=2||Class=FloatItem]/element]]></target>
	<value><![CDATA[<=802000]]></value>
</selenese>
<selenese>
	<command>waitForElementClickable</command>
	<target><![CDATA[scLocator=//Portlet[ID="datastaging_deffund_tab_0"]/item[0][Class="ListGrid"]/filterEditor/editRowForm/item[name=DF_CONTRIB||title=Default%20fund%20contrib.||index=2||Class=FloatItem]/element]]></target>
	<value><![CDATA[]]></value>
</selenese>
<selenese>
	<command>type</command>
	<target><![CDATA[scLocator=//Portlet[ID="datastaging_deffund_tab_0"]/item[0][Class="ListGrid"]/filterEditor/editRowForm/item[name=DF_CONTRIB||title=Default%20fund%20contrib.||index=2||Class=FloatItem]/element]]></target>
	<value><![CDATA[]]></value>
</selenese>
<selenese>
	<command>waitForElementClickable</command>
	<target><![CDATA[scLocator=//Portlet[ID="datastaging_deffund_tab_0"]/item[0][Class="ListGrid"]/filterEditor/editRowForm/item[name=LEGAL_NAME||title=Legal%20name||index=1||Class=TextItem]/element]]></target>
	<value><![CDATA[]]></value>
</selenese>
<selenese>
	<command>click</command>
	<target><![CDATA[scLocator=//Portlet[ID="datastaging_deffund_tab_0"]/item[0][Class="ListGrid"]/filterEditor/editRowForm/item[name=LEGAL_NAME||title=Legal%20name||index=1||Class=TextItem]/element]]></target>
	<value><![CDATA[]]></value>
</selenese>
<selenese>
	<command>waitForElementReadyForKeyPresses</command>
	<target><![CDATA[scLocator=//Portlet[ID="datastaging_deffund_tab_0"]/item[0][Class="ListGrid"]/filterEditor/editRowForm/item[name=LEGAL_NAME||title=Legal%20name||value=Cassa||index=1||Class=TextItem]/element]]></target>
	<value><![CDATA[]]></value>
</selenese>
<selenese>
	<command>sendKeys</command>
	<target><![CDATA[scLocator=//Portlet[ID="datastaging_deffund_tab_0"]/item[0][Class="ListGrid"]/filterEditor/editRowForm/item[name=LEGAL_NAME||title=Legal%20name||value=Cassa||index=1||Class=TextItem]/element]]></target>
	<value><![CDATA[${KEY_ENTER}]]></value>
</selenese>
<selenese>
	<command>waitForElementClickable</command>
	<target><![CDATA[scLocator=//Portlet[ID="datastaging_deffund_tab_0"]/item[0][Class="ListGrid"]/filterEditor/editRowForm/item[name=LEGAL_NAME||title=Legal%20name||value=Cassa||index=1||Class=TextItem]/element]]></target>
	<value><![CDATA[]]></value>
</selenese>
<selenese>
	<command>type</command>
	<target><![CDATA[scLocator=//Portlet[ID="datastaging_deffund_tab_0"]/item[0][Class="ListGrid"]/filterEditor/editRowForm/item[name=LEGAL_NAME||title=Legal%20name||value=Cassa||index=1||Class=TextItem]/element]]></target>
	<value><![CDATA[Cassa]]></value>
</selenese>
<selenese>
	<command>waitForElementClickable</command>
	<target><![CDATA[scLocator=//Portlet[ID="datastaging_deffund_tab_0"]/item[0][Class="ListGrid"]/body/vscrollbar/peer[Class=SpritedVSimpleScrollThumb||index=0||length=1||classIndex=0||classLength=1||title=%26nbsp%3B||name=main]/]]></target>
	<value><![CDATA[]]></value>
</selenese>
<selenese>
	<command>dragAndDrop</command>
	<target><![CDATA[scLocator=//Portlet[ID="datastaging_deffund_tab_0"]/item[0][Class="ListGrid"]/body/vscrollbar/peer[Class=SpritedVSimpleScrollThumb||index=0||length=1||classIndex=0||classLength=1||title=%26nbsp%3B||name=main]/]]></target>
	<value><![CDATA[-24,+337]]></value>
</selenese>
<selenese>
	<command>waitForElementClickable</command>
	<target><![CDATA[scLocator=//Portlet[ID="datastaging_deffund_tab_0"]/item[0][Class="ListGrid"]/filterEditor/editRowForm/item[name=LEGAL_NAME||title=Legal%20name||value=Cassa||index=1||Class=TextItem]/element]]></target>
	<value><![CDATA[]]></value>
</selenese>
<selenese>
	<command>click</command>
	<target><![CDATA[scLocator=//Portlet[ID="datastaging_deffund_tab_0"]/item[0][Class="ListGrid"]/filterEditor/editRowForm/item[name=LEGAL_NAME||title=Legal%20name||value=Cassa||index=1||Class=TextItem]/element]]></target>
	<value><![CDATA[]]></value>
</selenese>
<selenese>
	<command>waitForElementClickable</command>
	<target><![CDATA[scLocator=//Portlet[ID="datastaging_deffund_tab_0"]/item[0][Class="ListGrid"]/filterEditor/editRowForm/item[name=LEGAL_NAME||title=Legal%20name||value=Cassa||index=1||Class=TextItem]/element]]></target>
	<value><![CDATA[]]></value>
</selenese>
<selenese>
	<command>click</command>
	<target><![CDATA[scLocator=//Portlet[ID="datastaging_deffund_tab_0"]/item[0][Class="ListGrid"]/filterEditor/editRowForm/item[name=LEGAL_NAME||title=Legal%20name||value=Cassa||index=1||Class=TextItem]/element]]></target>
	<value><![CDATA[]]></value>
</selenese>
<selenese>
	<command>waitForElementReadyForKeyPresses</command>
	<target><![CDATA[scLocator=//Portlet[ID="datastaging_deffund_tab_0"]/item[0][Class="ListGrid"]/filterEditor/editRowForm/item[name=LEGAL_NAME||title=Legal%20name||index=1||Class=TextItem]/element]]></target>
	<value><![CDATA[]]></value>
</selenese>
<selenese>
	<command>sendKeys</command>
	<target><![CDATA[scLocator=//Portlet[ID="datastaging_deffund_tab_0"]/item[0][Class="ListGrid"]/filterEditor/editRowForm/item[name=LEGAL_NAME||title=Legal%20name||index=1||Class=TextItem]/element]]></target>
	<value><![CDATA[${KEY_ENTER}]]></value>
</selenese>
<selenese>
	<command>waitForElementClickable</command>
	<target><![CDATA[scLocator=//Portlet[ID="datastaging_deffund_tab_0"]/item[0][Class="ListGrid"]/filterEditor/editRowForm/item[name=LEGAL_NAME||title=Legal%20name||index=1||Class=TextItem]/element]]></target>
	<value><![CDATA[]]></value>
</selenese>
<selenese>
	<command>type</command>
	<target><![CDATA[scLocator=//Portlet[ID="datastaging_deffund_tab_0"]/item[0][Class="ListGrid"]/filterEditor/editRowForm/item[name=LEGAL_NAME||title=Legal%20name||index=1||Class=TextItem]/element]]></target>
	<value><![CDATA[]]></value>
</selenese>
<selenese>
	<command>waitForElementClickable</command>
	<target><![CDATA[scLocator=//Portlet[ID="datastaging_deffund_tab_0"]/item[0][Class="ListGrid"]/filterEditor/editRowForm/item[title=Calc.%20date||value=[object Object]||index=0||Class=MiniDateRangeItem]/[icon="showDateRange"]]]></target>
	<value><![CDATA[]]></value>
</selenese>
<selenese>
	<command>click</command>
	<target><![CDATA[scLocator=//Portlet[ID="datastaging_deffund_tab_0"]/item[0][Class="ListGrid"]/filterEditor/editRowForm/item[title=Calc.%20date||value=[object Object]||index=0||Class=MiniDateRangeItem]/[icon="showDateRange"]]]></target>
	<value><![CDATA[]]></value>
</selenese>
<selenese>
	<command>waitForElementClickable</command>
	<target><![CDATA[scLocator=//Portlet[ID="datastaging_deffund_tab_0"]/item[0][Class="ListGrid"]/filterEditor/editRowForm/item[title=Calc.%20date||value=[object Object]||index=0||Class=MiniDateRangeItem]/rangeDialog/clearButton/]]></target>
	<value><![CDATA[]]></value>
</selenese>
<selenese>
	<command>click</command>
	<target><![CDATA[scLocator=//Portlet[ID="datastaging_deffund_tab_0"]/item[0][Class="ListGrid"]/filterEditor/editRowForm/item[title=Calc.%20date||value=[object Object]||index=0||Class=MiniDateRangeItem]/rangeDialog/clearButton/]]></target>
	<value><![CDATA[]]></value>
</selenese>
<selenese>
	<command>waitForElementClickable</command>
	<target><![CDATA[scLocator=//Portlet[ID="datastaging_deffund_tab_0"]/item[0][Class="ListGrid"]/filterEditor/editRowForm/item[title=Calc.%20date||index=0||Class=MiniDateRangeItem]/rangeDialog/okButton/]]></target>
	<value><![CDATA[]]></value>
</selenese>
<selenese>
	<command>secondClick</command>
	<target><![CDATA[scLocator=//Portlet[ID="datastaging_deffund_tab_0"]/item[0][Class="ListGrid"]/filterEditor/editRowForm/item[title=Calc.%20date||index=0||Class=MiniDateRangeItem]/rangeDialog/okButton/]]></target>
	<value><![CDATA[]]></value>
</selenese>
<selenese>
	<command>waitForElementClickable</command>
	<target><![CDATA[scLocator=//Portlet[ID="datastaging_deffund_tab_0"]/item[0][Class="ListGrid"]/filterEditor/editRowForm/item[title=Calc.%20date||index=0||Class=MiniDateRangeItem]/[icon="showDateRange"]]]></target>
	<value><![CDATA[]]></value>
</selenese>
<selenese>
	<command>sendKeys</command>
	<target><![CDATA[scLocator=//Portlet[ID="datastaging_deffund_tab_0"]/item[0][Class="ListGrid"]/filterEditor/editRowForm/item[title=Calc.%20date||index=0||Class=MiniDateRangeItem]/[icon="showDateRange"]]]></target>
	<value><![CDATA[${KEY_ENTER}]]></value>
</selenese>
</TestCase>