<?xml version="1.0" encoding="UTF-8"?>
<TestCase seleniumIDEVersion="2.9.1" baseURL="https://10.0.10.230:10044/LiqPortalWEB/index.html">
<selenese>
	<command>echo</command>
	<target><![CDATA[]]></target>
	<value><![CDATA[RU10-NUC01-T02.rctest]]></value>
</selenese>
<selenese>
	<command>open</command>
	<target><![CDATA[/LiqPortalWEB/]]></target>
	<value><![CDATA[Liquidity Portal - Liquidity - Account Balances - Filters]]></value>
</selenese>
<selenese>
	<command>type</command>
	<target><![CDATA[id=Username]]></target>
	<value><![CDATA[mpetracc]]></value>
</selenese>
<selenese>
	<command>type</command>
	<target><![CDATA[id=Password]]></target>
	<value><![CDATA[.mpetrac04]]></value>
</selenese>
<selenese>
	<command>clickAndWait</command>
	<target><![CDATA[id=submitLabel]]></target>
	<value><![CDATA[]]></value>
</selenese>
<selenese>
	<command>waitForElementClickable</command>
	<target><![CDATA[scLocator=//Menu[level=1]/body/row[2]/col[fieldName=title||0]]]></target>
	<value><![CDATA[]]></value>
</selenese>
<selenese>
	<command>click</command>
	<target><![CDATA[scLocator=//Menu[level=1]/body/row[2]/col[fieldName=title||0]]]></target>
	<value><![CDATA[]]></value>
</selenese>
<selenese>
	<command>waitForElementClickable</command>
	<target><![CDATA[scLocator=//Portlet[ID="liquidity_account_tab_0"]/maximizeButton/]]></target>
	<value><![CDATA[]]></value>
</selenese>
<selenese>
	<command>click</command>
	<target><![CDATA[scLocator=//Portlet[ID="liquidity_account_tab_0"]/maximizeButton/]]></target>
	<value><![CDATA[]]></value>
</selenese>
<selenese>
	<command>waitForElementClickable</command>
	<target><![CDATA[scLocator=//Portlet[ID="liquidity_account_tab_0"]/item[0][Class="ListGrid"]/filterEditor/editRowForm/item[title=Date%20Balance||index=1||Class=MiniDateRangeItem]/[icon="showDateRange"]]]></target>
	<value><![CDATA[]]></value>
</selenese>
<selenese>
	<command>click</command>
	<target><![CDATA[scLocator=//Portlet[ID="liquidity_account_tab_0"]/item[0][Class="ListGrid"]/filterEditor/editRowForm/item[title=Date%20Balance||index=1||Class=MiniDateRangeItem]/[icon="showDateRange"]]]></target>
	<value><![CDATA[]]></value>
</selenese>
<selenese>
	<command>waitForElementClickable</command>
	<target><![CDATA[scLocator=//Portlet[ID="liquidity_account_tab_0"]/item[0][Class="ListGrid"]/filterEditor/editRowForm/item[title=Date%20Balance||index=1||Class=MiniDateRangeItem]/rangeDialog/rangeForm/item[name=BAL_DT||title=BAL_DT||index=0||Class=DateRangeItem]/dateRangeForm/item[name=fromField||title=From||index=0||Class=RelativeDateItem]/editor/item[name=valueField||title=valueField||index=0||Class=ComboBoxItem]/[icon="picker"]]]></target>
	<value><![CDATA[]]></value>
</selenese>
<selenese>
	<command>click</command>
	<target><![CDATA[scLocator=//Portlet[ID="liquidity_account_tab_0"]/item[0][Class="ListGrid"]/filterEditor/editRowForm/item[title=Date%20Balance||index=1||Class=MiniDateRangeItem]/rangeDialog/rangeForm/item[name=BAL_DT||title=BAL_DT||index=0||Class=DateRangeItem]/dateRangeForm/item[name=fromField||title=From||index=0||Class=RelativeDateItem]/editor/item[name=valueField||title=valueField||index=0||Class=ComboBoxItem]/[icon="picker"]]]></target>
	<value><![CDATA[]]></value>
</selenese>
<selenese>
	<command>waitForElementClickable</command>
	<target><![CDATA[scLocator=//Portlet[ID="liquidity_account_tab_0"]/item[0][Class="ListGrid"]/filterEditor/editRowForm/item[title=Date%20Balance||index=1||Class=MiniDateRangeItem]/rangeDialog/rangeForm/item[name=BAL_DT||title=BAL_DT||index=0||Class=DateRangeItem]/dateRangeForm/item[name=fromField||title=From||index=0||Class=RelativeDateItem]/editor/item[name=valueField||title=valueField||index=0||Class=ComboBoxItem]/pickList/body/row[valueField=%24yesterday||1]/col[fieldName=valueField||0]]]></target>
	<value><![CDATA[]]></value>
</selenese>
<selenese>
	<command>click</command>
	<target><![CDATA[scLocator=//Portlet[ID="liquidity_account_tab_0"]/item[0][Class="ListGrid"]/filterEditor/editRowForm/item[title=Date%20Balance||index=1||Class=MiniDateRangeItem]/rangeDialog/rangeForm/item[name=BAL_DT||title=BAL_DT||index=0||Class=DateRangeItem]/dateRangeForm/item[name=fromField||title=From||index=0||Class=RelativeDateItem]/editor/item[name=valueField||title=valueField||index=0||Class=ComboBoxItem]/pickList/body/row[valueField=%24yesterday||1]/col[fieldName=valueField||0]]]></target>
	<value><![CDATA[]]></value>
</selenese>
<selenese>
	<command>waitForElementClickable</command>
	<target><![CDATA[scLocator=//Portlet[ID="liquidity_account_tab_0"]/item[0][Class="ListGrid"]/filterEditor/editRowForm/item[title=Date%20Balance||value=[object Object]||index=1||Class=MiniDateRangeItem]/rangeDialog/rangeForm/item[name=BAL_DT||title=BAL_DT||value=[object Object]||index=0||Class=DateRangeItem]/dateRangeForm/item[name=toField||title=To||index=1||Class=RelativeDateItem]/editor/item[name=valueField||title=valueField||index=0||Class=ComboBoxItem]/[icon="picker"]]]></target>
	<value><![CDATA[]]></value>
</selenese>
<selenese>
	<command>click</command>
	<target><![CDATA[scLocator=//Portlet[ID="liquidity_account_tab_0"]/item[0][Class="ListGrid"]/filterEditor/editRowForm/item[title=Date%20Balance||value=[object Object]||index=1||Class=MiniDateRangeItem]/rangeDialog/rangeForm/item[name=BAL_DT||title=BAL_DT||value=[object Object]||index=0||Class=DateRangeItem]/dateRangeForm/item[name=toField||title=To||index=1||Class=RelativeDateItem]/editor/item[name=valueField||title=valueField||index=0||Class=ComboBoxItem]/[icon="picker"]]]></target>
	<value><![CDATA[]]></value>
</selenese>
<selenese>
	<command>waitForElementClickable</command>
	<target><![CDATA[scLocator=//Portlet[ID="liquidity_account_tab_0"]/item[0][Class="ListGrid"]/filterEditor/editRowForm/item[title=Date%20Balance||value=[object Object]||index=1||Class=MiniDateRangeItem]/rangeDialog/rangeForm/item[name=BAL_DT||title=BAL_DT||value=[object Object]||index=0||Class=DateRangeItem]/dateRangeForm/item[name=toField||title=To||index=1||Class=RelativeDateItem]/editor/item[name=valueField||title=valueField||index=0||Class=ComboBoxItem]/pickList/body/row[valueField=%24today||0]/col[fieldName=valueField||0]]]></target>
	<value><![CDATA[]]></value>
</selenese>
<selenese>
	<command>click</command>
	<target><![CDATA[scLocator=//Portlet[ID="liquidity_account_tab_0"]/item[0][Class="ListGrid"]/filterEditor/editRowForm/item[title=Date%20Balance||value=[object Object]||index=1||Class=MiniDateRangeItem]/rangeDialog/rangeForm/item[name=BAL_DT||title=BAL_DT||value=[object Object]||index=0||Class=DateRangeItem]/dateRangeForm/item[name=toField||title=To||index=1||Class=RelativeDateItem]/editor/item[name=valueField||title=valueField||index=0||Class=ComboBoxItem]/pickList/body/row[valueField=%24today||0]/col[fieldName=valueField||0]]]></target>
	<value><![CDATA[]]></value>
</selenese>
<selenese>
	<command>waitForElementClickable</command>
	<target><![CDATA[scLocator=//Portlet[ID="liquidity_account_tab_0"]/item[0][Class="ListGrid"]/filterEditor/editRowForm/item[title=Date%20Balance||value=[object Object]||index=1||Class=MiniDateRangeItem]/rangeDialog/okButton/]]></target>
	<value><![CDATA[]]></value>
</selenese>
<selenese>
	<command>click</command>
	<target><![CDATA[scLocator=//Portlet[ID="liquidity_account_tab_0"]/item[0][Class="ListGrid"]/filterEditor/editRowForm/item[title=Date%20Balance||value=[object Object]||index=1||Class=MiniDateRangeItem]/rangeDialog/okButton/]]></target>
	<value><![CDATA[]]></value>
</selenese>
<selenese>
	<command>waitForElementClickable</command>
	<target><![CDATA[scLocator=//Portlet[ID="liquidity_account_tab_0"]/item[0][Class="ListGrid"]/filterEditor/editRowForm/item[title=Date%20Balance||value=[object Object]||index=1||Class=MiniDateRangeItem]/[icon="showDateRange"]]]></target>
	<value><![CDATA[]]></value>
</selenese>
<selenese>
	<command>sendKeys</command>
	<target><![CDATA[scLocator=//Portlet[ID="liquidity_account_tab_0"]/item[0][Class="ListGrid"]/filterEditor/editRowForm/item[title=Date%20Balance||value=[object Object]||index=1||Class=MiniDateRangeItem]/[icon="showDateRange"]]]></target>
	<value><![CDATA[${KEY_ENTER}]]></value>
</selenese>
<selenese>
	<command>waitForElementClickable</command>
	<target><![CDATA[scLocator=//Portlet[ID="liquidity_account_tab_0"]/item[0][Class="ListGrid"]/filterEditor/editRowForm/item[title=Date%20Balance||value=[object Object]||index=1||Class=MiniDateRangeItem]/rangeDialog/closeButton/]]></target>
	<value><![CDATA[]]></value>
</selenese>
<selenese>
	<command>click</command>
	<target><![CDATA[scLocator=//Portlet[ID="liquidity_account_tab_0"]/item[0][Class="ListGrid"]/filterEditor/editRowForm/item[title=Date%20Balance||value=[object Object]||index=1||Class=MiniDateRangeItem]/rangeDialog/closeButton/]]></target>
	<value><![CDATA[]]></value>
</selenese>
<selenese>
	<command>waitForElementClickable</command>
	<target><![CDATA[scLocator=//Portlet[ID="liquidity_account_tab_0"]/item[0][Class="ListGrid"]/filterEditor/editRowForm/item[name=CURRAMNT||title=Actual%20amount||index=2||Class=FloatItem]/element]]></target>
	<value><![CDATA[]]></value>
</selenese>
<selenese>
	<command>click</command>
	<target><![CDATA[scLocator=//Portlet[ID="liquidity_account_tab_0"]/item[0][Class="ListGrid"]/filterEditor/editRowForm/item[name=CURRAMNT||title=Actual%20amount||index=2||Class=FloatItem]/element]]></target>
	<value><![CDATA[]]></value>
</selenese>
<selenese>
	<command>waitForElementReadyForKeyPresses</command>
	<target><![CDATA[scLocator=//Portlet[ID="liquidity_account_tab_0"]/item[0][Class="ListGrid"]/filterEditor/editRowForm/item[name=CURRAMNT||title=Actual%20amount||value=%3C%3D1000||index=2||Class=FloatItem]/element]]></target>
	<value><![CDATA[]]></value>
</selenese>
<selenese>
	<command>sendKeys</command>
	<target><![CDATA[scLocator=//Portlet[ID="liquidity_account_tab_0"]/item[0][Class="ListGrid"]/filterEditor/editRowForm/item[name=CURRAMNT||title=Actual%20amount||value=%3C%3D1000||index=2||Class=FloatItem]/element]]></target>
	<value><![CDATA[${KEY_ENTER}]]></value>
</selenese>
<selenese>
	<command>waitForElementClickable</command>
	<target><![CDATA[scLocator=//Portlet[ID="liquidity_account_tab_0"]/item[0][Class="ListGrid"]/filterEditor/editRowForm/item[name=CURRAMNT||title=Actual%20amount||value=%3C%3D1000||index=2||Class=FloatItem]/element]]></target>
	<value><![CDATA[]]></value>
</selenese>
<selenese>
	<command>type</command>
	<target><![CDATA[scLocator=//Portlet[ID="liquidity_account_tab_0"]/item[0][Class="ListGrid"]/filterEditor/editRowForm/item[name=CURRAMNT||title=Actual%20amount||value=%3C%3D1000||index=2||Class=FloatItem]/element]]></target>
	<value><![CDATA[<=1000]]></value>
</selenese>
<selenese>
	<command>waitForElementClickable</command>
	<target><![CDATA[scLocator=//Portlet[ID="liquidity_account_tab_0"]/item[0][Class="ListGrid"]/filterEditor/editRowForm/item[name=CURRAMNT||title=Actual%20amount||value=%3C%3D1000||index=2||Class=FloatItem]/element]]></target>
	<value><![CDATA[]]></value>
</selenese>
<selenese>
	<command>click</command>
	<target><![CDATA[scLocator=//Portlet[ID="liquidity_account_tab_0"]/item[0][Class="ListGrid"]/filterEditor/editRowForm/item[name=CURRAMNT||title=Actual%20amount||value=%3C%3D1000||index=2||Class=FloatItem]/element]]></target>
	<value><![CDATA[]]></value>
</selenese>
<selenese>
	<command>waitForElementReadyForKeyPresses</command>
	<target><![CDATA[scLocator=//Portlet[ID="liquidity_account_tab_0"]/item[0][Class="ListGrid"]/filterEditor/editRowForm/item[name=CURRAMNT||title=Actual%20amount||value=%3C%3D1000000||index=2||Class=FloatItem]/element]]></target>
	<value><![CDATA[]]></value>
</selenese>
<selenese>
	<command>sendKeys</command>
	<target><![CDATA[scLocator=//Portlet[ID="liquidity_account_tab_0"]/item[0][Class="ListGrid"]/filterEditor/editRowForm/item[name=CURRAMNT||title=Actual%20amount||value=%3C%3D1000000||index=2||Class=FloatItem]/element]]></target>
	<value><![CDATA[${KEY_ENTER}]]></value>
</selenese>
<selenese>
	<command>waitForElementClickable</command>
	<target><![CDATA[scLocator=//Portlet[ID="liquidity_account_tab_0"]/item[0][Class="ListGrid"]/filterEditor/editRowForm/item[name=CURRAMNT||title=Actual%20amount||value=%3C%3D1000000||index=2||Class=FloatItem]/element]]></target>
	<value><![CDATA[]]></value>
</selenese>
<selenese>
	<command>type</command>
	<target><![CDATA[scLocator=//Portlet[ID="liquidity_account_tab_0"]/item[0][Class="ListGrid"]/filterEditor/editRowForm/item[name=CURRAMNT||title=Actual%20amount||value=%3C%3D1000000||index=2||Class=FloatItem]/element]]></target>
	<value><![CDATA[<=1000000]]></value>
</selenese>
<selenese>
	<command>waitForElementClickable</command>
	<target><![CDATA[scLocator=//Portlet[ID="liquidity_account_tab_0"]/item[0][Class="ListGrid"]/filterEditor/editRowForm/item[name=CURRAMNT||title=Actual%20amount||index=2||Class=FloatItem]/element]]></target>
	<value><![CDATA[]]></value>
</selenese>
<selenese>
	<command>type</command>
	<target><![CDATA[scLocator=//Portlet[ID="liquidity_account_tab_0"]/item[0][Class="ListGrid"]/filterEditor/editRowForm/item[name=CURRAMNT||title=Actual%20amount||index=2||Class=FloatItem]/element]]></target>
	<value><![CDATA[]]></value>
</selenese>
<selenese>
	<command>waitForElementClickable</command>
	<target><![CDATA[scLocator=//Portlet[ID="liquidity_account_tab_0"]/item[0][Class="ListGrid"]/filterEditor/actionButton/icon]]></target>
	<value><![CDATA[]]></value>
</selenese>
<selenese>
	<command>click</command>
	<target><![CDATA[scLocator=//Portlet[ID="liquidity_account_tab_0"]/item[0][Class="ListGrid"]/filterEditor/actionButton/icon]]></target>
	<value><![CDATA[]]></value>
</selenese>
<selenese>
	<command>waitForElementClickable</command>
	<target><![CDATA[scLocator=//Portlet[ID="liquidity_account_tab_0"]/item[0][Class="ListGrid"]/filterEditor/editRowForm/item[name=IBAN||title=IBAN||index=0||Class=TextItem]/element]]></target>
	<value><![CDATA[]]></value>
</selenese>
<selenese>
	<command>click</command>
	<target><![CDATA[scLocator=//Portlet[ID="liquidity_account_tab_0"]/item[0][Class="ListGrid"]/filterEditor/editRowForm/item[name=IBAN||title=IBAN||index=0||Class=TextItem]/element]]></target>
	<value><![CDATA[]]></value>
</selenese>
<selenese>
	<command>waitForElementReadyForKeyPresses</command>
	<target><![CDATA[scLocator=//Portlet[ID="liquidity_account_tab_0"]/item[0][Class="ListGrid"]/filterEditor/editRowForm/item[name=IBAN||title=IBAN||value=IT||index=0||Class=TextItem]/element]]></target>
	<value><![CDATA[]]></value>
</selenese>
<selenese>
	<command>sendKeys</command>
	<target><![CDATA[scLocator=//Portlet[ID="liquidity_account_tab_0"]/item[0][Class="ListGrid"]/filterEditor/editRowForm/item[name=IBAN||title=IBAN||value=IT||index=0||Class=TextItem]/element]]></target>
	<value><![CDATA[${KEY_ENTER}]]></value>
</selenese>
<selenese>
	<command>waitForElementClickable</command>
	<target><![CDATA[scLocator=//Portlet[ID="liquidity_account_tab_0"]/item[0][Class="ListGrid"]/filterEditor/editRowForm/item[name=IBAN||title=IBAN||value=IT||index=0||Class=TextItem]/element]]></target>
	<value><![CDATA[]]></value>
</selenese>
<selenese>
	<command>type</command>
	<target><![CDATA[scLocator=//Portlet[ID="liquidity_account_tab_0"]/item[0][Class="ListGrid"]/filterEditor/editRowForm/item[name=IBAN||title=IBAN||value=IT||index=0||Class=TextItem]/element]]></target>
	<value><![CDATA[IT]]></value>
</selenese>
<selenese>
	<command>waitForElementClickable</command>
	<target><![CDATA[scLocator=//Portlet[ID="liquidity_account_tab_0"]/item[0][Class="ListGrid"]/filterEditor/editRowForm/item[name=IBAN||title=IBAN||index=0||Class=TextItem]/element]]></target>
	<value><![CDATA[]]></value>
</selenese>
<selenese>
	<command>type</command>
	<target><![CDATA[scLocator=//Portlet[ID="liquidity_account_tab_0"]/item[0][Class="ListGrid"]/filterEditor/editRowForm/item[name=IBAN||title=IBAN||index=0||Class=TextItem]/element]]></target>
	<value><![CDATA[]]></value>
</selenese>
<selenese>
	<command>waitForElementClickable</command>
	<target><![CDATA[scLocator=//Portlet[ID="liquidity_account_tab_0"]/item[0][Class="ListGrid"]/filterEditor/actionButton/icon]]></target>
	<value><![CDATA[]]></value>
</selenese>
<selenese>
	<command>click</command>
	<target><![CDATA[scLocator=//Portlet[ID="liquidity_account_tab_0"]/item[0][Class="ListGrid"]/filterEditor/actionButton/icon]]></target>
	<value><![CDATA[]]></value>
</selenese>
<selenese>
	<command>waitForElementClickable</command>
	<target><![CDATA[scLocator=//Portlet[ID="liquidity_account_tab_0"]/item[0][Class="ListGrid"]/filterEditor/editRowForm/item[title=Date%20Balance||value=[object Object]||index=1||Class=MiniDateRangeItem]/[icon="showDateRange"]]]></target>
	<value><![CDATA[]]></value>
</selenese>
<selenese>
	<command>click</command>
	<target><![CDATA[scLocator=//Portlet[ID="liquidity_account_tab_0"]/item[0][Class="ListGrid"]/filterEditor/editRowForm/item[title=Date%20Balance||value=[object Object]||index=1||Class=MiniDateRangeItem]/[icon="showDateRange"]]]></target>
	<value><![CDATA[]]></value>
</selenese>
<selenese>
	<command>waitForElementClickable</command>
	<target><![CDATA[scLocator=//Portlet[ID="liquidity_account_tab_0"]/item[0][Class="ListGrid"]/filterEditor/editRowForm/item[title=Date%20Balance||value=[object Object]||index=1||Class=MiniDateRangeItem]/rangeDialog/clearButton/]]></target>
	<value><![CDATA[]]></value>
</selenese>
<selenese>
	<command>click</command>
	<target><![CDATA[scLocator=//Portlet[ID="liquidity_account_tab_0"]/item[0][Class="ListGrid"]/filterEditor/editRowForm/item[title=Date%20Balance||value=[object Object]||index=1||Class=MiniDateRangeItem]/rangeDialog/clearButton/]]></target>
	<value><![CDATA[]]></value>
</selenese>
<selenese>
	<command>waitForElementClickable</command>
	<target><![CDATA[scLocator=//Portlet[ID="liquidity_account_tab_0"]/item[0][Class="ListGrid"]/filterEditor/editRowForm/item[title=Date%20Balance||index=1||Class=MiniDateRangeItem]/rangeDialog/okButton/]]></target>
	<value><![CDATA[]]></value>
</selenese>
<selenese>
	<command>secondClick</command>
	<target><![CDATA[scLocator=//Portlet[ID="liquidity_account_tab_0"]/item[0][Class="ListGrid"]/filterEditor/editRowForm/item[title=Date%20Balance||index=1||Class=MiniDateRangeItem]/rangeDialog/okButton/]]></target>
	<value><![CDATA[]]></value>
</selenese>
<selenese>
	<command>waitForElementClickable</command>
	<target><![CDATA[scLocator=//Portlet[ID="liquidity_account_tab_0"]/item[0][Class="ListGrid"]/filterEditor/editRowForm/item[title=Date%20Balance||index=1||Class=MiniDateRangeItem]/[icon="showDateRange"]]]></target>
	<value><![CDATA[]]></value>
</selenese>
<selenese>
	<command>sendKeys</command>
	<target><![CDATA[scLocator=//Portlet[ID="liquidity_account_tab_0"]/item[0][Class="ListGrid"]/filterEditor/editRowForm/item[title=Date%20Balance||index=1||Class=MiniDateRangeItem]/[icon="showDateRange"]]]></target>
	<value><![CDATA[${KEY_ENTER}]]></value>
</selenese>
<selenese>
	<command>waitForElementClickable</command>
	<target><![CDATA[scLocator=//Portlet[ID="liquidity_account_tab_0"]/item[0][Class="ListGrid"]/filterEditor/editRowForm/item[title=Date%20Balance||index=1||Class=MiniDateRangeItem]/rangeDialog/clearButton/]]></target>
	<value><![CDATA[]]></value>
</selenese>
<selenese>
	<command>click</command>
	<target><![CDATA[scLocator=//Portlet[ID="liquidity_account_tab_0"]/item[0][Class="ListGrid"]/filterEditor/editRowForm/item[title=Date%20Balance||index=1||Class=MiniDateRangeItem]/rangeDialog/clearButton/]]></target>
	<value><![CDATA[]]></value>
</selenese>
<selenese>
	<command>waitForElementClickable</command>
	<target><![CDATA[scLocator=//Portlet[ID="liquidity_account_tab_0"]/item[0][Class="ListGrid"]/filterEditor/editRowForm/item[title=Date%20Balance||index=1||Class=MiniDateRangeItem]/rangeDialog/closeButton/]]></target>
	<value><![CDATA[]]></value>
</selenese>
<selenese>
	<command>click</command>
	<target><![CDATA[scLocator=//Portlet[ID="liquidity_account_tab_0"]/item[0][Class="ListGrid"]/filterEditor/editRowForm/item[title=Date%20Balance||index=1||Class=MiniDateRangeItem]/rangeDialog/closeButton/]]></target>
	<value><![CDATA[]]></value>
</selenese>
<selenese>
	<command>waitForElementClickable</command>
	<target><![CDATA[scLocator=//Portlet[ID="liquidity_account_tab_0"]/item[0][Class="ListGrid"]/body/vscrollbar/peer[Class=SpritedVSimpleScrollThumb||index=0||length=1||classIndex=0||classLength=1||title=%26nbsp%3B||name=main]/]]></target>
	<value><![CDATA[]]></value>
</selenese>
<selenese>
	<command>dragAndDrop</command>
	<target><![CDATA[scLocator=//Portlet[ID="liquidity_account_tab_0"]/item[0][Class="ListGrid"]/body/vscrollbar/peer[Class=SpritedVSimpleScrollThumb||index=0||length=1||classIndex=0||classLength=1||title=%26nbsp%3B||name=main]/]]></target>
	<value><![CDATA[-13,-852]]></value>
</selenese>
<selenese>
	<command>waitForElementClickable</command>
	<target><![CDATA[scLocator=//Portlet[ID="liquidity_account_tab_0"]/item[0][Class="ListGrid"]/header/headerButton[fieldName=BAL_DT]/]]></target>
	<value><![CDATA[]]></value>
</selenese>
<selenese>
	<command>click</command>
	<target><![CDATA[scLocator=//Portlet[ID="liquidity_account_tab_0"]/item[0][Class="ListGrid"]/header/headerButton[fieldName=BAL_DT]/]]></target>
	<value><![CDATA[]]></value>
</selenese>
<selenese>
	<command>waitForElementClickable</command>
	<target><![CDATA[scLocator=//Portlet[ID="liquidity_account_tab_0"]/item[0][Class="ListGrid"]/header/headerButton[fieldName=BAL_DT]/]]></target>
	<value><![CDATA[]]></value>
</selenese>
<selenese>
	<command>click</command>
	<target><![CDATA[scLocator=//Portlet[ID="liquidity_account_tab_0"]/item[0][Class="ListGrid"]/header/headerButton[fieldName=BAL_DT]/]]></target>
	<value><![CDATA[]]></value>
</selenese>
</TestCase>