<?xml version="1.0" encoding="UTF-8"?>
<TestCase seleniumIDEVersion="2.9.1" baseURL="https://10.0.10.230:10044/LiqPortalWEB/index.html">
<selenese>
	<command>echo</command>
	<target><![CDATA[]]></target>
	<value><![CDATA[RU10-NUC01-T03.rctest]]></value>
</selenese>
<selenese>
	<command>open</command>
	<target><![CDATA[/LiqPortalWEB/]]></target>
	<value><![CDATA[Liquidity Portal - Liquidity - Account Balances - Grouping]]></value>
</selenese>
<selenese>
	<command>type</command>
	<target><![CDATA[id=Username]]></target>
	<value><![CDATA[mpetracc]]></value>
</selenese>
<selenese>
	<command>type</command>
	<target><![CDATA[id=Password]]></target>
	<value><![CDATA[.mpetrac04]]></value>
</selenese>
<selenese>
	<command>clickAndWait</command>
	<target><![CDATA[id=submitLabel]]></target>
	<value><![CDATA[]]></value>
</selenese>
<selenese>
	<command>waitForElementClickable</command>
	<target><![CDATA[scLocator=//Menu[level=1]/body/row[2]/col[fieldName=title||0]]]></target>
	<value><![CDATA[]]></value>
</selenese>
<selenese>
	<command>click</command>
	<target><![CDATA[scLocator=//Menu[level=1]/body/row[2]/col[fieldName=title||0]]]></target>
	<value><![CDATA[]]></value>
</selenese>
<selenese>
	<command>waitForElementClickable</command>
	<target><![CDATA[scLocator=//Menu[level=1]/body/row[2]/col[fieldName=title||0]]]></target>
	<value><![CDATA[]]></value>
</selenese>
<selenese>
	<command>click</command>
	<target><![CDATA[scLocator=//Menu[level=1]/body/row[2]/col[fieldName=title||0]]]></target>
	<value><![CDATA[]]></value>
</selenese>
<selenese>
	<command>waitForElementClickable</command>
	<target><![CDATA[scLocator=//Portlet[ID="liquidity_account_tab_0"]/maximizeButton/]]></target>
	<value><![CDATA[]]></value>
</selenese>
<selenese>
	<command>click</command>
	<target><![CDATA[scLocator=//Portlet[ID="liquidity_account_tab_0"]/maximizeButton/]]></target>
	<value><![CDATA[]]></value>
</selenese>
<selenese>
	<command>waitForElementClickable</command>
	<target><![CDATA[scLocator=//Portlet[ID="liquidity_account_tab_0"]/item[0][Class="ListGrid"]/headerMenuButton/]]></target>
	<value><![CDATA[]]></value>
</selenese>
<selenese>
	<command>click</command>
	<target><![CDATA[scLocator=//Portlet[ID="liquidity_account_tab_0"]/item[0][Class="ListGrid"]/headerMenuButton/]]></target>
	<value><![CDATA[]]></value>
</selenese>
<selenese>
	<command>waitForElementClickable</command>
	<target><![CDATA[scLocator=//Portlet[ID="liquidity_account_tab_0"]/item[0][Class="ListGrid"]/headerMenuButton/icon]]></target>
	<value><![CDATA[]]></value>
</selenese>
<selenese>
	<command>click</command>
	<target><![CDATA[scLocator=//Portlet[ID="liquidity_account_tab_0"]/item[0][Class="ListGrid"]/headerMenuButton/icon]]></target>
	<value><![CDATA[]]></value>
</selenese>
<selenese>
	<command>waitForElementClickable</command>
	<target><![CDATA[scLocator=//Portlet[ID="liquidity_account_tab_0"]/item[0][Class="ListGrid"]/headerMenuButton/]]></target>
	<value><![CDATA[]]></value>
</selenese>
<selenese>
	<command>click</command>
	<target><![CDATA[scLocator=//Portlet[ID="liquidity_account_tab_0"]/item[0][Class="ListGrid"]/headerMenuButton/]]></target>
	<value><![CDATA[]]></value>
</selenese>
<selenese>
	<command>waitForElementClickable</command>
	<target><![CDATA[scLocator=//Portlet[ID="liquidity_account_tab_0"]/item[0][Class="ListGrid"]/filterEditor/editRowForm/item[title=Date%20Balance||index=1||Class=MiniDateRangeItem]/[icon="showDateRange"]]]></target>
	<value><![CDATA[]]></value>
</selenese>
<selenese>
	<command>click</command>
	<target><![CDATA[scLocator=//Portlet[ID="liquidity_account_tab_0"]/item[0][Class="ListGrid"]/filterEditor/editRowForm/item[title=Date%20Balance||index=1||Class=MiniDateRangeItem]/[icon="showDateRange"]]]></target>
	<value><![CDATA[]]></value>
</selenese>
<selenese>
	<command>waitForElementClickable</command>
	<target><![CDATA[scLocator=//Portlet[ID="liquidity_account_tab_0"]/item[0][Class="ListGrid"]/filterEditor/editRowForm/item[title=Date%20Balance||index=1||Class=MiniDateRangeItem]/rangeDialog/rangeForm/item[name=BAL_DT||title=BAL_DT||index=0||Class=DateRangeItem]/dateRangeForm/item[name=fromField||title=From||index=0||Class=RelativeDateItem]/editor/item[name=valueField||title=valueField||index=0||Class=ComboBoxItem]/[icon="picker"]]]></target>
	<value><![CDATA[]]></value>
</selenese>
<selenese>
	<command>click</command>
	<target><![CDATA[scLocator=//Portlet[ID="liquidity_account_tab_0"]/item[0][Class="ListGrid"]/filterEditor/editRowForm/item[title=Date%20Balance||index=1||Class=MiniDateRangeItem]/rangeDialog/rangeForm/item[name=BAL_DT||title=BAL_DT||index=0||Class=DateRangeItem]/dateRangeForm/item[name=fromField||title=From||index=0||Class=RelativeDateItem]/editor/item[name=valueField||title=valueField||index=0||Class=ComboBoxItem]/[icon="picker"]]]></target>
	<value><![CDATA[]]></value>
</selenese>
<selenese>
	<command>waitForElementClickable</command>
	<target><![CDATA[scLocator=//Portlet[ID="liquidity_account_tab_0"]/item[0][Class="ListGrid"]/filterEditor/editRowForm/item[title=Date%20Balance||index=1||Class=MiniDateRangeItem]/rangeDialog/rangeForm/item[name=BAL_DT||title=BAL_DT||index=0||Class=DateRangeItem]/dateRangeForm/item[name=fromField||title=From||index=0||Class=RelativeDateItem]/editor/item[name=valueField||title=valueField||index=0||Class=ComboBoxItem]/pickList/body/row[valueField=%24yesterday||1]/col[fieldName=valueField||0]]]></target>
	<value><![CDATA[]]></value>
</selenese>
<selenese>
	<command>click</command>
	<target><![CDATA[scLocator=//Portlet[ID="liquidity_account_tab_0"]/item[0][Class="ListGrid"]/filterEditor/editRowForm/item[title=Date%20Balance||index=1||Class=MiniDateRangeItem]/rangeDialog/rangeForm/item[name=BAL_DT||title=BAL_DT||index=0||Class=DateRangeItem]/dateRangeForm/item[name=fromField||title=From||index=0||Class=RelativeDateItem]/editor/item[name=valueField||title=valueField||index=0||Class=ComboBoxItem]/pickList/body/row[valueField=%24yesterday||1]/col[fieldName=valueField||0]]]></target>
	<value><![CDATA[]]></value>
</selenese>
<selenese>
	<command>waitForElementClickable</command>
	<target><![CDATA[scLocator=//Portlet[ID="liquidity_account_tab_0"]/item[0][Class="ListGrid"]/filterEditor/editRowForm/item[title=Date%20Balance||value=[object Object]||index=1||Class=MiniDateRangeItem]/rangeDialog/rangeForm/item[name=BAL_DT||title=BAL_DT||value=[object Object]||index=0||Class=DateRangeItem]/dateRangeForm/item[name=toField||title=To||index=1||Class=RelativeDateItem]/editor/item[name=valueField||title=valueField||index=0||Class=ComboBoxItem]/[icon="picker"]]]></target>
	<value><![CDATA[]]></value>
</selenese>
<selenese>
	<command>click</command>
	<target><![CDATA[scLocator=//Portlet[ID="liquidity_account_tab_0"]/item[0][Class="ListGrid"]/filterEditor/editRowForm/item[title=Date%20Balance||value=[object Object]||index=1||Class=MiniDateRangeItem]/rangeDialog/rangeForm/item[name=BAL_DT||title=BAL_DT||value=[object Object]||index=0||Class=DateRangeItem]/dateRangeForm/item[name=toField||title=To||index=1||Class=RelativeDateItem]/editor/item[name=valueField||title=valueField||index=0||Class=ComboBoxItem]/[icon="picker"]]]></target>
	<value><![CDATA[]]></value>
</selenese>
<selenese>
	<command>waitForElementClickable</command>
	<target><![CDATA[scLocator=//Portlet[ID="liquidity_account_tab_0"]/item[0][Class="ListGrid"]/filterEditor/editRowForm/item[title=Date%20Balance||value=[object Object]||index=1||Class=MiniDateRangeItem]/rangeDialog/rangeForm/item[name=BAL_DT||title=BAL_DT||value=[object Object]||index=0||Class=DateRangeItem]/dateRangeForm/item[name=toField||title=To||index=1||Class=RelativeDateItem]/editor/item[name=valueField||title=valueField||index=0||Class=ComboBoxItem]/pickList/body/row[valueField=%24today||0]/col[fieldName=valueField||0]]]></target>
	<value><![CDATA[]]></value>
</selenese>
<selenese>
	<command>click</command>
	<target><![CDATA[scLocator=//Portlet[ID="liquidity_account_tab_0"]/item[0][Class="ListGrid"]/filterEditor/editRowForm/item[title=Date%20Balance||value=[object Object]||index=1||Class=MiniDateRangeItem]/rangeDialog/rangeForm/item[name=BAL_DT||title=BAL_DT||value=[object Object]||index=0||Class=DateRangeItem]/dateRangeForm/item[name=toField||title=To||index=1||Class=RelativeDateItem]/editor/item[name=valueField||title=valueField||index=0||Class=ComboBoxItem]/pickList/body/row[valueField=%24today||0]/col[fieldName=valueField||0]]]></target>
	<value><![CDATA[]]></value>
</selenese>
<selenese>
	<command>waitForElementClickable</command>
	<target><![CDATA[scLocator=//Portlet[ID="liquidity_account_tab_0"]/item[0][Class="ListGrid"]/filterEditor/editRowForm/item[title=Date%20Balance||value=[object Object]||index=1||Class=MiniDateRangeItem]/rangeDialog/okButton/]]></target>
	<value><![CDATA[]]></value>
</selenese>
<selenese>
	<command>secondClick</command>
	<target><![CDATA[scLocator=//Portlet[ID="liquidity_account_tab_0"]/item[0][Class="ListGrid"]/filterEditor/editRowForm/item[title=Date%20Balance||value=[object Object]||index=1||Class=MiniDateRangeItem]/rangeDialog/okButton/]]></target>
	<value><![CDATA[]]></value>
</selenese>
<selenese>
	<command>waitForElementClickable</command>
	<target><![CDATA[scLocator=//Portlet[ID="liquidity_account_tab_0"]/item[0][Class="ListGrid"]/filterEditor/editRowForm/item[title=Date%20Balance||value=[object Object]||index=1||Class=MiniDateRangeItem]/[icon="showDateRange"]]]></target>
	<value><![CDATA[]]></value>
</selenese>
<selenese>
	<command>sendKeys</command>
	<target><![CDATA[scLocator=//Portlet[ID="liquidity_account_tab_0"]/item[0][Class="ListGrid"]/filterEditor/editRowForm/item[title=Date%20Balance||value=[object Object]||index=1||Class=MiniDateRangeItem]/[icon="showDateRange"]]]></target>
	<value><![CDATA[${KEY_ENTER}]]></value>
</selenese>
<selenese>
	<command>waitForElementClickable</command>
	<target><![CDATA[scLocator=//Portlet[ID="liquidity_account_tab_0"]/item[0][Class="ListGrid"]/filterEditor/editRowForm/item[title=Date%20Balance||value=[object Object]||index=1||Class=MiniDateRangeItem]/rangeDialog/closeButton/]]></target>
	<value><![CDATA[]]></value>
</selenese>
<selenese>
	<command>click</command>
	<target><![CDATA[scLocator=//Portlet[ID="liquidity_account_tab_0"]/item[0][Class="ListGrid"]/filterEditor/editRowForm/item[title=Date%20Balance||value=[object Object]||index=1||Class=MiniDateRangeItem]/rangeDialog/closeButton/]]></target>
	<value><![CDATA[]]></value>
</selenese>
<selenese>
	<command>waitForElementClickable</command>
	<target><![CDATA[scLocator=//Portlet[ID="liquidity_account_tab_0"]/item[0][Class="ListGrid"]/headerMenuButton/icon]]></target>
	<value><![CDATA[]]></value>
</selenese>
<selenese>
	<command>click</command>
	<target><![CDATA[scLocator=//Portlet[ID="liquidity_account_tab_0"]/item[0][Class="ListGrid"]/headerMenuButton/icon]]></target>
	<value><![CDATA[]]></value>
</selenese>
<selenese>
	<command>waitForElementClickable</command>
	<target><![CDATA[scLocator=//Portlet[ID="liquidity_account_tab_0"]/item[0][Class="ListGrid"]/headerContextMenu[Class=Menu||index=0||length=1||classIndex=0||classLength=1||roleIndex=0||roleLength=1||scRole=menu]/body/row[title=Group%20by%20IBAN||8]/col[fieldName=title||1]]]></target>
	<value><![CDATA[]]></value>
</selenese>
<selenese>
	<command>click</command>
	<target><![CDATA[scLocator=//Portlet[ID="liquidity_account_tab_0"]/item[0][Class="ListGrid"]/headerContextMenu[Class=Menu||index=0||length=1||classIndex=0||classLength=1||roleIndex=0||roleLength=1||scRole=menu]/body/row[title=Group%20by%20IBAN||8]/col[fieldName=title||1]]]></target>
	<value><![CDATA[]]></value>
</selenese>
<selenese>
	<command>waitForElementClickable</command>
	<target><![CDATA[scLocator=//Portlet[ID="liquidity_account_tab_0"]/item[0][Class="ListGrid"]/filterEditor/editRowForm/item[title=Date%20Balance||value=[object Object]||index=1||Class=MiniDateRangeItem]/]]></target>
	<value><![CDATA[]]></value>
</selenese>
<selenese>
	<command>click</command>
	<target><![CDATA[scLocator=//Portlet[ID="liquidity_account_tab_0"]/item[0][Class="ListGrid"]/filterEditor/editRowForm/item[title=Date%20Balance||value=[object Object]||index=1||Class=MiniDateRangeItem]/]]></target>
	<value><![CDATA[]]></value>
</selenese>
<selenese>
	<command>waitForElementClickable</command>
	<target><![CDATA[scLocator=//Portlet[ID="liquidity_account_tab_0"]/item[0][Class="ListGrid"]/filterEditor/editRowForm/item[title=Date%20Balance||value=[object Object]||index=1||Class=MiniDateRangeItem]/[icon="showDateRange"]]]></target>
	<value><![CDATA[]]></value>
</selenese>
<selenese>
	<command>click</command>
	<target><![CDATA[scLocator=//Portlet[ID="liquidity_account_tab_0"]/item[0][Class="ListGrid"]/filterEditor/editRowForm/item[title=Date%20Balance||value=[object Object]||index=1||Class=MiniDateRangeItem]/[icon="showDateRange"]]]></target>
	<value><![CDATA[]]></value>
</selenese>
<selenese>
	<command>waitForElementClickable</command>
	<target><![CDATA[scLocator=//Portlet[ID="liquidity_account_tab_0"]/item[0][Class="ListGrid"]/filterEditor/editRowForm/item[title=Date%20Balance||value=[object Object]||index=1||Class=MiniDateRangeItem]/rangeDialog/clearButton/]]></target>
	<value><![CDATA[]]></value>
</selenese>
<selenese>
	<command>click</command>
	<target><![CDATA[scLocator=//Portlet[ID="liquidity_account_tab_0"]/item[0][Class="ListGrid"]/filterEditor/editRowForm/item[title=Date%20Balance||value=[object Object]||index=1||Class=MiniDateRangeItem]/rangeDialog/clearButton/]]></target>
	<value><![CDATA[]]></value>
</selenese>
<selenese>
	<command>waitForElementClickable</command>
	<target><![CDATA[scLocator=//Portlet[ID="liquidity_account_tab_0"]/item[0][Class="ListGrid"]/filterEditor/editRowForm/item[title=Date%20Balance||index=1||Class=MiniDateRangeItem]/rangeDialog/okButton/]]></target>
	<value><![CDATA[]]></value>
</selenese>
<selenese>
	<command>secondClick</command>
	<target><![CDATA[scLocator=//Portlet[ID="liquidity_account_tab_0"]/item[0][Class="ListGrid"]/filterEditor/editRowForm/item[title=Date%20Balance||index=1||Class=MiniDateRangeItem]/rangeDialog/okButton/]]></target>
	<value><![CDATA[]]></value>
</selenese>
<selenese>
	<command>waitForElementClickable</command>
	<target><![CDATA[scLocator=//Portlet[ID="liquidity_account_tab_0"]/item[0][Class="ListGrid"]/filterEditor/editRowForm/item[title=Date%20Balance||index=1||Class=MiniDateRangeItem]/[icon="showDateRange"]]]></target>
	<value><![CDATA[]]></value>
</selenese>
<selenese>
	<command>sendKeys</command>
	<target><![CDATA[scLocator=//Portlet[ID="liquidity_account_tab_0"]/item[0][Class="ListGrid"]/filterEditor/editRowForm/item[title=Date%20Balance||index=1||Class=MiniDateRangeItem]/[icon="showDateRange"]]]></target>
	<value><![CDATA[${KEY_ENTER}]]></value>
</selenese>
<selenese>
	<command>waitForElementClickable</command>
	<target><![CDATA[scLocator=//Portlet[ID="liquidity_account_tab_0"]/item[0][Class="ListGrid"]/filterEditor/editRowForm/item[title=Date%20Balance||index=1||Class=MiniDateRangeItem]/rangeDialog/closeButton/]]></target>
	<value><![CDATA[]]></value>
</selenese>
<selenese>
	<command>click</command>
	<target><![CDATA[scLocator=//Portlet[ID="liquidity_account_tab_0"]/item[0][Class="ListGrid"]/filterEditor/editRowForm/item[title=Date%20Balance||index=1||Class=MiniDateRangeItem]/rangeDialog/closeButton/]]></target>
	<value><![CDATA[]]></value>
</selenese>
<selenese>
	<command>waitForElementClickable</command>
	<target><![CDATA[scLocator=//Portlet[ID="liquidity_account_tab_0"]/item[0][Class="ListGrid"]/headerMenuButton/icon]]></target>
	<value><![CDATA[]]></value>
</selenese>
<selenese>
	<command>click</command>
	<target><![CDATA[scLocator=//Portlet[ID="liquidity_account_tab_0"]/item[0][Class="ListGrid"]/headerMenuButton/icon]]></target>
	<value><![CDATA[]]></value>
</selenese>
<selenese>
	<command>waitForElementClickable</command>
	<target><![CDATA[scLocator=//Portlet[ID="liquidity_account_tab_0"]/item[0][Class="ListGrid"]/headerMenuButton/]]></target>
	<value><![CDATA[]]></value>
</selenese>
<selenese>
	<command>click</command>
	<target><![CDATA[scLocator=//Portlet[ID="liquidity_account_tab_0"]/item[0][Class="ListGrid"]/headerMenuButton/]]></target>
	<value><![CDATA[]]></value>
</selenese>
<selenese>
	<command>waitForElementClickable</command>
	<target><![CDATA[scLocator=//Portlet[ID="liquidity_account_tab_0"]/item[0][Class="ListGrid"]/headerMenuButton/]]></target>
	<value><![CDATA[]]></value>
</selenese>
<selenese>
	<command>click</command>
	<target><![CDATA[scLocator=//Portlet[ID="liquidity_account_tab_0"]/item[0][Class="ListGrid"]/headerMenuButton/]]></target>
	<value><![CDATA[]]></value>
</selenese>
</TestCase>