<?xml version="1.0" encoding="UTF-8"?>
<TestCase seleniumIDEVersion="2.9.1" baseURL="https://10.0.10.230:10044/LiqPortalWEB/index.html">
<selenese>
	<command>echo</command>
	<target><![CDATA[]]></target>
	<value><![CDATA[RU11-NUC01-T03.rctest]]></value>
</selenese>
<selenese>
	<command>open</command>
	<target><![CDATA[/LiqPortalWEB/]]></target>
	<value><![CDATA[Data Staging Portal - Data Staging - LCH Fails - Grouping]]></value>
</selenese>
<selenese>
	<command>type</command>
	<target><![CDATA[id=Username]]></target>
	<value><![CDATA[mpetracc]]></value>
</selenese>
<selenese>
	<command>type</command>
	<target><![CDATA[id=Password]]></target>
	<value><![CDATA[.mpetrac04]]></value>
</selenese>
<selenese>
	<command>clickAndWait</command>
	<target><![CDATA[id=submitLabel]]></target>
	<value><![CDATA[]]></value>
</selenese>
<selenese>
	<command>waitForElementClickable</command>
	<target><![CDATA[scLocator=//Menu[level=1]/body/row[2]/col[fieldName=title||0]]]></target>
	<value><![CDATA[]]></value>
</selenese>
<selenese>
	<command>click</command>
	<target><![CDATA[scLocator=//Menu[level=1]/body/row[2]/col[fieldName=title||0]]]></target>
	<value><![CDATA[]]></value>
</selenese>
<selenese>
	<command>waitForElementClickable</command>
	<target><![CDATA[scLocator=//Portlet[ID="datastaging_lchfails_tab_0"]/maximizeButton/]]></target>
	<value><![CDATA[]]></value>
</selenese>
<selenese>
	<command>click</command>
	<target><![CDATA[scLocator=//Portlet[ID="datastaging_lchfails_tab_0"]/maximizeButton/]]></target>
	<value><![CDATA[]]></value>
</selenese>
<selenese>
	<command>waitForElementClickable</command>
	<target><![CDATA[scLocator=//Portlet[ID="datastaging_lchfails_tab_0"]/item[0][Class="ListGrid"]/filterEditor/editRowForm/item[title=Date%20ref.||index=0||Class=MiniDateRangeItem]/[icon="showDateRange"]]]></target>
	<value><![CDATA[]]></value>
</selenese>
<selenese>
	<command>click</command>
	<target><![CDATA[scLocator=//Portlet[ID="datastaging_lchfails_tab_0"]/item[0][Class="ListGrid"]/filterEditor/editRowForm/item[title=Date%20ref.||index=0||Class=MiniDateRangeItem]/[icon="showDateRange"]]]></target>
	<value><![CDATA[]]></value>
</selenese>
<selenese>
	<command>waitForElementClickable</command>
	<target><![CDATA[scLocator=//Portlet[ID="datastaging_lchfails_tab_0"]/item[0][Class="ListGrid"]/filterEditor/editRowForm/item[title=Date%20ref.||index=0||Class=MiniDateRangeItem]/rangeDialog/rangeForm/item[name=REFDT||title=REFDT||index=0||Class=DateRangeItem]/dateRangeForm/item[name=fromField||title=From||index=0||Class=RelativeDateItem]/editor/item[name=iconPlaceholder||title=iconPlaceholder||index=2||Class=StaticTextItem]/[icon="chooserIcon"]]]></target>
	<value><![CDATA[]]></value>
</selenese>
<selenese>
	<command>click</command>
	<target><![CDATA[scLocator=//Portlet[ID="datastaging_lchfails_tab_0"]/item[0][Class="ListGrid"]/filterEditor/editRowForm/item[title=Date%20ref.||index=0||Class=MiniDateRangeItem]/rangeDialog/rangeForm/item[name=REFDT||title=REFDT||index=0||Class=DateRangeItem]/dateRangeForm/item[name=fromField||title=From||index=0||Class=RelativeDateItem]/editor/item[name=iconPlaceholder||title=iconPlaceholder||index=2||Class=StaticTextItem]/[icon="chooserIcon"]]]></target>
	<value><![CDATA[]]></value>
</selenese>
<selenese>
	<command>waitForElementClickable</command>
	<target><![CDATA[scLocator=//autoID[Class=DateChooser||index=19||length=22||classIndex=0||classLength=1]/previousMonthButton/]]></target>
	<value><![CDATA[]]></value>
</selenese>
<selenese>
	<command>click</command>
	<target><![CDATA[scLocator=//autoID[Class=DateChooser||index=19||length=22||classIndex=0||classLength=1]/previousMonthButton/]]></target>
	<value><![CDATA[]]></value>
</selenese>
<selenese>
	<command>waitForElementClickable</command>
	<target><![CDATA[scLocator=//autoID[Class=DateChooser||index=19||length=22||classIndex=0||classLength=1]/dateGrid/body/row[Mon=Mon Jun 05 2017 12:00:00 GMT+0200 (W. Europe Standard Time)||1]/col[fieldName=Mon||1]]]></target>
	<value><![CDATA[]]></value>
</selenese>
<selenese>
	<command>click</command>
	<target><![CDATA[scLocator=//autoID[Class=DateChooser||index=19||length=22||classIndex=0||classLength=1]/dateGrid/body/row[Mon=Mon Jun 05 2017 12:00:00 GMT+0200 (W. Europe Standard Time)||1]/col[fieldName=Mon||1]]]></target>
	<value><![CDATA[]]></value>
</selenese>
<selenese>
	<command>waitForElementClickable</command>
	<target><![CDATA[scLocator=//Portlet[ID="datastaging_lchfails_tab_0"]/item[0][Class="ListGrid"]/filterEditor/editRowForm/item[title=Date%20ref.||value=[object Object]||index=0||Class=MiniDateRangeItem]/rangeDialog/rangeForm/item[name=REFDT||title=REFDT||value=[object Object]||index=0||Class=DateRangeItem]/dateRangeForm/item[name=toField||title=To||index=1||Class=RelativeDateItem]/editor/item[name=valueField||title=valueField||index=0||Class=ComboBoxItem]/[icon="picker"]]]></target>
	<value><![CDATA[]]></value>
</selenese>
<selenese>
	<command>click</command>
	<target><![CDATA[scLocator=//Portlet[ID="datastaging_lchfails_tab_0"]/item[0][Class="ListGrid"]/filterEditor/editRowForm/item[title=Date%20ref.||value=[object Object]||index=0||Class=MiniDateRangeItem]/rangeDialog/rangeForm/item[name=REFDT||title=REFDT||value=[object Object]||index=0||Class=DateRangeItem]/dateRangeForm/item[name=toField||title=To||index=1||Class=RelativeDateItem]/editor/item[name=valueField||title=valueField||index=0||Class=ComboBoxItem]/[icon="picker"]]]></target>
	<value><![CDATA[]]></value>
</selenese>
<selenese>
	<command>waitForElementClickable</command>
	<target><![CDATA[scLocator=//Portlet[ID="datastaging_lchfails_tab_0"]/item[0][Class="ListGrid"]/filterEditor/editRowForm/item[title=Date%20ref.||value=[object Object]||index=0||Class=MiniDateRangeItem]/rangeDialog/rangeForm/item[name=REFDT||title=REFDT||value=[object Object]||index=0||Class=DateRangeItem]/dateRangeForm/item[name=toField||title=To||index=1||Class=RelativeDateItem]/editor/item[name=valueField||title=valueField||index=0||Class=ComboBoxItem]/pickList/body/row[valueField=%24today||0]/col[fieldName=valueField||0]]]></target>
	<value><![CDATA[]]></value>
</selenese>
<selenese>
	<command>click</command>
	<target><![CDATA[scLocator=//Portlet[ID="datastaging_lchfails_tab_0"]/item[0][Class="ListGrid"]/filterEditor/editRowForm/item[title=Date%20ref.||value=[object Object]||index=0||Class=MiniDateRangeItem]/rangeDialog/rangeForm/item[name=REFDT||title=REFDT||value=[object Object]||index=0||Class=DateRangeItem]/dateRangeForm/item[name=toField||title=To||index=1||Class=RelativeDateItem]/editor/item[name=valueField||title=valueField||index=0||Class=ComboBoxItem]/pickList/body/row[valueField=%24today||0]/col[fieldName=valueField||0]]]></target>
	<value><![CDATA[]]></value>
</selenese>
<selenese>
	<command>waitForElementClickable</command>
	<target><![CDATA[scLocator=//Portlet[ID="datastaging_lchfails_tab_0"]/item[0][Class="ListGrid"]/filterEditor/editRowForm/item[title=Date%20ref.||value=[object Object]||index=0||Class=MiniDateRangeItem]/rangeDialog/okButton/]]></target>
	<value><![CDATA[]]></value>
</selenese>
<selenese>
	<command>click</command>
	<target><![CDATA[scLocator=//Portlet[ID="datastaging_lchfails_tab_0"]/item[0][Class="ListGrid"]/filterEditor/editRowForm/item[title=Date%20ref.||value=[object Object]||index=0||Class=MiniDateRangeItem]/rangeDialog/okButton/]]></target>
	<value><![CDATA[]]></value>
</selenese>
<selenese>
	<command>waitForElementClickable</command>
	<target><![CDATA[scLocator=//Portlet[ID="datastaging_lchfails_tab_0"]/item[0][Class="ListGrid"]/filterEditor/editRowForm/item[title=Date%20ref.||value=[object Object]||index=0||Class=MiniDateRangeItem]/[icon="showDateRange"]]]></target>
	<value><![CDATA[]]></value>
</selenese>
<selenese>
	<command>sendKeys</command>
	<target><![CDATA[scLocator=//Portlet[ID="datastaging_lchfails_tab_0"]/item[0][Class="ListGrid"]/filterEditor/editRowForm/item[title=Date%20ref.||value=[object Object]||index=0||Class=MiniDateRangeItem]/[icon="showDateRange"]]]></target>
	<value><![CDATA[${KEY_ENTER}]]></value>
</selenese>
<selenese>
	<command>waitForElementClickable</command>
	<target><![CDATA[scLocator=//Portlet[ID="datastaging_lchfails_tab_0"]/item[0][Class="ListGrid"]/filterEditor/editRowForm/item[title=Date%20ref.||value=[object Object]||index=0||Class=MiniDateRangeItem]/rangeDialog/closeButton/]]></target>
	<value><![CDATA[]]></value>
</selenese>
<selenese>
	<command>click</command>
	<target><![CDATA[scLocator=//Portlet[ID="datastaging_lchfails_tab_0"]/item[0][Class="ListGrid"]/filterEditor/editRowForm/item[title=Date%20ref.||value=[object Object]||index=0||Class=MiniDateRangeItem]/rangeDialog/closeButton/]]></target>
	<value><![CDATA[]]></value>
</selenese>
<selenese>
	<command>waitForElementClickable</command>
	<target><![CDATA[scLocator=//Portlet[ID="datastaging_lchfails_tab_0"]/item[0][Class="ListGrid"]/headerMenuButton/]]></target>
	<value><![CDATA[]]></value>
</selenese>
<selenese>
	<command>click</command>
	<target><![CDATA[scLocator=//Portlet[ID="datastaging_lchfails_tab_0"]/item[0][Class="ListGrid"]/headerMenuButton/]]></target>
	<value><![CDATA[]]></value>
</selenese>
<selenese>
	<command>waitForElementClickable</command>
	<target><![CDATA[scLocator=//Portlet[ID="datastaging_lchfails_tab_0"]/item[0][Class="ListGrid"]/headerContextMenu[Class=Menu||index=0||length=1||classIndex=0||classLength=1||roleIndex=0||roleLength=1||scRole=menu]/body/row[title=Group%20by%20Date%20ref.||9]/col[fieldName=title||1]]]></target>
	<value><![CDATA[]]></value>
</selenese>
<selenese>
	<command>click</command>
	<target><![CDATA[scLocator=//Portlet[ID="datastaging_lchfails_tab_0"]/item[0][Class="ListGrid"]/headerContextMenu[Class=Menu||index=0||length=1||classIndex=0||classLength=1||roleIndex=0||roleLength=1||scRole=menu]/body/row[title=Group%20by%20Date%20ref.||9]/col[fieldName=title||1]]]></target>
	<value><![CDATA[]]></value>
</selenese>
<selenese>
	<command>waitForElementClickable</command>
	<target><![CDATA[scLocator=//Portlet[ID="datastaging_lchfails_tab_0"]/item[0][Class="ListGrid"]/body/row[groupValue=2017_6_5||REFDT=Wed Jul 05 2017 12:00:00 GMT+0200 (W. Europe Standard Time)||3]/col[fieldName=REFDT||0]]]></target>
	<value><![CDATA[]]></value>
</selenese>
<selenese>
	<command>click</command>
	<target><![CDATA[scLocator=//Portlet[ID="datastaging_lchfails_tab_0"]/item[0][Class="ListGrid"]/body/row[groupValue=2017_6_5||REFDT=Wed Jul 05 2017 12:00:00 GMT+0200 (W. Europe Standard Time)||3]/col[fieldName=REFDT||0]]]></target>
	<value><![CDATA[]]></value>
</selenese>
<selenese>
	<command>waitForElementClickable</command>
	<target><![CDATA[scLocator=//Portlet[ID="datastaging_lchfails_tab_0"]/item[0][Class="ListGrid"]/body/row[groupValue=2017_5_28||REFDT=Wed Jun 28 2017 12:00:00 GMT+0200 (W. Europe Standard Time)||9]/col[fieldName=REFDT||0]]]></target>
	<value><![CDATA[]]></value>
</selenese>
<selenese>
	<command>click</command>
	<target><![CDATA[scLocator=//Portlet[ID="datastaging_lchfails_tab_0"]/item[0][Class="ListGrid"]/body/row[groupValue=2017_5_28||REFDT=Wed Jun 28 2017 12:00:00 GMT+0200 (W. Europe Standard Time)||9]/col[fieldName=REFDT||0]]]></target>
	<value><![CDATA[]]></value>
</selenese>
<selenese>
	<command>waitForElementClickable</command>
	<target><![CDATA[scLocator=//Portlet[ID="datastaging_lchfails_tab_0"]/item[0][Class="ListGrid"]/filterEditor/editRowForm/item[name=UPD_DT||title=Date%20update||index=2||Class=MiniDateRangeItem]/[icon="showDateRange"]]]></target>
	<value><![CDATA[]]></value>
</selenese>
<selenese>
	<command>click</command>
	<target><![CDATA[scLocator=//Portlet[ID="datastaging_lchfails_tab_0"]/item[0][Class="ListGrid"]/filterEditor/editRowForm/item[name=UPD_DT||title=Date%20update||index=2||Class=MiniDateRangeItem]/[icon="showDateRange"]]]></target>
	<value><![CDATA[]]></value>
</selenese>
<selenese>
	<command>waitForElementClickable</command>
	<target><![CDATA[scLocator=//Portlet[ID="datastaging_lchfails_tab_0"]/item[0][Class="ListGrid"]/filterEditor/editRowForm/item[name=UPD_DT||title=Date%20update||index=2||Class=MiniDateRangeItem]/rangeDialog/rangeForm/item[name=UPD_DT||title=UPD_DT||index=0||Class=DateRangeItem]/dateRangeForm/item[name=fromField||title=From||index=0||Class=RelativeDateItem]/editor/item[name=valueField||title=valueField||index=0||Class=ComboBoxItem]/[icon="picker"]]]></target>
	<value><![CDATA[]]></value>
</selenese>
<selenese>
	<command>click</command>
	<target><![CDATA[scLocator=//Portlet[ID="datastaging_lchfails_tab_0"]/item[0][Class="ListGrid"]/filterEditor/editRowForm/item[name=UPD_DT||title=Date%20update||index=2||Class=MiniDateRangeItem]/rangeDialog/rangeForm/item[name=UPD_DT||title=UPD_DT||index=0||Class=DateRangeItem]/dateRangeForm/item[name=fromField||title=From||index=0||Class=RelativeDateItem]/editor/item[name=valueField||title=valueField||index=0||Class=ComboBoxItem]/[icon="picker"]]]></target>
	<value><![CDATA[]]></value>
</selenese>
<selenese>
	<command>waitForElementClickable</command>
	<target><![CDATA[scLocator=//Portlet[ID="datastaging_lchfails_tab_0"]/item[0][Class="ListGrid"]/filterEditor/editRowForm/item[name=UPD_DT||title=Date%20update||index=2||Class=MiniDateRangeItem]/rangeDialog/rangeForm/item[name=UPD_DT||title=UPD_DT||index=0||Class=DateRangeItem]/dateRangeForm/item[name=fromField||title=From||index=0||Class=RelativeDateItem]/editor/item[name=valueField||title=valueField||index=0||Class=ComboBoxItem]/pickList/body/row[valueField=%24yesterday||1]/col[fieldName=valueField||0]]]></target>
	<value><![CDATA[]]></value>
</selenese>
<selenese>
	<command>click</command>
	<target><![CDATA[scLocator=//Portlet[ID="datastaging_lchfails_tab_0"]/item[0][Class="ListGrid"]/filterEditor/editRowForm/item[name=UPD_DT||title=Date%20update||index=2||Class=MiniDateRangeItem]/rangeDialog/rangeForm/item[name=UPD_DT||title=UPD_DT||index=0||Class=DateRangeItem]/dateRangeForm/item[name=fromField||title=From||index=0||Class=RelativeDateItem]/editor/item[name=valueField||title=valueField||index=0||Class=ComboBoxItem]/pickList/body/row[valueField=%24yesterday||1]/col[fieldName=valueField||0]]]></target>
	<value><![CDATA[]]></value>
</selenese>
<selenese>
	<command>waitForElementClickable</command>
	<target><![CDATA[scLocator=//Portlet[ID="datastaging_lchfails_tab_0"]/item[0][Class="ListGrid"]/filterEditor/editRowForm/item[name=UPD_DT||title=Date%20update||value=[object Object]||index=2||Class=MiniDateRangeItem]/rangeDialog/rangeForm/item[name=UPD_DT||title=UPD_DT||value=[object Object]||index=0||Class=DateRangeItem]/dateRangeForm/item[name=toField||title=To||index=1||Class=RelativeDateItem]/editor/item[name=valueField||title=valueField||index=0||Class=ComboBoxItem]/[icon="picker"]]]></target>
	<value><![CDATA[]]></value>
</selenese>
<selenese>
	<command>click</command>
	<target><![CDATA[scLocator=//Portlet[ID="datastaging_lchfails_tab_0"]/item[0][Class="ListGrid"]/filterEditor/editRowForm/item[name=UPD_DT||title=Date%20update||value=[object Object]||index=2||Class=MiniDateRangeItem]/rangeDialog/rangeForm/item[name=UPD_DT||title=UPD_DT||value=[object Object]||index=0||Class=DateRangeItem]/dateRangeForm/item[name=toField||title=To||index=1||Class=RelativeDateItem]/editor/item[name=valueField||title=valueField||index=0||Class=ComboBoxItem]/[icon="picker"]]]></target>
	<value><![CDATA[]]></value>
</selenese>
<selenese>
	<command>waitForElementClickable</command>
	<target><![CDATA[scLocator=//Portlet[ID="datastaging_lchfails_tab_0"]/item[0][Class="ListGrid"]/filterEditor/editRowForm/item[name=UPD_DT||title=Date%20update||value=[object Object]||index=2||Class=MiniDateRangeItem]/rangeDialog/rangeForm/item[name=UPD_DT||title=UPD_DT||value=[object Object]||index=0||Class=DateRangeItem]/dateRangeForm/item[name=toField||title=To||index=1||Class=RelativeDateItem]/editor/item[name=valueField||title=valueField||index=0||Class=ComboBoxItem]/pickList/body/row[valueField=%24today||0]/col[fieldName=valueField||0]]]></target>
	<value><![CDATA[]]></value>
</selenese>
<selenese>
	<command>click</command>
	<target><![CDATA[scLocator=//Portlet[ID="datastaging_lchfails_tab_0"]/item[0][Class="ListGrid"]/filterEditor/editRowForm/item[name=UPD_DT||title=Date%20update||value=[object Object]||index=2||Class=MiniDateRangeItem]/rangeDialog/rangeForm/item[name=UPD_DT||title=UPD_DT||value=[object Object]||index=0||Class=DateRangeItem]/dateRangeForm/item[name=toField||title=To||index=1||Class=RelativeDateItem]/editor/item[name=valueField||title=valueField||index=0||Class=ComboBoxItem]/pickList/body/row[valueField=%24today||0]/col[fieldName=valueField||0]]]></target>
	<value><![CDATA[]]></value>
</selenese>
<selenese>
	<command>waitForElementClickable</command>
	<target><![CDATA[scLocator=//Portlet[ID="datastaging_lchfails_tab_0"]/item[0][Class="ListGrid"]/filterEditor/editRowForm/item[name=UPD_DT||title=Date%20update||value=[object Object]||index=2||Class=MiniDateRangeItem]/rangeDialog/okButton/]]></target>
	<value><![CDATA[]]></value>
</selenese>
<selenese>
	<command>click</command>
	<target><![CDATA[scLocator=//Portlet[ID="datastaging_lchfails_tab_0"]/item[0][Class="ListGrid"]/filterEditor/editRowForm/item[name=UPD_DT||title=Date%20update||value=[object Object]||index=2||Class=MiniDateRangeItem]/rangeDialog/okButton/]]></target>
	<value><![CDATA[]]></value>
</selenese>
<selenese>
	<command>waitForElementClickable</command>
	<target><![CDATA[scLocator=//Portlet[ID="datastaging_lchfails_tab_0"]/item[0][Class="ListGrid"]/filterEditor/editRowForm/item[name=UPD_DT||title=Date%20update||value=[object Object]||index=2||Class=MiniDateRangeItem]/[icon="showDateRange"]]]></target>
	<value><![CDATA[]]></value>
</selenese>
<selenese>
	<command>sendKeys</command>
	<target><![CDATA[scLocator=//Portlet[ID="datastaging_lchfails_tab_0"]/item[0][Class="ListGrid"]/filterEditor/editRowForm/item[name=UPD_DT||title=Date%20update||value=[object Object]||index=2||Class=MiniDateRangeItem]/[icon="showDateRange"]]]></target>
	<value><![CDATA[${KEY_ENTER}]]></value>
</selenese>
</TestCase>