<?xml version="1.0" encoding="UTF-8"?>
<TestCase seleniumIDEVersion="2.9.1" baseURL="https://10.0.10.230:10044/LiqPortalWEB/index.html">
<selenese>
	<command>echo</command>
	<target><![CDATA[]]></target>
	<value><![CDATA[RU12-NUC01-T02.rctest]]></value>
</selenese>
<selenese>
	<command>open</command>
	<target><![CDATA[/LiqPortalWEB/]]></target>
	<value><![CDATA[Liquidity Portal - Data Staging - Repo Stg - Filters]]></value>
</selenese>
<selenese>
	<command>type</command>
	<target><![CDATA[id=Username]]></target>
	<value><![CDATA[mpetracc]]></value>
</selenese>
<selenese>
	<command>type</command>
	<target><![CDATA[id=Password]]></target>
	<value><![CDATA[.mpetrac04]]></value>
</selenese>
<selenese>
	<command>clickAndWait</command>
	<target><![CDATA[id=submitLabel #BUG: Repo Num. ha un limite di dimensionamento]]></target>
	<value><![CDATA[]]></value>
</selenese>
<selenese>
	<command>waitForElementClickable</command>
	<target><![CDATA[scLocator=//autoID[Class=VLayout||index=6||length=9||classIndex=0||classLength=1]/member[Class=HLayout||index=1||length=4||classIndex=1||classLength=4]/member[Class=MenuButton||index=0||length=1||classIndex=0||classLength=1||roleIndex=0||roleLength=1||title=Menu||scRole=button]/]]></target>
	<value><![CDATA[]]></value>
</selenese>
<selenese>
	<command>click</command>
	<target><![CDATA[scLocator=//autoID[Class=VLayout||index=6||length=9||classIndex=0||classLength=1]/member[Class=HLayout||index=1||length=4||classIndex=1||classLength=4]/member[Class=MenuButton||index=0||length=1||classIndex=0||classLength=1||roleIndex=0||roleLength=1||title=Menu||scRole=button]/]]></target>
	<value><![CDATA[]]></value>
</selenese>
<selenese>
	<command>waitForElementClickable</command>
	<target><![CDATA[scLocator=//Menu[level=1]/body/row[7]/col[fieldName=title||0]]]></target>
	<value><![CDATA[]]></value>
</selenese>
<selenese>
	<command>click</command>
	<target><![CDATA[scLocator=//Menu[level=1]/body/row[7]/col[fieldName=title||0]]]></target>
	<value><![CDATA[]]></value>
</selenese>
<selenese>
	<command>waitForElementClickable</command>
	<target><![CDATA[scLocator=//Portlet[ID="datastaging_repo_tab_0"]/maximizeButton/]]></target>
	<value><![CDATA[]]></value>
</selenese>
<selenese>
	<command>click</command>
	<target><![CDATA[scLocator=//Portlet[ID="datastaging_repo_tab_0"]/maximizeButton/]]></target>
	<value><![CDATA[]]></value>
</selenese>
<selenese>
	<command>waitForElementClickable</command>
	<target><![CDATA[scLocator=//Portlet[ID="datastaging_repo_tab_0"]/item[0][Class="ListGrid"]/filterEditor/editRowForm/item[title=Ref.%20date||index=0||Class=MiniDateRangeItem]/[icon="showDateRange"]]]></target>
	<value><![CDATA[]]></value>
</selenese>
<selenese>
	<command>click</command>
	<target><![CDATA[scLocator=//Portlet[ID="datastaging_repo_tab_0"]/item[0][Class="ListGrid"]/filterEditor/editRowForm/item[title=Ref.%20date||index=0||Class=MiniDateRangeItem]/[icon="showDateRange"]]]></target>
	<value><![CDATA[]]></value>
</selenese>
<selenese>
	<command>waitForElementClickable</command>
	<target><![CDATA[scLocator=//Portlet[ID="datastaging_repo_tab_0"]/item[0][Class="ListGrid"]/filterEditor/editRowForm/item[title=Ref.%20date||index=0||Class=MiniDateRangeItem]/rangeDialog/rangeForm/item[name=REF_DT||title=REF_DT||index=0||Class=DateRangeItem]/dateRangeForm/item[name=fromField||title=From||index=0||Class=RelativeDateItem]/editor/item[name=valueField||title=valueField||index=0||Class=ComboBoxItem]/[icon="picker"]]]></target>
	<value><![CDATA[]]></value>
</selenese>
<selenese>
	<command>click</command>
	<target><![CDATA[scLocator=//Portlet[ID="datastaging_repo_tab_0"]/item[0][Class="ListGrid"]/filterEditor/editRowForm/item[title=Ref.%20date||index=0||Class=MiniDateRangeItem]/rangeDialog/rangeForm/item[name=REF_DT||title=REF_DT||index=0||Class=DateRangeItem]/dateRangeForm/item[name=fromField||title=From||index=0||Class=RelativeDateItem]/editor/item[name=valueField||title=valueField||index=0||Class=ComboBoxItem]/[icon="picker"]]]></target>
	<value><![CDATA[]]></value>
</selenese>
<selenese>
	<command>waitForElementClickable</command>
	<target><![CDATA[scLocator=//Portlet[ID="datastaging_repo_tab_0"]/item[0][Class="ListGrid"]/filterEditor/editRowForm/item[title=Ref.%20date||index=0||Class=MiniDateRangeItem]/rangeDialog/rangeForm/item[name=REF_DT||title=REF_DT||index=0||Class=DateRangeItem]/dateRangeForm/item[name=fromField||title=From||index=0||Class=RelativeDateItem]/editor/item[name=valueField||title=valueField||index=0||Class=ComboBoxItem]/pickList/body/row[valueField=%24weekAgo||3]/col[fieldName=valueField||0]]]></target>
	<value><![CDATA[]]></value>
</selenese>
<selenese>
	<command>click</command>
	<target><![CDATA[scLocator=//Portlet[ID="datastaging_repo_tab_0"]/item[0][Class="ListGrid"]/filterEditor/editRowForm/item[title=Ref.%20date||index=0||Class=MiniDateRangeItem]/rangeDialog/rangeForm/item[name=REF_DT||title=REF_DT||index=0||Class=DateRangeItem]/dateRangeForm/item[name=fromField||title=From||index=0||Class=RelativeDateItem]/editor/item[name=valueField||title=valueField||index=0||Class=ComboBoxItem]/pickList/body/row[valueField=%24weekAgo||3]/col[fieldName=valueField||0]]]></target>
	<value><![CDATA[]]></value>
</selenese>
<selenese>
	<command>waitForElementClickable</command>
	<target><![CDATA[scLocator=//Portlet[ID="datastaging_repo_tab_0"]/item[0][Class="ListGrid"]/filterEditor/editRowForm/item[title=Ref.%20date||value=[object Object]||index=0||Class=MiniDateRangeItem]/rangeDialog/rangeForm/item[name=REF_DT||title=REF_DT||value=[object Object]||index=0||Class=DateRangeItem]/dateRangeForm/item[name=toField||title=To||index=1||Class=RelativeDateItem]/editor/item[name=valueField||title=valueField||index=0||Class=ComboBoxItem]/[icon="picker"]]]></target>
	<value><![CDATA[]]></value>
</selenese>
<selenese>
	<command>click</command>
	<target><![CDATA[scLocator=//Portlet[ID="datastaging_repo_tab_0"]/item[0][Class="ListGrid"]/filterEditor/editRowForm/item[title=Ref.%20date||value=[object Object]||index=0||Class=MiniDateRangeItem]/rangeDialog/rangeForm/item[name=REF_DT||title=REF_DT||value=[object Object]||index=0||Class=DateRangeItem]/dateRangeForm/item[name=toField||title=To||index=1||Class=RelativeDateItem]/editor/item[name=valueField||title=valueField||index=0||Class=ComboBoxItem]/[icon="picker"]]]></target>
	<value><![CDATA[]]></value>
</selenese>
<selenese>
	<command>waitForElementClickable</command>
	<target><![CDATA[scLocator=//Portlet[ID="datastaging_repo_tab_0"]/item[0][Class="ListGrid"]/filterEditor/editRowForm/item[title=Ref.%20date||value=[object Object]||index=0||Class=MiniDateRangeItem]/rangeDialog/rangeForm/item[name=REF_DT||title=REF_DT||value=[object Object]||index=0||Class=DateRangeItem]/dateRangeForm/item[name=toField||title=To||index=1||Class=RelativeDateItem]/editor/item[name=valueField||title=valueField||index=0||Class=ComboBoxItem]/pickList/body/row[valueField=%24today||0]/col[fieldName=valueField||0]]]></target>
	<value><![CDATA[]]></value>
</selenese>
<selenese>
	<command>click</command>
	<target><![CDATA[scLocator=//Portlet[ID="datastaging_repo_tab_0"]/item[0][Class="ListGrid"]/filterEditor/editRowForm/item[title=Ref.%20date||value=[object Object]||index=0||Class=MiniDateRangeItem]/rangeDialog/rangeForm/item[name=REF_DT||title=REF_DT||value=[object Object]||index=0||Class=DateRangeItem]/dateRangeForm/item[name=toField||title=To||index=1||Class=RelativeDateItem]/editor/item[name=valueField||title=valueField||index=0||Class=ComboBoxItem]/pickList/body/row[valueField=%24today||0]/col[fieldName=valueField||0]]]></target>
	<value><![CDATA[]]></value>
</selenese>
<selenese>
	<command>waitForElementClickable</command>
	<target><![CDATA[scLocator=//Portlet[ID="datastaging_repo_tab_0"]/item[0][Class="ListGrid"]/filterEditor/editRowForm/item[title=Ref.%20date||value=[object Object]||index=0||Class=MiniDateRangeItem]/rangeDialog/okButton/]]></target>
	<value><![CDATA[]]></value>
</selenese>
<selenese>
	<command>secondClick</command>
	<target><![CDATA[scLocator=//Portlet[ID="datastaging_repo_tab_0"]/item[0][Class="ListGrid"]/filterEditor/editRowForm/item[title=Ref.%20date||value=[object Object]||index=0||Class=MiniDateRangeItem]/rangeDialog/okButton/]]></target>
	<value><![CDATA[]]></value>
</selenese>
<selenese>
	<command>waitForElementClickable</command>
	<target><![CDATA[scLocator=//Portlet[ID="datastaging_repo_tab_0"]/item[0][Class="ListGrid"]/filterEditor/editRowForm/item[title=Ref.%20date||value=[object Object]||index=0||Class=MiniDateRangeItem]/[icon="showDateRange"]]]></target>
	<value><![CDATA[]]></value>
</selenese>
<selenese>
	<command>sendKeys</command>
	<target><![CDATA[scLocator=//Portlet[ID="datastaging_repo_tab_0"]/item[0][Class="ListGrid"]/filterEditor/editRowForm/item[title=Ref.%20date||value=[object Object]||index=0||Class=MiniDateRangeItem]/[icon="showDateRange"]]]></target>
	<value><![CDATA[${KEY_ENTER}]]></value>
</selenese>
<selenese>
	<command>waitForElementClickable</command>
	<target><![CDATA[scLocator=//Portlet[ID="datastaging_repo_tab_0"]/item[0][Class="ListGrid"]/filterEditor/editRowForm/item[title=Ref.%20date||value=[object Object]||index=0||Class=MiniDateRangeItem]/rangeDialog/closeButton/]]></target>
	<value><![CDATA[]]></value>
</selenese>
<selenese>
	<command>click</command>
	<target><![CDATA[scLocator=//Portlet[ID="datastaging_repo_tab_0"]/item[0][Class="ListGrid"]/filterEditor/editRowForm/item[title=Ref.%20date||value=[object Object]||index=0||Class=MiniDateRangeItem]/rangeDialog/closeButton/]]></target>
	<value><![CDATA[]]></value>
</selenese>
<selenese>
	<command>waitForElementClickable</command>
	<target><![CDATA[scLocator=//Portlet[ID="datastaging_repo_tab_0"]/item[0][Class="ListGrid"]/header/headerButton[fieldName=REF_DT]/]]></target>
	<value><![CDATA[]]></value>
</selenese>
<selenese>
	<command>click</command>
	<target><![CDATA[scLocator=//Portlet[ID="datastaging_repo_tab_0"]/item[0][Class="ListGrid"]/header/headerButton[fieldName=REF_DT]/]]></target>
	<value><![CDATA[]]></value>
</selenese>
<selenese>
	<command>waitForElementClickable</command>
	<target><![CDATA[scLocator=//Portlet[ID="datastaging_repo_tab_0"]/item[0][Class="ListGrid"]/filterEditor/editRowForm/item[title=Settle.%20date||index=6||Class=MiniDateRangeItem]/[icon="showDateRange"]]]></target>
	<value><![CDATA[]]></value>
</selenese>
<selenese>
	<command>click</command>
	<target><![CDATA[scLocator=//Portlet[ID="datastaging_repo_tab_0"]/item[0][Class="ListGrid"]/filterEditor/editRowForm/item[title=Settle.%20date||index=6||Class=MiniDateRangeItem]/[icon="showDateRange"]]]></target>
	<value><![CDATA[]]></value>
</selenese>
<selenese>
	<command>waitForElementClickable</command>
	<target><![CDATA[scLocator=//Portlet[ID="datastaging_repo_tab_0"]/item[0][Class="ListGrid"]/filterEditor/editRowForm/item[title=Settle.%20date||index=6||Class=MiniDateRangeItem]/rangeDialog/rangeForm/item[name=SETTLE_DT||title=SETTLE_DT||index=0||Class=DateRangeItem]/dateRangeForm/item[name=fromField||title=From||index=0||Class=RelativeDateItem]/editor/item[name=iconPlaceholder||title=iconPlaceholder||index=2||Class=StaticTextItem]/[icon="chooserIcon"]]]></target>
	<value><![CDATA[]]></value>
</selenese>
<selenese>
	<command>click</command>
	<target><![CDATA[scLocator=//Portlet[ID="datastaging_repo_tab_0"]/item[0][Class="ListGrid"]/filterEditor/editRowForm/item[title=Settle.%20date||index=6||Class=MiniDateRangeItem]/rangeDialog/rangeForm/item[name=SETTLE_DT||title=SETTLE_DT||index=0||Class=DateRangeItem]/dateRangeForm/item[name=fromField||title=From||index=0||Class=RelativeDateItem]/editor/item[name=iconPlaceholder||title=iconPlaceholder||index=2||Class=StaticTextItem]/[icon="chooserIcon"]]]></target>
	<value><![CDATA[]]></value>
</selenese>
<selenese>
	<command>waitForElementClickable</command>
	<target><![CDATA[scLocator=//autoID[Class=DateChooser||index=55||length=58||classIndex=0||classLength=1]/dateGrid/body/row[Mon=Mon Jul 03 2017 12:00:00 GMT+0200 (W. Europe Standard Time)||1]/col[fieldName=Mon||1]]]></target>
	<value><![CDATA[]]></value>
</selenese>
<selenese>
	<command>click</command>
	<target><![CDATA[scLocator=//autoID[Class=DateChooser||index=55||length=58||classIndex=0||classLength=1]/dateGrid/body/row[Mon=Mon Jul 03 2017 12:00:00 GMT+0200 (W. Europe Standard Time)||1]/col[fieldName=Mon||1]]]></target>
	<value><![CDATA[]]></value>
</selenese>
<selenese>
	<command>waitForElementClickable</command>
	<target><![CDATA[scLocator=//Portlet[ID="datastaging_repo_tab_0"]/item[0][Class="ListGrid"]/filterEditor/editRowForm/item[title=Settle.%20date||value=[object Object]||index=6||Class=MiniDateRangeItem]/rangeDialog/rangeForm/item[name=SETTLE_DT||title=SETTLE_DT||value=[object Object]||index=0||Class=DateRangeItem]/dateRangeForm/item[name=toField||title=To||index=1||Class=RelativeDateItem]/editor/item[name=valueField||title=valueField||index=0||Class=ComboBoxItem]/[icon="picker"]]]></target>
	<value><![CDATA[]]></value>
</selenese>
<selenese>
	<command>click</command>
	<target><![CDATA[scLocator=//Portlet[ID="datastaging_repo_tab_0"]/item[0][Class="ListGrid"]/filterEditor/editRowForm/item[title=Settle.%20date||value=[object Object]||index=6||Class=MiniDateRangeItem]/rangeDialog/rangeForm/item[name=SETTLE_DT||title=SETTLE_DT||value=[object Object]||index=0||Class=DateRangeItem]/dateRangeForm/item[name=toField||title=To||index=1||Class=RelativeDateItem]/editor/item[name=valueField||title=valueField||index=0||Class=ComboBoxItem]/[icon="picker"]]]></target>
	<value><![CDATA[]]></value>
</selenese>
<selenese>
	<command>waitForElementClickable</command>
	<target><![CDATA[scLocator=//Portlet[ID="datastaging_repo_tab_0"]/item[0][Class="ListGrid"]/filterEditor/editRowForm/item[title=Settle.%20date||value=[object Object]||index=6||Class=MiniDateRangeItem]/rangeDialog/rangeForm/item[name=SETTLE_DT||title=SETTLE_DT||value=[object Object]||index=0||Class=DateRangeItem]/dateRangeForm/item[name=toField||title=To||index=1||Class=RelativeDateItem]/editor/item[name=valueField||title=valueField||index=0||Class=ComboBoxItem]/pickList/body/row[valueField=%24today||0]/col[fieldName=valueField||0]]]></target>
	<value><![CDATA[]]></value>
</selenese>
<selenese>
	<command>click</command>
	<target><![CDATA[scLocator=//Portlet[ID="datastaging_repo_tab_0"]/item[0][Class="ListGrid"]/filterEditor/editRowForm/item[title=Settle.%20date||value=[object Object]||index=6||Class=MiniDateRangeItem]/rangeDialog/rangeForm/item[name=SETTLE_DT||title=SETTLE_DT||value=[object Object]||index=0||Class=DateRangeItem]/dateRangeForm/item[name=toField||title=To||index=1||Class=RelativeDateItem]/editor/item[name=valueField||title=valueField||index=0||Class=ComboBoxItem]/pickList/body/row[valueField=%24today||0]/col[fieldName=valueField||0]]]></target>
	<value><![CDATA[]]></value>
</selenese>
<selenese>
	<command>waitForElementClickable</command>
	<target><![CDATA[scLocator=//Portlet[ID="datastaging_repo_tab_0"]/item[0][Class="ListGrid"]/filterEditor/editRowForm/item[title=Settle.%20date||value=[object Object]||index=6||Class=MiniDateRangeItem]/rangeDialog/okButton/]]></target>
	<value><![CDATA[]]></value>
</selenese>
<selenese>
	<command>click</command>
	<target><![CDATA[scLocator=//Portlet[ID="datastaging_repo_tab_0"]/item[0][Class="ListGrid"]/filterEditor/editRowForm/item[title=Settle.%20date||value=[object Object]||index=6||Class=MiniDateRangeItem]/rangeDialog/okButton/]]></target>
	<value><![CDATA[]]></value>
</selenese>
<selenese>
	<command>waitForElementClickable</command>
	<target><![CDATA[scLocator=//Portlet[ID="datastaging_repo_tab_0"]/item[0][Class="ListGrid"]/filterEditor/editRowForm/item[title=Settle.%20date||value=[object Object]||index=6||Class=MiniDateRangeItem]/[icon="showDateRange"]]]></target>
	<value><![CDATA[]]></value>
</selenese>
<selenese>
	<command>sendKeys</command>
	<target><![CDATA[scLocator=//Portlet[ID="datastaging_repo_tab_0"]/item[0][Class="ListGrid"]/filterEditor/editRowForm/item[title=Settle.%20date||value=[object Object]||index=6||Class=MiniDateRangeItem]/[icon="showDateRange"]]]></target>
	<value><![CDATA[${KEY_ENTER}]]></value>
</selenese>
<selenese>
	<command>waitForElementClickable</command>
	<target><![CDATA[scLocator=//Portlet[ID="datastaging_repo_tab_0"]/item[0][Class="ListGrid"]/filterEditor/editRowForm/item[title=Settle.%20date||value=[object Object]||index=6||Class=MiniDateRangeItem]/rangeDialog/rangeForm/item[name=SETTLE_DT||title=SETTLE_DT||value=[object Object]||index=0||Class=DateRangeItem]/dateRangeForm/item[name=toField||title=To||value=Fri Jul 07 2017 12:00:00 GMT+0200 (W. Europe Standard Time)||index=1||Class=RelativeDateItem]/editor/item[name=valueField||title=valueField||value=%24today||index=0||Class=ComboBoxItem]/[icon="picker"]]]></target>
	<value><![CDATA[]]></value>
</selenese>
<selenese>
	<command>click</command>
	<target><![CDATA[scLocator=//Portlet[ID="datastaging_repo_tab_0"]/item[0][Class="ListGrid"]/filterEditor/editRowForm/item[title=Settle.%20date||value=[object Object]||index=6||Class=MiniDateRangeItem]/rangeDialog/rangeForm/item[name=SETTLE_DT||title=SETTLE_DT||value=[object Object]||index=0||Class=DateRangeItem]/dateRangeForm/item[name=toField||title=To||value=Fri Jul 07 2017 12:00:00 GMT+0200 (W. Europe Standard Time)||index=1||Class=RelativeDateItem]/editor/item[name=valueField||title=valueField||value=%24today||index=0||Class=ComboBoxItem]/[icon="picker"]]]></target>
	<value><![CDATA[]]></value>
</selenese>
<selenese>
	<command>waitForElementClickable</command>
	<target><![CDATA[scLocator=//Portlet[ID="datastaging_repo_tab_0"]/item[0][Class="ListGrid"]/filterEditor/editRowForm/item[title=Settle.%20date||value=[object Object]||index=6||Class=MiniDateRangeItem]/rangeDialog/rangeForm/item[name=SETTLE_DT||title=SETTLE_DT||value=[object Object]||index=0||Class=DateRangeItem]/dateRangeForm/item[name=toField||title=To||value=Fri Jul 07 2017 12:00:00 GMT+0200 (W. Europe Standard Time)||index=1||Class=RelativeDateItem]/editor/item[name=valueField||title=valueField||value=%24today||index=0||Class=ComboBoxItem]/pickList/body/row[valueField=%24yesterday||1]/col[fieldName=valueField||0]]]></target>
	<value><![CDATA[]]></value>
</selenese>
<selenese>
	<command>click</command>
	<target><![CDATA[scLocator=//Portlet[ID="datastaging_repo_tab_0"]/item[0][Class="ListGrid"]/filterEditor/editRowForm/item[title=Settle.%20date||value=[object Object]||index=6||Class=MiniDateRangeItem]/rangeDialog/rangeForm/item[name=SETTLE_DT||title=SETTLE_DT||value=[object Object]||index=0||Class=DateRangeItem]/dateRangeForm/item[name=toField||title=To||value=Fri Jul 07 2017 12:00:00 GMT+0200 (W. Europe Standard Time)||index=1||Class=RelativeDateItem]/editor/item[name=valueField||title=valueField||value=%24today||index=0||Class=ComboBoxItem]/pickList/body/row[valueField=%24yesterday||1]/col[fieldName=valueField||0]]]></target>
	<value><![CDATA[]]></value>
</selenese>
<selenese>
	<command>waitForElementClickable</command>
	<target><![CDATA[scLocator=//Portlet[ID="datastaging_repo_tab_0"]/item[0][Class="ListGrid"]/filterEditor/editRowForm/item[title=Settle.%20date||value=[object Object]||index=6||Class=MiniDateRangeItem]/rangeDialog/okButton/]]></target>
	<value><![CDATA[]]></value>
</selenese>
<selenese>
	<command>secondClick</command>
	<target><![CDATA[scLocator=//Portlet[ID="datastaging_repo_tab_0"]/item[0][Class="ListGrid"]/filterEditor/editRowForm/item[title=Settle.%20date||value=[object Object]||index=6||Class=MiniDateRangeItem]/rangeDialog/okButton/]]></target>
	<value><![CDATA[]]></value>
</selenese>
<selenese>
	<command>waitForElementClickable</command>
	<target><![CDATA[scLocator=//Portlet[ID="datastaging_repo_tab_0"]/item[0][Class="ListGrid"]/filterEditor/editRowForm/item[title=Maturity%20date||index=7||Class=MiniDateRangeItem]/[icon="showDateRange"]]]></target>
	<value><![CDATA[]]></value>
</selenese>
<selenese>
	<command>click</command>
	<target><![CDATA[scLocator=//Portlet[ID="datastaging_repo_tab_0"]/item[0][Class="ListGrid"]/filterEditor/editRowForm/item[title=Maturity%20date||index=7||Class=MiniDateRangeItem]/[icon="showDateRange"]]]></target>
	<value><![CDATA[]]></value>
</selenese>
<selenese>
	<command>waitForElementClickable</command>
	<target><![CDATA[scLocator=//Portlet[ID="datastaging_repo_tab_0"]/item[0][Class="ListGrid"]/filterEditor/editRowForm/item[title=Maturity%20date||index=7||Class=MiniDateRangeItem]/rangeDialog/rangeForm/item[name=MATURE_DT||title=MATURE_DT||index=0||Class=DateRangeItem]/dateRangeForm/item[name=fromField||title=From||index=0||Class=RelativeDateItem]/editor/item[name=valueField||title=valueField||index=0||Class=ComboBoxItem]/[icon="picker"]]]></target>
	<value><![CDATA[]]></value>
</selenese>
<selenese>
	<command>click</command>
	<target><![CDATA[scLocator=//Portlet[ID="datastaging_repo_tab_0"]/item[0][Class="ListGrid"]/filterEditor/editRowForm/item[title=Maturity%20date||index=7||Class=MiniDateRangeItem]/rangeDialog/rangeForm/item[name=MATURE_DT||title=MATURE_DT||index=0||Class=DateRangeItem]/dateRangeForm/item[name=fromField||title=From||index=0||Class=RelativeDateItem]/editor/item[name=valueField||title=valueField||index=0||Class=ComboBoxItem]/[icon="picker"]]]></target>
	<value><![CDATA[]]></value>
</selenese>
<selenese>
	<command>waitForElementClickable</command>
	<target><![CDATA[scLocator=//Portlet[ID="datastaging_repo_tab_0"]/item[0][Class="ListGrid"]/filterEditor/editRowForm/item[title=Maturity%20date||index=7||Class=MiniDateRangeItem]/rangeDialog/rangeForm/item[name=MATURE_DT||title=MATURE_DT||index=0||Class=DateRangeItem]/dateRangeForm/item[name=fromField||title=From||index=0||Class=RelativeDateItem]/editor/item[name=valueField||title=valueField||index=0||Class=ComboBoxItem]/pickList/body/row[valueField=%24yesterday||1]/col[fieldName=valueField||0]]]></target>
	<value><![CDATA[]]></value>
</selenese>
<selenese>
	<command>click</command>
	<target><![CDATA[scLocator=//Portlet[ID="datastaging_repo_tab_0"]/item[0][Class="ListGrid"]/filterEditor/editRowForm/item[title=Maturity%20date||index=7||Class=MiniDateRangeItem]/rangeDialog/rangeForm/item[name=MATURE_DT||title=MATURE_DT||index=0||Class=DateRangeItem]/dateRangeForm/item[name=fromField||title=From||index=0||Class=RelativeDateItem]/editor/item[name=valueField||title=valueField||index=0||Class=ComboBoxItem]/pickList/body/row[valueField=%24yesterday||1]/col[fieldName=valueField||0]]]></target>
	<value><![CDATA[]]></value>
</selenese>
<selenese>
	<command>waitForElementClickable</command>
	<target><![CDATA[scLocator=//Portlet[ID="datastaging_repo_tab_0"]/item[0][Class="ListGrid"]/filterEditor/editRowForm/item[title=Maturity%20date||value=[object Object]||index=7||Class=MiniDateRangeItem]/rangeDialog/rangeForm/item[name=MATURE_DT||title=MATURE_DT||value=[object Object]||index=0||Class=DateRangeItem]/dateRangeForm/item[name=toField||title=To||index=1||Class=RelativeDateItem]/editor/item[name=valueField||title=valueField||index=0||Class=ComboBoxItem]/[icon="picker"]]]></target>
	<value><![CDATA[]]></value>
</selenese>
<selenese>
	<command>click</command>
	<target><![CDATA[scLocator=//Portlet[ID="datastaging_repo_tab_0"]/item[0][Class="ListGrid"]/filterEditor/editRowForm/item[title=Maturity%20date||value=[object Object]||index=7||Class=MiniDateRangeItem]/rangeDialog/rangeForm/item[name=MATURE_DT||title=MATURE_DT||value=[object Object]||index=0||Class=DateRangeItem]/dateRangeForm/item[name=toField||title=To||index=1||Class=RelativeDateItem]/editor/item[name=valueField||title=valueField||index=0||Class=ComboBoxItem]/[icon="picker"]]]></target>
	<value><![CDATA[]]></value>
</selenese>
<selenese>
	<command>waitForElementClickable</command>
	<target><![CDATA[scLocator=//Portlet[ID="datastaging_repo_tab_0"]/item[0][Class="ListGrid"]/filterEditor/editRowForm/item[title=Maturity%20date||value=[object Object]||index=7||Class=MiniDateRangeItem]/rangeDialog/rangeForm/item[name=MATURE_DT||title=MATURE_DT||value=[object Object]||index=0||Class=DateRangeItem]/dateRangeForm/item[name=toField||title=To||index=1||Class=RelativeDateItem]/editor/item[name=valueField||title=valueField||index=0||Class=ComboBoxItem]/pickList/body/row[valueField=%24today||0]/col[fieldName=valueField||0]]]></target>
	<value><![CDATA[]]></value>
</selenese>
<selenese>
	<command>click</command>
	<target><![CDATA[scLocator=//Portlet[ID="datastaging_repo_tab_0"]/item[0][Class="ListGrid"]/filterEditor/editRowForm/item[title=Maturity%20date||value=[object Object]||index=7||Class=MiniDateRangeItem]/rangeDialog/rangeForm/item[name=MATURE_DT||title=MATURE_DT||value=[object Object]||index=0||Class=DateRangeItem]/dateRangeForm/item[name=toField||title=To||index=1||Class=RelativeDateItem]/editor/item[name=valueField||title=valueField||index=0||Class=ComboBoxItem]/pickList/body/row[valueField=%24today||0]/col[fieldName=valueField||0]]]></target>
	<value><![CDATA[]]></value>
</selenese>
<selenese>
	<command>waitForElementClickable</command>
	<target><![CDATA[scLocator=//Portlet[ID="datastaging_repo_tab_0"]/item[0][Class="ListGrid"]/filterEditor/editRowForm/item[title=Maturity%20date||value=[object Object]||index=7||Class=MiniDateRangeItem]/rangeDialog/okButton/]]></target>
	<value><![CDATA[]]></value>
</selenese>
<selenese>
	<command>click</command>
	<target><![CDATA[scLocator=//Portlet[ID="datastaging_repo_tab_0"]/item[0][Class="ListGrid"]/filterEditor/editRowForm/item[title=Maturity%20date||value=[object Object]||index=7||Class=MiniDateRangeItem]/rangeDialog/okButton/]]></target>
	<value><![CDATA[]]></value>
</selenese>
<selenese>
	<command>waitForElementClickable</command>
	<target><![CDATA[scLocator=//Portlet[ID="datastaging_repo_tab_0"]/item[0][Class="ListGrid"]/filterEditor/editRowForm/item[title=Maturity%20date||value=[object Object]||index=7||Class=MiniDateRangeItem]/[icon="showDateRange"]]]></target>
	<value><![CDATA[]]></value>
</selenese>
<selenese>
	<command>sendKeys</command>
	<target><![CDATA[scLocator=//Portlet[ID="datastaging_repo_tab_0"]/item[0][Class="ListGrid"]/filterEditor/editRowForm/item[title=Maturity%20date||value=[object Object]||index=7||Class=MiniDateRangeItem]/[icon="showDateRange"]]]></target>
	<value><![CDATA[${KEY_ENTER}]]></value>
</selenese>
<selenese>
	<command>waitForElementClickable</command>
	<target><![CDATA[scLocator=//Portlet[ID="datastaging_repo_tab_0"]/item[0][Class="ListGrid"]/filterEditor/editRowForm/item[title=Maturity%20date||value=[object Object]||index=7||Class=MiniDateRangeItem]/rangeDialog/closeButton/]]></target>
	<value><![CDATA[]]></value>
</selenese>
<selenese>
	<command>click</command>
	<target><![CDATA[scLocator=//Portlet[ID="datastaging_repo_tab_0"]/item[0][Class="ListGrid"]/filterEditor/editRowForm/item[title=Maturity%20date||value=[object Object]||index=7||Class=MiniDateRangeItem]/rangeDialog/closeButton/]]></target>
	<value><![CDATA[]]></value>
</selenese>
<selenese>
	<command>waitForElementClickable</command>
	<target><![CDATA[scLocator=//Portlet[ID="datastaging_repo_tab_0"]/item[0][Class="ListGrid"]/filterEditor/editRowForm/item[title=Ref.%20date||value=[object Object]||index=0||Class=MiniDateRangeItem]/[icon="showDateRange"]]]></target>
	<value><![CDATA[]]></value>
</selenese>
<selenese>
	<command>click</command>
	<target><![CDATA[scLocator=//Portlet[ID="datastaging_repo_tab_0"]/item[0][Class="ListGrid"]/filterEditor/editRowForm/item[title=Ref.%20date||value=[object Object]||index=0||Class=MiniDateRangeItem]/[icon="showDateRange"]]]></target>
	<value><![CDATA[]]></value>
</selenese>
<selenese>
	<command>waitForElementClickable</command>
	<target><![CDATA[scLocator=//Portlet[ID="datastaging_repo_tab_0"]/item[0][Class="ListGrid"]/filterEditor/editRowForm/item[title=Ref.%20date||value=[object Object]||index=0||Class=MiniDateRangeItem]/rangeDialog/rangeForm/item[name=REF_DT||title=REF_DT||value=[object Object]||index=0||Class=DateRangeItem]/dateRangeForm/item[name=fromField||title=From||value=Fri Jun 30 2017 12:00:00 GMT+0200 (W. Europe Standard Time)||index=0||Class=RelativeDateItem]/editor/item[name=valueField||title=valueField||value=%24weekAgo||index=0||Class=ComboBoxItem]/[icon="picker"]]]></target>
	<value><![CDATA[]]></value>
</selenese>
<selenese>
	<command>click</command>
	<target><![CDATA[scLocator=//Portlet[ID="datastaging_repo_tab_0"]/item[0][Class="ListGrid"]/filterEditor/editRowForm/item[title=Ref.%20date||value=[object Object]||index=0||Class=MiniDateRangeItem]/rangeDialog/rangeForm/item[name=REF_DT||title=REF_DT||value=[object Object]||index=0||Class=DateRangeItem]/dateRangeForm/item[name=fromField||title=From||value=Fri Jun 30 2017 12:00:00 GMT+0200 (W. Europe Standard Time)||index=0||Class=RelativeDateItem]/editor/item[name=valueField||title=valueField||value=%24weekAgo||index=0||Class=ComboBoxItem]/[icon="picker"]]]></target>
	<value><![CDATA[]]></value>
</selenese>
<selenese>
	<command>waitForElementClickable</command>
	<target><![CDATA[scLocator=//Portlet[ID="datastaging_repo_tab_0"]/item[0][Class="ListGrid"]/filterEditor/editRowForm/item[title=Ref.%20date||value=[object Object]||index=0||Class=MiniDateRangeItem]/rangeDialog/rangeForm/item[name=REF_DT||title=REF_DT||value=[object Object]||index=0||Class=DateRangeItem]/dateRangeForm/item[name=fromField||title=From||value=Fri Jun 30 2017 12:00:00 GMT+0200 (W. Europe Standard Time)||index=0||Class=RelativeDateItem]/editor/item[name=valueField||title=valueField||value=%24weekAgo||index=0||Class=ComboBoxItem]/pickList/body/row[valueField=%24yesterday||1]/col[fieldName=valueField||0]]]></target>
	<value><![CDATA[]]></value>
</selenese>
<selenese>
	<command>click</command>
	<target><![CDATA[scLocator=//Portlet[ID="datastaging_repo_tab_0"]/item[0][Class="ListGrid"]/filterEditor/editRowForm/item[title=Ref.%20date||value=[object Object]||index=0||Class=MiniDateRangeItem]/rangeDialog/rangeForm/item[name=REF_DT||title=REF_DT||value=[object Object]||index=0||Class=DateRangeItem]/dateRangeForm/item[name=fromField||title=From||value=Fri Jun 30 2017 12:00:00 GMT+0200 (W. Europe Standard Time)||index=0||Class=RelativeDateItem]/editor/item[name=valueField||title=valueField||value=%24weekAgo||index=0||Class=ComboBoxItem]/pickList/body/row[valueField=%24yesterday||1]/col[fieldName=valueField||0]]]></target>
	<value><![CDATA[]]></value>
</selenese>
<selenese>
	<command>waitForElementClickable</command>
	<target><![CDATA[scLocator=//Portlet[ID="datastaging_repo_tab_0"]/item[0][Class="ListGrid"]/filterEditor/editRowForm/item[title=Ref.%20date||value=[object Object]||index=0||Class=MiniDateRangeItem]/rangeDialog/okButton/]]></target>
	<value><![CDATA[]]></value>
</selenese>
<selenese>
	<command>click</command>
	<target><![CDATA[scLocator=//Portlet[ID="datastaging_repo_tab_0"]/item[0][Class="ListGrid"]/filterEditor/editRowForm/item[title=Ref.%20date||value=[object Object]||index=0||Class=MiniDateRangeItem]/rangeDialog/okButton/]]></target>
	<value><![CDATA[]]></value>
</selenese>
<selenese>
	<command>waitForElementClickable</command>
	<target><![CDATA[scLocator=//Portlet[ID="datastaging_repo_tab_0"]/item[0][Class="ListGrid"]/filterEditor/editRowForm/item[title=Ref.%20date||value=[object Object]||index=0||Class=MiniDateRangeItem]/[icon="showDateRange"]]]></target>
	<value><![CDATA[]]></value>
</selenese>
<selenese>
	<command>sendKeys</command>
	<target><![CDATA[scLocator=//Portlet[ID="datastaging_repo_tab_0"]/item[0][Class="ListGrid"]/filterEditor/editRowForm/item[title=Ref.%20date||value=[object Object]||index=0||Class=MiniDateRangeItem]/[icon="showDateRange"]]]></target>
	<value><![CDATA[${KEY_ENTER}]]></value>
</selenese>
<selenese>
	<command>waitForElementClickable</command>
	<target><![CDATA[scLocator=//Portlet[ID="datastaging_repo_tab_0"]/item[0][Class="ListGrid"]/filterEditor/editRowForm/item[title=Ref.%20date||value=[object Object]||index=0||Class=MiniDateRangeItem]/rangeDialog/closeButton/]]></target>
	<value><![CDATA[]]></value>
</selenese>
<selenese>
	<command>click</command>
	<target><![CDATA[scLocator=//Portlet[ID="datastaging_repo_tab_0"]/item[0][Class="ListGrid"]/filterEditor/editRowForm/item[title=Ref.%20date||value=[object Object]||index=0||Class=MiniDateRangeItem]/rangeDialog/closeButton/]]></target>
	<value><![CDATA[]]></value>
</selenese>
<selenese>
	<command>waitForElementClickable</command>
	<target><![CDATA[scLocator=//Portlet[ID="datastaging_repo_tab_0"]/item[0][Class="ListGrid"]/filterEditor/editRowForm/item[title=Settle.%20date||value=[object Object]||index=6||Class=MiniDateRangeItem]/[icon="showDateRange"]]]></target>
	<value><![CDATA[]]></value>
</selenese>
<selenese>
	<command>click</command>
	<target><![CDATA[scLocator=//Portlet[ID="datastaging_repo_tab_0"]/item[0][Class="ListGrid"]/filterEditor/editRowForm/item[title=Settle.%20date||value=[object Object]||index=6||Class=MiniDateRangeItem]/[icon="showDateRange"]]]></target>
	<value><![CDATA[]]></value>
</selenese>
<selenese>
	<command>waitForElementClickable</command>
	<target><![CDATA[scLocator=//Portlet[ID="datastaging_repo_tab_0"]/item[0][Class="ListGrid"]/filterEditor/editRowForm/item[title=Settle.%20date||value=[object Object]||index=6||Class=MiniDateRangeItem]/rangeDialog/closeButton/]]></target>
	<value><![CDATA[]]></value>
</selenese>
<selenese>
	<command>click</command>
	<target><![CDATA[scLocator=//Portlet[ID="datastaging_repo_tab_0"]/item[0][Class="ListGrid"]/filterEditor/editRowForm/item[title=Settle.%20date||value=[object Object]||index=6||Class=MiniDateRangeItem]/rangeDialog/closeButton/]]></target>
	<value><![CDATA[]]></value>
</selenese>
<selenese>
	<command>waitForElementClickable</command>
	<target><![CDATA[scLocator=//Portlet[ID="datastaging_repo_tab_0"]/item[0][Class="ListGrid"]/filterEditor/editRowForm/item[title=Ref.%20date||value=[object Object]||index=0||Class=MiniDateRangeItem]/[icon="showDateRange"]]]></target>
	<value><![CDATA[]]></value>
</selenese>
<selenese>
	<command>click</command>
	<target><![CDATA[scLocator=//Portlet[ID="datastaging_repo_tab_0"]/item[0][Class="ListGrid"]/filterEditor/editRowForm/item[title=Ref.%20date||value=[object Object]||index=0||Class=MiniDateRangeItem]/[icon="showDateRange"]]]></target>
	<value><![CDATA[]]></value>
</selenese>
<selenese>
	<command>waitForElementClickable</command>
	<target><![CDATA[scLocator=//Portlet[ID="datastaging_repo_tab_0"]/item[0][Class="ListGrid"]/filterEditor/editRowForm/item[title=Ref.%20date||value=[object Object]||index=0||Class=MiniDateRangeItem]/rangeDialog/okButton/]]></target>
	<value><![CDATA[]]></value>
</selenese>
<selenese>
	<command>click</command>
	<target><![CDATA[scLocator=//Portlet[ID="datastaging_repo_tab_0"]/item[0][Class="ListGrid"]/filterEditor/editRowForm/item[title=Ref.%20date||value=[object Object]||index=0||Class=MiniDateRangeItem]/rangeDialog/okButton/]]></target>
	<value><![CDATA[]]></value>
</selenese>
<selenese>
	<command>waitForElementClickable</command>
	<target><![CDATA[scLocator=//Portlet[ID="datastaging_repo_tab_0"]/item[0][Class="ListGrid"]/filterEditor/editRowForm/item[title=Settle.%20date||value=[object Object]||index=6||Class=MiniDateRangeItem]/[icon="showDateRange"]]]></target>
	<value><![CDATA[]]></value>
</selenese>
<selenese>
	<command>click</command>
	<target><![CDATA[scLocator=//Portlet[ID="datastaging_repo_tab_0"]/item[0][Class="ListGrid"]/filterEditor/editRowForm/item[title=Settle.%20date||value=[object Object]||index=6||Class=MiniDateRangeItem]/[icon="showDateRange"]]]></target>
	<value><![CDATA[]]></value>
</selenese>
<selenese>
	<command>waitForElementClickable</command>
	<target><![CDATA[scLocator=//Portlet[ID="datastaging_repo_tab_0"]/item[0][Class="ListGrid"]/filterEditor/editRowForm/item[title=Settle.%20date||value=[object Object]||index=6||Class=MiniDateRangeItem]/rangeDialog/rangeForm/item[name=SETTLE_DT||title=SETTLE_DT||value=[object Object]||index=0||Class=DateRangeItem]/dateRangeForm/item[name=toField||title=To||value=Thu Jul 06 2017 12:00:00 GMT+0200 (W. Europe Standard Time)||index=1||Class=RelativeDateItem]/editor/item[name=valueField||title=valueField||value=%24yesterday||index=0||Class=ComboBoxItem]/[icon="picker"]]]></target>
	<value><![CDATA[]]></value>
</selenese>
<selenese>
	<command>click</command>
	<target><![CDATA[scLocator=//Portlet[ID="datastaging_repo_tab_0"]/item[0][Class="ListGrid"]/filterEditor/editRowForm/item[title=Settle.%20date||value=[object Object]||index=6||Class=MiniDateRangeItem]/rangeDialog/rangeForm/item[name=SETTLE_DT||title=SETTLE_DT||value=[object Object]||index=0||Class=DateRangeItem]/dateRangeForm/item[name=toField||title=To||value=Thu Jul 06 2017 12:00:00 GMT+0200 (W. Europe Standard Time)||index=1||Class=RelativeDateItem]/editor/item[name=valueField||title=valueField||value=%24yesterday||index=0||Class=ComboBoxItem]/[icon="picker"]]]></target>
	<value><![CDATA[]]></value>
</selenese>
<selenese>
	<command>waitForElementClickable</command>
	<target><![CDATA[scLocator=//Portlet[ID="datastaging_repo_tab_0"]/item[0][Class="ListGrid"]/filterEditor/editRowForm/item[title=Settle.%20date||value=[object Object]||index=6||Class=MiniDateRangeItem]/rangeDialog/rangeForm/item[name=SETTLE_DT||title=SETTLE_DT||value=[object Object]||index=0||Class=DateRangeItem]/dateRangeForm/item[name=toField||title=To||value=Thu Jul 06 2017 12:00:00 GMT+0200 (W. Europe Standard Time)||index=1||Class=RelativeDateItem]/editor/item[name=valueField||title=valueField||value=%24yesterday||index=0||Class=ComboBoxItem]/pickList/body/row[valueField=%24today||0]/col[fieldName=valueField||0]]]></target>
	<value><![CDATA[]]></value>
</selenese>
<selenese>
	<command>click</command>
	<target><![CDATA[scLocator=//Portlet[ID="datastaging_repo_tab_0"]/item[0][Class="ListGrid"]/filterEditor/editRowForm/item[title=Settle.%20date||value=[object Object]||index=6||Class=MiniDateRangeItem]/rangeDialog/rangeForm/item[name=SETTLE_DT||title=SETTLE_DT||value=[object Object]||index=0||Class=DateRangeItem]/dateRangeForm/item[name=toField||title=To||value=Thu Jul 06 2017 12:00:00 GMT+0200 (W. Europe Standard Time)||index=1||Class=RelativeDateItem]/editor/item[name=valueField||title=valueField||value=%24yesterday||index=0||Class=ComboBoxItem]/pickList/body/row[valueField=%24today||0]/col[fieldName=valueField||0]]]></target>
	<value><![CDATA[]]></value>
</selenese>
<selenese>
	<command>waitForElementClickable</command>
	<target><![CDATA[scLocator=//Portlet[ID="datastaging_repo_tab_0"]/item[0][Class="ListGrid"]/filterEditor/editRowForm/item[title=Settle.%20date||value=[object Object]||index=6||Class=MiniDateRangeItem]/rangeDialog/okButton/]]></target>
	<value><![CDATA[]]></value>
</selenese>
<selenese>
	<command>click</command>
	<target><![CDATA[scLocator=//Portlet[ID="datastaging_repo_tab_0"]/item[0][Class="ListGrid"]/filterEditor/editRowForm/item[title=Settle.%20date||value=[object Object]||index=6||Class=MiniDateRangeItem]/rangeDialog/okButton/]]></target>
	<value><![CDATA[]]></value>
</selenese>
<selenese>
	<command>waitForElementClickable</command>
	<target><![CDATA[scLocator=//Portlet[ID="datastaging_repo_tab_0"]/item[0][Class="ListGrid"]/filterEditor/editRowForm/item[title=Settle.%20date||value=[object Object]||index=6||Class=MiniDateRangeItem]/rangeDialog/okButton/]]></target>
	<value><![CDATA[]]></value>
</selenese>
<selenese>
	<command>click</command>
	<target><![CDATA[scLocator=//Portlet[ID="datastaging_repo_tab_0"]/item[0][Class="ListGrid"]/filterEditor/editRowForm/item[title=Settle.%20date||value=[object Object]||index=6||Class=MiniDateRangeItem]/rangeDialog/okButton/]]></target>
	<value><![CDATA[]]></value>
</selenese>
<selenese>
	<command>waitForElementClickable</command>
	<target><![CDATA[scLocator=//Portlet[ID="datastaging_repo_tab_0"]/item[0][Class="ListGrid"]/filterEditor/editRowForm/item[title=Settle.%20date||value=[object Object]||index=6||Class=MiniDateRangeItem]/[icon="showDateRange"]]]></target>
	<value><![CDATA[]]></value>
</selenese>
<selenese>
	<command>sendKeys</command>
	<target><![CDATA[scLocator=//Portlet[ID="datastaging_repo_tab_0"]/item[0][Class="ListGrid"]/filterEditor/editRowForm/item[title=Settle.%20date||value=[object Object]||index=6||Class=MiniDateRangeItem]/[icon="showDateRange"]]]></target>
	<value><![CDATA[${KEY_ENTER}]]></value>
</selenese>
<selenese>
	<command>waitForElementClickable</command>
	<target><![CDATA[scLocator=//Portlet[ID="datastaging_repo_tab_0"]/item[0][Class="ListGrid"]/filterEditor/editRowForm/item[title=Settle.%20date||value=[object Object]||index=6||Class=MiniDateRangeItem]/rangeDialog/closeButton/]]></target>
	<value><![CDATA[]]></value>
</selenese>
<selenese>
	<command>click</command>
	<target><![CDATA[scLocator=//Portlet[ID="datastaging_repo_tab_0"]/item[0][Class="ListGrid"]/filterEditor/editRowForm/item[title=Settle.%20date||value=[object Object]||index=6||Class=MiniDateRangeItem]/rangeDialog/closeButton/]]></target>
	<value><![CDATA[]]></value>
</selenese>
<selenese>
	<command>waitForElementClickable</command>
	<target><![CDATA[scLocator=//Portlet[ID="datastaging_repo_tab_0"]/item[0][Class="ListGrid"]/filterEditor/editRowForm/item[title=Maturity%20date||value=[object Object]||index=7||Class=MiniDateRangeItem]/[icon="showDateRange"]]]></target>
	<value><![CDATA[]]></value>
</selenese>
<selenese>
	<command>click</command>
	<target><![CDATA[scLocator=//Portlet[ID="datastaging_repo_tab_0"]/item[0][Class="ListGrid"]/filterEditor/editRowForm/item[title=Maturity%20date||value=[object Object]||index=7||Class=MiniDateRangeItem]/[icon="showDateRange"]]]></target>
	<value><![CDATA[]]></value>
</selenese>
<selenese>
	<command>waitForElementClickable</command>
	<target><![CDATA[scLocator=//Portlet[ID="datastaging_repo_tab_0"]/item[0][Class="ListGrid"]/filterEditor/editRowForm/item[title=Maturity%20date||value=[object Object]||index=7||Class=MiniDateRangeItem]/rangeDialog/okButton/]]></target>
	<value><![CDATA[]]></value>
</selenese>
<selenese>
	<command>click</command>
	<target><![CDATA[scLocator=//Portlet[ID="datastaging_repo_tab_0"]/item[0][Class="ListGrid"]/filterEditor/editRowForm/item[title=Maturity%20date||value=[object Object]||index=7||Class=MiniDateRangeItem]/rangeDialog/okButton/]]></target>
	<value><![CDATA[]]></value>
</selenese>
<selenese>
	<command>waitForElementClickable</command>
	<target><![CDATA[scLocator=//Portlet[ID="datastaging_repo_tab_0"]/item[0][Class="ListGrid"]/filterEditor/editRowForm/item[title=Ref.%20date||value=[object Object]||index=0||Class=MiniDateRangeItem]/[icon="showDateRange"]]]></target>
	<value><![CDATA[]]></value>
</selenese>
<selenese>
	<command>click</command>
	<target><![CDATA[scLocator=//Portlet[ID="datastaging_repo_tab_0"]/item[0][Class="ListGrid"]/filterEditor/editRowForm/item[title=Ref.%20date||value=[object Object]||index=0||Class=MiniDateRangeItem]/[icon="showDateRange"]]]></target>
	<value><![CDATA[]]></value>
</selenese>
<selenese>
	<command>waitForElementClickable</command>
	<target><![CDATA[scLocator=//Portlet[ID="datastaging_repo_tab_0"]/item[0][Class="ListGrid"]/filterEditor/editRowForm/item[title=Ref.%20date||value=[object Object]||index=0||Class=MiniDateRangeItem]/rangeDialog/clearButton/]]></target>
	<value><![CDATA[]]></value>
</selenese>
<selenese>
	<command>click</command>
	<target><![CDATA[scLocator=//Portlet[ID="datastaging_repo_tab_0"]/item[0][Class="ListGrid"]/filterEditor/editRowForm/item[title=Ref.%20date||value=[object Object]||index=0||Class=MiniDateRangeItem]/rangeDialog/clearButton/]]></target>
	<value><![CDATA[]]></value>
</selenese>
<selenese>
	<command>waitForElementClickable</command>
	<target><![CDATA[scLocator=//Portlet[ID="datastaging_repo_tab_0"]/item[0][Class="ListGrid"]/filterEditor/editRowForm/item[title=Ref.%20date||index=0||Class=MiniDateRangeItem]/rangeDialog/okButton/]]></target>
	<value><![CDATA[]]></value>
</selenese>
<selenese>
	<command>click</command>
	<target><![CDATA[scLocator=//Portlet[ID="datastaging_repo_tab_0"]/item[0][Class="ListGrid"]/filterEditor/editRowForm/item[title=Ref.%20date||index=0||Class=MiniDateRangeItem]/rangeDialog/okButton/]]></target>
	<value><![CDATA[]]></value>
</selenese>
<selenese>
	<command>waitForElementClickable</command>
	<target><![CDATA[scLocator=//Portlet[ID="datastaging_repo_tab_0"]/item[0][Class="ListGrid"]/filterEditor/actionButton/icon]]></target>
	<value><![CDATA[]]></value>
</selenese>
<selenese>
	<command>click</command>
	<target><![CDATA[scLocator=//Portlet[ID="datastaging_repo_tab_0"]/item[0][Class="ListGrid"]/filterEditor/actionButton/icon]]></target>
	<value><![CDATA[]]></value>
</selenese>
<selenese>
	<command>waitForElementClickable</command>
	<target><![CDATA[scLocator=//Portlet[ID="datastaging_repo_tab_0"]/item[0][Class="ListGrid"]/filterEditor/editRowForm/item[title=Settle.%20date||value=[object Object]||index=6||Class=MiniDateRangeItem]/[icon="showDateRange"]]]></target>
	<value><![CDATA[]]></value>
</selenese>
<selenese>
	<command>click</command>
	<target><![CDATA[scLocator=//Portlet[ID="datastaging_repo_tab_0"]/item[0][Class="ListGrid"]/filterEditor/editRowForm/item[title=Settle.%20date||value=[object Object]||index=6||Class=MiniDateRangeItem]/[icon="showDateRange"]]]></target>
	<value><![CDATA[]]></value>
</selenese>
<selenese>
	<command>waitForElementClickable</command>
	<target><![CDATA[scLocator=//Portlet[ID="datastaging_repo_tab_0"]/item[0][Class="ListGrid"]/filterEditor/editRowForm/item[title=Settle.%20date||value=[object Object]||index=6||Class=MiniDateRangeItem]/rangeDialog/clearButton/]]></target>
	<value><![CDATA[]]></value>
</selenese>
<selenese>
	<command>click</command>
	<target><![CDATA[scLocator=//Portlet[ID="datastaging_repo_tab_0"]/item[0][Class="ListGrid"]/filterEditor/editRowForm/item[title=Settle.%20date||value=[object Object]||index=6||Class=MiniDateRangeItem]/rangeDialog/clearButton/]]></target>
	<value><![CDATA[]]></value>
</selenese>
<selenese>
	<command>waitForElementClickable</command>
	<target><![CDATA[scLocator=//Portlet[ID="datastaging_repo_tab_0"]/item[0][Class="ListGrid"]/filterEditor/editRowForm/item[title=Settle.%20date||index=6||Class=MiniDateRangeItem]/rangeDialog/okButton/]]></target>
	<value><![CDATA[]]></value>
</selenese>
<selenese>
	<command>secondClick</command>
	<target><![CDATA[scLocator=//Portlet[ID="datastaging_repo_tab_0"]/item[0][Class="ListGrid"]/filterEditor/editRowForm/item[title=Settle.%20date||index=6||Class=MiniDateRangeItem]/rangeDialog/okButton/]]></target>
	<value><![CDATA[]]></value>
</selenese>
<selenese>
	<command>waitForElementClickable</command>
	<target><![CDATA[scLocator=//Portlet[ID="datastaging_repo_tab_0"]/item[0][Class="ListGrid"]/filterEditor/editRowForm/item[title=Maturity%20date||value=[object Object]||index=7||Class=MiniDateRangeItem]/[icon="showDateRange"]]]></target>
	<value><![CDATA[]]></value>
</selenese>
<selenese>
	<command>click</command>
	<target><![CDATA[scLocator=//Portlet[ID="datastaging_repo_tab_0"]/item[0][Class="ListGrid"]/filterEditor/editRowForm/item[title=Maturity%20date||value=[object Object]||index=7||Class=MiniDateRangeItem]/[icon="showDateRange"]]]></target>
	<value><![CDATA[]]></value>
</selenese>
<selenese>
	<command>waitForElementClickable</command>
	<target><![CDATA[scLocator=//Portlet[ID="datastaging_repo_tab_0"]/item[0][Class="ListGrid"]/filterEditor/editRowForm/item[title=Maturity%20date||value=[object Object]||index=7||Class=MiniDateRangeItem]/rangeDialog/clearButton/]]></target>
	<value><![CDATA[]]></value>
</selenese>
<selenese>
	<command>click</command>
	<target><![CDATA[scLocator=//Portlet[ID="datastaging_repo_tab_0"]/item[0][Class="ListGrid"]/filterEditor/editRowForm/item[title=Maturity%20date||value=[object Object]||index=7||Class=MiniDateRangeItem]/rangeDialog/clearButton/]]></target>
	<value><![CDATA[]]></value>
</selenese>
<selenese>
	<command>waitForElementClickable</command>
	<target><![CDATA[scLocator=//Portlet[ID="datastaging_repo_tab_0"]/item[0][Class="ListGrid"]/filterEditor/editRowForm/item[title=Maturity%20date||index=7||Class=MiniDateRangeItem]/rangeDialog/okButton/]]></target>
	<value><![CDATA[]]></value>
</selenese>
<selenese>
	<command>secondClick</command>
	<target><![CDATA[scLocator=//Portlet[ID="datastaging_repo_tab_0"]/item[0][Class="ListGrid"]/filterEditor/editRowForm/item[title=Maturity%20date||index=7||Class=MiniDateRangeItem]/rangeDialog/okButton/]]></target>
	<value><![CDATA[]]></value>
</selenese>
<selenese>
	<command>waitForElementClickable</command>
	<target><![CDATA[scLocator=//Portlet[ID="datastaging_repo_tab_0"]/item[0][Class="ListGrid"]/filterEditor/actionButton/icon]]></target>
	<value><![CDATA[]]></value>
</selenese>
<selenese>
	<command>click</command>
	<target><![CDATA[scLocator=//Portlet[ID="datastaging_repo_tab_0"]/item[0][Class="ListGrid"]/filterEditor/actionButton/icon]]></target>
	<value><![CDATA[]]></value>
</selenese>
<selenese>
	<command>waitForElementClickable</command>
	<target><![CDATA[scLocator=//Portlet[ID="datastaging_repo_tab_0"]/item[0][Class="ListGrid"]/body/row[REF_DT=Thu May 04 2017 12:00:00 GMT+0200 (W. Europe Standard Time)||DEAL_NO=61245||0]/col[fieldName=REF_DT||0]]]></target>
	<value><![CDATA[]]></value>
</selenese>
<selenese>
	<command>click</command>
	<target><![CDATA[scLocator=//Portlet[ID="datastaging_repo_tab_0"]/item[0][Class="ListGrid"]/body/row[REF_DT=Thu May 04 2017 12:00:00 GMT+0200 (W. Europe Standard Time)||DEAL_NO=61245||0]/col[fieldName=REF_DT||0]]]></target>
	<value><![CDATA[]]></value>
</selenese>
<selenese>
	<command>waitForElementClickable</command>
	<target><![CDATA[scLocator=//Portlet[ID="datastaging_repo_tab_0"]/item[0][Class="ListGrid"]/body/vscrollbar/peer[Class=SpritedVSimpleScrollThumb||index=0||length=1||classIndex=0||classLength=1||title=%26nbsp%3B||name=main]/]]></target>
	<value><![CDATA[]]></value>
</selenese>
<selenese>
	<command>dragAndDrop</command>
	<target><![CDATA[scLocator=//Portlet[ID="datastaging_repo_tab_0"]/item[0][Class="ListGrid"]/body/vscrollbar/peer[Class=SpritedVSimpleScrollThumb||index=0||length=1||classIndex=0||classLength=1||title=%26nbsp%3B||name=main]/]]></target>
	<value><![CDATA[+10,-5]]></value>
</selenese>
<selenese>
	<command>waitForElementClickable</command>
	<target><![CDATA[scLocator=//Portlet[ID="datastaging_repo_tab_0"]/item[0][Class="ListGrid"]/body/vscrollbar/peer[Class=SpritedVSimpleScrollThumb||index=0||length=1||classIndex=0||classLength=1||title=%26nbsp%3B||name=main]/]]></target>
	<value><![CDATA[]]></value>
</selenese>
<selenese>
	<command>dragAndDrop</command>
	<target><![CDATA[scLocator=//Portlet[ID="datastaging_repo_tab_0"]/item[0][Class="ListGrid"]/body/vscrollbar/peer[Class=SpritedVSimpleScrollThumb||index=0||length=1||classIndex=0||classLength=1||title=%26nbsp%3B||name=main]/]]></target>
	<value><![CDATA[+3,-9]]></value>
</selenese>
<selenese>
	<command>waitForElementClickable</command>
	<target><![CDATA[scLocator=//Portlet[ID="datastaging_repo_tab_0"]/item[0][Class="ListGrid"]/filterEditor/editRowForm/item[name=DEAL_NO||title=Deal%20num.||index=1||Class=TextItem]/element]]></target>
	<value><![CDATA[]]></value>
</selenese>
<selenese>
	<command>click</command>
	<target><![CDATA[scLocator=//Portlet[ID="datastaging_repo_tab_0"]/item[0][Class="ListGrid"]/filterEditor/editRowForm/item[name=DEAL_NO||title=Deal%20num.||index=1||Class=TextItem]/element]]></target>
	<value><![CDATA[]]></value>
</selenese>
<selenese>
	<command>waitForElementReadyForKeyPresses</command>
	<target><![CDATA[scLocator=//Portlet[ID="datastaging_repo_tab_0"]/item[0][Class="ListGrid"]/filterEditor/editRowForm/item[name=DEAL_NO||title=Deal%20num.||value=%3E60000||index=1||Class=TextItem]/element]]></target>
	<value><![CDATA[]]></value>
</selenese>
<selenese>
	<command>sendKeys</command>
	<target><![CDATA[scLocator=//Portlet[ID="datastaging_repo_tab_0"]/item[0][Class="ListGrid"]/filterEditor/editRowForm/item[name=DEAL_NO||title=Deal%20num.||value=%3E60000||index=1||Class=TextItem]/element]]></target>
	<value><![CDATA[${KEY_ENTER}]]></value>
</selenese>
<selenese>
	<command>waitForElementClickable</command>
	<target><![CDATA[scLocator=//Portlet[ID="datastaging_repo_tab_0"]/item[0][Class="ListGrid"]/filterEditor/editRowForm/item[name=DEAL_NO||title=Deal%20num.||value=%3E60000||index=1||Class=TextItem]/element]]></target>
	<value><![CDATA[]]></value>
</selenese>
<selenese>
	<command>type</command>
	<target><![CDATA[scLocator=//Portlet[ID="datastaging_repo_tab_0"]/item[0][Class="ListGrid"]/filterEditor/editRowForm/item[name=DEAL_NO||title=Deal%20num.||value=%3E60000||index=1||Class=TextItem]/element]]></target>
	<value><![CDATA[>60000]]></value>
</selenese>
<selenese>
	<command>waitForElementClickable</command>
	<target><![CDATA[scLocator=//Portlet[ID="datastaging_repo_tab_0"]/item[0][Class="ListGrid"]/filterEditor/editRowForm/item[name=DEAL_NO||title=Deal%20num.||value=%3E60000||index=1||Class=TextItem]/element]]></target>
	<value><![CDATA[]]></value>
</selenese>
<selenese>
	<command>click</command>
	<target><![CDATA[scLocator=//Portlet[ID="datastaging_repo_tab_0"]/item[0][Class="ListGrid"]/filterEditor/editRowForm/item[name=DEAL_NO||title=Deal%20num.||value=%3E60000||index=1||Class=TextItem]/element]]></target>
	<value><![CDATA[]]></value>
</selenese>
<selenese>
	<command>waitForElementClickable</command>
	<target><![CDATA[scLocator=//Portlet[ID="datastaging_repo_tab_0"]/item[0][Class="ListGrid"]/filterEditor/editRowForm/item[name=DEAL_NO||title=Deal%20num.||value=%3E60000||index=1||Class=TextItem]/element]]></target>
	<value><![CDATA[]]></value>
</selenese>
<selenese>
	<command>click</command>
	<target><![CDATA[scLocator=//Portlet[ID="datastaging_repo_tab_0"]/item[0][Class="ListGrid"]/filterEditor/editRowForm/item[name=DEAL_NO||title=Deal%20num.||value=%3E60000||index=1||Class=TextItem]/element]]></target>
	<value><![CDATA[]]></value>
</selenese>
<selenese>
	<command>waitForElementClickable</command>
	<target><![CDATA[scLocator=//Portlet[ID="datastaging_repo_tab_0"]/item[0][Class="ListGrid"]/filterEditor/editRowForm/item[name=DEAL_NO||title=Deal%20num.||value=%3E60000||index=1||Class=TextItem]/element]]></target>
	<value><![CDATA[]]></value>
</selenese>
<selenese>
	<command>click</command>
	<target><![CDATA[scLocator=//Portlet[ID="datastaging_repo_tab_0"]/item[0][Class="ListGrid"]/filterEditor/editRowForm/item[name=DEAL_NO||title=Deal%20num.||value=%3E60000||index=1||Class=TextItem]/element]]></target>
	<value><![CDATA[]]></value>
</selenese>
<selenese>
	<command>waitForElementReadyForKeyPresses</command>
	<target><![CDATA[scLocator=//Portlet[ID="datastaging_repo_tab_0"]/item[0][Class="ListGrid"]/filterEditor/editRowForm/item[name=DEAL_NO||title=Deal%20num.||value=%3C60000||index=1||Class=TextItem]/element]]></target>
	<value><![CDATA[]]></value>
</selenese>
<selenese>
	<command>sendKeys</command>
	<target><![CDATA[scLocator=//Portlet[ID="datastaging_repo_tab_0"]/item[0][Class="ListGrid"]/filterEditor/editRowForm/item[name=DEAL_NO||title=Deal%20num.||value=%3C60000||index=1||Class=TextItem]/element]]></target>
	<value><![CDATA[${KEY_ENTER}]]></value>
</selenese>
<selenese>
	<command>waitForElementClickable</command>
	<target><![CDATA[scLocator=//Portlet[ID="datastaging_repo_tab_0"]/item[0][Class="ListGrid"]/filterEditor/editRowForm/item[name=DEAL_NO||title=Deal%20num.||value=%3C60000||index=1||Class=TextItem]/element]]></target>
	<value><![CDATA[]]></value>
</selenese>
<selenese>
	<command>type</command>
	<target><![CDATA[scLocator=//Portlet[ID="datastaging_repo_tab_0"]/item[0][Class="ListGrid"]/filterEditor/editRowForm/item[name=DEAL_NO||title=Deal%20num.||value=%3C60000||index=1||Class=TextItem]/element]]></target>
	<value><![CDATA[<60000]]></value>
</selenese>
<selenese>
	<command>waitForElementClickable</command>
	<target><![CDATA[scLocator=//Portlet[ID="datastaging_repo_tab_0"]/item[0][Class="ListGrid"]/filterEditor/editRowForm/item[name=DEAL_NO||title=Deal%20num.||value=%3C60000||index=1||Class=TextItem]/element]]></target>
	<value><![CDATA[]]></value>
</selenese>
<selenese>
	<command>click</command>
	<target><![CDATA[scLocator=//Portlet[ID="datastaging_repo_tab_0"]/item[0][Class="ListGrid"]/filterEditor/editRowForm/item[name=DEAL_NO||title=Deal%20num.||value=%3C60000||index=1||Class=TextItem]/element]]></target>
	<value><![CDATA[]]></value>
</selenese>
<selenese>
	<command>waitForElementReadyForKeyPresses</command>
	<target><![CDATA[scLocator=//Portlet[ID="datastaging_repo_tab_0"]/item[0][Class="ListGrid"]/filterEditor/editRowForm/item[name=DEAL_NO||title=Deal%20num.||index=1||Class=TextItem]/element]]></target>
	<value><![CDATA[]]></value>
</selenese>
<selenese>
	<command>sendKeys</command>
	<target><![CDATA[scLocator=//Portlet[ID="datastaging_repo_tab_0"]/item[0][Class="ListGrid"]/filterEditor/editRowForm/item[name=DEAL_NO||title=Deal%20num.||index=1||Class=TextItem]/element]]></target>
	<value><![CDATA[${KEY_ENTER}]]></value>
</selenese>
<selenese>
	<command>waitForElementClickable</command>
	<target><![CDATA[scLocator=//Portlet[ID="datastaging_repo_tab_0"]/item[0][Class="ListGrid"]/filterEditor/editRowForm/item[name=DEAL_NO||title=Deal%20num.||index=1||Class=TextItem]/element]]></target>
	<value><![CDATA[]]></value>
</selenese>
<selenese>
	<command>type</command>
	<target><![CDATA[scLocator=//Portlet[ID="datastaging_repo_tab_0"]/item[0][Class="ListGrid"]/filterEditor/editRowForm/item[name=DEAL_NO||title=Deal%20num.||index=1||Class=TextItem]/element]]></target>
	<value><![CDATA[]]></value>
</selenese>
<selenese>
	<command>waitForElementClickable</command>
	<target><![CDATA[scLocator=//Portlet[ID="datastaging_repo_tab_0"]/item[0][Class="ListGrid"]/filterEditor/editRowForm/item[name=DEAL_NO||title=Deal%20num.||index=1||Class=TextItem]/element]]></target>
	<value><![CDATA[]]></value>
</selenese>
<selenese>
	<command>click</command>
	<target><![CDATA[scLocator=//Portlet[ID="datastaging_repo_tab_0"]/item[0][Class="ListGrid"]/filterEditor/editRowForm/item[name=DEAL_NO||title=Deal%20num.||index=1||Class=TextItem]/element]]></target>
	<value><![CDATA[]]></value>
</selenese>
<selenese>
	<command>waitForElementClickable</command>
	<target><![CDATA[scLocator=//Portlet[ID="datastaging_repo_tab_0"]/item[0][Class="ListGrid"]/filterEditor/editRowForm/item[name=DEAL_NO||title=Deal%20num.||value=%3E60000||index=1||Class=TextItem]/element]]></target>
	<value><![CDATA[]]></value>
</selenese>
<selenese>
	<command>type</command>
	<target><![CDATA[scLocator=//Portlet[ID="datastaging_repo_tab_0"]/item[0][Class="ListGrid"]/filterEditor/editRowForm/item[name=DEAL_NO||title=Deal%20num.||value=%3E60000||index=1||Class=TextItem]/element]]></target>
	<value><![CDATA[>60000]]></value>
</selenese>
<selenese>
	<command>waitForElementReadyForKeyPresses</command>
	<target><![CDATA[scLocator=//Portlet[ID="datastaging_repo_tab_0"]/item[0][Class="ListGrid"]/filterEditor/editRowForm/item[name=DEAL_NO||title=Deal%20num.||value=%3E60000||index=1||Class=TextItem]/element]]></target>
	<value><![CDATA[]]></value>
</selenese>
<selenese>
	<command>sendKeys</command>
	<target><![CDATA[scLocator=//Portlet[ID="datastaging_repo_tab_0"]/item[0][Class="ListGrid"]/filterEditor/editRowForm/item[name=DEAL_NO||title=Deal%20num.||value=%3E60000||index=1||Class=TextItem]/element]]></target>
	<value><![CDATA[${KEY_TAB}]]></value>
</selenese>
<selenese>
	<command>blur</command>
	<target><![CDATA[scLocator=//Portlet[ID="datastaging_repo_tab_0"]/item[0][Class="ListGrid"]/filterEditor/editRowForm/item[name=DEAL_NO||title=Deal%20num.||value=%3E60000||index=1||Class=TextItem]/element]]></target>
	<value><![CDATA[]]></value>
</selenese>
<selenese>
	<command>waitForElementClickable</command>
	<target><![CDATA[scLocator=//Portlet[ID="datastaging_repo_tab_0"]/item[0][Class="ListGrid"]/filterEditor/editRowForm/item[name=REPO_NO||title=Repo%20num.||index=2||Class=TextItem]/element]]></target>
	<value><![CDATA[]]></value>
</selenese>
<selenese>
	<command>focus</command>
	<target><![CDATA[scLocator=//Portlet[ID="datastaging_repo_tab_0"]/item[0][Class="ListGrid"]/filterEditor/editRowForm/item[name=REPO_NO||title=Repo%20num.||index=2||Class=TextItem]/element]]></target>
	<value><![CDATA[true]]></value>
</selenese>
<selenese>
	<command>waitForElementClickable</command>
	<target><![CDATA[scLocator=//Portlet[ID="datastaging_repo_tab_0"]/item[0][Class="ListGrid"]/filterEditor/editRowForm/item[name=REPO_NO||title=Repo%20num.||value=%3C||index=2||Class=TextItem]/element]]></target>
	<value><![CDATA[]]></value>
</selenese>
<selenese>
	<command>click</command>
	<target><![CDATA[scLocator=//Portlet[ID="datastaging_repo_tab_0"]/item[0][Class="ListGrid"]/filterEditor/editRowForm/item[name=REPO_NO||title=Repo%20num.||value=%3C||index=2||Class=TextItem]/element]]></target>
	<value><![CDATA[]]></value>
</selenese>
<selenese>
	<command>waitForElementClickable</command>
	<target><![CDATA[scLocator=//Portlet[ID="datastaging_repo_tab_0"]/item[0][Class="ListGrid"]/filterEditor/editRowForm/item[name=REPO_NO||title=Repo%20num.||value=%3C||index=2||Class=TextItem]/element]]></target>
	<value><![CDATA[]]></value>
</selenese>
<selenese>
	<command>type</command>
	<target><![CDATA[scLocator=//Portlet[ID="datastaging_repo_tab_0"]/item[0][Class="ListGrid"]/filterEditor/editRowForm/item[name=REPO_NO||title=Repo%20num.||value=%3C||index=2||Class=TextItem]/element]]></target>
	<value><![CDATA[<]]></value>
</selenese>
<selenese>
	<command>waitForElementClickable</command>
	<target><![CDATA[scLocator=//Portlet[ID="datastaging_repo_tab_0"]/item[0][Class="ListGrid"]/filterEditor/editRowForm/item[name=CNTPTY_nm||title=Counterparty%20name||index=3||Class=TextItem]/element]]></target>
	<value><![CDATA[]]></value>
</selenese>
<selenese>
	<command>click</command>
	<target><![CDATA[scLocator=//Portlet[ID="datastaging_repo_tab_0"]/item[0][Class="ListGrid"]/filterEditor/editRowForm/item[name=CNTPTY_nm||title=Counterparty%20name||index=3||Class=TextItem]/element]]></target>
	<value><![CDATA[]]></value>
</selenese>
<selenese>
	<command>waitForElementReadyForKeyPresses</command>
	<target><![CDATA[scLocator=//Portlet[ID="datastaging_repo_tab_0"]/item[0][Class="ListGrid"]/filterEditor/editRowForm/item[name=CNTPTY_nm||title=Counterparty%20name||value=A||index=3||Class=TextItem]/element]]></target>
	<value><![CDATA[]]></value>
</selenese>
<selenese>
	<command>sendKeys</command>
	<target><![CDATA[scLocator=//Portlet[ID="datastaging_repo_tab_0"]/item[0][Class="ListGrid"]/filterEditor/editRowForm/item[name=CNTPTY_nm||title=Counterparty%20name||value=A||index=3||Class=TextItem]/element]]></target>
	<value><![CDATA[${KEY_ENTER}]]></value>
</selenese>
<selenese>
	<command>waitForElementClickable</command>
	<target><![CDATA[scLocator=//Portlet[ID="datastaging_repo_tab_0"]/item[0][Class="ListGrid"]/filterEditor/editRowForm/item[name=CNTPTY_nm||title=Counterparty%20name||value=A||index=3||Class=TextItem]/element]]></target>
	<value><![CDATA[]]></value>
</selenese>
<selenese>
	<command>type</command>
	<target><![CDATA[scLocator=//Portlet[ID="datastaging_repo_tab_0"]/item[0][Class="ListGrid"]/filterEditor/editRowForm/item[name=CNTPTY_nm||title=Counterparty%20name||value=A||index=3||Class=TextItem]/element]]></target>
	<value><![CDATA[A]]></value>
</selenese>
<selenese>
	<command>waitForElementReadyForKeyPresses</command>
	<target><![CDATA[scLocator=//Portlet[ID="datastaging_repo_tab_0"]/item[0][Class="ListGrid"]/filterEditor/editRowForm/item[name=CNTPTY_nm||title=Counterparty%20name||index=3||Class=TextItem]/element]]></target>
	<value><![CDATA[]]></value>
</selenese>
<selenese>
	<command>sendKeys</command>
	<target><![CDATA[scLocator=//Portlet[ID="datastaging_repo_tab_0"]/item[0][Class="ListGrid"]/filterEditor/editRowForm/item[name=CNTPTY_nm||title=Counterparty%20name||index=3||Class=TextItem]/element]]></target>
	<value><![CDATA[${KEY_ENTER}]]></value>
</selenese>
<selenese>
	<command>waitForElementClickable</command>
	<target><![CDATA[scLocator=//Portlet[ID="datastaging_repo_tab_0"]/item[0][Class="ListGrid"]/filterEditor/editRowForm/item[name=CNTPTY_nm||title=Counterparty%20name||index=3||Class=TextItem]/element]]></target>
	<value><![CDATA[]]></value>
</selenese>
<selenese>
	<command>type</command>
	<target><![CDATA[scLocator=//Portlet[ID="datastaging_repo_tab_0"]/item[0][Class="ListGrid"]/filterEditor/editRowForm/item[name=CNTPTY_nm||title=Counterparty%20name||index=3||Class=TextItem]/element]]></target>
	<value><![CDATA[]]></value>
</selenese>
<selenese>
	<command>waitForElementClickable</command>
	<target><![CDATA[scLocator=//Portlet[ID="datastaging_repo_tab_0"]/item[0][Class="ListGrid"]/filterEditor/editRowForm/item[name=FACE_VAL||title=Face%20value||index=4||Class=FloatItem]/element]]></target>
	<value><![CDATA[]]></value>
</selenese>
<selenese>
	<command>click</command>
	<target><![CDATA[scLocator=//Portlet[ID="datastaging_repo_tab_0"]/item[0][Class="ListGrid"]/filterEditor/editRowForm/item[name=FACE_VAL||title=Face%20value||index=4||Class=FloatItem]/element]]></target>
	<value><![CDATA[]]></value>
</selenese>
<selenese>
	<command>waitForElementReadyForKeyPresses</command>
	<target><![CDATA[scLocator=//Portlet[ID="datastaging_repo_tab_0"]/item[0][Class="ListGrid"]/filterEditor/editRowForm/item[name=FACE_VAL||title=Face%20value||value=%3C2000000||index=4||Class=FloatItem]/element]]></target>
	<value><![CDATA[]]></value>
</selenese>
<selenese>
	<command>sendKeys</command>
	<target><![CDATA[scLocator=//Portlet[ID="datastaging_repo_tab_0"]/item[0][Class="ListGrid"]/filterEditor/editRowForm/item[name=FACE_VAL||title=Face%20value||value=%3C2000000||index=4||Class=FloatItem]/element]]></target>
	<value><![CDATA[${KEY_ENTER}]]></value>
</selenese>
<selenese>
	<command>waitForElementClickable</command>
	<target><![CDATA[scLocator=//Portlet[ID="datastaging_repo_tab_0"]/item[0][Class="ListGrid"]/filterEditor/editRowForm/item[name=FACE_VAL||title=Face%20value||value=%3C2000000||index=4||Class=FloatItem]/element]]></target>
	<value><![CDATA[]]></value>
</selenese>
<selenese>
	<command>type</command>
	<target><![CDATA[scLocator=//Portlet[ID="datastaging_repo_tab_0"]/item[0][Class="ListGrid"]/filterEditor/editRowForm/item[name=FACE_VAL||title=Face%20value||value=%3C2000000||index=4||Class=FloatItem]/element]]></target>
	<value><![CDATA[<2000000]]></value>
</selenese>
<selenese>
	<command>waitForElementClickable</command>
	<target><![CDATA[scLocator=//Portlet[ID="datastaging_repo_tab_0"]/item[0][Class="ListGrid"]/filterEditor/editRowForm/item[name=FACE_VAL||title=Face%20value||value=%3C2000000||index=4||Class=FloatItem]/element]]></target>
	<value><![CDATA[]]></value>
</selenese>
<selenese>
	<command>click</command>
	<target><![CDATA[scLocator=//Portlet[ID="datastaging_repo_tab_0"]/item[0][Class="ListGrid"]/filterEditor/editRowForm/item[name=FACE_VAL||title=Face%20value||value=%3C2000000||index=4||Class=FloatItem]/element]]></target>
	<value><![CDATA[]]></value>
</selenese>
<selenese>
	<command>waitForElementReadyForKeyPresses</command>
	<target><![CDATA[scLocator=//Portlet[ID="datastaging_repo_tab_0"]/item[0][Class="ListGrid"]/filterEditor/editRowForm/item[name=FACE_VAL||title=Face%20value||value=%3C20000||index=4||Class=FloatItem]/element]]></target>
	<value><![CDATA[]]></value>
</selenese>
<selenese>
	<command>sendKeys</command>
	<target><![CDATA[scLocator=//Portlet[ID="datastaging_repo_tab_0"]/item[0][Class="ListGrid"]/filterEditor/editRowForm/item[name=FACE_VAL||title=Face%20value||value=%3C20000||index=4||Class=FloatItem]/element]]></target>
	<value><![CDATA[${KEY_ENTER}]]></value>
</selenese>
<selenese>
	<command>waitForElementClickable</command>
	<target><![CDATA[scLocator=//Portlet[ID="datastaging_repo_tab_0"]/item[0][Class="ListGrid"]/filterEditor/editRowForm/item[name=FACE_VAL||title=Face%20value||value=%3C20000||index=4||Class=FloatItem]/element]]></target>
	<value><![CDATA[]]></value>
</selenese>
<selenese>
	<command>click</command>
	<target><![CDATA[scLocator=//Portlet[ID="datastaging_repo_tab_0"]/item[0][Class="ListGrid"]/filterEditor/editRowForm/item[name=FACE_VAL||title=Face%20value||value=%3C20000||index=4||Class=FloatItem]/element]]></target>
	<value><![CDATA[]]></value>
</selenese>
<selenese>
	<command>waitForElementReadyForKeyPresses</command>
	<target><![CDATA[scLocator=//Portlet[ID="datastaging_repo_tab_0"]/item[0][Class="ListGrid"]/filterEditor/editRowForm/item[name=FACE_VAL||title=Face%20value||value=%3C200||index=4||Class=FloatItem]/element]]></target>
	<value><![CDATA[]]></value>
</selenese>
<selenese>
	<command>sendKeys</command>
	<target><![CDATA[scLocator=//Portlet[ID="datastaging_repo_tab_0"]/item[0][Class="ListGrid"]/filterEditor/editRowForm/item[name=FACE_VAL||title=Face%20value||value=%3C200||index=4||Class=FloatItem]/element]]></target>
	<value><![CDATA[${KEY_ENTER}]]></value>
</selenese>
<selenese>
	<command>waitForElementClickable</command>
	<target><![CDATA[scLocator=//Portlet[ID="datastaging_repo_tab_0"]/item[0][Class="ListGrid"]/filterEditor/editRowForm/item[name=FACE_VAL||title=Face%20value||value=%3C200||index=4||Class=FloatItem]/element]]></target>
	<value><![CDATA[]]></value>
</selenese>
<selenese>
	<command>click</command>
	<target><![CDATA[scLocator=//Portlet[ID="datastaging_repo_tab_0"]/item[0][Class="ListGrid"]/filterEditor/editRowForm/item[name=FACE_VAL||title=Face%20value||value=%3C200||index=4||Class=FloatItem]/element]]></target>
	<value><![CDATA[]]></value>
</selenese>
<selenese>
	<command>waitForElementReadyForKeyPresses</command>
	<target><![CDATA[scLocator=//Portlet[ID="datastaging_repo_tab_0"]/item[0][Class="ListGrid"]/filterEditor/editRowForm/item[name=FACE_VAL||title=Face%20value||value=%3C0||index=4||Class=FloatItem]/element]]></target>
	<value><![CDATA[]]></value>
</selenese>
<selenese>
	<command>sendKeys</command>
	<target><![CDATA[scLocator=//Portlet[ID="datastaging_repo_tab_0"]/item[0][Class="ListGrid"]/filterEditor/editRowForm/item[name=FACE_VAL||title=Face%20value||value=%3C0||index=4||Class=FloatItem]/element]]></target>
	<value><![CDATA[${KEY_ENTER}]]></value>
</selenese>
<selenese>
	<command>waitForElementClickable</command>
	<target><![CDATA[scLocator=//Portlet[ID="datastaging_repo_tab_0"]/item[0][Class="ListGrid"]/filterEditor/editRowForm/item[name=FACE_VAL||title=Face%20value||value=%3C0||index=4||Class=FloatItem]/element]]></target>
	<value><![CDATA[]]></value>
</selenese>
<selenese>
	<command>click</command>
	<target><![CDATA[scLocator=//Portlet[ID="datastaging_repo_tab_0"]/item[0][Class="ListGrid"]/filterEditor/editRowForm/item[name=FACE_VAL||title=Face%20value||value=%3C0||index=4||Class=FloatItem]/element]]></target>
	<value><![CDATA[]]></value>
</selenese>
<selenese>
	<command>waitForElementReadyForKeyPresses</command>
	<target><![CDATA[scLocator=//Portlet[ID="datastaging_repo_tab_0"]/item[0][Class="ListGrid"]/filterEditor/editRowForm/item[name=FACE_VAL||title=Face%20value||value=%3E20000||index=4||Class=FloatItem]/element]]></target>
	<value><![CDATA[]]></value>
</selenese>
<selenese>
	<command>sendKeys</command>
	<target><![CDATA[scLocator=//Portlet[ID="datastaging_repo_tab_0"]/item[0][Class="ListGrid"]/filterEditor/editRowForm/item[name=FACE_VAL||title=Face%20value||value=%3E20000||index=4||Class=FloatItem]/element]]></target>
	<value><![CDATA[${KEY_ENTER}]]></value>
</selenese>
<selenese>
	<command>waitForElementClickable</command>
	<target><![CDATA[scLocator=//Portlet[ID="datastaging_repo_tab_0"]/item[0][Class="ListGrid"]/filterEditor/editRowForm/item[name=FACE_VAL||title=Face%20value||value=%3E20000||index=4||Class=FloatItem]/element]]></target>
	<value><![CDATA[]]></value>
</selenese>
<selenese>
	<command>type</command>
	<target><![CDATA[scLocator=//Portlet[ID="datastaging_repo_tab_0"]/item[0][Class="ListGrid"]/filterEditor/editRowForm/item[name=FACE_VAL||title=Face%20value||value=%3E20000||index=4||Class=FloatItem]/element]]></target>
	<value><![CDATA[>20000]]></value>
</selenese>
<selenese>
	<command>waitForElementClickable</command>
	<target><![CDATA[scLocator=//Portlet[ID="datastaging_repo_tab_0"]/item[0][Class="ListGrid"]/filterEditor/editRowForm/item[name=FACE_VAL||title=Face%20value||value=%3E20000||index=4||Class=FloatItem]/element]]></target>
	<value><![CDATA[]]></value>
</selenese>
<selenese>
	<command>click</command>
	<target><![CDATA[scLocator=//Portlet[ID="datastaging_repo_tab_0"]/item[0][Class="ListGrid"]/filterEditor/editRowForm/item[name=FACE_VAL||title=Face%20value||value=%3E20000||index=4||Class=FloatItem]/element]]></target>
	<value><![CDATA[]]></value>
</selenese>
<selenese>
	<command>waitForElementReadyForKeyPresses</command>
	<target><![CDATA[scLocator=//Portlet[ID="datastaging_repo_tab_0"]/item[0][Class="ListGrid"]/filterEditor/editRowForm/item[name=FACE_VAL||title=Face%20value||value=%3E2000000||index=4||Class=FloatItem]/element]]></target>
	<value><![CDATA[]]></value>
</selenese>
<selenese>
	<command>sendKeys</command>
	<target><![CDATA[scLocator=//Portlet[ID="datastaging_repo_tab_0"]/item[0][Class="ListGrid"]/filterEditor/editRowForm/item[name=FACE_VAL||title=Face%20value||value=%3E2000000||index=4||Class=FloatItem]/element]]></target>
	<value><![CDATA[${KEY_ENTER}]]></value>
</selenese>
<selenese>
	<command>waitForElementClickable</command>
	<target><![CDATA[scLocator=//Portlet[ID="datastaging_repo_tab_0"]/item[0][Class="ListGrid"]/filterEditor/editRowForm/item[name=FACE_VAL||title=Face%20value||value=%3E2000000||index=4||Class=FloatItem]/element]]></target>
	<value><![CDATA[]]></value>
</selenese>
<selenese>
	<command>type</command>
	<target><![CDATA[scLocator=//Portlet[ID="datastaging_repo_tab_0"]/item[0][Class="ListGrid"]/filterEditor/editRowForm/item[name=FACE_VAL||title=Face%20value||value=%3E2000000||index=4||Class=FloatItem]/element]]></target>
	<value><![CDATA[>2000000]]></value>
</selenese>
<selenese>
	<command>waitForElementClickable</command>
	<target><![CDATA[scLocator=//Portlet[ID="datastaging_repo_tab_0"]/item[0][Class="ListGrid"]/filterEditor/editRowForm/item[name=FACE_VAL||title=Face%20value||value=%3E2000000||index=4||Class=FloatItem]/element]]></target>
	<value><![CDATA[]]></value>
</selenese>
<selenese>
	<command>click</command>
	<target><![CDATA[scLocator=//Portlet[ID="datastaging_repo_tab_0"]/item[0][Class="ListGrid"]/filterEditor/editRowForm/item[name=FACE_VAL||title=Face%20value||value=%3E2000000||index=4||Class=FloatItem]/element]]></target>
	<value><![CDATA[]]></value>
</selenese>
<selenese>
	<command>waitForElementReadyForKeyPresses</command>
	<target><![CDATA[scLocator=//Portlet[ID="datastaging_repo_tab_0"]/item[0][Class="ListGrid"]/filterEditor/editRowForm/item[name=FACE_VAL||title=Face%20value||value=%3E200000000||index=4||Class=FloatItem]/element]]></target>
	<value><![CDATA[]]></value>
</selenese>
<selenese>
	<command>sendKeys</command>
	<target><![CDATA[scLocator=//Portlet[ID="datastaging_repo_tab_0"]/item[0][Class="ListGrid"]/filterEditor/editRowForm/item[name=FACE_VAL||title=Face%20value||value=%3E200000000||index=4||Class=FloatItem]/element]]></target>
	<value><![CDATA[${KEY_ENTER}]]></value>
</selenese>
<selenese>
	<command>waitForElementClickable</command>
	<target><![CDATA[scLocator=//Portlet[ID="datastaging_repo_tab_0"]/item[0][Class="ListGrid"]/filterEditor/editRowForm/item[name=FACE_VAL||title=Face%20value||value=%3E200000000||index=4||Class=FloatItem]/element]]></target>
	<value><![CDATA[]]></value>
</selenese>
<selenese>
	<command>type</command>
	<target><![CDATA[scLocator=//Portlet[ID="datastaging_repo_tab_0"]/item[0][Class="ListGrid"]/filterEditor/editRowForm/item[name=FACE_VAL||title=Face%20value||value=%3E200000000||index=4||Class=FloatItem]/element]]></target>
	<value><![CDATA[>200000000]]></value>
</selenese>
<selenese>
	<command>waitForElementClickable</command>
	<target><![CDATA[scLocator=//Portlet[ID="datastaging_repo_tab_0"]/item[0][Class="ListGrid"]/filterEditor/editRowForm/item[name=FACE_VAL||title=Face%20value||value=%3E200000000||index=4||Class=FloatItem]/element]]></target>
	<value><![CDATA[]]></value>
</selenese>
<selenese>
	<command>click</command>
	<target><![CDATA[scLocator=//Portlet[ID="datastaging_repo_tab_0"]/item[0][Class="ListGrid"]/filterEditor/editRowForm/item[name=FACE_VAL||title=Face%20value||value=%3E200000000||index=4||Class=FloatItem]/element]]></target>
	<value><![CDATA[]]></value>
</selenese>
<selenese>
	<command>waitForElementReadyForKeyPresses</command>
	<target><![CDATA[scLocator=//Portlet[ID="datastaging_repo_tab_0"]/item[0][Class="ListGrid"]/filterEditor/editRowForm/item[name=FACE_VAL||title=Face%20value||value=%3E2000000||index=4||Class=FloatItem]/element]]></target>
	<value><![CDATA[]]></value>
</selenese>
<selenese>
	<command>sendKeys</command>
	<target><![CDATA[scLocator=//Portlet[ID="datastaging_repo_tab_0"]/item[0][Class="ListGrid"]/filterEditor/editRowForm/item[name=FACE_VAL||title=Face%20value||value=%3E2000000||index=4||Class=FloatItem]/element]]></target>
	<value><![CDATA[${KEY_ENTER}]]></value>
</selenese>
<selenese>
	<command>waitForElementClickable</command>
	<target><![CDATA[scLocator=//Portlet[ID="datastaging_repo_tab_0"]/item[0][Class="ListGrid"]/filterEditor/editRowForm/item[name=FACE_VAL||title=Face%20value||value=%3E2000000||index=4||Class=FloatItem]/element]]></target>
	<value><![CDATA[]]></value>
</selenese>
<selenese>
	<command>type</command>
	<target><![CDATA[scLocator=//Portlet[ID="datastaging_repo_tab_0"]/item[0][Class="ListGrid"]/filterEditor/editRowForm/item[name=FACE_VAL||title=Face%20value||value=%3E2000000||index=4||Class=FloatItem]/element]]></target>
	<value><![CDATA[>2000000]]></value>
</selenese>
<selenese>
	<command>waitForElementReadyForKeyPresses</command>
	<target><![CDATA[scLocator=//Portlet[ID="datastaging_repo_tab_0"]/item[0][Class="ListGrid"]/filterEditor/editRowForm/item[name=FACE_VAL||title=Face%20value||index=4||Class=FloatItem]/element]]></target>
	<value><![CDATA[]]></value>
</selenese>
<selenese>
	<command>sendKeys</command>
	<target><![CDATA[scLocator=//Portlet[ID="datastaging_repo_tab_0"]/item[0][Class="ListGrid"]/filterEditor/editRowForm/item[name=FACE_VAL||title=Face%20value||index=4||Class=FloatItem]/element]]></target>
	<value><![CDATA[${KEY_ENTER}]]></value>
</selenese>
<selenese>
	<command>waitForElementClickable</command>
	<target><![CDATA[scLocator=//Portlet[ID="datastaging_repo_tab_0"]/item[0][Class="ListGrid"]/filterEditor/editRowForm/item[name=FACE_VAL||title=Face%20value||index=4||Class=FloatItem]/element]]></target>
	<value><![CDATA[]]></value>
</selenese>
<selenese>
	<command>type</command>
	<target><![CDATA[scLocator=//Portlet[ID="datastaging_repo_tab_0"]/item[0][Class="ListGrid"]/filterEditor/editRowForm/item[name=FACE_VAL||title=Face%20value||index=4||Class=FloatItem]/element]]></target>
	<value><![CDATA[]]></value>
</selenese>
<selenese>
	<command>waitForElementClickable</command>
	<target><![CDATA[scLocator=//Portlet[ID="datastaging_repo_tab_0"]/item[0][Class="ListGrid"]/filterEditor/editRowForm/item[name=RETURN_VAL||title=Return%20val.||index=5||Class=FloatItem]/element]]></target>
	<value><![CDATA[]]></value>
</selenese>
<selenese>
	<command>click</command>
	<target><![CDATA[scLocator=//Portlet[ID="datastaging_repo_tab_0"]/item[0][Class="ListGrid"]/filterEditor/editRowForm/item[name=RETURN_VAL||title=Return%20val.||index=5||Class=FloatItem]/element]]></target>
	<value><![CDATA[]]></value>
</selenese>
<selenese>
	<command>waitForElementReadyForKeyPresses</command>
	<target><![CDATA[scLocator=//Portlet[ID="datastaging_repo_tab_0"]/item[0][Class="ListGrid"]/filterEditor/editRowForm/item[name=RETURN_VAL||title=Return%20val.||value=%3E10||index=5||Class=FloatItem]/element]]></target>
	<value><![CDATA[]]></value>
</selenese>
<selenese>
	<command>sendKeys</command>
	<target><![CDATA[scLocator=//Portlet[ID="datastaging_repo_tab_0"]/item[0][Class="ListGrid"]/filterEditor/editRowForm/item[name=RETURN_VAL||title=Return%20val.||value=%3E10||index=5||Class=FloatItem]/element]]></target>
	<value><![CDATA[${KEY_ENTER}]]></value>
</selenese>
<selenese>
	<command>waitForElementClickable</command>
	<target><![CDATA[scLocator=//Portlet[ID="datastaging_repo_tab_0"]/item[0][Class="ListGrid"]/filterEditor/editRowForm/item[name=RETURN_VAL||title=Return%20val.||value=%3E10||index=5||Class=FloatItem]/element]]></target>
	<value><![CDATA[]]></value>
</selenese>
<selenese>
	<command>type</command>
	<target><![CDATA[scLocator=//Portlet[ID="datastaging_repo_tab_0"]/item[0][Class="ListGrid"]/filterEditor/editRowForm/item[name=RETURN_VAL||title=Return%20val.||value=%3E10||index=5||Class=FloatItem]/element]]></target>
	<value><![CDATA[>10]]></value>
</selenese>
<selenese>
	<command>waitForElementReadyForKeyPresses</command>
	<target><![CDATA[scLocator=//Portlet[ID="datastaging_repo_tab_0"]/item[0][Class="ListGrid"]/filterEditor/editRowForm/item[name=RETURN_VAL||title=Return%20val.||index=5||Class=FloatItem]/element]]></target>
	<value><![CDATA[]]></value>
</selenese>
<selenese>
	<command>sendKeys</command>
	<target><![CDATA[scLocator=//Portlet[ID="datastaging_repo_tab_0"]/item[0][Class="ListGrid"]/filterEditor/editRowForm/item[name=RETURN_VAL||title=Return%20val.||index=5||Class=FloatItem]/element]]></target>
	<value><![CDATA[${KEY_ENTER}]]></value>
</selenese>
<selenese>
	<command>waitForElementClickable</command>
	<target><![CDATA[scLocator=//Portlet[ID="datastaging_repo_tab_0"]/item[0][Class="ListGrid"]/filterEditor/editRowForm/item[name=RETURN_VAL||title=Return%20val.||index=5||Class=FloatItem]/element]]></target>
	<value><![CDATA[]]></value>
</selenese>
<selenese>
	<command>type</command>
	<target><![CDATA[scLocator=//Portlet[ID="datastaging_repo_tab_0"]/item[0][Class="ListGrid"]/filterEditor/editRowForm/item[name=RETURN_VAL||title=Return%20val.||index=5||Class=FloatItem]/element]]></target>
	<value><![CDATA[]]></value>
</selenese>
<selenese>
	<command>waitForElementClickable</command>
	<target><![CDATA[scLocator=//Portlet[ID="datastaging_repo_tab_0"]/item[0][Class="ListGrid"]/filterEditor/editRowForm/item[title=Settle.%20date||index=6||Class=MiniDateRangeItem]/[icon="showDateRange"]]]></target>
	<value><![CDATA[]]></value>
</selenese>
<selenese>
	<command>click</command>
	<target><![CDATA[scLocator=//Portlet[ID="datastaging_repo_tab_0"]/item[0][Class="ListGrid"]/filterEditor/editRowForm/item[title=Settle.%20date||index=6||Class=MiniDateRangeItem]/[icon="showDateRange"]]]></target>
	<value><![CDATA[]]></value>
</selenese>
<selenese>
	<command>waitForElementClickable</command>
	<target><![CDATA[scLocator=//Portlet[ID="datastaging_repo_tab_0"]/item[0][Class="ListGrid"]/filterEditor/editRowForm/item[title=Settle.%20date||index=6||Class=MiniDateRangeItem]/rangeDialog/rangeForm/item[name=SETTLE_DT||title=SETTLE_DT||index=0||Class=DateRangeItem]/dateRangeForm/item[name=fromField||title=From||index=0||Class=RelativeDateItem]/editor/item[name=valueField||title=valueField||index=0||Class=ComboBoxItem]/[icon="picker"]]]></target>
	<value><![CDATA[]]></value>
</selenese>
<selenese>
	<command>click</command>
	<target><![CDATA[scLocator=//Portlet[ID="datastaging_repo_tab_0"]/item[0][Class="ListGrid"]/filterEditor/editRowForm/item[title=Settle.%20date||index=6||Class=MiniDateRangeItem]/rangeDialog/rangeForm/item[name=SETTLE_DT||title=SETTLE_DT||index=0||Class=DateRangeItem]/dateRangeForm/item[name=fromField||title=From||index=0||Class=RelativeDateItem]/editor/item[name=valueField||title=valueField||index=0||Class=ComboBoxItem]/[icon="picker"]]]></target>
	<value><![CDATA[]]></value>
</selenese>
<selenese>
	<command>waitForElementClickable</command>
	<target><![CDATA[scLocator=//Portlet[ID="datastaging_repo_tab_0"]/item[0][Class="ListGrid"]/filterEditor/editRowForm/item[title=Settle.%20date||index=6||Class=MiniDateRangeItem]/rangeDialog/rangeForm/item[name=SETTLE_DT||title=SETTLE_DT||index=0||Class=DateRangeItem]/dateRangeForm/item[name=fromField||title=From||index=0||Class=RelativeDateItem]/editor/item[name=valueField||title=valueField||index=0||Class=ComboBoxItem]/pickList/body/row[valueField=%24yesterday||1]/col[fieldName=valueField||0]]]></target>
	<value><![CDATA[]]></value>
</selenese>
<selenese>
	<command>click</command>
	<target><![CDATA[scLocator=//Portlet[ID="datastaging_repo_tab_0"]/item[0][Class="ListGrid"]/filterEditor/editRowForm/item[title=Settle.%20date||index=6||Class=MiniDateRangeItem]/rangeDialog/rangeForm/item[name=SETTLE_DT||title=SETTLE_DT||index=0||Class=DateRangeItem]/dateRangeForm/item[name=fromField||title=From||index=0||Class=RelativeDateItem]/editor/item[name=valueField||title=valueField||index=0||Class=ComboBoxItem]/pickList/body/row[valueField=%24yesterday||1]/col[fieldName=valueField||0]]]></target>
	<value><![CDATA[]]></value>
</selenese>
<selenese>
	<command>waitForElementClickable</command>
	<target><![CDATA[scLocator=//Portlet[ID="datastaging_repo_tab_0"]/item[0][Class="ListGrid"]/filterEditor/editRowForm/item[title=Settle.%20date||value=[object Object]||index=6||Class=MiniDateRangeItem]/rangeDialog/rangeForm/item[name=SETTLE_DT||title=SETTLE_DT||value=[object Object]||index=0||Class=DateRangeItem]/dateRangeForm/item[name=toField||title=To||index=1||Class=RelativeDateItem]/editor/item[name=valueField||title=valueField||index=0||Class=ComboBoxItem]/[icon="picker"]]]></target>
	<value><![CDATA[]]></value>
</selenese>
<selenese>
	<command>click</command>
	<target><![CDATA[scLocator=//Portlet[ID="datastaging_repo_tab_0"]/item[0][Class="ListGrid"]/filterEditor/editRowForm/item[title=Settle.%20date||value=[object Object]||index=6||Class=MiniDateRangeItem]/rangeDialog/rangeForm/item[name=SETTLE_DT||title=SETTLE_DT||value=[object Object]||index=0||Class=DateRangeItem]/dateRangeForm/item[name=toField||title=To||index=1||Class=RelativeDateItem]/editor/item[name=valueField||title=valueField||index=0||Class=ComboBoxItem]/[icon="picker"]]]></target>
	<value><![CDATA[]]></value>
</selenese>
<selenese>
	<command>waitForElementClickable</command>
	<target><![CDATA[scLocator=//Portlet[ID="datastaging_repo_tab_0"]/item[0][Class="ListGrid"]/filterEditor/editRowForm/item[title=Settle.%20date||value=[object Object]||index=6||Class=MiniDateRangeItem]/rangeDialog/rangeForm/item[name=SETTLE_DT||title=SETTLE_DT||value=[object Object]||index=0||Class=DateRangeItem]/dateRangeForm/item[name=toField||title=To||index=1||Class=RelativeDateItem]/editor/item[name=valueField||title=valueField||index=0||Class=ComboBoxItem]/pickList/body/row[valueField=%24today||0]/col[fieldName=valueField||0]]]></target>
	<value><![CDATA[]]></value>
</selenese>
<selenese>
	<command>click</command>
	<target><![CDATA[scLocator=//Portlet[ID="datastaging_repo_tab_0"]/item[0][Class="ListGrid"]/filterEditor/editRowForm/item[title=Settle.%20date||value=[object Object]||index=6||Class=MiniDateRangeItem]/rangeDialog/rangeForm/item[name=SETTLE_DT||title=SETTLE_DT||value=[object Object]||index=0||Class=DateRangeItem]/dateRangeForm/item[name=toField||title=To||index=1||Class=RelativeDateItem]/editor/item[name=valueField||title=valueField||index=0||Class=ComboBoxItem]/pickList/body/row[valueField=%24today||0]/col[fieldName=valueField||0]]]></target>
	<value><![CDATA[]]></value>
</selenese>
<selenese>
	<command>waitForElementClickable</command>
	<target><![CDATA[scLocator=//Portlet[ID="datastaging_repo_tab_0"]/item[0][Class="ListGrid"]/filterEditor/editRowForm/item[title=Settle.%20date||value=[object Object]||index=6||Class=MiniDateRangeItem]/rangeDialog/okButton/]]></target>
	<value><![CDATA[]]></value>
</selenese>
<selenese>
	<command>click</command>
	<target><![CDATA[scLocator=//Portlet[ID="datastaging_repo_tab_0"]/item[0][Class="ListGrid"]/filterEditor/editRowForm/item[title=Settle.%20date||value=[object Object]||index=6||Class=MiniDateRangeItem]/rangeDialog/okButton/]]></target>
	<value><![CDATA[]]></value>
</selenese>
<selenese>
	<command>waitForElementClickable</command>
	<target><![CDATA[scLocator=//Portlet[ID="datastaging_repo_tab_0"]/item[0][Class="ListGrid"]/filterEditor/editRowForm/item[title=Settle.%20date||value=[object Object]||index=6||Class=MiniDateRangeItem]/[icon="showDateRange"]]]></target>
	<value><![CDATA[]]></value>
</selenese>
<selenese>
	<command>sendKeys</command>
	<target><![CDATA[scLocator=//Portlet[ID="datastaging_repo_tab_0"]/item[0][Class="ListGrid"]/filterEditor/editRowForm/item[title=Settle.%20date||value=[object Object]||index=6||Class=MiniDateRangeItem]/[icon="showDateRange"]]]></target>
	<value><![CDATA[${KEY_ENTER}]]></value>
</selenese>
<selenese>
	<command>waitForElementClickable</command>
	<target><![CDATA[scLocator=//Portlet[ID="datastaging_repo_tab_0"]/item[0][Class="ListGrid"]/filterEditor/editRowForm/item[title=Settle.%20date||value=[object Object]||index=6||Class=MiniDateRangeItem]/rangeDialog/rangeForm/]]></target>
	<value><![CDATA[]]></value>
</selenese>
<selenese>
	<command>click</command>
	<target><![CDATA[scLocator=//Portlet[ID="datastaging_repo_tab_0"]/item[0][Class="ListGrid"]/filterEditor/editRowForm/item[title=Settle.%20date||value=[object Object]||index=6||Class=MiniDateRangeItem]/rangeDialog/rangeForm/]]></target>
	<value><![CDATA[]]></value>
</selenese>
<selenese>
	<command>waitForElementClickable</command>
	<target><![CDATA[scLocator=//Portlet[ID="datastaging_repo_tab_0"]/item[0][Class="ListGrid"]/filterEditor/editRowForm/item[title=Settle.%20date||value=[object Object]||index=6||Class=MiniDateRangeItem]/rangeDialog/closeButton/]]></target>
	<value><![CDATA[]]></value>
</selenese>
<selenese>
	<command>click</command>
	<target><![CDATA[scLocator=//Portlet[ID="datastaging_repo_tab_0"]/item[0][Class="ListGrid"]/filterEditor/editRowForm/item[title=Settle.%20date||value=[object Object]||index=6||Class=MiniDateRangeItem]/rangeDialog/closeButton/]]></target>
	<value><![CDATA[]]></value>
</selenese>
<selenese>
	<command>waitForElementClickable</command>
	<target><![CDATA[scLocator=//Portlet[ID="datastaging_repo_tab_0"]/item[0][Class="ListGrid"]/filterEditor/editRowForm/item[title=Maturity%20date||index=7||Class=MiniDateRangeItem]/[icon="showDateRange"]]]></target>
	<value><![CDATA[]]></value>
</selenese>
<selenese>
	<command>click</command>
	<target><![CDATA[scLocator=//Portlet[ID="datastaging_repo_tab_0"]/item[0][Class="ListGrid"]/filterEditor/editRowForm/item[title=Maturity%20date||index=7||Class=MiniDateRangeItem]/[icon="showDateRange"]]]></target>
	<value><![CDATA[]]></value>
</selenese>
<selenese>
	<command>waitForElementClickable</command>
	<target><![CDATA[scLocator=//Portlet[ID="datastaging_repo_tab_0"]/item[0][Class="ListGrid"]/filterEditor/editRowForm/item[title=Maturity%20date||index=7||Class=MiniDateRangeItem]/rangeDialog/rangeForm/item[name=MATURE_DT||title=MATURE_DT||index=0||Class=DateRangeItem]/dateRangeForm/item[name=fromField||title=From||index=0||Class=RelativeDateItem]/editor/item[name=valueField||title=valueField||index=0||Class=ComboBoxItem]/[icon="picker"]]]></target>
	<value><![CDATA[]]></value>
</selenese>
<selenese>
	<command>click</command>
	<target><![CDATA[scLocator=//Portlet[ID="datastaging_repo_tab_0"]/item[0][Class="ListGrid"]/filterEditor/editRowForm/item[title=Maturity%20date||index=7||Class=MiniDateRangeItem]/rangeDialog/rangeForm/item[name=MATURE_DT||title=MATURE_DT||index=0||Class=DateRangeItem]/dateRangeForm/item[name=fromField||title=From||index=0||Class=RelativeDateItem]/editor/item[name=valueField||title=valueField||index=0||Class=ComboBoxItem]/[icon="picker"]]]></target>
	<value><![CDATA[]]></value>
</selenese>
<selenese>
	<command>waitForElementClickable</command>
	<target><![CDATA[scLocator=//Portlet[ID="datastaging_repo_tab_0"]/item[0][Class="ListGrid"]/filterEditor/editRowForm/item[title=Maturity%20date||index=7||Class=MiniDateRangeItem]/rangeDialog/rangeForm/item[name=MATURE_DT||title=MATURE_DT||index=0||Class=DateRangeItem]/dateRangeForm/item[name=fromField||title=From||index=0||Class=RelativeDateItem]/editor/item[name=valueField||title=valueField||index=0||Class=ComboBoxItem]/pickList/body/row[valueField=%24yesterday||1]/col[fieldName=valueField||0]]]></target>
	<value><![CDATA[]]></value>
</selenese>
<selenese>
	<command>click</command>
	<target><![CDATA[scLocator=//Portlet[ID="datastaging_repo_tab_0"]/item[0][Class="ListGrid"]/filterEditor/editRowForm/item[title=Maturity%20date||index=7||Class=MiniDateRangeItem]/rangeDialog/rangeForm/item[name=MATURE_DT||title=MATURE_DT||index=0||Class=DateRangeItem]/dateRangeForm/item[name=fromField||title=From||index=0||Class=RelativeDateItem]/editor/item[name=valueField||title=valueField||index=0||Class=ComboBoxItem]/pickList/body/row[valueField=%24yesterday||1]/col[fieldName=valueField||0]]]></target>
	<value><![CDATA[]]></value>
</selenese>
</TestCase>