CCAM,0.1,1,Test cases: 32 total,"status=""passed""","result=""28""","status=""passed""","result=""0""","status=""failed""","result=""0"""
CCAM,0.1,2,Commands: 7804 total,"status=""passed""","result=""6180""","status=""passed""","result=""824""","status=""failed""","result=""0"""
CCAM,0.1,3,RU01-NUC01-T01,"status=""passed""",,,,,
CCAM,0.1,4,RU01-NUC01-T02,"status=""failed""",,,,,
CCAM,0.1,5,RU01-NUC01-T03,"status=""failed""",,,,,
CCAM,0.1,6,RU02-NUC01-T01,"status=""passed""",,,,,
CCAM,0.1,7,RU02-NUC01-T02,"status=""passed""",,,,,
CCAM,0.1,8,RU02-NUC01-T03,"status=""passed""",,,,,
CCAM,0.1,9,RU03-NUC01-T01,"status=""passed""",,,,,
CCAM,0.1,10,RU03-NUC01-T02,"status=""passed""",,,,,
CCAM,0.1,11,RU03-NUC01-T03,"status=""passed""",,,,,
CCAM,0.1,12,RU04-NUC01-T01,"status=""passed""",,,,,
CCAM,0.1,13,RU04-NUC01-T02,"status=""passed""",,,,,
CCAM,0.1,14,RU04-NUC01-T03,"status=""passed""",,,,,
CCAM,0.1,15,RU05-NUC01-T01,"status=""passed""",,,,,
CCAM,0.1,16,RU05-NUC01-T02,"status=""passed""",,,,,
CCAM,0.1,17,RU05-NUC01-T03,"status=""passed""",,,,,
CCAM,0.1,18,RU06-NUC01-T01,"status=""passed""",,,,,
CCAM,0.1,19,RU06-NUC01-T02,"status=""passed""",,,,,
CCAM,0.1,20,RU06-NUC01-T03,"status=""passed""",,,,,
CCAM,0.1,21,RU07-NUC01-T01,"status=""passed""",,,,,
CCAM,0.1,22,RU07-NUC01-T02,"status=""passed""",,,,,
CCAM,0.1,23,RU07-NUC01-T03,"status=""passed""",,,,,
CCAM,0.1,24,RU08-NUC01-T01,"status=""passed""",,,,,
CCAM,0.1,25,RU08-NUC01-T02,"status=""failed""",,,,,
CCAM,0.1,26,RU08-NUC01-T03,"status=""failed""",,,,,
CCAM,0.1,27,RU09-NUC01-T01,"status=""passed""",,,,,
CCAM,0.1,28,RU09-NUC01-T02,"status=""passed""",,,,,
CCAM,0.1,29,RU09-NUC01-T03,"status=""passed""",,,,,
CCAM,0.1,30,RU10-NUC01-T01,"status=""passed""",,,,,
CCAM,0.1,31,RU10-NUC01-T02,"status=""passed""",,,,,
CCAM,0.1,32,RU10-NUC01-T03,"status=""passed""",,,,,
CCAM,0.1,33,RU11-NUC01-T01,"status=""passed""",,,,,
CCAM,0.1,34,RU11-NUC01-T02,"status=""passed""",,,,,
