Suite/Test/Step Name,Browser,Description,Start time,End time,Duration,Status
Test Suite Chrome v2.03,Chrome 60.0,,2019-04-26 15:48:08,2019-04-26 15:53:08,4m - 59.816s,FAILED
,,,,,,
Test Cases/Imported from Selenium IDE Scripts/ver. 2.03/Chrome/RU20/RU20-NUC01-T01,Chrome 60.0,PAMP -  Portfolio B. T.  Eq./Der. -  Member Results - View,2019-04-26 15:48:09,2019-04-26 15:48:19,10.058s,FAILED
"Comment - ""----------------------------------------------------""",Chrome 60.0,,2019-04-26 15:48:09,2019-04-26 15:48:09,0.003s,PASSED
"Comment - ""This test case script is generated by Katalon Studio""",Chrome 60.0,,2019-04-26 15:48:09,2019-04-26 15:48:09,0.024s,PASSED
"Comment - ""Generated date: 09-Oct-2018 09:59:22 AM""",Chrome 60.0,,2019-04-26 15:48:09,2019-04-26 15:48:09,0.003s,PASSED
"Comment - ""File path: H:\Desktop\LiME_2.03\LiME_2.03\CdT\RUN_1\RU20\RU20-NUC01-T01.rctest""",Chrome 60.0,,2019-04-26 15:48:09,2019-04-26 15:48:09,0.003s,PASSED
"Comment - ""LiME - Data Staging Stress - Central bank for sec. Withdraw stg""",Chrome 60.0,,2019-04-26 15:48:09,2019-04-26 15:48:09,0.015s,PASSED
"Comment - ""Generated by: masspetracca@gmail.com""",Chrome 60.0,,2019-04-26 15:48:09,2019-04-26 15:48:09,0.024s,PASSED
openBrowser,Chrome 60.0,----------------------------------------------------,2019-04-26 15:48:09,2019-04-26 15:48:18,8.658s,PASSED
navigateToUrl,Chrome 60.0,TC >> RU20-NUC01-T01.rctest,2019-04-26 15:48:18,2019-04-26 15:48:18,0.548s,PASSED
setText,Chrome 60.0,,2019-04-26 15:48:18,2019-04-26 15:48:19,0.202s,FAILED
,,,,,,
Test Cases/Imported from Selenium IDE Scripts/ver. 2.03/Chrome/RU26/RU26-NUC01-T01,Chrome 60.0,PAMP -  Portfolio B. T.  Eq./Der. -  Member Results - View,2019-04-26 15:48:19,2019-04-26 15:48:24,5.610s,FAILED
"Comment - ""----------------------------------------------------""",Chrome 60.0,,2019-04-26 15:48:19,2019-04-26 15:48:19,0.001s,PASSED
"Comment - ""This test case script is generated by Katalon Studio""",Chrome 60.0,,2019-04-26 15:48:19,2019-04-26 15:48:19,0.006s,PASSED
"Comment - ""Generated date: 09-Oct-2018 09:59:22 AM""",Chrome 60.0,,2019-04-26 15:48:19,2019-04-26 15:48:19,0.001s,PASSED
"Comment - ""File path: H:\Desktop\LiME_2.03\LiME_2.03\CdT\RUN_1\RU26\RU26-NUC01-T01.rctest""",Chrome 60.0,,2019-04-26 15:48:19,2019-04-26 15:48:19,0.000s,PASSED
"Comment - ""LiME -  Liquidity SWAP - Liq. Swap""",Chrome 60.0,,2019-04-26 15:48:19,2019-04-26 15:48:19,0.001s,PASSED
"Comment - ""Generated by: masspetracca@gmail.com""",Chrome 60.0,,2019-04-26 15:48:19,2019-04-26 15:48:19,0.002s,PASSED
openBrowser,Chrome 60.0,----------------------------------------------------,2019-04-26 15:48:19,2019-04-26 15:48:24,4.774s,PASSED
navigateToUrl,Chrome 60.0,TC >> RU26-NUC01-T01.rctest,2019-04-26 15:48:24,2019-04-26 15:48:24,0.366s,PASSED
setText,Chrome 60.0,,2019-04-26 15:48:24,2019-04-26 15:48:24,0.108s,FAILED
,,,,,,
Test Cases/Imported from Selenium IDE Scripts/ver. 2.03/Chrome/RU27/RU27-NUC01-T01,Chrome 60.0,PAMP -  Portfolio B. T.  Eq./Der. -  Member Results - View,2019-04-26 15:48:24,2019-04-26 15:48:41,16.595s,PASSED
"Comment - ""----------------------------------------------------""",Chrome 60.0,,2019-04-26 15:48:25,2019-04-26 15:48:25,0.001s,PASSED
"Comment - ""This test case script is generated by Katalon Studio""",Chrome 60.0,,2019-04-26 15:48:25,2019-04-26 15:48:25,0.003s,PASSED
"Comment - ""Generated date: 09-Oct-2018 09:59:22 AM""",Chrome 60.0,,2019-04-26 15:48:25,2019-04-26 15:48:25,0.000s,PASSED
"Comment - ""File path: H:\Desktop\LiME_2.03\LiME_2.03\CdT\RUN_1\RU27\RU27-NUC01-T01.rctest""",Chrome 60.0,,2019-04-26 15:48:25,2019-04-26 15:48:25,0.000s,PASSED
"Comment - ""LiME -  Liquidity stress - stress Mkt. Conditions""",Chrome 60.0,,2019-04-26 15:48:25,2019-04-26 15:48:25,0.001s,PASSED
"Comment - ""Generated by: masspetracca@gmail.com""",Chrome 60.0,,2019-04-26 15:48:25,2019-04-26 15:48:25,0.001s,PASSED
openBrowser,Chrome 60.0,----------------------------------------------------,2019-04-26 15:48:25,2019-04-26 15:48:30,5.259s,PASSED
navigateToUrl,Chrome 60.0,TC >> RU27-NUC01-T01.rctest,2019-04-26 15:48:30,2019-04-26 15:48:30,0.394s,PASSED
setText,Chrome 60.0,,2019-04-26 15:48:30,2019-04-26 15:48:30,0.151s,PASSED
setText,Chrome 60.0,,2019-04-26 15:48:30,2019-04-26 15:48:30,0.081s,PASSED
click,Chrome 60.0,,2019-04-26 15:48:30,2019-04-26 15:48:32,1.532s,PASSED
navigateToUrl,Chrome 60.0,,2019-04-26 15:48:32,2019-04-26 15:48:33,1.213s,PASSED
click,Chrome 60.0,,2019-04-26 15:48:33,2019-04-26 15:48:40,7.167s,PASSED
closeBrowser,Chrome 60.0,,2019-04-26 15:48:40,2019-04-26 15:48:41,0.527s,PASSED
,,,,,,
Test Cases/Imported from Selenium IDE Scripts/ver. 2.03/Chrome/RU28/RU28-NUC01-T01,Chrome 60.0,PAMP -  Portfolio B. T.  Eq./Der. -  Member Results - View,2019-04-26 15:48:41,2019-04-26 15:49:01,19.679s,PASSED
"Comment - ""----------------------------------------------------""",Chrome 60.0,,2019-04-26 15:48:41,2019-04-26 15:48:41,0.001s,PASSED
"Comment - ""This test case script is generated by Katalon Studio""",Chrome 60.0,,2019-04-26 15:48:41,2019-04-26 15:48:41,0.001s,PASSED
"Comment - ""Generated date: 09-Oct-2018 09:59:22 AM""",Chrome 60.0,,2019-04-26 15:48:41,2019-04-26 15:48:41,0.000s,PASSED
"Comment - ""File path: H:\Desktop\LiME_2.03\LiME_2.03\CdT\RUN_1\RU28\RU28-NUC01-T01.rctest""",Chrome 60.0,,2019-04-26 15:48:41,2019-04-26 15:48:41,0.000s,PASSED
"Comment - ""LiME -  Liquidity stress - group structure""",Chrome 60.0,,2019-04-26 15:48:41,2019-04-26 15:48:41,0.000s,PASSED
"Comment - ""Generated by: masspetracca@gmail.com""",Chrome 60.0,,2019-04-26 15:48:41,2019-04-26 15:48:41,0.001s,PASSED
openBrowser,Chrome 60.0,----------------------------------------------------,2019-04-26 15:48:41,2019-04-26 15:48:45,3.980s,PASSED
navigateToUrl,Chrome 60.0,TC >> RU28-NUC01-T01.rctest,2019-04-26 15:48:45,2019-04-26 15:48:46,0.356s,PASSED
setText,Chrome 60.0,,2019-04-26 15:48:46,2019-04-26 15:48:46,0.109s,PASSED
setText,Chrome 60.0,,2019-04-26 15:48:46,2019-04-26 15:48:46,0.091s,PASSED
click,Chrome 60.0,,2019-04-26 15:48:46,2019-04-26 15:48:47,1.440s,PASSED
navigateToUrl,Chrome 60.0,,2019-04-26 15:48:47,2019-04-26 15:48:48,1.194s,PASSED
click,Chrome 60.0,,2019-04-26 15:48:48,2019-04-26 15:49:00,11.175s,PASSED
closeBrowser,Chrome 60.0,,2019-04-26 15:49:00,2019-04-26 15:49:01,1.032s,PASSED
,,,,,,
Test Cases/Imported from Selenium IDE Scripts/ver. 2.03/Chrome/RU31/RU31-NUC01-T01,Chrome 60.0,PAMP -  Portfolio B. T.  Eq./Der. -  Member Results - View,2019-04-26 15:49:01,2019-04-26 15:49:33,32.279s,PASSED
"Comment - ""----------------------------------------------------""",Chrome 60.0,,2019-04-26 15:49:01,2019-04-26 15:49:01,0.000s,PASSED
"Comment - ""This test case script is generated by Katalon Studio""",Chrome 60.0,,2019-04-26 15:49:01,2019-04-26 15:49:01,0.000s,PASSED
"Comment - ""Generated date: 09-Oct-2018 09:59:22 AM""",Chrome 60.0,,2019-04-26 15:49:01,2019-04-26 15:49:01,0.000s,PASSED
"Comment - ""File path: H:\Desktop\LiME_2.03\LiME_2.03\CdT\RUN_1\RU31\RU31-NUC01-T01.rctest""",Chrome 60.0,,2019-04-26 15:49:01,2019-04-26 15:49:01,0.000s,PASSED
"Comment - ""LiME -   Swap cash - collateral""",Chrome 60.0,,2019-04-26 15:49:01,2019-04-26 15:49:01,0.000s,PASSED
"Comment - ""Generated by: masspetracca@gmail.com""",Chrome 60.0,,2019-04-26 15:49:01,2019-04-26 15:49:01,0.001s,PASSED
openBrowser,Chrome 60.0,----------------------------------------------------,2019-04-26 15:49:01,2019-04-26 15:49:05,4.004s,PASSED
navigateToUrl,Chrome 60.0,TC >> RU31-NUC01-T01.rctest,2019-04-26 15:49:05,2019-04-26 15:49:05,0.476s,PASSED
setText,Chrome 60.0,,2019-04-26 15:49:05,2019-04-26 15:49:05,0.086s,PASSED
setText,Chrome 60.0,,2019-04-26 15:49:05,2019-04-26 15:49:06,0.104s,PASSED
click,Chrome 60.0,,2019-04-26 15:49:06,2019-04-26 15:49:07,1.384s,PASSED
navigateToUrl,Chrome 60.0,,2019-04-26 15:49:07,2019-04-26 15:49:08,1.159s,PASSED
click,Chrome 60.0,,2019-04-26 15:49:08,2019-04-26 15:49:32,24.388s,PASSED
closeBrowser,Chrome 60.0,,2019-04-26 15:49:32,2019-04-26 15:49:33,0.423s,PASSED
,,,,,,
Test Cases/Imported from Selenium IDE Scripts/ver. 2.03/Chrome/RU32/RU32-NUC01-T01,Chrome 60.0,PAMP -  Portfolio B. T.  Eq./Der. -  Member Results - View,2019-04-26 15:49:33,2019-04-26 15:50:12,39.147s,FAILED
"Comment - ""----------------------------------------------------""",Chrome 60.0,,2019-04-26 15:49:33,2019-04-26 15:49:33,0.001s,PASSED
"Comment - ""This test case script is generated by Katalon Studio""",Chrome 60.0,,2019-04-26 15:49:33,2019-04-26 15:49:33,0.002s,PASSED
"Comment - ""Generated date: 09-Oct-2018 09:59:22 AM""",Chrome 60.0,,2019-04-26 15:49:33,2019-04-26 15:49:33,0.000s,PASSED
"Comment - ""File path: H:\Desktop\LiME_2.03\LiME_2.03\CdT\RUN_1\RU32\RU32-NUC01-T01.rctest""",Chrome 60.0,,2019-04-26 15:49:33,2019-04-26 15:49:33,0.001s,PASSED
"Comment - ""LiME -  RUN Register""",Chrome 60.0,,2019-04-26 15:49:33,2019-04-26 15:49:33,0.000s,PASSED
"Comment - ""Generated by: masspetracca@gmail.com""",Chrome 60.0,,2019-04-26 15:49:33,2019-04-26 15:49:33,0.002s,PASSED
openBrowser,Chrome 60.0,----------------------------------------------------,2019-04-26 15:49:33,2019-04-26 15:49:37,3.992s,PASSED
navigateToUrl,Chrome 60.0,TC >> RU32-NUC01-T01.rctest,2019-04-26 15:49:37,2019-04-26 15:49:38,0.363s,PASSED
setText,Chrome 60.0,,2019-04-26 15:49:38,2019-04-26 15:49:38,0.092s,PASSED
setText,Chrome 60.0,,2019-04-26 15:49:38,2019-04-26 15:49:38,0.092s,PASSED
click,Chrome 60.0,,2019-04-26 15:49:38,2019-04-26 15:49:39,1.420s,PASSED
navigateToUrl,Chrome 60.0,,2019-04-26 15:49:39,2019-04-26 15:49:40,1.095s,PASSED
click,Chrome 60.0,,2019-04-26 15:49:40,2019-04-26 15:50:12,31.714s,FAILED
,,,,,,
Test Cases/Imported from Selenium IDE Scripts/ver. 2.03/Chrome/RU33/RU33-NUC01-T01,Chrome 60.0,PAMP -  Portfolio B. T.  Eq./Der. -  Member Results - View,2019-04-26 15:50:12,2019-04-26 15:50:27,14.555s,PASSED
"Comment - ""----------------------------------------------------""",Chrome 60.0,,2019-04-26 15:50:12,2019-04-26 15:50:12,0.000s,PASSED
"Comment - ""This test case script is generated by Katalon Studio""",Chrome 60.0,,2019-04-26 15:50:12,2019-04-26 15:50:12,0.000s,PASSED
"Comment - ""Generated date: 09-Oct-2018 09:59:22 AM""",Chrome 60.0,,2019-04-26 15:50:12,2019-04-26 15:50:12,0.000s,PASSED
"Comment - ""File path: H:\Desktop\LiME_2.03\LiME_2.03\CdT\RUN_1\RU33\RU33-NUC01-T01.rctest""",Chrome 60.0,,2019-04-26 15:50:12,2019-04-26 15:50:12,0.001s,PASSED
"Comment - ""LiME -  Liquidity LiME Simulator""",Chrome 60.0,,2019-04-26 15:50:12,2019-04-26 15:50:12,0.000s,PASSED
"Comment - ""Generated by: masspetracca@gmail.com""",Chrome 60.0,,2019-04-26 15:50:12,2019-04-26 15:50:12,0.001s,PASSED
openBrowser,Chrome 60.0,----------------------------------------------------,2019-04-26 15:50:12,2019-04-26 15:50:17,4.299s,PASSED
navigateToUrl,Chrome 60.0,TC >> RU33-NUC01-T01.rctest,2019-04-26 15:50:17,2019-04-26 15:50:17,0.403s,PASSED
setText,Chrome 60.0,,2019-04-26 15:50:17,2019-04-26 15:50:17,0.093s,PASSED
setText,Chrome 60.0,,2019-04-26 15:50:17,2019-04-26 15:50:17,0.091s,PASSED
click,Chrome 60.0,,2019-04-26 15:50:17,2019-04-26 15:50:19,1.303s,PASSED
navigateToUrl,Chrome 60.0,,2019-04-26 15:50:19,2019-04-26 15:50:20,1.212s,PASSED
click,Chrome 60.0,,2019-04-26 15:50:20,2019-04-26 15:50:26,6.536s,PASSED
closeBrowser,Chrome 60.0,,2019-04-26 15:50:26,2019-04-26 15:50:27,0.307s,PASSED
,,,,,,
Test Cases/Imported from Selenium IDE Scripts/ver. 2.03/Chrome/RU34/RU34-NUC01-T01,Chrome 60.0,PAMP -  Portfolio B. T.  Eq./Der. -  Member Results - View,2019-04-26 15:50:27,2019-04-26 15:51:06,39.237s,FAILED
"Comment - ""----------------------------------------------------""",Chrome 60.0,,2019-04-26 15:50:27,2019-04-26 15:50:27,0.000s,PASSED
"Comment - ""This test case script is generated by Katalon Studio""",Chrome 60.0,,2019-04-26 15:50:27,2019-04-26 15:50:27,0.000s,PASSED
"Comment - ""Generated date: 09-Oct-2018 09:59:22 AM""",Chrome 60.0,,2019-04-26 15:50:27,2019-04-26 15:50:27,0.001s,PASSED
"Comment - ""File path: H:\Desktop\LiME_2.03\LiME_2.03\CdT\RUN_1\RU34\RU34-NUC01-T01.rctest""",Chrome 60.0,,2019-04-26 15:50:27,2019-04-26 15:50:27,0.000s,PASSED
"Comment - ""LiME -   Simulator Available Cash with no excess cash""",Chrome 60.0,,2019-04-26 15:50:27,2019-04-26 15:50:27,0.001s,PASSED
"Comment - ""Generated by: masspetracca@gmail.com""",Chrome 60.0,,2019-04-26 15:50:27,2019-04-26 15:50:27,0.001s,PASSED
openBrowser,Chrome 60.0,----------------------------------------------------,2019-04-26 15:50:27,2019-04-26 15:50:31,3.945s,PASSED
navigateToUrl,Chrome 60.0,TC >> RU34-NUC01-T01.rctest,2019-04-26 15:50:31,2019-04-26 15:50:31,0.397s,PASSED
setText,Chrome 60.0,,2019-04-26 15:50:31,2019-04-26 15:50:31,0.122s,PASSED
setText,Chrome 60.0,,2019-04-26 15:50:31,2019-04-26 15:50:31,0.160s,PASSED
click,Chrome 60.0,,2019-04-26 15:50:31,2019-04-26 15:50:33,1.390s,PASSED
navigateToUrl,Chrome 60.0,,2019-04-26 15:50:33,2019-04-26 15:50:34,1.273s,PASSED
click,Chrome 60.0,,2019-04-26 15:50:34,2019-04-26 15:51:06,31.656s,FAILED
,,,,,,
Test Cases/Imported from Selenium IDE Scripts/ver. 2.03/Chrome/RU35/RU35-NUC01-T01,Chrome 60.0,PAMP -  Portfolio B. T.  Eq./Der. -  Member Results - View,2019-04-26 15:51:06,2019-04-26 15:51:24,17.686s,PASSED
"Comment - ""----------------------------------------------------""",Chrome 60.0,,2019-04-26 15:51:06,2019-04-26 15:51:06,0.000s,PASSED
"Comment - ""This test case script is generated by Katalon Studio""",Chrome 60.0,,2019-04-26 15:51:06,2019-04-26 15:51:06,0.001s,PASSED
"Comment - ""Generated date: 09-Oct-2018 09:59:22 AM""",Chrome 60.0,,2019-04-26 15:51:06,2019-04-26 15:51:06,0.000s,PASSED
"Comment - ""File path: H:\Desktop\LiME_2.03\LiME_2.03\CdT\RUN_1\RU35\RU35-NUC01-T01.rctest""",Chrome 60.0,,2019-04-26 15:51:06,2019-04-26 15:51:06,0.001s,PASSED
"Comment - ""LiME - Simulator Security held as margin with no excess collateral""",Chrome 60.0,,2019-04-26 15:51:06,2019-04-26 15:51:06,0.000s,PASSED
"Comment - ""Generated by: masspetracca@gmail.com""",Chrome 60.0,,2019-04-26 15:51:06,2019-04-26 15:51:06,0.001s,PASSED
openBrowser,Chrome 60.0,----------------------------------------------------,2019-04-26 15:51:06,2019-04-26 15:51:10,4.301s,PASSED
navigateToUrl,Chrome 60.0,TC >> RU35-NUC01-T01.rctest,2019-04-26 15:51:10,2019-04-26 15:51:11,0.411s,PASSED
setText,Chrome 60.0,,2019-04-26 15:51:11,2019-04-26 15:51:11,0.195s,PASSED
setText,Chrome 60.0,,2019-04-26 15:51:11,2019-04-26 15:51:11,0.095s,PASSED
click,Chrome 60.0,,2019-04-26 15:51:11,2019-04-26 15:51:12,1.352s,PASSED
navigateToUrl,Chrome 60.0,,2019-04-26 15:51:12,2019-04-26 15:51:14,1.380s,PASSED
click,Chrome 60.0,,2019-04-26 15:51:14,2019-04-26 15:51:23,9.345s,PASSED
closeBrowser,Chrome 60.0,,2019-04-26 15:51:23,2019-04-26 15:51:24,0.302s,PASSED
,,,,,,
Test Cases/Imported from Selenium IDE Scripts/ver. 2.03/Chrome/RU36/RU36-NUC01-T01,Chrome 60.0,PAMP -  Portfolio B. T.  Eq./Der. -  Member Results - View,2019-04-26 15:51:24,2019-04-26 15:51:40,16.836s,PASSED
"Comment - ""----------------------------------------------------""",Chrome 60.0,,2019-04-26 15:51:24,2019-04-26 15:51:24,0.001s,PASSED
"Comment - ""This test case script is generated by Katalon Studio""",Chrome 60.0,,2019-04-26 15:51:24,2019-04-26 15:51:24,0.000s,PASSED
"Comment - ""Generated date: 09-Oct-2018 09:59:22 AM""",Chrome 60.0,,2019-04-26 15:51:24,2019-04-26 15:51:24,0.001s,PASSED
"Comment - ""File path: H:\Desktop\LiME_2.03\LiME_2.03\CdT\RUN_1\RU36\RU36-NUC01-T01.rctest""",Chrome 60.0,,2019-04-26 15:51:24,2019-04-26 15:51:24,0.000s,PASSED
"Comment - ""LiME - Stress Simulator""",Chrome 60.0,,2019-04-26 15:51:24,2019-04-26 15:51:24,0.000s,PASSED
"Comment - ""Generated by: masspetracca@gmail.com""",Chrome 60.0,,2019-04-26 15:51:24,2019-04-26 15:51:24,0.000s,PASSED
openBrowser,Chrome 60.0,----------------------------------------------------,2019-04-26 15:51:24,2019-04-26 15:51:28,4.602s,PASSED
navigateToUrl,Chrome 60.0,TC >> RU36-NUC01-T01.rctest,2019-04-26 15:51:28,2019-04-26 15:51:29,0.432s,PASSED
setText,Chrome 60.0,,2019-04-26 15:51:29,2019-04-26 15:51:29,0.132s,PASSED
setText,Chrome 60.0,,2019-04-26 15:51:29,2019-04-26 15:51:29,0.097s,PASSED
click,Chrome 60.0,,2019-04-26 15:51:29,2019-04-26 15:51:30,1.398s,PASSED
navigateToUrl,Chrome 60.0,,2019-04-26 15:51:30,2019-04-26 15:51:32,1.203s,PASSED
click,Chrome 60.0,,2019-04-26 15:51:32,2019-04-26 15:51:39,7.620s,PASSED
closeBrowser,Chrome 60.0,,2019-04-26 15:51:39,2019-04-26 15:51:40,1.120s,PASSED
,,,,,,
Test Cases/Imported from Selenium IDE Scripts/ver. 2.03/Chrome/RU37/RU37-NUC01-T01,Chrome 60.0,PAMP -  Portfolio B. T.  Eq./Der. -  Member Results - View,2019-04-26 15:51:40,2019-04-26 15:51:54,13.526s,PASSED
"Comment - ""----------------------------------------------------""",Chrome 60.0,,2019-04-26 15:51:41,2019-04-26 15:51:41,0.000s,PASSED
"Comment - ""This test case script is generated by Katalon Studio""",Chrome 60.0,,2019-04-26 15:51:41,2019-04-26 15:51:41,0.001s,PASSED
"Comment - ""Generated date: 09-Oct-2018 09:59:22 AM""",Chrome 60.0,,2019-04-26 15:51:41,2019-04-26 15:51:41,0.000s,PASSED
"Comment - ""File path: H:\Desktop\LiME_2.03\LiME_2.03\CdT\RUN_1\RU37\RU37-NUC01-T01.rctest""",Chrome 60.0,,2019-04-26 15:51:41,2019-04-26 15:51:41,0.000s,PASSED
"Comment - ""LiME - Stress Simulator Settings""",Chrome 60.0,,2019-04-26 15:51:41,2019-04-26 15:51:41,0.000s,PASSED
"Comment - ""Generated by: masspetracca@gmail.com""",Chrome 60.0,,2019-04-26 15:51:41,2019-04-26 15:51:41,0.000s,PASSED
openBrowser,Chrome 60.0,----------------------------------------------------,2019-04-26 15:51:41,2019-04-26 15:51:45,4.114s,PASSED
navigateToUrl,Chrome 60.0,TC >> RU37-NUC01-T01.rctest,2019-04-26 15:51:45,2019-04-26 15:51:45,0.439s,PASSED
setText,Chrome 60.0,,2019-04-26 15:51:45,2019-04-26 15:51:45,0.126s,PASSED
setText,Chrome 60.0,,2019-04-26 15:51:45,2019-04-26 15:51:45,0.086s,PASSED
click,Chrome 60.0,,2019-04-26 15:51:45,2019-04-26 15:51:47,1.482s,PASSED
navigateToUrl,Chrome 60.0,,2019-04-26 15:51:47,2019-04-26 15:51:48,1.240s,PASSED
click,Chrome 60.0,,2019-04-26 15:51:48,2019-04-26 15:51:53,5.015s,PASSED
closeBrowser,Chrome 60.0,,2019-04-26 15:51:53,2019-04-26 15:51:54,0.725s,PASSED
,,,,,,
Test Cases/Imported from Selenium IDE Scripts/ver. 2.03/Chrome/RU38/RU38-NUC01-T01,Chrome 60.0,PAMP -  Portfolio B. T.  Eq./Der. -  Member Results - View,2019-04-26 15:51:54,2019-04-26 15:52:34,39.672s,FAILED
"Comment - ""----------------------------------------------------""",Chrome 60.0,,2019-04-26 15:51:54,2019-04-26 15:51:54,0.001s,PASSED
"Comment - ""This test case script is generated by Katalon Studio""",Chrome 60.0,,2019-04-26 15:51:54,2019-04-26 15:51:54,0.000s,PASSED
"Comment - ""Generated date: 09-Oct-2018 09:59:22 AM""",Chrome 60.0,,2019-04-26 15:51:54,2019-04-26 15:51:54,0.000s,PASSED
"Comment - ""File path: H:\Desktop\LiME_2.03\LiME_2.03\CdT\RUN_1\RU38\RU38-NUC01-T01.rctest""",Chrome 60.0,,2019-04-26 15:51:54,2019-04-26 15:51:54,0.001s,PASSED
"Comment - ""LiME - Liq Staging- Liq Stressed market conditions - Sec.As Mar NO Excess Collateral""",Chrome 60.0,,2019-04-26 15:51:54,2019-04-26 15:51:54,0.000s,PASSED
"Comment - ""Generated by: masspetracca@gmail.com""",Chrome 60.0,,2019-04-26 15:51:54,2019-04-26 15:51:54,0.000s,PASSED
openBrowser,Chrome 60.0,----------------------------------------------------,2019-04-26 15:51:54,2019-04-26 15:51:58,4.098s,PASSED
navigateToUrl,Chrome 60.0,TC >> RU38-NUC01-T01.rctest,2019-04-26 15:51:58,2019-04-26 15:51:59,0.530s,PASSED
setText,Chrome 60.0,,2019-04-26 15:51:59,2019-04-26 15:51:59,0.144s,PASSED
setText,Chrome 60.0,,2019-04-26 15:51:59,2019-04-26 15:51:59,0.198s,PASSED
click,Chrome 60.0,,2019-04-26 15:51:59,2019-04-26 15:52:01,1.552s,PASSED
navigateToUrl,Chrome 60.0,,2019-04-26 15:52:01,2019-04-26 15:52:02,1.178s,PASSED
click,Chrome 60.0,,2019-04-26 15:52:02,2019-04-26 15:52:34,31.679s,FAILED
,,,,,,
Test Cases/Imported from Selenium IDE Scripts/ver. 2.03/Chrome/RU39/RU39-NUC01-T01,Chrome 60.0,PAMP -  Portfolio B. T.  Eq./Der. -  Member Results - View,2019-04-26 15:52:34,2019-04-26 15:53:07,33.836s,FAILED
"Comment - ""----------------------------------------------------""",Chrome 60.0,,2019-04-26 15:52:34,2019-04-26 15:52:34,0.001s,PASSED
"Comment - ""This test case script is generated by Katalon Studio""",Chrome 60.0,,2019-04-26 15:52:34,2019-04-26 15:52:34,0.000s,PASSED
"Comment - ""Generated date: 09-Oct-2018 09:59:22 AM""",Chrome 60.0,,2019-04-26 15:52:34,2019-04-26 15:52:34,0.000s,PASSED
"Comment - ""File path: H:\Desktop\LiME_2.03\LiME_2.03\CdT\RUN_1\RU39\RU39-NUC01-T01.rctest""",Chrome 60.0,,2019-04-26 15:52:34,2019-04-26 15:52:34,0.001s,PASSED
"Comment - ""LiME - Liq Staging- Liq Stressed market conditions - Av.Cash No Excess Cash""",Chrome 60.0,,2019-04-26 15:52:34,2019-04-26 15:52:34,0.000s,PASSED
"Comment - ""Generated by: masspetracca@gmail.com""",Chrome 60.0,,2019-04-26 15:52:34,2019-04-26 15:52:34,0.001s,PASSED
openBrowser,Chrome 60.0,----------------------------------------------------,2019-04-26 15:52:34,2019-04-26 15:52:38,4.343s,PASSED
navigateToUrl,Chrome 60.0,TC >> RU39-NUC01-T01.rctest,2019-04-26 15:52:38,2019-04-26 15:52:39,0.481s,PASSED
setText,Chrome 60.0,,2019-04-26 15:52:39,2019-04-26 15:52:39,0.116s,PASSED
setText,Chrome 60.0,,2019-04-26 15:52:39,2019-04-26 15:52:39,0.158s,PASSED
click,Chrome 60.0,,2019-04-26 15:52:39,2019-04-26 15:52:40,1.449s,PASSED
navigateToUrl,Chrome 60.0,,2019-04-26 15:52:40,2019-04-26 15:52:42,1.102s,PASSED
click,Chrome 60.0,,2019-04-26 15:52:42,2019-04-26 15:52:53,11.209s,PASSED
click,Chrome 60.0,,2019-04-26 15:52:53,2019-04-26 15:53:07,14.594s,FAILED
,,,,,,
Test Cases/Imported from Selenium IDE Scripts/ver. 2.03/Chrome/RU40/RU40-NUC01-T01,Chrome 60.0,PAMP -  Portfolio B. T.  Eq./Der. -  Member Results - View,2019-04-26 15:53:07,2019-04-26 15:53:08,0.347s,FAILED
"Comment - ""----------------------------------------------------""",Chrome 60.0,,2019-04-26 15:53:08,2019-04-26 15:53:08,0.001s,PASSED
"Comment - ""This test case script is generated by Katalon Studio""",Chrome 60.0,,2019-04-26 15:53:08,2019-04-26 15:53:08,0.002s,PASSED
"Comment - ""Generated date: 09-Oct-2018 09:59:22 AM""",Chrome 60.0,,2019-04-26 15:53:08,2019-04-26 15:53:08,0.000s,PASSED
"Comment - ""File path: H:\Desktop\LiME_2.03\LiME_2.03\CdT\RUN_1\RU40\RU40-NUC01-T01.rctest""",Chrome 60.0,,2019-04-26 15:53:08,2019-04-26 15:53:08,0.000s,PASSED
"Comment - ""LiME - Liq Staging- Liq Stressed market conditions - Sec.As Mar NO Excess Collateral""",Chrome 60.0,,2019-04-26 15:53:08,2019-04-26 15:53:08,0.000s,PASSED
"Comment - ""Generated by: masspetracca@gmail.com""",Chrome 60.0,,2019-04-26 15:53:08,2019-04-26 15:53:08,0.000s,PASSED
openBrowser,Chrome 60.0,----------------------------------------------------,2019-04-26 15:53:08,2019-04-26 15:53:08,0.060s,FAILED
