<?xml version="1.0" encoding="UTF-8"?>
<TestCase seleniumIDEVersion="2.9.1" baseURL="http://10.0.10.173:9081/">
<selenese>
	<command>echo</command>
	<target><![CDATA[]]></target>
	<value><![CDATA[RU01-NUC01-T02.rctest]]></value>
</selenese>
<selenese>
	<command>open</command>
	<target><![CDATA[/CCAM/]]></target>
	<value><![CDATA[Liquidity Items - CCAM - Filters]]></value>
</selenese>
<selenese>
	<command>waitForElementClickable</command>
	<target><![CDATA[scLocator=//Menu[level=1]/body/row[3]/col[fieldName=title||0]]]></target>
	<value><![CDATA[]]></value>
</selenese>
<selenese>
	<command>click</command>
	<target><![CDATA[scLocator=//Menu[level=1]/body/row[3]/col[fieldName=title||0]]]></target>
	<value><![CDATA[]]></value>
</selenese>
<selenese>
	<command>waitForElementClickable</command>
	<target><![CDATA[scLocator=//Portlet[ID="liquidity_items_tab_2"]/maximizeButton/]]></target>
	<value><![CDATA[]]></value>
</selenese>
<selenese>
	<command>click</command>
	<target><![CDATA[scLocator=//Portlet[ID="liquidity_items_tab_2"]/maximizeButton/]]></target>
	<value><![CDATA[]]></value>
</selenese>
<selenese>
	<command>waitForElementClickable</command>
	<target><![CDATA[scLocator=//Portlet[ID="liquidity_items_tab_2"]/item[0][Class="ListGrid"]/filterEditor/editRowForm/item[name=dt_ref||title=Date%20ref.||index=2||Class=MiniDateRangeItem]/[icon="showDateRange"]]]></target>
	<value><![CDATA[]]></value>
</selenese>
<selenese>
	<command>click</command>
	<target><![CDATA[scLocator=//Portlet[ID="liquidity_items_tab_2"]/item[0][Class="ListGrid"]/filterEditor/editRowForm/item[name=dt_ref||title=Date%20ref.||index=2||Class=MiniDateRangeItem]/[icon="showDateRange"]]]></target>
	<value><![CDATA[]]></value>
</selenese>
<selenese>
	<command>waitForElementClickable</command>
	<target><![CDATA[scLocator=//Portlet[ID="liquidity_items_tab_2"]/item[0][Class="ListGrid"]/filterEditor/editRowForm/item[name=dt_ref||title=Date%20ref.||index=2||Class=MiniDateRangeItem]/rangeDialog/rangeForm/item[name=dt_ref||title=dt_ref||index=0||Class=DateRangeItem]/dateRangeForm/item[name=fromField||title=From||index=0||Class=RelativeDateItem]/editor/item[name=iconPlaceholder||title=iconPlaceholder||index=2||Class=StaticTextItem]/[icon="chooserIcon"]]]></target>
	<value><![CDATA[]]></value>
</selenese>
<selenese>
	<command>click</command>
	<target><![CDATA[scLocator=//Portlet[ID="liquidity_items_tab_2"]/item[0][Class="ListGrid"]/filterEditor/editRowForm/item[name=dt_ref||title=Date%20ref.||index=2||Class=MiniDateRangeItem]/rangeDialog/rangeForm/item[name=dt_ref||title=dt_ref||index=0||Class=DateRangeItem]/dateRangeForm/item[name=fromField||title=From||index=0||Class=RelativeDateItem]/editor/item[name=iconPlaceholder||title=iconPlaceholder||index=2||Class=StaticTextItem]/[icon="chooserIcon"]]]></target>
	<value><![CDATA[]]></value>
</selenese>
<selenese>
	<command>waitForElementClickable</command>
	<target><![CDATA[scLocator=//autoID[Class=DateChooser||index=17||length=20||classIndex=0||classLength=1]/dateGrid/body/row[Wed=Wed Nov 30 2016 12:00:00 GMT+0100 (W. Europe Standard Time)||4]/col[fieldName=Wed||3]]]></target>
	<value><![CDATA[/* Date Chooser and filter */]]></value>
</selenese>
<selenese>
	<command>click</command>
	<target><![CDATA[scLocator=//autoID[Class=DateChooser||index=17||length=20||classIndex=0||classLength=1]/dateGrid/body/row[Wed=Wed Nov 30 2016 12:00:00 GMT+0100 (W. Europe Standard Time)||4]/col[fieldName=Wed||3]]]></target>
	<value><![CDATA[]]></value>
</selenese>
<selenese>
	<command>waitForElementClickable</command>
	<target><![CDATA[scLocator=//Portlet[ID="liquidity_items_tab_2"]/item[0][Class="ListGrid"]/filterEditor/editRowForm/item[name=dt_ref||title=Date%20ref.||value=[object Object]||index=2||Class=MiniDateRangeItem]/rangeDialog/rangeForm/item[name=dt_ref||title=dt_ref||value=[object Object]||index=0||Class=DateRangeItem]/dateRangeForm/item[name=toField||title=To||index=1||Class=RelativeDateItem]/editor/item[name=iconPlaceholder||title=iconPlaceholder||index=2||Class=StaticTextItem]/[icon="chooserIcon"]]]></target>
	<value><![CDATA[]]></value>
</selenese>
<selenese>
	<command>click</command>
	<target><![CDATA[scLocator=//Portlet[ID="liquidity_items_tab_2"]/item[0][Class="ListGrid"]/filterEditor/editRowForm/item[name=dt_ref||title=Date%20ref.||value=[object Object]||index=2||Class=MiniDateRangeItem]/rangeDialog/rangeForm/item[name=dt_ref||title=dt_ref||value=[object Object]||index=0||Class=DateRangeItem]/dateRangeForm/item[name=toField||title=To||index=1||Class=RelativeDateItem]/editor/item[name=iconPlaceholder||title=iconPlaceholder||index=2||Class=StaticTextItem]/[icon="chooserIcon"]]]></target>
	<value><![CDATA[]]></value>
</selenese>
<selenese>
	<command>waitForElementClickable</command>
	<target><![CDATA[scLocator=//autoID[Class=DateChooser||index=23||length=26||classIndex=1||classLength=2]/nextMonthButton/]]></target>
	<value><![CDATA[]]></value>
</selenese>
<selenese>
	<command>click</command>
	<target><![CDATA[scLocator=//autoID[Class=DateChooser||index=23||length=26||classIndex=1||classLength=2]/nextMonthButton/]]></target>
	<value><![CDATA[]]></value>
</selenese>
<selenese>
	<command>waitForElementClickable</command>
	<target><![CDATA[scLocator=//Portlet[ID="liquidity_items_tab_2"]/item[0][Class="ListGrid"]/filterEditor/editRowForm/item[name=dt_ref||title=Date%20ref.||value=[object Object]||index=2||Class=MiniDateRangeItem]/rangeDialog/okButton/]]></target>
	<value><![CDATA[]]></value>
</selenese>
<selenese>
	<command>click</command>
	<target><![CDATA[scLocator=//Portlet[ID="liquidity_items_tab_2"]/item[0][Class="ListGrid"]/filterEditor/editRowForm/item[name=dt_ref||title=Date%20ref.||value=[object Object]||index=2||Class=MiniDateRangeItem]/rangeDialog/okButton/]]></target>
	<value><![CDATA[]]></value>
</selenese>
<selenese>
	<command>click</command>
	<target><![CDATA[scLocator=//autoID[Class=DateChooser||index=23||length=26||classIndex=1||classLength=2]/nextMonthButton/]]></target>
	<value><![CDATA[]]></value>
</selenese>
<selenese>
	<command>click</command>
	<target><![CDATA[scLocator=//autoID[Class=DateChooser||index=17||length=20||classIndex=0||classLength=1]/dateGrid/body/row[Wed=Wed Nov 30 2016 12:00:00 GMT+0100 (W. Europe Standard Time)||4]/col[fieldName=Wed||3]]]></target>
	<value><![CDATA[]]></value>
</selenese>
<selenese>
	<command>waitForElementClickable</command>
	<target><![CDATA[scLocator=//Portlet[ID="liquidity_items_tab_2"]/item[0][Class="ListGrid"]/filterEditor/editRowForm/item[name=dt_ref||title=Date%20ref.||index=2||Class=MiniDateRangeItem]/rangeDialog/okButton/]]></target>
	<value><![CDATA[]]></value>
</selenese>
<selenese>
	<command>click</command>
	<target><![CDATA[scLocator=//Portlet[ID="liquidity_items_tab_2"]/item[0][Class="ListGrid"]/filterEditor/editRowForm/item[name=dt_ref||title=Date%20ref.||index=2||Class=MiniDateRangeItem]/rangeDialog/okButton/]]></target>
	<value><![CDATA[]]></value>
</selenese>
<selenese>
	<command>waitForElementClickable</command>
	<target><![CDATA[scLocator=//Portlet[ID="liquidity_items_tab_2"]/item[0][Class="ListGrid"]/filterEditor/editRowForm/item[name=item_name||title=Item%20name||index=1||Class=TextItem]/element]]></target>
	<value><![CDATA[]]></value>
</selenese>
<selenese>
	<command>click</command>
	<target><![CDATA[scLocator=//Portlet[ID="liquidity_items_tab_2"]/item[0][Class="ListGrid"]/filterEditor/editRowForm/item[name=item_name||title=Item%20name||index=1||Class=TextItem]/element]]></target>
	<value><![CDATA[]]></value>
</selenese>
<selenese>
	<command>waitForElementClickable</command>
	<target><![CDATA[scLocator=//Portlet[ID="liquidity_items_tab_2"]/item[0][Class="ListGrid"]/filterEditor/editRowForm/item[name=item_name||title=Item%20name||index=1||Class=TextItem]/element]]></target>
	<value><![CDATA[]]></value>
</selenese>
<selenese>
	<command>click</command>
	<target><![CDATA[scLocator=//Portlet[ID="liquidity_items_tab_2"]/item[0][Class="ListGrid"]/filterEditor/editRowForm/item[name=item_name||title=Item%20name||index=1||Class=TextItem]/element]]></target>
	<value><![CDATA[]]></value>
</selenese>
<selenese>
	<command>waitForElementClickable</command>
	<target><![CDATA[scLocator=//Portlet[ID="liquidity_items_tab_2"]/item[0][Class="ListGrid"]/filterEditor/editRowForm/item[name=item_name||title=Item%20name||index=1||Class=TextItem]/element]]></target>
	<value><![CDATA[]]></value>
</selenese>
<selenese>
	<command>click</command>
	<target><![CDATA[scLocator=//Portlet[ID="liquidity_items_tab_2"]/item[0][Class="ListGrid"]/filterEditor/editRowForm/item[name=item_name||title=Item%20name||index=1||Class=TextItem]/element]]></target>
	<value><![CDATA[]]></value>
</selenese>
<selenese>
	<command>waitForElementClickable</command>
	<target><![CDATA[scLocator=//Portlet[ID="liquidity_items_tab_2"]/item[0][Class="ListGrid"]/filterEditor/editRowForm/item[name=item_name||title=Item%20name||index=1||Class=TextItem]/element]]></target>
	<value><![CDATA[]]></value>
</selenese>
<selenese>
	<command>click</command>
	<target><![CDATA[scLocator=//Portlet[ID="liquidity_items_tab_2"]/item[0][Class="ListGrid"]/filterEditor/editRowForm/item[name=item_name||title=Item%20name||index=1||Class=TextItem]/element]]></target>
	<value><![CDATA[]]></value>
</selenese>
<selenese>
	<command>waitForElementReadyForKeyPresses</command>
	<target><![CDATA[scLocator=//Portlet[ID="liquidity_items_tab_2"]/item[0][Class="ListGrid"]/filterEditor/editRowForm/item[name=item_name||title=Item%20name||index=1||Class=TextItem]/element]]></target>
	<value><![CDATA[]]></value>
</selenese>
<selenese>
	<command>sendKeys</command>
	<target><![CDATA[scLocator=//Portlet[ID="liquidity_items_tab_2"]/item[0][Class="ListGrid"]/filterEditor/editRowForm/item[name=item_name||title=Item%20name||index=1||Class=TextItem]/element]]></target>
	<value><![CDATA[${KEY_TAB}]]></value>
</selenese>
<selenese>
	<command>blur</command>
	<target><![CDATA[scLocator=//Portlet[ID="liquidity_items_tab_2"]/item[0][Class="ListGrid"]/filterEditor/editRowForm/item[name=item_name||title=Item%20name||index=1||Class=TextItem]/element]]></target>
	<value><![CDATA[]]></value>
</selenese>
<selenese>
	<command>waitForElementClickable</command>
	<target><![CDATA[scLocator=//Portlet[ID="liquidity_items_tab_2"]/item[0][Class="ListGrid"]/filterEditor/editRowForm/item[name=dt_ref||title=Date%20ref.||index=2||Class=MiniDateRangeItem]/[icon="showDateRange"]]]></target>
	<value><![CDATA[]]></value>
</selenese>
<selenese>
	<command>focus</command>
	<target><![CDATA[scLocator=//Portlet[ID="liquidity_items_tab_2"]/item[0][Class="ListGrid"]/filterEditor/editRowForm/item[name=dt_ref||title=Date%20ref.||index=2||Class=MiniDateRangeItem]/[icon="showDateRange"]]]></target>
	<value><![CDATA[true]]></value>
</selenese>
<selenese>
	<command>waitForElementClickable</command>
	<target><![CDATA[scLocator=//Portlet[ID="liquidity_items_tab_2"]/item[0][Class="ListGrid"]/filterEditor/editRowForm/item[name=dt_ref||title=Date%20ref.||index=2||Class=MiniDateRangeItem]/[icon="showDateRange"]]]></target>
	<value><![CDATA[]]></value>
</selenese>
<selenese>
	<command>sendKeys</command>
	<target><![CDATA[scLocator=//Portlet[ID="liquidity_items_tab_2"]/item[0][Class="ListGrid"]/filterEditor/editRowForm/item[name=dt_ref||title=Date%20ref.||index=2||Class=MiniDateRangeItem]/[icon="showDateRange"]]]></target>
	<value><![CDATA[${KEY_TAB}]]></value>
</selenese>
<selenese>
	<command>blur</command>
	<target><![CDATA[scLocator=//Portlet[ID="liquidity_items_tab_2"]/item[0][Class="ListGrid"]/filterEditor/editRowForm/item[name=dt_ref||title=Date%20ref.||index=2||Class=MiniDateRangeItem]/[icon="showDateRange"]]]></target>
	<value><![CDATA[]]></value>
</selenese>
<selenese>
	<command>waitForElementClickable</command>
	<target><![CDATA[scLocator=//Portlet[ID="liquidity_items_tab_2"]/item[0][Class="ListGrid"]/filterEditor/editRowForm/item[name=cash_amount||title=Cash%20amount||index=3||Class=FloatItem]/element]]></target>
	<value><![CDATA[/* List Grid filterEditor, editRow Cash Amount - true */]]></value>
</selenese>
<selenese>
	<command>focus</command>
	<target><![CDATA[scLocator=//Portlet[ID="liquidity_items_tab_2"]/item[0][Class="ListGrid"]/filterEditor/editRowForm/item[name=cash_amount||title=Cash%20amount||index=3||Class=FloatItem]/element]]></target>
	<value><![CDATA[true]]></value>
</selenese>
<selenese>
	<command>waitForElementClickable</command>
	<target><![CDATA[scLocator=//Portlet[ID="liquidity_items_tab_2"]/item[0][Class="ListGrid"]/filterEditor/editRowForm/item[name=cash_amount||title=Cash%20amount||index=3||Class=FloatItem]/element]]></target>
	<value><![CDATA[]]></value>
</selenese>
<selenese>
	<command>click</command>
	<target><![CDATA[scLocator=//Portlet[ID="liquidity_items_tab_2"]/item[0][Class="ListGrid"]/filterEditor/editRowForm/item[name=cash_amount||title=Cash%20amount||index=3||Class=FloatItem]/element]]></target>
	<value><![CDATA[]]></value>
</selenese>
<selenese>
	<command>waitForElementClickable</command>
	<target><![CDATA[scLocator=//Portlet[ID="liquidity_items_tab_2"]/item[0][Class="ListGrid"]/filterEditor/editRowForm/item[name=cash_amount||title=Cash%20amount||value=%3E10||index=3||Class=FloatItem]/element]]></target>
	<value><![CDATA[/* List Grid filterEditor, editRow Cash Amount > 10 */]]></value>
</selenese>
<selenese>
	<command>type</command>
	<target><![CDATA[scLocator=//Portlet[ID="liquidity_items_tab_2"]/item[0][Class="ListGrid"]/filterEditor/editRowForm/item[name=cash_amount||title=Cash%20amount||value=%3E10||index=3||Class=FloatItem]/element]]></target>
	<value><![CDATA[>10]]></value>
</selenese>
<selenese>
	<command>waitForElementClickable</command>
	<target><![CDATA[scLocator=//Portlet[ID="liquidity_items_tab_2"]/item[0][Class="ListGrid"]/filterEditor/actionButton/icon]]></target>
	<value><![CDATA[]]></value>
</selenese>
<selenese>
	<command>click</command>
	<target><![CDATA[scLocator=//Portlet[ID="liquidity_items_tab_2"]/item[0][Class="ListGrid"]/filterEditor/actionButton/icon]]></target>
	<value><![CDATA[]]></value>
</selenese>
<selenese>
	<command>waitForElementClickable</command>
	<target><![CDATA[scLocator=//Portlet[ID="liquidity_items_tab_2"]/item[0][Class="ListGrid"]/filterEditor/editRowForm/item[name=cash_amount||title=Cash%20amount||value=%3E10||index=3||Class=FloatItem]/element]]></target>
	<value><![CDATA[]]></value>
</selenese>
<selenese>
	<command>click</command>
	<target><![CDATA[scLocator=//Portlet[ID="liquidity_items_tab_2"]/item[0][Class="ListGrid"]/filterEditor/editRowForm/item[name=cash_amount||title=Cash%20amount||value=%3E10||index=3||Class=FloatItem]/element]]></target>
	<value><![CDATA[]]></value>
</selenese>
<selenese>
	<command>waitForElementReadyForKeyPresses</command>
	<target><![CDATA[scLocator=//Portlet[ID="liquidity_items_tab_2"]/item[0][Class="ListGrid"]/filterEditor/editRowForm/item[name=cash_amount||title=Cash%20amount||value=%3E64327327.6200000||index=3||Class=FloatItem]/element]]></target>
	<value><![CDATA[]]></value>
</selenese>
<selenese>
	<command>sendKeys</command>
	<target><![CDATA[scLocator=//Portlet[ID="liquidity_items_tab_2"]/item[0][Class="ListGrid"]/filterEditor/editRowForm/item[name=cash_amount||title=Cash%20amount||value=%3E64327327.6200000||index=3||Class=FloatItem]/element]]></target>
	<value><![CDATA[${KEY_ENTER}]]></value>
</selenese>
<selenese>
	<command>waitForElementClickable</command>
	<target><![CDATA[scLocator=//Portlet[ID="liquidity_items_tab_2"]/item[0][Class="ListGrid"]/filterEditor/actionButton/icon]]></target>
	<value><![CDATA[]]></value>
</selenese>
<selenese>
	<command>click</command>
	<target><![CDATA[scLocator=//Portlet[ID="liquidity_items_tab_2"]/item[0][Class="ListGrid"]/filterEditor/actionButton/icon]]></target>
	<value><![CDATA[]]></value>
</selenese>
<selenese>
	<command>waitForElementClickable</command>
	<target><![CDATA[scLocator=//Portlet[ID="liquidity_items_tab_2"]/item[0][Class="ListGrid"]/filterEditor/editRowForm/item[name=cash_amount||title=Cash%20amount||value=%3E64327327.6200000||index=3||Class=FloatItem]/element]]></target>
	<value><![CDATA[]]></value>
</selenese>
<selenese>
	<command>click</command>
	<target><![CDATA[scLocator=//Portlet[ID="liquidity_items_tab_2"]/item[0][Class="ListGrid"]/filterEditor/editRowForm/item[name=cash_amount||title=Cash%20amount||value=%3E64327327.6200000||index=3||Class=FloatItem]/element]]></target>
	<value><![CDATA[]]></value>
</selenese>
<selenese>
	<command>waitForElementReadyForKeyPresses</command>
	<target><![CDATA[scLocator=//Portlet[ID="liquidity_items_tab_2"]/item[0][Class="ListGrid"]/filterEditor/editRowForm/item[name=cash_amount||title=Cash%20amount||value=%3E64327327.62||index=3||Class=FloatItem]/element]]></target>
	<value><![CDATA[]]></value>
</selenese>
<selenese>
	<command>sendKeys</command>
	<target><![CDATA[scLocator=//Portlet[ID="liquidity_items_tab_2"]/item[0][Class="ListGrid"]/filterEditor/editRowForm/item[name=cash_amount||title=Cash%20amount||value=%3E64327327.62||index=3||Class=FloatItem]/element]]></target>
	<value><![CDATA[${KEY_LEFT}]]></value>
</selenese>
<selenese>
	<command>waitForElementReadyForKeyPresses</command>
	<target><![CDATA[scLocator=//Portlet[ID="liquidity_items_tab_2"]/item[0][Class="ListGrid"]/filterEditor/editRowForm/item[name=cash_amount||title=Cash%20amount||value=%3E64327327.62||index=3||Class=FloatItem]/element]]></target>
	<value><![CDATA[]]></value>
</selenese>
<selenese>
	<command>sendKeys</command>
	<target><![CDATA[scLocator=//Portlet[ID="liquidity_items_tab_2"]/item[0][Class="ListGrid"]/filterEditor/editRowForm/item[name=cash_amount||title=Cash%20amount||value=%3E64327327.62||index=3||Class=FloatItem]/element]]></target>
	<value><![CDATA[${KEY_LEFT}]]></value>
</selenese>
<selenese>
	<command>waitForElementReadyForKeyPresses</command>
	<target><![CDATA[scLocator=//Portlet[ID="liquidity_items_tab_2"]/item[0][Class="ListGrid"]/filterEditor/editRowForm/item[name=cash_amount||title=Cash%20amount||value=%3E64327327.62||index=3||Class=FloatItem]/element]]></target>
	<value><![CDATA[]]></value>
</selenese>
<selenese>
	<command>sendKeys</command>
	<target><![CDATA[scLocator=//Portlet[ID="liquidity_items_tab_2"]/item[0][Class="ListGrid"]/filterEditor/editRowForm/item[name=cash_amount||title=Cash%20amount||value=%3E64327327.62||index=3||Class=FloatItem]/element]]></target>
	<value><![CDATA[${KEY_LEFT}]]></value>
</selenese>
<selenese>
	<command>waitForElementClickable</command>
	<target><![CDATA[scLocator=//Portlet[ID="liquidity_items_tab_2"]/item[0][Class="ListGrid"]/filterEditor/editRowForm/item[name=cash_amount||title=Cash%20amount||value=%3E643273270000.62||index=3||Class=FloatItem]/element]]></target>
	<value><![CDATA[]]></value>
</selenese>
<selenese>
	<command>type</command>
	<target><![CDATA[scLocator=//Portlet[ID="liquidity_items_tab_2"]/item[0][Class="ListGrid"]/filterEditor/editRowForm/item[name=cash_amount||title=Cash%20amount||value=%3E643273270000.62||index=3||Class=FloatItem]/element]]></target>
	<value><![CDATA[>643273270000.62]]></value>
</selenese>
<selenese>
	<command>waitForElementClickable</command>
	<target><![CDATA[scLocator=//Portlet[ID="liquidity_items_tab_2"]/item[0][Class="ListGrid"]/filterEditor/actionButton/]]></target>
	<value><![CDATA[]]></value>
</selenese>
<selenese>
	<command>click</command>
	<target><![CDATA[scLocator=//Portlet[ID="liquidity_items_tab_2"]/item[0][Class="ListGrid"]/filterEditor/actionButton/]]></target>
	<value><![CDATA[]]></value>
</selenese>
<selenese>
	<command>waitForElementClickable</command>
	<target><![CDATA[scLocator=//Portlet[ID="liquidity_items_tab_2"]/item[0][Class="ListGrid"]/filterEditor/editRowForm/item[name=cash_amount||title=Cash%20amount||value=%3C643||index=3||Class=FloatItem]/element]]></target>
	<value><![CDATA[/* List Grid filterEditor, editRow Cash Amount - less than */]]></value>
</selenese>
<selenese>
	<command>type</command>
	<target><![CDATA[scLocator=//Portlet[ID="liquidity_items_tab_2"]/item[0][Class="ListGrid"]/filterEditor/editRowForm/item[name=cash_amount||title=Cash%20amount||value=%3C643||index=3||Class=FloatItem]/element]]></target>
	<value><![CDATA[<643]]></value>
</selenese>
<selenese>
	<command>waitForElementClickable</command>
	<target><![CDATA[scLocator=//Portlet[ID="liquidity_items_tab_2"]/item[0][Class="ListGrid"]/filterEditor/actionButton/icon]]></target>
	<value><![CDATA[]]></value>
</selenese>
<selenese>
	<command>click</command>
	<target><![CDATA[scLocator=//Portlet[ID="liquidity_items_tab_2"]/item[0][Class="ListGrid"]/filterEditor/actionButton/icon]]></target>
	<value><![CDATA[]]></value>
</selenese>
<selenese>
	<command>waitForElementClickable</command>
	<target><![CDATA[scLocator=//Portlet[ID="liquidity_items_tab_2"]/item[0][Class="ListGrid"]/filterEditor/editRowForm/item[name=cash_amount||title=Cash%20amount||value=%3C643||index=3||Class=FloatItem]/element]]></target>
	<value><![CDATA[]]></value>
</selenese>
<selenese>
	<command>click</command>
	<target><![CDATA[scLocator=//Portlet[ID="liquidity_items_tab_2"]/item[0][Class="ListGrid"]/filterEditor/editRowForm/item[name=cash_amount||title=Cash%20amount||value=%3C643||index=3||Class=FloatItem]/element]]></target>
	<value><![CDATA[]]></value>
</selenese>
<selenese>
	<command>waitForElementClickable</command>
	<target><![CDATA[scLocator=//Portlet[ID="liquidity_items_tab_2"]/item[0][Class="ListGrid"]/filterEditor/actionButton/icon]]></target>
	<value><![CDATA[]]></value>
</selenese>
<selenese>
	<command>click</command>
	<target><![CDATA[scLocator=//Portlet[ID="liquidity_items_tab_2"]/item[0][Class="ListGrid"]/filterEditor/actionButton/icon]]></target>
	<value><![CDATA[]]></value>
</selenese>
<selenese>
	<command>waitForElementClickable</command>
	<target><![CDATA[scLocator=//Portlet[ID="liquidity_items_tab_2"]/item[0][Class="ListGrid"]/filterEditor/editRowForm/item[name=cash_amount||title=Cash%20amount||value=%3C643||index=3||Class=FloatItem]/element]]></target>
	<value><![CDATA[]]></value>
</selenese>
<selenese>
	<command>click</command>
	<target><![CDATA[scLocator=//Portlet[ID="liquidity_items_tab_2"]/item[0][Class="ListGrid"]/filterEditor/editRowForm/item[name=cash_amount||title=Cash%20amount||value=%3C643||index=3||Class=FloatItem]/element]]></target>
	<value><![CDATA[]]></value>
</selenese>
<selenese>
	<command>waitForElementClickable</command>
	<target><![CDATA[scLocator=//Portlet[ID="liquidity_items_tab_2"]/item[0][Class="ListGrid"]/filterEditor/editRowForm/item[name=cash_amount||title=Cash%20amount||value=%3C6430||index=3||Class=FloatItem]/element]]></target>
	<value><![CDATA[]]></value>
</selenese>
<selenese>
	<command>type</command>
	<target><![CDATA[scLocator=//Portlet[ID="liquidity_items_tab_2"]/item[0][Class="ListGrid"]/filterEditor/editRowForm/item[name=cash_amount||title=Cash%20amount||value=%3C6430||index=3||Class=FloatItem]/element]]></target>
	<value><![CDATA[<6430]]></value>
</selenese>
<selenese>
	<command>waitForElementClickable</command>
	<target><![CDATA[scLocator=//Portlet[ID="liquidity_items_tab_2"]/item[0][Class="ListGrid"]/filterEditor/actionButton/icon]]></target>
	<value><![CDATA[]]></value>
</selenese>
<selenese>
	<command>click</command>
	<target><![CDATA[scLocator=//Portlet[ID="liquidity_items_tab_2"]/item[0][Class="ListGrid"]/filterEditor/actionButton/icon]]></target>
	<value><![CDATA[]]></value>
</selenese>
<selenese>
	<command>waitForElementClickable</command>
	<target><![CDATA[scLocator=//Portlet[ID="liquidity_items_tab_2"]/item[0][Class="ListGrid"]/filterEditor/actionButton/icon]]></target>
	<value><![CDATA[]]></value>
</selenese>
<selenese>
	<command>click</command>
	<target><![CDATA[scLocator=//Portlet[ID="liquidity_items_tab_2"]/item[0][Class="ListGrid"]/filterEditor/actionButton/icon]]></target>
	<value><![CDATA[]]></value>
</selenese>
<selenese>
	<command>waitForElementClickable</command>
	<target><![CDATA[scLocator=//Portlet[ID="liquidity_items_tab_2"]/item[0][Class="ListGrid"]/filterEditor/actionButton/icon]]></target>
	<value><![CDATA[]]></value>
</selenese>
<selenese>
	<command>click</command>
	<target><![CDATA[scLocator=//Portlet[ID="liquidity_items_tab_2"]/item[0][Class="ListGrid"]/filterEditor/actionButton/icon]]></target>
	<value><![CDATA[]]></value>
</selenese>
<selenese>
	<command>waitForElementClickable</command>
	<target><![CDATA[scLocator=//Portlet[ID="liquidity_items_tab_2"]/item[0][Class="ListGrid"]/filterEditor/editRowForm/item[name=cash_amount||title=Cash%20amount||value=%3C6430||index=3||Class=FloatItem]/element]]></target>
	<value><![CDATA[]]></value>
</selenese>
<selenese>
	<command>click</command>
	<target><![CDATA[scLocator=//Portlet[ID="liquidity_items_tab_2"]/item[0][Class="ListGrid"]/filterEditor/editRowForm/item[name=cash_amount||title=Cash%20amount||value=%3C6430||index=3||Class=FloatItem]/element]]></target>
	<value><![CDATA[]]></value>
</selenese>
<selenese>
	<command>waitForElementClickable</command>
	<target><![CDATA[scLocator=//Portlet[ID="liquidity_items_tab_2"]/item[0][Class="ListGrid"]/filterEditor/editRowForm/item[name=cash_amount||title=Cash%20amount||value=%3C6430000||index=3||Class=FloatItem]/element]]></target>
	<value><![CDATA[]]></value>
</selenese>
<selenese>
	<command>type</command>
	<target><![CDATA[scLocator=//Portlet[ID="liquidity_items_tab_2"]/item[0][Class="ListGrid"]/filterEditor/editRowForm/item[name=cash_amount||title=Cash%20amount||value=%3C6430000||index=3||Class=FloatItem]/element]]></target>
	<value><![CDATA[<6430000]]></value>
</selenese>
<selenese>
	<command>waitForElementClickable</command>
	<target><![CDATA[scLocator=//Portlet[ID="liquidity_items_tab_2"]/item[0][Class="ListGrid"]/filterEditor/actionButton/icon]]></target>
	<value><![CDATA[]]></value>
</selenese>
<selenese>
	<command>click</command>
	<target><![CDATA[scLocator=//Portlet[ID="liquidity_items_tab_2"]/item[0][Class="ListGrid"]/filterEditor/actionButton/icon]]></target>
	<value><![CDATA[]]></value>
</selenese>
<selenese>
	<command>waitForElementClickable</command>
	<target><![CDATA[scLocator=//Portlet[ID="liquidity_items_tab_2"]/item[0][Class="ListGrid"]/body/]]></target>
	<value><![CDATA[]]></value>
</selenese>
<selenese>
	<command>click</command>
	<target><![CDATA[scLocator=//Portlet[ID="liquidity_items_tab_2"]/item[0][Class="ListGrid"]/body/]]></target>
	<value><![CDATA[]]></value>
</selenese>
<selenese>
	<command>waitForElementClickable</command>
	<target><![CDATA[scLocator=//Portlet[ID="liquidity_items_tab_2"]/item[0][Class="ListGrid"]/filterEditor/editRowForm/item[name=cash_amount||title=Cash%20amount||value=%3C6430000||index=3||Class=FloatItem]/element]]></target>
	<value><![CDATA[]]></value>
</selenese>
<selenese>
	<command>click</command>
	<target><![CDATA[scLocator=//Portlet[ID="liquidity_items_tab_2"]/item[0][Class="ListGrid"]/filterEditor/editRowForm/item[name=cash_amount||title=Cash%20amount||value=%3C6430000||index=3||Class=FloatItem]/element]]></target>
	<value><![CDATA[]]></value>
</selenese>
<selenese>
	<command>waitForElementClickable</command>
	<target><![CDATA[scLocator=//Portlet[ID="liquidity_items_tab_2"]/item[0][Class="ListGrid"]/filterEditor/editRowForm/item[name=cash_amount||title=Cash%20amount||value=%3E100||index=3||Class=FloatItem]/element]]></target>
	<value><![CDATA[]]></value>
</selenese>
<selenese>
	<command>click</command>
	<target><![CDATA[scLocator=//Portlet[ID="liquidity_items_tab_2"]/item[0][Class="ListGrid"]/filterEditor/editRowForm/item[name=cash_amount||title=Cash%20amount||value=%3E100||index=3||Class=FloatItem]/element]]></target>
	<value><![CDATA[]]></value>
</selenese>
<selenese>
	<command>waitForElementClickable</command>
	<target><![CDATA[scLocator=//Portlet[ID="liquidity_items_tab_2"]/item[0][Class="ListGrid"]/filterEditor/editRowForm/item[name=cash_amount||title=Cash%20amount||value=%3E100||index=3||Class=FloatItem]/element]]></target>
	<value><![CDATA[/* List Grid filterEditor, editRow Cash Amount - greater than */]]></value>
</selenese>
<selenese>
	<command>type</command>
	<target><![CDATA[scLocator=//Portlet[ID="liquidity_items_tab_2"]/item[0][Class="ListGrid"]/filterEditor/editRowForm/item[name=cash_amount||title=Cash%20amount||value=%3E100||index=3||Class=FloatItem]/element]]></target>
	<value><![CDATA[>100]]></value>
</selenese>
<selenese>
	<command>waitForElementClickable</command>
	<target><![CDATA[scLocator=//Portlet[ID="liquidity_items_tab_2"]/item[0][Class="ListGrid"]/filterEditor/actionButton/icon]]></target>
	<value><![CDATA[]]></value>
</selenese>
<selenese>
	<command>click</command>
	<target><![CDATA[scLocator=//Portlet[ID="liquidity_items_tab_2"]/item[0][Class="ListGrid"]/filterEditor/actionButton/icon]]></target>
	<value><![CDATA[]]></value>
</selenese>
<selenese>
	<command>waitForElementClickable</command>
	<target><![CDATA[scLocator=//Portlet[ID="liquidity_items_tab_2"]/item[0][Class="ListGrid"]/filterEditor/editRowForm/item[name=cash_amount||title=Cash%20amount||value=%3E100||index=3||Class=FloatItem]/element]]></target>
	<value><![CDATA[]]></value>
</selenese>
<selenese>
	<command>click</command>
	<target><![CDATA[scLocator=//Portlet[ID="liquidity_items_tab_2"]/item[0][Class="ListGrid"]/filterEditor/editRowForm/item[name=cash_amount||title=Cash%20amount||value=%3E100||index=3||Class=FloatItem]/element]]></target>
	<value><![CDATA[]]></value>
</selenese>
<selenese>
	<command>waitForElementClickable</command>
	<target><![CDATA[scLocator=//Portlet[ID="liquidity_items_tab_2"]/item[0][Class="ListGrid"]/filterEditor/editRowForm/item[name=cash_amount||title=Cash%20amount||value=%3E1000||index=3||Class=FloatItem]/element]]></target>
	<value><![CDATA[]]></value>
</selenese>
<selenese>
	<command>type</command>
	<target><![CDATA[scLocator=//Portlet[ID="liquidity_items_tab_2"]/item[0][Class="ListGrid"]/filterEditor/editRowForm/item[name=cash_amount||title=Cash%20amount||value=%3E1000||index=3||Class=FloatItem]/element]]></target>
	<value><![CDATA[>1000]]></value>
</selenese>
<selenese>
	<command>waitForElementClickable</command>
	<target><![CDATA[scLocator=//Portlet[ID="liquidity_items_tab_2"]/item[0][Class="ListGrid"]/filterEditor/actionButton/icon]]></target>
	<value><![CDATA[]]></value>
</selenese>
<selenese>
	<command>click</command>
	<target><![CDATA[scLocator=//Portlet[ID="liquidity_items_tab_2"]/item[0][Class="ListGrid"]/filterEditor/actionButton/icon]]></target>
	<value><![CDATA[]]></value>
</selenese>
<selenese>
	<command>waitForElementClickable</command>
	<target><![CDATA[scLocator=//Portlet[ID="liquidity_items_tab_2"]/item[0][Class="ListGrid"]/filterEditor/actionButton/icon]]></target>
	<value><![CDATA[]]></value>
</selenese>
<selenese>
	<command>click</command>
	<target><![CDATA[scLocator=//Portlet[ID="liquidity_items_tab_2"]/item[0][Class="ListGrid"]/filterEditor/actionButton/icon]]></target>
	<value><![CDATA[]]></value>
</selenese>
<selenese>
	<command>waitForElementClickable</command>
	<target><![CDATA[scLocator=//Portlet[ID="liquidity_items_tab_2"]/item[0][Class="ListGrid"]/filterEditor/editRowForm/item[name=cash_amount||title=Cash%20amount||value=%3E1000||index=3||Class=FloatItem]/element]]></target>
	<value><![CDATA[]]></value>
</selenese>
<selenese>
	<command>click</command>
	<target><![CDATA[scLocator=//Portlet[ID="liquidity_items_tab_2"]/item[0][Class="ListGrid"]/filterEditor/editRowForm/item[name=cash_amount||title=Cash%20amount||value=%3E1000||index=3||Class=FloatItem]/element]]></target>
	<value><![CDATA[]]></value>
</selenese>
<selenese>
	<command>waitForElementClickable</command>
	<target><![CDATA[scLocator=//Portlet[ID="liquidity_items_tab_2"]/item[0][Class="ListGrid"]/filterEditor/editRowForm/item[name=cash_amount||title=Cash%20amount||index=3||Class=FloatItem]/element]]></target>
	<value><![CDATA[]]></value>
</selenese>
<selenese>
	<command>type</command>
	<target><![CDATA[scLocator=//Portlet[ID="liquidity_items_tab_2"]/item[0][Class="ListGrid"]/filterEditor/editRowForm/item[name=cash_amount||title=Cash%20amount||index=3||Class=FloatItem]/element]]></target>
	<value><![CDATA[]]></value>
</selenese>
<selenese>
	<command>waitForElementClickable</command>
	<target><![CDATA[scLocator=//Portlet[ID="liquidity_items_tab_2"]/item[0][Class="ListGrid"]/filterEditor/actionButton/icon]]></target>
	<value><![CDATA[]]></value>
</selenese>
<selenese>
	<command>click</command>
	<target><![CDATA[scLocator=//Portlet[ID="liquidity_items_tab_2"]/item[0][Class="ListGrid"]/filterEditor/actionButton/icon]]></target>
	<value><![CDATA[]]></value>
</selenese>
<selenese>
	<command>waitForElementClickable</command>
	<target><![CDATA[scLocator=//Portlet[ID="liquidity_items_tab_2"]/item[0][Class="ListGrid"]/filterEditor/editRowForm/item[name=item_name||title=Item%20name||value=EOD||index=1||Class=TextItem]/element]]></target>
	<value><![CDATA[]]></value>
</selenese>
<selenese>
	<command>type</command>
	<target><![CDATA[scLocator=//Portlet[ID="liquidity_items_tab_2"]/item[0][Class="ListGrid"]/filterEditor/editRowForm/item[name=item_name||title=Item%20name||value=EOD||index=1||Class=TextItem]/element]]></target>
	<value><![CDATA[EOD]]></value>
</selenese>
<selenese>
	<command>waitForElementClickable</command>
	<target><![CDATA[scLocator=//Portlet[ID="liquidity_items_tab_2"]/item[0][Class="ListGrid"]/filterEditor/actionButton/icon]]></target>
	<value><![CDATA[]]></value>
</selenese>
<selenese>
	<command>click</command>
	<target><![CDATA[scLocator=//Portlet[ID="liquidity_items_tab_2"]/item[0][Class="ListGrid"]/filterEditor/actionButton/icon]]></target>
	<value><![CDATA[]]></value>
</selenese>
<selenese>
	<command>waitForElementClickable</command>
	<target><![CDATA[scLocator=//Portlet[ID="liquidity_items_tab_2"]/item[0][Class="ListGrid"]/filterEditor/editRowForm/item[name=dt_ref||title=Date%20ref.||value=[object Object]||index=2||Class=MiniDateRangeItem]/rangeDialog/okButton/]]></target>
	<value><![CDATA[]]></value>
</selenese>
<selenese>
	<command>click</command>
	<target><![CDATA[scLocator=//Portlet[ID="liquidity_items_tab_2"]/item[0][Class="ListGrid"]/filterEditor/editRowForm/item[name=dt_ref||title=Date%20ref.||value=[object Object]||index=2||Class=MiniDateRangeItem]/rangeDialog/okButton/]]></target>
	<value><![CDATA[]]></value>
</selenese>
<selenese>
	<command>waitForElementClickable</command>
	<target><![CDATA[scLocator=//Portlet[ID="liquidity_items_tab_2"]/item[0][Class="ListGrid"]/filterEditor/editRowForm/item[name=dt_ref||title=Date%20ref.||value=[object Object]||index=2||Class=MiniDateRangeItem]/rangeDialog/cancelButton/]]></target>
	<value><![CDATA[]]></value>
</selenese>
<selenese>
	<command>click</command>
	<target><![CDATA[scLocator=//Portlet[ID="liquidity_items_tab_2"]/item[0][Class="ListGrid"]/filterEditor/editRowForm/item[name=dt_ref||title=Date%20ref.||value=[object Object]||index=2||Class=MiniDateRangeItem]/rangeDialog/cancelButton/]]></target>
	<value><![CDATA[]]></value>
</selenese>
<selenese>
	<command>waitForElementClickable</command>
	<target><![CDATA[scLocator=//Portlet[ID="liquidity_items_tab_2"]/item[0][Class="ListGrid"]/filterEditor/editRowForm/item[name=item_name||title=Item%20name||index=1||Class=TextItem]/element]]></target>
	<value><![CDATA[]]></value>
</selenese>
<selenese>
	<command>click</command>
	<target><![CDATA[scLocator=//Portlet[ID="liquidity_items_tab_2"]/item[0][Class="ListGrid"]/filterEditor/editRowForm/item[name=item_name||title=Item%20name||index=1||Class=TextItem]/element]]></target>
	<value><![CDATA[]]></value>
</selenese>
<selenese>
	<command>waitForElementClickable</command>
	<target><![CDATA[scLocator=//Portlet[ID="liquidity_items_tab_2"]/item[0][Class="ListGrid"]/filterEditor/editRowForm/item[name=item_name||title=Item%20name||value=Auto||index=1||Class=TextItem]/element]]></target>
	<value><![CDATA[]]></value>
</selenese>
<selenese>
	<command>type</command>
	<target><![CDATA[scLocator=//Portlet[ID="liquidity_items_tab_2"]/item[0][Class="ListGrid"]/filterEditor/editRowForm/item[name=item_name||title=Item%20name||value=Auto||index=1||Class=TextItem]/element]]></target>
	<value><![CDATA[Auto]]></value>
</selenese>
<selenese>
	<command>waitForElementClickable</command>
	<target><![CDATA[scLocator=//Portlet[ID="liquidity_items_tab_2"]/item[0][Class="ListGrid"]/filterEditor/actionButton/icon]]></target>
	<value><![CDATA[]]></value>
</selenese>
<selenese>
	<command>click</command>
	<target><![CDATA[scLocator=//Portlet[ID="liquidity_items_tab_2"]/item[0][Class="ListGrid"]/filterEditor/actionButton/icon]]></target>
	<value><![CDATA[]]></value>
</selenese>
<selenese>
	<command>waitForElementClickable</command>
	<target><![CDATA[scLocator=//autoID[Class=Window||index=386||length=388||classIndex=0||classLength=1||roleIndex=2||roleLength=3||title=Select%20Fields%20to%20export...||scRole=dialog]/item[0][Class="HLayout"]/member[Class=VStack||index=2||length=5||classIndex=0||classLength=1]/member[Class=ImgButton||index=2||length=4||classIndex=2||classLength=4||roleIndex=2||roleLength=4||scRole=button||name=main]/]]></target>
	<value><![CDATA[]]></value>
</selenese>
<selenese>
	<command>click</command>
	<target><![CDATA[scLocator=//autoID[Class=Window||index=386||length=388||classIndex=0||classLength=1||roleIndex=2||roleLength=3||title=Select%20Fields%20to%20export...||scRole=dialog]/item[0][Class="HLayout"]/member[Class=VStack||index=2||length=5||classIndex=0||classLength=1]/member[Class=ImgButton||index=2||length=4||classIndex=2||classLength=4||roleIndex=2||roleLength=4||scRole=button||name=main]/]]></target>
	<value><![CDATA[]]></value>
</selenese>
<selenese>
	<command>waitForElementClickable</command>
	<target><![CDATA[scLocator=//autoID[Class=Window||index=386||length=388||classIndex=0||classLength=1||roleIndex=2||roleLength=3||title=Select%20Fields%20to%20export...||scRole=dialog]/item[3][Class="HLayout"]/member[Class=Button||index=0||length=2||classIndex=0||classLength=2||roleIndex=0||roleLength=2||title=Export||scRole=button]/]]></target>
	<value><![CDATA[]]></value>
</selenese>
<selenese>
	<command>click</command>
	<target><![CDATA[scLocator=//autoID[Class=Window||index=386||length=388||classIndex=0||classLength=1||roleIndex=2||roleLength=3||title=Select%20Fields%20to%20export...||scRole=dialog]/item[3][Class="HLayout"]/member[Class=Button||index=0||length=2||classIndex=0||classLength=2||roleIndex=0||roleLength=2||title=Export||scRole=button]/]]></target>
	<value><![CDATA[]]></value>
</selenese>
</TestCase>