<?xml version="1.0" encoding="UTF-8"?>
<TestCase seleniumIDEVersion="2.9.1" baseURL="http://10.0.10.173:9081/CCAM/">
<selenese>
	<command>echo</command>
	<target><![CDATA[]]></target>
	<value><![CDATA[RU02-NUC01-T02.rctest]]></value>
</selenese>
<selenese>
	<command>open</command>
	<target><![CDATA[/CCAM/]]></target>
	<value><![CDATA[Countries - CCAM - Filters]]></value>
</selenese>
<selenese>
	<command>click</command>
	<target><![CDATA[//div[@id='isc_H']/table/tbody/tr/td/table/tbody/tr/td[2]]]></target>
	<value><![CDATA[]]></value>
</selenese>
<selenese>
	<command>waitForElementClickable</command>
	<target><![CDATA[scLocator=//autoID[Class=VLayout||index=1||length=4||classIndex=0||classLength=1]/member[Class=HLayout||index=1||length=4||classIndex=1||classLength=4]/member[Class=MenuButton||index=0||length=1||classIndex=0||classLength=1||roleIndex=0||roleLength=1||title=Menu||scRole=button]/]]></target>
	<value><![CDATA[]]></value>
</selenese>
<selenese>
	<command>click</command>
	<target><![CDATA[scLocator=//autoID[Class=VLayout||index=1||length=4||classIndex=0||classLength=1]/member[Class=HLayout||index=1||length=4||classIndex=1||classLength=4]/member[Class=MenuButton||index=0||length=1||classIndex=0||classLength=1||roleIndex=0||roleLength=1||title=Menu||scRole=button]/]]></target>
	<value><![CDATA[]]></value>
</selenese>
<selenese>
	<command>waitForElementClickable</command>
	<target><![CDATA[scLocator=//Menu[level=1]/body/row[3]/col[fieldName=title||0]]]></target>
	<value><![CDATA[]]></value>
</selenese>
<selenese>
	<command>click</command>
	<target><![CDATA[scLocator=//Menu[level=1]/body/row[3]/col[fieldName=title||0]]]></target>
	<value><![CDATA[]]></value>
</selenese>
<selenese>
	<command>waitForElementClickable</command>
	<target><![CDATA[scLocator=//Portlet[ID="refdata_country_tab_2"]/maximizeButton/]]></target>
	<value><![CDATA[]]></value>
</selenese>
<selenese>
	<command>click</command>
	<target><![CDATA[scLocator=//Portlet[ID="refdata_country_tab_2"]/maximizeButton/]]></target>
	<value><![CDATA[]]></value>
</selenese>
<selenese>
	<command>waitForElementClickable</command>
	<target><![CDATA[scLocator=//Portlet[ID="refdata_country_tab_2"]/item[0][Class="ListGrid"]/filterEditor/editRowForm/item[name=country_zone||title=Country%20zone||index=3||Class=TextItem]/element]]></target>
	<value><![CDATA[]]></value>
</selenese>
<selenese>
	<command>click</command>
	<target><![CDATA[scLocator=//Portlet[ID="refdata_country_tab_2"]/item[0][Class="ListGrid"]/filterEditor/editRowForm/item[name=country_zone||title=Country%20zone||index=3||Class=TextItem]/element]]></target>
	<value><![CDATA[]]></value>
</selenese>
<selenese>
	<command>waitForElementReadyForKeyPresses</command>
	<target><![CDATA[scLocator=//Portlet[ID="refdata_country_tab_2"]/item[0][Class="ListGrid"]/filterEditor/editRowForm/item[name=country_zone||title=Country%20zone||value=Euroope||index=3||Class=TextItem]/element]]></target>
	<value><![CDATA[]]></value>
</selenese>
<selenese>
	<command>sendKeys</command>
	<target><![CDATA[scLocator=//Portlet[ID="refdata_country_tab_2"]/item[0][Class="ListGrid"]/filterEditor/editRowForm/item[name=country_zone||title=Country%20zone||value=Euroope||index=3||Class=TextItem]/element]]></target>
	<value><![CDATA[${KEY_ENTER}]]></value>
</selenese>
<selenese>
	<command>waitForElementReadyForKeyPresses</command>
	<target><![CDATA[scLocator=//Portlet[ID="refdata_country_tab_2"]/item[0][Class="ListGrid"]/filterEditor/editRowForm/item[name=country_zone||title=Country%20zone||value=Europe||index=3||Class=TextItem]/element]]></target>
	<value><![CDATA[]]></value>
</selenese>
<selenese>
	<command>sendKeys</command>
	<target><![CDATA[scLocator=//Portlet[ID="refdata_country_tab_2"]/item[0][Class="ListGrid"]/filterEditor/editRowForm/item[name=country_zone||title=Country%20zone||value=Europe||index=3||Class=TextItem]/element]]></target>
	<value><![CDATA[${KEY_ENTER}]]></value>
</selenese>
<selenese>
	<command>waitForElementClickable</command>
	<target><![CDATA[scLocator=//Portlet[ID="refdata_country_tab_2"]/item[0][Class="ListGrid"]/filterEditor/editRowForm/item[name=country_zone||title=Country%20zone||value=Europe||index=3||Class=TextItem]/element]]></target>
	<value><![CDATA[]]></value>
</selenese>
<selenese>
	<command>type</command>
	<target><![CDATA[scLocator=//Portlet[ID="refdata_country_tab_2"]/item[0][Class="ListGrid"]/filterEditor/editRowForm/item[name=country_zone||title=Country%20zone||value=Europe||index=3||Class=TextItem]/element]]></target>
	<value><![CDATA[Europe]]></value>
</selenese>
<selenese>
	<command>waitForElementClickable</command>
	<target><![CDATA[scLocator=//Portlet[ID="refdata_country_tab_2"]/item[0][Class="ListGrid"]/filterEditor/editRowForm/item[name=country_iso2||title=Country%20ISO2||index=1||Class=TextItem]/element]]></target>
	<value><![CDATA[]]></value>
</selenese>
<selenese>
	<command>click</command>
	<target><![CDATA[scLocator=//Portlet[ID="refdata_country_tab_2"]/item[0][Class="ListGrid"]/filterEditor/editRowForm/item[name=country_iso2||title=Country%20ISO2||index=1||Class=TextItem]/element]]></target>
	<value><![CDATA[]]></value>
</selenese>
<selenese>
	<command>waitForElementClickable</command>
	<target><![CDATA[scLocator=//Portlet[ID="refdata_country_tab_2"]/item[0][Class="ListGrid"]/filterEditor/editRowForm/item[name=country_iso2||title=Country%20ISO2||value=AX||index=1||Class=TextItem]/element]]></target>
	<value><![CDATA[]]></value>
</selenese>
<selenese>
	<command>type</command>
	<target><![CDATA[scLocator=//Portlet[ID="refdata_country_tab_2"]/item[0][Class="ListGrid"]/filterEditor/editRowForm/item[name=country_iso2||title=Country%20ISO2||value=AX||index=1||Class=TextItem]/element]]></target>
	<value><![CDATA[AX]]></value>
</selenese>
<selenese>
	<command>waitForElementClickable</command>
	<target><![CDATA[scLocator=//Portlet[ID="refdata_country_tab_2"]/item[0][Class="ListGrid"]/filterEditor/actionButton/icon]]></target>
	<value><![CDATA[]]></value>
</selenese>
<selenese>
	<command>click</command>
	<target><![CDATA[scLocator=//Portlet[ID="refdata_country_tab_2"]/item[0][Class="ListGrid"]/filterEditor/actionButton/icon]]></target>
	<value><![CDATA[]]></value>
</selenese>
<selenese>
	<command>waitForElementClickable</command>
	<target><![CDATA[scLocator=//Portlet[ID="refdata_country_tab_2"]/item[0][Class="ListGrid"]/filterEditor/editRowForm/item[name=country_zone||title=Country%20zone||value=Europe||index=3||Class=TextItem]/element]]></target>
	<value><![CDATA[]]></value>
</selenese>
<selenese>
	<command>click</command>
	<target><![CDATA[scLocator=//Portlet[ID="refdata_country_tab_2"]/item[0][Class="ListGrid"]/filterEditor/editRowForm/item[name=country_zone||title=Country%20zone||value=Europe||index=3||Class=TextItem]/element]]></target>
	<value><![CDATA[]]></value>
</selenese>
<selenese>
	<command>waitForElementClickable</command>
	<target><![CDATA[scLocator=//Portlet[ID="refdata_country_tab_2"]/item[0][Class="ListGrid"]/filterEditor/editRowForm/item[name=country_zone||title=Country%20zone||index=3||Class=TextItem]/element]]></target>
	<value><![CDATA[]]></value>
</selenese>
<selenese>
	<command>type</command>
	<target><![CDATA[scLocator=//Portlet[ID="refdata_country_tab_2"]/item[0][Class="ListGrid"]/filterEditor/editRowForm/item[name=country_zone||title=Country%20zone||index=3||Class=TextItem]/element]]></target>
	<value><![CDATA[]]></value>
</selenese>
<selenese>
	<command>waitForElementClickable</command>
	<target><![CDATA[scLocator=//Portlet[ID="refdata_country_tab_2"]/item[0][Class="ListGrid"]/filterEditor/actionButton/icon]]></target>
	<value><![CDATA[]]></value>
</selenese>
<selenese>
	<command>click</command>
	<target><![CDATA[scLocator=//Portlet[ID="refdata_country_tab_2"]/item[0][Class="ListGrid"]/filterEditor/actionButton/icon]]></target>
	<value><![CDATA[]]></value>
</selenese>
<selenese>
	<command>waitForElementClickable</command>
	<target><![CDATA[scLocator=//Portlet[ID="refdata_country_tab_2"]/item[0][Class="ListGrid"]/filterEditor/editRowForm/item[name=country_iso2||title=Country%20ISO2||value=AX||index=1||Class=TextItem]/element]]></target>
	<value><![CDATA[]]></value>
</selenese>
<selenese>
	<command>click</command>
	<target><![CDATA[scLocator=//Portlet[ID="refdata_country_tab_2"]/item[0][Class="ListGrid"]/filterEditor/editRowForm/item[name=country_iso2||title=Country%20ISO2||value=AX||index=1||Class=TextItem]/element]]></target>
	<value><![CDATA[]]></value>
</selenese>
<selenese>
	<command>waitForElementClickable</command>
	<target><![CDATA[scLocator=//Portlet[ID="refdata_country_tab_2"]/item[0][Class="ListGrid"]/filterEditor/editRowForm/item[name=country_iso2||title=Country%20ISO2||index=1||Class=TextItem]/element]]></target>
	<value><![CDATA[]]></value>
</selenese>
<selenese>
	<command>type</command>
	<target><![CDATA[scLocator=//Portlet[ID="refdata_country_tab_2"]/item[0][Class="ListGrid"]/filterEditor/editRowForm/item[name=country_iso2||title=Country%20ISO2||index=1||Class=TextItem]/element]]></target>
	<value><![CDATA[]]></value>
</selenese>
<selenese>
	<command>waitForElementClickable</command>
	<target><![CDATA[scLocator=//Portlet[ID="refdata_country_tab_2"]/item[0][Class="ListGrid"]/filterEditor/editRowForm/item[name=country_zone||title=Country%20zone||index=3||Class=TextItem]/element]]></target>
	<value><![CDATA[]]></value>
</selenese>
<selenese>
	<command>click</command>
	<target><![CDATA[scLocator=//Portlet[ID="refdata_country_tab_2"]/item[0][Class="ListGrid"]/filterEditor/editRowForm/item[name=country_zone||title=Country%20zone||index=3||Class=TextItem]/element]]></target>
	<value><![CDATA[]]></value>
</selenese>
<selenese>
	<command>waitForElementReadyForKeyPresses</command>
	<target><![CDATA[scLocator=//Portlet[ID="refdata_country_tab_2"]/item[0][Class="ListGrid"]/filterEditor/editRowForm/item[name=country_zone||title=Country%20zone||value=Africa||index=3||Class=TextItem]/element]]></target>
	<value><![CDATA[]]></value>
</selenese>
<selenese>
	<command>sendKeys</command>
	<target><![CDATA[scLocator=//Portlet[ID="refdata_country_tab_2"]/item[0][Class="ListGrid"]/filterEditor/editRowForm/item[name=country_zone||title=Country%20zone||value=Africa||index=3||Class=TextItem]/element]]></target>
	<value><![CDATA[${KEY_ENTER}]]></value>
</selenese>
<selenese>
	<command>waitForElementClickable</command>
	<target><![CDATA[scLocator=//Portlet[ID="refdata_country_tab_2"]/item[0][Class="ListGrid"]/filterEditor/editRowForm/item[name=country_iso2||title=Country%20ISO2||index=1||Class=TextItem]/element]]></target>
	<value><![CDATA[]]></value>
</selenese>
<selenese>
	<command>click</command>
	<target><![CDATA[scLocator=//Portlet[ID="refdata_country_tab_2"]/item[0][Class="ListGrid"]/filterEditor/editRowForm/item[name=country_iso2||title=Country%20ISO2||index=1||Class=TextItem]/element]]></target>
	<value><![CDATA[]]></value>
</selenese>
<selenese>
	<command>waitForElementClickable</command>
	<target><![CDATA[scLocator=//Portlet[ID="refdata_country_tab_2"]/item[0][Class="ListGrid"]/filterEditor/editRowForm/item[name=country_iso2||title=Country%20ISO2||value=AX||index=1||Class=TextItem]/element]]></target>
	<value><![CDATA[]]></value>
</selenese>
<selenese>
	<command>type</command>
	<target><![CDATA[scLocator=//Portlet[ID="refdata_country_tab_2"]/item[0][Class="ListGrid"]/filterEditor/editRowForm/item[name=country_iso2||title=Country%20ISO2||value=AX||index=1||Class=TextItem]/element]]></target>
	<value><![CDATA[AX]]></value>
</selenese>
<selenese>
	<command>waitForElementClickable</command>
	<target><![CDATA[scLocator=//Portlet[ID="refdata_country_tab_2"]/item[0][Class="ListGrid"]/filterEditor/actionButton/icon]]></target>
	<value><![CDATA[]]></value>
</selenese>
<selenese>
	<command>click</command>
	<target><![CDATA[scLocator=//Portlet[ID="refdata_country_tab_2"]/item[0][Class="ListGrid"]/filterEditor/actionButton/icon]]></target>
	<value><![CDATA[]]></value>
</selenese>
<selenese>
	<command>waitForElementClickable</command>
	<target><![CDATA[scLocator=//Portlet[ID="refdata_country_tab_2"]/item[0][Class="ListGrid"]/filterEditor/editRowForm/item[name=country_iso2||title=Country%20ISO2||value=AX||index=1||Class=TextItem]/element]]></target>
	<value><![CDATA[]]></value>
</selenese>
<selenese>
	<command>click</command>
	<target><![CDATA[scLocator=//Portlet[ID="refdata_country_tab_2"]/item[0][Class="ListGrid"]/filterEditor/editRowForm/item[name=country_iso2||title=Country%20ISO2||value=AX||index=1||Class=TextItem]/element]]></target>
	<value><![CDATA[]]></value>
</selenese>
<selenese>
	<command>waitForElementReadyForKeyPresses</command>
	<target><![CDATA[scLocator=//Portlet[ID="refdata_country_tab_2"]/item[0][Class="ListGrid"]/filterEditor/editRowForm/item[name=country_iso2||title=Country%20ISO2||index=1||Class=TextItem]/element]]></target>
	<value><![CDATA[]]></value>
</selenese>
<selenese>
	<command>sendKeys</command>
	<target><![CDATA[scLocator=//Portlet[ID="refdata_country_tab_2"]/item[0][Class="ListGrid"]/filterEditor/editRowForm/item[name=country_iso2||title=Country%20ISO2||index=1||Class=TextItem]/element]]></target>
	<value><![CDATA[${KEY_ENTER}]]></value>
</selenese>
<selenese>
	<command>waitForElementClickable</command>
	<target><![CDATA[scLocator=//Portlet[ID="refdata_country_tab_2"]/item[0][Class="ListGrid"]/filterEditor/editRowForm/item[name=country_iso2||title=Country%20ISO2||index=1||Class=TextItem]/element]]></target>
	<value><![CDATA[]]></value>
</selenese>
<selenese>
	<command>type</command>
	<target><![CDATA[scLocator=//Portlet[ID="refdata_country_tab_2"]/item[0][Class="ListGrid"]/filterEditor/editRowForm/item[name=country_iso2||title=Country%20ISO2||index=1||Class=TextItem]/element]]></target>
	<value><![CDATA[]]></value>
</selenese>
</TestCase>