FIRST_NAME,UN_LIST_TYPE 
ABU SAYYAF GROUP,Al-Qaida
AFGHAN SUPPORT COMMITTEE (ASC),Al-Qaida
AL-AKHTAR TRUST INTERNATIONAL,Al-Qaida
AL FURQAN,Al-Qaida
AL-HARAMAIN: AFGHANISTAN BRANCH,Al-Qaida
AL-HARAMAIN: ALBANIA BRANCH,Al-Qaida
AL-HARAMAIN & AL MASJED AL-AQSA CHARITY FOUNDATION,Al-Qaida
AL-HARAMAIN: BANGLADESH BRANCH,Al-Qaida
AL-HARAMAIN: ETHIOPIA BRANCH,Al-Qaida
AL-HARAMAIN FOUNDATION (INDONESIA),Al-Qaida
AL-HARAMAIN FOUNDATION (PAKISTAN),Al-Qaida
AL-HARAMAIN FOUNDATION (UNION OF THE COMOROS),Al-Qaida
AL-HARAMAIN FOUNDATION (UNITED STATES OF AMERICA),Al-Qaida
AL-HARAMAIN ISLAMIC FOUNDATION,Al-Qaida
AL-HARAMAIN ISLAMIC FOUNDATION (SOMALIA),Al-Qaida
AL-HARAMAIN: THE NETHERLANDS BRANCH,Al-Qaida
AL-HARAMAYN FOUNDATION (KENYA),Al-Qaida
AL-HARAMAYN FOUNDATION (TANZANIA),Al-Qaida
AL-ITIHAAD AL-ISLAMIYA / AIAI,Al-Qaida
AL-QAIDA,Al-Qaida
AL-QAIDA IN IRAQ,Al-Qaida
AL-QAIDA IN THE ARABIAN PENINSULA (AQAP),Al-Qaida
AL RASHID TRUST,Al-Qaida
ANSAR AL-ISLAM,Al-Qaida
ANSAR EDDINE,Al-Qaida
ARMED ISLAMIC GROUP,Al-Qaida
ASBAT AL-ANSAR,Al-Qaida
BENEVOLENCE INTERNATIONAL FOUNDATION,Al-Qaida
DJAMAT HOUMAT DAAWA SALAFIA (DHDS),Al-Qaida
EASTERN TURKISTAN ISLAMIC MOVEMENT (ETIM),Al-Qaida
EGYPTIAN ISLAMIC JIHAD,Al-Qaida
EMARAT KAVKAZ,Al-Qaida
GLOBAL RELIEF FOUNDATION (GRF),Al-Qaida
HARAKAT-UL JIHAD ISLAMI,Al-Qaida
HARAKAT UL-MUJAHIDIN / HUM,Al-Qaida
ISLAMIC ARMY OF ADEN,Al-Qaida
ISLAMIC INTERNATIONAL BRIGADE (IIB),Al-Qaida
ISLAMIC JIHAD GROUP,Al-Qaida
ISLAMIC MOVEMENT OF UZBEKISTAN,Al-Qaida
JAISH-I-MOHAMMED,Al-Qaida
JAM'YAH TA'AWUN AL-ISLAMIA,Al-Qaida
JEMAAH ISLAMIYAH,Al-Qaida
JEMMAH ANSHORUT TAUHID (JAT),Al-Qaida
LASHKAR-E-TAYYIBA,Al-Qaida
LASHKAR I JHANGVI (LJ),Al-Qaida
LIBYAN ISLAMIC FIGHTING GROUP,Al-Qaida
MAKHTAB AL-KHIDAMAT,Al-Qaida
MOROCCAN ISLAMIC COMBATANT GROUP,Al-Qaida
MUHAMMAD JAMAL NETWORK (MJN),Al-Qaida
Mouvement pour l’Unification et le Jihad en Afrique de l’Ouest (MUJAO),Al-Qaida
RABITA TRUST,Al-Qaida
RAJAH SOLAIMAN MOVEMENT,Al-Qaida
REVIVAL OF ISLAMIC HERITAGE SOCIETY,Al-Qaida
RIYADUS-SALIKHIN RECONNAISSANCE AND SABOTAGE BATTALION OF CHECHEN MARTYRS (RSRSBCM),Al-Qaida
SPECIAL PURPOSE ISLAMIC REGIMENT (SPIR),Al-Qaida
TAIBAH INTERNATIONAL-BOSNIA OFFICES,Al-Qaida
TEHRIK-E TALIBAN PAKISTAN (TTP),Al-Qaida
THE ORGANIZATION OF AL-QAIDA IN THE ISLAMIC MAGHREB,Al-Qaida
TUNISIAN COMBATANT GROUP,Al-Qaida
UMMAH TAMEER E-NAU (UTN),Al-Qaida
WAFA HUMANITARIAN ORGANIZATION,Al-Qaida
