<?xml version="1.0"?>
<Sites>
<Site id="101" name="NY-01" location="New York">
    <Hosts>
        <Host id="1001">
           <Host_Name>srv001001</Host_Name>
           <IP_address>10.1.2.3</IP_address>
           <OS>Windows</OS>
           <Load_avg_1min>1.3</Load_avg_1min>
           <Load_avg_5min>2.5</Load_avg_5min>
           <Load_avg_15min>1.2</Load_avg_15min>
        </Host>
        <Host id="1002">
           <Host_Name>srv001002</Host_Name>
           <IP_address>10.1.2.4</IP_address>
           <OS>Linux</OS>
           <Load_avg_1min>1.4</Load_avg_1min>
           <Load_avg_5min>2.5</Load_avg_5min>
           <Load_avg_15min>1.2</Load_avg_15min>
        </Host>
        <Host id="1003">
           <Host_Name>srv001003</Host_Name>
           <IP_address>10.1.2.5</IP_address>
           <OS>Linux</OS>
           <Load_avg_1min>3.3</Load_avg_1min>
           <Load_avg_5min>1.6</Load_avg_5min>
           <Load_avg_15min>1.8</Load_avg_15min>
        </Host>
        <Host id="1004">
           <Host_Name>srv001004</Host_Name>
           <IP_address>10.1.2.6</IP_address>
           <OS>Linux</OS>
           <Load_avg_1min>2.3</Load_avg_1min>
           <Load_avg_5min>4.5</Load_avg_5min>
           <Load_avg_15min>4.2</Load_avg_15min>
        </Host>     
    </Hosts>
</Site>
</Sites>