<?xml version="1.0" encoding="UTF-8"?>
<DELTA Date="05/05/2014">
<ENTITY Id="1014" Type="P" legal_basis="450/2014 (OJ L 132)" reg_date="2014-05-04" pdf_link="http://eur-lex.europa.eu/legal-content/EN/TXT/PDF/?uri=OJ:L:2014:132:FULL&amp;from=EN" programme="TAQA" remark="">
<NAME Id="2181" Entity_id="1014" legal_basis="450/2014 (OJ L 132)" status="Deleted" reg_date="2014-05-04" pdf_link="http://eur-lex.europa.eu/legal-content/EN/TXT/PDF/?uri=OJ:L:2014:132:FULL&amp;from=EN" programme="TAQA">
<LASTNAME>Abdaoui</LASTNAME>
<FIRSTNAME>Youssef</FIRSTNAME>
<MIDDLENAME>Ben Abdul Baki Ben Youcef</MIDDLENAME>
<WHOLENAME></WHOLENAME>
<TITLE></TITLE>
<FUNCTION></FUNCTION>
<LANGUAGE></LANGUAGE>
</NAME>
<NAME Id="2182" Entity_id="1014" legal_basis="450/2014 (OJ L 132)" status="Deleted" reg_date="2014-05-04" pdf_link="http://eur-lex.europa.eu/legal-content/EN/TXT/PDF/?uri=OJ:L:2014:132:FULL&amp;from=EN" programme="TAQA">
<LASTNAME></LASTNAME>
<FIRSTNAME></FIRSTNAME>
<MIDDLENAME></MIDDLENAME>
<WHOLENAME>Abu Abdullah</WHOLENAME>
<TITLE></TITLE>
<FUNCTION></FUNCTION>
<LANGUAGE></LANGUAGE>
</NAME>
<NAME Id="2183" Entity_id="1014" legal_basis="450/2014 (OJ L 132)" status="Deleted" reg_date="2014-05-04" pdf_link="http://eur-lex.europa.eu/legal-content/EN/TXT/PDF/?uri=OJ:L:2014:132:FULL&amp;from=EN" programme="TAQA">
<LASTNAME></LASTNAME>
<FIRSTNAME></FIRSTNAME>
<MIDDLENAME></MIDDLENAME>
<WHOLENAME>Abdellah</WHOLENAME>
<TITLE></TITLE>
<FUNCTION></FUNCTION>
<LANGUAGE></LANGUAGE>
</NAME>
<NAME Id="2184" Entity_id="1014" legal_basis="450/2014 (OJ L 132)" status="Deleted" reg_date="2014-05-04" pdf_link="http://eur-lex.europa.eu/legal-content/EN/TXT/PDF/?uri=OJ:L:2014:132:FULL&amp;from=EN" programme="TAQA">
<LASTNAME></LASTNAME>
<FIRSTNAME></FIRSTNAME>
<MIDDLENAME></MIDDLENAME>
<WHOLENAME>Abdullah</WHOLENAME>
<TITLE></TITLE>
<FUNCTION></FUNCTION>
<LANGUAGE></LANGUAGE>
</NAME>
<NAME Id="8337" Entity_id="1014" legal_basis="450/2014 (OJ L 132)" status="Deleted" reg_date="2014-05-04" pdf_link="http://eur-lex.europa.eu/legal-content/EN/TXT/PDF/?uri=OJ:L:2014:132:FULL&amp;from=EN" programme="TAQA">
<LASTNAME></LASTNAME>
<FIRSTNAME></FIRSTNAME>
<MIDDLENAME></MIDDLENAME>
<WHOLENAME>Abou Abdullah</WHOLENAME>
<TITLE></TITLE>
<FUNCTION></FUNCTION>
<LANGUAGE></LANGUAGE>
</NAME>
<NAME Id="8338" Entity_id="1014" legal_basis="450/2014 (OJ L 132)" status="Deleted" reg_date="2014-05-04" pdf_link="http://eur-lex.europa.eu/legal-content/EN/TXT/PDF/?uri=OJ:L:2014:132:FULL&amp;from=EN" programme="TAQA">
<LASTNAME></LASTNAME>
<FIRSTNAME></FIRSTNAME>
<MIDDLENAME></MIDDLENAME>
<WHOLENAME>Abdullah Youssef</WHOLENAME>
<TITLE></TITLE>
<FUNCTION></FUNCTION>
<LANGUAGE></LANGUAGE>
</NAME>
<ADDRESS Id="1580" Entity_id="1014" status="Deleted" legal_basis="450/2014 (OJ L 132)" reg_date="2014-05-04" pdf_link="http://eur-lex.europa.eu/legal-content/EN/TXT/PDF/?uri=OJ:L:2014:132:FULL&amp;from=EN" programme="TAQA">
<NUMBER>8/B</NUMBER>
<STREET>Via Torino</STREET>
<ZIPCODE></ZIPCODE>
<CITY>Cassano Magnago (VA)</CITY>
<COUNTRY>ITA</COUNTRY>
<OTHER>Italian Fiscal Code: BDA YSF 66P04 Z352Q</OTHER>
</ADDRESS>
<BIRTH Id="571" Entity_id="1014" status="Deleted" legal_basis="450/2014 (OJ L 132)" reg_date="2014-05-04" pdf_link="http://eur-lex.europa.eu/legal-content/EN/TXT/PDF/?uri=OJ:L:2014:132:FULL&amp;from=EN" programme="TAQA">
<DATE>1966-09-04</DATE>
<PLACE>Kairouan</PLACE>
<COUNTRY>TUN</COUNTRY>
</BIRTH>
<PASSPORT Id="150" Entity_id="1014" status="Deleted" legal_basis="450/2014 (OJ L 132)" reg_date="2014-05-04" pdf_link="http://eur-lex.europa.eu/legal-content/EN/TXT/PDF/?uri=OJ:L:2014:132:FULL&amp;from=EN" programme="TAQA">
<NUMBER>G025057 (passport issued on 1999-06-23, expired on 2004-02-05)</NUMBER>
<COUNTRY>TUN</COUNTRY>
</PASSPORT>
<PASSPORT Id="593" Entity_id="1014" status="Deleted" legal_basis="450/2014 (OJ L 132)" reg_date="2014-05-04" pdf_link="http://eur-lex.europa.eu/legal-content/EN/TXT/PDF/?uri=OJ:L:2014:132:FULL&amp;from=EN" programme="TAQA">
<NUMBER>AO 2879097 (Italian Identity Card valid until 30.10.2012)</NUMBER>
<COUNTRY>ITA</COUNTRY>
</PASSPORT>
<CITIZEN Id="288" Entity_id="1014" status="Deleted" legal_basis="450/2014 (OJ L 132)" reg_date="2014-05-04" pdf_link="http://eur-lex.europa.eu/legal-content/EN/TXT/PDF/?uri=OJ:L:2014:132:FULL&amp;from=EN" programme="TAQA">
<COUNTRY>TUN</COUNTRY>
</CITIZEN>
</ENTITY>
</DELTA>
