<?xml version="1.0" standalone="yes"?>
<sdnList xmlns:xsi="http://www.w3.org/2001/XMLSchema-instance" xmlns="http://tempuri.org/sdnList.xsd">
  <publshInformation>
    <Publish_Date>02/06/2014</Publish_Date>
    <Record_Count>13</Record_Count>
  </publshInformation>
  <sdnEntry>
    <uid>15987</uid>
    <lastName>FERLAND COMPANY LIMITED</lastName>
    <sdnType>Entity</sdnType>
    <remarks>(Linked To: NATIONAL IRANIAN TANKER COMPANY)</remarks>
    <programList>
      <program>FSE-IR</program>
      <program>ISA</program>
      <program>EO13645</program>
    </programList>
    <idList>
      <id>
        <uid>114827</uid>
        <idType>Executive Order 13645 Determination -</idType>
        <idNumber>Material Support</idNumber>
      </id>
    </idList>
    <akaList>
      <aka>
        <uid>23962</uid>
        <type>a.k.a.</type>
        <category>strong</category>
        <lastName>FERLAND CO. LTD</lastName>
      </aka>
    </akaList>
    <addressList>
      <address>
        <uid>24030</uid>
        <address1>29 A Anna Komnini St.</address1>
        <address2>PO Box 2303</address2>
        <city>Nicosia</city>
        <country>Cyprus</country>
      </address>
      <address>
        <uid>24049</uid>
        <address1>5/7 Sabaneyev Most.</address1>
        <city>Odessa</city>
        <country>Ukraine</country>
      </address>
    </addressList>
  </sdnEntry>
  <sdnEntry>
    <uid>16422</uid>
    <firstName>Vitaly</firstName>
    <lastName>SOKOLENKO</lastName>
    <title>General Manager of Ferland Company Limited</title>
    <sdnType>Individual</sdnType>
    <remarks>(Linked To: FERLAND COMPANY LIMITED)</remarks>
    <programList>
      <program>EO13645</program>
      <program>FSE-IR</program>
    </programList>
    <idList>
      <id>
        <uid>9026</uid>
        <idType>Passport</idType>
        <idNumber>EH354160</idNumber>
      </id>
      <id>
        <uid>9027</uid>
        <idType>Passport</idType>
        <idNumber>P0329907</idNumber>
      </id>
      <id>
        <uid>114826</uid>
        <idType>Executive Order 13645 Determination -</idType>
        <idNumber>Material Support</idNumber>
      </id>
    </idList>
    <akaList>
      <aka>
        <uid>24750</uid>
        <type>a.k.a.</type>
        <category>strong</category>
        <lastName>SOKOLENKO</lastName>
        <firstName>Vitalii</firstName>
      </aka>
      <aka>
        <uid>24751</uid>
        <type>a.k.a.</type>
        <category>strong</category>
        <lastName>SOKOLENKO</lastName>
        <firstName>Vitaliy</firstName>
      </aka>
    </akaList>
    <dateOfBirthList>
      <dateOfBirthItem>
        <uid>14774</uid>
        <dateOfBirth>16 Jun 1968</dateOfBirth>
        <mainEntry>true</mainEntry>
      </dateOfBirthItem>
    </dateOfBirthList>
  </sdnEntry>
  <sdnEntry>
    <uid>16530</uid>
    <firstName>Pourya</firstName>
    <lastName>NAYEBI</lastName>
    <sdnType>Individual</sdnType>
    <programList>
      <program>FSE-IR</program>
    </programList>
    <idList>
      <id>
        <uid>9126</uid>
        <idType>Passport</idType>
        <idNumber>V11664675</idNumber>
        <idCountry>Iran</idCountry>
        <expirationDate>07 Aug 2012</expirationDate>
      </id>
    </idList>
    <akaList>
      <aka>
        <uid>25073</uid>
        <type>a.k.a.</type>
        <category>strong</category>
        <lastName>NAYEBI</lastName>
        <firstName>Pourya Ali Asghar</firstName>
      </aka>
    </akaList>
    <dateOfBirthList>
      <dateOfBirthItem>
        <uid>15026</uid>
        <dateOfBirth>25 Jul 1974</dateOfBirth>
        <mainEntry>true</mainEntry>
      </dateOfBirthItem>
    </dateOfBirthList>
    <placeOfBirthList>
      <placeOfBirthItem>
        <uid>15027</uid>
        <placeOfBirth>Tehran, Iran</placeOfBirth>
        <mainEntry>true</mainEntry>
      </placeOfBirthItem>
    </placeOfBirthList>
  </sdnEntry>
  <sdnEntry>
    <uid>16531</uid>
    <firstName>Houshang</firstName>
    <lastName>HOSSEINPOUR</lastName>
    <sdnType>Individual</sdnType>
    <programList>
      <program>FSE-IR</program>
    </programList>
    <idList>
      <id>
        <uid>9133</uid>
        <idType>Passport</idType>
        <idNumber>R17550559</idNumber>
        <idCountry>Iran</idCountry>
        <expirationDate>11 Jul 2015</expirationDate>
      </id>
    </idList>
    <akaList>
      <aka>
        <uid>25075</uid>
        <type>a.k.a.</type>
        <category>strong</category>
        <lastName>HOSSEINPOUR</lastName>
        <firstName>Houshang Shahali</firstName>
      </aka>
      <aka>
        <uid>25077</uid>
        <type>a.k.a.</type>
        <category>strong</category>
        <lastName>HOSEIN-PUR</lastName>
        <firstName>Houshang</firstName>
      </aka>
    </akaList>
    <dateOfBirthList>
      <dateOfBirthItem>
        <uid>15021</uid>
        <dateOfBirth>21 Mar 1967</dateOfBirth>
        <mainEntry>true</mainEntry>
      </dateOfBirthItem>
    </dateOfBirthList>
    <placeOfBirthList>
      <placeOfBirthItem>
        <uid>15022</uid>
        <placeOfBirth>Tehran, Iran</placeOfBirth>
        <mainEntry>true</mainEntry>
      </placeOfBirthItem>
    </placeOfBirthList>
  </sdnEntry>
  <sdnEntry>
    <uid>16543</uid>
    <firstName>Houshang</firstName>
    <lastName>FARSOUDEH</lastName>
    <sdnType>Individual</sdnType>
    <programList>
      <program>FSE-IR</program>
    </programList>
    <idList>
      <id>
        <uid>9134</uid>
        <idType>Passport</idType>
        <idNumber>H2726141</idNumber>
        <idCountry>Iran</idCountry>
      </id>
    </idList>
    <akaList>
      <aka>
        <uid>25120</uid>
        <type>a.k.a.</type>
        <category>strong</category>
        <lastName>FARSOUDEH</lastName>
        <firstName>Hushang</firstName>
      </aka>
      <aka>
        <uid>25121</uid>
        <type>a.k.a.</type>
        <category>strong</category>
        <lastName>FARSOUDEH</lastName>
        <firstName>Houshang Hossein</firstName>
      </aka>
    </akaList>
    <dateOfBirthList>
      <dateOfBirthItem>
        <uid>15023</uid>
        <dateOfBirth>10 Oct 1968</dateOfBirth>
        <mainEntry>true</mainEntry>
      </dateOfBirthItem>
    </dateOfBirthList>
    <placeOfBirthList>
      <placeOfBirthItem>
        <uid>15024</uid>
        <placeOfBirth>Tehran, Iran</placeOfBirth>
        <mainEntry>true</mainEntry>
      </placeOfBirthItem>
    </placeOfBirthList>
  </sdnEntry>
  <sdnEntry>
    <uid>16544</uid>
    <lastName>CAUCASUS ENERGY</lastName>
    <sdnType>Entity</sdnType>
    <programList>
      <program>FSE-IR</program>
    </programList>
    <idList>
      <id>
        <uid>9135</uid>
        <idType>Registration ID</idType>
        <idNumber>406075081</idNumber>
      </id>
    </idList>
    <akaList>
      <aka>
        <uid>25123</uid>
        <type>a.k.a.</type>
        <category>strong</category>
        <lastName>LLC CAUCASUS ENERGY</lastName>
      </aka>
      <aka>
        <uid>25124</uid>
        <type>a.k.a.</type>
        <category>strong</category>
        <lastName>CAUCASUS ENERGY OF GEORGIA</lastName>
      </aka>
    </akaList>
    <addressList>
      <address>
        <uid>25001</uid>
        <country>Georgia</country>
      </address>
    </addressList>
  </sdnEntry>
  <sdnEntry>
    <uid>16545</uid>
    <lastName>ORCHIDEA GULF TRADING</lastName>
    <sdnType>Entity</sdnType>
    <programList>
      <program>FSE-IR</program>
    </programList>
    <akaList>
      <aka>
        <uid>25127</uid>
        <type>a.k.a.</type>
        <category>weak</category>
        <lastName>ORCHIDEA GENERAL TRADING LLC</lastName>
      </aka>
      <aka>
        <uid>25128</uid>
        <type>a.k.a.</type>
        <category>strong</category>
        <lastName>ORCHIDEA GULF EXCHANGE TRADING CO L</lastName>
      </aka>
      <aka>
        <uid>25129</uid>
        <type>a.k.a.</type>
        <category>weak</category>
        <lastName>ORCHIDEA GULF COAST TRADING CO L</lastName>
      </aka>
      <aka>
        <uid>25130</uid>
        <type>a.k.a.</type>
        <category>strong</category>
        <lastName>ORCHIDEA GULF TRADING ALTIN VE KIYMELTI MADENLER DIS TIC LTD STI</lastName>
      </aka>
    </akaList>
    <addressList>
      <address>
        <uid>25003</uid>
        <address1>P.O. Box 11254</address1>
        <stateOrProvince>Dubai</stateOrProvince>
        <country>United Arab Emirates</country>
      </address>
      <address>
        <uid>25004</uid>
        <address1>P.O. Box 11254</address1>
        <address2>6305 Zinath Omar Kin Khatab,</address2>
        <stateOrProvince>Dubai</stateOrProvince>
        <country>United Arab Emirates</country>
      </address>
      <address>
        <uid>25005</uid>
        <address1>P.O. Box 11256 Zinath Omar Kin Khatab</address1>
        <stateOrProvince>Dubai</stateOrProvince>
        <country>United Arab Emirates</country>
      </address>
      <address>
        <uid>25006</uid>
        <address1>P.O. Box 6305 Zinath Omar Kin Khatab</address1>
        <stateOrProvince>Dubai</stateOrProvince>
        <country>United Arab Emirates</country>
      </address>
      <address>
        <uid>25007</uid>
        <address1>P.O. Box 85334</address1>
        <stateOrProvince>Dubai</stateOrProvince>
        <country>United Arab Emirates</country>
      </address>
      <address>
        <uid>25008</uid>
        <address1>P.O. Box 85334, Office Number 605</address1>
        <address2>Concord Hotel</address2>
        <address3>Al Matoum Street</address3>
        <stateOrProvince>Dubai</stateOrProvince>
        <country>United Arab Emirates</country>
      </address>
      <address>
        <uid>25009</uid>
        <address1>Molla Gurani Mahallesi Sehit Pilot Nedim Sok. Evirgenler Ish</address1>
        <address2>5/5</address2>
        <city>Istanbul</city>
        <country>Turkey</country>
      </address>
    </addressList>
  </sdnEntry>
  <sdnEntry>
    <uid>16546</uid>
    <lastName>GEORGIAN BUSINESS DEVELOPMENT</lastName>
    <sdnType>Entity</sdnType>
    <programList>
      <program>FSE-IR</program>
    </programList>
    <akaList>
      <aka>
        <uid>25132</uid>
        <type>a.k.a.</type>
        <category>strong</category>
        <lastName>GBD FIZ</lastName>
      </aka>
      <aka>
        <uid>25133</uid>
        <type>a.k.a.</type>
        <category>strong</category>
        <lastName>GBD FIZ, LLC</lastName>
      </aka>
      <aka>
        <uid>25134</uid>
        <type>a.k.a.</type>
        <category>strong</category>
        <lastName>GBD FIZ LIMITED</lastName>
      </aka>
    </akaList>
    <addressList>
      <address>
        <uid>25011</uid>
        <city>Tbilisi</city>
        <country>Georgia</country>
      </address>
      <address>
        <uid>25012</uid>
        <address1>Plot 545</address1>
        <address2>Unit 1B-8D</address2>
        <address3>Free Industrial Zone</address3>
        <city>Poti</city>
        <country>Georgia</country>
      </address>
      <address>
        <uid>25013</uid>
        <city>Deira</city>
        <stateOrProvince>Dubai</stateOrProvince>
        <country>United Arab Emirates</country>
      </address>
    </addressList>
  </sdnEntry>
  <sdnEntry>
    <uid>16547</uid>
    <lastName>GREAT BUSINESS DEALS</lastName>
    <sdnType>Entity</sdnType>
    <programList>
      <program>FSE-IR</program>
    </programList>
    <addressList>
      <address>
        <uid>25015</uid>
        <city>Tbilisi</city>
        <country>Georgia</country>
      </address>
      <address>
        <uid>25016</uid>
        <address1>Plot 545</address1>
        <address2>Unit 1B-8D</address2>
        <address3>Free Industrial Zone</address3>
        <city>Poti</city>
        <country>Georgia</country>
      </address>
      <address>
        <uid>25017</uid>
        <city>Deira</city>
        <stateOrProvince>Dubai</stateOrProvince>
        <country>United Arab Emirates</country>
      </address>
    </addressList>
  </sdnEntry>
  <sdnEntry>
    <uid>16548</uid>
    <lastName>KSN FOUNDATION</lastName>
    <sdnType>Entity</sdnType>
    <programList>
      <program>FSE-IR</program>
    </programList>
    <addressList>
      <address>
        <uid>25019</uid>
        <address1>Muehleholz 3</address1>
        <city>Vaduz</city>
        <postalCode>94490</postalCode>
        <country>Liechtenstein</country>
      </address>
    </addressList>
  </sdnEntry>
  <sdnEntry>
    <uid>16549</uid>
    <lastName>NEW YORK GENERAL TRADING</lastName>
    <sdnType>Entity</sdnType>
    <programList>
      <program>FSE-IR</program>
    </programList>
    <idList>
      <id>
        <uid>9136</uid>
        <idType>Registration ID</idType>
        <idNumber>547066</idNumber>
      </id>
    </idList>
    <akaList>
      <aka>
        <uid>25138</uid>
        <type>a.k.a.</type>
        <category>weak</category>
        <lastName>NYGT</lastName>
      </aka>
    </akaList>
    <addressList>
      <address>
        <uid>25021</uid>
        <address1>No. 815, Al Maktoum Building</address1>
        <address2>Al Maktoum St</address2>
        <address3>P.O. Box 42108,</address3>
        <city>Deira</city>
        <stateOrProvince>Dubai</stateOrProvince>
        <country>United Arab Emirates</country>
      </address>
    </addressList>
  </sdnEntry>
  <sdnEntry>
    <uid>16550</uid>
    <lastName>NEW YORK MONEY EXCHANGE</lastName>
    <sdnType>Entity</sdnType>
    <programList>
      <program>FSE-IR</program>
    </programList>
    <idList>
      <id>
        <uid>9137</uid>
        <idType>Commercial Registry Number</idType>
        <idNumber>549905</idNumber>
        <idCountry>United Arab Emirates</idCountry>
      </id>
    </idList>
    <akaList>
      <aka>
        <uid>25140</uid>
        <type>a.k.a.</type>
        <category>weak</category>
        <lastName>NYME</lastName>
      </aka>
    </akaList>
    <addressList>
      <address>
        <uid>25023</uid>
        <address1>P.O. Box 85334</address1>
        <stateOrProvince>Dubai</stateOrProvince>
        <country>United Arab Emirates</country>
      </address>
      <address>
        <uid>25024</uid>
        <address1>Shop 14</address1>
        <address2>Al MM Tower</address2>
        <address3>Al Maktoum St</address3>
        <stateOrProvince>Dubai</stateOrProvince>
        <country>United Arab Emirates</country>
      </address>
      <address>
        <uid>25025</uid>
        <address1>P.O. Box 31138</address1>
        <stateOrProvince>Abu Dhabi</stateOrProvince>
        <country>United Arab Emirates</country>
      </address>
      <address>
        <uid>25026</uid>
        <address1>P.O. Box 42108</address1>
        <stateOrProvince>Dubai</stateOrProvince>
        <country>United Arab Emirates</country>
      </address>
      <address>
        <uid>25027</uid>
        <address1>20 Rustaveli Avenue</address1>
        <stateOrProvince>Tbilisi</stateOrProvince>
        <country>Georgia</country>
      </address>
      <address>
        <uid>25028</uid>
        <address1>Tbilisi International Airport</address1>
        <city>Tbilisi</city>
        <country>Georgia</country>
      </address>
      <address>
        <uid>25029</uid>
        <address1>Batumi Airport</address1>
        <city>Batumi</city>
        <country>Georgia</country>
      </address>
    </addressList>
  </sdnEntry>
  <sdnEntry>
    <uid>16551</uid>
    <lastName>EUROPEAN OIL TRADERS</lastName>
    <sdnType>Entity</sdnType>
    <programList>
      <program>FSE-IR</program>
    </programList>
    <akaList>
      <aka>
        <uid>25142</uid>
        <type>a.k.a.</type>
        <category>strong</category>
        <lastName>EUROPEAN OIL TRADERS SA</lastName>
      </aka>
    </akaList>
    <addressList>
      <address>
        <uid>25031</uid>
        <address1>Kaiserstuhlerstrasse 81</address1>
        <address2>8175</address2>
        <city>Windlach</city>
        <country>Switzerland</country>
      </address>
      <address>
        <uid>25032</uid>
        <address1>8174 Stadel b.</address1>
        <city>Niederglatt</city>
        <country>Switzerland</country>
      </address>
    </addressList>
  </sdnEntry>
</sdnList>