14181;Sviluppo Java;rdelauri;rdelauri;normal;feature;N/A;assigned;open;none;InfoProviders;1403096591;1403096591;none;public;Curve da censire in Pamp;1;1;Ciao Raffaele,

Dovreste cortesemente censire le curve di cui sotto nel data license Bloomberg ed in Pamp. Purtroppo però queste curve esistono solo su Reuters. In Bloomberg non le trovo. Potete connettervi a Reuters per scaricare i dati.
o	ESGOV11YZ=R
o	ESGOV12YZ=R
o	ESGOV13YZ=R
o	ESGOV14YZ=R
o	ESGOV16YZ=R
o	ESGOV17YZ=R
o	ESGOV18YZ=R
o	ESGOV19YZ=R

o	NLGOV11YZ=R
o	NLGOV12YZ=R
o	NLGOV13YZ=R
o	NLGOV14YZ=R
o	NLGOV16YZ=R
o	NLGOV17YZ=R
o	NLGOV18YZ=R
o	NLGOV19YZ=R


o	DEGOV11YZ=R
o	DEGOV12YZ=R
o	DEGOV13YZ=R
o	DEGOV14YZ=R
o	DEGOV16YZ=R
o	DEGOV17YZ=R
o	DEGOV18YZ=R
o	DEGOV19YZ=R


o	FRGOV11YZ=R 
o	FRGOV12YZ=R 
o	FRGOV13YZ=R 
o	FRGOV14YZ=R 
o	FRGOV16YZ=R 
o	FRGOV17YZ=R 
o	FRGOV18YZ=R 
o	FRGOV19YZ=R 

o	BEGOV11YZ=R
o	BEGOV12YZ=R
o	BEGOV13YZ=R
o	BEGOV14YZ=R
o	BEGOV16YZ=R
o	BEGOV17YZ=R
o	BEGOV18YZ=R
o	BEGOV19YZ=R

o	ATGOV11YZ=R
o	ATGOV12YZ=R
o	ATGOV13YZ=R
o	ATGOV14YZ=R
o	ATGOV16YZ=R
o	ATGOV17YZ=R
o	ATGOV18YZ=R
o	ATGOV19YZ=R

Fateci sapere cosa si può fare.

Grazie,
Elham Firmani

14162;Sviluppo Java;dbuffoni;giervell;normal;minor;have not tried;assigned;open;none;Reporting;1403019840;1403019840;none;public;Report stress test con cover 4 e report bt e st per partecipanti;1;1;Ciao Gloria,

come ti dicevo prima c’è il bisogno di creare con urgenza un report per gli stress test dove sia possibile vedere il cover 4. In particolare puoi creare un nuovo report con rank 3-4 e 5 (simile al report ID 10150)? Mi sai dire le tempistiche?
Appena puoi è possibile produrre un report parametrico dove vengano visualizzati al momento dell’apertura  direttamente rank 3-4-5 per il comparto obbligazionario, 3 e 5 per i comparti MTA/IDEM e IDEX ma con la possibilità di selezionare gli altri rank?

Per quanto riguarda i report dei back test e stress test da inviare ai partecipanti sarebbe preferibile selezionare l’intervallo di date distintamente per ciascun comparto con la possibilità di selezionarlo anche simultaneamente per tutti i comparti.

Aspetto un tuo riscontro e resto a disposizione per qualsiasi chiarimento.

Grazie mille 

Luca


12901;Emir;mpetracc;rdelauri;normal;minor;always;assigned;open;none;Issue;1390228070;1390228070;none;public;EMIR: InternalRating - Modello di Mercato -  T&C  1^ RUN;1;1;Individuate alcune regressioni dell'applicazione a seguito delle implementazioni intervenute per il Modello di Mercato.

Verificare cortesemente il file *.xls allegato. 
12009;Emir;mpetracc;mpetracc;high;minor;always;closed;open;none;Issue;1380711495;1389800617;none;public;EMIR: Internal Rating - APPROVED RATING HISTORY;1;1;Generale.
1 )formalismi: hystory, regretion,ecc; 
2) PRINT: fornire la descrizione della funzionalità  all'interno del REPORT;
3) fornire formule (xls ed individuare al dettaglio la funzionalità interessata nel doc.funzionale);                                                              4) EXPORT del flusso, all'interno, presente campo STATUS='S' invece di SENT ?; risk commitee = rwerwrer = (1 ?);                                             5) nella visualizzazione appare il codice banca numerico, non è meglio la descrizione ?
6) nella pop-up è presente il campo codice ABI che non appare nella form di dettaglio; viene memorizzato sulla tabella ?                                                                       7) verifica errori di SELENIUM. 
11972;Emir;mpetracc;mpetracc;high;minor;always;closed;open;none;Issue;1380546287;1389800617;none;public;EMIR: Internal Rating - LOG VIEWER.;1;1;Generale.
1) Si possono effettuare schedulazioni continue: con pari orario; 
2) LOG VIEWER: fileter ON, alert box: operation Timed-out;                     3) verifica errori di SELENIUM.
11971;Emir;mpetracc;mpetracc;high;minor;always;closed;open;none;Issue;1380546184;1389800617;none;public;EMIR: Internal Rating - SCHEDULER.;1;1;Generale.
1) Si possono effettuare schedulazioni continue: con pari orario; 
2) SCHEDULER - ACT SCHEDULE: BOX, dailyrun, data shiftata in avanti … appare alert "not inserted";       3) SCHEDULER - DEACT SCHEDULE: BOX, quando selezionate alcune righe, cancella ugualmente tutte le ricorrenze;                                        
4) verifica errori di SELENIUM.
11956;Emir;mpetracc;dbuffoni;normal;feature;always;closed;open;none;Issue;1380287112;1389800617;none;public;EMIR - Internal Rating: Implementation Category REPORT;1;1;Contains: Implementation Category REPORT
12008;Emir;mpetracc;mpetracc;high;minor;always;closed;open;none;Issue;1380711128;1389800616;none;public;EMIR: Internal Rating - PARAMETER SELECTION;1;1;Generale.
1) IMPORT: attivare la funzione (in manera speculare all'EXPORT); 
2) EDITING campi: mancano i controlli incrociati fra i campi;                                                                          3) SAVE: consente di aggiornare i parametri anche con PARAMETER selezionato a DISABLE (lo rende ENABLE); 
4) errori di SELENIUM all'interno dell'applicazione.
11968;Emir;mpetracc;mpetracc;high;minor;always;closed;open;none;Issue;1380542417;1389800616;none;public;EMIR : Internal Rating - RISK COMMITEE;1;1;Generale.
1) formalismi: hystory, regretion,ecc; 
2) PRINT: fornire la descrizione della funzionalità  all'interno del REPORT;
3) NEW BANK: data > ogg. CALENDAR, apply: perde le impostazioni;              4) verifica errori di SELENIUM.
11965;Emir;mpetracc;mpetracc;high;feature;always;closed;open;none;Issue;1380534130;1389800616;none;public;EMIR : Internal Rating - BANK STATIC DATA;1;1;Generale.
1 )formalismi: hystory, regretion,ecc; 
2) PRINT: fornire la descrizione della funzionalità  all'interno del REPORT;
3) PRINT: layout - col. "bankname" - numero righe non corrispondenti a quelle della form ?
4) ridondanza del campo filter nella parte superiore della form (usare una label appropriata);                                                                   5) gestire la funzione UPDATE di file da IMPORT con caricamenti multipli;     6)  specificare come interagiscono i quattro filtri ENABLED/DISABLED rispetto ai campi Calculation, Counterparty, Partecipant: possono essere conflittuali fra loro (superiore rispetto al 3 inferiori);                                 7)  nella pop-up è presente il campo codice ABI che non appare nella form di dettaglio; viene memorizzato sulla tabella ?                                  8) manca il controllo del cod. COUNTRY (accetta blank): vengono rispettate le regole di editing richieste nel doc. di ANALISI FUNZIONALI ? (controllo editing campi - es. cod. COUNTRY, PARENT C. NAME, PARENT C. BLOOMBERG TICKER, HOLDING BLOOMBERG TICKER e combo associate); nella pop-up è presente il campo codice ABI che non appare nella form di dettaglio                                                                       9) verifica errori di SELENIUM.             

12231;Emir;mpetracc;mpetracc;high;feature;always;closed;open;none;Issue;1382697337;1389800615;none;public;EMIR - Internal Rating: Linear Regression Settings;1;1;Generale.
1) EDITING campi: mancano i controlli incrociati fra i campi;
2) LAYOUT della FORM disallineato
3) sono presenti + pulsanti SAVE nella stessa FORM.
11967;Emir;mpetracc;mpetracc;high;minor;always;closed;open;none;Issue;1380542175;1389800615;none;public;EMIR : Internal Rating - Bank BALANCE HISTORY;1;1;Generale.
1 )formalismi: hystory, regretion,ecc; 
2) PRINT: fornire la descrizione della funzionalità  all'interno del REPORT;   3) verifica errori di SELENIUM.
11894;Emir;mpetracc;mpetracc;low;minor;always;closed;open;none;Issue;1379582132;1389800615;none;public;InternalRatingFP: problem in JSP - error.html;1;1;Bad redirection in JSP : login.html  

<script type="text/javascript">
<!--
//function delayer(){
//    window.location = "login.html"
//}
-->
<!-- MP: toCorrect
function delayer(){
    window.location = "login.jsp"
}

</script>
11969;Emir;mpetracc;mpetracc;high;minor;sometimes;resolved;fixed;none;Issue;1380542708;1389630166;none;public;EMIR: Internal Rating - RATING PROPOSALS;1;1;Generale.
1) formalismi: hystory, regretion,ecc; 
2) PRINT: fornire la descrizione della funzionalità  all'interno del REPORT;
3) EXPORT FLUSSO: contiene il codice della banca e non la descrizione;         4) FILTER  on: la descrizione della banca della combo non corrisponde alle righe presenti nel dettaglio;                                                                    5) APPROVE:     errore applicazione ;                                                                6) fornire formule (xls ed individuare al dettaglio la funzionalità interessata nel doc. funzionale);                                                                  7) verifica errori di SELENIUM.                                                                     7) errori di SELENIUM all'interno dell'applicazione.
11897;Emir;mpetracc;baccini;none;minor;random;closed;suspended;none;Issue;1379595219;1387450467;none;public;prova;1;1;ppp
11885;Emir;rdelauri;baccini;normal;block;sometimes;closed;suspended;none;Issue;1379509263;1387450449;none;public;doesn't work;1;1;doesn't work
