<?xml version="1.0" encoding="UTF-8"?>
<mantis version="1.2.2" urlbase="http://helpdesk.ccgnet.it/mantis/" issuelink="#" notelink="~" format="1">
    <issue>
        <id>14181</id>
        <project id="14">Sviluppo Java</project>
        <reporter id="26">rdelauri</reporter>
        <handler id="26">rdelauri</handler>
        <priority id="30">normal</priority>
        <severity id="10">feature</severity>
        <reproducibility id="100">N/A</reproducibility>
        <status id="50">assigned</status>
        <resolution id="10">open</resolution>
        <projection id="10">none</projection>
        <category id="137">InfoProviders</category>
        <date_submitted>1403096591</date_submitted>
        <last_updated>1403096591</last_updated>
        <eta id="10">none</eta>
        <view_state id="10">public</view_state>
        <summary>Curve da censire in Pamp</summary>
        <due_date>1</due_date>
        <description>Ciao Raffaele,&#13;
&#13;
Dovreste cortesemente censire le curve di cui sotto nel data license Bloomberg ed in Pamp. Purtroppo però queste curve esistono solo su Reuters. In Bloomberg non le trovo. Potete connettervi a Reuters per scaricare i dati.&#13;
o	ESGOV11YZ=R&#13;
o	ESGOV12YZ=R&#13;
o	ESGOV13YZ=R&#13;
o	ESGOV14YZ=R&#13;
o	ESGOV16YZ=R&#13;
o	ESGOV17YZ=R&#13;
o	ESGOV18YZ=R&#13;
o	ESGOV19YZ=R&#13;
&#13;
o	NLGOV11YZ=R&#13;
o	NLGOV12YZ=R&#13;
o	NLGOV13YZ=R&#13;
o	NLGOV14YZ=R&#13;
o	NLGOV16YZ=R&#13;
o	NLGOV17YZ=R&#13;
o	NLGOV18YZ=R&#13;
o	NLGOV19YZ=R&#13;
&#13;
&#13;
o	DEGOV11YZ=R&#13;
o	DEGOV12YZ=R&#13;
o	DEGOV13YZ=R&#13;
o	DEGOV14YZ=R&#13;
o	DEGOV16YZ=R&#13;
o	DEGOV17YZ=R&#13;
o	DEGOV18YZ=R&#13;
o	DEGOV19YZ=R&#13;
&#13;
&#13;
o	FRGOV11YZ=R &#13;
o	FRGOV12YZ=R &#13;
o	FRGOV13YZ=R &#13;
o	FRGOV14YZ=R &#13;
o	FRGOV16YZ=R &#13;
o	FRGOV17YZ=R &#13;
o	FRGOV18YZ=R &#13;
o	FRGOV19YZ=R &#13;
&#13;
o	BEGOV11YZ=R&#13;
o	BEGOV12YZ=R&#13;
o	BEGOV13YZ=R&#13;
o	BEGOV14YZ=R&#13;
o	BEGOV16YZ=R&#13;
o	BEGOV17YZ=R&#13;
o	BEGOV18YZ=R&#13;
o	BEGOV19YZ=R&#13;
&#13;
o	ATGOV11YZ=R&#13;
o	ATGOV12YZ=R&#13;
o	ATGOV13YZ=R&#13;
o	ATGOV14YZ=R&#13;
o	ATGOV16YZ=R&#13;
o	ATGOV17YZ=R&#13;
o	ATGOV18YZ=R&#13;
o	ATGOV19YZ=R&#13;
&#13;
Fateci sapere cosa si può fare.&#13;
&#13;
Grazie,&#13;
Elham Firmani&#13;
</description>
    </issue>
    <issue>
        <id>14162</id>
        <project id="14">Sviluppo Java</project>
        <reporter id="19">dbuffoni</reporter>
        <handler id="24">giervell</handler>
        <priority id="30">normal</priority>
        <severity id="50">minor</severity>
        <reproducibility id="70">have not tried</reproducibility>
        <status id="50">assigned</status>
        <resolution id="10">open</resolution>
        <projection id="10">none</projection>
        <category id="140">Reporting</category>
        <date_submitted>1403019840</date_submitted>
        <last_updated>1403019840</last_updated>
        <eta id="10">none</eta>
        <version>Reporting 2.0</version>
        <target_version>Reporting 2.01</target_version>
        <view_state id="10">public</view_state>
        <summary>Report stress test con cover 4 e report bt e st per partecipanti</summary>
        <due_date>1</due_date>
        <description>Ciao Gloria,&#13;
&#13;
come ti dicevo prima c’è il bisogno di creare con urgenza un report per gli stress test dove sia possibile vedere il cover 4. In particolare puoi creare un nuovo report con rank 3-4 e 5 (simile al report ID 10150)? Mi sai dire le tempistiche?&#13;
Appena puoi è possibile produrre un report parametrico dove vengano visualizzati al momento dell’apertura  direttamente rank 3-4-5 per il comparto obbligazionario, 3 e 5 per i comparti MTA/IDEM e IDEX ma con la possibilità di selezionare gli altri rank?&#13;
&#13;
Per quanto riguarda i report dei back test e stress test da inviare ai partecipanti sarebbe preferibile selezionare l’intervallo di date distintamente per ciascun comparto con la possibilità di selezionarlo anche simultaneamente per tutti i comparti.&#13;
&#13;
Aspetto un tuo riscontro e resto a disposizione per qualsiasi chiarimento.&#13;
&#13;
Grazie mille &#13;
&#13;
Luca&#13;
&#13;
</description>
    </issue>
    <issue>
        <id>12901</id>
        <project id="8">Emir</project>
        <reporter id="38">mpetracc</reporter>
        <handler id="26">rdelauri</handler>
        <priority id="30">normal</priority>
        <severity id="50">minor</severity>
        <reproducibility id="10">always</reproducibility>
        <status id="50">assigned</status>
        <resolution id="10">open</resolution>
        <projection id="10">none</projection>
        <category id="92">Issue</category>
        <date_submitted>1390228070</date_submitted>
        <last_updated>1390228070</last_updated>
        <eta id="10">none</eta>
        <os>build000811</os>
        <os_build>rel. 2.0</os_build>
        <platform>EMIR: InternalRating - T&amp;C</platform>
        <view_state id="10">public</view_state>
        <summary>EMIR: InternalRating - Modello di Mercato -  T&amp;C  1^ RUN</summary>
        <due_date>1</due_date>
        <description>Individuate alcune regressioni dell'applicazione a seguito delle implementazioni intervenute per il Modello di Mercato.&#13;
&#13;
Verificare cortesemente il file *.xls allegato. </description>
    </issue>
    <issue>
        <id>12009</id>
        <project id="8">Emir</project>
        <reporter id="38">mpetracc</reporter>
        <handler id="38">mpetracc</handler>
        <priority id="40">high</priority>
        <severity id="50">minor</severity>
        <reproducibility id="10">always</reproducibility>
        <status id="90">closed</status>
        <resolution id="10">open</resolution>
        <projection id="10">none</projection>
        <category id="92">Issue</category>
        <date_submitted>1380711495</date_submitted>
        <last_updated>1389800617</last_updated>
        <eta id="10">none</eta>
        <platform>EMIR</platform>
        <view_state id="10">public</view_state>
        <summary>EMIR: Internal Rating - APPROVED RATING HISTORY</summary>
        <due_date>1</due_date>
        <description>Generale.&#13;
1 )formalismi: hystory, regretion,ecc; &#13;
2) PRINT: fornire la descrizione della funzionalità  all'interno del REPORT;&#13;
3) fornire formule (xls ed individuare al dettaglio la funzionalità interessata nel doc.funzionale);                                                              4) EXPORT del flusso, all'interno, presente campo STATUS='S' invece di SENT ?; risk commitee = rwerwrer = (1 ?);                                             5) nella visualizzazione appare il codice banca numerico, non è meglio la descrizione ?&#13;
6) nella pop-up è presente il campo codice ABI che non appare nella form di dettaglio; viene memorizzato sulla tabella ?                                                                       7) verifica errori di SELENIUM. </description>
    </issue>
    <issue>
        <id>11972</id>
        <project id="8">Emir</project>
        <reporter id="38">mpetracc</reporter>
        <handler id="38">mpetracc</handler>
        <priority id="40">high</priority>
        <severity id="50">minor</severity>
        <reproducibility id="10">always</reproducibility>
        <status id="90">closed</status>
        <resolution id="10">open</resolution>
        <projection id="10">none</projection>
        <category id="92">Issue</category>
        <date_submitted>1380546287</date_submitted>
        <last_updated>1389800617</last_updated>
        <eta id="10">none</eta>
        <platform>EMIR</platform>
        <view_state id="10">public</view_state>
        <summary>EMIR: Internal Rating - LOG VIEWER.</summary>
        <due_date>1</due_date>
        <description>Generale.&#13;
1) Si possono effettuare schedulazioni continue: con pari orario; &#13;
2) LOG VIEWER: fileter ON, alert box: operation Timed-out;                     3) verifica errori di SELENIUM.</description>
    </issue>
    <issue>
        <id>11971</id>
        <project id="8">Emir</project>
        <reporter id="38">mpetracc</reporter>
        <handler id="38">mpetracc</handler>
        <priority id="40">high</priority>
        <severity id="50">minor</severity>
        <reproducibility id="10">always</reproducibility>
        <status id="90">closed</status>
        <resolution id="10">open</resolution>
        <projection id="10">none</projection>
        <category id="92">Issue</category>
        <date_submitted>1380546184</date_submitted>
        <last_updated>1389800617</last_updated>
        <eta id="10">none</eta>
        <platform>EMIR</platform>
        <view_state id="10">public</view_state>
        <summary>EMIR: Internal Rating - SCHEDULER.</summary>
        <due_date>1</due_date>
        <description>Generale.&#13;
1) Si possono effettuare schedulazioni continue: con pari orario; &#13;
2) SCHEDULER - ACT SCHEDULE: BOX, dailyrun, data shiftata in avanti … appare alert &quot;not inserted&quot;;       3) SCHEDULER - DEACT SCHEDULE: BOX, quando selezionate alcune righe, cancella ugualmente tutte le ricorrenze;                                        &#13;
4) verifica errori di SELENIUM.</description>
    </issue>
    <issue>
        <id>11956</id>
        <project id="8">Emir</project>
        <reporter id="38">mpetracc</reporter>
        <handler id="19">dbuffoni</handler>
        <priority id="30">normal</priority>
        <severity id="10">feature</severity>
        <reproducibility id="10">always</reproducibility>
        <status id="90">closed</status>
        <resolution id="10">open</resolution>
        <projection id="10">none</projection>
        <category id="92">Issue</category>
        <date_submitted>1380287112</date_submitted>
        <last_updated>1389800617</last_updated>
        <eta id="10">none</eta>
        <platform>EMIR</platform>
        <view_state id="10">public</view_state>
        <summary>EMIR - Internal Rating: Implementation Category REPORT</summary>
        <due_date>1</due_date>
        <description>Contains: Implementation Category REPORT</description>
    </issue>
    <issue>
        <id>12008</id>
        <project id="8">Emir</project>
        <reporter id="38">mpetracc</reporter>
        <handler id="38">mpetracc</handler>
        <priority id="40">high</priority>
        <severity id="50">minor</severity>
        <reproducibility id="10">always</reproducibility>
        <status id="90">closed</status>
        <resolution id="10">open</resolution>
        <projection id="10">none</projection>
        <category id="92">Issue</category>
        <date_submitted>1380711128</date_submitted>
        <last_updated>1389800616</last_updated>
        <eta id="10">none</eta>
        <platform>EMIR</platform>
        <view_state id="10">public</view_state>
        <summary>EMIR: Internal Rating - PARAMETER SELECTION</summary>
        <due_date>1</due_date>
        <description>Generale.&#13;
1) IMPORT: attivare la funzione (in manera speculare all'EXPORT); &#13;
2) EDITING campi: mancano i controlli incrociati fra i campi;                                                                          3) SAVE: consente di aggiornare i parametri anche con PARAMETER selezionato a DISABLE (lo rende ENABLE); &#13;
4) errori di SELENIUM all'interno dell'applicazione.</description>
        <steps_to_reproduce>&gt;&gt; ERRORI SCRIPT GWT:  &#13;
[info] Executing: |type | scLocator=//autoID[Class=VLayout||index=0||length=240||classIndex=0||classLength=1]/member[Class=HLayout||index=1||length=2||classIndex=1||classLength=2]/member[Class=Canvas||index=1||length=2||classIndex=0||classLength=1]/child[Class=TabSet||index=0||length=1||classIndex=0||classLength=1]/paneContainer/member[Class=Canvas||index=6||length=7||classIndex=6||classLength=7]/child[Class=VLayout||index=0||length=1||classIndex=0||classLength=1]/member[Class=DynamicForm||index=1||length=5||classIndex=0||classLength=2]/item[name=slopeMarket||title=Slope||value=1||index=0||Class=SpinnerItem]/element | 0 |&#13;
[error] Element scLocator=//autoID[Class=VLayout||index=0||length=240||classIndex=0||classLength=1]/member[Class=HLayout||index=1||length=2||classIndex=1||classLength=2]/member[Class=Canvas||index=1||length=2||classIndex=0||classLength=1]/child[Class=TabSet||index=0||length=1||classIndex=0||classLength=1]/paneContainer/member[Class=Canvas||index=6||length=7||classIndex=6||classLength=7]/child[Class=VLayout||index=0||length=1||classIndex=0||classLength=1]/member[Class=DynamicForm||index=1||length=5||classIndex=0||classLength=2]/item[name=slopeMarket||title=Slope||value=1||index=0||Class=SpinnerItem]/element not found&#13;
&#13;
[info] Executing: |click | scLocator=//Dialog[ID=&quot;isc_globalWarn&quot;]/okButton/ | |&#13;
[info] Located in doScClick : scLocator=//Dialog[ID=&quot;isc_globalWarn&quot;]/okButton/&#13;
[error] Element scLocator=//Dialog[ID=&quot;isc_globalWarn&quot;]/okButton/ not found&#13;
[error] Timed out after 30000ms&#13;
[info] Executing: |type | scLocator=//autoID[Class=VLayout||index=0||length=240||classIndex=0||classLength=1]/member[Class=HLayout||index=1||length=2||classIndex=1||classLength=2]/member[Class=Canvas||index=1||length=2||classIndex=0||classLength=1]/child[Class=TabSet||index=0||length=1||classIndex=0||classLength=1]/paneContainer/member[Class=Canvas||index=6||length=7||classIndex=6||classLength=7]/child[Class=VLayout||index=0||length=1||classIndex=0||classLength=1]/member[Class=DynamicForm||index=1||length=5||classIndex=0||classLength=2]/item[name=offsetMarket||title=Offset||value=0||index=1||Class=SpinnerItem]/element | 0A |&#13;
[error] Element scLocator=//autoID[Class=VLayout||index=0||length=240||classIndex=0||classLength=1]/member[Class=HLayout||index=1||length=2||classIndex=1||classLength=2]/member[Class=Canvas||index=1||length=2||classIndex=0||classLength=1]/child[Class=TabSet||index=0||length=1||classIndex=0||classLength=1]/paneContainer/member[Class=Canvas||index=6||length=7||classIndex=6||classLength=7]/child[Class=VLayout||index=0||length=1||classIndex=0||classLength=1]/member[Class=DynamicForm||index=1||length=5||classIndex=0||classLength=2]/item[name=offsetMarket||title=Offset||value=0||index=1||Class=SpinnerItem]/element not found&#13;
[info] Changed test case&#13;
[info] Executing: |open | /InternalRatingWeb/ | |&#13;
[info] Executing: |click | xpath=(//td[@id='null'])[2] | |&#13;
[info] Located in doScClick : xpath=(//td[@id='null'])[2]&#13;
[error] Element xpath=(//td[@id='null'])[2] not found&#13;
[info] Changed test case&#13;
[info] Executing: |open | /InternalRatingWeb/ | |&#13;
[error] Timed out after 30000ms&#13;
[info] Executing: |type | scLocator=//autoID[Class=VLayout||index=0||length=240||classIndex=0||classLength=1]/member[Class=HLayout||index=1||length=2||classIndex=1||classLength=2]/member[Class=Canvas||index=1||length=2||classIndex=0||classLength=1]/child[Class=TabSet||index=0||length=1||classIndex=0||classLength=1]/paneContainer/member[Class=Canvas||index=6||length=7||classIndex=6||classLength=7]/child[Class=VLayout||index=0||length=1||classIndex=0||classLength=1]/member[Class=DynamicForm||index=3||length=5||classIndex=1||classLength=2]/item[name=offsetFinalcial||title=Offset||value=0.103||index=1||Class=SpinnerItem]/element | AA |&#13;
[error] Element scLocator=//autoID[Class=VLayout||index=0||length=240||classIndex=0||classLength=1]/member[Class=HLayout||index=1||length=2||classIndex=1||classLength=2]/member[Class=Canvas||index=1||length=2||classIndex=0||classLength=1]/child[Class=TabSet||index=0||length=1||classIndex=0||classLength=1]/paneContainer/member[Class=Canvas||index=6||length=7||classIndex=6||classLength=7]/child[Class=VLayout||index=0||length=1||classIndex=0||classLength=1]/member[Class=DynamicForm||index=3||length=5||classIndex=1||classLength=2]/item[name=offsetFinalcial||title=Offset||value=0.103||index=1||Class=SpinnerItem]/element not found&#13;
[info] Changed test case&#13;
[info] Executing: |open | /InternalRatingWeb/ | |&#13;
[info] Executing: |click | xpath=(//td[@id='null'])[2] | |&#13;
[info] Located in doScClick : xpath=(//td[@id='null'])[2]&#13;
[error] Element xpath=(//td[@id='null'])[2] not found&#13;
[info] Changed test case&#13;
[info] Executing: |open | /InternalRatingWeb/login.jsp?sc_selenium=true | |&#13;
[info] Executing: |type | name=j_username | m |&#13;
[info] Executing: |type | name=j_password | p |&#13;
[info] Executing: |clickAndWait | name=login | |&#13;
[info] Located in doScClick : name=login&#13;
[info] Executing: |open | /InternalRatingWeb/login.jsp?sc_selenium=true | |&#13;
[info] Executing: |type | name=j_username | m |&#13;
[info] Executing: |type | name=j_password | p |&#13;
[info] Executing: |clickAndWait | name=login | |&#13;
[info] Located in doScClick : name=login&#13;
&#13;
[info] Executing: |click | scLocator=//Dialog[ID=&quot;isc_globalWarn&quot;]/okButton/ | |&#13;
[info] Located in doScClick : scLocator=//Dialog[ID=&quot;isc_globalWarn&quot;]/okButton/&#13;
[error] Element scLocator=//Dialog[ID=&quot;isc_globalWarn&quot;]/okButton/ not found&#13;
&#13;
[info] Executing: |type | scLocator=//autoID[Class=VLayout||index=0||length=240||classIndex=0||classLength=1]/member[Class=HLayout||index=1||length=2||classIndex=1||classLength=2]/member[Class=Canvas||index=1||length=2||classIndex=0||classLength=1]/child[Class=TabSet||index=0||length=1||classIndex=0||classLength=1]/paneContainer/member[Class=Canvas||index=6||length=7||classIndex=6||classLength=7]/child[Class=VLayout||index=0||length=1||classIndex=0||classLength=1]/member[Class=DynamicForm||index=1||length=5||classIndex=0||classLength=2]/item[name=offsetMarket||title=Offset||value=0||index=1||Class=SpinnerItem]/element | 0A |&#13;
[error] Element scLocator=//autoID[Class=VLayout||index=0||length=240||classIndex=0||classLength=1]/member[Class=HLayout||index=1||length=2||classIndex=1||classLength=2]/member[Class=Canvas||index=1||length=2||classIndex=0||classLength=1]/child[Class=TabSet||index=0||length=1||classIndex=0||classLength=1]/paneContainer/member[Class=Canvas||index=6||length=7||classIndex=6||classLength=7]/child[Class=VLayout||index=0||length=1||classIndex=0||classLength=1]/member[Class=DynamicForm||index=1||length=5||classIndex=0||classLength=2]/item[name=offsetMarket||title=Offset||value=0||index=1||Class=SpinnerItem]/element not found&#13;
[info] Changed test case&#13;
[info] Executing: |open | /InternalRatingWeb/ | |&#13;
[info] Executing: |click | xpath=(//td[@id='null'])[2] | |&#13;
[info] Located in doScClick : xpath=(//td[@id='null'])[2]&#13;
[error] Element xpath=(//td[@id='null'])[2] not found&#13;
[info] Changed test case&#13;
&#13;
[info] Located in isScElementClickable : scLocator=//autoID[Class=VLayout||index=0||length=240||classIndex=0||classLength=1]/member[Class=HLayout||index=1||length=2||classIndex=1||classLength=2]/member[Class=Canvas||index=1||length=2||classIndex=0||classLength=1]/child[Class=TabSet||index=0||length=1||classIndex=0||classLength=1]/paneContainer/member[Class=Canvas||index=6||length=7||classIndex=6||classLength=7]/child[Class=VLayout||index=0||length=1||classIndex=0||classLength=1]/member[Class=DynamicForm||index=3||length=5||classIndex=1||classLength=2]/item[name=offsetFinalcial||title=Offset||value=0.103||index=1||Class=SpinnerItem]/element&#13;
[info] Executing: |type | scLocator=//autoID[Class=VLayout||index=0||length=240||classIndex=0||classLength=1]/member[Class=HLayout||index=1||length=2||classIndex=1||classLength=2]/member[Class=Canvas||index=1||length=2||classIndex=0||classLength=1]/child[Class=TabSet||index=0||length=1||classIndex=0||classLength=1]/paneContainer/member[Class=Canvas||index=6||length=7||classIndex=6||classLength=7]/child[Class=VLayout||index=0||length=1||classIndex=0||classLength=1]/member[Class=DynamicForm||index=3||length=5||classIndex=1||classLength=2]/item[name=offsetFinalcial||title=Offset||value=0.103||index=1||Class=SpinnerItem]/element | AA |&#13;
[error] Element scLocator=//autoID[Class=VLayout||index=0||length=240||classIndex=0||classLength=1]/member[Class=HLayout||index=1||length=2||classIndex=1||classLength=2]/member[Class=Canvas||index=1||length=2||classIndex=0||classLength=1]/child[Class=TabSet||index=0||length=1||classIndex=0||classLength=1]/paneContainer/member[Class=Canvas||index=6||length=7||classIndex=6||classLength=7]/child[Class=VLayout||index=0||length=1||classIndex=0||classLength=1]/member[Class=DynamicForm||index=3||length=5||classIndex=1||classLength=2]/item[name=offsetFinalcial||title=Offset||value=0.103||index=1||Class=SpinnerItem]/element not found&#13;
[info] Executing: |click | xpath=(//td[@id='null'])[2] | |&#13;
[info] Located in doScClick : xpath=(//td[@id='null'])[2]&#13;
[error] Element xpath=(//td[@id='null'])[2] not found&#13;
&#13;
[info] Changed test case&#13;
[info] Executing: |open | /InternalRatingWeb/login.jsp | |&#13;
[info] Executing: |type | name=j_username | mpetracca |&#13;
[info] Executing: |type | name=j_password | petracca |&#13;
[info] Executing: |clickAndWait | name=login | |&#13;
[info] Located in doScClick : name=login&#13;
[info] Changed test case&#13;
&#13;
[info] Executing: |type | scLocator=//autoID[Class=VLayout||index=0||length=240||classIndex=0||classLength=1]/member[Class=HLayout||index=1||length=2||classIndex=1||classLength=2]/member[Class=Canvas||index=1||length=2||classIndex=0||classLength=1]/child[Class=TabSet||index=0||length=1||classIndex=0||classLength=1]/paneContainer/member[Class=Canvas||index=6||length=7||classIndex=6||classLength=7]/child[Class=VLayout||index=0||length=1||classIndex=0||classLength=1]/member[Class=DynamicForm||index=1||length=5||classIndex=0||classLength=2]/item[name=slopeMarket||title=Slope||value=1||index=0||Class=SpinnerItem]/element | 0 |&#13;
[error] Element scLocator=//autoID[Class=VLayout||index=0||length=240||classIndex=0||classLength=1]/member[Class=HLayout||index=1||length=2||classIndex=1||classLength=2]/member[Class=Canvas||index=1||length=2||classIndex=0||classLength=1]/child[Class=TabSet||index=0||length=1||classIndex=0||classLength=1]/paneContainer/member[Class=Canvas||index=6||length=7||classIndex=6||classLength=7]/child[Class=VLayout||index=0||length=1||classIndex=0||classLength=1]/member[Class=DynamicForm||index=1||length=5||classIndex=0||classLength=2]/item[name=slopeMarket||title=Slope||value=1||index=0||Class=SpinnerItem]/element not found&#13;
&#13;
[info] Executing: |click | scLocator=//Dialog[ID=&quot;isc_globalWarn&quot;]/okButton/ | |&#13;
[info] Located in doScClick : scLocator=//Dialog[ID=&quot;isc_globalWarn&quot;]/okButton/&#13;
[error] Element scLocator=//Dialog[ID=&quot;isc_globalWarn&quot;]/okButton/ not found&#13;
&#13;
[info] Executing: |type | scLocator=//autoID[Class=VLayout||index=0||length=240||classIndex=0||classLength=1]/member[Class=HLayout||index=1||length=2||classIndex=1||classLength=2]/member[Class=Canvas||index=1||length=2||classIndex=0||classLength=1]/child[Class=TabSet||index=0||length=1||classIndex=0||classLength=1]/paneContainer/member[Class=Canvas||index=6||length=7||classIndex=6||classLength=7]/child[Class=VLayout||index=0||length=1||classIndex=0||classLength=1]/member[Class=DynamicForm||index=1||length=5||classIndex=0||classLength=2]/item[name=offsetMarket||title=Offset||value=0||index=1||Class=SpinnerItem]/element | 0A |&#13;
[error] Element scLocator=//autoID[Class=VLayout||index=0||length=240||classIndex=0||classLength=1]/member[Class=HLayout||index=1||length=2||classIndex=1||classLength=2]/member[Class=Canvas||index=1||length=2||classIndex=0||classLength=1]/child[Class=TabSet||index=0||length=1||classIndex=0||classLength=1]/paneContainer/member[Class=Canvas||index=6||length=7||classIndex=6||classLength=7]/child[Class=VLayout||index=0||length=1||classIndex=0||classLength=1]/member[Class=DynamicForm||index=1||length=5||classIndex=0||classLength=2]/item[name=offsetMarket||title=Offset||value=0||index=1||Class=SpinnerItem]/element not found&#13;
[info] Changed test case&#13;
&#13;
[info] Executing: |open | /InternalRatingWeb/ | |&#13;
[info] Executing: |click | xpath=(//td[@id='null'])[2] | |&#13;
[info] Located in doScClick : xpath=(//td[@id='null'])[2]&#13;
[error] Element xpath=(//td[@id='null'])[2] not found&#13;
&#13;
[info] Located in isScElementClickable : scLocator=//autoID[Class=VLayout||index=0||length=240||classIndex=0||classLength=1]/member[Class=HLayout||index=1||length=2||classIndex=1||classLength=2]/member[Class=Canvas||index=1||length=2||classIndex=0||classLength=1]/child[Class=TabSet||index=0||length=1||classIndex=0||classLength=1]/paneContainer/member[Class=Canvas||index=6||length=7||classIndex=6||classLength=7]/child[Class=VLayout||index=0||length=1||classIndex=0||classLength=1]/member[Class=DynamicForm||index=3||length=5||classIndex=1||classLength=2]/item[name=offsetFinalcial||title=Offset||value=0.103||index=1||Class=SpinnerItem]/element&#13;
[error] interrupted&#13;
[info] Executing: |open | /InternalRatingWeb/login.jsp &lt;!-- login procedure --&gt; | |&#13;
[info] Executing: |type | name=j_username | mpetracca |&#13;
[error] Element name=j_username not found&#13;
[info] Executing: |open | /InternalRatingWeb/login.jsp | &lt;!-- login procedure --&gt; |&#13;
[info] onXhrStateChange(): xhr.readyState = 1 method = HEAD time = 1380639814252&#13;
[info] onXhrStateChange(): xhr.readyState = 2 method = HEAD time = 1380639814317&#13;
[info] onXhrStateChange(): xhr.readyState = 4 method = HEAD time = 1380639814338&#13;
[info] Executing: |type | name=j_username | mpetracca |&#13;
[info] Executing: |type | name=j_password | petracca |&#13;
[info] Executing: |clickAndWait | name=login | |&#13;
[info] Located in doScClick : name=login&#13;
[info] Executing: |open | /InternalRatingWeb/login.jsp | &lt;!-- login procedure --&gt; |&#13;
[info] onXhrStateChange(): xhr.readyState = 1 method = HEAD time = 1380639875702&#13;
[info] onXhrStateChange(): xhr.readyState = 2 method = HEAD time = 1380639875756&#13;
[info] onXhrStateChange(): xhr.readyState = 4 method = HEAD time = 1380639875777&#13;
[info] Executing: |type | name=j_username | mpetracca |&#13;
[info] Executing: |type | name=j_password | petracca |&#13;
[info] Executing: |clickAndWait | name=login | |&#13;
[info] Located in doScClick : name=login&#13;
&#13;
[info] Located in isScElementClickable : scLocator=//autoID[Class=VLayout||index=0||length=240||classIndex=0||classLength=1]/member[Class=HLayout||index=1||length=2||classIndex=1||classLength=2]/member[Class=Canvas||index=1||length=2||classIndex=0||classLength=1]/child[Class=TabSet||index=0||length=1||classIndex=0||classLength=1]/paneContainer/member[Class=Canvas||index=6||length=7||classIndex=6||classLength=7]/child[Class=VLayout||index=0||length=1||classIndex=0||classLength=1]/member[Class=DynamicForm||index=1||length=5||classIndex=0||classLength=2]/item[name=slopeMarket||title=Slope||value=1||index=0||Class=SpinnerItem]/element&#13;
[info] Executing: |open | /InternalRatingWeb/login.jsp | &lt;!-- login procedure --&gt; |&#13;
[info] onXhrStateChange(): xhr.readyState = 1 method = HEAD time = 1380640402527&#13;
[info] onXhrStateChange(): xhr.readyState = 2 method = HEAD time = 1380640403396&#13;
[info] onXhrStateChange(): xhr.readyState = 4 method = HEAD time = 1380640403397&#13;
[info] Executing: |type | name=j_username | mpetracca |&#13;
[info] Executing: |type | name=j_password | petracca |&#13;
[info] Executing: |clickAndWait | name=login | |&#13;
[info] Located in doScClick : name=login&#13;
[info] Changed test case&#13;
[info] Executing: |open | /InternalRatingWeb/ | &lt;!--Internal Rating - LINEAR REGRESSION SETTINGS - deafult parm settings --&gt; |&#13;
[info] onXhrStateChange(): xhr.readyState = 1 method = HEAD time = 1380640408470&#13;
[info] onXhrStateChange(): xhr.readyState = 2 method = HEAD time = 1380640408522&#13;
[info] onXhrStateChange(): xhr.readyState = 3 method = HEAD time = 1380640408543&#13;
[info] onXhrStateChange(): xhr.readyState = 4 method = HEAD time = 1380640408564&#13;
&#13;
[info] Executing: |type | scLocator=//autoID[Class=VLayout||index=0||length=240||classIndex=0||classLength=1]/member[Class=HLayout||index=1||length=2||classIndex=1||classLength=2]/member[Class=Canvas||index=1||length=2||classIndex=0||classLength=1]/child[Class=TabSet||index=0||length=1||classIndex=0||classLength=1]/paneContainer/member[Class=Canvas||index=6||length=7||classIndex=6||classLength=7]/child[Class=VLayout||index=0||length=1||classIndex=0||classLength=1]/member[Class=DynamicForm||index=1||length=5||classIndex=0||classLength=2]/item[name=slopeMarket||title=Slope||value=1||index=0||Class=SpinnerItem]/element | 0 |&#13;
[error] Element scLocator=//autoID[Class=VLayout||index=0||length=240||classIndex=0||classLength=1]/member[Class=HLayout||index=1||length=2||classIndex=1||classLength=2]/member[Class=Canvas||index=1||length=2||classIndex=0||classLength=1]/child[Class=TabSet||index=0||length=1||classIndex=0||classLength=1]/paneContainer/member[Class=Canvas||index=6||length=7||classIndex=6||classLength=7]/child[Class=VLayout||index=0||length=1||classIndex=0||classLength=1]/member[Class=DynamicForm||index=1||length=5||classIndex=0||classLength=2]/item[name=slopeMarket||title=Slope||value=1||index=0||Class=SpinnerItem]/element not found&#13;
&#13;
[info] Executing: |click | scLocator=//Dialog[ID=&quot;isc_globalWarn&quot;]/okButton/ | |&#13;
[info] Located in doScClick : scLocator=//Dialog[ID=&quot;isc_globalWarn&quot;]/okButton/&#13;
[error] Element scLocator=//Dialog[ID=&quot;isc_globalWarn&quot;]/okButton/ not found&#13;
[info] Changed test case&#13;
[info] Executing: |open | /InternalRatingWeb/ | &lt;!-- Internal Rating - LINEAR REGRESSION SETTINGS - Market model parameters - UPDATE : Offset --&gt; |&#13;
[info] onXhrStateChange(): xhr.readyState = 1 method = HEAD time = 1380640470992&#13;
[info] onXhrStateChange(): xhr.readyState = 2 method = HEAD time = 1380640471050&#13;
[info] onXhrStateChange(): xhr.readyState = 3 method = HEAD time = 1380640471073&#13;
[info] onXhrStateChange(): xhr.readyState = 4 method = HEAD time = 1380640471096&#13;
&#13;
[info] Executing: |type | scLocator=//autoID[Class=VLayout||index=0||length=240||classIndex=0||classLength=1]/member[Class=HLayout||index=1||length=2||classIndex=1||classLength=2]/member[Class=Canvas||index=1||length=2||classIndex=0||classLength=1]/child[Class=TabSet||index=0||length=1||classIndex=0||classLength=1]/paneContainer/member[Class=Canvas||index=6||length=7||classIndex=6||classLength=7]/child[Class=VLayout||index=0||length=1||classIndex=0||classLength=1]/member[Class=DynamicForm||index=1||length=5||classIndex=0||classLength=2]/item[name=offsetMarket||title=Offset||value=0||index=1||Class=SpinnerItem]/element | 0A |&#13;
[error] Element scLocator=//autoID[Class=VLayout||index=0||length=240||classIndex=0||classLength=1]/member[Class=HLayout||index=1||length=2||classIndex=1||classLength=2]/member[Class=Canvas||index=1||length=2||classIndex=0||classLength=1]/child[Class=TabSet||index=0||length=1||classIndex=0||classLength=1]/paneContainer/member[Class=Canvas||index=6||length=7||classIndex=6||classLength=7]/child[Class=VLayout||index=0||length=1||classIndex=0||classLength=1]/member[Class=DynamicForm||index=1||length=5||classIndex=0||classLength=2]/item[name=offsetMarket||title=Offset||value=0||index=1||Class=SpinnerItem]/element not found&#13;
[info] Changed test case&#13;
[info] Executing: |open | /InternalRatingWeb/ | &lt;! -- Internal Rating - LINEAR REGRESSION SETTINGS - Market model parameters - UPDATE : Slope --&gt; |&#13;
[info] onXhrStateChange(): xhr.readyState = 1 method = HEAD time = 1380640502221&#13;
[info] onXhrStateChange(): xhr.readyState = 2 method = HEAD time = 1380640502278&#13;
[info] onXhrStateChange(): xhr.readyState = 3 method = HEAD time = 1380640502303&#13;
[info] onXhrStateChange(): xhr.readyState = 4 method = HEAD time = 1380640502328&#13;
[info] Executing: |click | xpath=(//td[@id='null'])[2] | |&#13;
[info] Located in doScClick : xpath=(//td[@id='null'])[2]&#13;
[error] Element xpath=(//td[@id='null'])[2] not found&#13;
&#13;
[info] Executing: |type | scLocator=//autoID[Class=VLayout||index=0||length=240||classIndex=0||classLength=1]/member[Class=HLayout||index=1||length=2||classIndex=1||classLength=2]/member[Class=Canvas||index=1||length=2||classIndex=0||classLength=1]/child[Class=TabSet||index=0||length=1||classIndex=0||classLength=1]/paneContainer/member[Class=Canvas||index=6||length=7||classIndex=6||classLength=7]/child[Class=VLayout||index=0||length=1||classIndex=0||classLength=1]/member[Class=DynamicForm||index=3||length=5||classIndex=1||classLength=2]/item[name=offsetFinalcial||title=Offset||value=0.103||index=1||Class=SpinnerItem]/element | AA |&#13;
[error] Element scLocator=//autoID[Class=VLayout||index=0||length=240||classIndex=0||classLength=1]/member[Class=HLayout||index=1||length=2||classIndex=1||classLength=2]/member[Class=Canvas||index=1||length=2||classIndex=0||classLength=1]/child[Class=TabSet||index=0||length=1||classIndex=0||classLength=1]/paneContainer/member[Class=Canvas||index=6||length=7||classIndex=6||classLength=7]/child[Class=VLayout||index=0||length=1||classIndex=0||classLength=1]/member[Class=DynamicForm||index=3||length=5||classIndex=1||classLength=2]/item[name=offsetFinalcial||title=Offset||value=0.103||index=1||Class=SpinnerItem]/element not found&#13;
[info] Changed test case&#13;
[info] Executing: |open | /InternalRatingWeb/ | &lt;!-- Internal Rating - LINEAR REGRESSION SETTINGS - Market model parameters - UPDATE : Constant --&gt; |&#13;
[info] onXhrStateChange(): xhr.readyState = 1 method = HEAD time = 1380640534757&#13;
[info] onXhrStateChange(): xhr.readyState = 2 method = HEAD time = 1380640534818&#13;
[info] onXhrStateChange(): xhr.readyState = 3 method = HEAD time = 1380640534845&#13;
[info] onXhrStateChange(): xhr.readyState = 4 method = HEAD time = 1380640534872&#13;
[info] Executing: |click | xpath=(//td[@id='null'])[2] | |&#13;
[info] Located in doScClick : xpath=(//td[@id='null'])[2]&#13;
[error] Element xpath=(//td[@id='null'])[2] not found </steps_to_reproduce>
    </issue>
    <issue>
        <id>11968</id>
        <project id="8">Emir</project>
        <reporter id="38">mpetracc</reporter>
        <handler id="38">mpetracc</handler>
        <priority id="40">high</priority>
        <severity id="50">minor</severity>
        <reproducibility id="10">always</reproducibility>
        <status id="90">closed</status>
        <resolution id="10">open</resolution>
        <projection id="10">none</projection>
        <category id="92">Issue</category>
        <date_submitted>1380542417</date_submitted>
        <last_updated>1389800616</last_updated>
        <eta id="10">none</eta>
        <platform>EMIR</platform>
        <view_state id="10">public</view_state>
        <summary>EMIR : Internal Rating - RISK COMMITEE</summary>
        <due_date>1</due_date>
        <description>Generale.&#13;
1) formalismi: hystory, regretion,ecc; &#13;
2) PRINT: fornire la descrizione della funzionalità  all'interno del REPORT;&#13;
3) NEW BANK: data &gt; ogg. CALENDAR, apply: perde le impostazioni;              4) verifica errori di SELENIUM.</description>
    </issue>
    <issue>
        <id>11965</id>
        <project id="8">Emir</project>
        <reporter id="38">mpetracc</reporter>
        <handler id="38">mpetracc</handler>
        <priority id="40">high</priority>
        <severity id="10">feature</severity>
        <reproducibility id="10">always</reproducibility>
        <status id="90">closed</status>
        <resolution id="10">open</resolution>
        <projection id="10">none</projection>
        <category id="92">Issue</category>
        <date_submitted>1380534130</date_submitted>
        <last_updated>1389800616</last_updated>
        <eta id="10">none</eta>
        <view_state id="10">public</view_state>
        <summary>EMIR : Internal Rating - BANK STATIC DATA</summary>
        <due_date>1</due_date>
        <description>Generale.&#13;
1 )formalismi: hystory, regretion,ecc; &#13;
2) PRINT: fornire la descrizione della funzionalità  all'interno del REPORT;&#13;
3) PRINT: layout - col. &quot;bankname&quot; - numero righe non corrispondenti a quelle della form ?&#13;
4) ridondanza del campo filter nella parte superiore della form (usare una label appropriata);                                                                   5) gestire la funzione UPDATE di file da IMPORT con caricamenti multipli;     6)  specificare come interagiscono i quattro filtri ENABLED/DISABLED rispetto ai campi Calculation, Counterparty, Partecipant: possono essere conflittuali fra loro (superiore rispetto al 3 inferiori);                                 7)  nella pop-up è presente il campo codice ABI che non appare nella form di dettaglio; viene memorizzato sulla tabella ?                                  8) manca il controllo del cod. COUNTRY (accetta blank): vengono rispettate le regole di editing richieste nel doc. di ANALISI FUNZIONALI ? (controllo editing campi - es. cod. COUNTRY, PARENT C. NAME, PARENT C. BLOOMBERG TICKER, HOLDING BLOOMBERG TICKER e combo associate); nella pop-up è presente il campo codice ABI che non appare nella form di dettaglio                                                                       9) verifica errori di SELENIUM.             &#13;
</description>
        <additional_information>A meno degli errori smartgw, di cui sono intesa del supporto tecnico per me è ok</additional_information>
    </issue>
    <issue>
        <id>12231</id>
        <project id="8">Emir</project>
        <reporter id="38">mpetracc</reporter>
        <handler id="38">mpetracc</handler>
        <priority id="40">high</priority>
        <severity id="10">feature</severity>
        <reproducibility id="10">always</reproducibility>
        <status id="90">closed</status>
        <resolution id="10">open</resolution>
        <projection id="10">none</projection>
        <category id="92">Issue</category>
        <date_submitted>1382697337</date_submitted>
        <last_updated>1389800615</last_updated>
        <eta id="10">none</eta>
        <view_state id="10">public</view_state>
        <summary>EMIR - Internal Rating: Linear Regression Settings</summary>
        <due_date>1</due_date>
        <description>Generale.&#13;
1) EDITING campi: mancano i controlli incrociati fra i campi;&#13;
2) LAYOUT della FORM disallineato&#13;
3) sono presenti + pulsanti SAVE nella stessa FORM.</description>
    </issue>
    <issue>
        <id>11967</id>
        <project id="8">Emir</project>
        <reporter id="38">mpetracc</reporter>
        <handler id="38">mpetracc</handler>
        <priority id="40">high</priority>
        <severity id="50">minor</severity>
        <reproducibility id="10">always</reproducibility>
        <status id="90">closed</status>
        <resolution id="10">open</resolution>
        <projection id="10">none</projection>
        <category id="92">Issue</category>
        <date_submitted>1380542175</date_submitted>
        <last_updated>1389800615</last_updated>
        <eta id="10">none</eta>
        <platform>EMIR</platform>
        <view_state id="10">public</view_state>
        <summary>EMIR : Internal Rating - Bank BALANCE HISTORY</summary>
        <due_date>1</due_date>
        <description>Generale.&#13;
1 )formalismi: hystory, regretion,ecc; &#13;
2) PRINT: fornire la descrizione della funzionalità  all'interno del REPORT;   3) verifica errori di SELENIUM.</description>
    </issue>
    <issue>
        <id>11894</id>
        <project id="8">Emir</project>
        <reporter id="38">mpetracc</reporter>
        <handler id="38">mpetracc</handler>
        <priority id="20">low</priority>
        <severity id="50">minor</severity>
        <reproducibility id="10">always</reproducibility>
        <status id="90">closed</status>
        <resolution id="10">open</resolution>
        <projection id="10">none</projection>
        <category id="92">Issue</category>
        <date_submitted>1379582132</date_submitted>
        <last_updated>1389800615</last_updated>
        <eta id="10">none</eta>
        <platform>InternalRatingFP - using </platform>
        <view_state id="10">public</view_state>
        <summary>InternalRatingFP: problem in JSP - error.html</summary>
        <due_date>1</due_date>
        <description>Bad redirection in JSP : login.html  &#13;
&#13;
&lt;script type=&quot;text/javascript&quot;&gt;&#13;
&lt;!--&#13;
//function delayer(){&#13;
//    window.location = &quot;login.html&quot;&#13;
//}&#13;
--&gt;&#13;
&lt;!-- MP: toCorrect&#13;
function delayer(){&#13;
    window.location = &quot;login.jsp&quot;&#13;
}&#13;
&#13;
&lt;/script&gt;</description>
        <steps_to_reproduce>url: &#13;
Select &gt;&gt; /IntRatIFPweb/login.jsp&#13;
User: WAS&#13;
Password:&#13;
&#13;
&lt;&lt;LOGIN&gt;&gt;&#13;
</steps_to_reproduce>
    </issue>
    <issue>
        <id>11969</id>
        <project id="8">Emir</project>
        <reporter id="38">mpetracc</reporter>
        <handler id="38">mpetracc</handler>
        <priority id="40">high</priority>
        <severity id="50">minor</severity>
        <reproducibility id="30">sometimes</reproducibility>
        <status id="80">resolved</status>
        <resolution id="20">fixed</resolution>
        <projection id="10">none</projection>
        <category id="92">Issue</category>
        <date_submitted>1380542708</date_submitted>
        <last_updated>1389630166</last_updated>
        <eta id="10">none</eta>
        <platform>EMIR</platform>
        <view_state id="10">public</view_state>
        <summary>EMIR: Internal Rating - RATING PROPOSALS</summary>
        <due_date>1</due_date>
        <description>Generale.
1) formalismi: hystory, regretion,ecc; 
2) PRINT: fornire la descrizione della funzionalità  all'interno del REPORT;
3) EXPORT FLUSSO: contiene il codice della banca e non la descrizione;         4) FILTER  on: la descrizione della banca della combo non corrisponde alle righe presenti nel dettaglio;                                                                    5) APPROVE:     errore applicazione ;                                                                6) fornire formule (xls ed individuare al dettaglio la funzionalità interessata nel doc. funzionale);                                                                  7) verifica errori di SELENIUM.                                                                     7) errori di SELENIUM all'interno dell'applicazione.</description>
    </issue>
    <issue>
        <id>11897</id>
        <project id="8">Emir</project>
        <reporter id="38">mpetracc</reporter>
        <handler id="3">baccini</handler>
        <priority id="10">none</priority>
        <severity id="50">minor</severity>
        <reproducibility id="50">random</reproducibility>
        <status id="90">closed</status>
        <resolution id="80">suspended</resolution>
        <projection id="10">none</projection>
        <category id="92">Issue</category>
        <date_submitted>1379595219</date_submitted>
        <last_updated>1387450467</last_updated>
        <eta id="10">none</eta>
        <view_state id="10">public</view_state>
        <summary>prova</summary>
        <due_date>1</due_date>
        <description>ppp</description>
    </issue>
    <issue>
        <id>11885</id>
        <project id="8">Emir</project>
        <reporter id="26">rdelauri</reporter>
        <handler id="3">baccini</handler>
        <priority id="30">normal</priority>
        <severity id="80">block</severity>
        <reproducibility id="30">sometimes</reproducibility>
        <status id="90">closed</status>
        <resolution id="80">suspended</resolution>
        <projection id="10">none</projection>
        <category id="92">Issue</category>
        <date_submitted>1379509263</date_submitted>
        <last_updated>1387450449</last_updated>
        <eta id="10">none</eta>
        <platform>gwt</platform>
        <view_state id="10">public</view_state>
        <summary>doesn't work</summary>
        <due_date>1</due_date>
        <description>doesn't work</description>
    </issue>
</mantis>
