<?xml version="1.0" encoding="UTF-8"?>
<!DOCTYPE suite SYSTEM "http://testng.org/testng-1.0.dtd">
<suite name="Functional Suite">

	<listeners>
		<listener class-name="customListeners.Listeners"></listener>
		<listener class-name="org.uncommons.reportng.HTMLReporter"></listener>
	</listeners>

	<test name="Login Test">
	<parameter name="browser" value="firefox"></parameter>
		<classes>
			<class name="com.sample.test.TestSample" />
		</classes>
	</test> 


</suite> <!-- Suite -->
