<DataSource tableName="rcthisrtg"
				   ID="rcthisrtg"
	dataSourceVersion="1"
		  serverType="sql">
	<fields>
		<field title="Bloomberg code" name="BLOOMBCODE" primaryKey="true" detail="false" type="text" width="70" align="left" cellAlign="left" canFilter="true" canEdit="false"></field>
		<field title="Rating date" name="RTGDATE" detail="false" type="integer" width="20%" align="left" cellAlign="left" canFilter="true" canEdit="false"></field>
		<field title="Rating time" name="RTGTIME" detail="true" type="integer" width="20%" align="left" cellAlign="left" canFilter="true" canEdit="false"></field>
		<field title="Bank Id" name="BANKID" detail="false" type="integer" width="20%" align="left" cellAlign="left" canFilter="true" canEdit="false"></field>
		<field title="Rating Fitch" name="FITCHRTG" required="true" type="text" length="1000" width="10%"  canEdit="true" align="left" cellAlign="left" />
		<field title="Trascoded rating Fitch" name="FTCTRSCRTG" required="false" type="integer" detail="true" length="1000" width="30%"  canEdit="true" align="left" cellAlign="left" />
		<field title="Rating SP" name="SPRTG" required="true" type="text" length="1000" width="10%"  canEdit="true" align="left" cellAlign="left" />
		<field title="Transcoded rating SP" name="SPTRSCRTG" required="false" detail="true" type="integer" length="1000" width="30%"  canEdit="true" align="left" cellAlign="left" />
		<field title="Rating Moody s" name="MOODRTG" required="true" type="text" length="1000" width="10%"  canEdit="true" align="left" cellAlign="left" />
		<field title="Transcoded rating Moody s" name="MDSTRSCRTG" required="false" detail="true" type="integer" length="1000" width="30%"  canEdit="true" align="left" cellAlign="left" />
		<field title="Update type" name="UPDTYPE"  type="text" escapeHTML="true" canEdit="false" length="1" width="100" align="left" cellAlign="left" detail="true">
			   <valueMap>
					<value ID="C">Create</value>
					<value ID="U">Update</value>
					<value ID="D">Delete</value>
				</valueMap>
			</field>
		<field title="Update date" name="UPDDATE" type="datetime" width="100" align="left" cellAlign="left" canEdit="false" detail="true"></field>
		<field title="Update user" name="UPDUSR" length="30"  type="text" escapeHTML="true" canEdit="false" width="100" align="left" cellAlign="left" detail="true"></field>
	</fields>
   	<serverObject lookupStyle="new" className="it.ccg.irweb.server.dmi.StandardDMI"/>
  	<operationBindings>
		<operationBinding operationType="update" requiresRole="user,admin"></operationBinding>
		<operationBinding operationType="delete" requiresRole="user,admin"></operationBinding>
		<operationBinding operationType="add" requiresRole="user,admin" allowMultiUpdate="true"></operationBinding>
	    <operationBinding operationType="fetch" requiresRole="user,admin">  
	       <!--orderClause>RTGDATE desc</orderClause--> 
	    </operationBinding>              
	 </operationBindings>  	
</DataSource>