<DataSource tableName="rctissues"
				   ID="rctissues"
	dataSourceVersion="1"
		  serverType="sql">
	<fields>
		<field title="Reuters code" name="RCODE" primaryKey="true" detail="false" type="text" width="70" align="left" cellAlign="left" canFilter="true" canEdit="false"></field>
		<field title="Value date" name="VALUEDATE" required="true" type="datetime" displayFormat="toEuropeanShortDate" width="10%" editorType="TextItem" canEdit="false" align="left" cellAlign="left"/>
		<field title="Bank Id" name="BANKID" detail="false" type="integer" width="20%" align="left" cellAlign="left" canFilter="true" canEdit="false"></field>
		<field title="Ticker reuters" name="RTICKER" required="true" detail="true" type="text" length="1000" width="20%"  canEdit="false" align="left" cellAlign="left" />
		<field title="Display name" name="DSPLYNAME" required="false" type="text" length="1000" width="20%"  canEdit="true" align="left" cellAlign="left" />
		<field title="Maturity date" name="MATDATE" required="false" type="datetime" displayFormat="toEuropeanShortDate" width="10%" editorType="TextItem" canEdit="false" align="left" cellAlign="left"/>
		<field title="Rating Fitch" name="FITCHRTG" required="true" type="text" length="1000" width="10%"  canEdit="true" align="left" cellAlign="left" />
		<field title="Trascoded rating Fitch" name="FITHCTRSC" required="false" type="integer" detail="true" length="1000" width="30%"  canEdit="true" align="left" cellAlign="left" />
		<field title="Rating Moody s" name="MOODRTG" required="true" type="text" length="1000" width="10%"  canEdit="true" align="left" cellAlign="left" />
		<field title="Transcoded rating Moody s" name="MOODTRSC" required="false" detail="true" type="integer" length="1000" width="30%"  canEdit="true" align="left" cellAlign="left" />
		<field title="Rating SP" name="SPRTG" required="true" type="text" length="1000" width="10%"  canEdit="true" align="left" cellAlign="left" />
		<field title="Transcoded rating SP" name="SPTRSC" required="false" detail="true" type="integer" length="1000" width="30%"  canEdit="true" align="left" cellAlign="left" />
		<field title="Maturity spot analytic spread" name="MATANALSPR" required="false" detail="true" type="double" length="1000" width="20%"  canEdit="true" align="left" cellAlign="left" />
		<field title="Maturity standard OTR spread" name="MTSTOTRSPR" required="true" type="double" length="1000" width="20%"  canEdit="true" align="left" cellAlign="left" />
		<field title="Industry sector" name="INDSEC" required="true" type="text" length="1000" width="10%"  canEdit="true" align="left" cellAlign="left" />
		<field title="Update date" name="UPDDATE" type="datetime" width="100" align="left" cellAlign="left" canEdit="false" detail="true"></field>
		<field title="Update type" name="UPDTYPE"  type="text" escapeHTML="true" canEdit="false" length="1" width="100" align="left" cellAlign="left" detail="true">
		   <valueMap>
				<value ID="C">Create</value>
				<value ID="U">Update</value>
				<value ID="D">Delete</value>
			</valueMap>
		</field>
		<field title="Update user" name="UPDUSR" length="30"  type="text" escapeHTML="true" canEdit="false" width="100" align="left" cellAlign="left" detail="true"></field>
	</fields>
   	<serverObject lookupStyle="new" className="it.ccg.irweb.server.dmi.StandardDMI"/>
  	<operationBindings>
		<operationBinding operationType="update" requiresRole="user,admin"></operationBinding>
		<operationBinding operationType="delete" requiresRole="user,admin"></operationBinding>
		<operationBinding operationType="add" requiresRole="user,admin" allowMultiUpdate="true"></operationBinding>
	    <operationBinding operationType="fetch" requiresRole="user,admin">  
	       <!--orderClause>VALUEDATE desc</orderClause--> 
	    </operationBinding>              
	 </operationBindings>  	
</DataSource>