<DataSource tableName="rctratingh"
				   ID="rctratingh"
	dataSourceVersion="1"
		  serverType="sql">
	<fields>
		<field title="Bank ID" name="BANKID" required="true" type="integer" filterOperator="equals" primaryKey="true" width="14%" canEdit="false" align="left" cellAlign="left" detail="false" />
		<field title="Rating date" name="RATINGDATE" required="true" type="datetime" primaryKey="true" displayFormat="toEuropeanShortDate" width="10%" canEdit="false" align="left" cellAlign="left"/>
		<field title="Balance rating" name="BALANCERTG" length="20" type="float" width="8%" canEdit="false" editorType="TextItem"/>
		<field title="Market rating" name="SPREADRTG" length="20" type="float" width="8%" canEdit="false" editorType="TextItem"/>
		<field title="External rating" name="EXTERNRTG" length="20" type="float" width="8%" canEdit="false" editorType="TextItem"/>
		<field title="Proposal rating" name="PROPRTG" required="false" length="20" type="float" width="8%" canEdit="false" editorType="TextItem"/>
		<field title="Approved rating" name="APPRRTG" required="true" length="20" type="float" width="8%" canEdit="false" editorType="TextItem"/>
		<field title="Approved by" name="APPROVEDBY" required="true" type="text" length="30" width="10%"  canEdit="false" align="left" cellAlign="left"/>
		<field title="Approved date" name="APPRDATE" required="true" type="datetime" displayFormat="toEuropeanShortDate" width="10%" canEdit="false" align="left" cellAlign="left"/>
		<field title="Status" name="STATUS" required="false" length="1" type="enum" width="10%" canEdit="false" align="left" cellAlign="left" >
			<valueMap>  
				<value ID="S">Sent</value> 
				<value ID="N">No Sent</value> 
			</valueMap> 
		</field>
		<field title="Comment" name="COMMENT" required="false" type="text" length="1000" width="12%" canEdit="false" align="left" cellAlign="left"/>
		<field title="Note" name="NOTE" required="false" type="text" length="1000" width="12%" canEdit="false" align="left" cellAlign="left" detail="true"/>
		<field title="Risk committee code" name="RCCOD" required="true" type="integer" filterOperator="equals" width="10%"  canEdit="false" align="left" cellAlign="left" detail="true"/>
		<field title="Update date" name="UPDDATE" type="datetime" displayFormat="toEuropeanShortDateTime" width="100" align="left" cellAlign="left" canEdit="false" detail="true"/>
		<field title="Update type" name="UPDTYPE"  type="text" escapeHTML="true" canEdit="false" length="1" width="100" align="left" cellAlign="left" detail="true">
		   <valueMap>
				<value ID="C">Create</value>
				<value ID="U">Update</value>
				<value ID="D">Delete</value>
			</valueMap>
		</field>
		<field title="Update user" name="UPDUSR" length="30"  type="text" escapeHTML="true" canEdit="false" width="100" align="left" cellAlign="left" detail="true"/>
   	</fields>
   	<serverObject lookupStyle="new" className="it.ccg.irweb.server.dmi.StandardDMI"/>
  	<operationBindings>
		<operationBinding operationType="update" requiresRole="user"></operationBinding>
		<operationBinding operationType="delete" requiresRole="user"></operationBinding>
		<operationBinding operationType="add" requiresRole="user"></operationBinding>
		   <operationBinding operationType="fetch" requiresRole="user">  
		       <!--orderClause>APPRDATE desc</orderClause--> 
		   </operationBinding>
		   <operationBinding operationId="rctratingh_fetch" operationType="fetch">
			<selectClause>BANKID, RATINGDATE, BALANCERTG, SPREADRTG, EXTERNRTG, PROPRTG, APPRRTG, APPROVEDBY, APPRDATE, STATUS, COMMENT, NOTE, RCCOD, UPDDATE, UPDTYPE, UPDUSR</selectClause>
			<orderClause>APPRDATE desc</orderClause>
			  <!-- <customSQL>
					SELECT S.BANKID, S.RATINGDATE,S.BALANCERTG,S.SPREADRTG,
					S.EXTERNRTG, S.PROPRTG,	S.APPRRTG,S.APPROVEDBY,S.APPRDATE,S.STATUS,S.COMMENT,S.NOTE,S.RCCOD,S.UPDDATE,S.UPDTYPE,
					S.UPDUSR
					FROM pamptest.rctratingh S
					WHERE ($defaultWhereClause)
					ORDER BY S.APPRDATE desc
			  </customSQL> -->
		</operationBinding>	              
	 </operationBindings>  	
</DataSource>