<DataSource tableName="rctriskcom"
				   ID="rctriskcom"
	dataSourceVersion="1"
		  serverType="sql">
	<fields>
		<field title="Risk committee code" name="RCCODE" type="sequence" filterOperator="equals" primaryKey="true" width="80" canEdit="false" align="left" cellAlign="left" detail="true"/>
		<field title="Risk committee description" name="RCDESC" required="true" type="text" width="50%" length="255" canEdit="true" align="left" cellAlign="left"/>
		<field title="Risk committee date" name="RCDATE" required="true" type="datetime" displayFormat="toEuropeanShortDate" width="50%" align="left" cellAlign="left" />
		<field title="Update date" name="UPDDATE" type="datetime" displayFormat="toEuropeanShortDateTime" width="100" editorType="TextItem" align="left" cellAlign="left" canEdit="false" detail="true"/>
		<field title="Update type" name="UPDTYPE"  type="text" escapeHTML="true" canEdit="false" length="1" width="100" align="left" cellAlign="left" detail="true">
		   <valueMap>
				<value ID="C">Create</value>
				<value ID="U">Update</value>
				<value ID="D">Delete</value>
			</valueMap>
		</field>
		<field title="Update user" name="UPDUSR" length="30"  type="text" escapeHTML="true" canEdit="false" width="100" align="left" cellAlign="left" detail="true"/>
   	</fields>
   	<serverObject lookupStyle="new" className="it.ccg.irweb.server.dmi.StandardDMI"/>
  	<operationBindings>
		<operationBinding operationType="update" requiresRole="user"></operationBinding>
		<operationBinding operationType="delete" requiresRole="user"></operationBinding>
		<operationBinding operationType="add" requiresRole="user"></operationBinding>
		   <operationBinding operationType="fetch" requiresRole="user">  
		       <!--orderClause>RCDATE desc</orderClause--> 
		   </operationBinding>              
	 </operationBindings>  	
</DataSource>