<DataSource tableName="rcttrscode"
				   ID="rcttrscode"
	dataSourceVersion="1"
		  serverType="sql">
	<fields>
		<field title="Rating" name="RANKING" required="true" type="integer" filterOperator="equals" primaryKey="true" width="20%" canEdit="true" align="left" cellAlign="left"/>
		<field title="Provider" name="PROVIDER" required="true" length="1" type="enum" primaryKey="true" width="100" canEdit="true" align="left" cellAlign="left">
			<valueMap>  
				<value ID="I">Internal</value> 
				<value ID="F">Fitch</value> 
				<value ID="M">Moody's</value> 
				<value ID="S"><![CDATA[S&P]]></value> 
			</valueMap> 
		</field>
		<field title="Rating code" name="RTGCODE" required="true"  length="5" width="20%" type="text" escapeHTML="true" canEdit="true" align="left" cellAlign="left">
			<validators>
                 <validator type="regexp" errorMessage="Invalid characters are presents.">
                	<expression><![CDATA[^[A-D]{1,1}[A-Ca-c]{0,3}[1-3]{0,1}$|^[A-D]{1,1}[A-Ca-c]{0,3}[\-\+]{0,1}$|\d$]]></expression>
                </validator>
            </validators>
		</field>
		<field title="Minimal rating" name="MINRTG" required="true" length="20" type="float" width="20%" canEdit="true" editorType="TextItem" cellAlign="left" />
		<field title="Maximal rating" name="MAXRTG" required="false" length="20" type="float" width="20%" canEdit="true" editorType="TextItem" cellAlign="left"/>
		<field title="Update date" name="UPDDATE" type="datetime" displayFormat="toEuropeanShortDateTime" width="100" align="left" cellAlign="left" canEdit="false" detail="true"/>
		<field title="Update type" name="UPDTYPE"  type="text" escapeHTML="true" canEdit="false" length="1" width="100" align="left" cellAlign="left" detail="true">
		   <valueMap>
				<value ID="C">Create</value>
				<value ID="U">Update</value>
				<value ID="D">Delete</value>
			</valueMap>
		</field>
		<field title="Update user" name="UPDUSR" length="30"  type="text" escapeHTML="true" canEdit="false" width="100" align="left" cellAlign="left" detail="true"/>
   	</fields>
   	<serverObject lookupStyle="new" className="it.ccg.irweb.server.dmi.StandardDMI"/>
  	<operationBindings>
		<operationBinding operationType="update" requiresRole="user"></operationBinding>
		<operationBinding operationType="delete" requiresRole="user"></operationBinding>
		<operationBinding operationType="add" requiresRole="user"></operationBinding>
		   <operationBinding operationType="fetch" requiresRole="user">  
		       <!--orderClause>RANKING asc</orderClause--> 
		   </operationBinding>              
	 </operationBindings>  	
</DataSource>