<DataSource tableName="rctvarh"
				  ID="rctvarh"
   dataSourceVersion="1"
		  serverType="sql">
	<fields>
		<field title="Variable ID" name="VARID" required="true" type="integer" filterOperator="equals" primaryKey="true" width="80"  canEdit="false" align="left" cellAlign="left"/>
		<field title="Provider" name="PROVIDER" required="true" length="1" type="enum" width="60" canEdit="false" align="left" cellAlign="left">
			<valueMap>  
				<value ID="I">Internal</value> 
				<value ID="F">Fitch</value> 
				<value ID="M">Moody's</value> 
				<value ID="S"><![CDATA[S&P]]></value> 
			</valueMap> 
		</field>
		<field title="Fitch nickname" name="FITCHNNAME" required="true" length="50" type="String" filterOperator="equals" primaryKey="true" width="80"  canEdit="false" align="left" cellAlign="left"/>
		<field title="Variable date" name="VALUEDATE" required="true" type="datetime" displayFormat="toEuropeanShortDateTime" width="100" editorType="TextItem"  canEdit="false" align="left" cellAlign="left"/>
		<field title="Variable value" name="VARVALUE" required="true" length="20" type="float" width="20" canEdit="false" editorType="TextItem"/>
		<field title="Period length" name="PERIODLENG" required="true" type="integer" filterOperator="equals" width="80"  canEdit="false" align="left" cellAlign="left"/>
		<field title="Period type" name="PERIODTYPE" required="true" type="integer" filterOperator="equals" width="80"  canEdit="false" align="left" cellAlign="left"/>
		<field title="Data flag" name="DATAFLAG" required="true" type="integer" filterOperator="equals" width="80"  canEdit="false" align="left" cellAlign="left"/>
		<field title="Audited/Qualified flag" name="AUDQUALFLG" required="true" type="integer" filterOperator="equals" width="80"  canEdit="false" align="left" cellAlign="left"/>
		<field title="Update date" name="UPDDATE" type="datetime" displayFormat="toEuropeanShortDateTime" width="100" editorType="TextItem" align="left" cellAlign="left" canEdit="false"/>
		<field title="Update type" name="UPDTYPE"  type="text" escapeHTML="true" canEdit="false" length="1" width="100" align="left" cellAlign="left">
		   <valueMap>
				<value ID="C">Create</value>
				<value ID="U">Update</value>
				<value ID="D">Delete</value>
			</valueMap>
		</field>
		<field title="Update user" name="UPDUSR" length="30"  type="text" escapeHTML="true" canEdit="false" width="100" align="left" cellAlign="left"/>
	</fields>
	<serverObject lookupStyle="new" className="it.ccg.irweb.server.dmi.StandardDMI"/>
	<operationBindings>
		<operationBinding operationType="update" requiresRole="user"></operationBinding>
		<operationBinding operationType="delete" requiresRole="user"></operationBinding>
		<operationBinding operationType="add" requiresRole="user"></operationBinding>
	   <operationBinding operationType="fetch" requiresRole="user">  
		   <orderClause>VALUEDATE desc</orderClause> 
	  </operationBinding>          
	</operationBindings>  	
</DataSource>