<DataSource ID="timer">

    <fields>  
        <field title="Type" name="type" type="text"  align="left"  cellAlign="left" />  
        <field title="Start Date" name="startDateTime" type="datetime" displayFormat="toEuropeanShortDateTime" align="left"  cellAlign="left"  width="200" editorType="TextItem" />  
        <field title="Interval" name="interval" type="integer"  align="left"  cellAlign="left" width="100"/>
        <field title="User" name="user" type="text" required="true" align="left"  cellAlign="left" />  
    </fields>
    
    <serverObject lookupStyle="new" className="it.ccg.irejb.server.dmi.SchedulersDmiDAO"/>
  
	<operationBindings>
		<binding operationId="fetch" operationType="fetch" serverMethod="fetch"/>
	    <binding operationId="add" operationType="add" serverMethod="add"/>
	    <binding operationId="remove" operationType="remove" serverMethod="remove"/>
	    <binding operationId="removeAll" operationType="custom" serverMethod="removeAll"/>
   	</operationBindings>
</DataSource>  