<DataSource    
tableName="pmptclmar" 
ID="a_pmptclmar" 
dataSourceVersion="1" 
serverType="sql">

	<fields>
		<field title="Bond class" name="CLASSID" type="integer" filterOperator="equals" primaryKey="true" canEdit="false" editorType="ComboBoxItem"  filterEditorType="SelectItem" width="100" align="left" cellAlign="left" detail="false"></field>
		 <field title="Division" name="DIVISCODE" length="20"  type="text" escapeHTML="true"      width="100" canEdit="false" detail="true">
			<valueMap>
				<value ID="I">Infl.bond</value>
				 <value ID="B">I.R. Nodes</value>
			</valueMap>
		</field>
		<field title="Valid date" name="INIVDATE" required="true" type="datetime"  width="100" canEdit="true" detail="false" align="left" cellAlign="left"></field>
		<field title="End date" name="ENDVDATE"  required="true" type="date" width="90" canEdit="true" align="left" cellAlign="left" detail="true"></field>
		<field title="Send date" name="SENDDATE" required="true" type="datetime" width="100" canEdit="true" align="left" cellAlign="left" detail="false"></field>
		
</fields>
  	 <serverObject lookupStyle="new" className="it.ccg.pamp.server.dmi.StandardDMI"/>
  	 	<operationBindings>
	<operationBinding operationType="update" requiresRole="user"></operationBinding>
	<operationBinding operationType="delete" requiresRole="user"></operationBinding>
	<operationBinding operationType="add" requiresRole="user"></operationBinding>
 
  	 	 
  	   <operationBinding operationId="testc" operationType="fetch" >  
      
    </operationBinding>     
    <operationBinding operationId="testv" operationType="fetch" >  
       <selectClause>pmpvclmar.*</selectClause>
    <tableClause>pmpvclmar</tableClause>  
    </operationBinding>     
     </operationBindings>  	
</DataSource>