 <DataSource 
	  
	tableName="cgcls00f"
	ID="cgcls00f"
	dataSourceVersion="1"
	serverType="sql"
>
	<fields>
	    <field title="Cl. Instr. code"  name="CCLASS"  type="text" escapeHTML="true"      primaryKey="true" canFilter="true" width="150" align="left" cellAlign="left" detail="false" canEdit="false"></field>
	    <field title="Cl. Instr. type"  name="COFCOD"  type="text" escapeHTML="true"       canFilter="true" width="80" align="left" cellAlign="left" detail="false" canEdit="false"></field>
	   <field title="Cl. Currency" name="CCUR"  length="10"  type="text" escapeHTML="true"      editorType="SelectItem" width="80" canEdit="false" align="left" cellAlign="left" detail="false">
			<valueMap>
				<value ID="LIT">ITL</value>	
				<value ID="USD ">USD </value>	
				<value ID="EUR">EUR</value>	
				<value ID="GBP">GBP</value>	
				<value ID="NOK">NOK</value>	
				<value ID="SEK">SEK</value>	
				<value ID="CHF">CHF</value>	
				<value ID="DKK">DKK</value>	
				<value ID="CAD">CAD</value>	
				<value ID="JPY">JPY</value>	
				<value ID="ISK">ISK</value>	
				<value ID="CZK">CZK</value>	
				<value ID="HUF">HUF</value>	
				<value ID="RON">RON</value>	
				<value ID="ATS">ATS</value>	
				<value ID="TRY">TRY</value>
			</valueMap>
	</field>
	<field title="Group" name="CGROUP" length="20"  type="text" escapeHTML="true"      width="80" canEdit="false" detail="false"></field>
	<field title="Cl. ISIN code" name="CUCUSP" length="12"  type="text" escapeHTML="true"      required="true" width="110" canEdit="false" detail="false"></field>
	<field title="Cl. Description" name="CDESC" length="12"  type="text" escapeHTML="true"      required="true" width="100%" canEdit="false" detail="false"></field>
	<field title="Cl. Margin" name="CMRGNI" type="float" filterOperator="equals" width="100" canEdit="false" align="left" cellAlign="left" detail="false"></field>
	<field title="Cl. Update date" name="CCHGDT" type="datetime" width="100" align="left" cellAlign="left" canEdit="false" detail="true"></field>
   </fields>
<operationBindings>
	<operationBinding operationType="update" requiresRole="user"></operationBinding>
	<operationBinding operationType="delete" requiresRole="user"></operationBinding>
	<operationBinding operationType="add" requiresRole="user"></operationBinding>
 </operationBindings>  	
</DataSource>