
<DataSource 
	  
	tableName="pmptmarket"
	ID="pmptmarket"
	dataSourceVersion="1"
	generatedBy="7.1-Evaluation/Enterprise Deployment 2009-08-23"
	serverType="sql"
>
	<fields>
		<field title="Market code" name="MARKETCODE"  type="text" escapeHTML="true"      required="true" primaryKey="true" canEdit="true" length="30"  width="200" detail="false"/> 
  		<field title="Update date" name="UPDDATE" type="datetime" width="100" editorType="TextItem" align="left" cellAlign="left" canEdit="false" detail="true"></field>
		<field title="Update type" name="UPDTYPE"  type="text" escapeHTML="true"      canEdit="false" length="1" width="100" align="left" cellAlign="left" detail="true">
           <valueMap>
				<value ID="C">Create</value>
				<value ID="U">Update</value>
			</valueMap>
		</field>
		<field title="Update user" name="UPDUSR" length="30"  type="text" escapeHTML="true"      canEdit="false" width="100" align="left" cellAlign="left" detail="true"></field>
	<field title="Market description" name="MARKETDESC"  type="text" escapeHTML="true"      canEdit="true" editorType="TextItem" length="100" detail="false"/>
	</fields>
 <serverObject lookupStyle="new" className="it.ccg.pamp.server.dmi.StandardDMI"/>  
 <operationBindings>
	<operationBinding operationType="update" requiresRole="user"></operationBinding>
	<operationBinding operationType="delete" requiresRole="user"></operationBinding>
	<operationBinding operationType="add" requiresRole="user"></operationBinding>
	<operationBinding operationId="pmptmarket_fetch_forcomparable" operationType="fetch">
			<customSQL> select distinct m.marketcode
			from pmptmarket m, pmptinstr i
			where m.marketcode=i.marketcode
			AND i.diviscode='Y'
			</customSQL>
	</operationBinding>
	<operationBinding operationId="pmptmarket_fetch_eq" operationType="fetch">
			<customSQL> select distinct m.marketcode
			from pmptmarket m, pmptinstr i
			where m.marketcode=i.marketcode
			AND i.diviscode='E'
			</customSQL>
	</operationBinding>
	<operationBinding operationId="pmptmarket_fetch_mic" operationType="fetch">
			<customSQL> select distinct m.marketcode
			from pmptmarket m, pmptinstr i
			where m.marketcode=i.marketcode
			AND i.diviscode='M'
			</customSQL>
	</operationBinding>
	<operationBinding operationId="pmptmarket_fetch_ed" operationType="fetch">
			<customSQL> select distinct m.marketcode
			from pmptmarket m, pmptinstr i
			where m.marketcode=i.marketcode
			AND i.diviscode='D'
			</customSQL>
	</operationBinding>
	<operationBinding operationId="pmptmarket_fetch_agx" operationType="fetch">
			<customSQL> select distinct m.marketcode
			from pmptmarket m, pmptinstr i
			where m.marketcode=i.marketcode
			AND i.diviscode='W'
			</customSQL>
	</operationBinding>
	<operationBinding operationId="pmptmarket_fetch_ibo" operationType="fetch">
			<customSQL> select distinct m.marketcode
			from pmptmarket m, pmptinstr i
			where m.marketcode=i.marketcode
			AND i.diviscode='I'
			</customSQL>
	</operationBinding>
	<operationBinding operationId="pmptmarket_fetch_obo" operationType="fetch">
			<customSQL> select distinct m.marketcode
			from pmptmarket m, pmptinstr i
			where m.marketcode=i.marketcode
			AND (i.diviscode='O' or i.diviscode='I')
			</customSQL>
	</operationBinding>	
	<operationBinding operationId="pmptmarket_fetch_bo" operationType="fetch">
			<customSQL> select distinct m.marketcode
			from pmptmarket m, pmptinstr i
			where m.marketcode=i.marketcode
			AND i.diviscode='B'
			</customSQL>
	</operationBinding>
	<operationBinding operationId="pmptmarket_fetch_elec" operationType="fetch">
			<customSQL> select distinct m.marketcode
			from pmptmarket m, pmptinstr i
			where m.marketcode=i.marketcode
			AND i.diviscode='L'
			</customSQL>
	</operationBinding>
	<operationBinding operationId="pmptmarket_fetch_index" operationType="fetch">
			<customSQL> select distinct m.marketcode
			from pmptmarket m, pmptinstr i
			where m.marketcode=i.marketcode
			AND i.diviscode='X'
			</customSQL>
	</operationBinding>
	<operationBinding operationId="pmptmarket_fetch_curr" operationType="fetch">
			<customSQL> select distinct m.marketcode
			from pmptmarket m, pmptinstr i
			where m.marketcode=i.marketcode
			AND i.diviscode='C'
			</customSQL>
	</operationBinding>
	<operationBinding operationId="pmptmarket_fetch_hc" operationType="fetch">
			<customSQL> select distinct m.marketcode
			from pmptmarket m, pmptinstr i
			where m.marketcode=i.marketcode
			AND i.diviscode='H'
			</customSQL>
	</operationBinding>
	<operationBinding operationId="pmptmarket_fetch_xcom" operationType="fetch">
			<customSQL> select distinct m.marketcode
			from pmptmarket m, pmptinstr i
			where m.marketcode=i.marketcode
			AND i.diviscode='S'
			</customSQL>
	</operationBinding>
 </operationBindings>  	
</DataSource>
