 <DataSource 
	  
	tableName="pmptrstpah"
	ID="pmptrstpah"
	dataSourceVersion="1"
	serverType="sql"
>
	<fields>
	<field  title="S.T. ID"  name="STID" length="50"  type="integer" filterOperator="equals" editorType="TextItem" filterEditorType="SpinnerItem" primaryKey="true" width="100%" required="true" canEdit="false" align="left" cellAlign="left" detail="false"></field>
		 <field title="R.S.T. id" name="RSTID" type="integer" filterOperator="equals" canEdit="false" canFilter="true" width="100" detail="true" editorType="TextItem" filterEditorType="SpinnerItem" align="left" cellAlign="left"></field>
		 <field  title="Iteration"  name="ITER" length="50"  type="integer" filterOperator="equals"  width="80" editorType="TextItem" filterEditorType="SpinnerItem" required="true" canEdit="false" align="left" cellAlign="left" detail="false"></field>
		<field title="Instr. type" name="INSTRTYPE"  type="text" escapeHTML="true"   primaryKey="true"   canEdit="false"  length="30" width="80" align="left" cellAlign="left" detail="false"></field>
	     <field title="Division" name="DIVISCODE" required="true" length="20" type="enum" width="80" canEdit="true" detail="true">
			<valueMap>
				<value ID="E">Equities</value>
				<value ID="O">Bond</value> 
			</valueMap>
		</field>
	     <field title="St.dev.inc.coef." name="STDEVMULP" type="float" filterOperator="equals" width="90" editorType="TextItem" filterEditorType="SpinnerItem"  canEdit="false" detail="false" align="left" cellAlign="left"></field>
	   <field title="Mar.inc.coef." name="MARMULP" type="float" filterOperator="equals" width="90" editorType="TextItem" filterEditorType="SpinnerItem" canEdit="false" detail="false" align="left" cellAlign="left"></field>
	    <field title="Ext.var.inc.coef." name="EXTRPMUL" type="float" filterOperator="equals" editorType="TextItem" filterEditorType="SpinnerItem" width="90"  canEdit="false" detail="false" align="left" cellAlign="left"></field>
		  <field title="St.dev.dec.coef." name="STDEVMULN" type="float" filterOperator="equals" editorType="TextItem" filterEditorType="SpinnerItem" width="90"  canEdit="false" detail="false" align="left" cellAlign="left"></field>
	    <field title="Mar.dec.coef." name="MARMULN" type="float" filterOperator="equals" editorType="TextItem" filterEditorType="SpinnerItem" width="90"  canEdit="false" detail="false" align="left" cellAlign="left"></field>
	   <field title="Ext.var.dec.coef." name="EXTRNMUL" type="float" filterOperator="equals" editorType="TextItem" filterEditorType="SpinnerItem" width="90"  canEdit="false" detail="false" align="left" cellAlign="left"></field>
	   
		<field title="First date" name="HISTUPDDAY" type="datetime" displayFormat= "toEuropeanShortDateTime" width="110" detail="true" align="left" cellAlign="left"></field>
		<field title="Stress the last day available" name="HISTUPDLST"   type="text" escapeHTML="true"      canEdit="false" length="1" width="100" align="left" cellAlign="left" detail="true"></field>
		 <field title="An. period" name="PERIOD" type="integer" filterOperator="equals" width="80" editorType="TextItem" filterEditorType="SpinnerItem" canEdit="false" detail="true" align="left" cellAlign="left"></field>
	    <field title="HP" name="NVVEC"  type="text" escapeHTML="true"       length="1000" canEdit="false" width="150" detail="true" align="left" cellAlign="left"></field>
		<field title="Choose among(Dec)" name="EXTRSN" type="integer" required="true" filterOperator="equals" editorType="TextItem" filterEditorType="SpinnerItem" width="80"  canEdit="false" detail="true">
		<valueMap>
				<value ID="0">All variations</value>
				<value ID="-1">Negative variations</value> 
				<value ID="1">Positive variations</value> 
			</valueMap>
		</field>
		<field title="First extreme values to choose(Dec)" name="EXTRNN" type="integer" required="true" editorType="TextItem" filterEditorType="SpinnerItem" filterOperator="equals" width="80"  canEdit="false" detail="true" align="left" cellAlign="left"></field>
		<field title="Choose among(Inc)" name="EXTRSP" type="integer" required="true" filterOperator="equals" width="80"  canEdit="false" detail="true">
			<valueMap>
				<value ID="0">All variations</value>
				<value ID="-1">Negative variations</value> 
				<value ID="1">Positive variations</value> 
			</valueMap>
		</field>
		<field title="First extreme values to choose(Inc)" name="EXTRNP" type="integer" required="true" filterOperator="equals" editorType="TextItem" filterEditorType="SpinnerItem" width="80"  canEdit="false" detail="true" align="left" cellAlign="left"></field>
		<field title="Margin type(Inc)" name="MARDERP"  type="text" escapeHTML="true"       length="1" canEdit="false" width="150" detail="true">
			<valueMap>
				<value ID="D">Derivative</value>
				<value ID="C">Cash</value> 
			</valueMap>
		</field>
		<field title="Margin parameters used(Inc)" name="MARPROPP"  type="text" escapeHTML="true"      length="1" canEdit="false" width="150" detail="true">
		<valueMap>
				<value ID="W">Working</value>
				<value ID="P">Proposed</value> 
			</valueMap>
		</field>
		<field title="Margin type(Dec)" name="MARDERN"  type="text" escapeHTML="true"      length="1" canEdit="false" width="150" detail="true">
		<valueMap>
				<value ID="D">Derivative</value>
				<value ID="C">Cash</value> 
			</valueMap>
		</field>
		<field title="Margin parameters used(Dec)" name="MARPROPN"  type="text" escapeHTML="true"      length="1" canEdit="false" width="150" detail="true">
		<valueMap>
				<value ID="W">Working</value>
				<value ID="P">Proposed</value> 
			</valueMap>
		</field>
		<field title="Volatility coeff." name="VOLACOEFF" type="float" required="true" filterOperator="equals" editorType="TextItem" filterEditorType="SpinnerItem" width="80"  canEdit="false" detail="true" align="left" cellAlign="left"></field>
		<field title="Method" name="METHOD"  type="text" escapeHTML="true"      length="100" canEdit="false" width="150" detail="true">
		<valueMap>
				<value ID="MA">Margin</value>
				<value ID="EV">Extr.Var.</value> 
				<value ID="SD">St.Dev.</value> 
			</valueMap>
		</field>
		
		
		<field title="Update date" name="UPDDATE" type="datetime" displayFormat="toEuropeanShortDateTime" width="100" editorType="TextItem" align="left" cellAlign="left" canEdit="false" detail="true"></field>
		<field title="Update type" name="UPDTYPE"  type="text" escapeHTML="true"      canEdit="false" length="1" width="100" align="left" cellAlign="left" detail="true">
           <valueMap>
				<value ID="C">Create</value>
				<value ID="U">Update</value>
			</valueMap>
		</field>
		<field title="Update user" name="UPDUSR" length="30"  type="text" escapeHTML="true"      canEdit="false" width="100" align="left" cellAlign="left" detail="true"></field>
	</fields>
	<serverObject lookupStyle="new" className="it.ccg.pamp.server.dmi.StandardDMI"/>
   <operationBindings>
	<operationBinding operationType="update" requiresRole="user"></operationBinding>
	<operationBinding operationType="delete" requiresRole="user"></operationBinding>
	<operationBinding operationType="add" requiresRole="user"></operationBinding>
	
  
	</operationBindings>
</DataSource>