 <DataSource 
	  
	tableName="pmptlctry"
	ID="pmptlctry"
	dataSourceVersion="1"
	serverType="sql"
>
	<fields>
		<field title="Country" name="COUNTRY" type="text" filterOperator="equals" primaryKey="true" width="40%"  canEdit="false" align="left" cellAlign="left" detail="false"></field>
		<field title="Country Scenario" name="CTRYSCEN" type="text" align="left" cellAlign="left" width="40%" canEdit="true" detail="false">
		<valueMap>  
				<value ID="I">Increase</value>
				<value ID="D">Decrease</value>  
 			</valueMap>
		</field>
	  </fields>
  	<serverObject lookupStyle="new" className="it.ccg.pamp.server.dmi.StandardDMI"/>
  	<operationBindings>
	<operationBinding operationType="update" requiresRole="user"></operationBinding>
	<operationBinding operationType="delete" requiresRole="user"></operationBinding>
	<operationBinding operationType="add" requiresRole="user"></operationBinding>
	 
  	
 </operationBindings>  	
  
</DataSource>