<DataSource 
	  
	tableName="pmptminmar"
	ID="pmptminmar_lastreview"
	dataSourceVersion="1"
	serverType="sql"
>
	<fields>
	<field title="Instrument name" customSQL="true" tableName="pmptinstr" name="INSTRNAME"  type="text" escapeHTML="true"      canFilter="true" width="170" align="left" cellAlign="left" detail="false" canEdit="false"></field>
	<field title="Instrument ID" name="INSTRID" type="integer" filterOperator="equals" primaryKey="true" width="80"  canEdit="false" align="left" cellAlign="left" detail="true"></field>
	 <field title="Class" customSQL="true" tableName="pmptinstr" length="30" name="CLASSCODE"  type="text" escapeHTML="true"      canFilter="true" width="120" align="left" cellAlign="left" detail="false" canEdit="false"></field>
		<field title="Valid date" name="INIVDATE" customSQL="true" tableName="pmptmar" type="datetime" displayFormat="toEuropeanShortDateTime"  width="100" canEdit="false" detail="false" align="left" cellAlign="left" hidden="true"></field>
		<field title="End date" name="ENDVDATE" customSQL="true" tableName="pmptmar" type="datetime" displayFormat="toEuropeanShortDate"  width="90" canEdit="false" align="left" cellAlign="left" detail="false" hidden="true"></field>
		<field title="Send date" name="SENDDATE" customSQL="true" tableName="pmptmar" type="datetime" displayFormat="toEuropeanShortDateTime"  width="100" canEdit="false" align="left" cellAlign="left" detail="false" hidden="true"></field>
		<field title="Status" name="STATUS" length="1" type="enum" width="60" canEdit="false" align="left" cellAlign="left" detail="false">
	        <valueMap>  
				<value ID="E">Enabled</value>  
				<value ID="X">Error</value>
				<value ID="D">Disabled</value> 
 			</valueMap> 
   		</field>
   		<!--<field title="Cur.min.mar." name="CRMINMARC" type="float" filterOperator="equals" width="70" canEdit="false"  editorType="TextItem" filterEditorType="SpinnerItem"  align="left" cellAlign="left" detail="false"></field>
   		--><field title="Math.min.mar." name="CRMINMARM" type="float" filterOperator="equals" width="75" canEdit="false"  editorType="TextItem" filterEditorType="SpinnerItem"  align="left" cellAlign="left" detail="true"></field>
   		<field title="An.min.mar." name="ANMINMAR" type="float" filterOperator="equals" width="70" canEdit="false"  editorType="TextItem" filterEditorType="SpinnerItem"  align="left" cellAlign="left" detail="false"></field>
   		<field title="Usr.min.mar." name="USRMINMAR" type="float" filterOperator="equals" width="70" canEdit="true"  editorType="TextItem" filterEditorType="SpinnerItem"  align="left" cellAlign="left" detail="true"></field>
   		<field title="Prop.min.mar." name="PROPMINMAR" type="float" filterOperator="equals" width="75" canEdit="false"  editorType="TextItem" filterEditorType="SpinnerItem"  align="left" cellAlign="left" detail="false"></field>
   		<field title="Analysis date" name="ANDATE"  type="datetime" displayFormat="toEuropeanShortDateTime"  width="100" canEdit="false" align="left" cellAlign="left" detail="true"></field>
    	<field title="Approval" name="APPROVAL" length="1" type="enum" width="100" canEdit="false" align="left" cellAlign="left" detail="false">
	        <valueMap>  
				<value ID="A">Subm. for appr.</value>  
				<value ID="W">Working</value>
				<value ID="R">Rejected</value>     
 			</valueMap> 
   		</field>	
   		<field title="Propose" name="PROPOSE" length="1" type="enum" width="60" canEdit="true" align="left" cellAlign="left" detail="false">
	        <valueMap>  
				<value ID="C">Change</value>  
				<value ID="L">Leave</value>     
 			</valueMap> 
   		</field>	
   		 <field title="Custom" name="CUSTOM"  type="text" escapeHTML="true"      canEdit="true" length="1" width="70" align="left" cellAlign="left" detail="true">
           <valueMap>
				<value ID="T">True</value>
				<value ID="F">False</value>
			</valueMap>
		</field>
   		<field title="Motivation" name="RCCODE" customSQL="true" tableName="pmptmar" type="integer" filterOperator="equals" width="100%" filterEditorType="SelectItem"  canEdit="false" align="left" cellAlign="left" detail="false" ></field>
   		<field title="Comment" name="COMMENT" length="500"  type="text" escapeHTML="true"      canEdit="true" align="left" cellAlign="left" detail="true"></field>
   		<field title="Curr. log." name="CRLOG" length="200"  type="text" escapeHTML="true"      canEdit="true" align="left" cellAlign="left" detail="true"></field>
        <field title="An. log." name="ANLOG" length="200"  type="text" escapeHTML="true"      canEdit="false" align="left" cellAlign="left" detail="true"></field>
        <field title="Prop. log." name="PROPLOG" length="200"  type="text" escapeHTML="true"      canEdit="false" align="left" cellAlign="left" detail="true"></field>
        <field title="Update date" name="UPDDATE" type="datetime" displayFormat="toEuropeanShortDateTime" width="100" editorType="TextItem" align="left" cellAlign="left" canEdit="false" detail="true"></field>
		<field title="Update type" name="UPDTYPE"  type="text" escapeHTML="true"      canEdit="false" length="1" width="100" align="left" cellAlign="left" detail="true">
           <valueMap>
				<value ID="C">Create</value>
				<value ID="U">Update</value>
			</valueMap>
		</field>
		<field title="Update user" name="UPDUSR" length="30"  type="text" escapeHTML="true"      canEdit="false" width="100" align="left" cellAlign="left" detail="true"></field>
	    <field title="Working min. mar." name="WORKMINMAR" customSQL="true" tableName="pmpvminmar" type="float" filterOperator="equals" width="93" canEdit="false" align="left" cellAlign="left" detail="false" ></field>
		<field title="User diff." name="CHUSRMMAR" type="float"  tableName="pmpvminmar" customSQL="true" filterOperator="equals"   editorType="TextItem" filterEditorType="SpinnerItem"  width="65" canEdit="false" align="left" cellAlign="left" detail="true" ></field>
		<field title="An. diff." name="CHANMMAR" type="float" tableName="pmpvminmar"  customSQL="true" filterOperator="equals"  editorType="TextItem" filterEditorType="SpinnerItem"  width="65" canEdit="false" align="left" cellAlign="left" detail="true" ></field>
		<field title="An. min. mar. change" name="CHMINMAR" type="float" tableName="pmpvminmar"  customSQL="true" filterOperator="equals"  editorType="TextItem" filterEditorType="SpinnerItem"  width="110" canEdit="false" align="left" cellAlign="left" detail="false" ></field>
		</fields>
 	<serverObject lookupStyle="new" className="it.ccg.pamp.server.dmi.StandardDMI"/>
 <operationBindings>
	<operationBinding operationType="update" requiresRole="user"></operationBinding>
	<operationBinding operationType="delete" requiresRole="user"></operationBinding>
	<operationBinding operationType="add" requiresRole="user"></operationBinding>
      
    <operationBinding operationType="fetch"
        customValueFields="INSTRNAME,CHANMMAR,CHUSRMMAR,WORKMINMAR,CLASSCODE,CHMINMAR,INIVDATE,ENDVDATE,SENDDATE,RCCODE" 
        customCriteriaFields="INSTRNAME,CHANMMAR,CHUSRMMAR,WORKMINMAR,CLASSCODE,CHMINMAR,INIVDATE,ENDVDATE,SENDDATE,RCCODE">  
       <selectClause>pmptminmar.*,pmpvminmar.CHMINMAR, 
       pmpvminmar.CHUSRMMAR,pmpvminmar.CHANMMAR,pmpvminmar.WORKMINMAR,
       pmptmar.INIVDATE as INIVDATE,pmptmar.ENDVDATE as ENDVDATE,pmptmar.SENDDATE as SENDDATE,pmptmar.RCCODE,
       pmptinstr.DIVISCODE as DIVISCODE, pmptinstr.INSTRNAME AS INSTRNAME,pmptinstr.CLASSCODE as CLASSCODE
       </selectClause>
       <tableClause>pmptminmar, pmptinstr as pmptinstr, pmpvminmar as pmpvminmar, pmptmar as pmptmar</tableClause>  
       <whereClause><![CDATA[
       pmptinstr.INSTRID = pmptminmar.INSTRID AND 
       pmptinstr.INSTRID = pmpvminmar.INSTRID AND
       pmptinstr.INSTRID = pmptmar.INSTRID   
       AND pmptinstr.DIVISCODE = 'D' AND pmptminmar.APPROVAL !='W' AND pmptminmar.STATUS='E' 
       AND $defaultWhereClause]]></whereClause>  
      </operationBinding>     
  </operationBindings>  	
</DataSource>