<DataSource 
	  
	tableName="pmptelmar"
	ID="pmptelmar_lastrev"
	dataSourceVersion="1"
	serverType="sql"
>
	<fields>
	<field title="Instrument name" customSQL="true" tableName="pmpvmar" name="INSTRNAME"  type="text" escapeHTML="true"      canFilter="true" width="170" align="left" cellAlign="left" detail="false" canEdit="false"></field>
		<field title="Instrument ID" name="INSTRID" type="integer" filterOperator="equals" primaryKey="true" width="80"  canEdit="false" align="left" cellAlign="left" detail="true"></field>
		 <field title="Division" name="DIVISCODE" length="20" type="enum" width="100" canEdit="false" detail="true">
			<valueMap>
				<value ID="E">Equities</value>
				<value ID="D">Eq.derivates</value>
				<value ID="I">Infl.bond</value>
				<value ID="O">Bond</value> 
				 <value ID="B">I.R. Nodes</value>
				<value ID="L">Elect.derivates</value>
				<value ID="X">Indices</value>
				<value ID="C">Currency</value>
<value ID="Y">Comparable</value>
<value ID="H">Haircut</value>
			</valueMap>
		</field>
		<field title="Month" name="MONTH" type="integer" filterOperator="equals" primaryKey="true" width="80"  canEdit="false" align="left" cellAlign="left" detail="true"></field>
		<field title="Valid date" name="INIVDATE"  required="true" type="datetime" displayFormat="toEuropeanShortDate"  width="90" canEdit="true" align="left" cellAlign="left" detail="false"></field>
		<field title="End date" name="ENDVDATE"  required="true" type="datetime" displayFormat="toEuropeanShortDate"  width="90" canEdit="true" align="left" cellAlign="left" detail="false"></field>
		<field title="Send date" name="SENDDATE" required="true" type="datetime" displayFormat="toEuropeanShortDateTime"  width="100" canEdit="true" align="left" cellAlign="left" detail="false"></field>
		<field title="Status" name="STATUS" length="1" type="enum" width="60" canEdit="false" align="left" cellAlign="left" detail="false">
	        <valueMap>  
				<value ID="E">Enabled</value>
				<value ID="X">Error</value>  
				<value ID="D">Disabled</value> 
 			</valueMap> 
   		</field>
   		<field title="Curr.var.type" name="CRVARTYPE" type="enum" editorType="ComboBoxItem" length="1" width="70"  canEdit="false" align="left" cellAlign="left" detail="true">
		       <valueMap>  
				<value ID="L">Logarithmic</value>
				<value ID="P">Percentual</value> 
				</valueMap> 
		</field>
   		<field title="Cur.cover" name="CRCOVER" type="float" filterOperator="equals" width="63" canEdit="false"  editorType="TextItem" filterEditorType="SpinnerItem"  align="left" cellAlign="left" detail="true"></field>
		<field title="Cur.mar." name="CRMARGIN" type="float" filterOperator="equals" width="63"  editorType="TextItem" filterEditorType="SpinnerItem"  canEdit="false" align="left" cellAlign="left" detail="true"></field>
		<field title="Cur.year" name="CRYEAR" type="integer" filterOperator="equals" width="63" canEdit="false"  editorType="TextItem" filterEditorType="SpinnerItem"  align="left" cellAlign="left" detail="true"></field>
		<field title="An.mar." name="ANMARGIN" type="float" filterOperator="equals" width="50"  editorType="TextItem" filterEditorType="SpinnerItem"  canEdit="false" align="left" cellAlign="left" detail="false"></field>
		<field title="An.cov." name="ANCOVER" type="float" filterOperator="equals" width="60"  editorType="TextItem" filterEditorType="SpinnerItem"  canEdit="false" align="left" cellAlign="left" detail="true"></field>
		<field title="An.var.type" name="ANVARTYPE" type="enum" editorType="ComboBoxItem" length="1" width="70"  canEdit="false" align="left" cellAlign="left" detail="true">
		       <valueMap>  
				<value ID="L">Logarithmic</value>
				<value ID="P">Percentual</value> 
				</valueMap> 
		</field>
		<field title="An.year" name="ANYEAR" type="integer" filterOperator="equals" width="63" canEdit="false"  editorType="TextItem" filterEditorType="SpinnerItem"  align="left" cellAlign="left" detail="true"></field>
		<field title="User mar." name="USERMARGIN" type="float" filterOperator="equals" width="70" canEdit="true"  editorType="TextItem" filterEditorType="SpinnerItem"  required="true" align="left" cellAlign="left" detail="false">
		<validators>
				<validator type="floatRange" min="0" max="1" errorMessage="Must be between 0 and 1. Ex. 99.5% is 0.995"/>
			</validators>
		</field>
		<field title="Curr.min." name="CRMINMAR" type="float" filterOperator="equals" width="65" canEdit="false" align="left" cellAlign="left" detail="true" hidden="true"></field>
		<field title="An.min.mar." name="ANMINMAR" type="float" filterOperator="equals" width="65" canEdit="false" align="left" cellAlign="left" detail="true" ></field>
		<field title="User.min." name="USERMINMAR" type="float" filterOperator="equals" width="65"  editorType="TextItem" filterEditorType="SpinnerItem"  canEdit="true" required="true" align="left" cellAlign="left" detail="true"  hidden="true"></field>
		<field title="Analysis date" name="ANDATE"  type="datetime" displayFormat="toEuropeanShortDate"  width="80" canEdit="false" align="left" cellAlign="left" detail="false"></field>
		<field title="Prop.cov." name="PROPCOVER" type="float" filterOperator="equals" width="65" canEdit="false"   editorType="TextItem" filterEditorType="SpinnerItem"  align="left" cellAlign="left" detail="true"></field>
		<field title="Prop.mar." name="PROPMARGIN" type="float" filterOperator="equals" width="65" canEdit="false"  editorType="TextItem" filterEditorType="SpinnerItem"  align="left" cellAlign="left" detail="false"></field>			
		<field title="Prop.min.mar." name="PROPMINMAR" type="float" filterOperator="equals" width="65" canEdit="false"  editorType="TextItem" filterEditorType="SpinnerItem"  align="left" cellAlign="left" detail="true" ></field>	
		<field title="Approval" name="APPROVAL" length="1" type="enum" width="100" canEdit="false" align="left" cellAlign="left" detail="false">
	        <valueMap>  
				<value ID="A">Subm. for appr.</value>  
				<value ID="W">Working</value>
				<value ID="R">Rejected</value>     
 			</valueMap> 
   		</field>	
   		<field title="Propose" name="PROPOSE" length="1" type="enum" width="85" canEdit="true" align="left" cellAlign="left" detail="false">
	        <valueMap>  
				<value ID="C">Change</value>  
				<value ID="L">Leave</value>     
 			</valueMap> 
   		</field>	
   		<field title="Motivation" name="RCCODE" type="integer" filterOperator="equals" width="100%" filterEditorType="SelectItem"  canEdit="true" align="left" cellAlign="left" detail="false"></field>
   		<field title="Comment" name="COMMENT" length="500"  type="text" escapeHTML="true"      canEdit="true" align="left" cellAlign="left" detail="true"></field>
   		<field title="Update date" name="UPDDATE" type="datetime" displayFormat="toEuropeanShortDateTime" width="100" editorType="TextItem" align="left" cellAlign="left" canEdit="false" detail="true"></field>
		<field title="Update type" name="UPDTYPE"  type="text" escapeHTML="true"      canEdit="false" length="1" width="100" align="left" cellAlign="left" detail="true">
           <valueMap>
				<value ID="C">Create</value>
				<value ID="U">Update</value>
			</valueMap>
		</field>
		 <field title="Susp." name="SUSP"  type="text" escapeHTML="true"      canEdit="true" length="1" width="70" align="left" cellAlign="left" detail="true">
           <valueMap>
				<value ID="T">Susp.</value>
				<value ID="F"> </value>
			</valueMap>
		</field>
		<field title="Update user" name="UPDUSR" length="30"  type="text" escapeHTML="true"      canEdit="false" width="100" align="left" cellAlign="left" detail="true"></field>
        <field title="Curr. log." name="CRLOG" length="200"  type="text" escapeHTML="true"      canEdit="true" align="left" cellAlign="left" detail="true"></field>
        <field title="An. log." name="ANLOG" length="200"  type="text" escapeHTML="true"      canEdit="false" align="left" cellAlign="left" detail="true"></field>
        <field title="Prop. log." name="PROPLOG" length="200"  type="text" escapeHTML="true"      canEdit="false" align="left" cellAlign="left" detail="true"></field>
  		<field title="Custom" name="CUSTOM"  type="text" escapeHTML="true"      canEdit="true" length="1" width="70" align="left" cellAlign="left" detail="false">
           <valueMap>
				<value ID="T">True</value>
				<value ID="F">False</value>
			</valueMap>
		</field> 
		<field title="User Ch." name="USERCH"  type="text" escapeHTML="true"      canEdit="true" length="1" width="70" align="left" cellAlign="left" hidden="true"></field>
		<field title="User cov." name="USERCOV" type="float" filterOperator="equals" width="65" canEdit="false" align="left" cellAlign="left" detail="true"></field>
		<field title="Curr. first hist. date" name="CRFRSTHISD" type="datetime" displayFormat="toEuropeanShortDate" width="100" editorType="TextItem" align="left" cellAlign="left" canEdit="false" detail="true"></field>
  	    <field title="An. first hist. date" name="ANFRSTHISD" type="datetime" displayFormat="toEuropeanShortDate" width="100" editorType="TextItem" align="left" cellAlign="left" canEdit="false" detail="true"></field>
  	    <field title="Curr. last hist. date" name="CRLASTHISD" type="datetime" displayFormat="toEuropeanShortDate" width="100" editorType="TextItem" align="left" cellAlign="left" canEdit="false" detail="true"></field>
  	    <field title="An. last hist. date" name="ANLASTHISD" type="datetime" displayFormat="toEuropeanShortDate" width="100" editorType="TextItem" align="left" cellAlign="left" canEdit="false" detail="true"></field>
   	</fields>
  	<serverObject lookupStyle="new" className="it.ccg.pamp.server.dmi.StandardDMI"/>
  	<operationBindings>
	<operationBinding operationType="update" requiresRole="user"></operationBinding>
	<operationBinding operationType="delete" requiresRole="user"></operationBinding>
	<operationBinding operationType="add" requiresRole="user"></operationBinding>
  
      <operationBinding operationType="fetch" 
      customValueFields="INSTRNAME"
       customCriteriaFields="INSTRNAME">  
       <selectClause>pmptelmar.*,pmptinstr.INSTRNAME AS INSTRNAME</selectClause>
       <tableClause>pmptelmar, pmptinstr</tableClause>  
       <whereClause><![CDATA[ pmptinstr.DIVISCODE = 'L' 
       AND pmptelmar.INSTRID = pmptinstr.INSTRID and pmptelmar.APPROVAL!='W'
       AND $defaultWhereClause]]></whereClause>  
    </operationBinding>            
 </operationBindings>  	
  
</DataSource>