 <DataSource 
	  
	tableName="pmptbtmsta"
	ID="pmptbtmsta"
	dataSourceVersion="1"
	serverType="sql"
>
	<fields>
	 
	
		<field title="Back test ID" name="BTID" primaryKey="true" type="integer" filterOperator="equals" canEdit="false"  width="100"  align="left" cellAlign="left" detail="false"></field>
		<field title="Division" name="DIVISCODE" required="true" length="20" type="enum" width="100" canEdit="true" detail="true">
			<valueMap>
				<value ID="E">Equities</value>
				<value ID="O">Bond</value> 
			</valueMap>
		</field>
		 <field title="Day number" name="DAYNUMB" type="integer" filterOperator="equals" canEdit="false" width="100"  align="left" cellAlign="left" detail="true"></field>
		<field title="Ref. Date" name="REFDATE"  type="date" customSelectExpression="CAST(REFDATE as DATE)"  customUpdateExpression="$values.REFDATE" width="110" canEdit="false" detail="false" align="left" cellAlign="left" ></field>
		<field title="B.T. date" name="BTDATE" type="date" customSelectExpression="CAST(BTDATE as DATE)"  customUpdateExpression="$values.BTDATE"   width="110" canEdit="false" detail="true" align="left" cellAlign="left" ></field>
		 <field title="Cl. part. ID" name="MBRID" primaryKey="true" type="integer" filterOperator="equals" canEdit="false" editorType="TextItem" filterEditorType="SpinnerItem" width="100"  align="left" cellAlign="left" detail="true"></field>
	     <field title="Cl. part. name" name="MBRDESC"   type="text" escapeHTML="true"      length="100" align="left" cellAlign="left" canEdit="false" detail="false"></field>
   		<field title="Gen. Cl. part. ID" name="GMBRID" primaryKey="true" type="integer" filterOperator="equals" canEdit="false" editorType="TextItem" filterEditorType="SpinnerItem" width="100"  align="left" cellAlign="left" detail="true"></field>
	    <field title="Gen. Cl. part. name" name="GMBRDESC"   type="text" escapeHTML="true"      length="100" align="left" cellAlign="left" canEdit="false" detail="false"></field>
   		<field title="Account type" name="ACCTYPE" primaryKey="true"  type="text" escapeHTML="true"      canEdit="false" length="1" width="100" align="left" cellAlign="left" detail="false">
           <valueMap>
				<value ID="C">Client</value>
				<value ID="F">Firm</value>
			</valueMap>
		</field>
		<field title="Currency" name="CURRENCY" primaryKey="true" length="10"  type="text" escapeHTML="true"      filterEditorType="SelectItem" width="80" canEdit="false" detail="false">
			
				<valueMap>
				<value ID="IT   ">LIT</value>
				<value ID="US   ">USD</value>
				<value ID="EU   ">EUR</value>
				<value ID="GB   ">GBP</value>
				<value ID="NO   ">NOK</value>
				<value ID="SE   ">SEK</value>
				<value ID="CH   ">CHF</value>
				<value ID="DK   ">DKK</value>
				<value ID="CA   ">CAD</value>
				<value ID="JP   ">JPY</value>
				<value ID="IS   ">ISK</value>
			</valueMap>
		</field>
		<field title="Sub A/C" name="SUBACCT" primaryKey="true"  type="text" escapeHTML="true"  width="100"     length="100" align="left" cellAlign="left" canEdit="false" detail="false"></field>
		<field title="Breach number" name="BREACHNUMB" type="integer" filterOperator="equals" canEdit="false" width="100"  align="left" cellAlign="left" detail="true"></field>
		<field title="Observ. number" name="OBSERVNUMB" type="integer" filterOperator="equals" canEdit="false" width="100"  align="left" cellAlign="left" detail="true"></field>
		<field title="Coverage" name="BTCOVERAGE" type="float" filterOperator="equals"  canEdit="false" width="100" align="left"   cellAlign="left" detail="false"></field>
		<field title="Min.conf.lev." name="MINCNFLEV" type="float" filterOperator="equals"  canEdit="false" width="100" align="left"   cellAlign="left" detail="false"></field>
		<field title="Covered" name="CNFCOVERED"  type="text" escapeHTML="true"      length="1" canEdit="false" width="100" filterEditorType="SelectItem" align="left" cellAlign="left" detail="false">
	     <valueMap>
				<value ID="T">True</value>
				<value ID="F">False</value>
			</valueMap>
	    </field>
		<field title="Update date" name="UPDDATE" type="datetime"  width="100" editorType="TextItem" align="left" cellAlign="left" canEdit="false" detail="true"></field>
		<field title="Update type" name="UPDTYPE"  type="text" escapeHTML="true"      canEdit="false" length="1" width="100" align="left" cellAlign="left" detail="true">
           <valueMap>
				<value ID="C">Create</value>
				<value ID="U">Update</value>
			</valueMap>
		</field>
		<field title="Update user" name="UPDUSR" length="30"  type="text" escapeHTML="true"    canEdit="false" width="100" align="left" cellAlign="left" detail="true"></field>
	</fields>
	
  	<serverObject lookupStyle="new" className="it.ccg.pamp.server.dmi.StandardDMI"/>
  	<operationBindings>
	<operationBinding operationType="update" requiresRole="user"></operationBinding>
	<operationBinding operationType="delete" requiresRole="user"></operationBinding>
	<operationBinding operationType="add" requiresRole="user"></operationBinding>
  
 
 </operationBindings>  	
  
</DataSource>