<DataSource 
	  
	tableName="pmptvarel"
	ID="pmptvarel"
	dataSourceVersion="1"
	serverType="sql"
>
	<fields>
		<field title="Instrument ID" name="INSTRID" type="integer" filterOperator="equals" primaryKey="true" canEdit="false" width="100" editorType="TextItem" align="left" cellAlign="left" detail="true"></field>
		<field title="Contract Date" name="PRICEDATE" type="datetime"  required="true"  primaryKey="true" width="100" canEdit="false" align="left" cellAlign="left" detail="false"></field>
		<field title="Contract Price" name="CLOSEPR" type="float" filterOperator="equals"  canEdit="false"  width="50" required="true" align="left" cellAlign="left" detail="false">
			<validators>
					<validator type="floatRange" min="0" errorMessage="Please enter a positive value"/>
	        </validators>
	    </field>
		<field title="Var. type" name="VARTYPE" primaryKey="true"  type="text" escapeHTML="true"      editorType="ComboBoxItem" length="1" width="75"  canEdit="false" align="left" cellAlign="left" detail="false">
		       <valueMap>  
				<value ID="L">Logarithmic</value>
				<value ID="P">Percentual</value> 
				</valueMap> 
		</field>
	    <field title="Status" name="STATUS" length="1"  type="text" escapeHTML="true"      align="left" canEdit="false" cellAlign="left" detail="false">
	        <valueMap>  
				<value ID="E">Enabled</value>  
				<value ID="D">Disabled</value>  
 			</valueMap> 
   		</field>
   		<field title="Variation" name="VARIAT" type="float" filterOperator="equals"  editorType="TextItem" filterEditorType="SpinnerItem"  width="100" align="left" cellAlign="left" detail="false" ></field>
   		<field title="Pun. Ave." name="PUNAVE" type="float" filterOperator="equals"  editorType="TextItem" filterEditorType="SpinnerItem"  width="70" canEdit="false" align="left" cellAlign="left" detail="false"></field>
   		<field title="Pun. Month" name="PUNMONTH" type="integer" filterOperator="equals"  width="70" filterEditorType="TextItem"   canEdit="false" align="left" cellAlign="left" detail="false"></field>
   		<field title="Pun. Year" name="PUNYEAR" type="integer" filterOperator="equals"  editorType="TextItem" filterEditorType="SpinnerItem"  width="70" canEdit="false" align="left" cellAlign="left" detail="false"></field>
	    <field title="Update date" name="UPDDATE" type="datetime"  width="100" editorType="TextItem" align="left" cellAlign="left" canEdit="false" detail="true"></field>
		<field title="Update type" name="UPDTYPE"  type="text" escapeHTML="true"      canEdit="false" length="1" width="100" align="left" cellAlign="left" detail="true">
           <valueMap>
				<value ID="C">Create</value>
				<value ID="U">Update</value>
			</valueMap>
		</field>
		<field title="Update user" name="UPDUSR" length="30"  type="text" escapeHTML="true"      canEdit="false" width="100" align="left" cellAlign="left" detail="true"></field>
      	
	</fields>
  <serverObject lookupStyle="new" className="it.ccg.pamp.server.dmi.StandardDMI"/>
  <operationBindings>
	<operationBinding operationType="update" requiresRole="user"></operationBinding>
	<operationBinding operationType="delete" requiresRole="user"></operationBinding>
	<operationBinding operationType="add" requiresRole="user"></operationBinding>
 </operationBindings>  	
</DataSource>
