<DataSource 
	  
	tableName="pmptmarcov"
	ID="pmptmarcov"
	dataSourceVersion="1"
	serverType="sql"
>
	<fields>
		<field title="Instrument ID" name="INSTRID" type="integer" filterOperator="equals" primaryKey="true" width="80"  canEdit="false" align="left" cellAlign="left" detail="true"></field>
		<field title="HP" name="NV" primaryKey="true" type="integer" filterOperator="equals" canEdit="false"  length="80" editorType="SelectItem" width="80" align="left" cellAlign="left" detail="false"/> 
  		<field title="Period (days)" name="NDAYSPER" primaryKey="true" type="integer" filterOperator="equals" canEdit="false" editorType="ComboBoxItem" align="left" cellAlign="left" length="255"  width="80" detail="true"/> 
  	    <field title="Period" customSQL="true" tableName="pmptper" name="NDAYSDESC"  type="text" escapeHTML="true"      canFilter="true" editorType="ComboBoxItem" width="100" align="left" cellAlign="left" detail="false" canEdit="false"></field>
  	    <field title="Prop. mar. cov." name="PROPMARCOV" type="float" filterOperator="equals" canEdit="false"  align="left"  editorType="TextItem" filterEditorType="SpinnerItem"  cellAlign="left" detail="false"></field>	
	    <field title="Prop.mar.sd" hidden="true" name="PROPMARSD" type="float" filterOperator="equals" width="80" canEdit="false"  align="left" cellAlign="left" detail="false"></field>
	    <field title="Matd.mar.sd." hidden="true" name="MATDMARSD" type="float" filterOperator="equals" width="80" canEdit="false"  align="left" cellAlign="left" detail="false"></field>
	    <field title="Matd.marcov" hidden="true" name="MATDMARCOV" type="float" filterOperator="equals" width="80" canEdit="false"  align="left" cellAlign="left" detail="false"></field>
	    <field title="Math. cov." hidden="true" name="MATHMARCOV" type="float" filterOperator="equals" width="80" canEdit="false"  align="left" cellAlign="left" detail="false"></field>
	    <field title="Math. stdev." hidden="true" name="MATHMARSD" type="float" filterOperator="equals" width="80" canEdit="false"  align="left" cellAlign="left" detail="false"></field>
    	<field title="Update date" name="UPDDATE" type="datetime" displayFormat="toEuropeanShortDateTime" width="100" editorType="TextItem" align="left" cellAlign="left" canEdit="false" detail="true"></field>
		<field title="Update type" name="UPDTYPE"  type="text" escapeHTML="true"      canEdit="false" length="1" width="100" align="left" cellAlign="left" detail="true">
           <valueMap>
				<value ID="C">Create</value>
				<value ID="U">Update</value>
			</valueMap>
		</field>
		<field title="Update user" name="UPDUSR" length="30"  type="text" escapeHTML="true"      canEdit="false" width="100" align="left" cellAlign="left" detail="true"></field>
</fields>	    
<serverObject lookupStyle="new" className="it.ccg.pamp.server.dmi.StandardDMI"/>
	<operationBindings>
	<operationBinding operationType="update" requiresRole="user"></operationBinding>
	<operationBinding operationType="delete" requiresRole="user"></operationBinding>
	<operationBinding operationType="add" requiresRole="user"></operationBinding>
  
         <operationBinding operationType="fetch" 
       customValueFields="NDAYSDESC" 
        customCriteriaFields="NDAYSDESC"
       >  
       <selectClause>
          pmptmarcov.*, pmptper.NDAYSDESC AS NDAYSDESC
          </selectClause>
        <tableClause>pmptmarcov, pmptper</tableClause>  
          <whereClause><![CDATA[
           pmptmarcov.NDAYSPER = pmptper.NDAYSPER AND
           ($defaultWhereClause)
          ]]>  
          </whereClause>  
      </operationBinding>  
 
  </operationBindings> 
	
</DataSource>