<DataSource 
	  
	tableName="pmptstra"
	ID="pmptstra"
	dataSourceVersion="1"
	serverType="sql"
>
	<fields>
	    <field title="Instrument name" customSQL="true" tableName="pmptinstr" name="INSTRNAME"  type="text" escapeHTML="true"      canFilter="true" width="120" align="left" cellAlign="left" detail="false" canEdit="false"></field>
	   <field title="Instrument ID" name="INSTRID" type="integer" filterOperator="equals" primaryKey="true" width="80"  canEdit="false" align="left" cellAlign="left" detail="true"></field>
	    <field title="Class" customSQL="true" tableName="pmptinstr" name="CLASSCODE"  type="text" escapeHTML="true"      canFilter="true" width="120" align="left" cellAlign="left" detail="false" canEdit="false"></field>
		<field title="Valid date" name="INIVDATE" customSQL="true" tableName="pmptmar" type="datetime"   width="100" canEdit="false" detail="false" align="left" cellAlign="left" hidden="true"></field>
		<field title="End date" name="ENDVDATE" customSQL="true" tableName="pmptmar" type="datetime"   width="90" canEdit="false" align="left" cellAlign="left" detail="false" hidden="true"></field>
		<field title="Send date" name="SENDDATE" customSQL="true" tableName="pmptmar" type="datetime"   width="100" canEdit="false" align="left" cellAlign="left" detail="false" hidden="true"></field>
		<field title="Status" name="STATUS" length="1" type="enum" width="60" canEdit="false" align="left" cellAlign="left" detail="false">
	        <valueMap>  
				<value ID="E">Enabled</value>  
				<value ID="X">Error</value>
				<value ID="D">Disabled</value> 
 			</valueMap> 
   		</field>
   		<field title="Curr. method" name="CRSTRTYPE" type="enum" width="70" canEdit="false" align="left" cellAlign="left" detail="false">
		 <valueMap>  
				<value ID="V">Variations</value> 
				<value ID="C">Correlations</value> 
		</valueMap> 
		</field>
		<field title="An. method" name="ANSTRTYPE" type="enum" width="70" canEdit="false" align="left" cellAlign="left" detail="true">
		 <valueMap>  
				<value ID="V">Variations</value> 
				<value ID="C">Correlations</value> 
		</valueMap> 
		</field>
		 <field title="Custom" name="CUSTOM"  type="text" escapeHTML="true"      canEdit="true" length="1" width="70" align="left" cellAlign="left" detail="false">
           <valueMap>
				<value ID="T">True</value>
				<value ID="F">False</value>
			</valueMap>
		</field>
   		<field title="Cur.straddle" name="CRSTRAM" type="float" filterOperator="equals" width="67"  editorType="TextItem" filterEditorType="SpinnerItem"   canEdit="false" align="left" cellAlign="left" detail="true"></field>
   		<field title="An.straddle" name="ANSTRA" type="float" filterOperator="equals" width="67"  editorType="TextItem" filterEditorType="SpinnerItem"  canEdit="false" align="left" cellAlign="left" detail="false"></field>
   		<field title="Usr.straddle" name="USRSTRA" type="float" filterOperator="equals" width="67"  editorType="TextItem" filterEditorType="SpinnerItem"  canEdit="true" align="left" cellAlign="left" detail="false"></field>
   		<field title="Prop.straddle" name="PROPSTRA" type="float" filterOperator="equals" width="75"  editorType="TextItem" filterEditorType="SpinnerItem"   canEdit="false" align="left" cellAlign="left" detail="true"></field>
   		<field title="Analysis date" name="ANDATE"  type="datetime"   width="100" canEdit="false" align="left" cellAlign="left" detail="false"></field>
    	<field title="Cur.mult." name="CRMUL" type="integer" filterOperator="equals" width="50"   editorType="TextItem" filterEditorType="SpinnerItem"   canEdit="false" align="left" cellAlign="left" detail="true"></field>
   	    <field title="An.mult." name="ANMUL" type="integer" filterOperator="equals" width="50"  canEdit="false" align="left" cellAlign="left" detail="true"></field>
   	    <field title="Usr.mult." name="USRMUL" type="integer" filterOperator="equals" width="50"  canEdit="false" align="left" cellAlign="left" detail="true"></field>
   	   <field title="Cur.spread" name="CRSPREAD" type="float" filterOperator="equals" width="67" canEdit="false" align="left" cellAlign="left" detail="false"></field>
   		<field title="An.spread" name="ANSPREAD" type="float" filterOperator="equals" width="67" canEdit="false" align="left" cellAlign="left" detail="true"></field>
   		<field title="Usr.spread" name="USRSPREAD" type="float" filterOperator="equals" width="67" canEdit="false" align="left" cellAlign="left" detail="true"></field>
   		<field title="Approval" name="APPROVAL" length="1" type="enum" width="100" canEdit="false" align="left" cellAlign="left" detail="false">
	        <valueMap>  
				<value ID="A">Subm. for appr.</value>  
				<value ID="W">Working</value>
				<value ID="R">Rejected</value>     
 			</valueMap> 
   		</field>	
   		<field title="Propose" name="PROPOSE" length="1" type="enum" width="85" canEdit="true" align="left" cellAlign="left" detail="false">
	        <valueMap>  
				<value ID="C">Change</value>  
				<value ID="L">Leave</value>     
 			</valueMap> 
   		</field>	
   		<field title="Multiplier" name="MULT" type="float" filterOperator="equals"  editorType="TextItem" filterEditorType="SpinnerItem"  width="64" canEdit="false" align="left" cellAlign="left" detail="true"></field>
		<field title="Motivation" name="RCCODE" customSQL="true" tableName="pmptmar" type="integer" filterOperator="equals" width="90" editorType="SelectItem"  filterEditorType="SelectItem"  canEdit="false" align="left" cellAlign="left" detail="false" ></field>
   		<field title="Comment" name="COMMENT" length="500"  type="text" escapeHTML="true"      canEdit="true" align="left" cellAlign="left" detail="false"></field>
   		<field title="Curr. log." name="CRLOG" length="200"  type="text" escapeHTML="true"      canEdit="true" align="left" cellAlign="left" detail="true"></field>
        <field title="An. log." name="ANLOG" length="200"  type="text" escapeHTML="true"      canEdit="false" align="left" cellAlign="left" detail="true"></field>
        <field title="Prop. log." name="PROPLOG" length="200"  type="text" escapeHTML="true"      canEdit="false" align="left" cellAlign="left" detail="true"></field>
       <field title="Update date" name="UPDDATE" type="datetime" displayFormat="toEuropeanShortDateTime" width="100" editorType="TextItem" align="left" cellAlign="left" canEdit="false" detail="true"></field>
		<field title="Update type" name="UPDTYPE"  type="text" escapeHTML="true"      canEdit="false" length="1" width="100" align="left" cellAlign="left" detail="true">
           <valueMap>
				<value ID="C">Create</value>
				<value ID="U">Update</value>
			</valueMap>
		</field>
	<field title="Update user" name="UPDUSR" length="30"  type="text" escapeHTML="true"      canEdit="false" width="100" align="left" cellAlign="left" detail="true"></field>
	<field title="An. exp. 1" name="ANPRGEXP1" type="integer" filterOperator="equals" width="50"  canEdit="false" align="left" cellAlign="left" detail="true"></field>
	<field title="Cur. exp. 1" name="CRPRGEXP1" type="integer" filterOperator="equals" width="50"  canEdit="false" align="left" cellAlign="left" detail="true"></field>
	<field title="An. exp. 2" name="ANPRGEXP2" type="integer" filterOperator="equals" width="50"  canEdit="false" align="left" cellAlign="left" detail="true"></field>
	<field title="Cur. .exp. 2" name="CRPRGEXP2" type="integer" filterOperator="equals" width="50"  canEdit="false" align="left" cellAlign="left" detail="true"></field>
	<field title="Curr. HP" name="CRNV" type="integer" filterOperator="equals" width="50"  canEdit="false" align="left" cellAlign="left" detail="true"></field>
   	<field title="An.per(days)" name="ANNDAYSPER" type="integer" filterOperator="equals" width="80"  canEdit="false" align="left" cellAlign="left" detail="true"></field>
	<field title="An. HP" name="ANNV" type="integer" filterOperator="equals" width="50"  canEdit="false" align="left" cellAlign="left" detail="false"></field>
	<field title="Cur.per(days)" name="CRNDAYSPER" type="integer" filterOperator="equals" width="80"  canEdit="false" align="left" cellAlign="left" detail="true"></field>
   	<field title="Working straddle" name="WORKSTRA" customSQL="true" tableName="pmpvstra" type="float"  editorType="TextItem" filterEditorType="SpinnerItem"  filterOperator="equals" width="93" canEdit="false" align="left" cellAlign="left" detail="false" ></field>
	<field title="User diff." name="CHUSRSTRA" type="float"  tableName="pmpvstra" customSQL="true" filterOperator="equals"  editorType="TextItem" filterEditorType="SpinnerItem"  width="65" canEdit="false" align="left" cellAlign="left" detail="true" ></field>
	<field title="An. diff." name="CHANSTRA" type="float" tableName="pmpvstra"  customSQL="true" filterOperator="equals"  editorType="TextItem" filterEditorType="SpinnerItem"  width="65" canEdit="false" align="left" cellAlign="left" detail="false" ></field>
	<field title="Straddle change" name="CHSTRA" type="float" tableName="pmpvstra"  customSQL="true" filterOperator="equals"  editorType="TextItem" filterEditorType="SpinnerItem"  width="90" canEdit="false" align="left" cellAlign="left" detail="true" ></field>
	<field title="Curr. first hist. date" name="CRFRSTHISD" type="datetime"  width="100" editorType="TextItem" align="left" cellAlign="left" canEdit="false" detail="true"></field>
  <field title="An. first hist. date" name="ANFRSTHISD" type="datetime"  width="100" editorType="TextItem" align="left" cellAlign="left" canEdit="false" detail="false"></field>
  <field title="Curr. last hist. date" name="CRLASTHISD" type="datetime"  width="100" editorType="TextItem" align="left" cellAlign="left" canEdit="false" detail="true"></field>
  <field title="An. last hist. date" name="ANLASTHISD" type="datetime"  width="100" editorType="TextItem" align="left" cellAlign="left" canEdit="false" detail="true"></field>
</fields>
 	<serverObject lookupStyle="new" className="it.ccg.pamp.server.dmi.StandardDMI"/>
 <operationBindings>
	<operationBinding operationType="update" requiresRole="user"></operationBinding>
	<operationBinding operationType="delete" requiresRole="user"></operationBinding>
	<operationBinding operationType="add" requiresRole="user"></operationBinding>
  
       <operationBinding operationType="fetch" 
      customValueFields="INSTRNAME,CHUSRSTRA,CHANSTRA,WORKSTRA,CLASSCODE,CHSTRA,INIVDATE,ENDVDATE,SENDDATE,RCCODE,MULT" 
      customCriteriaFields="INSTRNAME,CHUSRSTRA,CHANSTRA,WORKSTRA,CLASSCODE,CHSTRA,INIVDATE,ENDVDATE,SENDDATE,RCCODE,MULT">  
       <selectClause>pmptstra.*,
       pmpvstra.WORKSTRA AS WORKSTRA, pmpvstra.CHSTRA as CHSTRA,pmpvstra.CHUSRSTRA as CHUSRSTRA,pmpvstra.CHANSTRA as CHANSTRA,
       pmptmar.INIVDATE as INIVDATE,pmptmar.ENDVDATE as ENDVDATE,pmptmar.SENDDATE as SENDDATE,pmptmar.RCCODE as RCCODE,
        pmptinstr.INSTRNAME AS INSTRNAME,pmptinstr.CLASSCODE as CLASSCODE,pmptinstr.MULT as MULT</selectClause>
       <tableClause>pmptstra,pmptinstr as pmptinstr, pmpvstra as pmpvstra, pmptmar as pmptmar</tableClause>  
       <whereClause><![CDATA[pmpvstra.INSTRID = pmptstra.INSTRID  
       AND pmptinstr.INSTRID = pmptstra.INSTRID
       AND pmptstra.instrid = pmptmar.instrid
       AND pmptinstr.DIVISCODE = 'D'
       AND $defaultWhereClause
       ]]></whereClause>  
    </operationBinding>        
     <operationBinding operationId="edlastreviewstra" operationType="fetch"
        customValueFields="INSTRNAME,DIVISCODE" customCriteriaFields="INSTRNAME,DIVISCODE">  
       <selectClause>pmptstra.*, pmptinstr.DIVISCODE as DIVISCODE, pmptinstr.INSTRNAME AS INSTRNAME</selectClause>
       <tableClause>pmptstra, pmptinstr as pmptinstr</tableClause>  
       <whereClause><![CDATA[pmptinstr.INSTRID = pmptstra.INSTRID 
       AND pmptinstr.DIVISCODE = 'D' AND APPROVAL !='W' 
       AND pmptstra.STATUS='E' AND $defaultWhereClause]]></whereClause>  
      </operationBinding>   
       <operationBinding operationId="pmptstra_update_all" operationType="update" requiresRole="user">  
         <whereClause><![CDATA[ instrid in (select instrid from pmptinstr where diviscode='D')]]></whereClause>  
    </operationBinding>   
  </operationBindings>  	
</DataSource>