 <DataSource 
	  
	tableName="pmptsstmbs"
	ID="pmptsstmbs"
	dataSourceVersion="1"
	serverType="sql"
>
	<fields>
		<field title="Transaction ID" name="TRANSID" type="float" filterOperator="equals"  canEdit="false" width="150" align="left"  editorType="TextItem" filterEditorType="SpinnerItem"  cellAlign="left" detail="true"></field>
   		<field title="Cl. memb. ID" name="UMBR" type="float" filterOperator="equals" primaryKey="true"  canEdit="false" width="150" align="left" filterEditorType="SelectItem" cellAlign="left" detail="false"></field>
   		<field title="Gen. Cl. memb. ID" name="UGCM" type="float" filterOperator="equals" primaryKey="true"  canEdit="false" width="150" align="left" filterEditorType="SelectItem" cellAlign="left" detail="false"></field>
   		<field title="Cl. memb. name" name="UMBRDESC"   type="text" escapeHTML="true"  length="130" align="left" cellAlign="left" canEdit="false" detail="false"></field>
   		<field title="Position ID" name="PFOLIOID"   type="text" escapeHTML="true"  length="100" align="left" cellAlign="left" canEdit="false" detail="false"></field>
   		<field title="Gen. Cl. memb. name" name="UGCMDESC"   type="text" escapeHTML="true"  length="130" align="left" cellAlign="left" canEdit="false" detail="false"></field>
   		<field title="Sub A/C NC" name="SUBACCNC"   type="text" escapeHTML="true"    length="100" align="left" cellAlign="left" canEdit="false" detail="false"></field>	
   		<field title="A/C" name="UACCT"   type="text" escapeHTML="true"   primaryKey="true"   length="100" align="left" cellAlign="left" canEdit="false" detail="false"></field>
   		<field title="Sub A/C" name="USUBAC"   type="text" escapeHTML="true"   primaryKey="true"   length="100" align="left" cellAlign="left" canEdit="false" detail="false"></field>
   		<field title="Currency" name="USGRP"  length="5"  type="text" escapeHTML="true"   primaryKey="true"   editorType="SelectItem" filterEditorType="SelectItem" width="100" canEdit="false" detail="false">
			<valueMap>
				<value ID="IT   ">LIT</value>
				<value ID="US   ">USD</value>
				<value ID="EU   ">EUR</value>
				<value ID="GB   ">GBP</value>
				<value ID="NO   ">NOK</value>
				<value ID="SE   ">SEK</value>
				<value ID="CH   ">CHF</value>
				<value ID="DK   ">DKK</value>
				<value ID="CA   ">CAD</value>
				<value ID="JP   ">JPY</value>
				<value ID="IS   ">ISK</value>
			</valueMap>
		</field>
   		<field title="Total margin requirement" name="UMARGIN" type="float" filterOperator="equals"  canEdit="false" width="150" align="left"  editorType="TextItem" filterEditorType="SpinnerItem"  cellAlign="left" detail="false"></field>
   		<field title="Margin requirement date" name="DATAMRG" type="float" filterOperator="equals"  canEdit="false" width="150" align="left" cellAlign="left" detail="false"></field>
   		<field title="Sens. test ID" name="SSTID" type="integer" filterOperator="equals" primaryKey="true" canEdit="false" filterEditorType="TextItem" width="100"  align="left" cellAlign="left" detail="false"></field>
   		<field title="Iteration num." name="ITER" type="integer" filterOperator="equals" primaryKey="true" canEdit="false" filterEditorType="TextItem" width="100"  align="left" cellAlign="left" detail="false"></field>
	   	<field title="Update date" name="UPDDATE" type="datetime"  width="100" editorType="TextItem" align="left" cellAlign="left" canEdit="false" detail="true"></field>
		<field title="Update type" name="UPDTYPE"  type="text" escapeHTML="true"      canEdit="false" length="1" width="100" align="left" cellAlign="left" detail="true">
           <valueMap>
				<value ID="C">Create</value>
				<value ID="U">Update</value>
			</valueMap>
		</field>
		<field title="Update user" name="UPDUSR" length="30"  type="text" escapeHTML="true"      canEdit="false" width="100" align="left" cellAlign="left" detail="true"></field>
	    
	   
	</fields>
  	<serverObject lookupStyle="new" className="it.ccg.pamp.server.dmi.StandardDMI"/>
  	<operationBindings>
	<operationBinding operationType="update" requiresRole="user"></operationBinding>
	<operationBinding operationType="delete" requiresRole="user"></operationBinding>
	<operationBinding operationType="add" requiresRole="user"></operationBinding>
	
  
  
 </operationBindings>  	
  
</DataSource>