 <DataSource 
	  
	tableName="pmptbtcoll"
	ID="pmptbtcoll"
	dataSourceVersion="1"
	serverType="sql"
>
	<fields>
	  <field title="Back Test ID" name="BTID" primaryKey="true" type="integer" filterOperator="equals"  width="100" editorType="SelectItem" canEdit="false" align="left" cellAlign="left" detail="true"></field>
	  <field title="Instrument ID" name="INSTRID" primaryKey="true" type="integer" filterOperator="equals"  width="80"  canEdit="false" align="left" cellAlign="left" detail="false"></field>
	  <field title="Instrument name" customSQL="true" tableName="pmptinstr" name="INSTRNAME"  type="text" escapeHTML="true"      canFilter="true" width="110" align="left" cellAlign="left" detail="true" canEdit="false"></field>
	  <field title="ISIN" customSQL="true" tableName="pmptinstr" name="ISINCODE"  type="text" escapeHTML="true"      canFilter="true" width="100%" align="left" cellAlign="left" detail="false" canEdit="false"></field>
	  <field title="HCT Class" name="HCTCLASSID" type="integer" filterOperator="equals"  width="80"  canEdit="false" align="left" cellAlign="left" detail="true"></field>
	  <field title="Working HCT" name="WRKHCT" type="float" filterOperator="equals" format="##.0##%" width="100" editorType="TextItem" filterEditorType="SpinnerItem"  canEdit="false"  align="left" cellAlign="left" detail="false"></field>
	  <field title="Price Date" name="PRICEDATE" primaryKey="true" type="datetime"    width="100" canEdit="false" align="left" cellAlign="left" detail="false"></field>	
	  <field title="Price" name="CLOSEPRICE" type="float" filterOperator="equals" editorType="TextItem" filterEditorType="SpinnerItem" width="100" canEdit="false"  align="left" cellAlign="left" detail="false"></field>
      <field title="Prev. Price" name="HPCLOSEPR" type="float" filterOperator="equals" editorType="TextItem" filterEditorType="SpinnerItem" width="100" canEdit="false"  align="left" cellAlign="left" detail="false"></field>
      <field title="Holding Period" name="HP" primaryKey="true" type="text" escapeHTML="true"      canEdit="false" length="50" editorType="SelectItem" align="left" width="100" cellAlign="left" detail="false"></field>
	  <field title="HP date" name="HPPRDATE" type="datetime"    width="100" canEdit="false" align="left" cellAlign="left" detail="false"></field>
      <field title="Breach" name="BREACH" type="float" filterOperator="equals" editorType="TextItem" width="100" filterEditorType="SpinnerItem"  canEdit="false"  align="left" cellAlign="left" detail="false"></field>
	  <field title="Is covered" name="HCTCOVERED" primaryKey="true" type="text" length="1" width="110"  canEdit="false" align="left" cellAlign="left" detail="true">
	    	<valueMap>  
				<value ID="T">True</value>  
				<value ID="F">False</value> 
 			</valueMap>
	    </field>
	    
	    <field title="Update date" name="UPDDATE" type="datetime"  width="100" editorType="TextItem" align="left" cellAlign="left" canEdit="false" detail="true"></field>
		<field title="Update type" name="UPDTYPE"  type="text" escapeHTML="true"      canEdit="false" length="1" width="100" align="left" cellAlign="left" detail="true">
           	<valueMap>
				<value ID="C">Create</value>
				<value ID="U">Update</value>
			</valueMap>
		</field>
		<field title="Update user" name="UPDUSR" length="30"  type="text" escapeHTML="true"      canEdit="false" width="100" align="left" cellAlign="left" detail="true"></field>
		
	</fields>
  	<serverObject lookupStyle="new" className="it.ccg.pamp.server.dmi.StandardDMI"/>
  	<operationBindings>
	<operationBinding operationType="update" requiresRole="user"></operationBinding>
	<operationBinding operationType="delete" requiresRole="user"></operationBinding>
	<operationBinding operationType="add" requiresRole="user"></operationBinding>
  
   <operationBinding operationType="fetch" 
      customValueFields="INSTRNAME,ISINCODE" 
      customCriteriaFields="INSTRNAME,ISINCODE">  
       <selectClause>pmptbtcoll.*,pmptinstr.instrname,pmptinstr.isincode</selectClause>
       <tableClause>pmptbtcoll, pmptinstr</tableClause>  
       <whereClause><![CDATA[pmptbtcoll.instrid=pmptinstr.instrid AND $defaultWhereClause]]></whereClause>  
   </operationBinding>        
 </operationBindings>  	
  
</DataSource>