 <DataSource 
	  
	tableName="pmptbtstp"
	ID="pmptbtstp_xcom"
	dataSourceVersion="1"
	serverType="sql"
>
	<fields>
		<field title="First date" name="HISTUPDDAY" type="datetime"  width="110" detail="false"></field>
		<field title="Last date" name="HISTFRSDAY" type="datetime" width="110" detail="false"></field>
		<!-- <field title="Chaeck date" name="HISTUPDLST"   type="text" escapeHTML="true"      canEdit="false" length="1" width="100" align="left" cellAlign="left" detail="false"></field> -->
		<field title="Var. type" name="INSTRTYPE"  type="text" escapeHTML="true"      canEdit="false" primaryKey="true" length="30" width="100" align="left" cellAlign="left" detail="false"></field>
		<field title="typedesc" name="TYPEDESC" customSQL="true" tableName="pmpttyp" length="50"  type="text" escapeHTML="true"      width="110" canEdit="false" detail="true" align="left" cellAlign="left"></field>
	   <field title="Pos. neg. var." name="PERIOD" type="integer" filterOperator="equals" width="80"  canEdit="false" detail="false"></field>
		<field title="HP" name="NVVEC"  type="text" escapeHTML="true"       length="1000" canEdit="false" width="150" detail="false"></field>
		 <field title="Division" name="DIVISCODE" required="true" primaryKey="true" length="20"  type="text" escapeHTML="true"      width="100" canEdit="true" detail="true">
			<valueMap>
				<value ID="O">Bond</value> 
				<value ID="M">New Mic</value>
			</valueMap>
		</field>
		<field title="Gr.round.type" name="DISABVAR"  type="text" escapeHTML="true"      length="1" canEdit="false" width="150" detail="false"></field>
		
		<field title="Update date" name="UPDDATE" type="datetime" displayFormat="toEuropeanShortDateTime" width="100" editorType="TextItem" align="left" cellAlign="left" canEdit="false" detail="true"></field>
		<field title="Update type" name="UPDTYPE"  type="text" escapeHTML="true"      canEdit="false" length="1" width="100" align="left" cellAlign="left" detail="true">
           <valueMap>
				<value ID="C">Create</value>
				<value ID="U">Update</value>
			</valueMap>
		</field>
		<field title="Update user" name="UPDUSR" length="30"  type="text" escapeHTML="true"      canEdit="false" width="100" align="left" cellAlign="left" detail="true"></field>
	</fields>
	<serverObject lookupStyle="new" className="it.ccg.pamp.server.dmi.StandardDMI"/>
   <operationBindings>
	<operationBinding operationType="update" requiresRole="user"></operationBinding>
	<operationBinding operationType="delete" requiresRole="user"></operationBinding>
	<operationBinding operationType="add" requiresRole="user"></operationBinding>


    <operationBinding operationType="fetch" 
      customValueFields="TYPEDESC" 
      customCriteriaFields="TYPEDESC">  
       <selectClause>distinct pmpttyp.typedesc,pmptbtstp.*</selectClause>
       <tableClause>pmptbtstp, pmpttyp as pmpttyp, pmptinstr as pmptinstr</tableClause>  
       <whereClause><![CDATA[pmptbtstp.instrtype = pmpttyp.instrtype 
       AND pmptinstr.instrtype=pmpttyp.instrtype AND 
       pmptinstr.diviscode='S' AND pmptbtstp.diviscode='S'
       AND $defaultWhereClause]]></whereClause>  
    </operationBinding>     
	</operationBindings>
</DataSource>