<DataSource 
	  
	tableName="pmptbtmgr"
	ID="pmptbtmgr"
	dataSourceVersion="1"
	serverType="sql"
>
	<fields>
	<field title="Prod. group" name="PRODGROUP"  primaryKey="true" type="text" escapeHTML="true"    length="100" align="left" cellAlign="left" canEdit="false" detail="false"></field>
	<field title="Back test ID" name="BTID" primaryKey="true" type="integer" filterOperator="equals" canEdit="false" editorType="TextItem" filterEditorType="SpinnerItem" width="100"  align="left" cellAlign="left" detail="true"></field>
		 <field title="Participant" name="MBRID" primaryKey="true" type="integer" filterOperator="equals" canEdit="false" editorType="TextItem" filterEditorType="SpinnerItem" width="100"  align="left" cellAlign="left" detail="true"></field>
	   <field title="Gen. member id." name="GMBRID" primaryKey="true" type="integer" filterOperator="equals" canEdit="false" editorType="TextItem" filterEditorType="SpinnerItem" width="100"  align="left" cellAlign="left" detail="true"></field>
	   <field title="Ref. date" name="REFDATE"  primaryKey="true"   type="datetime" width="110" canEdit="false" detail="false" align="left" cellAlign="left" ></field>
		<field title="Account type" name="ACCTYPE" primaryKey="true"  type="text" escapeHTML="true"      canEdit="false" length="1" width="100" align="left" cellAlign="left" detail="true">
           <valueMap>
				<value ID="C">Client</value>
				<value ID="F">Firm</value>
			</valueMap>
		</field>
		<field title="Gain(-)/Loss(+)" name="MTM" type="float" filterOperator="equals"  canEdit="false" width="100" align="left"  editorType="TextItem" filterEditorType="SpinnerItem"  cellAlign="left" detail="false"></field>
		<field title="Initial mar.(D0)" name="INITMAR" type="float" filterOperator="equals"  canEdit="false" width="100" align="left"  editorType="TextItem" filterEditorType="SpinnerItem"  cellAlign="left" detail="false"></field>
   		<field title="Risk fact. cover." name="RFCOVERED"  type="text" escapeHTML="true"      length="1" canEdit="false" width="100" filterEditorType="SelectItem" align="left" cellAlign="left" detail="false">
	     <valueMap>
				<value ID="T">True</value>
				<value ID="F">False</value>
			</valueMap>
	    </field>
	    <field title="Log" name="BTLOG"   type="text" escapeHTML="true"  length="1000" width="100" align="left" cellAlign="left" canEdit="false" detail="true"></field>
		<field title="Update date" name="UPDDATE" type="datetime"  width="100" editorType="TextItem" align="left" cellAlign="left" canEdit="false" detail="true"></field>
		<field title="Update type" name="UPDTYPE"  type="text" escapeHTML="true"      canEdit="false" length="1" width="100" align="left" cellAlign="left" detail="true">
           <valueMap>
				<value ID="C">Create</value>
				<value ID="U">Update</value>
			</valueMap>
		</field>
		<field title="Update user" name="UPDUSR" length="30"  type="text" escapeHTML="true"    canEdit="false" width="100" align="left" cellAlign="left" detail="true"></field>
	    <field title="Sub A/C" name="SUBACCT"   type="text" escapeHTML="true"   width="100"    length="100" align="left" cellAlign="left" canEdit="false" detail="true"></field>
	     <field title="Uncov. Loss" name="UNCOVGL" type="float" filterOperator="equals"  canEdit="false" width="100" align="left"  editorType="TextItem" filterEditorType="SpinnerItem"  cellAlign="left" detail="false"></field> 
	</fields>	
<serverObject lookupStyle="new" className="it.ccg.pamp.server.dmi.StandardDMI"/>
<operationBindings>
	<operationBinding operationType="update" requiresRole="user,causer"></operationBinding>
	<operationBinding operationType="delete" requiresRole="user,causer"></operationBinding>
	<operationBinding operationType="add" requiresRole="user,causer"></operationBinding>
 </operationBindings>  	
</DataSource>