<DataSource 
	  
	tableName="pmpvhisvbo"
	ID="pmpthispr_bo_hisview"
	dataSourceVersion="1"
	serverType="sql"
>
	<fields>
		<field title="Instrument ID" name="INSTRID" type="integer" filterOperator="equals"  width="100" align="left" editorType="ComboBoxItem" cellAlign="left" detail="true"></field>
		<field title="Date" name="PRICEDATE" type="datetime"   width="100%" align="left" cellAlign="left" detail="false"></field>
		<field title="Price" name="PRICE" type="float"  editorType="TextItem" filterEditorType="SpinnerItem"  filterOperator="equals" width="100" canEdit="false" align="left" cellAlign="left" detail="false"></field>
		<field title="I. rate" name="IR" type="float"  editorType="TextItem" filterEditorType="SpinnerItem"  filterOperator="equals" width="100" canEdit="false" align="left" cellAlign="left" detail="false"></field>
		<field title="HP" name="NV" type="integer" filterOperator="equals" editorType="ComboBoxItem" width="100" align="left" cellAlign="left" detail="false"></field>
		 <field title="Status" name="STATUS" length="1"  type="text" escapeHTML="true"      width="100" canEdit="false" align="left" cellAlign="left" detail="false">
	        <valueMap>  
				<value ID="E">Enabled</value>   
				<value ID="D">Disabled</value>  
 			</valueMap> 
   		</field>
   		<field title="I.R. variation" name="IRVAR" type="float"  editorType="TextItem" filterEditorType="SpinnerItem"  filterOperator="equals" width="100" canEdit="false" align="left" cellAlign="left" detail="false"></field>
		<field title="Abs. I.R. variat." name="ABSIRVAR" type="float"  editorType="TextItem" filterEditorType="SpinnerItem"  filterOperator="equals" width="100" canEdit="false" align="left" cellAlign="left" detail="false"></field>
		<field title="Price variat." name="PRICEVAR" type="float"  editorType="TextItem" filterEditorType="SpinnerItem"  filterOperator="equals" width="100" canEdit="false" align="left" cellAlign="left" detail="false"></field>
		<field title="Abs. price. variat." name="ABSPRICEVAR" type="float"  editorType="TextItem" filterEditorType="SpinnerItem"  filterOperator="equals" width="100" canEdit="false" align="left" cellAlign="left" detail="false"></field>
		<field title="Hist. volatility" name="HISTVOLA" type="float"  editorType="TextItem" filterEditorType="SpinnerItem"  filterOperator="equals" width="100" canEdit="false" align="left" cellAlign="left" detail="false"></field>
   </fields>
   <operationBindings>
	<operationBinding operationType="update" requiresRole="user"></operationBinding>
	<operationBinding operationType="delete" requiresRole="user"></operationBinding>
	<operationBinding operationType="add" requiresRole="user"></operationBinding>
 </operationBindings>  	
</DataSource>
