<DataSource 
	  
	tableName="pmptst"
	ID="pmptst"
	dataSourceVersion="1"
	serverType="sql"
>
	<fields>
		<field  title="Stress test ID"  name="STID" length="50"  type="integer" filterOperator="equals" primaryKey="true" width="100" required="true" canEdit="false" align="left" cellAlign="left" detail="false" ></field>
		<field title="Status" name="STATUS" length="1"  type="text" escapeHTML="true"      width="50" canEdit="true" align="left" cellAlign="left" detail="false">
	        <valueMap>  
				<value ID="T">Enabled</value>
				<value ID="F">Disabled</value>  
 			</valueMap> 
   		</field>
		<field title="Last hist. date" name="LSTHISTDAT" type="date" customSelectExpression="CAST(LSTHISTDAT as DATE)"   customUpdateExpression="$values.LSTHISTDAT" width="100"  align="left" cellAlign="left" canEdit="false" detail="false"></field>
		<field title="Note" name="NOTE"  type="text" escapeHTML="true"  width="100%"    canEdit="true" length="5000" align="left" cellAlign="left" detail="false"></field>
		 <field title="Division" name="DIVISCODE" required="true" length="20" type="enum" width="100" canEdit="true" detail="false">
			<valueMap>
				<value ID="E">Equities</value>
				<value ID="O">Bond</value> 
				<value ID="L">Elect.derivates</value>
				<value ID="M">Mic</value>
				<value ID="W">Agrex</value>
				<value ID="S">Xcom</value>
			</valueMap>
		</field>
		<field title="Update date" name="UPDDATE" type="datetime" displayFormat="toEuropeanShortDateTime"  width="100" align="left" cellAlign="left" canEdit="false" detail="true"></field>
		<field title="Update type" name="UPDTYPE"  type="text" escapeHTML="true"      canEdit="false" length="1" width="100" align="left" cellAlign="left" detail="true">
           <valueMap>
				<value ID="C">Create</value>
				<value ID="U">Update</value>
			</valueMap>
		</field>
		<field title="Update user" name="UPDUSR" length="30"  type="text" escapeHTML="true"      canEdit="false" width="100" align="left" cellAlign="left" detail="true"></field>
</fields>
<serverObject lookupStyle="new" className="it.ccg.pamp.server.dmi.StandardDMI"/>
    <operationBindings>
	<operationBinding operationType="update" requiresRole="user"></operationBinding>
	<operationBinding operationType="delete" requiresRole="user"></operationBinding>
	<operationBinding operationType="add" requiresRole="user"></operationBinding>
  
   <operationBinding operationId="pmptst_fetch_descall" operationType="fetch"> 
       <whereClause><![CDATA[(status ='T' OR status ='F') AND 
           ($defaultWhereClause)
          ]]>  
          </whereClause>  
       <orderClause>STID DESC </orderClause> 
      </operationBinding>  
       <operationBinding operationId="pmptst_fetch_descall_reverse" operationType="fetch"> 
       <whereClause><![CDATA[STATUS='R' AND 
           ($defaultWhereClause)
          ]]>  
          </whereClause>  
       <orderClause>STID DESC </orderClause> 
      </operationBinding>  
      <operationBinding operationId="pmptstorderdesc" operationType="fetch">  
       <whereClause><![CDATA[(status ='T' OR status ='F') 
       AND ($defaultWhereClause)]]>  
       </whereClause>  
       <orderClause>STID DESC </orderClause> 
      </operationBinding>  
       <operationBinding operationId="pmptst_fetch_eq" operationType="fetch" >  
          <whereClause><![CDATA[
          (DIVISCODE = 'E' or DIVISCODE = 'D') AND (status ='T' OR status ='F')  AND 
           ($defaultWhereClause)
          ]]>  
          </whereClause>  
          <orderClause>STID DESC </orderClause> 
      </operationBinding> 
       <operationBinding operationId="pmptst_fetch_agx" operationType="fetch" >  
          <whereClause><![CDATA[
          (DIVISCODE = 'W') AND (status ='T' OR status ='F')  AND 
           ($defaultWhereClause)
          ]]>  
          </whereClause>  
          <orderClause>STID DESC </orderClause> 
      </operationBinding> 
       <operationBinding operationId="pmptst_fetch_bo" operationType="fetch" >  
          <whereClause><![CDATA[
          (DIVISCODE = 'O') AND (status ='T' OR status ='F')  AND 
           ($defaultWhereClause)
          ]]>  
          </whereClause>  
          <orderClause>STID DESC </orderClause> 
      </operationBinding> 
       <operationBinding operationId="pmptst_fetch_el" operationType="fetch" >  
          <whereClause><![CDATA[
          (DIVISCODE = 'L') AND (status ='T' OR status ='F')  AND 
           ($defaultWhereClause)
          ]]>  
          </whereClause>  
          <orderClause>STID DESC </orderClause> 
      </operationBinding> 
       <operationBinding operationId="pmptst_fetch_eq_reverse" operationType="fetch" >  
          <whereClause><![CDATA[
          (DIVISCODE = 'E' or DIVISCODE = 'D') AND STATUS='R' AND
           ($defaultWhereClause)
          ]]>  
          </whereClause>  
          <orderClause>STID DESC </orderClause> 
      </operationBinding> 
  <operationBinding operationId="pmptst_fetch_mic" operationType="fetch" >  
          <whereClause><![CDATA[
          (DIVISCODE = 'M') AND (status ='T' OR status ='F')  AND 
           ($defaultWhereClause)
          ]]>  
          </whereClause>  
          <orderClause>STID DESC </orderClause> 
      </operationBinding> 
       <operationBinding operationId="pmptst_fetch_descall_mic" operationType="fetch"> 
       <whereClause><![CDATA[(status ='T' OR status ='F') AND diviscode='M' and
           ($defaultWhereClause)
          ]]>  
          </whereClause>  
       <orderClause>STID DESC </orderClause> 
      </operationBinding>  
       <operationBinding operationId="pmptst_fetch_descall_xcom" operationType="fetch"> 
       <whereClause><![CDATA[(status ='T' OR status ='F') AND diviscode='S' and
           ($defaultWhereClause)
          ]]>  
          </whereClause>  
       <orderClause>STID DESC </orderClause> 
      </operationBinding> 
  </operationBindings>  	
</DataSource>
