<DataSource 
	  
	tableName="pmptmicpr"
	ID="pmptmicpr"
	dataSourceVersion="1"
	serverType="sql"
>
	<fields>
		<field title="Instrument name" customSQL="true" tableName="pmptinstr" name="INSTRNAME"  type="text" escapeHTML="true"        width="100%" editorType="ComboBoxItem" align="left" cellAlign="left" detail="false" canEdit="false"></field>
	    <field title="Instrument ID" name="INSTRID" type="integer" filterOperator="equals" primaryKey="true" canEdit="false" width="100"  align="left" cellAlign="left" detail="true"></field>
		 <field title="Stress test ID" name="STID" type="integer" filterOperator="equals" primaryKey="true" canEdit="false" width="100" align="left" cellAlign="left" detail="false"></field>
		<field title="Stressed date" name="PRICEDATE" type="datetime" primaryKey="true"   width="100" canEdit="false" align="left" cellAlign="left" detail="true"></field>
		<field title="Price" name="CLOSEPR" type="float" filterOperator="equals"  canEdit="false" align="left" width="100"  editorType="TextItem" filterEditorType="SpinnerItem"  cellAlign="left" detail="false"></field>
		<field title="Stressed price" name="CLOSEPRST" type="float" filterOperator="equals"  canEdit="false" width="80" align="left"  editorType="TextItem" filterEditorType="SpinnerItem"  cellAlign="left" detail="false"></field>
	    <field title="Status" name="STATUS" length="1"  type="text" escapeHTML="true"      width="100" align="left" canEdit="false" cellAlign="left" detail="false">
	        <valueMap>  
				<value ID="E">Enabled</value>  
				<value ID="D">Disabled</value>  
 			</valueMap> 
   		</field>
   		 <field title="Sent" name="SENT" length="1"  type="text" escapeHTML="true"      width="55" align="left" canEdit="false" cellAlign="left" detail="false">
	        <valueMap>  
				<value ID="T">Sent</value>  
				<value ID="F">Not sent</value>  
 			</valueMap> 
   		</field>
   		<field title="Log" name="LOG"   type="text" escapeHTML="true"      width="150" length="1000" align="left" cellAlign="left" canEdit="false" detail="true"></field>
   		
		<field title="Update date" name="UPDDATE" type="datetime"  width="100" editorType="TextItem" align="left" cellAlign="left" canEdit="false" detail="true"></field>
		<field title="Update type" name="UPDTYPE"  type="text" escapeHTML="true"      canEdit="false" length="1" width="100" align="left" cellAlign="left" detail="true">
           <valueMap>
				<value ID="C">Create</value>
				<value ID="U">Update</value>
			</valueMap>
		</field>
		<field title="Instr. sub-type" customSQL="true" tableName="pmptinstr" name="INSTRSTYPE" required="true" canEdit="true" editorType="ComboBoxItem"  filterEditorType="SelectItem" length="30"  type="text" escapeHTML="true"  width="80" detail="true">
			<valueMap>
				<value ID="CORP">Corporate</value> 
				<value ID="GOVT">Governative</value>
				<value ID="MTGE">Mortgage</value>
			</valueMap>
		</field>
		<field title="Update user" name="UPDUSR" length="30"  type="text" escapeHTML="true"      canEdit="false" width="100" align="left" cellAlign="left" detail="true"></field>
      	 <!-- <field title="Price type" customSQL="true" tableName="pmptinstr" name="PRICETYPE" length="30"  type="text" escapeHTML="true"      width="80" align="left" canEdit="false" cellAlign="left" detail="true"></field>
      	  -->
      	  <field title="Price type" name="PRICETYPE" length="30"  type="text" escapeHTML="true"      width="100" align="left" canEdit="false" cellAlign="left" detail="false"></field> 
      	 <field title="Rating" name="RANKING" type="integer" filterOperator="equals" canEdit="false" width="80"  align="left" cellAlign="left" detail="false"></field>
      	<field title="Return" name="MKTRETURN" type="float" filterOperator="equals"  canEdit="false" align="left" width="100"  editorType="TextItem" filterEditorType="SpinnerItem"  cellAlign="left" detail="true"></field>
      	<field title="Str. Ret." name="STMRETURN" type="float" filterOperator="equals"  canEdit="false" align="left" width="100"  editorType="TextItem" filterEditorType="SpinnerItem"  cellAlign="left" detail="true"></field>
      	<field title="Risk free" name="RISKFREE" type="float" filterOperator="equals"  canEdit="false" align="left" width="100"  editorType="TextItem" filterEditorType="SpinnerItem"  cellAlign="left" detail="false"></field>
      	<field title="Haircut" name="HAIRCUT" type="float" filterOperator="equals"  canEdit="false" align="left" width="100"  editorType="TextItem" filterEditorType="SpinnerItem"  cellAlign="left" detail="false"></field>
      	<field title="Duration" name="DURATION" type="float" filterOperator="equals"  canEdit="false" align="left" width="80"  editorType="TextItem" filterEditorType="SpinnerItem"  cellAlign="left" detail="false"></field>
      	<field title="Mult." name="MULT" type="float" filterOperator="equals"  canEdit="false" align="left" width="80"  editorType="TextItem" filterEditorType="SpinnerItem"  cellAlign="left" detail="false"></field>
      	<field title="Adj. coeff." name="ADJCOEFF" type="float" filterOperator="equals"  canEdit="false" align="left" width="80"  editorType="TextItem" filterEditorType="SpinnerItem"  cellAlign="left" detail="false"></field>
	    <field title="ISIN code" customSQL="true" tableName="pmptinstr" name="ISINCODE" length="12"  type="text" escapeHTML="true"      required="true" width="110" canEdit="true" detail="false">
			<validators>
				<validator type="regex" expression="[A-Za-z]{2}[A-Za-z0-9]{10}" errorMessage="ISIN code not valid" />
			</validators>
		</field>
	    <field title="Scenario" name="SCENARIO"  type="text" escapeHTML="true"      length="1" primaryKey="true" canEdit="false" width="80" filterEditorType="SelectItem" align="left" cellAlign="left" detail="true">
	     <valueMap>
				<value ID="I">Increase</value>
				<value ID="D">Decrease</value>
				<value ID="0">Day 0</value>
			</valueMap>
	    </field>
	</fields>
  <serverObject lookupStyle="new" className="it.ccg.pamp.server.dmi.StandardDMI"/>
  <operationBindings>
	<operationBinding operationType="update" requiresRole="user"></operationBinding>
	<operationBinding operationType="delete" requiresRole="user"></operationBinding>
	<operationBinding operationType="add" requiresRole="user"></operationBinding>
  
   <operationBinding operationType="fetch" 
      customValueFields="INSTRNAME,ISINCODE,INSTRSTYPE" 
      customCriteriaFields="INSTRNAME,ISINCODE,INSTRSTYPE">  
       <selectClause>pmptmicpr.*,pmptinstr.INSTRNAME,pmptinstr.INSTRSTYPE,pmptinstr.ISINCODE</selectClause>
       <tableClause>pmptmicpr, pmptinstr</tableClause>  
       <whereClause><![CDATA[pmptinstr.DIVISCODE = 'M' AND pmptmicpr.INSTRID = pmptinstr.INSTRID
       AND $defaultWhereClause]]></whereClause>  
    </operationBinding>    
      
</operationBindings>  	
</DataSource>
