<DataSource 
	  
	tableName="pmptmicbts"
	ID="pmptmicbts"
	dataSourceVersion="1"
	serverType="sql"
>
	<fields>
		<field title="Instrument name" customSQL="true" tableName="pmptinstr" name="INSTRNAME"  type="text" escapeHTML="true"        width="100%" editorType="TextItem" align="left" cellAlign="left" detail="false" canEdit="false"></field>
		<field title="ISIN code" customSQL="true" tableName="pmptinstr" name="ISINCODE"  type="text" escapeHTML="true"        width="100" editorType="TextItem" align="left" cellAlign="left" detail="false" canEdit="false"></field>
		<field title="Class" customSQL="true" tableName="pmptinstr" name="BMKDESCR"  type="text" escapeHTML="true"        width="100" editorType="TextItem" align="left" cellAlign="left" detail="false" canEdit="false"></field>
	    <field title="Instrument ID" name="INSTRID" type="integer" filterOperator="equals" primaryKey="true" canEdit="false" width="100"  align="left" cellAlign="left" detail="true"></field>
		 <field title="B.T. ID" name="BTID" type="integer" filterOperator="equals" primaryKey="true" canEdit="false" width="70" align="left" cellAlign="left" detail="false"></field>
		<field title="Price date" name="PRICEDATE" type="datetime"     width="100" canEdit="false" align="left" cellAlign="left" detail="false"></field>
		<field title="Last price date" name="TPRICEDATE" type="datetime"     width="100" canEdit="false" align="left" cellAlign="left" detail="false"></field>
		<field title="Period" name="NDAYSPER" type="integer" primaryKey="true" filterOperator="equals" filterEditorType="SelectItem" canEdit="false" width="60" editorType="TextItem" align="left" cellAlign="left" detail="false"></field>
		<field title="Price" name="CLOSEPR" type="float" filterOperator="equals"  canEdit="false" align="left" width="70"  editorType="TextItem" filterEditorType="SpinnerItem"  cellAlign="left" detail="false"></field>
		<field title="Last price" name="TCLOSEPR" type="float" filterOperator="equals"  canEdit="false" align="left" width="70"  editorType="TextItem" filterEditorType="SpinnerItem"  cellAlign="left" detail="false"></field>
		<field title="Price var." name="PRICEVAR" type="float" filterOperator="equals"  canEdit="false" align="left" width="70"  editorType="TextItem" filterEditorType="SpinnerItem"  cellAlign="left" detail="false"></field>
		<field title="Var.Lim.(HC)" name="HCVARNET" type="float" filterOperator="equals"  canEdit="false" align="left" width="70"  editorType="TextItem" filterEditorType="SpinnerItem"  cellAlign="left" detail="false"></field>
		<field title="Var.Lim.(HC+7.5%)" name="HCVARFULL" type="float" filterOperator="equals"  canEdit="false" align="left" width="100"  editorType="TextItem" filterEditorType="SpinnerItem"  cellAlign="left" detail="false"></field>
		 <field title="Covered(HC+7.5%)" name="FCOVERED" length="1"  type="text" escapeHTML="true"      width="100" align="left" canEdit="false" cellAlign="left" detail="false">
	        <valueMap>  
				<value ID="T">True</value>  
				<value ID="F">False</value>  
 			</valueMap> 
   		</field>
   		 <field title="Covered(HC)" name="NCOVERED" length="1"  type="text" escapeHTML="true"      width="100" align="left" canEdit="false" cellAlign="left" detail="false">
	        <valueMap>  
				<value ID="T">True</value>  
				<value ID="F">False</value>  
 			</valueMap> 
   		</field>
   		<field title="Log" name="LOG"   type="text" escapeHTML="true"      width="150" length="1000" align="left" cellAlign="left" canEdit="false" detail="true"></field>
   		<field title="Note" name="NOTE"   type="text" escapeHTML="true"      width="100%" length="1000" align="left" cellAlign="left" canEdit="true" detail="false"></field>
		<field title="Update date" name="UPDDATE" type="datetime"  width="100" editorType="TextItem" align="left" cellAlign="left" canEdit="false" detail="true"></field>
		<field title="Update type" name="UPDTYPE"  type="text" escapeHTML="true"      canEdit="false" length="1" width="100" align="left" cellAlign="left" detail="true">
           <valueMap>
				<value ID="C">Create</value>
				<value ID="U">Update</value>
			</valueMap>
		</field>
		<field title="Update user" name="UPDUSR" length="30"  type="text" escapeHTML="true"      canEdit="false" width="100" align="left" cellAlign="left" detail="true"></field>
		
      	</fields>
  <serverObject lookupStyle="new" className="it.ccg.pamp.server.dmi.StandardDMI"/>
  <operationBindings>
	<operationBinding operationType="update" requiresRole="user"></operationBinding>
	<operationBinding operationType="delete" requiresRole="user"></operationBinding>
	<operationBinding operationType="add" requiresRole="user"></operationBinding>
  
   
 <operationBinding  operationType="fetch" 
      customValueFields="INSTRNAME,ISINCODE,BMKDESCR" 
      customCriteriaFields="INSTRNAME,ISINCODE,BMKDESCR">  
       <selectClause>PMPTINSTR.INSTRNAME, PMPTINSTR.ISINCODE, PMPTINSTR.BMKDESCR, PMPTMICBTS.* </selectClause>
       <tableClause>PMPTMICBTS AS PMPTMICBTS, PMPTINSTR AS PMPTINSTR</tableClause>  
       <whereClause><![CDATA[ PMPTINSTR.INSTRID=PMPTMICBTS.INSTRID AND PMPTINSTR.DIVISCODE='M'
       AND $defaultWhereClause]]></whereClause>  
       <orderClause>BTID DESC </orderClause>
    </operationBinding>    
         
</operationBindings>  	
</DataSource>
