<DataSource 
	  
	tableName="pmptsthisd"
	ID="pmptsthisd_rst"
	dataSourceVersion="1"
	serverType="sql"
>
	<fields>
		<field title="Instrument name" customSQL="true" tableName="pmptinstr" name="INSTRNAME"  type="text" escapeHTML="true"      canFilter="true" width="100%" editorType="TextItem" align="left" cellAlign="left" detail="false" canEdit="false"></field>
	    <field title="Instrument ID" name="INSTRID" type="integer" filterOperator="equals" primaryKey="true" canEdit="false" width="100"  align="left" cellAlign="left" detail="true"></field>
		<field title="Expiry" name="EXPIRY" type="integer" filterOperator="equals" primaryKey="true" canEdit="false" width="80" align="left" cellAlign="left" detail="false"></field>
	    <field title="Stress test ID" name="STID" type="integer" filterOperator="equals" editorType="TextItem" primaryKey="true" canEdit="false" width="100" align="left" cellAlign="left" detail="false"></field>
	    <field title="RST ID" tableName="pmptrstpah" customSQL="true" name="RSTID" type="integer" filterOperator="equals" editorType="TextItem"  canEdit="false" width="60" align="left" cellAlign="left" detail="false"></field>
	   <field  title="Iteration" tableName="pmptrstpah" name="ITER" customSQL="true" length="50"  type="integer" filterOperator="equals"  width="60" editorType="TextItem" filterEditorType="SpinnerItem" required="true" canEdit="false" align="left" cellAlign="left" detail="false"></field>
	   <field title="Scenario" name="SCENARIO" length="1"  type="text" escapeHTML="true"      primaryKey="true" canEdit="false" width="80" filterEditorType="SelectItem" align="left" cellAlign="left" detail="false">
	     <valueMap>
				<value ID="I">Increase</value>
				<value ID="D">Decrease</value>
				<value ID="H">Parallel Inc.</value>
				<value ID="L">Parallel Dec.</value>
				<value ID="M">Higher</value>
				<value ID="W">Lower</value>
				<value ID="S">Steepening</value>
				<value ID="F">Flattening</value>
				<value ID="B">Inc. Plus Default</value>
				<value ID="E">Dec. Plus Default</value>
				<value ID="P">Dec.half vola.</value>
				<value ID="J">Inc.half vola.</value>
				<value ID="A">Inv. Country Corr.</value>
				<value ID="U">Dir. Country Corr.</value>
				<value ID="C">Custom Bank Def.</value>
				<!-- <value ID="0">Day 0</value> -->
			</valueMap>
	    </field>
		<field title="Stressed date" name="PRICEDATE" type="datetime" primaryKey="true"   width="100" canEdit="false" align="left" cellAlign="left" detail="false"></field>
		<field title="Period" name="NDAYSPER" type="integer" filterOperator="equals" filterEditorType="SelectItem" canEdit="false" width="60" editorType="TextItem" align="left" cellAlign="left" detail="false"></field>
		<field title="Strike" name="STRIKE" type="float" filterOperator="equals" primaryKey="true" required="true" canEdit="true" width="80" align="left" cellAlign="left" detail="false" ></field>
		<field title="Price" name="CLOSEPR" type="float" filterOperator="equals"  canEdit="false"  width="70"  align="left"  editorType="TextItem" filterEditorType="SpinnerItem"  cellAlign="left" detail="false"></field>
		<field title="Stressed price" name="CLOSEPRST" type="float" filterOperator="equals"  canEdit="false" width="100" align="left"  editorType="TextItem" filterEditorType="SpinnerItem"  cellAlign="left" detail="false"></field>
	    <field title="ATM" name="ATM" length="1"  type="text" escapeHTML="true"      width="55" align="left" canEdit="false" cellAlign="left" detail="false">
	        <valueMap>  
				<value ID="T">True</value>  
				<value ID="F">False</value>  
 			</valueMap> 
   		</field><field title="Str. ATM" name="ATMST" length="1"  type="text" escapeHTML="true"      width="55" align="left" canEdit="false" cellAlign="left" detail="false">
	        <valueMap>  
				<value ID="T">True</value>  
				<value ID="F">False</value>  
 			</valueMap> 
   		</field>
   		<field title="Shift" name="SHIFT" type="integer" filterOperator="equals"  canEdit="false" width="60" editorType="TextItem" align="left" cellAlign="left" detail="false"></field>
		
	     <field title="Put/Call" name="PC"  type="text" escapeHTML="true"      length="1" primaryKey="true" required="true" editorType="ComboBoxItem" canEdit="true" width="60" align="left" cellAlign="left" detail="false">
	      <valueMap>  
				<value ID="C">Call</value>  
				<value ID="P">Put</value>		  
				<value ID="F">Futures</value>		       
 			</valueMap>
 		 </field>
 		 <field title="Imp.vola." name="IMPVOLA" type="float" filterOperator="equals" required="true" width="80"  align="left" cellAlign="left" canEdit="true" detail="false" ></field>
 		  <field title="Stressed Imp.vola." name="IMPVOLAST" type="float" filterOperator="equals" required="true" width="100"  align="left" cellAlign="left" canEdit="true" detail="false" ></field>
	   <field title="Code" name="CODE"  type="text" escapeHTML="true"      length="20" align="left" cellAlign="left" canEdit="true" width="90" detail="false"></field>
 		  <field title="Log" name="LOG"  type="text" escapeHTML="true"      length="1000" align="left" cellAlign="left" canEdit="true" width="90" detail="true"></field>
 		 
	    <field title="Status" name="STATUS" length="1"  type="text" escapeHTML="true"      width="50" align="left" canEdit="false" cellAlign="left" detail="false">
	        <valueMap>  
				<value ID="E">Enabled</value>  
				<value ID="D">Disabled</value>  
 			</valueMap> 
   		</field>
   		 <field title="Sent" name="SENT" length="1"  type="text" escapeHTML="true"      width="55" align="left" canEdit="false" cellAlign="left" detail="false">
	        <valueMap>  
				<value ID="T">Sent</value>  
				<value ID="F">Not sent</value>  
 			</valueMap> 
   		</field>
		<field title="Update date" name="UPDDATE" type="datetime"  width="100" editorType="TextItem" align="left" cellAlign="left" canEdit="false" detail="true"></field>
		<field title="Update type" name="UPDTYPE"  type="text" escapeHTML="true"      canEdit="false" length="1" width="100" align="left" cellAlign="left" detail="true">
           <valueMap>
				<value ID="C">Create</value>
				<value ID="U">Update</value>
			</valueMap>
		</field>
		<field title="Update user" name="UPDUSR" length="30"  type="text" escapeHTML="true"      canEdit="false" width="100" align="left" cellAlign="left" detail="true"></field>
      	
	</fields>
  <serverObject lookupStyle="new" className="it.ccg.pamp.server.dmi.StandardDMI"/>
   <operationBindings>
	<operationBinding operationType="update" requiresRole="user"></operationBinding>
	<operationBinding operationType="delete" requiresRole="user"></operationBinding>
	<operationBinding operationType="add" requiresRole="user"></operationBinding>
  
    <operationBinding operationId="pmptsthisd_fetch_eq_rst" operationType="fetch" 
      customValueFields="INSTRNAME,RSTID,ITER" 
      customCriteriaFields="INSTRNAME,RSTID,ITER">  
       <selectClause>distinct(pmptrstpah.ITER) as ITER,pmptrstpah.RSTID,pmptsthisd.*,pmptinstr.INSTRNAME</selectClause>
       <tableClause>pmptsthisd, pmptinstr, pmptrstpah</tableClause>  
       <whereClause><![CDATA[pmptsthisd.INSTRID = pmptinstr.INSTRID 
       AND pmptrstpah.STID=pmptsthisd.STID
       AND pmptinstr.DIVISCODE ='D' 
       AND $defaultWhereClause]]></whereClause> 
    </operationBinding>
    
    
</operationBindings>  	
  </DataSource>
