 <DataSource 
	  
	tableName="pmptbtmmbs"
	ID="pmptbtmmbs_btex"
	dataSourceVersion="1"
	serverType="sql"
>
	<fields>
		<field title="Back test ID" name="BTID" primaryKey="true" type="integer" filterOperator="equals" canEdit="false"  width="100"  align="left" cellAlign="left" detail="false"></field>
		 <field title="Clearing member id." name="MBRID" primaryKey="true" type="integer" filterOperator="equals" canEdit="false" editorType="TextItem" filterEditorType="SpinnerItem" width="100"  align="left" cellAlign="left" detail="true"></field>
	     <field title="Clearing member desc." name="MBRDESC"   type="text" escapeHTML="true"      length="100" align="left" cellAlign="left" canEdit="false" detail="false"></field>
   		<field title="Gen. member id." name="GMBRID" primaryKey="true" type="integer" filterOperator="equals" canEdit="false" editorType="TextItem" filterEditorType="SpinnerItem" width="100"  align="left" cellAlign="left" detail="true"></field>
	    <field title="Gen. member desc." name="GMBRDESC"   type="text" escapeHTML="true"      length="100" align="left" cellAlign="left" canEdit="false" detail="false"></field>
   		<field title="Account type" name="ACCTYPE" primaryKey="true"  type="text" escapeHTML="true"      canEdit="false" length="1" width="100" align="left" cellAlign="left" detail="false">
           <valueMap>
				<value ID="C">Client</value>
				<value ID="F">Firm</value>
			</valueMap>
		</field>
		<field title="Unc. Loss" name="GAINLOSS" type="float" filterOperator="equals"  canEdit="false" width="100" align="left"  editorType="TextItem" filterEditorType="SpinnerItem"  cellAlign="left" detail="true"></field>
   		<field title="Unc. Loss Date" name="REFDATE"  primaryKey="true"   type="datetime" displayFormat="toEuropeanShortDate" width="110" canEdit="false" detail="true" align="left" cellAlign="left" ></field>
		<field title="Risk fact. cover." name="RFCOVERED"  type="text" escapeHTML="true"      length="1" canEdit="false" width="100" filterEditorType="SelectItem" align="left" cellAlign="left" detail="true">
	     <valueMap>
				<value ID="T">True</value>
				<value ID="F">False</value>
			</valueMap>
	    </field>
		<field title="Ordinary margin" name="ORDMAR" type="float" filterOperator="equals"  canEdit="false" width="100" align="left"  editorType="TextItem" filterEditorType="SpinnerItem"  cellAlign="left" detail="false"></field>
		<field title="Mark to market" name="MTM" type="float" filterOperator="equals"  canEdit="false" width="100" align="left"  editorType="TextItem" filterEditorType="SpinnerItem"  cellAlign="left" detail="false"></field>
		<field title="Initial margin" name="INITMAR" type="float" filterOperator="equals"  canEdit="false" width="100" align="left"  editorType="TextItem" filterEditorType="SpinnerItem"  cellAlign="left" detail="false"></field>
   		<field title="Log" name="BTLOG"   type="text" escapeHTML="true"  length="1000" width="100" align="left" cellAlign="left" canEdit="false" detail="true"></field>
		<field title="Update date" name="UPDDATE" type="datetime"  width="100" editorType="TextItem" align="left" cellAlign="left" canEdit="false" detail="true"></field>
		<field title="Update type" name="UPDTYPE"  type="text" escapeHTML="true"      canEdit="false" length="1" width="100" align="left" cellAlign="left" detail="true">
           <valueMap>
				<value ID="C">Create</value>
				<value ID="U">Update</value>
			</valueMap>
		</field>
		<field title="Update user" name="UPDUSR" length="30"  type="text" escapeHTML="true"    canEdit="false" width="100" align="left" cellAlign="left" detail="true"></field>
	    <field title="Ref. date" name="MBRREFDATE" type="date" customSelectExpression="CAST(MBRREFDATE as DATE)"  customUpdateExpression="$values.MBRREFDATE"   width="110" canEdit="false" detail="false" align="left" cellAlign="left" ></field>
	    
		<field title="Currency" name="CURRENCY"  length="10"  type="text" escapeHTML="true"      filterEditorType="SelectItem" width="80" canEdit="false" detail="false">
			
				<valueMap>
				<value ID="IT   ">LIT</value>
				<value ID="US   ">USD</value>
				<value ID="EU   ">EUR</value>
				<value ID="GB   ">GBP</value>
				<value ID="NO   ">NOK</value>
				<value ID="SE   ">SEK</value>
				<value ID="CH   ">CHF</value>
				<value ID="DK   ">DKK</value>
				<value ID="CA   ">CAD</value>
				<value ID="JP   ">JPY</value>
				<value ID="IS   ">ISK</value>
			</valueMap>
		</field>
		 <field title="Sub A/C" name="SUBACCT"   type="text" escapeHTML="true"  width="100"     length="100" align="left" cellAlign="left" canEdit="false" detail="false"></field>
		<field title="Sub A/C NC" name="SUBACCDESC"   type="text" escapeHTML="true"     length="100" align="left" cellAlign="left" canEdit="false" detail="false"></field>
		
		
		<field title="HP" name="HP" customSQL="true" tableName="pmptbtmmbr" type="integer" filterOperator="equals"  canEdit="false" width="100" align="left"  editorType="TextItem" filterEditorType="SpinnerItem"  cellAlign="left" detail="false"></field>
		<field title="Gain(-)/Loss(+)" customSQL="true" tableName="pmptbtmmbr" name="MTMGL" type="float" filterOperator="equals"  canEdit="false" width="100" align="left"  editorType="TextItem" filterEditorType="SpinnerItem"  cellAlign="left" detail="false"></field>
		<field title="Uncov. Loss" customSQL="true" tableName="pmptbtmmbr" name="UNCOVGLDAY" type="float" filterOperator="equals"  canEdit="false" width="100" align="left"  editorType="TextItem" filterEditorType="SpinnerItem"  cellAlign="left" detail="false"></field>
   		
	</fields>
	
  	<serverObject lookupStyle="new" className="it.ccg.pamp.server.dmi.StandardDMI"/>
  	<operationBindings>
	<operationBinding operationType="update" requiresRole="user"></operationBinding>
	<operationBinding operationType="delete" requiresRole="user"></operationBinding>
	<operationBinding operationType="add" requiresRole="user"></operationBinding>
  
		<operationBinding operationId="pmptbtmmbs_fetch_exportallgrids"  operationType="fetch" 
		customValueFields="MBRREFDATE,HP,MTMGL,UNCOVGLDAY" customCriteriaFields="MBRREFDATE,HP,MTMGL,UNCOVGLDAY">  
		
		 <selectClause>PMPTBTMMBS.*,PMPTBTMMBR.NV AS HP, PMPTBTMMBR.MTM AS MTMGL,PMPTBTMMBR.REFDATE as MBRREFDATE, PMPTBTMMBR.UNCOVGL AS UNCOVGLDAY, PMPTBTM.BTDATE</selectClause>
       <tableClause>PMPTBTMMBS, PMPTBTMMBR as PMPTBTMMBR, PMPTBTM as PMPTBTM</tableClause>  
       <whereClause><![CDATA[ PMPTBTMMBS.BTID = PMPTBTMMBR.BTID AND 
       PMPTBTMMBS.MBRID = PMPTBTMMBR.MBRID AND PMPTBTMMBS.GMBRID=PMPTBTMMBR.GMBRID AND 
       PMPTBTMMBS.ACCTYPE = PMPTBTMMBR.ACCTYPE AND PMPTBTMMBS.SUBACCT = PMPTBTMMBR.SUBACCT AND 
       PMPTBTMMBS.CURRENCY = PMPTBTMMBR.CURRENCY AND 
       PMPTBTMMBS.BTID = PMPTBTM.BTID
       AND $defaultWhereClause]]></whereClause>  
       <orderClause>PMPTBTMMBS.BTID,PMPTBTMMBS.MBRID,PMPTBTMMBS.GMBRID,PMPTBTMMBS.ACCTYPE,PMPTBTMMBS.SUBACCT,PMPTBTMMBS.CURRENCY,PMPTBTMMBR.NV</orderClause>  	
		</operationBinding>  
 </operationBindings>  	
  
</DataSource>