<DataSource 
	  
	tableName="pmptdfreg"
	ID="pmptdfreg"
	
dataSourceVersion="1" 
generatedBy="7.1-Evaluation/Enterprise Deployment 2009-08-23" 
serverType="sql"
>
	<fields>
	    <field title="Def. fund type" name="DFTYPE"  type="text" escapeHTML="true"      required="true" editorType="SelectItem" primaryKey="true" length="1" width="150" align="left" canEdit="true" cellAlign="left" detail="false">
	       <valueMap>
				<value ID="E">Eq. Cash and Derivatives</value>
				<value ID="O">Bond</value> 
				 <value ID="B">I.R. Nodes</value>
				<value ID="L">Electricity Derivatives</value>
				<value ID="M">New MIC</value>
				<value ID="W">Agrex</value>
			</valueMap>
	    </field>
		<field title="Def. fund valid date" name="DFINIVDATE" type="datetime" required="true" primaryKey="true" width="120"  align="left" cellAlign="left" canEdit="true" detail="false"></field>
		<field title="Def. fund value" name="DFVALUE" type="float" customSelectExpression="CAST(DFVALUE as FLOAT)" customUpdateExpression="$values.DFVALUE" filterOperator="equals" required="true" cellAlign="left" width="100" canEdit="true" align="left" detail="false"></field>
		<field title="Comment" name="COMMENT"  type="text" escapeHTML="true"      length="1000" align="left" cellAlign="left" canEdit="true" detail="false"></field>
		<field title="Update date" name="UPDDATE" type="datetime" width="100" align="left" cellAlign="left" canEdit="false" detail="true"></field>
		<field title="Update type" name="UPDTYPE"  type="text" escapeHTML="true"      canEdit="false" length="1" width="100" align="left" cellAlign="left" detail="true">
           <valueMap>
				<value ID="C">Create</value>
				<value ID="U">Update</value>
			</valueMap>
		</field>
		<field title="Update user" name="UPDUSR" length="30"  type="text" escapeHTML="true"      canEdit="false" width="100" align="left" cellAlign="left" detail="true"></field>
   </fields>
  <serverObject lookupStyle="new" className="it.ccg.pamp.server.dmi.StandardDMI"/>
  <operationBindings>
	<operationBinding operationType="update" requiresRole="user"></operationBinding>
	<operationBinding operationType="delete" requiresRole="user"></operationBinding>
	<operationBinding operationType="add" requiresRole="user"></operationBinding>
 </operationBindings>  	
</DataSource>
