 <DataSource 
	  
	tableName="pmpttrscod"
	ID="pmpttrscod"
	dataSourceVersion="1"
	serverType="sql"
>
	<fields>
		 <field title="Instr. type" name="INSTRTYPE" required="true" primaryKey="true" length="30"  type="text" escapeHTML="true"      editorType="ComboBoxItem"  filterEditorType="SelectItem" width="100%" canEdit="true" detail="false"></field>
	    <field title="Cl. System Instr. type" name="SICINSTRTY"  type="text" escapeHTML="true"      primaryKey="true" required="true" canEdit="true" length="10" width="150" align="left" cellAlign="left" detail="false"></field>
		<field title="Update date" name="UPDDATE" type="datetime"  width="100" editorType="TextItem" align="left" cellAlign="left" canEdit="false" detail="true"></field>
		<field title="Update type" name="UPDTYPE"  type="text" escapeHTML="true"      canEdit="false" length="1" width="100" align="left" cellAlign="left" detail="true">
           <valueMap>
				<value ID="C">Create</value>
				<value ID="U">Update</value>
			</valueMap>
		</field>
		<field title="Update user" name="UPDUSR" length="30"  type="text" escapeHTML="true"      canEdit="false" width="100" align="left" cellAlign="left" detail="true"></field>
    </fields>
  	<serverObject lookupStyle="new" className="it.ccg.pamp.server.dmi.StandardDMI"/>
  	<operationBindings>
	<operationBinding operationType="update" requiresRole="user"></operationBinding>
	<operationBinding operationType="delete" requiresRole="user"></operationBinding>
	<operationBinding operationType="add" requiresRole="user"></operationBinding>
 </operationBindings>  	
</DataSource>