<DataSource 
	  
	tableName="pmptidxwei"
	ID="pmptidxwei"
	dataSourceVersion="1"
	serverType="sql"
>
	<fields>
		<field title="Index ID" name="IDXID" type="integer" filterOperator="equals" primaryKey="true" cellAlign="left" width="100" align="left" canEdit="true" detail="true"></field>
		<field title="Instrument" name="INSTRID" type="integer" filterOperator="equals" required="true" primaryKey="true" width="100%"  canEdit="true" align="left" cellAlign="left" detail="false"></field>
		<field title="Dividend" name="DIVIDEND" type="integer" filterOperator="equals" cellAlign="left" required="true" width="100" align="left" canEdit="true" detail="false"></field>
		<field title="Outst.share" name="OUTSHARE" type="integer" filterOperator="equals" cellAlign="left" width="100" required="true" align="left" canEdit="true" detail="false"></field>
		<field title="Date" name="DATE" type="datetime" width="100" editorType="DateItem" align="left" cellAlign="left" canEdit="true" detail="false"></field>
		<field title="Update date" name="UPDDATE" type="datetime" width="100" editorType="TextItem" align="left" cellAlign="left" canEdit="false" detail="true"></field>
		<field title="Update type" name="UPDTYPE"  type="text" escapeHTML="true"      canEdit="false" length="1" width="100" align="left" cellAlign="left" detail="true">
           <valueMap>
				<value ID="C">Create</value>
				<value ID="U">Update</value>
			</valueMap>
		</field>
		<field title="Update user" name="UPDUSR" length="30"  type="text" escapeHTML="true"      canEdit="false" width="100" align="left" cellAlign="left" detail="true"></field>
	</fields>
  	<serverObject lookupStyle="new" className="it.ccg.pamp.server.dmi.StandardDMI"/>
  	<operationBindings>
	<operationBinding operationType="update" requiresRole="user"></operationBinding>
	<operationBinding operationType="delete" requiresRole="user"></operationBinding>
	<operationBinding operationType="add" requiresRole="user"></operationBinding>
 </operationBindings>  	
  
</DataSource>