<DataSource 
	  
	tableName="pmptlcmp"
	ID="pmptlcmp"
	dataSourceVersion="1"
	serverType="sql"
>
	<fields>
		<field title="Group ID" name="GRID" type="integer" primaryKey="true" canFilter="true"  editorType="ComboBoxItem" filterOperator="equals" filterEditorType="SpinnerItem" canEdit="false" width="20%" detail="false" align="left" cellAlign="left"></field>
		<field title="Instrument ID" name="INSTRID" type="integer" primaryKey="true" canEdit="false" width="20%" detail="false" align="left" cellAlign="left">
		  <!--   <validators>  
             <validator type="isUnique"  errorMessage="This instrument has already a Group associate \n please remove it."/>  
          </validators>  --> 
		</field>
		<field title="Instrument name" customSQL="true" tableName="pmptinstr" name="INSTRNAME"  type="text" escapeHTML="true"      canFilter="true" width="50%" align="left" cellAlign="left" detail="false" canEdit="false"></field>
   		<field title="Status" name="STATUS" length="1" customSQL="true" tableName="pmptinstr"  type="text" escapeHTML="true"      width="100" canEdit="true" detail="false">
			<valueMap>
				<value ID="E">Enabled</value>
				<value ID="D">Disabled</value>
				<value ID="S">Delisted</value>
				<value ID="U">Underlying</value>
				<value ID="L">On delivery</value>
			</valueMap>
		</field>
		<field title="Status" customSQL="true" tableName="pmptlgrp" name="STATUS1" length="1"  type="text" escapeHTML="true"      width="30%" canEdit="true" detail="false" align="left" cellAlign="left">
	        <valueMap>  
				<value ID="E">True</value>  
				<value ID="C">False</value> 
				<value ID="D">Disabled</value> 
 			</valueMap> 
   		</field>
   		<field title="Update date" name="UPDDATE" type="datetime" width="100" editorType="TextItem" align="left" cellAlign="left" canEdit="false" detail="true"></field>
		<field title="Update type" name="UPDTYPE"  type="text" escapeHTML="true"      canEdit="false" length="1" width="100" align="left" cellAlign="left" detail="true">
           <valueMap>
				<value ID="C">Create</value>
				<value ID="U">Update</value>
			</valueMap>
		</field>
		<field title="Update user" name="UPDUSR" length="30"  type="text" escapeHTML="true"      canEdit="false" width="100" align="left" cellAlign="left" detail="true"></field>
	</fields>
  	<serverObject lookupStyle="new" className="it.ccg.pamp.server.dmi.StandardDMI"/>
  	 	<operationBindings>
	<operationBinding operationType="update" requiresRole="user"></operationBinding>
	<operationBinding operationType="delete" requiresRole="user"></operationBinding>
	<operationBinding operationType="add" requiresRole="user"></operationBinding>
  
  	 	 <operationBinding operationId="pmptlcmp_fetch" operationType="fetch"
  	 	     customValueFields="INSTRNAME,STATUS,STATUS1"
       		customCriteriaFields="INSTRNAME,STATUS,STATUS1">
  	 	   	<selectClause>pmptlcmp.*,pmptinstr.INSTRNAME AS INSTRNAME,pmptinstr.STATUS AS STATUS, pmptlgrp.STATUS as STATUS1</selectClause>
       		<tableClause>pmptlcmp, pmptinstr,pmptlgrp</tableClause>  
            <whereClause><![CDATA[pmptlcmp.INSTRID = pmptinstr.INSTRID 
                AND pmptlgrp.GRID=pmptlcmp.GRID
                AND $defaultWhereClause]]></whereClause>
                <orderClause>pmptlcmp.INSTRID asc</orderClause>   
      </operationBinding>
      
  	 	 <operationBinding operationId="pmptlcmp_distinct_fetch" operationType="fetch">
  	 	   	<selectClause>distinct GRID</selectClause>
        </operationBinding>
        

 </operationBindings>  	
  	
</DataSource>