<DataSource 
	  
	tableName="pmpthissus"
	ID="pmpthissus"
	dataSourceVersion="1"
	serverType="sql"
>
	<fields>
	<field title="Instrument name" customSQL="true" tableName="pmptinstr" name="INSTRNAME"  type="text" escapeHTML="true"      editorType="ComboBoxItem" canFilter="true" width="100" align="left" cellAlign="left" detail="true" canEdit="false" ></field>
	<field title="Instrument ID" name="INSTRID" type="integer" filterOperator="equals" width="80"  canEdit="false" detail="true" editorType="ComboBoxItem" primaryKey="true"></field>
	<field title="Susp date" name="STARTSUSPD" primaryKey="true" required="true" canEdit="true" type="datetime" displayFormat= "toEuropeanShortDate" align="left" cellAlign="left" width="180" detail="false"></field>
	<field title="End susp date" name="ENDSUSPD" required="true" type="datetime" canEdit="true" displayFormat= "toEuropeanShortDate" align="left" cellAlign="left" width="180" detail="false"></field>
	<field title="Update date" name="UPDDATE" type="datetime" displayFormat="toEuropeanShortDateTime" width="100" editorType="TextItem" align="left" cellAlign="left" canEdit="false" detail="true"></field>
		<field title="Update type" name="UPDTYPE"  type="text" escapeHTML="true"      canEdit="false" length="1" width="100" align="left" cellAlign="left" detail="true">
           <valueMap>
				<value ID="C">Create</value>
				<value ID="U">Update</value>
			</valueMap>
		</field>
		<field title="Update user" name="UPDUSR" length="30"  type="text" escapeHTML="true"      canEdit="false" width="100" align="left" cellAlign="left" detail="true"></field>
	 </fields>	    
  <serverObject lookupStyle="new" className="it.ccg.pamp.server.dmi.StandardDMI"/>
  <operationBindings>
	<operationBinding operationType="update" requiresRole="user"></operationBinding>
	<operationBinding operationType="delete" requiresRole="user"></operationBinding>
	<operationBinding operationType="add" requiresRole="user"></operationBinding>
  
      <operationBinding operationType="fetch" 
      customValueFields="INSTRNAME,DIVISCODE" customCriteriaFields="INSTRNAME,DIVISCODE">  
       <selectClause>pmpthissus.*, pmptinstr.DIVISCODE as DIVISCODE, pmptinstr.INSTRNAME AS INSTRNAME</selectClause>
       <tableClause>pmpthissus, pmptinstr</tableClause>  
       <whereClause><![CDATA[pmptinstr.INSTRID = pmpthissus.INSTRID AND pmptinstr.DIVISCODE = 'E' AND $defaultWhereClause]]></whereClause>  
    </operationBinding>       
 </operationBindings>  	
</DataSource>