 <DataSource 
	  
	tableName="pmptbndhcs"
	ID="pmptbndhcs"
	dataSourceVersion="1"
	serverType="sql"
>
	<fields>
	<field title="Class id" name="CLASSID" type="integer" filterOperator="equals" primaryKey="true" canEdit="false" editorType="ComboBoxItem"  filterEditorType="SelectItem" width="100%" align="left" cellAlign="left" detail="true"></field>
		<field title="Multiplier" name="MULT" type="integer" filterOperator="equals" width="100" canEdit="true"  editorType="TextItem" filterEditorType="SpinnerItem"  align="left" cellAlign="left" detail="false"></field>
		<field title="Min. HCT" name="MIN" type="float" filterOperator="equals" width="100"  canEdit="true" align="left" cellAlign="left" detail="false"></field>
		<field title="HCT" name="CRHCT" customSQL="true" type="float" filterOperator="equals" width="100" canEdit="false" align="left" cellAlign="left" detail="false"></field>
		<field title="An. HCT" name="ANHCT" customSQL="true" tableName="pmptclhct"  type="float" filterOperator="equals" width="100"  editorType="TextItem" filterEditorType="SpinnerItem"  canEdit="false" align="left" cellAlign="left" detail="false"></field>
		<field title="Working HCT" name="HCT" customSQL="true" tableName="PMPTCLHCTH"  type="float" filterOperator="equals" width="100"  editorType="TextItem" filterEditorType="SpinnerItem"  canEdit="false" align="left" cellAlign="left" detail="false"></field>
		<field title="Prop. HCT" name="PROPHCT" customSQL="true" type="float" filterOperator="equals" width="100"  editorType="TextItem" filterEditorType="SpinnerItem"  canEdit="false" align="left" cellAlign="left" detail="false"></field>
		<field title="Class" name="CLASSDESC" customSQL="true" tableName="pmpthclass"  type="text" escapeHTML="true"      canEdit="false" length="30" required="true"  editorType="TextItem" align="left" cellAlign="left" detail="false"></field>
		<field title="Update date" name="UPDDATE" type="datetime" width="100" editorType="TextItem" align="left" cellAlign="left" canEdit="false" detail="true"></field>
		<field title="Update type" name="UPDTYPE"  type="text" escapeHTML="true"      canEdit="false" length="1" width="100" align="left" cellAlign="left" detail="true">
           <valueMap>
				<value ID="C">Create</value>
				<value ID="U">Update</value>
			</valueMap>
		</field>
		<field title="Update user" name="UPDUSR" length="30"  type="text" escapeHTML="true"      canEdit="false" width="100" align="left" cellAlign="left" detail="true"></field>
  	</fields>
  	<serverObject lookupStyle="new" className="it.ccg.pamp.server.dmi.StandardDMI"/>
  <operationBindings>
	<operationBinding operationType="update" requiresRole="user"></operationBinding>
	<operationBinding operationType="delete" requiresRole="user"></operationBinding>
	<operationBinding operationType="add" requiresRole="user"></operationBinding>

        <operationBinding operationType="fetch" 
      customValueFields="CRHCT,ANHCT,HCT,PROPHCT" 
      customCriteriaFields="CRHCT,ANHCT,HCT,PROPHCT">  
       <customSQL><![CDATA[
select s.*, c.CLASSDESC,(m.ANHCT*s.MULT) as CRHCT, m.ANHCT as ANHCT, h.HCT as HCT, 
(case when m.ANHCT > s.MIN then m.ANHCT else s.MIN end) as PROPHCT
from PMPTBNDHCS s,pmpthclass c, pmptclhct m, PMPTCLHCTH h
where s.classid=c.classid 
and m.CLASSID=s.CLASSID
and s.CLASSID=h.CLASSID]]>
		  </customSQL>
    </operationBinding>  
</operationBindings>
</DataSource>