 <DataSource 
	  
	tableName="pmptbthcl"
	ID="pmptbthcl"
	dataSourceVersion="1"
	serverType="sql"
>
	<fields>
		<field title="Class Id" name="CLASSID" type="integer"  width="110" escapeHTML="true" primaryKey="true" detail="false" canEdit="true">		</field>
		<field title="Class desc." name="CLASSDESC" type="text" width="110" escapeHTML="true" detail="false" canEdit="true" ></field>
		<field title="Status" name="STATUS"   type="text" escapeHTML="true"  canEdit="true" length="1" width="100" align="left" cellAlign="left" detail="false">
		 <valueMap>  
				<value ID="E">Enabled</value>  
				<value ID="D">Disabled</value> 
 			</valueMap>
		</field>
		
		<field title="Min rate (Included)" name="MINRATE" type="float" filterOperator="equals" editorType="TextItem" filterEditorType="SpinnerItem" width="120" canEdit="true" align="left" cellAlign="left" detail="false"></field>	
		<field title="Max rate (Excluded)" name="MAXRATE" type="float" filterOperator="equals" editorType="TextItem" filterEditorType="SpinnerItem"  escapeHTML="true"      width="150" canEdit="true" detail="false" align="left" cellAlign="left"></field>
	    <field title="Min duration (Excluded)" name="MINDUR" type="float" filterOperator="equals" editorType="TextItem" filterEditorType="SpinnerItem" width="150" escapeHTML="true" canEdit="true" detail="false"></field>
		<field title="Max duration (Included)" name="MAXDUR"  type="float" filterOperator="equals" editorType="TextItem" filterEditorType="SpinnerItem" escapeHTML="true"   canEdit="true" width="150" detail="false"></field>
		<field title="Instrument subtype" name="INSTRTYPE"  type="text" escapeHTML="true"   canEdit="true" width="150" detail="false">
		<valueMap>
				<value ID="CORP">Corporate</value> 
				<value ID="GOVT">Governative</value>
				<value ID="MTGE">Mortgage</value>
				<value ID="CB">Corporate</value> 
				<value ID="GS">Governative</value>
				<value ID="LB">Mortgage</value>
				<value ID="SB">Supranational Bond</value>
				<value ID="ST">Structured Bond</value>
			</valueMap>
		</field>
		<field title="Working haircut" name="WRKHCT"  type="float" escapeHTML="true"   canEdit="false" width="130" detail="false"></field>
		<field title="Haircut date" name="HCTDATE" type="datetime" displayFormat="toEuropeanShortDateTime" width="100%"  align="left" cellAlign="left" canEdit="false" detail="false"></field>
		<field title="Division" name="DIVISCODE" required="true" length="20" type="enum" width="100" canEdit="false" detail="true">
			<valueMap>
				<value ID="S">XCOM</value>
				<value ID="M">New MIC</value>
			</valueMap>
		</field>
		<field title="Update date" name="UPDDATE" type="datetime" displayFormat="toEuropeanShortDateTime" width="100" editorType="TextItem" align="left" cellAlign="left" canEdit="false" detail="true"></field>
		<field title="Update type" name="UPDTYPE"  type="text" escapeHTML="true"      canEdit="false" length="1" width="100" align="left" cellAlign="left" detail="true">
           <valueMap>
				<value ID="C">Create</value>
				<value ID="U">Update</value>
			</valueMap>
		</field>
		<field title="Update user" name="UPDUSR" length="30"  type="text" escapeHTML="true"      canEdit="false" width="100" align="left" cellAlign="left" detail="true"></field>
	</fields>
	<serverObject lookupStyle="new" className="it.ccg.pamp.server.dmi.StandardDMI"/>
	
	<operationBindings>
	<operationBinding operationId="pmptbthcl_fetch_all_mic" operationType="fetch" >  
	   <selectClause>CLASSDESC, CLASSID, DIVISCODE, HCTDATE, INSTRTYPE, 
	   					cast(MAXDUR as FLOAT) as MAXDUR, cast(MAXRATE as FLOAT) as MAXRATE, 
	   					cast(MINDUR as FLOAT) as MINDUR, cast(MINRATE as FLOAT) as MINRATE, STATUS, UPDDATE, UPDTYPE, UPDUSR, WRKHCT </selectClause>
       <whereClause><![CDATA[(diviscode='M') AND ($defaultWhereClause)]]></whereClause>
	</operationBinding>
	<operationBinding operationId="pmptbthcl_fetch_all_xcom" operationType="fetch" >  
	   <selectClause>CLASSDESC, CLASSID, DIVISCODE, HCTDATE, INSTRTYPE, 
	   					cast(MAXDUR as FLOAT) as MAXDUR, cast(MAXRATE as FLOAT) as MAXRATE, 
	   					cast(MINDUR as FLOAT) as MINDUR, cast(MINRATE as FLOAT) as MINRATE, STATUS, UPDDATE, UPDTYPE, UPDUSR, WRKHCT </selectClause>
       <whereClause><![CDATA[(diviscode='S') AND ($defaultWhereClause)]]></whereClause>
	</operationBinding>
	<operationBinding operationId="pmptbthcl_update_all_mic" operationType="update" requiresRole="user">  
         <whereClause><![CDATA[diviscode='M']]></whereClause>  
    </operationBinding>
    <operationBinding operationId="pmptbthcl_update_all_xcom" operationType="update" requiresRole="user">  
         <whereClause><![CDATA[diviscode='S']]></whereClause>  
    </operationBinding>
 </operationBindings>
 
</DataSource>