<DataSource 
	  
	tableName="pmptclcmp"
	ID="pmptclcmp_bo_sel"
	dataSourceVersion="1"
	serverType="sql"
>
	<fields>
	   <field title="Class ID" customSQL="true" tableName="pmptclass" name="CLASSID" type="integer" filterOperator="equals"   width="100" detail="true"></field>
		<field title="Class" customSQL="true" tableName="pmptclass" name="CLASSDESC" length="30"  type="text" escapeHTML="true"      width="200" detail="false" primaryKey="true"></field>
		<field title="Members" name="MEMBERS" type="integer" filterOperator="equals" width="100" detail="false"></field>
	</fields>
	<operationBindings>
	<operationBinding operationType="update" requiresRole="user"></operationBinding>
	<operationBinding operationType="delete" requiresRole="user"></operationBinding>
	<operationBinding operationType="add" requiresRole="user"></operationBinding>
 </operationBindings>  	
</DataSource>