<!-- Auto-generated from database table STATISTICS -->

<DataSource 
	  
	tableName="pmptstrsta"
	ID="pmptstrsta"
	dataSourceVersion="1"
	serverType="sql"
>
	<fields>
    	<field title="Instrument ID" name="INSTRID" primaryKey="true" type="integer" filterOperator="equals" width="80" canEdit="false" align="left" cellAlign="left" detail="true"></field>
    	<field title="Exp. short" name="PROGEXP1" type="integer" filterOperator="equals" width="63" canEdit="false" align="left" cellAlign="left" detail="false"></field>
		<field title="Exp. long" name="PROGEXP2" type="integer" filterOperator="equals" width="63" canEdit="false" align="left" cellAlign="left" detail="false"></field>
		<field title="Instrument name" customSQL="true" tableName="pmptinstr" name="INSTRNAME" editorType="ComboBoxItem"  type="text" escapeHTML="true"      canFilter="true" align="left" cellAlign="left" detail="false" canEdit="false"></field>
		<field title="Mode" name="MODE" type="enum" primaryKey="true" editorType="ComboBoxItem" width="70" canEdit="false" align="left" cellAlign="left" detail="true">
		 <valueMap>  
				<value ID="1">Last computation</value>
				<value ID="2">Last analysis</value> 
		</valueMap> 
		</field>
		<field title="I.R. short" name="RISKFREE1" type="float" filterOperator="equals" width="90"  editorType="TextItem" filterEditorType="SpinnerItem"  canEdit="false" align="left" cellAlign="left" detail="false"></field>
		<field title="I.R. long" name="RISKFREE2" type="float" filterOperator="equals" width="90"  editorType="TextItem" filterEditorType="SpinnerItem"  canEdit="false" align="left" cellAlign="left" detail="false"></field>
		<field title="I.R. var. short" name="RISKFRVAR1" type="float"   editorType="TextItem" filterEditorType="SpinnerItem"  filterOperator="equals" width="75" canEdit="false" align="left" cellAlign="left" detail="false"></field>
		<field title="I.R. var. long" name="RISKFRVAR2" type="float"   editorType="TextItem" filterEditorType="SpinnerItem"  filterOperator="equals" width="75" canEdit="false" align="left" cellAlign="left" detail="false"></field>
		<field title="Delta straddle" name="DELTASTR" type="float" filterOperator="equals" width="100"  editorType="TextItem" filterEditorType="SpinnerItem"  canEdit="false" align="left" cellAlign="left" detail="false"></field>
		<field title="Multiplier" name="MUL" type="integer"   editorType="TextItem" filterEditorType="SpinnerItem"  filterOperator="equals" width="70" canEdit="false" align="left" cellAlign="left" detail="false"></field>
		<field title="Spread Bid/ask" name="SPRBIDASK" type="float"   editorType="TextItem" filterEditorType="SpinnerItem"  filterOperator="equals" width="80" canEdit="false" align="left" cellAlign="left" detail="false"></field>
		<field title="Math. Stra." name="MATHSTR" type="float"  editorType="TextItem" filterEditorType="SpinnerItem"  filterOperator="equals" width="70" canEdit="false" align="left" cellAlign="left" detail="false"></field>
		<field title="Ratio Ord/Stra" name="RATIO" type="float"   editorType="TextItem" filterEditorType="SpinnerItem"  filterOperator="equals" width="80" canEdit="false" align="left" cellAlign="left" detail="false"></field>
		<field title="Work. straddle" name="FINSTR" type="float"   editorType="TextItem" filterEditorType="SpinnerItem"  filterOperator="equals" width="75" canEdit="false" align="left" cellAlign="left" detail="false" hidden="true"></field>
		<field title="Straddle" name="CURRSTR" type="float"   editorType="TextItem" filterEditorType="SpinnerItem"  filterOperator="equals" width="75" canEdit="false" align="left" cellAlign="left" detail="false"></field>
<!--		<field title="Ord. margin" name="ORDMARGIN" type="float"   editorType="TextItem" filterEditorType="SpinnerItem"  filterOperator="equals" width="75" canEdit="false" align="left" cellAlign="left" detail="false"></field>-->
		<field title="Under. margin" name="UNDMARGIN" type="float"  editorType="TextItem" filterEditorType="SpinnerItem"  filterOperator="equals" width="75" canEdit="false" align="left" cellAlign="left" detail="false"></field>
		<field title="Frac. year short" name="EXPYEARFR1" type="float"  editorType="TextItem" filterEditorType="SpinnerItem"  filterOperator="equals" width="75" canEdit="false" align="left" cellAlign="left" detail="true"></field>
		<field title="Exp. delta ratio short" name="EXPDELRAT1" type="float"  editorType="TextItem" filterEditorType="SpinnerItem"  filterOperator="equals" width="100"  canEdit="false" align="left" cellAlign="left" detail="true"></field>
		<field title="Margin" name="MARGIN" type="float"  editorType="TextItem" filterEditorType="SpinnerItem"  filterOperator="equals" width="75" canEdit="false" align="left" cellAlign="left" detail="true"></field> 
		<field title="Under. price" name="CLOSEPR" type="float"  editorType="TextItem" filterEditorType="SpinnerItem"  filterOperator="equals" width="75" canEdit="false" align="left" cellAlign="left" detail="true"></field>
		<field title="Frac. year long" name="EXPYEARFR2" type="float"  editorType="TextItem" filterEditorType="SpinnerItem"  filterOperator="equals" width="75" canEdit="false" align="left" cellAlign="left" detail="true"></field>
		<field title="Exp delta ratio short" name="EXPDELRAT2" type="float"  editorType="TextItem" filterEditorType="SpinnerItem"  filterOperator="equals" width="100" canEdit="false" align="left" cellAlign="left" detail="true"></field>
		<field title="Update date" name="UPDDATE" type="datetime"  width="100" editorType="TextItem" align="left" cellAlign="left" canEdit="false" detail="true"></field>
		<field title="Update type" name="UPDTYPE"  type="text" escapeHTML="true"      canEdit="false" length="1" width="100" align="left" cellAlign="left" detail="true">
           <valueMap>
				<value ID="C">Create</value>
				<value ID="U">Update</value>
			</valueMap>
		</field>
		<field title="Update user" name="UPDUSR" length="30"  type="text" escapeHTML="true"      canEdit="false" width="100" align="left" cellAlign="left" detail="true"></field>
</fields>	    
<serverObject lookupStyle="new" className="it.ccg.pamp.server.dmi.StandardDMI"/>
 <operationBindings>
	<operationBinding operationType="update" requiresRole="user"></operationBinding>
	<operationBinding operationType="delete" requiresRole="user"></operationBinding>
	<operationBinding operationType="add" requiresRole="user"></operationBinding>
  
      <operationBinding operationType="fetch" 
      customValueFields="INSTRNAME" customCriteriaFields="INSTRNAME">  
       <selectClause>pmptstrsta.*, pmptinstr.INSTRNAME AS INSTRNAME</selectClause>
       <tableClause>pmptstrsta, pmptinstr as pmptinstr</tableClause>  
       <whereClause><![CDATA[pmptinstr.INSTRID = pmptstrsta.INSTRID AND $defaultWhereClause]]></whereClause>  
    </operationBinding>     
  </operationBindings>  	
</DataSource>