 <DataSource 
	  
	tableName="pmptsstbre"
	ID="pmptsstbre"
	dataSourceVersion="1"
	serverType="sql"
>
	<fields>
	   <field title="Iteration num." name="ITER" type="integer" primaryKey="true" width="100" canEdit="false" canFilter="true" align="left" cellAlign="left" detail="false"></field>
		<field  title="Sens. test ID"  name="SSTID" length="50"  type="integer" filterOperator="equals" filterEditorType="TextItem" primaryKey="true" width="100%" canEdit="false" align="left" cellAlign="left" detail="false"></field>
		<field title="Class desc." customSQL="true" tableName="pmptclass" name="CLASSDESC"  type="text" escapeHTML="true"        width="100%" editorType="TextItem" align="left" cellAlign="left" detail="false" canEdit="false"></field>
	    <field title="Class ID" name="BNDCLASSID" type="integer" filterOperator="equals" primaryKey="true" canEdit="false" width="100"  align="left" cellAlign="left" detail="true"></field>
		 <field title="Division" name="DIVISCODE" required="true" length="20" type="enum" width="100" canEdit="true" detail="true">
			<valueMap>
				<value ID="O">Bond</value> 
			</valueMap>
		</field>
		 <field title="Margin" name="MARGIN" type="float" filterOperator="equals"  canEdit="false" align="left" width="100"  editorType="TextItem" filterEditorType="SpinnerItem"  cellAlign="left" detail="false"></field>
		<field title="Sens. margin" name="SENSMARGIN" type="float" filterOperator="equals"  canEdit="false" width="100" align="left"  editorType="TextItem" filterEditorType="SpinnerItem"  cellAlign="left" detail="false"></field>
	    
   		<field title="Update date" name="UPDDATE" type="datetime"  width="100" editorType="TextItem" align="left" cellAlign="left" canEdit="false" detail="true"></field>
		<field title="Update type" name="UPDTYPE"  type="text" escapeHTML="true"      canEdit="false" length="1" width="100" align="left" cellAlign="left" detail="true">
           <valueMap>
				<value ID="C">Create</value>
				<value ID="U">Update</value>
			</valueMap>
		</field>
		<field title="Update user" name="UPDUSR" length="30"  type="text" escapeHTML="true"  canEdit="false" width="100" align="left" cellAlign="left" detail="true"></field>
	     
	</fields>
  	<serverObject lookupStyle="new" className="it.ccg.pamp.server.dmi.StandardDMI"/>
  	<operationBindings>
	<operationBinding operationType="update" requiresRole="user"></operationBinding>
	<operationBinding operationType="delete" requiresRole="user"></operationBinding>
	<operationBinding operationType="add" requiresRole="user"></operationBinding>
	  <operationBinding  operationType="fetch" 
       customValueFields="CLASSDESC" 
      customCriteriaFields="CLASSDESC">
	 <selectClause>pmptsstbre.*,pmptclass.classdesc</selectClause>  
       <tableClause>pmptsstbre as pmptsstbre,pmptclass as pmptclass</tableClause>  
       <whereClause><![CDATA[pmptsstbre.bndclassid=pmptclass.classid AND $defaultWhereClause]]></whereClause>  
    </operationBinding> 
</operationBindings>  	
  
</DataSource>