 <DataSource 
	  
	tableName="pmpttrsins"
	ID="pmpttrsins"
	dataSourceVersion="1"
	serverType="sql"
>
	<fields>
		<field title="Instrument name" customSQL="true" tableName="pmptinstr" name="INSTRNAME"  type="text" escapeHTML="true"      editorType="ComboBoxItem"  width="100%" align="left" cellAlign="left" detail="false" canEdit="false"></field>
		<field title="Instrument ID" name="INSTRID" type="integer" filterOperator="equals" primaryKey="true" width="80"  canEdit="true" align="left" cellAlign="left" detail="false"></field>
	   <field title="Cl. System ID" name="SICINSTR" required="true"  length="30"  type="text" escapeHTML="true"      width="100" primaryKey="true" canEdit="true" detail="false"></field>
	    <field title="Cl. System Instr. type" name="SICINSTRTY"  type="text" escapeHTML="true"      required="true" canEdit="true" primaryKey="true" length="10" width="150" align="left" cellAlign="left" detail="false">
           <valueMap>
				<value ID="E">Cash</value>
				<value ID="F">Futures</value>
				<value ID="O">Options</value>
				<value ID="FE">FutExp</value>
			</valueMap>
		</field>
		 <field title="Export" name="STEXPORT"  type="text" escapeHTML="true"      required="true" canEdit="true"  length="10" width="80" align="left" cellAlign="left" detail="false">
           <valueMap>
				<value ID="A">All</value>
				<value ID="N">None</value>
				<value ID="C">Margin only</value>
			</valueMap>
		</field>
		<field title="Mar. coeff." name="MARCF" type="float"   editorType="TextItem" filterEditorType="SpinnerItem"  filterOperator="equals" width="70" canEdit="true" align="left" cellAlign="left" detail="false"></field>
		<field title="Min.Mar. coeff." name="MINMARCF" type="float"   editorType="TextItem" filterEditorType="SpinnerItem"  filterOperator="equals" width="90" canEdit="true" align="left" cellAlign="left" detail="false"></field>
		<field title="Stra. coeff." name="STRADDLECF" type="float"  editorType="TextItem" filterEditorType="SpinnerItem"  filterOperator="equals" width="70" canEdit="true" align="left" cellAlign="left" detail="false"></field>
		<field title="Instr. code" name="CLASSCODE" customSQL="true" tableName="pmptinstr" length="30"  type="text" escapeHTML="true"      width="70" canEdit="false" detail="false" align="left" cellAlign="left"></field>
		<field title="Division" name="DIVISCODE" customSQL="true" tableName="pmptinstr"  length="20" type="enum" width="80" canEdit="false" detail="false">
			<valueMap>
				<value ID="E">Equities</value>
				<value ID="D">Eq.derivates</value>
			</valueMap>
		</field>
		
		<field title="St. Store" name="STSTORE"   length="1" type="enum" width="100" canEdit="true" detail="false">
			<valueMap>
				<value ID="T">True</value>
				<value ID="F">False</value>
			</valueMap>
		</field>
		<field title="Instr. type" name="INSTRTYPE" customSQL="true" tableName="pmptinstr" canEdit="false" editorType="ComboBoxItem"  filterEditorType="SelectItem" length="30"  type="text" escapeHTML="true"      width="120" detail="false"></field>
		<field title="Instr. sub-type" name="INSTRSTYPE" customSQL="true" tableName="pmptinstr"  type="text" escapeHTML="true"      editorType="ComboBoxItem"  filterEditorType="SelectItem" canEdit="false" length="30" width="120" detail="false" />
		<field title="Segment" name="SGMCODE" customSQL="true" tableName="pmptinstr" length="30"  type="text" escapeHTML="true"      width="100" editorType="ComboBoxItem"  filterEditorType="SelectItem" canEdit="false" detail="false"></field>
	    <field title="Market" name="MARKETCODE" customSQL="true" tableName="pmptinstr"  length="30"  type="text" escapeHTML="true"      width="70" editorType="ComboBoxItem"  filterEditorType="SelectItem" canEdit="false" detail="false"></field>
		<field title="ISIN code" name="ISINCODE" customSQL="true" tableName="pmptinstr" length="12"  type="text" escapeHTML="true"      width="110" canEdit="false" detail="false" align="left" cellAlign="left"></field>
		<field title="Update date" name="UPDDATE" type="datetime"  width="100" editorType="TextItem" align="left" cellAlign="left" canEdit="false" detail="true"></field>
		<field title="Update type" name="UPDTYPE"  type="text" escapeHTML="true"      canEdit="false" length="1" width="100" align="left" cellAlign="left" detail="true">
           <valueMap>
				<value ID="C">Create</value>
				<value ID="U">Update</value>
			</valueMap>
		</field>
		<field title="Update user" name="UPDUSR" length="30"  type="text" escapeHTML="true"      canEdit="false" width="100" align="left" cellAlign="left" detail="true"></field>
    </fields>
  	<serverObject lookupStyle="new" className="it.ccg.pamp.server.dmi.StandardDMI"/>
  	<operationBindings>
	<operationBinding operationType="update" requiresRole="user,causer"></operationBinding>
	<operationBinding operationType="delete" requiresRole="user,causer"></operationBinding>
	<operationBinding operationType="add" requiresRole="user,causer"></operationBinding>
  
      <operationBinding operationType="fetch" 
      customValueFields="DIVISCODE,ISINCODE,CLASSCODE,SGMCODE,INSTRTYPE,INSTRSTYPE,INSTRNAME" 
      customCriteriaFields="DIVISCODE,ISINCODE,CLASSCODE,SGMCODE,INSTRTYPE,INSTRSTYPE,INSTRNAME">  
       <selectClause>pmpttrsins.*,pmptinstr.INSTRNAME as INSTRNAME,
       pmptinstr.CLASSCODE as CLASSCODE,pmptinstr.ISINCODE as ISINCODE,pmptinstr.DIVISCODE as DIVISCODE,
       pmptinstr.MARKETCODE as MARKETCODE,
       pmptinstr.SGMCODE as SGMCODE,
       pmptinstr.INSTRSTYPE as INSTRSTYPE,pmptinstr.INSTRTYPE as INSTRTYPE</selectClause>
       <tableClause>pmpttrsins, pmptinstr as pmptinstr</tableClause>  
       <whereClause><![CDATA[pmptinstr.INSTRID = pmpttrsins.INSTRID 
                             and (pmptinstr.DIVISCODE = 'E' or pmptinstr.DIVISCODE = 'D')
                             AND $defaultWhereClause]]></whereClause>  
     </operationBinding> 
  </operationBindings>  	
  
</DataSource>