<DataSource 
	  
	tableName="pmptinstr"
	ID="pmpthispr_selector"
	dataSourceVersion="1"
	serverType="sql">
	<fields>
		<field title="Instrument ID" name="INSTRID"  primaryKey="true" tableName="pmptinstr" editorType="TextItem" type="integer" filterOperator="equals" width="100" detail="true" align="left" cellAlign="left"></field>
		<field  title="Instrument name" name="INSTRNAME"    tableName="pmptinstr" editorType="TextItem" length="255" width="100%"  type="text" escapeHTML="true"   align="left" cellAlign="left"></field>
		<field title="I.R. Curve Name" name="LISTNAME" tableName="pmptinstr" length="255"  type="text" escapeHTML="true"      width="100" canEdit="true" detail="false" align="left" cellAlign="left"></field>
		<field title="Instr. code" name="CLASSCODE"   tableName="pmptinstr" length="30"  type="text" escapeHTML="true"      width="70" detail="false" align="left" cellAlign="left"></field>
		<field title="Division" name="DIVISCODE"  tableName="pmptinstr" length="1" type="enum" width="80" canEdit="true" detail="true" align="left" cellAlign="left">
	        <valueMap>  
				<value ID="E">Equities</value>
				<value ID="D">Eq.derivates</value>
				<value ID="I">Infl.bond</value>
				<value ID="O">Bond</value> 
				 <value ID="B">I.R. Nodes</value>
				<value ID="L">Elect.derivates</value>
				<value ID="X">Indices</value>
				<value ID="C">Currency</value>
				<value ID="Y">Comparable</value>
				<value ID="H">Haircut</value>
 			</valueMap> 
   		</field>	
   		<field title="Currency" name="CURRENCY"  length="10"  type="text" escapeHTML="true"      editorType="TextItem" width="80" canEdit="false" detail="false" align="left" cellAlign="left">
			<valueMap>
				<value ID="LIT">ITL</value>	
				<value ID="USD ">USD </value>	
				<value ID="EUR">EUR</value>	
				<value ID="GBP">GBP</value>	
				<value ID="NOK">NOK</value>	
				<value ID="SEK">SEK</value>	
				<value ID="CHF">CHF</value>	
				<value ID="DKK">DKK</value>	
				<value ID="CAD">CAD</value>	
				<value ID="JPY">JPY</value>	
				<value ID="ISK">ISK</value>	
				<value ID="CZK">CZK</value>	
				<value ID="HUF">HUF</value>	
				<value ID="RON">RON</value>	
				<value ID="ATS">ATS</value>	
				<value ID="TRY">TRY</value>
			</valueMap>
		</field>
		<field title="Days" name="MEMBERS"   tableName="pmphispr" length="30" type="integer" filterOperator="equals" width="50" detail="false" align="left" cellAlign="left"></field>
		<field title="First date" name="FIRSTDATE"   tableName="pmphispr" length="30" type="date" customSelectExpression="CAST(PRICEDATE as DATE)"   width="100" detail="false" align="left" cellAlign="left"></field>
		<field title="Last date" name="LASTDATE"   tableName="pmphispr" length="30" type="date" customSelectExpression="CAST(PRICEDATE as DATE)"  width="100" detail="false" align="left" cellAlign="left"></field>
	</fields>
	<operationBindings>
	<operationBinding operationType="update" requiresRole="user"></operationBinding>
	<operationBinding operationType="delete" requiresRole="user"></operationBinding>
	<operationBinding operationType="add" requiresRole="user"></operationBinding>
    
    <operationBinding operationId="pmpthisprselector_fetch_forcomparable" operationType="fetch">  
         <customSQL>
				SELECT S.INSTRID, S.INSTRNAME, S.CLASSCODE,S.DIVISCODE,S.CURRENCY,
				COUNT(HC.PRICEDATE) AS MEMBERS,
				MIN(HC.PRICEDATE) AS FIRSTDATE,
				MAX(HC.PRICEDATE) AS LASTDATE
				FROM PMPTINSTR S
				LEFT JOIN PMPTHISPRR HC ON S.INSTRID = HC.INSTRID
				WHERE S.DIVISCODE='Y' AND S.STATUS in ('E','U')
				GROUP BY S.INSTRID, S.INSTRNAME, S.CLASSCODE,S.DIVISCODE,S.CURRENCY
		  </customSQL>
		</operationBinding>
		<operationBinding operationId="eq_fetch" operationType="fetch">
		  <customSQL>
				SELECT S.INSTRID, S.INSTRNAME, S.CLASSCODE,S.DIVISCODE,S.CURRENCY,
				COUNT(HC.PRICEDATE) AS MEMBERS,
				MIN(HC.PRICEDATE) AS FIRSTDATE,
				MAX(HC.PRICEDATE) AS LASTDATE
				FROM PMPTINSTR S
				LEFT JOIN PMPTHISPR HC ON S.INSTRID = HC.INSTRID
				WHERE S.DIVISCODE='E' AND S.STATUS in ('E','U')
				GROUP BY S.INSTRID, S.INSTRNAME, S.CLASSCODE,S.DIVISCODE,S.CURRENCY
		  </customSQL>
		</operationBinding>	
		<operationBinding operationId="mic_fetch" operationType="fetch">
		  <customSQL>
				SELECT S.INSTRID, S.INSTRNAME, S.CLASSCODE,S.DIVISCODE,S.CURRENCY,
				COUNT(HC.PRICEDATE) AS MEMBERS,
				MIN(HC.PRICEDATE) AS FIRSTDATE,
				MAX(HC.PRICEDATE) AS LASTDATE
				FROM PMPTINSTR S
				LEFT JOIN PMPTHISPR HC ON S.INSTRID = HC.INSTRID
				WHERE S.DIVISCODE='M' AND S.STATUS in ('E','U')
				GROUP BY S.INSTRID, S.INSTRNAME, S.CLASSCODE,S.DIVISCODE,S.CURRENCY
		  </customSQL>
		</operationBinding>		
		<operationBinding operationId="pmpthisprselector_fetch_ed" operationType="fetch">
		  <customSQL>
				SELECT S.INSTRID, S.INSTRNAME, S.CLASSCODE,S.DIVISCODE,S.CURRENCY,
				(CASE S.DERHIST WHEN 'T' THEN COUNT(HD.PRICEDATE) ELSE
				COUNT(HC.PRICEDATE) END) AS MEMBERS,
				(CASE S.DERHIST WHEN 'T' THEN MIN(HD.PRICEDATE) ELSE MIN(HC.PRICEDATE) END) AS FIRSTDATE,
				(CASE S.DERHIST WHEN 'T' THEN MAX(HD.PRICEDATE) ELSE MAX(HC.PRICEDATE) END) AS LASTDATE
				FROM PMPTINSTR S
				LEFT OUTER JOIN PMPTHISPRR HC ON S.UNDINSTRID = HC.INSTRID
				LEFT OUTER JOIN PMPTHISDER HD ON S.INSTRID = HD.INSTRID AND HD.PRGEXP=1
				WHERE S.DIVISCODE='D' AND S.STATUS='E'
				GROUP BY S.INSTRID, S.INSTRNAME, S.CLASSCODE,S.DIVISCODE,S.CURRENCY,
				S.DERHIST
		  </customSQL>
		</operationBinding>		
		<operationBinding operationId="pmpthisprselector_fetch_agx" operationType="fetch">
		  <customSQL>
				SELECT S.INSTRID, S.INSTRNAME, S.CLASSCODE,S.DIVISCODE,S.CURRENCY,
				(CASE S.DERHIST WHEN 'T' THEN COUNT(HD.PRICEDATE) ELSE
				COUNT(HC.PRICEDATE) END) AS MEMBERS,
				(CASE S.DERHIST WHEN 'T' THEN MIN(HD.PRICEDATE) ELSE MIN(HC.PRICEDATE) END) AS FIRSTDATE,
				(CASE S.DERHIST WHEN 'T' THEN MAX(HD.PRICEDATE) ELSE MAX(HC.PRICEDATE) END) AS LASTDATE
				FROM PMPTINSTR S
				LEFT OUTER JOIN PMPTHISPRR HC ON S.UNDINSTRID = HC.INSTRID
				LEFT OUTER JOIN PMPTHISDER HD ON S.INSTRID = HD.INSTRID AND HD.PRGEXP=1
				WHERE S.DIVISCODE='W' AND S.STATUS='E'
				GROUP BY S.INSTRID, S.INSTRNAME, S.CLASSCODE,S.DIVISCODE,S.CURRENCY,
				S.DERHIST
		  </customSQL>
		</operationBinding>
		<operationBinding operationId="pmpthisprselector_fetch_xcom" operationType="fetch">
		  <customSQL>
		  	SELECT S.INSTRID, S.INSTRNAME, S.CLASSCODE,S.DIVISCODE,S.LISTNAME,
			COUNT(H.PRICEDATE) AS MEMBERS, MIN(H.PRICEDATE) AS FIRSTDATE,
			MAX(H.PRICEDATE) AS LASTDATE
			FROM PMPTINSTR S 
			LEFT OUTER JOIN PMPTXCOMPR H ON S.INSTRID = H.INSTRID
			WHERE S.DIVISCODE='S' AND (S.STATUS='E'  or S.STATUS='U')  
			GROUP BY S.INSTRID, S.INSTRNAME, S.CLASSCODE, S.DIVISCODE,S.LISTNAME
		  </customSQL>
		</operationBinding>	
		<operationBinding operationId="pmpthisprselector_fetch_bo" operationType="fetch">
		  <customSQL>
				SELECT S.INSTRID, S.INSTRNAME, S.CLASSCODE,S.DIVISCODE,S.LISTNAME,
				COUNT(H.PRICEDATE) AS MEMBERS, MIN(H.PRICEDATE) AS FIRSTDATE,
				MAX(H.PRICEDATE) AS LASTDATE
				FROM PMPTINSTR S 
				LEFT OUTER JOIN PMPTHISPR H ON S.INSTRID = H.INSTRID
				WHERE S.DIVISCODE='B' AND (S.STATUS='E'  or S.STATUS='U')  AND ($defaultWhereClause)
				GROUP BY S.INSTRID, S.INSTRNAME, S.CLASSCODE, S.DIVISCODE,S.LISTNAME
		  </customSQL>
		</operationBinding>		
		<operationBinding operationId="pmpthisprselector_fetch_obo" operationType="fetch">
		  <customSQL>
				SELECT S.INSTRID, S.INSTRNAME, S.CLASSCODE,S.DIVISCODE,S.LISTNAME,
				COUNT(H.PRICEDATE) AS MEMBERS, MIN(H.PRICEDATE) AS FIRSTDATE,
				MAX(H.PRICEDATE) AS LASTDATE
				FROM PMPTINSTR S 
				LEFT OUTER JOIN PMPTHISPR H ON S.INSTRID = H.INSTRID
				WHERE S.DIVISCODE='O' AND (S.STATUS='E'  or S.STATUS='U')  AND ($defaultWhereClause)
				GROUP BY S.INSTRID, S.INSTRNAME, S.CLASSCODE, S.DIVISCODE,S.LISTNAME
		  </customSQL>
		</operationBinding>		
		<operationBinding operationId="pmpthisprselector_fetch_ix" operationType="fetch">
		  <customSQL>
				SELECT S.INSTRID, S.INSTRNAME, S.CLASSCODE,S.DIVISCODE,
				COUNT(H.PRICEDATE) AS MEMBERS, MIN(H.PRICEDATE) AS FIRSTDATE,
				MAX(H.PRICEDATE) AS LASTDATE
				FROM PMPTINSTR S 
				LEFT OUTER JOIN PMPTHISPR H ON S.INSTRID = H.INSTRID
				WHERE S.DIVISCODE='X' AND (S.STATUS='E'  or S.STATUS='U') AND ($defaultWhereClause)
				GROUP BY S.INSTRID, S.INSTRNAME, S.CLASSCODE, S.DIVISCODE
		  </customSQL>
		</operationBinding>		
		<operationBinding operationId="pmpthisprselector_fetch_ibo" operationType="fetch">
		  <customSQL>
				SELECT S.INSTRID, S.INSTRNAME, S.CLASSCODE,S.DIVISCODE,
				COUNT(H.PRICEDATE) AS MEMBERS, MIN(H.PRICEDATE) AS FIRSTDATE,
				MAX(H.PRICEDATE) AS LASTDATE
				FROM PMPTINSTR S 
				LEFT OUTER JOIN PMPTHISPR H ON S.INSTRID = H.INSTRID
				WHERE S.DIVISCODE='I' AND (S.STATUS='E'  or S.STATUS='U') AND ($defaultWhereClause)
				GROUP BY S.INSTRID, S.INSTRNAME, S.CLASSCODE, S.DIVISCODE
		  </customSQL>
		</operationBinding>		
		<operationBinding operationId="pmpthisprselector_fetch_curr" operationType="fetch">
		  <customSQL>
				SELECT S.INSTRID, S.INSTRNAME, S.CLASSCODE,S.DIVISCODE,
				COUNT(H.PRICEDATE) AS MEMBERS, MIN(H.PRICEDATE) AS FIRSTDATE,
				MAX(H.PRICEDATE) AS LASTDATE
				FROM PMPTINSTR S 
				LEFT OUTER JOIN PMPTHISPR H ON S.INSTRID = H.INSTRID
				WHERE S.DIVISCODE='C' AND (S.STATUS='E'  or S.STATUS='U') AND ($defaultWhereClause)
				GROUP BY S.INSTRID, S.INSTRNAME, S.CLASSCODE, S.DIVISCODE
		  </customSQL>
		</operationBinding>		
			<operationBinding operationId="pmpthisprselector_fetch_elec" operationType="fetch">
		  <customSQL>
				SELECT S.INSTRID, S.INSTRNAME, S.CLASSCODE,S.DIVISCODE,
				COUNT(H.PRICEDATE) AS MEMBERS, MIN(H.PRICEDATE) AS FIRSTDATE,
				MAX(H.PRICEDATE) AS LASTDATE
				FROM PMPTINSTR S 
				LEFT OUTER JOIN PMPTHISDE H ON S.INSTRID = H.INSTRID
				WHERE S.DIVISCODE='L'  AND (S.STATUS='E'  or S.STATUS='U' or s.status='L') AND ($defaultWhereClause)
				GROUP BY S.INSTRID, S.INSTRNAME, S.CLASSCODE, S.DIVISCODE
		  </customSQL>
		</operationBinding>		
		<operationBinding operationId="pmpthisprselector_fetch_hc" operationType="fetch">
		  <customSQL>
				SELECT S.INSTRID, S.INSTRNAME, S.CLASSCODE,S.DIVISCODE,S.LISTNAME,
				COUNT(H.PRICEDATE) AS MEMBERS, MIN(H.PRICEDATE) AS FIRSTDATE,
				MAX(H.PRICEDATE) AS LASTDATE
				FROM PMPTINSTR S 
				LEFT OUTER JOIN PMPTHISPR H ON S.INSTRID = H.INSTRID
				WHERE S.DIVISCODE='H' AND (S.STATUS='E'  or S.STATUS='U')  AND ($defaultWhereClause)
				GROUP BY S.INSTRID, S.INSTRNAME, S.CLASSCODE, S.DIVISCODE,S.LISTNAME
		  </customSQL>
		</operationBinding>	
		<operationBinding operationId="pmpthisprselector_fetch_coll" operationType="fetch">
		  <customSQL>
				SELECT S.INSTRID, S.INSTRNAME, S.CLASSCODE,S.DIVISCODE,S.LISTNAME,
				COUNT(H.PRICEDATE) AS MEMBERS, MIN(H.PRICEDATE) AS FIRSTDATE,
				MAX(H.PRICEDATE) AS LASTDATE
				FROM PMPTINSTR S 
				LEFT OUTER JOIN PMPTHISPR H ON S.INSTRID = H.INSTRID
				WHERE S.DIVISCODE='K' AND (S.STATUS='E'  or S.STATUS='U')  AND ($defaultWhereClause)
				GROUP BY S.INSTRID, S.INSTRNAME, S.CLASSCODE, S.DIVISCODE,S.LISTNAME
		  </customSQL>
		</operationBinding>	
	</operationBindings>
</DataSource>








