 <DataSource 
	  
	tableName="pmptrststp"
	ID="pmptrststp"
	dataSourceVersion="1"
	serverType="sql"
>
	<fields>
	    <field title="S.T. ID" name="RSTPARID" type="sequence" primaryKey="true" width="100%" canEdit="false"  detail="true"></field>
		<field title="Instr. type" name="INSTRTYPE"  type="text" escapeHTML="true"   width="100%"   canEdit="false"  length="30"  align="left" cellAlign="left" detail="true"></field>
		 <field title="St. dev. coef. (Dec.)" name="STDEVNMUL" type="float" filterOperator="equals" width="100%"    canEdit="true" required="true"  detail="false"></field>
	    <field title="Margin coef. (Dec.)" name="MARNMUL" type="float" filterOperator="equals" width="100%"    canEdit="true" required="true"  detail="false"></field>
	    <field title="St. dev. coef. (Inc.)" name="STDEVPMUL" type="float" filterOperator="equals" width="100%"    canEdit="true" required="true"  detail="false"></field>
	    <field title="Margin coef. (Inc.)" name="MARPMUL" type="float" filterOperator="equals" width="100%"    canEdit="true" required="true"  detail="false"></field>
	    <field title="Extr. var. coef. (Dec.)" name="EXTNMUL" type="float" filterOperator="equals" width="100%"    canEdit="true" required="true"  detail="false"></field>
	    <field title="Extr. var. coef. (Inc.)" name="EXTPMUL" type="float" filterOperator="equals" width="100%"    canEdit="true" required="true"  detail="false"></field>
	    
	    <field title="Index Increase" name="IDXVMULP" type="float" filterOperator="equals" width="100%"    canEdit="true"   detail="false"></field>
	    <field title="Index Decrease" name="IDXVMULN" type="float" filterOperator="equals" width="100%"    canEdit="true"  detail="false"></field>
	    <field title="Parallel Increase" name="PARINC" type="float" filterOperator="equals" width="100%"    canEdit="true"   detail="false"></field>
	    <field title="Parallel Decrease" name="PARDEC" type="float" filterOperator="equals" width="100%"    canEdit="true"   detail="false"></field>
		
		<field title="Update date" name="UPDDATE" type="datetime" displayFormat="toEuropeanShortDateTime"  editorType="TextItem" align="left" cellAlign="left" canEdit="false" detail="true"></field>
		<field title="Update type" name="UPDTYPE"  type="text" escapeHTML="true"      canEdit="false" length="1"  align="left" cellAlign="left" detail="true">
           <valueMap>
				<value ID="C">Create</value>
				<value ID="U">Update</value>
			</valueMap>
		</field>
		<field title="Update user" name="UPDUSR" length="30"  type="text" escapeHTML="true"      canEdit="false"  align="left" cellAlign="left" detail="true"></field>
	</fields>
	<serverObject lookupStyle="new" className="it.ccg.pamp.server.dmi.StandardDMI"/>
   <operationBindings>
	<operationBinding operationType="update" requiresRole="user"></operationBinding>
	<operationBinding operationType="delete" requiresRole="user"></operationBinding>
	<operationBinding operationType="add" requiresRole="user"></operationBinding>
	
	</operationBindings>
	
</DataSource>