<DataSource 
	  
	tableName="pmptsthisp"
	ID="pmptsthisp_mic"
	dataSourceVersion="1"
	serverType="sql"
>
	<fields>
		<field title="Instrument name" customSQL="true" tableName="pmptinstr" name="INSTRNAME"  type="text" escapeHTML="true"        width="100%" editorType="TextItem" align="left" cellAlign="left" detail="false" canEdit="false"></field>
	    <field title="Instrument ID" name="INSTRID" type="integer" filterOperator="equals" primaryKey="true" canEdit="false" width="100"  align="left" cellAlign="left" detail="true"></field>
		 <field title="Stress test ID" name="STID" type="integer" filterOperator="equals" primaryKey="true" canEdit="false" width="100" align="left" cellAlign="left" detail="false"></field>
	   <field title="Scenario" name="SCENARIO"  type="text" escapeHTML="true"      length="1" primaryKey="true" canEdit="false" width="80" filterEditorType="SelectItem" align="left" cellAlign="left" detail="false">
	     <valueMap>
				<value ID="I">Increase</value>
				<value ID="D">Decrease</value>
				<value ID="M">Higher</value>
				<value ID="W">Lower</value>
			</valueMap>
	    </field>
		<field title="Stressed date" name="PRICEDATE" type="datetime" primaryKey="true"   width="100" canEdit="false" align="left" cellAlign="left" detail="false"></field>
		<field title="Period" name="NDAYSPER" type="integer" filterOperator="equals" filterEditorType="SelectItem" canEdit="false" width="60" editorType="TextItem" align="left" cellAlign="left" detail="false"></field>
		<field title="Price" name="CLOSEPR" type="float" filterOperator="equals"  canEdit="false" align="left" width="70"  editorType="TextItem" filterEditorType="SpinnerItem"  cellAlign="left" detail="false"></field>
		<field title="Stressed price" name="CLOSEPRST" type="float" filterOperator="equals"  canEdit="false" width="80" align="left"  editorType="TextItem" filterEditorType="SpinnerItem"  cellAlign="left" detail="false"></field>
	    <field title="Status" name="STATUS" length="1"  type="text" escapeHTML="true"      width="50" align="left" canEdit="false" cellAlign="left" detail="false">
	        <valueMap>  
				<value ID="E">Enabled</value>  
				<value ID="D">Disabled</value>  
 			</valueMap> 
   		</field>
   		 <field title="Sent" name="SENT" length="1"  type="text" escapeHTML="true"      width="55" align="left" canEdit="false" cellAlign="left" detail="false">
	        <valueMap>  
				<value ID="T">Sent</value>  
				<value ID="F">Not sent</value>  
 			</valueMap> 
   		</field>
   		<field title="Log" name="LOG"   type="text" escapeHTML="true"      width="150" length="1000" align="left" cellAlign="left" canEdit="false" detail="true"></field>
		<field title="Update date" name="UPDDATE" type="datetime"  width="100" editorType="TextItem" align="left" cellAlign="left" canEdit="false" detail="true"></field>
		<field title="Update type" name="UPDTYPE"  type="text" escapeHTML="true"      canEdit="false" length="1" width="100" align="left" cellAlign="left" detail="true">
           <valueMap>
				<value ID="C">Create</value>
				<value ID="U">Update</value>
			</valueMap>
		</field>
		<field title="Update user" name="UPDUSR" length="30"  type="text" escapeHTML="true"      canEdit="false" width="100" align="left" cellAlign="left" detail="true"></field>
		<field title="R.S.T. ID" customSQL="true" tableName="pmptrstpah" name="RSTID"  type="text" escapeHTML="true"        width="100" editorType="TextItem" align="left" cellAlign="left" detail="false" canEdit="false"></field>
	   
      	</fields>
  <serverObject lookupStyle="new" className="it.ccg.pamp.server.dmi.StandardDMI"/>
  <operationBindings>
	<operationBinding operationType="update" requiresRole="user"></operationBinding>
	<operationBinding operationType="delete" requiresRole="user"></operationBinding>
	<operationBinding operationType="add" requiresRole="user"></operationBinding>
  
   
 <operationBinding operationId="pmptsthisp_fetch_mic" operationType="fetch" 
      customValueFields="INSTRNAME,RSTID" 
      customCriteriaFields="INSTRNAME,RSTID">  
       <selectClause>pmptrstpah.RSTID,pmptinstr.INSTRNAME, pmptsthisp.*</selectClause>
       <tableClause>pmptsthisp, pmptinstr, (select distinct STID,RSTID from pmptrstpah) as pmptrstpah </tableClause>  
       <whereClause><![CDATA[pmptinstr.DIVISCODE = 'M' AND pmptsthisp.INSTRID = pmptinstr.INSTRID and pmptrstpah.STID=pmptsthisp.STID
       AND $defaultWhereClause]]></whereClause>  
    </operationBinding>    
         
</operationBindings>  	
</DataSource>
