<DataSource 
	  
	tableName="pmptelmarh"
	ID="pmptelmarh"
	dataSourceVersion="1"
	serverType="sql"
>
	<fields>
		<field title="Instrument ID" name="INSTRID" type="integer" filterOperator="equals"  primaryKey="true"  width="80" align="left" cellAlign="left" detail="true"></field>
		<field title="Month" name="MONTH" type="integer" filterOperator="equals" primaryKey="true" width="80"  canEdit="false" align="left" cellAlign="left" detail="true"></field>
		<field title="Valid date" name="INIVDATE" required="true" type="datetime" primaryKey="true" width="100" align="left" cellAlign="left" detail="false"></field>
		<field title="End date" name="ENDVDATE"  type="datetime" required="true" width="60" align="left" cellAlign="left" detail="true"></field>
		<field title="Margin" name="MARGIN" type="float" filterOperator="equals" required="true" width="60" align="left" cellAlign="left" detail="false"></field>
		<field title="Cover" name="COVER" type="float" filterOperator="equals" required="true" width="60" align="left" cellAlign="left" detail="false"></field>
		<field title="Min.marg." name="MINMARGIN" required="true" type="float" filterOperator="equals" width="50" align="left" cellAlign="left" detail="true"></field>
		<field title="Sent" name="SENT" length="1" type="enum" canToggle="true" width="80" detail="false">
	        <valueMap>  
				<value ID="T">Sent</value>  
				<value ID="F">Not sent</value>   
 			</valueMap> 
   		</field>	
   		<field title="An. year" name="ANYEAR" type="integer" filterOperator="equals" width="70" editorType="TextItem" canEdit="false" cellAlign="left" detail="false"></field>
   		<field title="An. nth. max. var." name="ANNMAX" type="integer" filterOperator="equals" width="100" editorType="TextItem" canEdit="false"  cellAlign="left" detail="false"></field>
		
   		
		<field title="Send date" name="SENDDATE"  type="datetime" width="100" align="left" cellAlign="left" detail="false"></field>
		<field title="Approved by" name="APPROVEDBY" length="30"  type="text" escapeHTML="true"      width="80" align="left" cellAlign="left" detail="true"></field>
		<field title="Approved date" name="APPRDATE"  type="datetime" width="100" align="left" cellAlign="left" detail="true"></field>
		<field title="An.mar." name="ANMARGIN" type="float" filterOperator="equals" width="60" align="left" cellAlign="left" detail="true"></field>
		<field title="An.min.mar." name="ANMINMAR" required="true" type="float" filterOperator="equals" width="60" align="left" cellAlign="left" detail="true"></field>
		<field title="An.cov." name="ANCOVER" required="true" type="float" filterOperator="equals" width="60" align="left" cellAlign="left" detail="true"></field>
		<field title="Analysis date" name="ANDATE"  type="datetime" width="60" align="left" cellAlign="left" detail="true"></field>
		<field title="Motivation code" name="RCCODE"   type="text" escapeHTML="true"      width="60" align="left" cellAlign="left" detail="true"></field>
		 <field title="Susp." name="SUSP"  type="text" escapeHTML="true"      canEdit="true" length="1" width="70" align="left" cellAlign="left" detail="false">
           <valueMap>
				<value ID="T">Susp.</value>
				<value ID="F"> </value>
			</valueMap>
		</field>
		<field title="Straddle" name="STRADDLE" type="float" filterOperator="equals" required="true" width="60" align="left" cellAlign="left" detail="true"></field>
		<field title="An.Straddle" name="ANSTRADDLE" type="float" filterOperator="equals" required="true" width="60" align="left" cellAlign="left" detail="true"></field>
		<field title="Mul." name="MUL" type="float" filterOperator="equals" required="true" width="60" align="left" cellAlign="left" detail="true"></field>
		<field title="Log" name="LOG"   type="text" escapeHTML="true"      width="200" align="left" cellAlign="left" detail="true"></field>
		<field title="Comment" name="COMMENT" length="255"  type="text" escapeHTML="true"      align="left" cellAlign="left" detail="true"></field>
		<field title="Motivation" name="RCDESC" customSQL="true" tableName="pmprc" length="30"  type="text" escapeHTML="true"      width="60" canEdit="false" align="left" cellAlign="left" detail="false"></field>
        <field title="Update date" name="UPDDATE" type="datetime" width="100" editorType="TextItem" align="left" cellAlign="left" canEdit="false" detail="true"></field>
		<field title="Update type" name="UPDTYPE"  type="text" escapeHTML="true"      canEdit="false" length="1" width="100" align="left" cellAlign="left" detail="true">
           <valueMap>
				<value ID="C">Create</value>
				<value ID="U">Update</value>
			</valueMap>
		</field>
		<field title="Update user" name="UPDUSR" length="30"  type="text" escapeHTML="true"      canEdit="false" width="100" align="left" cellAlign="left" detail="true"></field>
		<field title="An.mar.buffer" name="ANMARBUFF" type="float" filterOperator="equals" width="100" canEdit="false"  align="left" cellAlign="left" detail="true"></field>
		<field title="An.not buffered mar." name="ANNBMAR" type="float" filterOperator="equals" width="100" canEdit="false"  align="left" cellAlign="left" detail="true"></field>
		 <field title="An.cap." name="ANCAP"  type="text" escapeHTML="true"      canEdit="true" length="1" width="70" align="left" cellAlign="left" detail="true">
           <valueMap>
				<value ID="H">Sup.cap.</value>
				<value ID="L">Inf.cap.</value>
				<value ID="D">Der.cap.</value>
			</valueMap>
		</field>
</fields>	    
<serverObject lookupStyle="new" className="it.ccg.pamp.server.dmi.StandardDMI"/>
    	<operationBindings>
	<operationBinding operationType="update" requiresRole="user"></operationBinding>
	<operationBinding operationType="delete" requiresRole="user"></operationBinding>
	<operationBinding operationType="add" requiresRole="user"></operationBinding>
  
      <operationBinding operationType="fetch" 
      customValueFields="RCDESC" 
      customCriteriaFields="RCDESC">  
       <selectClause>
       pmptelmarh.*,pmptrc.RCDESC as RCDESC
       </selectClause>
       <tableClause>pmptelmarh,pmptrc as pmptrc</tableClause>  
       <whereClause><![CDATA[ 
       pmptrc.RCCODE=pmptelmarh.RCCODE
       AND $defaultWhereClause]]></whereClause>  
       <orderClause>pmptelmarh.INIVDATE desc</orderClause>
    </operationBinding>        
     
 </operationBindings>  	
  
</DataSource>