<DataSource 
	  
	tableName="pmptetfinc"
	ID="pmptetfinc"
	dataSourceVersion="1"
	serverType="sql"
>
	<fields>
		<field title="Instrument ID" name="INSTRID" type="integer" filterOperator="equals" primaryKey="true" editorType="ComboBoxItem" canEdit="false"  width="100" detail="false"></field>
	    <field title="Inc.date" name="INCOMEDATE" type="datetime" primaryKey="true" width="70" canEdit="false"  align="left" cellAlign="left" detail="false"></field>
	    <field title="Inc.value" name="INCOMEVALUE" type="float" filterOperator="equals"  editorType="TextItem" filterEditorType="SpinnerItem"  width="64" canEdit="true" align="left" cellAlign="left" detail="false"></field>
		<field title="K rett." name="KRETT" type="float" filterOperator="equals"  editorType="TextItem" filterEditorType="SpinnerItem"  width="64" canEdit="true" align="left" cellAlign="left" detail="false"></field>
	  <field title="Update date" name="UPDDATE" type="datetime" width="100" editorType="TextItem" align="left" cellAlign="left" canEdit="false" detail="true"></field>
		<field title="Update type" name="UPDTYPE"  type="text" escapeHTML="true"      canEdit="false" length="1" width="100" align="left" cellAlign="left" detail="true">
           <valueMap>
				<value ID="C">Create</value>
				<value ID="U">Update</value>
			</valueMap>
		</field>
		<field title="Update user" name="UPDUSR" length="30"  type="text" escapeHTML="true"      canEdit="false" width="100" align="left" cellAlign="left" detail="true"></field>
	</fields>
	<serverObject lookupStyle="new" className="it.ccg.pamp.server.dmi.StandardDMI"/>
	<operationBindings>
	<operationBinding operationType="update" requiresRole="user"></operationBinding>
	<operationBinding operationType="delete" requiresRole="user"></operationBinding>
	<operationBinding operationType="add" requiresRole="user"></operationBinding>
 </operationBindings>  	
</DataSource>