 <DataSource 
	  
	tableName="pmptstmbrs"
	ID="pmptstmbr"
	dataSourceVersion="1"
	serverType="sql"
>
	<fields>
		 <field title="Scenario" name="SCENARIO"  type="text" escapeHTML="true"      length="1" primaryKey="true" canEdit="false" width="90" filterEditorType="SelectItem" align="left" cellAlign="left" detail="false">
	     <valueMap>
				<value ID="I">Increase</value>
				<value ID="D">Decrease</value>
				<value ID="H">Parallel Inc.</value>
				<value ID="L">Parallel Dec.</value>
				<value ID="M">Higher</value>
				<value ID="W">Lower</value>
				<value ID="S">Steepening</value>
				<value ID="F">Flattening</value>
				<value ID="B">Inc. Plus Default</value>
				<value ID="E">Dec. Plus Default</value>
				<value ID="P">Dec.half vola.</value>
				<value ID="J">Inc.half vola.</value>
				<value ID="A">Inv. Country Corr.</value>
				<value ID="U">Dir. Country Corr.</value>
				<value ID="C">Custom Bank Def.</value>
				<!-- <value ID="0">Day 0</value> -->
			</valueMap>
	    </field>
		<field title="Stress test ID" name="STID" type="integer" filterOperator="equals" primaryKey="true" canEdit="false" filterEditorType="TextItem" width="100"  align="left" cellAlign="left" detail="false"></field>
		<field title="Tot. Exposed" name="TOTEXPOSED" type="integer" filterOperator="equals" canEdit="false" filterEditorType="SpinnerItem" width="100"  align="left" cellAlign="left" detail="false"></field>
	    <field title="Tot. Members" name="TOTMEMBERS" type="integer" filterOperator="equals" canEdit="false" filterEditorType="SpinnerItem" width="100"  align="left" cellAlign="left" detail="false"></field>
	    <field title="Clearing member" name="MBRID" type="integer" filterOperator="equals" primaryKey="true" canEdit="false" filterEditorType="TextItem" width="100"  align="left" cellAlign="left" detail="false"></field>
	    <field title="Clearing member desc." name="MBRDESC"   type="text" escapeHTML="true"      length="100" align="left" cellAlign="left" canEdit="false" detail="false"></field>
   		<field title="Hist. Data upd.Day" name="HISTUPDDAY" type="datetime"    width="100" canEdit="false" align="left" cellAlign="left" detail="true"></field>
		<field title="Log" name="LOG"   type="text" escapeHTML="true"      length="1000" width="100" align="left" cellAlign="left" canEdit="false" detail="true"></field>
		<field title="Hp filter" name="NVVEC"  type="text" escapeHTML="true"       length="50" canEdit="false" width="100"  align="left" cellAlign="left" detail="true"></field>
		<field title="Period" name="NDAYSPER" type="integer" filterOperator="equals" filterEditorType="SelectItem" canEdit="false" width="100" editorType="TextItem" align="left" cellAlign="left" detail="false"></field>
		<field title="House init. margin" name="HNRMMAR" type="float" filterOperator="equals"  canEdit="false" width="120" align="left"  editorType="TextItem" filterEditorType="SpinnerItem"  cellAlign="left" detail="false"></field>
   		<field title="Client init. margin" name="CNRMMAR" type="float" filterOperator="equals"  canEdit="false" width="120" align="left"  editorType="TextItem" filterEditorType="SpinnerItem"  cellAlign="left" detail="false"></field>
   		<field title="House cash call" name="HSTRMAR" type="float" filterOperator="equals"  canEdit="false" width="130" align="left"  editorType="TextItem" filterEditorType="SpinnerItem"  cellAlign="left" detail="false"></field>
   		<field title="Client cash call" name="CSTRMAR" type="float" filterOperator="equals"  canEdit="false" width="130" align="left"  editorType="TextItem" filterEditorType="SpinnerItem"  cellAlign="left" detail="false"></field>
   		<field title="Not collateralized exposure" name="NCE" type="float" filterOperator="equals"  canEdit="false" width="150" align="left"  editorType="TextItem" filterEditorType="SpinnerItem"  cellAlign="left" detail="false"></field>
   		
   		<field title="Update date" name="UPDDATE" type="datetime"  width="100" editorType="TextItem" align="left" cellAlign="left" canEdit="false" detail="true"></field>
		<field title="Update type" name="UPDTYPE"  type="text" escapeHTML="true"      canEdit="false" length="1" width="100" align="left" cellAlign="left" detail="true">
           <valueMap>
				<value ID="C">Create</value>
				<value ID="U">Update</value>
			</valueMap>
		</field>
		<field title="Update user" name="UPDUSR" length="30"  type="text" escapeHTML="true"    canEdit="false" width="100" align="left" cellAlign="left" detail="true"></field>
	   
	    <field title="Sens. test ID" name="SSTID" type="integer" customSQL="true" tableName="pmptsstpah" filterOperator="equals" width="72" canEdit="false" align="left" cellAlign="left" detail="false" ></field>
	    <field title="Iteration" name="ITER" type="integer" customSQL="true" tableName="pmptsstpah" filterOperator="equals" width="72" canEdit="false" align="left" cellAlign="left" detail="false" ></field>
	<field title="R.S.T ID" name="RSTID" type="integer" customSQL="true" tableName="pmptrstpah" filterOperator="equals" width="72" canEdit="false" align="left" cellAlign="left" detail="false" ></field>
		
	</fields>
  	<serverObject lookupStyle="new" className="it.ccg.pamp.server.dmi.StandardDMI"/>
  	<operationBindings>
	<operationBinding operationType="update" requiresRole="user"></operationBinding>
	<operationBinding operationType="delete" requiresRole="user"></operationBinding>
	<operationBinding operationType="add" requiresRole="user"></operationBinding>
  
      <operationBinding operationId="pmptstmbr_mbrselector" operationType="fetch">  
       <selectClause>distinct SCENARIO,STID,MBRID,GMBRID,MBRDESC,GMBRDESC</selectClause>
    </operationBinding>      
      <operationBinding operationId="pmptstmbr_mbr" operationType="fetch">  
       <selectClause>distinct MBRID</selectClause>
    </operationBinding>      
    <operationBinding operationId="pmptstmbr_gmbr" operationType="fetch">  
       <selectClause>distinct GMBRID</selectClause>
    </operationBinding>   
     <operationBinding operationId="pmptstmbrs_fetch_eq_reverse" operationType="fetch" 
     customValueFields="RSTID" 
      customCriteriaFields="RSTID">
	 <selectClause>pmptstmbrs.SCENARIO, pmptstmbrs.STID, pmptstmbrs.TOTEXPOSED, pmptstmbrs.TOTMEMBERS,
				pmptstmbrs.MBRID, pmptstmbrs.MBRDESC,pmptstmbrs.HISTUPDDAY, pmptstmbrs.LOG,
				pmptstmbrs.NVVEC, pmptstmbrs.NDAYSPER,cast(pmptstmbrs.HNRMMAR as FLOAT) as HNRMMAR,
				cast(pmptstmbrs.CNRMMAR as FLOAT) as CNRMMAR, cast(pmptstmbrs.HSTRMAR as FLOAT) as HSTRMAR,
				cast(pmptstmbrs.CSTRMAR as FLOAT) as CSTRMAR, cast(pmptstmbrs.NCE as FLOAT) as NCE ,
				pmptstmbrs.UPDDATE,pmptstmbrs.UPDTYPE,pmptstmbrs.UPDUSR,pmptrstpah.RSTID</selectClause>  
       <tableClause>pmptstmbrs as pmptstmbrs, (select distinct STID,RSTID from pmptrstpah) as pmptrstpah </tableClause>  
       <whereClause><![CDATA[pmptstmbrs.stid=pmptrstpah.stid AND $defaultWhereClause]]></whereClause>
    </operationBinding>     
     <operationBinding operationId="pmptstmbrs_fetch_eq" operationType="fetch" >
	 <selectClause>pmptstmbrs.SCENARIO, pmptstmbrs.STID, pmptstmbrs.TOTEXPOSED, pmptstmbrs.TOTMEMBERS,
				pmptstmbrs.MBRID, pmptstmbrs.MBRDESC,pmptstmbrs.HISTUPDDAY, pmptstmbrs.LOG,
				pmptstmbrs.NVVEC, pmptstmbrs.NDAYSPER,cast(pmptstmbrs.HNRMMAR as FLOAT) as HNRMMAR,
				cast(pmptstmbrs.CNRMMAR as FLOAT) as CNRMMAR, cast(pmptstmbrs.HSTRMAR as FLOAT) as HSTRMAR,
				cast(pmptstmbrs.CSTRMAR as FLOAT) as CSTRMAR, cast(pmptstmbrs.NCE as FLOAT) as NCE ,
				pmptstmbrs.UPDDATE,pmptstmbrs.UPDTYPE,pmptstmbrs.UPDUSR
		</selectClause>  
       <tableClause>pmptstmbrs as pmptstmbrs, pmptst as pmptst</tableClause>  
       <whereClause><![CDATA[pmptstmbrs.stid=pmptst.stid and pmptst.status!='R' 
                              AND $defaultWhereClause]]></whereClause>  
    </operationBinding>    
    
   <operationBinding operationId="pmptstmbrs_fetch_sensitivity" operationType="fetch" 
       customValueFields="SSTID,ITER" 
      customCriteriaFields="SSTID,ITER">
	 <selectClause>pmptstmbrs.SCENARIO, pmptstmbrs.STID, pmptstmbrs.TOTEXPOSED, pmptstmbrs.TOTMEMBERS,
				pmptstmbrs.MBRID, pmptstmbrs.MBRDESC,pmptstmbrs.HISTUPDDAY, pmptstmbrs.LOG,
				pmptstmbrs.NVVEC, pmptstmbrs.NDAYSPER,cast(pmptstmbrs.HNRMMAR as FLOAT) as HNRMMAR,
				cast(pmptstmbrs.CNRMMAR as FLOAT) as CNRMMAR, cast(pmptstmbrs.HSTRMAR as FLOAT) as HSTRMAR,
				cast(pmptstmbrs.CSTRMAR as FLOAT) as CSTRMAR, cast(pmptstmbrs.NCE as FLOAT) as NCE ,
				pmptstmbrs.UPDDATE,pmptstmbrs.UPDTYPE,pmptstmbrs.UPDUSR,pmptsstpah.SSTID,pmptsstpah.ITER</selectClause>  
       <tableClause>pmptstmbrs as pmptstmbrs,  (select distinct h.ITER, h.SSTID,h.STID,h.ITSTID
                                 from pmptsstpah h 
                                  union
                                 select h.ITER, h.SSTID,h.STID,h.ITSTID
                                 from PMPTSSTBPH h )as pmptsstpah</tableClause>  
       <whereClause><![CDATA[ pmptstmbrs.stid=pmptsstpah.ITSTID  AND 
       
       $defaultWhereClause]]></whereClause>  
    </operationBinding> 
    <operationBinding operationId="pmptstmbrs_fetch_sensitivity_mic" operationType="fetch" 
       customValueFields="SSTID,ITER" 
      customCriteriaFields="SSTID,ITER">
	 <selectClause>pmptstmbrs.SCENARIO, pmptstmbrs.STID, pmptstmbrs.TOTEXPOSED, pmptstmbrs.TOTMEMBERS,
				pmptstmbrs.MBRID, pmptstmbrs.MBRDESC,pmptstmbrs.HISTUPDDAY, pmptstmbrs.LOG,
				pmptstmbrs.NVVEC, pmptstmbrs.NDAYSPER,cast(pmptstmbrs.HNRMMAR as FLOAT) as HNRMMAR,
				cast(pmptstmbrs.CNRMMAR as FLOAT) as CNRMMAR, cast(pmptstmbrs.HSTRMAR as FLOAT) as HSTRMAR,
				cast(pmptstmbrs.CSTRMAR as FLOAT) as CSTRMAR, cast(pmptstmbrs.NCE as FLOAT) as NCE ,
				pmptstmbrs.UPDDATE,pmptstmbrs.UPDTYPE,pmptstmbrs.UPDUSR,pmptsstpah.SSTID,pmptsstpah.ITER</selectClause>  
       <tableClause>pmptstmbrs as pmptstmbrs, pmptsst as pmptsst, (select distinct h.ITER, h.SSTID,h.STID,h.ITSTID
                                 from pmptsstpah h 
                                  union
                                 select h.ITER, h.SSTID,h.STID,h.ITSTID
                                 from PMPTSSTBPH h )as pmptsstpah</tableClause>  
       <whereClause><![CDATA[ pmptstmbrs.stid=pmptsstpah.ITSTID  AND pmptsst.sstid=pmptsstpah.sstid and pmptsst.diviscode='M' and
       
       $defaultWhereClause]]></whereClause>  
    </operationBinding> 
 </operationBindings>  	
  
</DataSource>