 <DataSource 
	  
	tableName="pmptbtmmbs"
	ID="pmptbtmmbs"
	dataSourceVersion="1"
	serverType="sql"
>
	<fields>
		<field title="Back test ID" name="BTID" primaryKey="true" type="integer" filterOperator="equals" canEdit="false"  width="100"  align="left" cellAlign="left" detail="false"></field>
		 <field title="Cl. part. ID" name="MBRID" primaryKey="true" type="integer" filterOperator="equals" canEdit="false" editorType="TextItem" filterEditorType="SpinnerItem" width="100"  align="left" cellAlign="left" detail="true"></field>
	     <field title="Cl. part. name" name="MBRDESC"   type="text" escapeHTML="true"      length="100" align="left" cellAlign="left" canEdit="false" detail="false"></field>
   		<field title="Gen. Cl. part. ID" name="GMBRID" primaryKey="true" type="integer" filterOperator="equals" canEdit="false" editorType="TextItem" filterEditorType="SpinnerItem" width="100"  align="left" cellAlign="left" detail="true"></field>
	    <field title="Gen. Cl. part. name" name="GMBRDESC"   type="text" escapeHTML="true"      length="100" align="left" cellAlign="left" canEdit="false" detail="false"></field>
   		<field title="Account type" name="ACCTYPE" primaryKey="true"  type="text" escapeHTML="true"      canEdit="false" length="1" width="100" align="left" cellAlign="left" detail="false">
           <valueMap>
				<value ID="C">Client</value>
				<value ID="F">Firm</value>
			</valueMap>
		</field>
		<field title="Unc. Loss" name="GAINLOSS" type="float" filterOperator="equals"  canEdit="false" width="100" align="left"  editorType="TextItem" filterEditorType="SpinnerItem"  cellAlign="left" detail="false"></field>
   		<field title="Ref. Date" name="REFDATE"  primaryKey="true"   type="date" customSelectExpression="CAST(REFDATE as DATE)"  customUpdateExpression="$values.REFDATE" width="110" canEdit="false" detail="false" align="left" cellAlign="left" ></field>
		<field title="Covered" name="RFCOVERED"  type="text" escapeHTML="true"      length="1" canEdit="false" width="100" filterEditorType="SelectItem" align="left" cellAlign="left" detail="false">
	     <valueMap>
				<value ID="T">True</value>
				<value ID="F">False</value>
			</valueMap>
	    </field>
		<field title="Ordinary margin" name="ORDMAR" type="float" filterOperator="equals"  canEdit="false" width="100" align="left"  editorType="TextItem" filterEditorType="SpinnerItem"  cellAlign="left" detail="true"></field>
		<field title="Mark to market" name="MTM" type="float" filterOperator="equals"  canEdit="false" width="100" align="left"  editorType="TextItem" filterEditorType="SpinnerItem"  cellAlign="left" detail="true"></field>
		<field title="Initial margin" name="INITMAR" type="float" filterOperator="equals"  canEdit="false" width="100" align="left"  editorType="TextItem" filterEditorType="SpinnerItem"  cellAlign="left" detail="false"></field>
   		<field title="Log" name="BTLOG"   type="text" escapeHTML="true"  length="1000" width="100" align="left" cellAlign="left" canEdit="false" detail="true"></field>
		<field title="Update date" name="UPDDATE" type="datetime"  width="100" editorType="TextItem" align="left" cellAlign="left" canEdit="false" detail="true"></field>
		<field title="Update type" name="UPDTYPE"  type="text" escapeHTML="true"      canEdit="false" length="1" width="100" align="left" cellAlign="left" detail="true">
           <valueMap>
				<value ID="C">Create</value>
				<value ID="U">Update</value>
			</valueMap>
		</field>
		<field title="Update user" name="UPDUSR" length="30"  type="text" escapeHTML="true"    canEdit="false" width="100" align="left" cellAlign="left" detail="true"></field>
	    <field title="B.T. date" customSQL="true" tableName="pmptbtm" name="BTDATE" type="date" customSelectExpression="CAST(BTDATE as DATE)"  customUpdateExpression="$values.BTDATE"   width="110" canEdit="false" detail="true" align="left" cellAlign="left" ></field>
	    
		<field title="Currency" name="CURRENCY"  length="10"  type="text" escapeHTML="true"      filterEditorType="SelectItem" width="80" canEdit="false" detail="false">
			
				<valueMap>
				<value ID="IT   ">LIT</value>
				<value ID="US   ">USD</value>
				<value ID="EU   ">EUR</value>
				<value ID="GB   ">GBP</value>
				<value ID="NO   ">NOK</value>
				<value ID="SE   ">SEK</value>
				<value ID="CH   ">CHF</value>
				<value ID="DK   ">DKK</value>
				<value ID="CA   ">CAD</value>
				<value ID="JP   ">JPY</value>
				<value ID="IS   ">ISK</value>
			</valueMap>
		</field>
		<field title="Sub A/C" name="SUBACCT"   type="text" escapeHTML="true"  width="100"     length="100" align="left" cellAlign="left" canEdit="false" detail="false"></field>
		<field title="Sub A/C NC" name="SUBACCDESC"   type="text" escapeHTML="true"     length="100" align="left" cellAlign="left" canEdit="false" detail="false"></field>
		<field title="D.F. quota" name="DFQUOTA" type="float" filterOperator="equals"  canEdit="false" width="100" align="left"  editorType="TextItem" filterEditorType="SpinnerItem"  cellAlign="left" detail="false"></field>
   	
	</fields>
	
  	<serverObject lookupStyle="new" className="it.ccg.pamp.server.dmi.StandardDMI"/>
  	<operationBindings>
	<operationBinding operationType="update" requiresRole="user"></operationBinding>
	<operationBinding operationType="delete" requiresRole="user"></operationBinding>
	<operationBinding operationType="add" requiresRole="user"></operationBinding>
  
  <operationBinding operationId="pmptbtmmbs_fetch_eqeqder"  operationType="fetch" 
                     customValueFields="BTDATE" customCriteriaFields="BTDATE">  
       <selectClause>pmptbtmmbs.*,pmptbtm.BTDATE</selectClause>
       <tableClause>pmptbtmmbs,pmptbtm</tableClause>  
       <whereClause><![CDATA[pmptbtmmbs.btid=pmptbtm.btid AND pmptbtm.STATUS='E' AND pmptbtm.diviscode='E' AND $defaultWhereClause]]></whereClause>  
		</operationBinding> 	
	<operationBinding  operationId="pmptbtmmbs_fetch_bo" operationType="fetch" 
		                    customValueFields="BTDATE" customCriteriaFields="BTDATE">  
		<!-- Aggiunta selezione di tutti i campi per ccg in quanto non presente la colonna SUBACCDESC -->                     
       <selectClause>PMPTBTMMBS.BTID, PMPTBTMMBS.MBRID, PMPTBTMMBS.GMBRID, 
       PMPTBTMMBS.ACCTYPE, PMPTBTMMBS.SUBACCT, PMPTBTMMBS.CURRENCY, PMPTBTMMBS.MBRDESC, 
       PMPTBTMMBS.GMBRDESC, PMPTBTMMBS.BTLOG, PMPTBTMMBS.REFDATE, PMPTBTMMBS.MTM, PMPTBTMMBS.ORDMAR, 
       PMPTBTMMBS.INITMAR, PMPTBTMMBS.GAINLOSS, PMPTBTMMBS.DFQUOTA, PMPTBTMMBS.RFCOVERED, PMPTBTMMBS.UPDDATE, 
       PMPTBTMMBS.UPDTYPE, PMPTBTMMBS.UPDUSR ,pmptbtm.BTDATE</selectClause>
       <tableClause>pmptbtmmbs,pmptbtm</tableClause>  
       <whereClause><![CDATA[pmptbtmmbs.btid=pmptbtm.btid AND pmptbtm.STATUS='E' AND pmptbtm.diviscode='O' AND $defaultWhereClause]]></whereClause>  
		</operationBinding>
		<operationBinding  operationId="pmptbtmmbs_fetch_eq_ccg" operationType="fetch" 
		                    customValueFields="BTDATE" customCriteriaFields="BTDATE">  
		<!-- Aggiunta selezione di tutti i campi per ccg in quanto non presente la colonna SUBACCDESC -->                     
       <selectClause>PMPTBTMMBS.BTID, PMPTBTMMBS.MBRID, PMPTBTMMBS.GMBRID, 
       PMPTBTMMBS.ACCTYPE, PMPTBTMMBS.SUBACCT, PMPTBTMMBS.CURRENCY, PMPTBTMMBS.MBRDESC, 
       PMPTBTMMBS.GMBRDESC, PMPTBTMMBS.BTLOG, PMPTBTMMBS.REFDATE, PMPTBTMMBS.MTM, PMPTBTMMBS.ORDMAR, 
       PMPTBTMMBS.INITMAR, PMPTBTMMBS.GAINLOSS, PMPTBTMMBS.DFQUOTA, PMPTBTMMBS.RFCOVERED, PMPTBTMMBS.UPDDATE, 
       PMPTBTMMBS.UPDTYPE, PMPTBTMMBS.UPDUSR ,pmptbtm.BTDATE</selectClause>
       <tableClause>pmptbtmmbs,pmptbtm</tableClause>  
       <whereClause><![CDATA[pmptbtmmbs.btid=pmptbtm.btid AND pmptbtm.STATUS='E' AND pmptbtm.diviscode='E' AND $defaultWhereClause]]></whereClause>  
		</operationBinding>
	<operationBinding  operationId="pmptbtmmbs_fetch_agx" operationType="fetch" 
		                    customValueFields="BTDATE" customCriteriaFields="BTDATE">  
		<!-- Aggiunta selezione di tutti i campi per ccg in quanto non presente la colonna SUBACCDESC -->                     
       <selectClause>PMPTBTMMBS.BTID, PMPTBTMMBS.MBRID, PMPTBTMMBS.GMBRID, 
       PMPTBTMMBS.ACCTYPE, PMPTBTMMBS.SUBACCT, PMPTBTMMBS.CURRENCY, PMPTBTMMBS.MBRDESC, 
       PMPTBTMMBS.GMBRDESC, PMPTBTMMBS.BTLOG, PMPTBTMMBS.REFDATE, PMPTBTMMBS.MTM, PMPTBTMMBS.ORDMAR, 
       PMPTBTMMBS.INITMAR, PMPTBTMMBS.GAINLOSS, PMPTBTMMBS.DFQUOTA, PMPTBTMMBS.RFCOVERED, PMPTBTMMBS.UPDDATE, 
       PMPTBTMMBS.UPDTYPE, PMPTBTMMBS.UPDUSR ,pmptbtm.BTDATE</selectClause>
       <tableClause>pmptbtmmbs,pmptbtm</tableClause>  
       <whereClause><![CDATA[pmptbtmmbs.btid=pmptbtm.btid AND pmptbtm.STATUS='E' AND pmptbtm.diviscode='W' AND $defaultWhereClause]]></whereClause>  
		</operationBinding>	
	<operationBinding  operationId="pmptbtmmbs_fetch_el" operationType="fetch" 
		                    customValueFields="BTDATE" customCriteriaFields="BTDATE">  
		<!-- Aggiunta selezione di tutti i campi per ccg in quanto non presente la colonna SUBACCDESC -->                     
       <selectClause>PMPTBTMMBS.BTID, PMPTBTMMBS.MBRID, PMPTBTMMBS.GMBRID, 
       PMPTBTMMBS.ACCTYPE, PMPTBTMMBS.SUBACCT, PMPTBTMMBS.CURRENCY, PMPTBTMMBS.MBRDESC, 
       PMPTBTMMBS.GMBRDESC, PMPTBTMMBS.BTLOG, PMPTBTMMBS.REFDATE, PMPTBTMMBS.MTM, PMPTBTMMBS.ORDMAR, 
       PMPTBTMMBS.INITMAR, PMPTBTMMBS.GAINLOSS, PMPTBTMMBS.DFQUOTA, PMPTBTMMBS.RFCOVERED, PMPTBTMMBS.UPDDATE, 
       PMPTBTMMBS.UPDTYPE, PMPTBTMMBS.UPDUSR ,pmptbtm.BTDATE</selectClause>
       <tableClause>pmptbtmmbs,pmptbtm</tableClause>  
       <whereClause><![CDATA[pmptbtmmbs.btid=pmptbtm.btid AND pmptbtm.STATUS='E' AND pmptbtm.diviscode='L' AND $defaultWhereClause]]></whereClause>  
		</operationBinding>	
 </operationBindings>  	
  
</DataSource>