<DataSource
	  
	tableName="pmptnote"
	ID="pmptnote"
	dataSourceVersion="1"
	serverType="sql"
>
	<fields>
		<field title="Note ID" name="NOTEID" primaryKey="true" type="integer" filterOperator="equals" width="100" detail="true" hidden="true"></field>
		<field title="Owner" name="OWNER"  type="text" escapeHTML="true"      primaryKey="true" length="30" width="100" align="left" cellAlign="left" detail="true" hidden="true"/>
		<field title="Date" name="DATE" type="datetime" displayFormat= "toEuropeanShortDate" width="50" canEdit="false" detail="true" hidden="true"></field>
		<field title="Content" name="CONTENT" length="5000"  type="text" escapeHTML="true"      canEdit="false" detail="false" ></field>
		<field title="Instrument ID" name="INSTRID" type="integer" filterOperator="equals" width="100" detail="true" hidden="true"></field>
		<field title="Xpos" name="XPOS" type="integer" filterOperator="equals" width="100" detail="true" hidden="true"></field>
		<field title="Ypos" name="YPOS" type="integer" filterOperator="equals" width="100" detail="true" hidden="true"></field>
		<field title="Xdim" name="XDIM" type="integer" filterOperator="equals" width="100" detail="true" hidden="true"></field>
		<field title="Ydim" name="YDIM" type="integer" filterOperator="equals" width="100" detail="true" hidden="true"></field>
		<field title="Update date" name="UPDDATE" type="datetime" displayFormat="toEuropeanShortDateTime" width="100" editorType="TextItem" align="left" cellAlign="left" canEdit="false" detail="true"></field>
		<field title="Update type" name="UPDTYPE"  type="text" escapeHTML="true"      canEdit="false" length="1" width="100" align="left" cellAlign="left" detail="true">
           <valueMap>
				<value ID="C">Create</value>
				<value ID="U">Update</value>
			</valueMap>
		</field>
		<field title="Update user" name="UPDUSR" length="30"  type="text" escapeHTML="true"      canEdit="false" width="100" align="left" cellAlign="left" detail="true"></field>
	    <field title="Shared" name="SHARED"  type="text" escapeHTML="true"      canEdit="false" length="1" width="43" align="left" cellAlign="left" detail="false">
  		<valueMap>
				<value ID="T">True</value>
				<value ID="F">False</value>
		</valueMap>
  		</field>
  		<field title="Closed" name="CLOSED"  type="text" escapeHTML="true"      canEdit="false" length="1" width="100" align="left" cellAlign="left" detail="true"> 
  		<valueMap>
				<value ID="T">True</value>
				<value ID="F">False</value>
		</valueMap>
  		</field> 
  	</fields>
 	<serverObject lookupStyle="new" className="it.ccg.pamp.server.dmi.UserDMI"/>

 <operationBindings>
	<operationBinding operationType="update" requiresRole="user,causer,manager,visitor,admin,supervisor,ccpamanagement"></operationBinding>
	<operationBinding operationType="delete" requiresRole="user,causer,manager,visitor,admin,supervisor,ccpamanagement"></operationBinding>
	<operationBinding operationType="add" requiresRole="user,causer,manager,visitor,admin,supervisor,ccpamanagement"></operationBinding>
    
	 <operationBinding operationId="pmptnotefetch" operationType="fetch">  
          <whereClause><![CDATA[(UPDUSR=$criteria.USER OR pmptnote.SHARED='T') AND ($defaultWhereClause)]]></whereClause>  
      </operationBinding>  
        <operationBinding operationType="add">  
          <whereClause><![CDATA[(UPDUSR=$criteria.USER OR pmptnote.SHARED='T') AND ($defaultWhereClause)]]></whereClause>  
      </operationBinding>  
       <operationBinding operationType="update">  
          <whereClause><![CDATA[(UPDUSR=$criteria.USER OR pmptnote.SHARED='T') AND ($defaultWhereClause)]]></whereClause>  
      </operationBinding>  
       <operationBinding operationType="delete">  
          <whereClause><![CDATA[(UPDUSR=$criteria.USER OR pmptnote.SHARED='T') AND ($defaultWhereClause)]]></whereClause>  
      </operationBinding>  
</operationBindings>  
</DataSource>
