<DataSource 
	  
	tableName="pmptsmvar"
	ID="pmptsmvar"
	dataSourceVersion="1"
	generatedBy="7.1-Evaluation/Enterprise Deployment 2009-08-23"
	serverType="sql"
>
	<fields>
	    <field title="Instrument ID" name="INSTRID" type="integer" filterOperator="equals" primaryKey="true" width="100" canEdit="false"  detail="true" hidden="true"></field>
		<field title="HP" name="NV" type="integer" filterOperator="equals" primaryKey="true" width="100"  cellAlign="left" canEdit="false" align="left" detail="false"></field>
		<field title="Date" name="PRICEDATE" type="datetime"  primaryKey="true"  canEdit="false"  width="100" align="left" cellAlign="left" detail="false"></field>
		<field title="Var. type" name="VARTYPE" primaryKey="true"  type="text" escapeHTML="true"      editorType="ComboBoxItem" length="1" width="70"  canEdit="false" align="left" cellAlign="left" detail="false">
		       <valueMap>  
				<value ID="L">Logarithmic</value>
				<value ID="P">Percentual</value> 
				</valueMap> 
		</field>
		<field title="Real variat." name="VARIAT" type="float" filterOperator="equals"  editorType="TextItem" filterEditorType="SpinnerItem"  width="50%" canEdit="false" align="left" cellAlign="left" detail="false"></field>
		<field title="Modified variat." name="OVARIAT" type="float" filterOperator="equals"  editorType="TextItem" filterEditorType="SpinnerItem"  width="50%" canEdit="true" align="left" cellAlign="left" detail="false"></field>
		<field title="Prog. exp." name="PRGEXP" type="integer" filterOperator="equals" width="64" primaryKey="true" canEdit="false" align="left" cellAlign="left" detail="true"></field>
        <field title="Update date" name="UPDDATE" type="datetime"  width="100" editorType="TextItem" align="left" cellAlign="left" canEdit="false" detail="true"></field>
		<field title="Update type" name="UPDTYPE"  type="text" escapeHTML="true"      canEdit="false" length="1" width="100" align="left" cellAlign="left" detail="true">
           <valueMap>
				<value ID="C">Create</value>
				<value ID="U">Update</value>
			</valueMap>
		</field>
		<field title="Update user" name="UPDUSR" primaryKey="true"  length="30"  type="text" escapeHTML="true"      canEdit="false" width="100" align="left" cellAlign="left" detail="true"></field>
	</fields>
	<serverObject lookupStyle="new" className="it.ccg.pamp.server.dmi.UserDMI"/>
	 <operationBindings>
	<operationBinding operationType="update" requiresRole="user"></operationBinding>
	<operationBinding operationType="delete" requiresRole="user"></operationBinding>
	<operationBinding operationType="add" requiresRole="user"></operationBinding>
    
	 <operationBinding operationId="pmptsmvarfetch" operationType="fetch"> 
          <whereClause><![CDATA[(UPDUSR=$criteria.USER) AND ($defaultWhereClause)]]></whereClause>  
      </operationBinding>  
</operationBindings>  
</DataSource>
