<DataSource 
	  
	tableName="pmptgroup"
	ID="pmptgroup"
	dataSourceVersion="1"
	serverType="sql"
>
	<fields>
		<field title="Group ID" name="GRID" type="sequence" primaryKey="true" canEdit="false" width="100" detail="true" align="left" cellAlign="left"></field>
		<field title="Group Name" name="GRNAME" length="2"  type="text" escapeHTML="true"      editorType="TextItem" width="170" canEdit="false"  detail="false" align="left" cellAlign="left">
		<validators>  
             <validator type="isUnique"  errorMessage="Group name already in use."/>  
          </validators>  
		</field>
		<field title="Proposal type" name="ISMANUAL" length="1" customSQL="true"  type="text" escapeHTML="true"      width="80" canEdit="false" detail="false" align="left" cellAlign="left">
	        <valueMap>  
				<value ID="M">Manual</value>  
				<value ID="A">Automatic</value> 
 			</valueMap> 
   		</field>
		<field title="Division" name="DIVISCODE" required="true" length="20" type="enum" width="100" canEdit="false" detail="true" align="left" cellAlign="left">
			<valueMap>
				<value ID="E">Equities</value>
				<value ID="D">Eq.derivates</value>
				<value ID="I">Infl.bond</value>
				<value ID="O">Bond</value> 
				 <value ID="B">I.R. Nodes</value>
				<value ID="L">Elect.derivates</value>
				<value ID="X">Indices</value>
				<value ID="C">Currency</value>
<value ID="Y">Comparable</value>
<value ID="H">Haircut</value>
			</valueMap>
		</field>
		<field title="Motivation" name="RCCODE" type="integer" filterOperator="equals" width="100%" editorType="SelectItem"  filterEditorType="SelectItem"  canEdit="true" align="left" cellAlign="left" detail="false" ></field>
		<field title="Accepted" name="STATUS" length="1"  type="text" escapeHTML="true"      width="80" canEdit="true" detail="true" align="left" cellAlign="left">
	        <valueMap>  
				<value ID="E">True</value>  
				<value ID="C">False</value> 
				<value ID="D">Disabled</value> 
 			</valueMap> 
   		</field>
   		<field title="Propose" name="PROPOSE" length="1"  type="text" escapeHTML="true"      width="85" canEdit="true" detail="false" align="left" cellAlign="left">
	        <valueMap>  
				<value ID="A">Activate</value>  
				<value ID="D">Deactivate</value>
				<value ID="L">Leave</value> 
				<value ID="C">Change coeff.</value>  
 			</valueMap> 
   		</field>
   		<field title="Approval" name="APPROVAL" length="1" type="enum" width="100" canEdit="false" detail="false" align="left" cellAlign="left">
	        <valueMap>  
				<value ID="A">Subm. for appr.</value>  
				<value ID="W">Working</value>
				<value ID="R">Rejected</value>     
 			</valueMap> 
   		</field>		
   		<field title="Valid date" name="INIVDATE"  type="datetime" width="100" canEdit="true" detail="false" align="left" cellAlign="left"></field>
		<field title="End date" name="ENDVDATE"  type="datetime" width="90" canEdit="true" detail="false" align="left" cellAlign="left"></field>
		<field title="Send date" name="SENDDATE"  type="datetime" width="100" canEdit="true" detail="false" align="left" cellAlign="left"></field>
		<field title="Curr. offset" name="CRCOEFF" type="float" filterOperator="equals" width="70" canEdit="false"  editorType="TextItem" filterEditorType="SpinnerItem"  detail="false" align="left" cellAlign="left"></field>
		<field title="An. offset" name="ANCOEFF" type="float" filterOperator="equals" width="70"  canEdit="false"  editorType="TextItem" filterEditorType="SpinnerItem"  detail="false" align="left" cellAlign="left"></field>
		<field title="An.per(days)" name="ANNDAYSPER" type="integer" filterOperator="equals" width="70"  canEdit="false" align="left" cellAlign="left" detail="true" ></field>
		<field title="An. HP" name="ANNV" type="integer" filterOperator="equals" width="70"  canEdit="false" align="left" cellAlign="left" detail="true" ></field>
		<field title="An.var.type"  name="ANVARTYPE"  length="1"  type="text" escapeHTML="true"      canFilter="true" width="90" align="left" cellAlign="left" detail="true" canEdit="false">
		  <valueMap>  
				<value ID="P">Percentual</value>  
				<value ID="L">Logarithmic</value>
				<value ID="N">None</value>
			</valueMap> 
   		</field>		
		<field title="User  offset" name="USERCOEFF" type="float" filterOperator="equals" width="70" required="true"  editorType="TextItem" filterEditorType="SpinnerItem"  canEdit="true" detail="false" align="left" cellAlign="left"></field>
		<field title="Prop. offset" name="PROPCOEFF" type="float" filterOperator="equals" width="70"  canEdit="false"  editorType="TextItem" filterEditorType="SpinnerItem"  detail="false" align="left" cellAlign="left"></field>
		<field title="Analysis date" name="ANDATE"  type="datetime" canEdit="false" width="80" detail="false" align="left" cellAlign="left"></field>
		<field title="Cur.per(days)" name="CRNDAYSPER" type="integer" filterOperator="equals" width="70"  canEdit="false" align="left" cellAlign="left" detail="true" ></field>
		<field title="Curr. HP" name="CRNV" type="integer" filterOperator="equals" width="70"  canEdit="false" align="left" cellAlign="left" detail="true" ></field>
		<field title="Curr. var.type" name="CRVARTYPE" type="integer" filterOperator="equals" width="70"  canEdit="false" align="left" cellAlign="left" detail="true" ></field>
		<field title="Description" name="COMMENT" length="30"  type="text" escapeHTML="true"      canEdit="true" detail="true" align="left" cellAlign="left"></field>
   		<field title="Update date" name="UPDDATE" type="datetime" width="100" editorType="TextItem" align="left" cellAlign="left" canEdit="false" detail="true"></field>
		<field title="Update type" name="UPDTYPE"  type="text" escapeHTML="true"      canEdit="false" length="1" width="100" align="left" cellAlign="left" detail="true">
           <valueMap>
				<value ID="C">Create</value>
				<value ID="U">Update</value>
			</valueMap>
		</field>
		<field title="Update user" name="UPDUSR" length="30"  type="text" escapeHTML="true"      canEdit="false" width="100" align="left" cellAlign="left" detail="true"></field>
	    <field title="Curr. log." name="CRLOG" length="200"  type="text" escapeHTML="true"      canEdit="false" align="left" cellAlign="left" detail="true"></field>
        <field title="An. log." name="ANLOG" length="200"  type="text" escapeHTML="true"      canEdit="false" align="left" cellAlign="left" detail="true"></field>
        <field title="Prop. log." name="PROPLOG" length="200"  type="text" escapeHTML="true"      canEdit="false" align="left" cellAlign="left" detail="true"></field>
  	</fields>
  	<serverObject lookupStyle="new" className="it.ccg.pamp.server.dmi.StandardDMI"/>
  	 	<operationBindings>
	<operationBinding operationType="update" requiresRole="user"></operationBinding>
	<operationBinding operationType="delete" requiresRole="user"></operationBinding>
	<operationBinding operationType="add" requiresRole="user"></operationBinding>
  
  	 	 <operationBinding operationId="eleclastreviewgroup" operationType="fetch">
       <whereClause><![CDATA[APPROVAL !='W' AND STATUS = 'E' AND pmptgroup.DIVISCODE='L' AND $defaultWhereClause]]></whereClause>  
      </operationBinding>  
	   <operationBinding operationId="edlastreviewgroup" operationType="fetch">
       <whereClause><![CDATA[APPROVAL !='W' AND STATUS = 'E' AND pmptgroup.DIVISCODE='D' AND $defaultWhereClause]]></whereClause>  
      </operationBinding>  
       <operationBinding operationId="eqlastreviewgroup" operationType="fetch">
       <whereClause><![CDATA[APPROVAL !='W' AND STATUS = 'E' AND pmptgroup.DIVISCODE='E' AND $defaultWhereClause]]></whereClause>  
      </operationBinding>  
       <operationBinding operationId="eqgroupcheckfetch" operationType="fetch" customValueFields="ISMANUAL" 
      customCriteriaFields="ISMANUAL">  
       <selectClause>pmptgroup.*, (CASE WHEN (CRNV=0 OR CRNV is null) then 'M' else 'A' END) as ISMANUAL </selectClause>
       <tableClause>pmptgroup</tableClause>  
			<whereClause><![CDATA[pmptgroup.DIVISCODE='E'  AND ($defaultWhereClause)]]></whereClause>
		</operationBinding>
		<operationBinding operationId="edgroupcheckfetch" operationType="fetch">  
			<whereClause><![CDATA[pmptgroup.DIVISCODE='D'  AND ($defaultWhereClause)]]></whereClause>
		</operationBinding> 
		<operationBinding operationId="elecgroupcheckfetch" operationType="fetch">
			<whereClause><![CDATA[pmptgroup.DIVISCODE='L'  AND ($defaultWhereClause)]]></whereClause>
		</operationBinding> 
		<operationBinding operationId="pmptgroup_update_all_ed" operationType="update" requiresRole="user">  
         <whereClause><![CDATA[ grid in (select grid from pmptgroup where diviscode='D')]]></whereClause>  
    </operationBinding>  
    <operationBinding operationId="pmptgroup_update_all_eq" operationType="update" requiresRole="user">  
         <whereClause><![CDATA[ grid in (select grid from pmptgroup where diviscode='E')]]></whereClause>  
    </operationBinding>  
      <operationBinding operationId="pmptgroup_update_all_elec" operationType="update" requiresRole="user">  
         <whereClause><![CDATA[ grid in (select grid from pmptgroup where diviscode='L')]]></whereClause>  
    </operationBinding>  
      <operationBinding operationId="pmptgroup_fetch_eqgroupcheckedit" operationType="fetch">  
      <tableClause>pmptgroup,pmptgrhist</tableClause>  
         <whereClause><![CDATA[pmptgroup.GRID=pmptgrhist.GRID AND pmptgroup.DIVISCODE='E'  AND ($defaultWhereClause)]]></whereClause>  
    </operationBinding>  
     <operationBinding operationId="pmptgroup_fetch_edgroupcheckedit" operationType="fetch">  
      <tableClause>pmptgroup,pmptgrhist</tableClause>  
         <whereClause><![CDATA[pmptgroup.GRID=pmptgrhist.GRID AND pmptgroup.DIVISCODE='D'  AND ($defaultWhereClause)]]></whereClause>  
    </operationBinding>  
 </operationBindings>  	
  	
</DataSource>