<!-- Auto-generated from database table STATISTICS -->

<DataSource 
	  
	tableName="pmptstats"
	ID="pmptstats"
	dataSourceVersion="1"
	serverType="sql"
>
	<fields>
	<field title="Instrument name" customSQL="true" tableName="pmptinstr" name="INSTRNAME"  type="text" escapeHTML="true"   editorType="TextItem" length="255" width="100%" align="left" cellAlign="left" detail="false" canEdit="false"></field>
	<field title="Class" customSQL="true" tableName="pmptinstr" name="BNDCLASSID" editorType="ComboBoxItem" filterEditorType="SelectItem" length="255" width="100" align="left" cellAlign="left" detail="false" canEdit="false"></field>
	<field title="Instr. code" customSQL="true" tableName="pmptinstr" name="CLASSCODE"  type="text" escapeHTML="true"      width="75" align="left" cellAlign="left" detail="false" canEdit="false"></field>
	<field title="Period" customSQL="true" tableName="pmptper" name="NDAYSDESC"  type="text" escapeHTML="true"      editorType="ComboBoxItem" width="75" align="left" cellAlign="left" detail="false" canEdit="false"></field>
	<field title="Period (days)" name="NDAYSPER" primaryKey="true" type="integer" filterOperator="equals" editorType="ComboBoxItem" width="80" canEdit="false" align="left" cellAlign="left" detail="false"></field>
	<field title="Instrument ID" name="INSTRID" primaryKey="true" type="integer" filterOperator="equals" editorType="TextItem" width="80" canEdit="false" align="left" cellAlign="left" detail="true"></field>
	<field title="HP" name="NV" primaryKey="true" type="integer" filterOperator="equals" editorType="ComboBoxItem" width="50" canEdit="false" align="left" cellAlign="left" detail="false"></field>
	<field title="Status" name="STATUS" length="1"  type="text" escapeHTML="true"      width="70" detail="false">
	        <valueMap>  
				<value ID="E">Enabled</value>  
				<value ID="A">Analysis only</value>   
				<value ID="D">Disabled</value>
 			</valueMap> 
   		</field>   		
	<field title="Var. type" name="VARTYPE" primaryKey="true"  type="text" escapeHTML="true"      editorType="ComboBoxItem" length="1" width="75"  canEdit="false" align="left" cellAlign="left" detail="false">
		       <valueMap>  
				<value ID="L">Logarithmic</value>
				<value ID="P">Percentual</value> 
				</valueMap> 
		</field>
		<field title="Mode" name="MODE" type="integer" filterOperator="equals" primaryKey="true" editorType="ComboBoxItem" width="100" canEdit="false" align="left" cellAlign="left" detail="true">
		 <valueMap>  
				<value ID="1">Last computation</value>
				<value ID="2">Last analysis</value> 
		</valueMap> 
		</field>
		<field title="Confidence" name="CONFIDENCE" type="float"  filterOperator="equals" width="70" canEdit="true" align="left" cellAlign="left" detail="false"></field>
		  
		<field title="Average" name="AVERAGE" type="float" filterOperator="equals"  editorType="TextItem" filterEditorType="SpinnerItem"  width="70" canEdit="true" align="left" cellAlign="left" detail="false"></field>
		<field title="St. dev." name="STDEV" type="float" filterOperator="equals"  editorType="TextItem" filterEditorType="SpinnerItem"  width="70" canEdit="true" align="left" cellAlign="left" detail="false"></field>
		<field title="Asymm." name="ASY" type="float" filterOperator="equals"  editorType="TextItem" filterEditorType="SpinnerItem"  width="66" canEdit="true" align="left" cellAlign="left" detail="true"></field>
		<field title="Kurtosis" name="KURTOSIS" type="float" filterOperator="equals"  editorType="TextItem" filterEditorType="SpinnerItem"  width="66" canEdit="true" align="left" cellAlign="left" detail="true"></field>
		<field title="Perf." name="PERF" type="float" filterOperator="equals"  editorType="TextItem" filterEditorType="SpinnerItem"  width="66" canEdit="true" align="left" cellAlign="left" detail="true"></field>
		<field title="Perf. y." name="PERYEAR" type="float" filterOperator="equals"  editorType="TextItem" filterEditorType="SpinnerItem"  width="66" canEdit="true" align="left" cellAlign="left" detail="false"></field>
		<field title="Vola" name="VOLADAY" type="float" filterOperator="equals"  editorType="TextItem" filterEditorType="SpinnerItem"  width="66" canEdit="true" align="left" cellAlign="left" detail="true"></field>		
		<field title="Cov. days" name="NDAYS" type="integer" filterOperator="equals"  editorType="TextItem" filterEditorType="SpinnerItem"  width="66" canEdit="true" align="left" cellAlign="left" detail="false"></field>
		<field title="Events in" name="EVENTSIN" type="integer" filterOperator="equals"  editorType="TextItem" filterEditorType="SpinnerItem"  width="66" canEdit="true" align="left" cellAlign="left" detail="false"></field>
		<field title="Events out" name="EVENTSOUT" type="integer" filterOperator="equals"  editorType="TextItem" filterEditorType="SpinnerItem"  width="66" canEdit="true" align="left" cellAlign="left" detail="false"></field>
		<field title="Norm. marg." name="NORMMAR" type="float" filterOperator="equals"  editorType="TextItem" filterEditorType="SpinnerItem"  width="66" canEdit="true" align="left" cellAlign="left" detail="false"></field>
		<field title="Norm. cov" name="NORMMARCOV" type="float" filterOperator="equals"  editorType="TextItem" filterEditorType="SpinnerItem"  width="66" canEdit="true" align="left" cellAlign="left" detail="false"></field>
		<field title="Norm. stdev." name="NORMMARSD" type="float" filterOperator="equals"  editorType="TextItem" filterEditorType="SpinnerItem"  width="66" canEdit="true" align="left" cellAlign="left" detail="true"></field>
		<field title="Max. marg." name="MAXMARGIN" type="float" filterOperator="equals"  editorType="TextItem" filterEditorType="SpinnerItem"  width="66" canEdit="true" align="left" cellAlign="left" detail="true"></field>
		<field title="Max. stdev." name="MAXMARSD" type="float" filterOperator="equals"  editorType="TextItem" filterEditorType="SpinnerItem"  width="66" canEdit="true" align="left" cellAlign="left" detail="true"></field>
		<field title="Max. cov." name="MAXMARCOV" type="float" filterOperator="equals"  editorType="TextItem" filterEditorType="SpinnerItem"  width="66" canEdit="true" align="left" cellAlign="left" detail="true"></field>
		<field title="Math. marg." name="MATHMAR" type="float" filterOperator="equals"  editorType="TextItem" filterEditorType="SpinnerItem"  width="66" canEdit="true" align="left" cellAlign="left" detail="false"></field>
		<field title="Math. stdev." name="MATHMARSD" type="float" filterOperator="equals"  editorType="TextItem" filterEditorType="SpinnerItem"  width="66" canEdit="true" align="left" cellAlign="left" detail="true"></field>
		<field title="Math. cov." name="MATHMARCOV" type="float" filterOperator="equals"  editorType="TextItem" filterEditorType="SpinnerItem"  width="66" canEdit="true" align="left" cellAlign="left" detail="false"></field>
		<field title="Min. marg." name="MINMAR" type="float" filterOperator="equals"  editorType="TextItem" filterEditorType="SpinnerItem"  width="66" canEdit="true" align="left" cellAlign="left" detail="false"></field>
		<field title="Min. stdev." name="MINMARSD" type="float" filterOperator="equals"  editorType="TextItem" filterEditorType="SpinnerItem"  width="66" canEdit="true" align="left" cellAlign="left" detail="true"></field>
		<field title="Min. cov." name="MINMARCOV" type="float" filterOperator="equals"  editorType="TextItem" filterEditorType="SpinnerItem"  width="66" canEdit="true" align="left" cellAlign="left" detail="false"></field>
		<field title="Ave. marg." name="AVEMAR" type="float" filterOperator="equals"  editorType="TextItem" filterEditorType="SpinnerItem"  width="66" canEdit="true" align="left" cellAlign="left" detail="true"></field>
		<field title="Ave. stdev." name="AVEMARSD" type="float" filterOperator="equals"  editorType="TextItem" filterEditorType="SpinnerItem"  width="66" canEdit="true" align="left" cellAlign="left" detail="true"></field>
		<field title="Ave. cov." name="AVEMARCOV" type="float" filterOperator="equals"  editorType="TextItem" filterEditorType="SpinnerItem"  width="66" canEdit="true" align="left" cellAlign="left" detail="true"></field>
		<field title="Curr. stdev." name="CURRMARSD" type="float" filterOperator="equals"  editorType="TextItem" filterEditorType="SpinnerItem"  width="66" canEdit="true" align="left" cellAlign="left" detail="true"></field>
		<field title="Curr. cov." name="CURRMARCOV" type="float" filterOperator="equals"  editorType="TextItem" filterEditorType="SpinnerItem"  canEdit="true" align="left" cellAlign="left" detail="true"></field>
		<field title="Beta" name="BETA" type="float" filterOperator="equals"  editorType="TextItem" filterEditorType="SpinnerItem"  canEdit="true" align="left" cellAlign="left" detail="false"></field>
        <field title="Update date" name="UPDDATE" type="datetime" width="100" align="left" cellAlign="left" canEdit="false" detail="true"></field>
		<field title="Update type" name="UPDTYPE"  type="text" escapeHTML="true"      canEdit="false" length="1" width="100" align="left" cellAlign="left" detail="true">
           <valueMap>
				<value ID="C">Create</value>
				<value ID="U">Update</value>
			</valueMap>
		</field>
		<field title="Update user" name="UPDUSR" length="30"  type="text" escapeHTML="true"      canEdit="false" width="100" align="left" cellAlign="left" detail="true"></field>
</fields>	    
<serverObject lookupStyle="new" className="it.ccg.pamp.server.dmi.StandardDMI"/>
	<operationBindings>
	<operationBinding operationType="update" requiresRole="user"></operationBinding>
	<operationBinding operationType="delete" requiresRole="user"></operationBinding>
	<operationBinding operationType="add" requiresRole="user"></operationBinding>
  
         <operationBinding  operationId="eqstatistics"  operationType="fetch" 
       customValueFields="NDAYSDESC,INSTRNAME,CLASSCODE" 
        customCriteriaFields="NDAYSDESC,INSTRNAME,CLASSCODE"
       >  
       <selectClause>
          pmptstats.*, pmptper.NDAYSDESC AS NDAYSDESC, pmptinstr.INSTRNAME AS INSTRNAME,pmptinstr.CLASSCODE AS CLASSCODE
          </selectClause>
        <tableClause>pmptstats, pmptper, pmptinstr</tableClause>  
          <whereClause><![CDATA[
           pmptstats.NDAYSPER = pmptper.NDAYSPER AND
           pmptstats.INSTRID=pmptinstr.INSTRID AND
           pmptinstr.DIVISCODE='E' AND
           ($defaultWhereClause)
          ]]>  
          </whereClause>  
      </operationBinding> 
      <operationBinding  operationId="pmptstats_fetch_forcomparable"  operationType="fetch" 
       customValueFields="NDAYSDESC,INSTRNAME,CLASSCODE" 
        customCriteriaFields="NDAYSDESC,INSTRNAME,CLASSCODE"
       >  
       <selectClause>
          pmptstats.*, pmptper.NDAYSDESC AS NDAYSDESC, pmptinstr.INSTRNAME AS INSTRNAME,pmptinstr.CLASSCODE AS CLASSCODE
          </selectClause>
        <tableClause>pmptstats, pmptper, pmptinstr</tableClause>  
          <whereClause><![CDATA[
           pmptstats.NDAYSPER = pmptper.NDAYSPER AND
           pmptstats.INSTRID=pmptinstr.INSTRID AND
           pmptinstr.DIVISCODE='Y' AND
           ($defaultWhereClause)
          ]]>  
          </whereClause>  
      </operationBinding> 
       <operationBinding  operationId="pmptstats_fetch_ix"  operationType="fetch" 
       customValueFields="NDAYSDESC,INSTRNAME,CLASSCODE" 
        customCriteriaFields="NDAYSDESC,INSTRNAME,CLASSCODE"
       >  
       <selectClause>
          pmptstats.*, pmptper.NDAYSDESC AS NDAYSDESC, pmptinstr.INSTRNAME AS INSTRNAME,pmptinstr.CLASSCODE AS CLASSCODE
          </selectClause>
        <tableClause>pmptstats, pmptper, pmptinstr</tableClause>  
          <whereClause><![CDATA[
           pmptstats.NDAYSPER = pmptper.NDAYSPER AND
           pmptstats.INSTRID=pmptinstr.INSTRID AND
           pmptinstr.DIVISCODE='X' AND
           ($defaultWhereClause)
          ]]>  
          </whereClause>  
      </operationBinding> 
       <operationBinding  operationId="pmptstats_fetch_curr"  operationType="fetch" 
       customValueFields="NDAYSDESC,INSTRNAME,CLASSCODE" 
        customCriteriaFields="NDAYSDESC,INSTRNAME,CLASSCODE"
       >  
       <selectClause>
          pmptstats.*, pmptper.NDAYSDESC AS NDAYSDESC, pmptinstr.INSTRNAME AS INSTRNAME,pmptinstr.CLASSCODE AS CLASSCODE
          </selectClause>
        <tableClause>pmptstats, pmptper, pmptinstr</tableClause>  
          <whereClause><![CDATA[
           pmptstats.NDAYSPER = pmptper.NDAYSPER AND
           pmptstats.INSTRID=pmptinstr.INSTRID AND
           pmptinstr.DIVISCODE='C' AND
           ($defaultWhereClause)
          ]]>  
          </whereClause>  
      </operationBinding> 
       <operationBinding operationId="edstatistics" operationType="fetch" 
       customValueFields="NDAYSDESC,INSTRNAME,CLASSCODE" 
        customCriteriaFields="NDAYSDESC,INSTRNAME,CLASSCODE"
       >  
       <selectClause>
          pmptstats.*, pmptper.NDAYSDESC AS NDAYSDESC, pmptinstr.INSTRNAME AS INSTRNAME,pmptinstr.CLASSCODE AS CLASSCODE
          </selectClause>
        <tableClause>pmptstats, pmptper, pmptinstr</tableClause>  
          <whereClause><![CDATA[
           pmptstats.NDAYSPER = pmptper.NDAYSPER AND
           pmptstats.INSTRID=pmptinstr.INSTRID AND
           pmptinstr.DIVISCODE='D' AND
           ($defaultWhereClause)
          ]]>  
          </whereClause>  
      </operationBinding>  
      <operationBinding operationId="pmptstats_fetch_agx" operationType="fetch" 
       customValueFields="NDAYSDESC,INSTRNAME,CLASSCODE" 
        customCriteriaFields="NDAYSDESC,INSTRNAME,CLASSCODE"
       >  
       <selectClause>
          pmptstats.*, pmptper.NDAYSDESC AS NDAYSDESC, pmptinstr.INSTRNAME AS INSTRNAME,pmptinstr.CLASSCODE AS CLASSCODE
          </selectClause>
        <tableClause>pmptstats, pmptper, pmptinstr</tableClause>  
          <whereClause><![CDATA[
           pmptstats.NDAYSPER = pmptper.NDAYSPER AND
           pmptstats.INSTRID=pmptinstr.INSTRID AND
           pmptinstr.DIVISCODE='W' AND
           ($defaultWhereClause)
          ]]>  
          </whereClause>  
      </operationBinding>  
        <operationBinding operationId="elecstatistics" operationType="fetch" 
       customValueFields="NDAYSDESC,INSTRNAME,CLASSCODE" 
        customCriteriaFields="NDAYSDESC,INSTRNAME,CLASSCODE"
       >  
       <selectClause>
          pmptstats.*, pmptper.NDAYSDESC AS NDAYSDESC, pmptinstr.INSTRNAME AS INSTRNAME,pmptinstr.CLASSCODE AS CLASSCODE
          </selectClause>
        <tableClause>pmptstats, pmptper, pmptinstr</tableClause>  
          <whereClause><![CDATA[
           pmptstats.NDAYSPER = pmptper.NDAYSPER AND
           pmptstats.INSTRID=pmptinstr.INSTRID AND
           pmptinstr.DIVISCODE='L' AND
           ($defaultWhereClause)
          ]]>  
          </whereClause>  
      </operationBinding>  
       <operationBinding  operationId="pmptstats_fetch_hc"  operationType="fetch" 
       customValueFields="NDAYSDESC,INSTRNAME,CLASSCODE,BNDCLASSID" 
        customCriteriaFields="NDAYSDESC,INSTRNAME,CLASSCODE,BNDCLASSID"
       >  
       <selectClause>
          pmptstats.*, pmptper.NDAYSDESC AS NDAYSDESC, pmptinstr.INSTRNAME AS INSTRNAME,pmptinstr.BNDCLASSID AS BNDCLASSID,pmptinstr.CLASSCODE AS CLASSCODE
          </selectClause>
        <tableClause>pmptstats, pmptper, pmptinstr</tableClause>  
          <whereClause><![CDATA[
           pmptstats.NDAYSPER = pmptper.NDAYSPER AND
           pmptstats.INSTRID=pmptinstr.INSTRID AND
           pmptinstr.DIVISCODE='H' AND
           ($defaultWhereClause)
          ]]>  
          </whereClause>  
      </operationBinding> 
  </operationBindings>  	    
	</DataSource>