 <DataSource 
	  
	tableName="pmptsstres"
	ID="pmptsstres"
	dataSourceVersion="1"
	serverType="sql"
>
	<fields>
	   <field title="Iteration num." name="ITER" type="integer" primaryKey="true" width="100" canEdit="false" canFilter="true" align="left" cellAlign="left" detail="false"></field>
		<field title="Instrument name" customSQL="true" tableName="pmptinstr" name="INSTRNAME"  type="text" escapeHTML="true"        width="100%" editorType="TextItem" align="left" cellAlign="left" detail="false" canEdit="false"></field>
	    <field title="Instrument ID" name="INSTRID" type="integer" filterOperator="equals" primaryKey="true" canEdit="false" width="100"  align="left" cellAlign="left" detail="true"></field>
		 <field title="Sens. test ID" name="SSTID" type="integer" filterOperator="equals" primaryKey="true" canEdit="false" width="100" align="left" cellAlign="left" detail="false"></field>
	    <field title="Price" name="PRICE" type="float" filterOperator="equals"  canEdit="false" align="left" width="100"  editorType="TextItem" filterEditorType="SpinnerItem"  cellAlign="left" detail="false"></field>
		<field title="Sens. price" name="SENSPRICE" type="float" filterOperator="equals"  canEdit="false" width="100" align="left"  editorType="TextItem" filterEditorType="SpinnerItem"  cellAlign="left" detail="false"></field>
	    <field title="Margin" name="MARGIN" type="float" filterOperator="equals"  canEdit="false" align="left" width="100"  editorType="TextItem" filterEditorType="SpinnerItem"  cellAlign="left" detail="false"></field>
		<field title="Sens. margin" name="SENSMARGIN" type="float" filterOperator="equals"  canEdit="false" width="100" align="left"  editorType="TextItem" filterEditorType="SpinnerItem"  cellAlign="left" detail="false"></field>
	    
   		<field title="Update date" name="UPDDATE" type="datetime"  width="100" editorType="TextItem" align="left" cellAlign="left" canEdit="false" detail="true"></field>
		<field title="Update type" name="UPDTYPE"  type="text" escapeHTML="true"      canEdit="false" length="1" width="100" align="left" cellAlign="left" detail="true">
           <valueMap>
				<value ID="C">Create</value>
				<value ID="U">Update</value>
			</valueMap>
		</field>
		<field title="Update user" name="UPDUSR" length="30"  type="text" escapeHTML="true"      canEdit="false" width="100" align="left" cellAlign="left" detail="true"></field>
	    
	    <field title="Instr. code" name="CLASSCODE" customSQL="true" tableName="pmptinstr" length="30" type="text" escapeHTML="true"  width="100" canEdit="false" detail="false"></field>
		<field title="ISIN code" name="ISINCODE" length="12" type="text" escapeHTML="true"  customSQL="true" tableName="pmptinstr" width="110" canEdit="false" detail="false"></field>
	    
	</fields>
  	<serverObject lookupStyle="new" className="it.ccg.pamp.server.dmi.StandardDMI"/>
  	<operationBindings>
	<operationBinding operationType="update" requiresRole="user"></operationBinding>
	<operationBinding operationType="delete" requiresRole="user"></operationBinding>
	<operationBinding operationType="add" requiresRole="user"></operationBinding>
	  <operationBinding operationId="pmptsstres_fetch_eq"  operationType="fetch" 
       customValueFields="INSTRNAME,ISINCODE,CLASSCODE" 
      customCriteriaFields="INSTRNAME,ISINCODE,CLASSCODE">
	 <selectClause>pmptsstres.*,pmptinstr.INSTRNAME,pmptinstr.CLASSCODE,pmptinstr.ISINCODE</selectClause>  
       <tableClause>pmptsstres as pmptsstres,pmptinstr as pmptinstr</tableClause>  
       <whereClause><![CDATA[pmptsstres.instrid=pmptinstr.instrid and pmptinstr.diviscode='E' AND $defaultWhereClause]]></whereClause>  
    </operationBinding> 
    <operationBinding operationId="pmptsstres_fetch_ed"  operationType="fetch" 
       customValueFields="INSTRNAME,ISINCODE,CLASSCODE" 
      customCriteriaFields="INSTRNAME,ISINCODE,CLASSCODE">
	 <selectClause>pmptsstres.*,pmptinstr.INSTRNAME,pmptinstr.CLASSCODE,pmptinstr.ISINCODE</selectClause>  
       <tableClause>pmptsstres as pmptsstres,pmptinstr as pmptinstr</tableClause>  
       <whereClause><![CDATA[pmptsstres.instrid=pmptinstr.instrid and pmptinstr.diviscode='D' AND $defaultWhereClause]]></whereClause>  
    </operationBinding> 
     <operationBinding operationId="pmptsstres_fetch_agx"  operationType="fetch" 
       customValueFields="INSTRNAME,ISINCODE,CLASSCODE" 
      customCriteriaFields="INSTRNAME,ISINCODE,CLASSCODE">
	 <selectClause>pmptsstres.*,pmptinstr.INSTRNAME,pmptinstr.CLASSCODE,pmptinstr.ISINCODE</selectClause>  
       <tableClause>pmptsstres as pmptsstres,pmptinstr as pmptinstr</tableClause>  
       <whereClause><![CDATA[pmptsstres.instrid=pmptinstr.instrid and pmptinstr.diviscode='W' AND $defaultWhereClause]]></whereClause>  
    </operationBinding>
    <operationBinding operationId="pmptsstres_fetch_bo"  operationType="fetch" 
       customValueFields="INSTRNAME,ISINCODE,CLASSCODE" 
      customCriteriaFields="INSTRNAME,ISINCODE,CLASSCODE">
	 <selectClause>pmptsstres.*,pmptinstr.INSTRNAME,pmptinstr.CLASSCODE,pmptinstr.ISINCODE</selectClause>  
       <tableClause>pmptsstres as pmptsstres,pmptinstr as pmptinstr</tableClause>  
       <whereClause><![CDATA[pmptsstres.instrid=pmptinstr.instrid and (pmptinstr.diviscode='O' OR pmptinstr.diviscode='I') AND $defaultWhereClause]]></whereClause>  
    </operationBinding> 
     <operationBinding operationId="pmptsstres_fetch_el"  operationType="fetch" 
       customValueFields="INSTRNAME,ISINCODE,CLASSCODE" 
      customCriteriaFields="INSTRNAME,ISINCODE,CLASSCODE">
	 <selectClause>pmptsstres.*,pmptinstr.INSTRNAME,pmptinstr.CLASSCODE,pmptinstr.ISINCODE</selectClause>  
       <tableClause>pmptsstres as pmptsstres,pmptinstr as pmptinstr</tableClause>  
       <whereClause><![CDATA[pmptsstres.instrid=pmptinstr.instrid and pmptinstr.diviscode='L' AND $defaultWhereClause]]></whereClause>  
    </operationBinding> 
     <operationBinding operationId="pmptsstres_fetch_xcom"  operationType="fetch" 
       customValueFields="INSTRNAME,ISINCODE,CLASSCODE" 
      customCriteriaFields="INSTRNAME,ISINCODE,CLASSCODE">
	 <selectClause>pmptsstres.*,pmptinstr.INSTRNAME,pmptinstr.CLASSCODE,pmptinstr.ISINCODE</selectClause>  
       <tableClause>pmptsstres as pmptsstres,pmptinstr as pmptinstr</tableClause>  
       <whereClause><![CDATA[pmptsstres.instrid=pmptinstr.instrid and pmptinstr.diviscode='S' AND $defaultWhereClause]]></whereClause>  
    </operationBinding> 
     <operationBinding operationId="pmptsstres_fetch_mic"  operationType="fetch" 
       customValueFields="INSTRNAME,ISINCODE,CLASSCODE" 
      customCriteriaFields="INSTRNAME,ISINCODE,CLASSCODE">
	 <selectClause>pmptsstres.*,pmptinstr.INSTRNAME,pmptinstr.CLASSCODE,pmptinstr.ISINCODE</selectClause>  
       <tableClause>pmptsstres as pmptsstres,pmptinstr as pmptinstr</tableClause>  
       <whereClause><![CDATA[pmptsstres.instrid=pmptinstr.instrid and pmptinstr.diviscode='M' AND $defaultWhereClause]]></whereClause>  
    </operationBinding> 
    
    <operationBinding operationId="pmptsstres_fetch_eq_index_basket"  operationType="fetch" 
       customValueFields="INSTRNAME,ISINCODE,CLASSCODE" 
      customCriteriaFields="INSTRNAME,ISINCODE,CLASSCODE">
	 <selectClause>pmptsstres.*,pmptinstr.INSTRNAME,pmptinstr.CLASSCODE,pmptinstr.ISINCODE</selectClause>  
       <tableClause>pmptsstres as pmptsstres,pmptinstr as pmptinstr</tableClause>  
       <whereClause><![CDATA[pmptsstres.instrid=pmptinstr.instrid and pmptinstr.diviscode in ('E','X','T') AND $defaultWhereClause]]></whereClause>  
    </operationBinding> 
</operationBindings>  	
  
</DataSource>