<DataSource 
	  
	tableName="pmptststp"
	ID="pmptststp_bo"
	dataSourceVersion="1"
	serverType="sql"
>
	<fields>
		<field title="First date" name="HISTUPDDAY" type="datetime" displayFormat= "toEuropeanShortDateTime" width="110" detail="false"></field>
		<field title="Last date" name="HISTUPDLST"   type="text" escapeHTML="true"      canEdit="false" length="1" width="100" align="left" cellAlign="left" detail="false"></field>
		<field title="Var. type" name="INSTRTYPE"  type="text" escapeHTML="true"      canEdit="false" primaryKey="true" length="30" width="100" align="left" cellAlign="left" detail="false"></field>
		<field title="typedesc" name="TYPEDESC" customSQL="true" tableName="pmpttyp" length="50"  type="text" escapeHTML="true"      width="110" canEdit="false" detail="true" align="left" cellAlign="left"></field>
	   <field title="Pos. neg. var." name="PERIOD" type="integer" filterOperator="equals" width="80"  canEdit="false" detail="false"></field>
		<field title="HP" name="NVVEC"  type="text" escapeHTML="true"       length="1000" canEdit="false" width="150" detail="false"></field>
		<field title="Min.corr.to purp." name="STDEVMULP" type="float" required="true" filterOperator="equals" width="80"  canEdit="false" detail="false"></field>
		<field title="Min.corr.to purp." name="MARMULP" type="float" required="true" filterOperator="equals" width="80"  canEdit="false" detail="false"></field>
		<field title="Pos. neg. var." name="EXTRSP" type="integer" required="true" filterOperator="equals" width="80"  canEdit="false" detail="false"></field>
		<field title="Pos. neg. var." name="EXTRNP" type="integer" required="true" filterOperator="equals" width="80"  canEdit="false" detail="false"></field>
		<field title="Gr.round.type" name="MARDERP"  type="text" escapeHTML="true"       length="1" canEdit="false" width="150" detail="false"></field>
		<field title="Gr.round.type" name="MARPROPP"  type="text" escapeHTML="true"      length="1" canEdit="false" width="150" detail="false"></field>
		
		<field title="Min.corr.to purp." name="STDEVMULN" type="float" required="true" filterOperator="equals" width="80"  canEdit="false" detail="false"></field>
		<field title="Min.corr.to purp." name="MARMULN" type="float" required="true" filterOperator="equals" width="80"  canEdit="false" detail="false"></field>
		<field title="Pos. neg. var." name="EXTRSN" type="integer" required="true" filterOperator="equals" width="80"  canEdit="false" detail="false"></field>
		<field title="Pos. neg. var." name="EXTRNN" type="integer" required="true" filterOperator="equals" width="80"  canEdit="false" detail="false"></field>
		<field title="Gr.round.type" name="MARDERN"  type="text" escapeHTML="true"      length="1" canEdit="false" width="150" detail="false"></field>
		<field title="Gr.round.type" name="MARPROPN"  type="text" escapeHTML="true"      length="1" canEdit="false" width="150" detail="false"></field>
		
		<field title="Gr.round.type" name="DISABVAR"  type="text" escapeHTML="true"      length="1" canEdit="false" width="150" detail="false"></field>
		<field title="Gr.round.type" name="METHOD"  type="text" escapeHTML="true"      length="100" canEdit="false" width="150" detail="false"></field>
		<field title="Gr.round.type" name="IRCURVELST"  type="text" escapeHTML="true"      length="100" canEdit="false" width="150" detail="false"></field>
		
		<field title="Update date" name="UPDDATE" type="datetime" displayFormat="toEuropeanShortDateTime" width="100" editorType="TextItem" align="left" cellAlign="left" canEdit="false" detail="true"></field>
		<field title="Update type" name="UPDTYPE"  type="text" escapeHTML="true"      canEdit="false" length="1" width="100" align="left" cellAlign="left" detail="true">
           <valueMap>
				<value ID="C">Create</value>
				<value ID="U">Update</value>
			</valueMap>
		</field>
		<field title="Update user" name="UPDUSR" length="30"  type="text" escapeHTML="true"      canEdit="false" width="100" align="left" cellAlign="left" detail="true"></field>
		
		
		<field title="Gr.round.type" name="SHIFTCURVE"  type="text" escapeHTML="true"      length="100" canEdit="false" width="150" detail="false"></field>
		<field title="Pos. neg. var." name="STPFSTNODE" type="integer" filterOperator="equals" width="80"  canEdit="false" detail="false"></field>
		<field title="Pos. neg. var." name="STPLSTNODE" type="integer" filterOperator="equals" width="80"  canEdit="false" detail="false"></field>
		<field title="Pos. neg. var." name="FLTFSTNODE" type="integer" filterOperator="equals" width="80"  canEdit="false" detail="false"></field>
		<field title="Pos. neg. var." name="FLTLSTNODE" type="integer" filterOperator="equals" width="80"  canEdit="false" detail="false"></field>
		<field title="Min.corr.to purp." name="STPFSTNDDL" type="float" required="true" filterOperator="equals" width="80"  canEdit="false" detail="false"></field>
		<field title="Min.corr.to purp." name="FLTFSTNDDL" type="float" required="true" filterOperator="equals" width="80"  canEdit="false" detail="false"></field>
		<field title="Min.corr.to purp." name="STPLSTNDDL" type="float" required="true" filterOperator="equals" width="80"  canEdit="false" detail="false"></field>
		<field title="Min.corr.to purp." name="FLTLSTNDDL" type="float" required="true" filterOperator="equals" width="80"  canEdit="false" detail="false"></field>
		<field title="Min.corr.to purp." name="YIELDFLOOR" type="float" required="true" filterOperator="equals" width="80"  canEdit="false" detail="false"></field>
		<field title="Min.corr.to purp." name="PARINC" type="float" required="true" filterOperator="equals" width="80"  canEdit="false" detail="false"></field>
		<field title="Min.corr.to purp." name="PARDEC" type="float" required="true" filterOperator="equals" width="80"  canEdit="false" detail="false"></field>
		<field title="Min.corr.to purp." name="STCRDSPRD" type="float" required="true" filterOperator="equals" width="80"  canEdit="false" detail="false"></field>
		<field title="Min.corr.to purp." name="FLCRDSPRD" type="float" required="true" filterOperator="equals" width="80"  canEdit="false" detail="false"></field>
	</fields>
	<serverObject lookupStyle="new" className="it.ccg.pamp.server.dmi.StandardDMI"/>
   <operationBindings>
	<operationBinding operationType="update" requiresRole="user"></operationBinding>
	<operationBinding operationType="delete" requiresRole="user"></operationBinding>
	<operationBinding operationType="add" requiresRole="user"></operationBinding>
	
     <operationBinding operationType="fetch" 
      customValueFields="TYPEDESC" 
      customCriteriaFields="TYPEDESC">  
       <selectClause>distinct pmpttyp.typedesc,pmptststp.*</selectClause>
       <tableClause>pmptststp, pmpttyp as pmpttyp, pmptinstr as pmptinstr</tableClause>  
       <whereClause><![CDATA[pmptststp.instrtype = pmpttyp.instrtype 
       AND pmptinstr.instrtype=pmpttyp.instrtype AND 
       (pmptinstr.diviscode='I' OR pmptinstr.diviscode='O' OR pmptinstr.diviscode='K')
       AND $defaultWhereClause]]></whereClause>  
    </operationBinding>     
	</operationBindings>
</DataSource>
