<DataSource 
	  
	tableName="pmptclcmp"
	ID="pmptclcmp"
	dataSourceVersion="1"
	serverType="sql"
>
	<fields>
		<field title="Class ID" name="CLASSID" type="integer" filterOperator="equals" primaryKey="true" foreignKey="pmptclmar.CLASSID" width="100" detail="true"></field>
		<field title="Instrument ID" name="INSTRID" type="integer" filterOperator="equals" primaryKey="true" editorType="ComboBoxItem" width="80" detail="true"></field>
		<field title="Instrument name" customSQL="true" tableName="pmptinstr" name="INSTRNAME" editorType="ComboBoxItem" length="255"  type="text" escapeHTML="true"      canFilter="true" width="90" align="left" cellAlign="left" detail="false" canEdit="false"></field>
	    <field title="Reuters code" customSQL="true" tableName="pmptinstr" name="RICCODE"  length="30"  type="text" escapeHTML="true"      canFilter="true" width="90" align="left" cellAlign="left" detail="false" canEdit="false"></field>
	    <field title="Instr. code" customSQL="true" tableName="pmptinstr" name="CLASSCODE"  length="30"  type="text" escapeHTML="true"      canFilter="true" width="90" align="left" cellAlign="left" detail="false" canEdit="false"></field>
	    <field title="Class" customSQL="true" tableName="pmptclass" name="CLASSDESC"  length="30"  type="text" escapeHTML="true"      canFilter="true" width="90" align="left" cellAlign="left" detail="true" canEdit="false"></field>
	    <field title="ISIN code" customSQL="true" tableName="pmptinstr" name="ISINCODE"  length="12"  type="text" escapeHTML="true"      canFilter="true" width="90" align="left" cellAlign="left" detail="false" canEdit="false"></field>
	    <field title="Type" customSQL="true" tableName="pmptinstr" name="INSTRTYPE"  length="30"  type="text" escapeHTML="true"      canFilter="true" width="90" align="left" cellAlign="left" detail="false" canEdit="false"></field>
	    <field title="Segment" customSQL="true" tableName="pmptinstr" name="SGMCODE" length="30"  type="text" escapeHTML="true"      canFilter="true"  align="left" cellAlign="left" detail="false" canEdit="false"></field>
	   <field title="Update date" name="UPDDATE" type="datetime" width="100" editorType="TextItem" align="left" cellAlign="left" canEdit="false" detail="true"></field>
		<field title="Update type" name="UPDTYPE"  type="text" escapeHTML="true"      canEdit="false" length="1" width="100" align="left" cellAlign="left" detail="true">
           <valueMap>
				<value ID="C">Create</value>
				<value ID="U">Update</value>
			</valueMap>
		</field>
		<field title="Update user" name="UPDUSR" length="30"  type="text" escapeHTML="true"      canEdit="false" width="100" align="left" cellAlign="left" detail="true"></field>
</fields>	    
<serverObject lookupStyle="new" className="it.ccg.pamp.server.dmi.StandardDMI"/>
		
 <operationBindings>
	<operationBinding operationType="update" requiresRole="user"></operationBinding>
	<operationBinding operationType="delete" requiresRole="user"></operationBinding>
	<operationBinding operationType="add" requiresRole="user"></operationBinding>
  
      <operationBinding operationId="pmptclcmp_fetch" operationType="fetch">  
          <selectClause>
          pmptclcmp.*,pmptinstr.INSTRNAME AS INSTRNAME, pmptinstr.CLASSCODE AS CLASSCODE,
          pmptinstr.RICCODE, pmptinstr.ISINCODE, pmptinstr.INSTRTYPE, pmptinstr.SGMCODE, pmptclass.CLASSDESC
          
          </selectClause>
          <tableClause>pmptclcmp, pmptinstr, pmptclass</tableClause>  
          <whereClause>
          	<![CDATA[
          		pmptinstr.INSTRID = pmptclcmp.INSTRID 
          		AND pmptclass.CLASSID = pmptclcmp.CLASSID
          		AND($defaultWhereClause)
	         ]]>  
          </whereClause>  
       </operationBinding>  
  </operationBindings>  	
	
	
</DataSource>