<DataSource
	  
	tableName="pmpttmpl"
	ID="pmpttmpl"
	dataSourceVersion="1"
	serverType="sql" 
>
	<fields>
		<field title="Control ID" name="CONTROLID" canEdit="false" length="30"  type="text" escapeHTML="true"      primaryKey="true" detail="true" hidden="true"></field>
		<field title="Content" name="CONTENT" length="5000"  type="text" escapeHTML="true"      detail="true" hidden="true"></field>
		<field title="Highlight" name="HIGHLIGHT" length="10000"  type="text" escapeHTML="true"      detail="true" hidden="true"></field>
		<field title="Name" name="SAVENAME" primaryKey="true" canEdit="false" length="30"  type="text" escapeHTML="true"      detail="false"></field>
		<field title="Update date" name="UPDDATE" type="datetime" displayFormat="toEuropeanShortDateTime" width="100" editorType="TextItem" align="left" cellAlign="left" canEdit="false" detail="true"></field>
		<field title="Update type" name="UPDTYPE"  type="text" escapeHTML="true"      canEdit="false" length="1" width="100" align="left" cellAlign="left" detail="true">
           <valueMap>
				<value ID="C">Create</value>
				<value ID="U">Update</value>
			</valueMap>
		</field>
		<field title="Update user" name="UPDUSR" primaryKey="true"  length="30"  type="text" escapeHTML="true"      canEdit="false" width="100" align="left" cellAlign="left" detail="true"></field>
	</fields>
	<serverObject lookupStyle="new" className="it.ccg.pamp.server.dmi.UserDMI"/>
	 <operationBindings>
	<operationBinding operationType="update" requiresRole="user,visitor,admin,manager"></operationBinding>
	<operationBinding operationType="delete" requiresRole="user,visitor,admin,manager"></operationBinding>
	<operationBinding operationType="add" requiresRole="user,visitor,admin,manager"></operationBinding>
    
	 <operationBinding operationId="pmpttmplfetch" operationType="fetch">  
          <whereClause><![CDATA[(UPDUSR=$criteria.USER) AND ($defaultWhereClause)]]></whereClause>  
      </operationBinding>  
      <operationBinding operationId="pmpttmplfetchdefault" operationType="fetch">  
          <whereClause><![CDATA[(UPDUSR=$criteria.USER) 
                 AND NOT EXISTS (SELECT * FROM PMPTTMPL AS T WHERE T.UPDDATE>PMPTTMPL.UPDDATE AND T.UPDUSR=$criteria.USER AND T.CONTROLID=PMPTTMPL.CONTROLID)
                 AND ($defaultWhereClause)]]></whereClause>  
      </operationBinding> 
        <operationBinding operationType="add">  
          <whereClause><![CDATA[(UPDUSR=$criteria.USER) AND ($defaultWhereClause)]]></whereClause>  
      </operationBinding>  
       <operationBinding operationType="update">  
          <whereClause><![CDATA[(UPDUSR=$criteria.USER) AND ($defaultWhereClause)]]></whereClause>  
      </operationBinding>  
       <operationBinding operationType="delete">  
          <whereClause><![CDATA[(UPDUSR=$criteria.USER) AND ($defaultWhereClause)]]></whereClause>  
      </operationBinding>  
</operationBindings>
</DataSource>