<DataSource 
	  
	tableName="pmptsstcuv"
	ID="pmptsstcuv"
	dataSourceVersion="1"
	serverType="sql"
>
	<fields>
	
	    <field  title="Iteration num."  name="ITER" length="50"  type="integer" primaryKey="true" filterOperator="equals"  width="80" required="true" canEdit="false" align="left" cellAlign="left" detail="true"></field>
		<field  title="Instrument"  name="INSTRID" length="50"  type="integer" filterOperator="equals" primaryKey="true" width="100%" required="true" canEdit="true" align="left" cellAlign="left" detail="false"></field>
		<field title="Stressing variat." name="VARCOEFF" type="float" filterOperator="equals" width="100" required="true"  canEdit="true" align="left" cellAlign="left" detail="false"></field>
		<field title="Update date" name="UPDDATE" type="datetime" displayFormat="toEuropeanShortDateTime"  width="100" align="left" cellAlign="left" canEdit="false" detail="true"></field>
		<field title="Update type" name="UPDTYPE"  type="text" escapeHTML="true"      canEdit="false" length="1" width="100" align="left" cellAlign="left" detail="true">
           <valueMap>
				<value ID="C">Create</value>
				<value ID="U">Update</value>
			</valueMap>
		</field>
		<field title="Update user" name="UPDUSR" length="30"  type="text" escapeHTML="true"      canEdit="false" width="100" align="left" cellAlign="left" detail="true"></field>
</fields>
<serverObject lookupStyle="new" className="it.ccg.pamp.server.dmi.StandardDMI"/>
    <operationBindings>
	<operationBinding operationType="update" requiresRole="user"></operationBinding>
	<operationBinding operationType="delete" requiresRole="user"></operationBinding>
	<operationBinding operationType="add" requiresRole="user"></operationBinding>
   <operationBinding operationId="pmptsstcuv_fetch_eqed" operationType="fetch">  
       <selectClause>pmptsstcuv.*</selectClause>
       <tableClause>pmptsstcuv as pmptsstcuv, pmptinstr as pmptinstr</tableClause>  
       <whereClause><![CDATA[ pmptsstcuv.instrid=pmptinstr.instrid AND  (pmptinstr.diviscode='D' or pmptinstr.diviscode='E')
       AND $defaultWhereClause]]></whereClause>  
    </operationBinding>     
    <operationBinding operationId="pmptsstcuv_fetch_el" operationType="fetch">  
       <selectClause>pmptsstcuv.*</selectClause>
       <tableClause>pmptsstcuv as pmptsstcuv, pmptinstr as pmptinstr</tableClause>  
       <whereClause><![CDATA[ pmptsstcuv.instrid=pmptinstr.instrid AND  (pmptinstr.diviscode='L')
       AND $defaultWhereClause]]></whereClause>  
    </operationBinding>  
    <operationBinding operationId="pmptsstcuv_fetch_bo" operationType="fetch">  
       <selectClause>pmptsstcuv.*</selectClause>
       <tableClause>pmptsstcuv as pmptsstcuv, pmptinstr as pmptinstr</tableClause>  
       <whereClause><![CDATA[ pmptsstcuv.instrid=pmptinstr.instrid AND  (pmptinstr.diviscode='O')
       AND $defaultWhereClause]]></whereClause>  
    </operationBinding>  
 
  </operationBindings>  	
</DataSource>
