<DataSource 
tableName="pmptinstr" 
	ID="pmptinstr_eq" 
dataSourceVersion="1" 
serverType="sql">
	<fields>
		<field title="Instrument ID" name="INSTRID" type="sequence" primaryKey="true" canEdit="false" canFilter="true" width="100" detail="true"></field>
		<field title="Ref. instrument" name="HISTPRID" type="integer" required="false" canEdit="true" editorType="SelectItem" filterEditorType="SelectItem" width="200"  detail="false" align="left" cellAlign="left">
		</field>
		<field  title="Instrument name" name="INSTRNAME"  required="true" length="255" editorType="TextItem" canEdit="true" type="text" escapeHTML="true"  detail="false" ></field>
		<field title="Instr. code" name="CLASSCODE" required="true" length="30" type="text" escapeHTML="true"  width="70" canEdit="true" detail="false"></field>
		<field title="Reuters code" name="RICCODE" length="30" type="text" escapeHTML="true"  width="100" canEdit="true" detail="true"></field>
		<field title="ISIN code" name="ISINCODE" length="12" type="text" escapeHTML="true"  required="true" width="110" canEdit="true" detail="false">
			<validators>
				<validator type="regexp" expression="[A-Za-z]{2}[A-Za-z0-9]{10}" errorMessage="ISIN code not valid" />
			</validators>
		</field>
		<field title="Bloomberg code" name="BLOOMBCODE" length="30" type="text" escapeHTML="true"  width="100" canEdit="true" detail="true"></field>
		<field title="Market" name="MARKETCODE" required="true" length="30" type="text" escapeHTML="true"  width="70" editorType="SelectItem"  filterEditorType="SelectItem" canEdit="true" detail="false" displayField="MARKETCODE">
		<validators>
		<validator type="hasRelatedRecord" relatedDataSource="pmptmarket" relatedField="MARKETCODE" errorMessage="Market not found in market table" />  
		</validators>
		</field>
		<field title="Currency" name="CURRENCY" required="true" length="10" type="text" escapeHTML="true"  editorType="SelectItem" filterEditorType="SelectItem" width="80" canEdit="true" detail="false">
			<valueMap>
				<value ID="LIT">ITL</value>
<value ID="USD">USD </value>
<value ID="EUR">EUR</value>
<value ID="GBP">GBP</value>
<value ID="NOK">NOK</value>
<value ID="SEK">SEK</value>
<value ID="CHF">CHF</value>
<value ID="DKK">DKK</value>
<value ID="CAD">CAD</value>
<value ID="JPY">JPY</value>
<value ID="ISK">ISK</value>
<value ID="CZK">CZK</value>
<value ID="HUF">HUF</value>
<value ID="RON">RON</value>
<value ID="ATS">ATS</value>
<value ID="TRY">TRY</value>
<value ID="LTL">LTL</value>
<value ID="LVL">LVL</value>
<value ID="BRL">BRL</value>
<value ID="CNY">CNY</value>
<value ID="IDR">IDR</value>
<value ID="ILS">ILS</value>
<value ID="INR">INR</value>
<value ID="KRW">KRW</value>
<value ID="MXN">MXN</value>
<value ID="MYR">MYR</value>
<value ID="NZD">NZD</value>
<value ID="PHP">PHP</value>
<value ID="THB">THB</value> 
			</valueMap>
		</field>
		<field title="List Name" name="LISTNAME" length="255" type="text" escapeHTML="true"  width="100" canEdit="true" detail="true"></field>
		<field title="Instr. type" name="INSTRTYPE" required="true" canEdit="true" editorType="SelectItem"  filterEditorType="SelectItem" length="30" type="text" escapeHTML="true"  width="120" detail="false">
		<validators>
		<validator type="hasRelatedRecord" relatedDataSource="pmpttyp" relatedField="INSTRTYPE" errorMessage="Instrument type not found in instrument type table" />  
		</validators>
		</field>
		<field title="Instr. sub-type" name="INSTRSTYPE" required="true" type="text" escapeHTML="true"  editorType="SelectItem"  filterEditorType="SelectItem" canEdit="true" length="30" width="120" detail="false">
		<validators>
		<validator type="hasRelatedRecord" relatedDataSource="pmptsubtyp" relatedField="INSTRSTYPE" errorMessage="Instrument subtype not found in instrument subtype table" />  
		</validators>
		</field>	
		<field title="Segment" name="SGMCODE" length="24" type="text" escapeHTML="true"  width="100" editorType="SelectItem" filterEditorType="SelectItem" canEdit="true" detail="false">
		<validators>
		<validator type="hasRelatedRecord" relatedDataSource="pmptsegm" relatedField="SGMCODE" errorMessage="Segment code not found in segment table" />  
		</validators>
		</field>
	    <field title="Division" name="DIVISCODE" required="true" length="20" type="enum" width="100" canEdit="true" detail="true">
			<valueMap>
				<value ID="E">Equities</value>
				<value ID="D">Eq.derivates</value>
				<value ID="I">Infl.bond</value>
				<value ID="O">Bond</value> 
				 <value ID="B">I.R. Nodes</value>
				<value ID="L">Elect.derivates</value>
				<value ID="X">Indices</value>
				<value ID="C">Currency</value>
<value ID="Y">Comparable</value>
<value ID="H">Haircut</value>
			</valueMap>
		</field>
		<field title="Super sector" name="SUPERSECT" length="30" type="text" escapeHTML="true"  width="100" canEdit="true" detail="true"></field>
		<field title="Industry" name="INDUSTRY" length="30" type="text" escapeHTML="true"  width="100" canEdit="true" detail="true"></field>
		<field title="Comparable" name="COMPARABLE" length="1" type="enum" width="100" canEdit="true" detail="true">
			<valueMap>
				<value ID="T">True</value>
				<value ID="F">False</value>
			</valueMap>
		</field>
		<field title="Calculate" name="PROCESS" length="1" type="enum" width="100" canEdit="true" detail="false">
			<valueMap>
				<value ID="T">True</value>
				<value ID="F">False</value>
			</valueMap>
		</field>
		<field title="Issuer" name="ISSUER" length="30" type="text" escapeHTML="true"  width="100" canEdit="true" detail="true"></field>
		<field title="Dividend type" name="DIVTYPE" length="30" type="text" escapeHTML="true"  width="100" canEdit="true" detail="true"></field>
		<field title="Addr: street" name="ADDRSTREET" length="255" type="text" escapeHTML="true"  width="100" canEdit="true" detail="true"></field>
		<field title="Addr: city" name="ADDRCITY" length="255" type="text" escapeHTML="true"  width="100" canEdit="true" detail="true"></field>
		<field title="Addr: district" name="ADDRDIST" length="255" type="text" escapeHTML="true"  width="100" canEdit="true" detail="true"></field>
		<field title="Addr: postal code" name="ADDRPC" length="255" type="text" escapeHTML="true"  width="100" canEdit="true" detail="true"></field>
		<field title="Addr: state" name="ADDRSTATE" length="255" type="text" escapeHTML="true"  width="100" canEdit="true" detail="true"></field>
		<field title="Addr: country" name="ADDRCOUNT" length="255" type="text" escapeHTML="true"  width="100" canEdit="true" detail="true"></field>
		<field title="Addr: web" name="ADDRWEB" length="255" type="text" escapeHTML="true"  width="100" canEdit="true" detail="true"></field>
		<field title="Volatility" name="HISTVOLAID" type="integer" filterOperator="equals" width="180" editorType="ComboBoxItem" filterEditorType="SelectItem" canEdit="true" detail="true">
			<validators>
			<validator type="isInteger" expression="[0-9]" errorMessage="Must be a valid number" />
			</validators>
		</field>
		<field title="Status" name="STATUS" length="1" type="text" required="true" escapeHTML="true"  width="100" canEdit="true" detail="true">
			<valueMap>
				<value ID="E">Enabled</value>
				<value ID="D">Disabled</value>
				<value ID="S">Delisted</value>
				<value ID="U">Underlying</value>
			</valueMap>
		</field>
		<field title="Delisting date" name="DELISTDATE" type="datetime" useTextField="true" width="90" canEdit="true" detail="true" align="left" cellAlign="left"></field>
		<field title="Delisting reason" name="DELISTREAS" length="255" type="text" escapeHTML="true"  canEdit="true" detail="true"></field>
		<field title="Days to delivery" name="DELDAYS" editorType="TextItem" filterEditorType="SpinnerItem" width="70" type="integer" filterOperator="equals" canEdit="true" detail="true">
			<validators>
				<validator type="isInteger" errorMessage="Must be a valid number" />
			</validators>
		</field>
		<field title="Margin Threshold" name="MARGINTH" length="255" type="float" editorType="TextItem" filterEditorType="SpinnerItem" filterOperator="equals" canEdit="true"   align="left" cellAlign="left" detail="true">
		<validators>
				<validator type="floatRange" min="0" max="10" errorMessage="Insert a number between 0 and 10 (0.5 is 50%)" /></validators>
		</field>
		<field title="Hist. prices" name="DERHIST" type="text" escapeHTML="true"  canEdit="true" length="1" width="100" align="left" cellAlign="left" detail="true">
			<valueMap>
				<value ID="F">Own</value>
				<value ID="T">Derivative</value>
			</valueMap>
		</field>
		<field title="Disable Reason" name="DISABREAS" length="255" type="text" escapeHTML="true"  canEdit="true" detail="true"></field>
		<field title="Mkt list. Date" name="MKTLSTDATE" type="datetime" useTextField="true" width="90" canEdit="true" detail="true" align="left" cellAlign="left"></field>
		<field title="CCP date" name="CCPLSTDATE" type="datetime" useTextField="true"  width="90" canEdit="true" detail="true"  align="left" cellAlign="left"></field>
		<field title="Motivation" name="RCCODE" type="integer" filterOperator="equals"  editorType="SelectItem"  filterEditorType="SelectItem" width="180"  canEdit="true" align="left" cellAlign="left" detail="true"></field>
		<field title="Def.Margin" name="DEFMARG" type="float" filterOperator="equals" editorType="TextItem" filterEditorType="SpinnerItem" width="64" canEdit="true" align="left" cellAlign="left" detail="true">
		<validators>
				<validator type="floatRange" min="0" max="1" errorMessage="Must be between 0 and 1. Ex. 99.5% is 0.995"/>
		</validators>
		</field>
		<field title="Benchmark name" name="BMKNAME" length="255" type="text" escapeHTML="true"  width="200" canEdit="true" detail="true"></field>
		<field title="Benchmark RIC" name="BMKRIC" length="30" type="text" escapeHTML="true"  width="100" canEdit="true" detail="true"></field>
		<field title="Benchmark return" name="BMKRETURN" length="30" type="text" escapeHTML="true"  width="200" canEdit="true" detail="true"></field>
		<field title="Benchmark style" name="BMKSTYLE" length="255" type="text" escapeHTML="true"  width="100" canEdit="true" detail="true"></field>
		<field title="Benchmark area" name="BMKAREA" length="255" type="text" escapeHTML="true"  width="100" canEdit="true" detail="true"></field>
		<field title="Benchmark desc." name="BMKDESCR" length="255" type="text" escapeHTML="true"  width="200" canEdit="true" detail="true"></field>
		<field title="Benchmark comp." name="BMKCOMP" length="255" type="text" escapeHTML="true"  width="200" canEdit="true" detail="true"></field>
		<field title="Benchmark curr." name="BMKCURR" length="3" type="text" escapeHTML="true"  editorType="SelectItem" filterEditorType="SelectItem" allowEmptyValue="true" width="100" canEdit="true" detail="true">
		<valueMap>
				<value ID="LIT">ITL</value>	
				<value ID="USD ">USD </value>	
				<value ID="EUR">EUR</value>	
				<value ID="GBP">GBP</value>	
				<value ID="NOK">NOK</value>	
				<value ID="SEK">SEK</value>	
				<value ID="CHF">CHF</value>	
				<value ID="DKK">DKK</value>	
				<value ID="CAD">CAD</value>	
				<value ID="JPY">JPY</value>	
				<value ID="ISK">ISK</value>	
				<value ID="CZK">CZK</value>	
				<value ID="HUF">HUF</value>	
				<value ID="RON">RON</value>	
				<value ID="ATS">ATS</value>	
				<value ID="TRY">TRY</value>
<value ID="CNY">CNY</value> 
 <value ID="RSD">RSD</value> 
 <value ID="ZAR">ZAR</value>	
			</valueMap>
		</field>
		<field title="Benchmark instr. num." name="BMKNINSTR" type="integer" editorType="TextItem" filterEditorType="SpinnerItem" width="100" canEdit="true" detail="true">
		<validators>
				<validator type="isInteger" errorMessage="Must be a valid number" />
			</validators>
		</field>
		<field title="ETF compos." name="COMPOS" length="255" type="text" escapeHTML="true"  width="100" canEdit="true" detail="true"></field>
		
		<field title="Benchmark spec." name="BMKSPEC" length="1000" type="text" escapeHTML="true"  width="200" canEdit="true" detail="true" ></field>
		<field title="Note" name="NOTE" type="text"  escapeHTML="true" canEdit="true" length="5000" align="left" cellAlign="left" detail="false" ></field>
		
		<field name="FORMAT" length="5000" type="text" escapeHTML="true"  canEdit="true" detail="true" hidden="true"></field>
		<field title="Update date" name="UPDDATE" type="datetime" width="100" align="left" cellAlign="left" canEdit="false" detail="true"></field>
		<field title="Update type" name="UPDTYPE" type="text" escapeHTML="true"  canEdit="false" length="1" width="100" align="left" cellAlign="left" detail="true">
           <valueMap>
				<value ID="C">Create</value>
				<value ID="U">Update</value>
			</valueMap>
		</field>
		<field title="Update user" name="UPDUSR" length="30" type="text" escapeHTML="true"  canEdit="false" width="100" align="left" cellAlign="left" detail="true"></field>
		<field title="Count" name="COUNTALL" customSQL="true" type="integer" width="80" canEdit="false" detail="false" align="left" cellAlign="left"></field>
	</fields>
	<serverObject lookupStyle="new" className="it.ccg.pamp.server.dmi.StandardDMI"/>
	<operationBindings>
	<operationBinding operationType="update" requiresRole="user,causer"></operationBinding>
	<operationBinding operationType="delete" requiresRole="user,causer"></operationBinding>
	<operationBinding operationType="add" requiresRole="user,causer"></operationBinding>

	
		<operationBinding operationType="fetch">  
       <whereClause><![CDATA[pmptinstr.DIVISCODE='E' AND ($defaultWhereClause)]]></whereClause>
		</operationBinding>
		<operationBinding operationId="pmptinstr_fetch_forforcegroups" operationType="fetch">  
       <whereClause><![CDATA[pmptinstr.DIVISCODE='E' AND pmptinstr.STATUS='E' AND ($defaultWhereClause)]]></whereClause>
		</operationBinding>
		<operationBinding operationId="pmptinstr_update_all_forcomparable" operationType="update" requiresRole="user">  
         <whereClause><![CDATA[diviscode='Y']]></whereClause>  
    </operationBinding>  
	<operationBinding operationId="pmptinstr_update_all_eq" operationType="update" requiresRole="user,causer">  
         <whereClause><![CDATA[diviscode='E']]></whereClause>  
    </operationBinding>    
		<operationBinding operationId="pmptinstr_fetch_forcomparable" operationType="fetch">  
       <whereClause><![CDATA[pmptinstr.DIVISCODE='Y' AND ($defaultWhereClause)]]></whereClause>
		</operationBinding>
</operationBindings>
</DataSource>