<DataSource 
	  
	tableName="pmptstmbr"
	ID="pmptstmbr_cum"
	dataSourceVersion="1"
	serverType="sql"
>
	<fields>
	   <field title="Clear. member" name="MBRID" type="integer" filterOperator="equals" primaryKey="true" canEdit="false" filterEditorType="SelectItem" width="100"  align="left" cellAlign="left" detail="false"></field>
	   <field title="Clear. description" name="MBRDESC"   type="text" escapeHTML="true"      length="100" align="left" cellAlign="left" canEdit="false" detail="false"></field>
   	   <field title="Not collateralized exposure" name="NCE" type="float" filterOperator="equals"  canEdit="false" width="150" align="left"  editorType="TextItem" filterEditorType="SpinnerItem"  cellAlign="left" detail="false"></field>
   		<field title="Cumulative" name="CUM" customSQL="true" type="float" filterOperator="equals"  canEdit="false" width="150" align="left"  editorType="TextItem" filterEditorType="SpinnerItem"  cellAlign="left" detail="false"></field>
   		<field title="Members before" name="MBRCOUNT" customSQL="true" type="integer" filterOperator="equals"  canEdit="false" width="150" align="left"  editorType="TextItem" filterEditorType="SpinnerItem"  cellAlign="left" detail="false"></field>
   		
</fields>	
<serverObject lookupStyle="new" className="it.ccg.pamp.server.dmi.StandardDMI"/>
	<operationBindings>
	<operationBinding operationType="update" requiresRole="user"></operationBinding>
	<operationBinding operationType="delete" requiresRole="user"></operationBinding>
	<operationBinding operationType="add" requiresRole="user"></operationBinding>
    
       <operationBinding operationId="pmptstmbr_cum_eqincrease" operationType="fetch"
        customValueFields="CUM,MBRCOUNT"  customCriteriaFields="CUM,MBRCOUNT">    
       <customSQL>
       SELECT a.MBRID, a.MBRDESC, -a.NCE,
               (select -sum(nce)
                from PMPTSTMBR a1
                where a.STID=a1.stid
                and a.scenario=a1.scenario
                and a.nce>=a1.nce
                ) AS CUM,
               (select count(a1.mbrid) 
                from PMPTSTMBR a1
                where a.STID=a1.stid
                and a.scenario=a1.scenario
                and a.nce>=a1.nce) as MBRCOUNT
    FROM PMPTSTMBR A
    WHERE a.SCENARIO='I'
          and A.STID in (
          SELECT S.STID
          FROM PMPTST S
          where s.DIVISCODE='E'and 
          s.status='T'    
          order by s.STID desc
          fetch first 1 rows only)
    ORDER BY nce desc
		  </customSQL>
      </operationBinding>   
       <operationBinding operationId="pmptstmbr_cum_eqdecrease" operationType="fetch"
        customValueFields="CUM,MBRCOUNT"  customCriteriaFields="CUM,MBRCOUNT">    
       <customSQL>
       SELECT a.MBRID, a.MBRDESC, -a.NCE,
               (select -sum(nce)
                from PMPTSTMBR a1
                where a.STID=a1.stid
                and a.scenario=a1.scenario
                and a.nce>=a1.nce
                ) AS CUM,
               (select count(a1.mbrid) 
                from PMPTSTMBR a1
                where a.STID=a1.stid
                and a.scenario=a1.scenario
                and a.nce>=a1.nce) as MBRCOUNT
    FROM PMPTSTMBR A
    WHERE a.SCENARIO='D'
          and A.STID in (
          SELECT S.STID
          FROM PMPTST S
          where s.DIVISCODE='E'    
          and s.status='T'
          order by s.STID desc
          fetch first 1 rows only)
    ORDER BY nce desc
		  </customSQL>
      </operationBinding>   
       <operationBinding operationId="pmptstmbr_cum_boincrease" operationType="fetch"
        customValueFields="CUM,MBRCOUNT"  customCriteriaFields="CUM,MBRCOUNT">    
       <customSQL>
       SELECT a.MBRID, a.MBRDESC, -a.NCE,
               (select -sum(nce)
                from PMPTSTMBR a1
                where a.STID=a1.stid
                and a.scenario=a1.scenario
                and a.nce>=a1.nce
                ) AS CUM,
               (select count(a1.mbrid) 
                from PMPTSTMBR a1
                where a.STID=a1.stid
                and a.scenario=a1.scenario
                and a.nce>=a1.nce) as MBRCOUNT
    FROM PMPTSTMBR A
    WHERE a.SCENARIO='I'
          and A.STID in (
          SELECT S.STID
          FROM PMPTST S
          where s.DIVISCODE='O'    
          and s.status='T' 
          order by s.STID desc
          fetch first 1 rows only)
    ORDER BY nce desc
		  </customSQL>
      </operationBinding>   
       <operationBinding operationId="pmptstmbr_cum_bodecrease" operationType="fetch"
        customValueFields="CUM,MBRCOUNT"  customCriteriaFields="CUM,MBRCOUNT">    
       <customSQL>
       SELECT a.MBRID, a.MBRDESC, -a.NCE,
               (select -sum(nce)
                from PMPTSTMBR a1
                where a.STID=a1.stid
                and a.scenario=a1.scenario
                and a.nce>=a1.nce
                ) AS CUM,
               (select count(a1.mbrid) 
                from PMPTSTMBR a1
                where a.STID=a1.stid
                and a.scenario=a1.scenario
                and a.nce>=a1.nce) as MBRCOUNT
    FROM PMPTSTMBR A
    WHERE a.SCENARIO='D'
          and A.STID in (
          SELECT S.STID
          FROM PMPTST S
          where s.DIVISCODE='O'    
          and s.status='T'
          order by s.STID desc
          fetch first 1 rows only)
    ORDER BY nce desc
		  </customSQL>
      </operationBinding>  
 </operationBindings>  	

</DataSource>