<DataSource 
	  
	tableName="pmptloff"
	ID="pmptloff"
	dataSourceVersion="1"
	serverType="sql"
>
	<fields>
		<field title="Group ID" name="GRID" type="integer" primaryKey="true" canEdit="false" width="100" detail="false" align="left" cellAlign="left"></field>
		<field title="Group Name" customSQL="true" tableName="pmptlgrp" name="GROUPDESC" length="30"  type="text" escapeHTML="true"  editorType="TextItem" width="50%" canEdit="true"  detail="false" align="left" cellAlign="left">
		<validators>  
             <validator type="isUnique"  errorMessage="Group name already in use."/>  
          </validators>  
		</field>
		<field title="Status" name="STATUS" length="1" type="enum" width="50" canEdit="true" align="left" cellAlign="left" detail="false">
	        <valueMap>  
			    <value ID="E">Enabled</value>  
				<value ID="X">Error</value>  
				<value ID="D">Disabled</value> 
 			</valueMap> 
   		</field>
   		<!-- <field title="Division" name="DIVISCODE" customSQL="true" tableName="C" length="20"  type="text" escapeHTML="true"      width="100" canEdit="false" detail="true">
			<valueMap>
				<value ID="E">Equities</value>
				<value ID="D">Eq.derivates</value>
				<value ID="I">Infl.bond</value>
				<value ID="O">Bond</value> 
				 <value ID="B">I.R. Nodes</value>
				<value ID="L">Elect.derivates</value>
				<value ID="X">Indices</value>
				<value ID="C">Currency</value>
				<value ID="Y">Comparable</value>
				<value ID="H">Haircut</value>
			</valueMap>
		</field> -->
   		<field title="Propose" name="PROPOSE" length="1" type="enum" width="85" canEdit="true" align="left" cellAlign="left" detail="false">
	        <valueMap>  
				<value ID="A">Activate</value>  
				<value ID="D">Deactivate</value>
				<value ID="L">Leave</value> 
				<value ID="C">Change coeff.</value>  
 			</valueMap> 
   		</field>
		<field title="Approval" name="APPROVAL" length="1" type="enum" width="80" canEdit="false" align="left" cellAlign="left" detail="false">
	        <valueMap>  
				<value ID="A">Subm. for appr.</value>  
				<value ID="W">Working</value>
				<value ID="R">Rejected</value>    
 			</valueMap> 
   		</field>		
		<!-- <field title="Working mar." name="OFFSET" type="float" customSQL="true" tableName="H"  filterOperator="equals" width="80"  editorType="TextItem" filterEditorType="SpinnerItem"  canEdit="true" align="left" cellAlign="left" detail="false"></field> -->	
		<field title="User off." name="USEROFF" type="float" filterOperator="equals" width="60"  editorType="TextItem" filterEditorType="SpinnerItem"  canEdit="true" align="left" cellAlign="left" detail="false"></field>
		<field title="An. off." name="ANOFF" type="float" filterOperator="equals" width="70"  canEdit="false"  editorType="TextItem" filterEditorType="SpinnerItem"  align="left" cellAlign="left" detail="false"></field>
   		<field title="Valid date" name="INIVDATE" required="true" type="datetime" width="100" canEdit="true" detail="false" align="left" cellAlign="left"></field>
		<field title="End date" name="ENDVDATE"  type="datetime" width="90" canEdit="true" align="left" cellAlign="left" detail="false"></field>
		<field title="Send date" name="SENDDATE"  type="datetime" width="100" canEdit="true" align="left" cellAlign="left" detail="false"></field>
        <field title="Susp." name="SUSP"  type="text" escapeHTML="true"      canEdit="true" length="1" width="70" align="left" cellAlign="left" detail="false">
           <valueMap>
				<value ID="T">Susp.</value>
				<value ID="F"> </value>
			</valueMap>
		</field>
		<field title="Motivation" name="RCCODE" type="integer" filterOperator="equals"  editorType="SelectItem"  filterEditorType="SelectItem" width="100%"  canEdit="true" align="left" cellAlign="left" detail="false" ></field>
		<field title="Curr. off." name="CROFF" type="float" filterOperator="equals" width="70"   editorType="TextItem" filterEditorType="SpinnerItem"  canEdit="false" align="left" cellAlign="left" detail="true"></field>
   		<field title="Curr. instrument 1" name="CRINSTRID1" type="integer" filterOperator="equals" width="100"  editorType="ComboBoxItem"  filterEditorType="SelectItem" canEdit="false" align="left" cellAlign="left" detail="true" ></field>
		<field title="Curr. instrument 2" name="CRINSTRID2" type="integer" filterOperator="equals" width="100" editorType="ComboBoxItem"  filterEditorType="SelectItem"  canEdit="false" align="left" cellAlign="left" detail="true" ></field>
		<field title="Cur.per(days)" name="CRNDAYSPER" type="integer" filterOperator="equals" width="85"  canEdit="false" align="left" cellAlign="left" detail="true" ></field>
		<field title="Curr. HP" name="CRNV" type="integer" filterOperator="equals" width="70"  canEdit="false" align="left" cellAlign="left" detail="true" ></field>
		<field title="Curr. log." name="CRLOG" length="200"  type="text" escapeHTML="true"      canEdit="true" align="left" cellAlign="left" detail="true"></field>
		<field title="An. instrument 1" name="ANINSTRID1" type="integer" filterOperator="equals" width="100"  canEdit="false" align="left" cellAlign="left" detail="true" ></field>
		<field title="An. instrument 2" name="ANINSTRID2" type="integer" filterOperator="equals" width="100"  canEdit="false" align="left" cellAlign="left" detail="true" ></field>
		<field title="An.per(days)" name="ANNDAYSPER" type="integer" filterOperator="equals" width="85"  canEdit="false" align="left" cellAlign="left" detail="true" ></field>
		<field title="An. HP" name="ANNV" type="integer" filterOperator="equals" width="70"  canEdit="false" align="left" cellAlign="left" detail="true" ></field>
		<field title="An. log." name="ANLOG" length="200"  type="text" escapeHTML="true"      canEdit="true" align="left" cellAlign="left" detail="true"></field>
		<field title="Prop. off." name="PROPOFF" type="float" filterOperator="equals" width="70"  canEdit="false"  editorType="TextItem" filterEditorType="SpinnerItem"  align="left" cellAlign="left" detail="true"></field>
        <field title="Prop. log." name="PROPLOG" length="200"  type="text" escapeHTML="true"      canEdit="true" align="left" cellAlign="left" detail="true"></field>
       	<field title="Analysis date" name="ANDATE"  type="datetime" width="90" canEdit="false" align="left" cellAlign="left" detail="false"></field>
        <field title="Curr. first hist. date" name="CRFRSTHISD" type="datetime" width="100" editorType="TextItem" align="left" cellAlign="left" canEdit="false" detail="true"></field>
  	    <field title="An. first hist. date" name="ANFRSTHISD" type="datetime" width="100" editorType="TextItem" align="left" cellAlign="left" canEdit="false" detail="true"></field>
  	    <field title="Curr. last hist. date" name="CRLASTHISD" type="datetime" width="100" editorType="TextItem" align="left" cellAlign="left" canEdit="false" detail="true"></field>
  	    <field title="An. last hist. date" name="ANLASTHISD" type="datetime" width="100" editorType="TextItem" align="left" cellAlign="left" canEdit="false" detail="true"></field>
		 <field title="Custom" name="CUSTOM"  type="text" escapeHTML="true"      canEdit="true" length="1" width="70" align="left" cellAlign="left" detail="false">
           <valueMap>
				<value ID="T">True</value>
				<value ID="F">False</value>
			</valueMap>
		</field>
       	<field title="Comment" name="COMMENT" length="500" width="100%"  type="text" escapeHTML="true"      canEdit="true" align="left" cellAlign="left" detail="true"></field>
		<field title="Update date" name="UPDDATE" type="datetime" width="100"  align="left" cellAlign="left" canEdit="false" detail="true"></field>
		<field title="Update type" name="UPDTYPE"  type="text" escapeHTML="true"      canEdit="false" length="1" width="100" align="left" cellAlign="left" detail="true">
           <valueMap>
				<value ID="C">Create</value>
				<value ID="U">Update</value>
			</valueMap>
		</field>
		<field title="Update user" name="UPDUSR" length="30"  type="text" escapeHTML="true"      canEdit="false" width="100" align="left" cellAlign="left" detail="true"></field>
</fields>	    
<serverObject lookupStyle="new" className="it.ccg.pamp.server.dmi.StandardDMI"/>
<operationBindings>
	<operationBinding operationType="update" requiresRole="user"></operationBinding>
	<operationBinding operationType="delete" requiresRole="user"></operationBinding>
	<operationBinding operationType="add" requiresRole="user"></operationBinding>
	<operationBinding operationType="fetch"
	customValueFields="GROUPDESC" customCriteriaFields="GROUPDESC">
	<selectClause>pmptloff.*,pmptlgrp.GROUPDESC AS GROUPDESC</selectClause>
	<tableClause>pmptloff, pmptlgrp</tableClause>
	<whereClause><![CDATA[pmptlgrp.GRID=pmptloff.GRID
                AND $defaultWhereClause]]></whereClause>
	</operationBinding>
	<operationBinding operationId="pmptloff_last_review_elecgr" operationType="fetch"
	    customValueFields="GROUPDESC" customCriteriaFields="GROUPDESC">
	<selectClause>pmptloff.*,pmptlgrp.GROUPDESC AS GROUPDESC</selectClause>
	<tableClause>pmptloff, pmptlgrp</tableClause>
	<whereClause><![CDATA[pmptlgrp.GRID=pmptloff.GRID AND pmptloff.APPROVAL !='W' and
	      $defaultWhereClause]]></whereClause> 
	</operationBinding>
	<operationBinding operationId="pmptloff_update_all_elecgr"
		operationType="update">
		<whereClause><![CDATA[ STATUS = 'E' AND $defaultWhereClause]]></whereClause>
	</operationBinding>  
      
     </operationBindings>  	
</DataSource>