<DataSource 
	  
	tableName="pmptmichpr"
	ID="pmptmichpr"
	dataSourceVersion="1"
	serverType="sql"
>
	<fields>
		<field title="Instrument ID" name="INSTRID" type="integer" filterOperator="equals" primaryKey="true" canEdit="false" width="100" editorType="TextItem" align="left" cellAlign="left" detail="true"></field>
		<field title="Session date" name="PRICEDATE" type="date" customSelectExpression="CAST(PRICEDATE as DATE)" required="true"  customUpdateExpression="$values.PRICEDATE" primaryKey="true" width="100" canEdit="true" align="left" cellAlign="left" detail="false"></field>
		<field title="Price" name="CLOSEPR" type="float" filterOperator="equals"  canEdit="true" required="true" align="left" cellAlign="left" detail="false">
			<validators>
					<validator type="floatRange" min="0" errorMessage="Please enter a positive value"/>
	        </validators>
	    </field>
	    <field title="Status" name="STATUS" length="1"  type="text" escapeHTML="true"      width="50" align="left" canEdit="true" cellAlign="left" detail="false">
	        <valueMap>  
				<value ID="E">Enabled</value>  
				<value ID="D">Disabled</value>  
 			</valueMap> 
   		</field>
   		<field title="Price type" name="PRICETYPE" length="30"  type="text" escapeHTML="true" canEdit="true" width="100" align="left" cellAlign="left" detail="false"></field>
      	<field title="Update date" name="UPDDATE" type="datetime" width="100" editorType="TextItem" align="left" cellAlign="left" canEdit="false" detail="true"></field>
		<field title="Update type" name="UPDTYPE"  type="text" escapeHTML="true"      canEdit="false" length="1" width="100" align="left" cellAlign="left" detail="true">
           <valueMap>
				<value ID="C">Create</value>
				<value ID="U">Update</value>
			</valueMap>
		</field>
		<field title="Update user" name="UPDUSR" length="30"  type="text" escapeHTML="true"      canEdit="false" width="100" align="left" cellAlign="left" detail="true"></field>
      	
	</fields>
  <serverObject lookupStyle="new" className="it.ccg.pamp.server.dmi.StandardDMI"/>
  <operationBindings>
	<operationBinding operationType="update" requiresRole="user,causer"></operationBinding>
	<operationBinding operationType="delete" requiresRole="user,causer"></operationBinding>
	<operationBinding operationType="add" requiresRole="user,causer"></operationBinding>
	
 </operationBindings>  	
</DataSource>
