 <DataSource 
	  
	tableName="pmptbtrbrc"
	ID="pmptbtrbrc"
	dataSourceVersion="1"
	serverType="sql"
>
	<fields>
	 <field title="Type" name="BREACHTY" primaryKey="true" length="1" type="enum" width="100" canEdit="false" align="left" cellAlign="left" detail="false">
	        <valueMap>  
				<value ID="O">On date</value>  
				<value ID="W">Working</value> 
				<value ID="M">Adj. working</value> 
				<value ID="P">Adj. on date</value>
				<value ID="Y">Pre-haircut work.</value>
				<value ID="X">Pre-haircut on date</value>  
 			</valueMap> 
   		 </field>
	  <field title="Back Test ID" name="BTID" primaryKey="true" type="integer" filterOperator="equals"  width="100" editorType="SelectItem" canEdit="false" align="left" cellAlign="left" detail="true"></field>
	  	<field title="Class" name="CLASSID" primaryKey="true" type="integer" filterOperator="equals"  width="110"  canEdit="false" align="left" cellAlign="left" detail="true"></field>
	 
	<field title="Instrument name" customSQL="true" tableName="pmptinstr" name="INSTRNAME"  type="text" escapeHTML="true"      canFilter="true" width="100%" align="left" cellAlign="left" detail="false" canEdit="false"></field>
		<field title="Instrument ID" name="INSTRID" primaryKey="true" type="integer" filterOperator="equals"  width="80"  canEdit="false" align="left" cellAlign="left" detail="true"></field>
	  <field title="Status" name="STATUS" length="1" type="enum" width="100" canEdit="false" align="left" cellAlign="left" detail="false">
	        <valueMap>  
				<value ID="E">Enabled</value>  
				<value ID="D">Disabled</value> 
 			</valueMap> 
   		 </field>
   		 <field title="Breach date" name="PRICEDATE" primaryKey="true" type="datetime"    width="100" canEdit="false" align="left" cellAlign="left" detail="false"></field>	
        <field title="HP" name="NV" primaryKey="true" type="text" escapeHTML="true"      canEdit="false" length="50" editorType="SelectItem" align="left" width="50" cellAlign="left" detail="false"></field>
	    <field title="Price" name="CLPRICE" type="float" filterOperator="equals" editorType="TextItem" filterEditorType="SpinnerItem"  canEdit="false"  align="left" cellAlign="left" detail="false"></field>
	    <field title="Prev. price" name="PCLPRICE" type="float" filterOperator="equals" editorType="TextItem" filterEditorType="SpinnerItem" canEdit="false"  align="left" cellAlign="left" detail="false"></field>
	   <field title="Hct. validity date" name="MARIVDATE" type="datetime"    width="100" canEdit="false" align="left" cellAlign="left" detail="false"></field>	
        <field title="Breach Var." name="VARIATION" type="float" filterOperator="equals" editorType="TextItem" filterEditorType="SpinnerItem" canEdit="false"  align="left" cellAlign="left" detail="false"></field>
	    <field title="Margin" name="MARGIN" type="float" filterOperator="equals" editorType="TextItem" filterEditorType="SpinnerItem" canEdit="false"  align="left" cellAlign="left" detail="false"></field>
	    <field title="Same price source" name="SAMEPRTY" primaryKey="true" type="text" length="1" width="110"  canEdit="false" align="left" cellAlign="left" detail="false">
	    	<valueMap>  
				<value ID="T">True</value>  
				<value ID="F">False</value> 
 			</valueMap>
	    </field>
	    
	    <field title="Update date" name="UPDDATE" type="datetime"  width="100" editorType="TextItem" align="left" cellAlign="left" canEdit="false" detail="true"></field>
		<field title="Update type" name="UPDTYPE"  type="text" escapeHTML="true"      canEdit="false" length="1" width="100" align="left" cellAlign="left" detail="true">
           <valueMap>
				<value ID="C">Create</value>
				<value ID="U">Update</value>
			</valueMap>
		</field>
		<field title="Update user" name="UPDUSR" length="30"  type="text" escapeHTML="true"      canEdit="false" width="100" align="left" cellAlign="left" detail="true"></field>
		
	</fields>
  	<serverObject lookupStyle="new" className="it.ccg.pamp.server.dmi.StandardDMI"/>
  	<operationBindings>
	<operationBinding operationType="update" requiresRole="user"></operationBinding>
	<operationBinding operationType="delete" requiresRole="user"></operationBinding>
	<operationBinding operationType="add" requiresRole="user"></operationBinding>
  
      <operationBinding operationType="fetch" 
      customValueFields="INSTRNAME" 
      customCriteriaFields="INSTRNAME">  
       <selectClause>pmptbtrbrc.*,pmptinstr.instrname</selectClause>
       <tableClause>pmptbtrbrc, pmptinstr</tableClause>  
       <whereClause><![CDATA[pmptbtrbrc.instrid=pmptinstr.instrid
       AND $defaultWhereClause]]></whereClause>  
    </operationBinding>        
     <operationBinding operationId="pmptbtrbrc_fetch_forchart" operationType="fetch">  
       <customSQL>
	<![CDATA[ select s.CLASSID,s.classdesc, 
        (select count(*) as BREACHES
         from pmptbtrbrc r1
         inner join pmptinstr as i1 on i1.INSTRID=r1.INSTRID
         where i1.INSTRID = r1.INSTRID
         and r1.BREACHTY='W'
         and r1.PRICEDATE >= $criteria.firstDate and r1.PRICEDATE < $criteria.lastDate
         and (i1.diviscode='O' or i1.diviscode='I' ) and 
         b.CLASSID=r1.CLASSID
         and not exists (select r2.btid
                         from PMPTBTRBRC r2
                         where  r2.BTID>r1.btid)) as BREACHES
    FROM PMPTBTCL as b
    inner join pmptclass as s on s.CLASSID=b.CLASSID
    where s.CLASSID<=12]]>
		  </customSQL>
      </operationBinding>
		 <operationBinding operationId="pmptbtrbrc_fetch_forchart_MOT" operationType="fetch">  
       <customSQL>
	<![CDATA[ select s.CLASSID,s.classdesc, 
        (select count(*) as BREACHES
         from pmptbtrbrc r1
         inner join pmptinstr as i1 on i1.INSTRID=r1.INSTRID
         where i1.INSTRID = r1.INSTRID
         and r1.BREACHTY='W'
         and r1.PRICEDATE >= $criteria.firstDate and r1.PRICEDATE < $criteria.lastDate
         and (i1.diviscode='O' or i1.diviscode='I' ) and 
         b.CLASSID=r1.CLASSID
         and not exists (select r2.btid
                         from PMPTBTRBRC r2
                         where  r2.BTID>r1.btid)) as BREACHES
    FROM PMPTBTCL as b
    inner join pmptclass as s on s.CLASSID=b.CLASSID
    where s.CLASSID>12]]>
		  </customSQL>
      </operationBinding>
 </operationBindings>  	
  
</DataSource>