<DataSource 
	  
	tableName="pmptstnode"
	ID="pmptstnode"
	dataSourceVersion="1"
	serverType="sql"
>
	<fields>
		<field  title="Instrument type"  name="INSTRTYPE" length="50"  type="text" primaryKey="true" width="100" canEdit="false" align="left" cellAlign="left" detail="false"></field>
		<field title="Instrument Id" name="INSTRID" type="integer" width="100" escapeHTML="true"   primaryKey="true"  canEdit="false" align="left" cellAlign="left" detail="false" ></field>
		<field title="Curve name" name="COUNTRY" type="text"  width="200"  align="left" cellAlign="left" canEdit="false" detail="false"></field>
		<field title="Scenario" name="SCENARIO"  type="text" length="1" escapeHTML="true"  filterEditorType="SelectItem" primaryKey="true" width="120"  align="left" cellAlign="left" detail="false">
		<valueMap>
				<value ID="I">Increase</value>
				<value ID="D">Decrease</value>
				<value ID="H">Parallel Increase</value>
				<value ID="L">Parallel Decrease</value>
				<value ID="F">Flattening</value>
				<value ID="S">Steepening</value>
			</valueMap>
	    </field>
		<field title="Stress Test ID" name="STID"  type="text" length="1" escapeHTML="true"  primaryKey="true" width="120"  align="left" cellAlign="left" detail="false"></field>
		<field title="Duration" name="DURATION" required="true" length="20" type="float" width="100" canEdit="true" detail="false"></field>
		<field title="Instrument name" customSQL="true" tableName="pmptinstr" name="INSTRNAME"  type="text" escapeHTML="true"      canFilter="true" width="100%" align="left" cellAlign="left" detail="false" canEdit="false"></field>
		<field title="Yield" name="YIELD" required="true" length="20" type="float" width="200" canEdit="true" detail="false"></field>
		<field title="Delta Yield" name="DELTAY" required="true" length="20" type="float" width="200" canEdit="true" detail="false"></field>
		<field title="Stressed Yield" name="STYIELD" required="true" length="20" type="float" width="200" canEdit="true" detail="false"></field>
		<field title="Update date" name="UPDDATE" type="datetime" displayFormat="toEuropeanShortDateTime"  width="100" align="left" cellAlign="left" canEdit="false" detail="true"></field>
		<field title="Update type" name="UPDTYPE"  type="text" escapeHTML="true"      canEdit="false" length="1" width="100" align="left" cellAlign="left" detail="true">
           <valueMap>
				<value ID="C">Create</value>
				<value ID="U">Update</value>
			</valueMap>
		</field>
		<field title="Update user" name="UPDUSR" length="30"  type="text" escapeHTML="true" canEdit="false" width="100" align="left" cellAlign="left" detail="true"></field>
	</fields>
	<serverObject lookupStyle="new" className="it.ccg.pamp.server.dmi.StandardDMI"/>
    
    <operationBindings>
		<operationBinding operationType="update" requiresRole="user"></operationBinding>
		<operationBinding operationType="delete" requiresRole="user"></operationBinding>
		<operationBinding operationType="add" requiresRole="user"></operationBinding>
 		<operationBinding operationType="fetch" operationId="fetch_node" 
      customValueFields="INSTRNAME" 
      customCriteriaFields="INSTRNAME">  
       <selectClause>pmptstnode.*,pmptinstr.INSTRNAME</selectClause>
       <tableClause>pmptstnode, pmptinstr</tableClause>  
       <whereClause><![CDATA[pmptstnode.instrid=pmptinstr.instrid
         AND $defaultWhereClause]]></whereClause>  
    </operationBinding>
    <operationBinding operationId="fetch_curve" operationType="fetch">
			<selectClause>distinct pmptstnode.COUNTRY</selectClause>
       		<whereClause><![CDATA[($defaultWhereClause)]]></whereClause>
			<orderClause><![CDATA[pmptstnode.COUNTRY asc]]></orderClause>
		</operationBinding>
         
  </operationBindings>  	
</DataSource>
