 <DataSource 
	  
	tableName="pmptbtbrch"
	ID="pmptbtbrch"
	dataSourceVersion="1"
	serverType="sql"
>
	<fields>
	 <field title="Back Test ID" name="BTID" primaryKey="true" type="integer" filterOperator="equals"  width="100" editorType="SelectItem" canEdit="false" align="left" cellAlign="left" detail="true"></field>
	  <field title="Class" name="CLASSID" primaryKey="true" type="integer" filterOperator="equals"  width="70"  canEdit="false" align="left" cellAlign="left" detail="true"></field>
	 
	<field title="Instrument name" customSQL="true" tableName="pmptinstr" name="INSTRNAME"  type="text" escapeHTML="true"      canFilter="true" width="100%" align="left" cellAlign="left" detail="false" canEdit="false"></field>
		<field title="Instrument ID" name="INSTRID" primaryKey="true" type="integer" filterOperator="equals"  width="80"  canEdit="false" align="left" cellAlign="left" detail="true"></field>
	  <field title="Status" name="STATUS" length="1" type="enum" width="100" canEdit="false" align="left" cellAlign="left" detail="false">
	        <valueMap>  
				<value ID="E">Enabled</value>  
				<value ID="D">Disabled</value> 
 			</valueMap> 
   		 </field>
   		<field title="HP" name="NV" primaryKey="true" type="text" escapeHTML="true"      canEdit="false" length="50" editorType="SelectItem" align="left" width="50" cellAlign="left" detail="false"></field>
	     <field title="Breach Var." name="USRMAR" type="integer" filterOperator="equals"  editorType="TextItem" filterEditorType="SpinnerItem"  width="85" canEdit="false" align="left" cellAlign="left" detail="false"></field>
   		<field title="Usr. breach" name="USRBRCH" type="integer" filterOperator="equals"  editorType="TextItem" filterEditorType="SpinnerItem"  width="80" canEdit="false" align="left" cellAlign="left" detail="false"></field>
   		<field title="Price" name="CLPRICE" type="float" filterOperator="equals" editorType="TextItem" filterEditorType="SpinnerItem" width="85" canEdit="false"  align="left" cellAlign="left" detail="false"></field>
	    <field title="Prev. price" name="PCLPRICE" type="float" filterOperator="equals" editorType="TextItem" filterEditorType="SpinnerItem" canEdit="false"  align="left" cellAlign="left" detail="false"></field>
	   <field title="Date" name="PRICEDATE" type="datetime"  required="true"  primaryKey="true" width="100" canEdit="true" align="left" cellAlign="left" detail="false"></field>
		<field title="Cov. days" name="USRDAYS" type="integer" filterOperator="equals"  editorType="TextItem" filterEditorType="SpinnerItem"  width="100" canEdit="false" align="left" cellAlign="left" detail="true"></field>
   		  <field title="Cov. up to breach" name="USRCOV" type="float" filterOperator="equals" editorType="TextItem" filterEditorType="SpinnerItem" canEdit="false"  align="left" cellAlign="left" detail="true"></field>
	 
	</fields>
  	<serverObject lookupStyle="new" className="it.ccg.pamp.server.dmi.StandardDMI"/>
  	<operationBindings>
	<operationBinding operationType="update" requiresRole="user"></operationBinding>
	<operationBinding operationType="delete" requiresRole="user"></operationBinding>
	<operationBinding operationType="add" requiresRole="user"></operationBinding>
  
  <operationBinding operationId="pmptbtbrch_fetch_simulator" operationType="fetch">
     <selectClause>pmptbtbrch.*,pmptinstr.instrname</selectClause>
       <tableClause>pmptbtbrch, PMPTBTCL, pmptinstr</tableClause>  
       <whereClause><![CDATA[
       pmptbtbrch.classid=PMPTBTCL.classid 
       and pmptbtbrch.instrid=pmptinstr.instrid 
        and (pmptinstr.diviscode='O' or pmptinstr.diviscode='I' ) 
        and USRBRCH>0
       AND $defaultWhereClause]]>
       </whereClause>     
		</operationBinding> 	
   
	<operationBinding operationId="pmptbtsmcl_fetch_forchart" operationType="fetch">  
       <customSQL>
	<![CDATA[  select s.CLASSID,s.classdesc, 
        (select count(*) as BREACHES
         from PMPTBTBRCH r1
         inner join pmptinstr as i1 on i1.INSTRID=r1.INSTRID
         where i1.INSTRID = r1.INSTRID
         and abs(r1.USRMAR) >= abs(b.USRMAR)
      and r1.PRICEDATE >= $criteria.firstDate and r1.PRICEDATE < $criteria.lastDate
         and (i1.diviscode='O' or i1.diviscode='I' ) and 
         b.CLASSID=r1.CLASSID
         and r1.USRBRCH>0) as BREACHES
    FROM PMPTBTCL as b
    inner join pmptclass as s on s.CLASSID=b.CLASSID
    where s.CLASSID<=12]]>
		  </customSQL>
      </operationBinding>
      <operationBinding operationId="pmptbtsmcl_fetch_forchart_MOT" operationType="fetch">  
       <customSQL>
	<![CDATA[  select s.CLASSID,s.classdesc, 
        (select count(*) as BREACHES
         from PMPTBTBRCH r1
         inner join pmptinstr as i1 on i1.INSTRID=r1.INSTRID
         where i1.INSTRID = r1.INSTRID
         and abs(r1.USRMAR) >= abs(b.USRMAR)
      and r1.PRICEDATE >= $criteria.firstDate and r1.PRICEDATE < $criteria.lastDate
         and (i1.diviscode='O' or i1.diviscode='I' ) and 
         b.CLASSID=r1.CLASSID
         and r1.USRBRCH>0) as BREACHES
    FROM PMPTBTCL as b
    inner join pmptclass as s on s.CLASSID=b.CLASSID
    where s.CLASSID>12]]>
		  </customSQL>
      </operationBinding>	
	
 </operationBindings>  	
  
</DataSource>