<DataSource 
      
	tableName="pmptsegm"
	ID="pmptsegm"
	dataSourceVersion="1"
	serverType="sql"
>
	<fields>
		<field title="Segment code" name="SGMCODE"  type="text" escapeHTML="true"      required="true" primaryKey="true" canEdit="true" editorType="TextItem" length="24"  width="90" align="left" cellAlign="left" detail="false"></field>
  		<field title="Market code" name="MARKETCODE"  type="text" escapeHTML="true"      required="true" editorType="ComboBoxItem" canEdit="true"  length="30" width="90" align="left" cellAlign="left" detail="false"></field>
  		<field title="Update date" name="UPDDATE" type="datetime" width="100" editorType="TextItem" align="left" cellAlign="left" canEdit="false" detail="true"></field>
		<field title="Update type" name="UPDTYPE"  type="text" escapeHTML="true"      canEdit="false" length="1" width="100" align="left" cellAlign="left" detail="true">
           <valueMap>
				<value ID="C">Create</value>
				<value ID="U">Update</value>
			</valueMap>
		</field>
		<field title="Update user" name="UPDUSR" length="30"  type="text" escapeHTML="true"      canEdit="false" width="100" align="left" cellAlign="left" detail="true"></field>
	<field title="Segments description" name="SGMDESC"  type="text" escapeHTML="true"      canEdit="true" editorType="TextItem" length="100" detail="false"></field>
	</fields>
	<serverObject lookupStyle="new" className="it.ccg.pamp.server.dmi.StandardDMI"/>
	<operationBindings>
	<operationBinding operationType="update" requiresRole="user"></operationBinding>
	<operationBinding operationType="delete" requiresRole="user"></operationBinding>
	<operationBinding operationType="add" requiresRole="user"></operationBinding>
 </operationBindings>  	
</DataSource>