<DataSource 
	  
	tableName="pmptrvar"
	ID="pmptrvar"
	dataSourceVersion="1"
	serverType="sql"
>
	<fields>
		<field title="Instrument ID" name="INSTRID" primaryKey="true" type="integer" filterOperator="equals" width="80" canEdit="false" align="left" cellAlign="left" detail="true"></field>
		<field title="HP" name="NV" primaryKey="true" type="integer" filterOperator="equals" width="40"  canEdit="false" align="left" cellAlign="left" detail="false"></field>
		<field title="Rank" name="RANK"  type="integer" filterOperator="equals"  width="70"  canEdit="false" align="left" cellAlign="left" detail="true" ></field>
		<field title="Period (days)" name="NDAYSPER" type="integer" filterOperator="equals" editorType="ComboBoxItem" width="70"  canEdit="false" align="left" cellAlign="left" detail="false" ></field>
		<field title="Var. type" name="VARTYPE"   type="text" escapeHTML="true"      editorType="ComboBoxItem" length="1" width="70"  canEdit="false" align="left" cellAlign="left" detail="false">
		       <valueMap>  
				<value ID="L">Logarithmic</value>
				<value ID="P">Percentual</value> 
				</valueMap> 
		</field>
		<field title="Analysis" name="ANALYSIS"  type="text" escapeHTML="true"      width="70"  canEdit="false" align="left" cellAlign="left" detail="false" ></field>
		<field title="Status" name="STATUS" length="1"  type="text" escapeHTML="true"      width="70" detail="false">
	        <valueMap>  
				<value ID="E">Enabled</value>  
				<value ID="A">Analysis only</value>   
				<value ID="D">Disabled</value>
 			</valueMap> 
   		</field>   		
		<field title="Pricedate" name="PRICEDATE"  type="datetime" displayFormat="toEuropeanShortDateTime"  width="100" align="left" cellAlign="left" detail="true"></field>
		<field title="Variation" name="VARIAT" type="float" filterOperator="equals" width="70"  canEdit="false" align="left" cellAlign="left" detail="false" ></field>
		<field title="Mode" name="MODE" type="enum" editorType="ComboBoxItem" width="70" canEdit="false" align="left" cellAlign="left" detail="true">
		 <valueMap>  
				<value ID="0">Last statistics</value>
				<value ID="1">Last stat. max values</value> 
				<value ID="2">Analisys statistics</value>
				<value ID="3">Analisys stat. max values</value> 
		</valueMap> 
		</field>
	<field title="Update date" name="UPDDATE" type="datetime" displayFormat="toEuropeanShortDateTime" width="100" editorType="TextItem" align="left" cellAlign="left" canEdit="false" detail="true"></field>
		<field title="Update type" name="UPDTYPE"  type="text" escapeHTML="true"      canEdit="false" length="1" width="100" align="left" cellAlign="left" detail="true">
           <valueMap>
				<value ID="C">Create</value>
				<value ID="U">Update</value>
			</valueMap>
		</field>
		<field title="Update user" name="UPDUSR" length="30"  type="text" escapeHTML="true"      canEdit="false" width="100" align="left" cellAlign="left" detail="true"></field>
</fields>	    
<serverObject lookupStyle="new" className="it.ccg.pamp.server.dmi.StandardDMI"/>
<operationBindings>
	<operationBinding operationType="update" requiresRole="user"></operationBinding>
	<operationBinding operationType="delete" requiresRole="user"></operationBinding>
	<operationBinding operationType="add" requiresRole="user"></operationBinding>
 </operationBindings>  	
</DataSource>