<!-- Auto-generated from database table STATISTICS -->

<DataSource 
	  
	tableName="pmptsmstat"
	ID="pmptsmstat_std"
	dataSourceVersion="1"
	serverType="sql"
>
	<fields>
	<field title="Period" customSQL="true" tableName="pmptper" name="NDAYSDESC"  type="text" escapeHTML="true"      canFilter="true" width="75" align="left" cellAlign="left" detail="false" canEdit="false"></field>
	<field title="Instrument ID" name="INSTRID" primaryKey="true" type="integer" filterOperator="equals" width="80" canFilter="true" canEdit="false" align="left" cellAlign="left" detail="true"></field>
	<field title="HP" name="NV" primaryKey="true" type="integer" filterOperator="equals" width="100%" canFilter="true" canEdit="false" align="left" cellAlign="left" detail="false"></field>
	<field title="Period (days)" name="NDAYSPER" primaryKey="true" type="integer" filterOperator="equals" width="100%" canFilter="true" canEdit="false" align="left" cellAlign="left" detail="true"></field>
	<field title="Var. type" name="VARTYPE" primaryKey="true"  type="text" escapeHTML="true"      editorType="ComboBoxItem" length="1" width="75"  canEdit="false" align="left" cellAlign="left" detail="false">
		       <valueMap>  
				<value ID="L">Logarithmic</value>
				<value ID="P">Percentual</value> 
				</valueMap> 
		</field>
		<field title="Mode" name="MODE" type="enum" primaryKey="true" editorType="ComboBoxItem" width="70" canEdit="false" align="left" cellAlign="left" detail="true">
		 <valueMap>  
				<value ID="1">Last statistics</value>
				<value ID="2">Analisys statistics</value> 
		</valueMap> 
		</field>
		  
		<field title="Average" name="AVERAGE" type="float" filterOperator="equals"  editorType="TextItem" filterEditorType="SpinnerItem"  width="70" canEdit="true" align="left" cellAlign="left" detail="false"></field>
		<field title="St. dev." name="STDEV" type="float" filterOperator="equals"  editorType="TextItem" filterEditorType="SpinnerItem"  width="70" canEdit="true" align="left" cellAlign="left" detail="false"></field>
		<field title="Asymm." name="ASY" type="float" filterOperator="equals"  editorType="TextItem" filterEditorType="SpinnerItem"  width="66" canEdit="true" align="left" cellAlign="left" detail="true"></field>
		<field title="Kurtosis" name="KURTOSIS" type="float" filterOperator="equals"  editorType="TextItem" filterEditorType="SpinnerItem"  width="66" canEdit="true" align="left" cellAlign="left" detail="true"></field>
		<field title="Perf." name="PERF" type="float" filterOperator="equals"  editorType="TextItem" filterEditorType="SpinnerItem"  width="66" canEdit="true" align="left" cellAlign="left" detail="true"></field>
		<field title="Perf. y." name="PERYEAR" type="float" filterOperator="equals"  editorType="TextItem" filterEditorType="SpinnerItem"  width="66" canEdit="true" align="left" cellAlign="left" detail="false"></field>
		<field title="Vola" name="VOLADAY" type="float" filterOperator="equals"  editorType="TextItem" filterEditorType="SpinnerItem"  width="66" canEdit="true" align="left" cellAlign="left" detail="true"></field>		
		<field title="Cov. days" name="NDAYS" type="float" filterOperator="equals"  editorType="TextItem" filterEditorType="SpinnerItem"  width="66" canEdit="true" align="left" cellAlign="left" detail="false"></field>
		<field title="Events in" name="EVENTSIN" type="float" filterOperator="equals"  editorType="TextItem" filterEditorType="SpinnerItem"  width="66" canEdit="true" align="left" cellAlign="left" detail="false"></field>
		<field title="Events out" name="EVENTSOUT" type="float" filterOperator="equals"  editorType="TextItem" filterEditorType="SpinnerItem"  width="66" canEdit="true" align="left" cellAlign="left" detail="false"></field>
		<field title="Norm. marg." name="NORMMAR" type="float" filterOperator="equals"  editorType="TextItem" filterEditorType="SpinnerItem"  width="66" canEdit="true" align="left" cellAlign="left" detail="false"></field>
		<field title="Norm. cov" name="NORMMARCOV" type="float" filterOperator="equals"  editorType="TextItem" filterEditorType="SpinnerItem"  width="66" canEdit="true" align="left" cellAlign="left" detail="false"></field>
		<field title="Norm. stdev." name="NORMMARSD" type="float" filterOperator="equals"  editorType="TextItem" filterEditorType="SpinnerItem"  width="66" canEdit="true" align="left" cellAlign="left" detail="true"></field>
		<field title="Max. marg." name="MAXMARGIN" type="float" filterOperator="equals"  editorType="TextItem" filterEditorType="SpinnerItem"  width="66" canEdit="true" align="left" cellAlign="left" detail="false"></field>
		<field title="Max. stdev." name="MAXMARSD" type="float" filterOperator="equals"  editorType="TextItem" filterEditorType="SpinnerItem"  width="66" canEdit="true" align="left" cellAlign="left" detail="false"></field>
		<field title="Max. cov." name="MAXMARCOV" type="float" filterOperator="equals"  editorType="TextItem" filterEditorType="SpinnerItem"  width="66" canEdit="true" align="left" cellAlign="left" detail="false"></field>
		<field title="Math. marg." name="MATHMAR" type="float" filterOperator="equals"  editorType="TextItem" filterEditorType="SpinnerItem"  width="66" canEdit="true" align="left" cellAlign="left" detail="false"></field>
		<field title="Math. stdev." name="MATHMARSD" type="float" filterOperator="equals"  editorType="TextItem" filterEditorType="SpinnerItem"  width="66" canEdit="true" align="left" cellAlign="left" detail="true"></field>
		<field title="Math. cov." name="MATHMARCOV" type="float" filterOperator="equals"  editorType="TextItem" filterEditorType="SpinnerItem"  width="66" canEdit="true" align="left" cellAlign="left" detail="false"></field>
		<field title="Min. marg." name="MINMAR" type="float" filterOperator="equals"  editorType="TextItem" filterEditorType="SpinnerItem"  width="66" canEdit="true" align="left" cellAlign="left" detail="false"></field>
		<field title="Min. stdev." name="MINMARSD" type="float" filterOperator="equals"  editorType="TextItem" filterEditorType="SpinnerItem"  width="66" canEdit="true" align="left" cellAlign="left" detail="true"></field>
		<field title="Min. cov." name="MINMARCOV" type="float" filterOperator="equals"  editorType="TextItem" filterEditorType="SpinnerItem"  width="66" canEdit="true" align="left" cellAlign="left" detail="false"></field>
		<field title="Ave. marg." name="AVEMAR" type="float" filterOperator="equals"  editorType="TextItem" filterEditorType="SpinnerItem"  width="66" canEdit="true" align="left" cellAlign="left" detail="true"></field>
		<field title="Ave. stdev." name="AVEMARSD" type="float" filterOperator="equals"  editorType="TextItem" filterEditorType="SpinnerItem"  width="66" canEdit="true" align="left" cellAlign="left" detail="true"></field>
		<field title="Ave. cov." name="AVEMARCOV" type="float" filterOperator="equals"  editorType="TextItem" filterEditorType="SpinnerItem"  width="66" canEdit="true" align="left" cellAlign="left" detail="true"></field>
		<field title="Curr. stdev." name="CURRMARSD" type="float" filterOperator="equals"  editorType="TextItem" filterEditorType="SpinnerItem"  width="66" canEdit="true" align="left" cellAlign="left" detail="true"></field>
		<field title="Curr. cov." name="CURRMARCOV" type="float" filterOperator="equals"  editorType="TextItem" filterEditorType="SpinnerItem"  canEdit="true" align="left" cellAlign="left" detail="false"></field>
	   <field title="Update date" name="UPDDATE" type="datetime" displayFormat="toEuropeanShortDateTime" width="100" editorType="TextItem" align="left" cellAlign="left" canEdit="false" detail="true"></field>
		<field title="Update type" name="UPDTYPE"  type="text" escapeHTML="true"      canEdit="false" length="1" width="100" align="left" cellAlign="left" detail="true">
           <valueMap>
				<value ID="C">Create</value>
				<value ID="U">Update</value>
			</valueMap>
		</field>
		<field title="Update user" name="UPDUSR" primaryKey="true"  length="30"  type="text" escapeHTML="true"      canEdit="false" width="100" align="left" cellAlign="left" detail="true"></field>
	</fields>
		<serverObject lookupStyle="new" className="it.ccg.pamp.server.dmi.UserDMI"/>
	<operationBindings>
	<operationBinding operationType="update" requiresRole="user"></operationBinding>
	<operationBinding operationType="delete" requiresRole="user"></operationBinding>
	<operationBinding operationType="add" requiresRole="user"></operationBinding>

  <operationBinding operationId="pmptsmstatsstdfetch" operationType="fetch"
      customValueFields="NDAYSDESC" customCriteriaFields="NDAYSDESC">  
       <customSQL>
				select pmptsmstat.*,p.ndaysdesc
                from pmptsmstat pmptsmstat inner join pmptper p on pmptsmstat.ndaysper=p.ndaysper
                where mathmar=(SELECT max(s1.mathmar)
                               from pmptsmstat s1
                               where pmptsmstat.instrid=s1.instrid
                               and pmptsmstat.nv=s1.nv AND (pmptsmstat.UPDUSR=$criteria.USER) AND ($defaultWhereClause)
                               group by s1.instrid,s1.nv
                               fetch first 1 row only)
              order by pmptsmstat.instrid,pmptsmstat.nv 
		  </customSQL>
      </operationBinding>  
  </operationBindings>  	    
	</DataSource>