<DataSource 
	  
	tableName="pmptsetpar"
	ID="pmptsetpar"
	dataSourceVersion="1"
	serverType="sql"
>
	<fields>
	    <field title="HP" name="NV" primaryKey="true" type="integer" filterOperator="equals" canEdit="false"  length="60"  width="100" align="left" cellAlign="left" detail="false"/>
  		<field title="Period (days)" name="NDAYSPER" primaryKey="true" type="integer" filterOperator="equals" canEdit="false" align="left" cellAlign="left" length="255"  width="100" detail="false"/> 
  		<field title="Period" customSQL="true" tableName="pmptper" name="NDAYSDESC"  type="text" escapeHTML="true"      canFilter="true" editorType="ComboBoxItem" width="100" align="left" cellAlign="left" detail="false" canEdit="false"></field>
  		<field title="Set ID" name="SETID" primaryKey="true" type="integer" filterOperator="equals" canEdit="false"  length="30"  width="100" align="left" cellAlign="left" detail="true"/>
  		<field title="Status" name="PSTATUS"  type="text" escapeHTML="true"      canEdit="true" length="1"  align="left" cellAlign="left" detail="false">
	        <valueMap>  
				<value ID="E">Enabled</value>
				<value ID="A">Analysis only</value>  
				<value ID="D">Disabled</value>    
 			</valueMap> 
   		</field>
  		
  	<field title="Update date" name="UPDDATE" type="datetime"  width="100" editorType="TextItem" align="left" cellAlign="left" canEdit="false" detail="true"></field>
		<field title="Update type" name="UPDTYPE"  type="text" escapeHTML="true"      canEdit="false" length="1" width="100" align="left" cellAlign="left" detail="true">
           <valueMap>
				<value ID="C">Create</value>
				<value ID="U">Update</value>
			</valueMap>
		</field>
		<field title="Update user" name="UPDUSR" length="30"  type="text" escapeHTML="true"      canEdit="false" width="100" align="left" cellAlign="left" detail="true"></field>
	</fields>
  	<serverObject lookupStyle="new" className="it.ccg.pamp.server.dmi.StandardDMI"/>
  		<operationBindings>
	<operationBinding operationType="update" requiresRole="user"></operationBinding>
	<operationBinding operationType="delete" requiresRole="user"></operationBinding>
	<operationBinding operationType="add" requiresRole="user"></operationBinding>
  
       <operationBinding operationType="fetch" 
       customValueFields="NDAYSDESC" 
        customCriteriaFields="NDAYSDESC"
       >  
       <selectClause>
          pmptsetpar.*, pmptper.NDAYSDESC AS NDAYSDESC
          </selectClause>
        <tableClause>pmptsetpar, pmptper</tableClause>  
          <whereClause><![CDATA[
           pmptsetpar.NDAYSPER = pmptper.NDAYSPER AND
          ($defaultWhereClause)
          ]]>  
          </whereClause>  
      </operationBinding>  
 </operationBindings>  	
</DataSource>
