<DataSource 
	  
	tableName="pmptperdf"
	ID="pmptperdf"
	dataSourceVersion="1"
	generatedBy="7.1-Evaluation/Enterprise Deployment 2009-08-23"
	serverType="sql"
>
	<fields>
	    <field title="Instr. type" name="INSTRTYPE" canEdit="false" primaryKey="true" editorType="SelectItem" length="30"  type="text" escapeHTML="true"      width="100" detail="false"></field>
		<field title="Period" customSQL="true" tableName="pmptper" name="NDAYSDESC"   type="text" escapeHTML="true"      editorType="ComboBoxItem" width="75" align="left" cellAlign="left" detail="false" canEdit="false"></field>
		<field title="Period(days)" name="NDAYSPER" type="integer" primaryKey="true" filterOperator="equals" editorType="ComboBoxItem" width="80" canEdit="false" align="left" cellAlign="left" detail="false"></field>
		<field title="Status" name="PSTATUS"  type="text" escapeHTML="true"      canEdit="true" length="1" align="left" cellAlign="left" detail="false">
		 <valueMap>  
				<value ID="E">Enabled</value>  
				<value ID="A">Analysis only</value>   
				<value ID="D">Disabled</value>  
 			</valueMap> 
		</field>
		<field title="Update date" name="UPDDATE" type="datetime"  width="100" editorType="TextItem" align="left" cellAlign="left" canEdit="false" detail="true"></field>
		<field title="Update type" name="UPDTYPE"  type="text" escapeHTML="true"      canEdit="false" length="1" width="100" align="left" cellAlign="left" detail="true">
           <valueMap>
				<value ID="C">Create</value>
				<value ID="U">Update</value>
			</valueMap>
		</field>
		<field title="Update user" name="UPDUSR" length="30"  type="text" escapeHTML="true"      canEdit="false" width="100" align="left" cellAlign="left" detail="true"></field>
	</fields>
	<serverObject lookupStyle="new" className="it.ccg.pamp.server.dmi.StandardDMI"/>
		<operationBindings>
	<operationBinding operationType="update" requiresRole="user"></operationBinding>
	<operationBinding operationType="delete" requiresRole="user"></operationBinding>
	<operationBinding operationType="add" requiresRole="user"></operationBinding>
  
      <operationBinding operationType="fetch" 
      customValueFields="NDAYSDESC" 
      customCriteriaFields="NDAYSDESC">  
       <selectClause>pmptperdf.*,pmptper.NDAYSDESC</selectClause>
       <tableClause>pmptperdf,pmptper as pmptper</tableClause>  
       <whereClause><![CDATA[pmptperdf.NDAYSPER=pmptper.NDAYSPER
       AND $defaultWhereClause]]></whereClause>  
    </operationBinding>        
 </operationBindings>  	
</DataSource>
