<DataSource 
	  
	tableName="pmptrptstp"
	ID="pmptrptstp"
	dataSourceVersion="1"
	serverType="sql"
>
	<fields>
		<field title="Division" name="DIVISCODE" type="text" length="1"  primaryKey="true" canEdit="false" align="left" cellAlign="left"  width="100%" detail="false">
		<valueMap>  
				<value ID="E">MTA/IDEM</value>
				<value ID="O">MTS</value> 
				<value ID="L">IDEX</value>
				<value ID="W">AGREX</value>
 			</valueMap>
 			</field> 
  		<field title="First Date" name="FIRSTDATE"  type="datetime" required="true"   displayFormat="toEuropeanShortDateTime" width="100"  align="left" cellAlign="left" canEdit="true" detail="false"></field> 
  		<field title="Last Date" name="LASTDATE"  type="datetime" required="true"  displayFormat="toEuropeanShortDateTime" width="100"  align="left" cellAlign="left" canEdit="true" detail="false"></field>
  		<field title="Section" name="RPTSECTION" length="1" type="text"   primaryKey="true" width="100" canEdit="false" align="left" cellAlign="left" detail="false">
	        <valueMap>  
				<value ID="B">Back Test</value>
				<value ID="S">Stress Test</value> 
 			</valueMap> 
 		</field>
 		<field title="Section" name="ISCHART" length="1" type="text"   primaryKey="true" width="100" canEdit="false" align="left" cellAlign="left" detail="false">
	        <valueMap>  
				<value ID="T">True</value>
				<value ID="F">False</value> 
 			</valueMap> 
 		</field>
   		<field title="Update date" name="UPDDATE" type="datetime" displayFormat="toEuropeanShortDateTime" width="100" editorType="TextItem" align="left" cellAlign="left" canEdit="false" detail="true"></field>
		<field title="Update type" name="UPDTYPE"  type="text" escapeHTML="true"      canEdit="false" length="1" width="100" align="left" cellAlign="left" detail="true">
           <valueMap>
				<value ID="C">Create</value>
				<value ID="U">Update</value>
			</valueMap>
		</field>
		<field title="Update user" name="UPDUSR" length="30"  type="text" escapeHTML="true"      canEdit="false" width="100" align="left" cellAlign="left" detail="true"></field>
    </fields>	
	 <serverObject lookupStyle="new" className="it.ccg.pamp.server.dmi.StandardDMI"/>  
	  <operationBindings>  	
	  	<operationBinding operationType="update" requiresRole="user"></operationBinding>
	  		<operationBinding operationType="delete" requiresRole="user"></operationBinding>
	  			<operationBinding operationType="add" requiresRole="user"></operationBinding>
	  			 </operationBindings>  	
</DataSource>
