<DataSource 
	  
	tableName="pmpvhisv"
	ID="pmpthispr_ix_hisview"
	dataSourceVersion="1"
	serverType="sql"
>
	<fields>
		<field title="Instrument ID" name="INSTRID" type="integer" filterOperator="equals"  width="100" editorType="TextItem" detail="true" align="left" cellAlign="left"></field>
		<field title="Date" name="PRICEDATE" type="date" customSelectExpression="CAST(PRICEDATE as DATE)"  width="100%" detail="false" align="left" cellAlign="left"></field>
		<field title="Value" name="CLOSEPR" type="float" filterOperator="equals"  width="100" detail="false" align="left" cellAlign="left"></field>
		<field title="Rett. value"  name="CLOSEPRRET" type="float" filterOperator="equals"  width="100" detail="false" align="left" cellAlign="left"></field>
		<field title="HP" name="NV" type="integer" filterOperator="equals" editorType="ComboBoxItem" width="100" detail="false" align="left" cellAlign="left"></field>
		<field title="Variation" name="VARIAT" type="float" filterOperator="equals"  width="100" detail="false" align="left" cellAlign="left"></field>
		<field title="ABS(Variation)" name="ABSVARIAT" type="float" filterOperator="equals"  width="100" detail="false" align="left" cellAlign="left"></field>
		<field title="Hist. volatility" name="HISTVOLA" type="float" filterOperator="equals"  width="100" detail="false" align="left" cellAlign="left"></field>
		<field title="Imp. vola." name="IMPVOLA" type="float" filterOperator="equals"  width="100" detail="false" align="left" cellAlign="left"></field>
		<field title="Margin"  name="MARGIN" type="float" filterOperator="equals"  width="100" detail="false" align="left" cellAlign="left"></field>
		<field title="K rett."  name="KCOEFF" type="float" filterOperator="equals"  width="100" detail="false" align="left" cellAlign="left"></field>
		<field title="Inv. K"  name="INVK" type="float" filterOperator="equals"  width="100" detail="false" align="left" cellAlign="left"></field>
		<field title="First date ex"  name="FRSTEXDATE" type="datetime"  width="100" detail="false" align="left" cellAlign="left"></field>
		<field title="Corp. Act. type"  name="CATYPE"  type="text" escapeHTML="true"       width="100" detail="false" align="left" cellAlign="left"></field>
	    <field title="Status" name="STATUS" length="1"  type="text" escapeHTML="true"      width="100" canEdit="true" detail="true">
			<valueMap>
				<value ID="E">Enabled</value>
				<value ID="A">Analysis only</value>
				<value ID="D">Disabled</value>
			</valueMap>
		</field>
	</fields>
	<operationBindings>
	<operationBinding operationType="update" requiresRole="user"></operationBinding>
	<operationBinding operationType="delete" requiresRole="user"></operationBinding>
	<operationBinding operationType="add" requiresRole="user"></operationBinding>
   </operationBindings>  	
</DataSource>
