<DataSource    
tableName="pmptinstr" 
	ID="pmptinstr_basket" 
dataSourceVersion="1" 
serverType="sql"> 
	<fields>
		<field title="Instrument ID" name="INSTRID" type="sequence" primaryKey="true" canEdit="false" canFilter="true" width="100" detail="true"></field>
		<field  title="Instrument name" name="INSTRNAME"  required="true" canFilter="true" length="255" editorType="TextItem" canEdit="true"  type="text" escapeHTML="true"      width="200" detail="false"></field>
		<field title="Ranking" name="BNDCLASSID" type="integer"  canEdit="false" width="100" editorType="ComboBoxItem" filterEditorType="SelectItem" detail="false" align="left" cellAlign="left"></field>
		<field title="Instr. code" name="CLASSCODE" required="true" length="30"  type="text" escapeHTML="true"      width="80" canEdit="true" detail="true"></field>
		<field title="ISIN code" name="ISINCODE" length="12"  type="text" escapeHTML="true"      required="true" width="150" canEdit="true" detail="false">
			<validators>
				<validator type="regex" expression="[A-Za-z]{2}[A-Za-z0-9]{10}" errorMessage="ISIN code not valid" />
			</validators>
		</field>
		<field title="Market" name="MARKETCODE" required="true" length="30"  type="text" escapeHTML="true"      width="70" editorType="ComboBoxItem"  filterEditorType="SelectItem" canEdit="false" detail="true">
		<validators>
			<validator type="hasRelatedRecord" relatedDataSource="pmptmarket" relatedField="MARKETCODE" errorMessage="Market not found in market table" />  
		</validators>
		</field>
		<field title="Currency" name="CURRENCY" required="true" length="10"  type="text" escapeHTML="true"      editorType="SelectItem" width="80" canEdit="true" detail="false">
			<valueMap>
				<value ID="LIT">ITL</value>	
				<value ID="USD">USD </value>	
				<value ID="EUR">EUR</value>	
				<value ID="GBP">GBP</value>	
				<value ID="NOK">NOK</value>	
				<value ID="SEK">SEK</value>	
				<value ID="CHF">CHF</value>	
				<value ID="DKK">DKK</value>	
				<value ID="CAD">CAD</value>	
				<value ID="JPY">JPY</value>	
				<value ID="ISK">ISK</value>	
				<value ID="CZK">CZK</value>	
				<value ID="HUF">HUF</value>	
				<value ID="RON">RON</value>	
				<value ID="ATS">ATS</value>	
				<value ID="TRY">TRY</value>
				<value ID="CNY">CNY</value> 
				<value ID="RSD">RSD</value> 
				<value ID="ZAR">ZAR</value>	
			</valueMap>
			<validators>
				<validator type="regex" expression="[A-Za-z]{3}" errorMessage="Not valid currency: write the 3 letters symbol of the currency (Ex. EUR, USD, GBP)." />
			</validators>
		</field>
		<field title="Instr. type" name="INSTRTYPE" required="true" canEdit="true" editorType="ComboBoxItem"  filterEditorType="SelectItem" length="30"  type="text" escapeHTML="true"      width="120" detail="false">
			<valueMap>
				<value ID="BA">Basket</value>	
				<value ID="BO">Basket Option</value>	
				<value ID="BF">Basket Future</value>		
			</valueMap>
			<validators>
				<validator type="hasRelatedRecord" relatedDataSource="pmpttyp" relatedField="INSTRTYPE" errorMessage="Instrument type not found in instrument type table" />  
			</validators>
		</field>
		<field title="Instr. sub-type" name="INSTRSTYPE" required="true"  type="text" escapeHTML="true"      editorType="ComboBoxItem"  filterEditorType="SelectItem" canEdit="true" length="30" width="120" detail="false">
			<valueMap>
				<value ID="BA">Basket</value>	
				<value ID="BO">Basket Option</value>	
				<value ID="BF">Basket Future</value>	
			</valueMap>
			<validators>
				<validator type="hasRelatedRecord" relatedDataSource="pmptsubtyp" relatedField="INSTRSTYPE" errorMessage="Instrument subtype not found in instrument subtype table" />  
			</validators>
		</field>	
	    <field title="Division" name="DIVISCODE" required="true" length="20" type="enum" width="100" canEdit="true" detail="true">
			<valueMap>
				<value ID="T">BASKET</value>
			</valueMap>
		</field>
		<field title="Note" name="NOTE" type="text"  escapeHTML="true" canEdit="true" length="5000" align="left" cellAlign="left" detail="false" ></field>
		<field title="Duration" name="DURATION" type="float" filterOperator="equals" editorType="TextItem" filterEditorType="SpinnerItem" width="64" canEdit="true" align="left" cellAlign="left" detail="false">
			<validators>
		        <validator type="isFloat" errorMessage="Must be a valid decimal" />  
		    </validators>
		</field>
		<field title="Multiplier" name="MULT" type="float" filterOperator="equals" editorType="TextItem" filterEditorType="SpinnerItem" width="75" canEdit="true" align="left" cellAlign="left" detail="false">
		<validators>
		        <validator type="isFloat" errorMessage="Must be a valid number" /> 
		</validators>         
		</field>
		<field title="Last price date" name="CCPLSTDATE" type="datetime" width="100" align="left" cellAlign="left" canEdit="false" detail="false"></field>
		<field title="Maturity date" name="EXPIRY" type="datetime" width="100" align="left" cellAlign="left" canEdit="false" detail="false"></field>
		<field title="Status" name="STATUS" length="1"  type="text" escapeHTML="true"      width="100" canEdit="true" detail="true">
			<valueMap>
				<value ID="E">Enabled</value>
				<value ID="D">Disabled</value>
			</valueMap>
		</field>
		<field title="Haircut" name="MARGINTH"  type="float" filterOperator="equals" canEdit="true"  editorType="TextItem" filterEditorType="SpinnerItem" width="75" align="left" cellAlign="left" detail="false">
			<validators>
				<validator type="floatRange" min="0" max="10" errorMessage="Insert a number between 0 and 10 (0.5 is 50%)" />
			</validators>
		</field>
		<field title="Eligible" name="ADDRCITY" length="255" type="text" escapeHTML="true"  width="100" canEdit="true" detail="false">
			<valueMap>
				<value ID="E">True</value>
				<value ID="I">False</value>
			</valueMap>
		</field>
		<field title="Rating literal" name="ADDRSTATE" length="255" type="text" escapeHTML="true"  width="100" canEdit="true" detail="false"></field>
		<field title="Rating" name="ADDRCOUNT" length="255" type="text" escapeHTML="true"  width="100" canEdit="true" detail="false"></field>
		<field title="Update date" name="UPDDATE" type="datetime" width="100" align="left" cellAlign="left" canEdit="false" detail="true"></field>
		<field title="Update type" name="UPDTYPE" type="text" escapeHTML="true"  canEdit="false" length="1" width="100" align="left" cellAlign="left" detail="true">
           <valueMap>
				<value ID="C">Create</value>
				<value ID="U">Update</value>
			</valueMap>
		</field>
		<field title="Update user" name="UPDUSR" length="30" type="text" escapeHTML="true"  canEdit="false" width="100" align="left" cellAlign="left" detail="true"></field> 
	</fields>
	
	<serverObject lookupStyle="new" className="it.ccg.pamp.server.dmi.StandardDMI"/>
	<operationBindings>
	<operationBinding operationType="update" requiresRole="user"></operationBinding>
	<operationBinding operationType="delete" requiresRole="user"></operationBinding>
	<operationBinding operationType="add" requiresRole="user"></operationBinding>

		<operationBinding operationType="fetch">  
       <whereClause><![CDATA[pmptinstr.DIVISCODE='T' AND ($defaultWhereClause)]]></whereClause>
		</operationBinding>
	<!-- <operationBinding operationId="pmptinstr_update_all_xcom" operationType="update" requiresRole="user">  
         <whereClause><![CDATA[diviscode='S']]></whereClause>  
    </operationBinding>     -->
      <!-- <operationBinding operationId="pmptinstr_mic_distinctduration" operationType="fetch">  
       <selectClause>distinct duration</selectClause>
			<whereClause><![CDATA[diviscode='M' and ($defaultWhereClause)]]></whereClause>
		</operationBinding> -->
	</operationBindings>
</DataSource>