<DataSource 
	  
	tableName="pmptmicstp"
	ID="pmptmicstp"
	dataSourceVersion="1"
	serverType="sql"
>
	<fields>
	<field title="Id" name="STPID" type="sequence" primaryKey="true" canEdit="false" canFilter="true" width="100" detail="true"></field>
	<field title="Instr. type" name="INSTRTYPE" required="true" canEdit="true" editorType="SelectItem" length="30"  type="text" escapeHTML="true"      width="100%" detail="false"></field>
	<field title="Multiplier" name="MULT" type="float" filterOperator="equals"  required="true" editorType="TextItem" filterEditorType="SpinnerItem" width="100" canEdit="true" align="left" cellAlign="left" detail="false"></field>
		<field title="Update date" name="UPDDATE" type="datetime" width="100" align="left" cellAlign="left" canEdit="false" detail="true"></field>
		<field title="Update type" name="UPDTYPE"  type="text" escapeHTML="true"      canEdit="false" length="1" width="100" align="left" cellAlign="left" detail="true">
           <valueMap>
				<value ID="C">Create</value>
				<value ID="U">Update</value>
			</valueMap>
		</field>
		<field title="Update user" name="UPDUSR" length="30"  type="text" escapeHTML="true"      canEdit="false" width="100" align="left" cellAlign="left" detail="true"></field>
		<field title="Duration" name="DURATION" type="float" required="true" filterOperator="equals" width="100" canEdit="true" align="left" cellAlign="left" detail="false"></field>
		<field title="Adj. coeff." name="ADJCOEFF" type="float" required="true" filterOperator="equals" width="100" canEdit="true" align="left" cellAlign="left" detail="false"></field>
		
	</fields>
   	<serverObject lookupStyle="new" className="it.ccg.pamp.server.dmi.StandardDMI"/>
   <operationBindings>
	<operationBinding operationType="update" requiresRole="user"></operationBinding>
	<operationBinding operationType="delete" requiresRole="user"></operationBinding>
	<operationBinding operationType="add" requiresRole="user"></operationBinding>
	</operationBindings>
</DataSource>