<DataSource testFileName="eqlistdelist.data.xml" 
   
tableName="pmptconf" 
ID="pmptconf" 
dataSourceVersion="1" 
generatedBy="7.1-Evaluation/Enterprise Deployment 2009-08-23" 
serverType="sql">
	<fields>
		<field title="Instrument ID" name="INSTRID" primaryKey="true" type="integer" filterOperator="equals" canEdit="false" editorType="ComboBoxItem" width="100" align="left" cellAlign="left" detail="false"></field>
		<field title="Period" customSQL="true" tableName="pmptper" name="NDAYSDESC"  type="text" escapeHTML="true"      canFilter="true" editorType="ComboBoxItem" width="100%" align="left" cellAlign="left" detail="false" canEdit="false"></field>
		<field title="Period (days)" name="NDAYSPER" primaryKey="true" canEdit="false" type="integer" filterOperator="equals" length="255" width="85" align="left" cellAlign="left" detail="false"></field>
		<field title="HP" name="NV" primaryKey="true" canEdit="false" type="integer" filterOperator="equals" length="30" width="50" align="left" cellAlign="left" detail="false"></field>
		<field title="Confidence" name="CONFIDENCE" required="true" type="float" filterOperator="equals" canEdit="true" width="80" align="left" cellAlign="left" detail="false">
			<validators>
				<validator type="floatRange" min="0" max="1" errorMessage="Must be between 0 and 1. Ex. 99.5% is 0.995"/>
			</validators>
		</field>
		<field title="Def. confidence" customSQL="true" tableName="pmpvconfdf" name="DEFCONFID" type="float" filterOperator="equals" canFilter="true" width="90" align="left" cellAlign="left" detail="false" canEdit="false"></field>
		<field title="Def. status" customSQL="true" tableName="pmpvconfdf" editorType="ComboBoxItem" name="DEFSTATUS"  type="text" escapeHTML="true"      canFilter="true" width="90" align="left" cellAlign="left" detail="false" canEdit="false">
		<valueMap>
				<value ID="E">Enabled</value>
				<value ID="A">Analysis only</value>
				<value ID="D">Disabled</value>
			</valueMap>
		</field>	
		<field title="Default enable" name="DEFCONF"  type="text" escapeHTML="true"      canEdit="true" length="1" width="90" align="left" cellAlign="left" detail="false">
			<valueMap>
				<value ID="T">Default</value>
				<value ID="F">Customized</value>
			</valueMap>
		</field>
		<field title="Status" name="STATUS" length="1"  type="text" escapeHTML="true"      canEdit="true" editorType="ComboBoxItem" width="80" align="left" cellAlign="left" detail="false">
			<valueMap>
				<value ID="E">Enabled</value>
				<value ID="A">Analysis only</value>
				<value ID="D">Disabled</value>
			</valueMap>
		</field>
		<field title="Update date" name="UPDDATE" type="datetime" width="100" editorType="TextItem" align="left" cellAlign="left" canEdit="false" detail="true"></field>
		<field title="Update type" name="UPDTYPE"  type="text" escapeHTML="true"      canEdit="false" length="1" width="100" align="left" cellAlign="left" detail="true">
           <valueMap>
				<value ID="C">Create</value>
				<value ID="U">Update</value>
			</valueMap>
		</field>
		<field title="Update user" name="UPDUSR" length="30"  type="text" escapeHTML="true"      canEdit="false" width="100" align="left" cellAlign="left" detail="true"></field>
	</fields>
	 <serverObject lookupStyle="new" className="it.ccg.pamp.server.dmi.StandardDMI"/>
	<operationBindings>
	<operationBinding operationType="update" requiresRole="user"></operationBinding>
	<operationBinding operationType="delete" requiresRole="user"></operationBinding>
	<operationBinding operationType="add" requiresRole="user"></operationBinding>

		<operationBinding operationType="fetch"
		customValueFields="DEFCONFID,NDAYSDESC,DEFSTATUS" 
        customCriteriaFields="DEFCONFID,NDAYSDESC,DEFSTATUS">
		<selectClause>pmpvconfdf.DEFCONFID AS DEFCONFID, pmptper.NDAYSDESC AS NDAYSDESC, pmpvconfdf.DEFSTATUS AS DEFSTATUS, pmptconf.*</selectClause>
       <tableClause>pmpvconfdf, pmptconf ,pmptper</tableClause>  
       <whereClause><![CDATA[pmptconf.INSTRID = pmpvconfdf.INSTRID
              AND pmptconf.NDAYSPER = pmpvconfdf.NDAYSPER AND pmptconf.NDAYSPER = pmptper.NDAYSPER
              AND pmptconf.NV = pmpvconfdf.NV AND ($defaultWhereClause)]]></whereClause>  
    </operationBinding>
	</operationBindings>
</DataSource>