<DataSource 
	  
	tableName="pmptsthisp"
	ID="pmptsthisp_bo"
	dataSourceVersion="1"
	serverType="sql"
>
	<fields>
		<field title="Instrument name" customSQL="true" tableName="pmptinstr" name="INSTRNAME"  type="text" escapeHTML="true"        width="100%" editorType="ComboBoxItem" align="left" cellAlign="left" detail="false" canEdit="false"></field>
	    <field title="Instrument ID" name="INSTRID" type="integer" filterOperator="equals" primaryKey="true" canEdit="false" width="100"  align="left" cellAlign="left" detail="true"></field>
		 <field title="Stress test ID" name="STID" type="integer" filterOperator="equals" primaryKey="true" canEdit="false" width="100" align="left" cellAlign="left" detail="false"></field>
	   <field title="Scenario" name="SCENARIO"  type="text" escapeHTML="true"      length="1" primaryKey="true" canEdit="false" width="80" filterEditorType="SelectItem" align="left" cellAlign="left" detail="false">
	     <valueMap>
				<value ID="I">Increase</value>
				<value ID="D">Decrease</value>
				<value ID="H">Parallel Inc.</value>
				<value ID="L">Parallel Dec.</value>
				<value ID="S">Steepening</value>
				<value ID="F">Flattening</value>
			</valueMap>
	    </field>
		<field title="Stressed date" name="PRICEDATE" type="datetime" primaryKey="true"   width="100" canEdit="false" align="left" cellAlign="left" detail="false"></field>
		<field title="Period" name="NDAYSPER" type="integer" filterOperator="equals" filterEditorType="SelectItem" canEdit="false" width="60" editorType="TextItem" align="left" cellAlign="left" detail="false"></field>
		<field title="Price" name="CLOSEPR" type="float" filterOperator="equals"  canEdit="false" align="left" width="70"  editorType="TextItem" filterEditorType="SpinnerItem"  cellAlign="left" detail="false"></field>
		<field title="Stressed price" name="CLOSEPRST" type="float" filterOperator="equals"  canEdit="false" width="80" align="left"  editorType="TextItem" filterEditorType="SpinnerItem"  cellAlign="left" detail="false"></field>
	    <field title="Status" name="STATUS" length="1"  type="text" escapeHTML="true"      width="50" align="left" canEdit="false" cellAlign="left" detail="false">
	        <valueMap>  
				<value ID="E">Enabled</value>  
				<value ID="D">Disabled</value>  
 			</valueMap> 
   		</field>
   		 <field title="Sent" name="SENT" length="1"  type="text" escapeHTML="true"      width="55" align="left" canEdit="false" cellAlign="left" detail="false">
	        <valueMap>  
				<value ID="T">Sent</value>  
				<value ID="F">Not sent</value>  
 			</valueMap> 
   		</field>
   		<field title="Log" name="LOG"   type="text" escapeHTML="true"      width="150" length="1000" align="left" cellAlign="left" canEdit="false" detail="true"></field>
		<field title="Update date" name="UPDDATE" type="datetime"  width="100" editorType="TextItem" align="left" cellAlign="left" canEdit="false" detail="true"></field>
		<field title="Update type" name="UPDTYPE"  type="text" escapeHTML="true"      canEdit="false" length="1" width="100" align="left" cellAlign="left" detail="true">
           <valueMap>
				<value ID="C">Create</value>
				<value ID="U">Update</value>
			</valueMap>
		</field>
		<field title="Update user" name="UPDUSR" length="30"  type="text" escapeHTML="true"      canEdit="false" width="100" align="left" cellAlign="left" detail="true"></field>
      	
      	<field title="Return" name="RETURN" type="float" filterOperator="equals"  canEdit="false" align="left" width="70"  editorType="TextItem" filterEditorType="SpinnerItem"  cellAlign="left" detail="true"></field>
      	<field title="Str. Ret." name="RETURNST" type="float" filterOperator="equals"  canEdit="false" align="left" width="70"  editorType="TextItem" filterEditorType="SpinnerItem"  cellAlign="left" detail="true"></field>
      	<field title="Risk free rate" name="RISKFREE" type="float" filterOperator="equals"  canEdit="false" align="left" width="70"  editorType="TextItem" filterEditorType="SpinnerItem"  cellAlign="left" detail="true"></field>
	</fields>
  <serverObject lookupStyle="new" className="it.ccg.pamp.server.dmi.StandardDMI"/>
  <operationBindings>
	<operationBinding operationType="update" requiresRole="user"></operationBinding>
	<operationBinding operationType="delete" requiresRole="user"></operationBinding>
	<operationBinding operationType="add" requiresRole="user"></operationBinding>
  
 
      <operationBinding operationId="pmptsthisp_fetch_obond" operationType="fetch" 
      customValueFields="INSTRNAME" 
      customCriteriaFields="INSTRNAME">  
       <selectClause>pmptsthisp.*,pmptinstr.INSTRNAME</selectClause>
       <tableClause>pmptsthisp, pmptinstr</tableClause>  
       <whereClause><![CDATA[(DIVISCODE = 'I' OR DIVISCODE = 'O')  AND pmptsthisp.INSTRID = pmptinstr.INSTRID
       AND $defaultWhereClause]]></whereClause>  
    </operationBinding>     
    <operationBinding operationId="pmptsthisp_fetch_bo" operationType="fetch" 
      customValueFields="INSTRNAME" 
      customCriteriaFields="INSTRNAME">  
       <selectClause>pmptsthisp.*,pmptinstr.INSTRNAME</selectClause>
       <tableClause>pmptsthisp, pmptinstr</tableClause>  
       <whereClause><![CDATA[pmptinstr.DIVISCODE = 'B' AND pmptsthisp.INSTRID = pmptinstr.INSTRID
       AND $defaultWhereClause]]></whereClause>  
    </operationBinding>          
         
</operationBindings>  	
</DataSource>
