 <DataSource 
	  
	tableName="pmptbtstat"
	ID="pmptbtstat"
	dataSourceVersion="1"
	serverType="sql"
>
	<fields> 
	<field title="Back Test ID" name="BTID" type="integer" filterOperator="equals" primaryKey="true" width="100"  canEdit="false" align="left" cellAlign="left" detail="true"></field>
	<field title="Class" name="CLASSID" type="integer" filterOperator="equals"  width="100%"  canEdit="false" align="left" cellAlign="left" detail="false"></field>
	    <field title="Status" name="STATUS" length="1" type="enum" width="80" canEdit="false" align="left" cellAlign="left" detail="false">
	        <valueMap>  
				<value ID="E">Enabled</value>  
				<value ID="D">Disabled</value> 
 			</valueMap> 
   		 </field>
   		 <field title="Period" name="NDAYSPER" type="integer" filterOperator="equals" width="80"  canEdit="false" align="left" cellAlign="left" detail="true"></field>
   		 <field title="Working breaches" name="WRKBRCH" type="integer" filterOperator="equals"  editorType="TextItem" filterEditorType="SpinnerItem"  width="100" canEdit="false" align="left" cellAlign="left" detail="false"></field>
		<field title="Working cov." name="WRKCOV" type="float" filterOperator="equals"  editorType="TextItem" filterEditorType="SpinnerItem"  width="100" canEdit="false" align="left" cellAlign="left" detail="false"></field>
		<field title="On date breaches" name="ONDATEBRCH" type="integer" filterOperator="equals"  editorType="TextItem" filterEditorType="SpinnerItem"  width="100" canEdit="false" align="left" cellAlign="left" detail="false"></field>
		<field title="On date cov." name="ONDATECOV" type="float" filterOperator="equals"  editorType="TextItem" filterEditorType="SpinnerItem"  width="100" canEdit="false" align="left" cellAlign="left" detail="false"></field>
		<field title="Hist.upd.day" name="HISTUPDDAY" type="datetime"    width="100" canEdit="false" align="left" cellAlign="left" detail="false"></field>
		<field title="Log" name="LOG" length="1000"  type="text" escapeHTML="true"      canEdit="false" width="100" align="left" cellAlign="left" detail="true"></field>
	    <field title="Division" name="DIVISCODE" length="30"  type="text" escapeHTML="true"      width="100" align="left" cellAlign="left" detail="true">
	        <valueMap>
	             <value ID="I">Infl.bond</value>
				 <value ID="O">Bond</value> 
				 <value ID="B">I.R. Nodes</value>
			     <value ID="M">New Mic</value>
			</valueMap>
	    </field>
	    <field title="Update date" name="UPDDATE" type="datetime"  width="100" editorType="TextItem" align="left" cellAlign="left" canEdit="false" detail="true"></field>
		<field title="Update type" name="UPDTYPE"  type="text" escapeHTML="true"      canEdit="false" length="1" width="100" align="left" cellAlign="left" detail="true">
           <valueMap>
				<value ID="C">Create</value>
				<value ID="U">Update</value>
			</valueMap>
		</field>
		<field title="Update user" name="UPDUSR" length="30"  type="text" escapeHTML="true"      canEdit="false" width="100" align="left" cellAlign="left" detail="true"></field>
	   
	</fields>
  	<serverObject lookupStyle="new" className="it.ccg.pamp.server.dmi.StandardDMI"/>
  	<operationBindings>
	   <operationBinding operationType="update" requiresRole="user"></operationBinding>
	   <operationBinding operationType="delete" requiresRole="user"></operationBinding>
	   <operationBinding operationType="add" requiresRole="user"></operationBinding>
	</operationBindings>  	
  
</DataSource>