<DataSource    
tableName="pmptinstr" 
	ID="pmptinstr_ed_maxssdf" 
dataSourceVersion="1" 
serverType="sql">
	<fields>
		<field title="Instrument ID" name="INSTRID" type="integer" canEdit="false" canFilter="true" width="100" detail="true"></field>
		<field title="Instr. code" name="CLASSCODE" required="true" length="30"  type="text" escapeHTML="true"      width="70" canEdit="true" detail="false"></field>
		 <field title="Underlying" name="MAXSDFEXP" type="integer" filterOperator="equals" editorType="ComboBoxItem" filterEditorType="SelectItem" width="180"  canEdit="false" align="left" cellAlign="left" detail="false"></field>
	</fields>
 <serverObject lookupStyle="new" className="it.ccg.pamp.server.dmi.StandardDMI"/>
	<operationBindings>
	<operationBinding operationType="update" requiresRole="user"></operationBinding>
	<operationBinding operationType="delete" requiresRole="user"></operationBinding>
	<operationBinding operationType="add" requiresRole="user"></operationBinding>

	<operationBinding operationType="fetch"
		customValueFields="MAXSDFEXP" customCriteriaFields="MAXSDFEXP">
	<customSQL>
		SELECT PMPTINSTR.CLASSCODE,PMPTINSTR.DEFHISTSER AS MAXSDFEXP,PMPTINSTR.INSTRID
		FROM PMPTINSTR  AS PMPTINSTR
		WHERE PMPTINSTR.INSTRTYPE='FE'
		AND NOT EXISTS (SELECT I1.INSTRID
		FROM PMPTINSTR I1
		WHERE I1.INSTRTYPE=PMPTINSTR.INSTRTYPE AND PMPTINSTR.CLASSCODE=I1.CLASSCODE AND
		I1.DEFHISTSER>PMPTINSTR.DEFHISTSER)
		AND ($defaultWhereClause)
	</customSQL>
	</operationBinding> 	
	</operationBindings>
</DataSource>