<DataSource 
	  
	tableName="pmptsmunc"
	ID="pmptsmunc"
	dataSourceVersion="1"
	generatedBy="7.1-Evaluation/Enterprise Deployment 2009-08-23"
	serverType="sql"
>
	<fields>
		<field title="Uncovered events" name="UNCEV" type="integer" filterOperator="equals" primaryKey="true" canEdit="false"  width="120" align="left" cellAlign="left" detail="true"></field>
	  <field title="Update date" name="UPDDATE" type="datetime" displayFormat="toEuropeanShortDateTime" width="100" editorType="TextItem" align="left" cellAlign="left" canEdit="false" detail="true"></field>
		<field title="Update type" name="UPDTYPE"  type="text" escapeHTML="true"      canEdit="false" length="1" width="100" align="left" cellAlign="left" detail="true">
           <valueMap>
				<value ID="C">Create</value>
				<value ID="U">Update</value>
			</valueMap>
		</field>
		<field title="Update user" name="UPDUSR" length="30"  type="text" escapeHTML="true"      canEdit="false" width="100" align="left" cellAlign="left" detail="true"></field>
</fields>	
<serverObject lookupStyle="new" className="it.ccg.pamp.server.dmi.UserDMI"/>
	 <operationBindings>
	<operationBinding operationType="update" requiresRole="user"></operationBinding>
	<operationBinding operationType="delete" requiresRole="user"></operationBinding>
	<operationBinding operationType="add" requiresRole="user"></operationBinding>
    
	 <operationBinding operationId="pmptsmconffetch" operationType="fetch">  
          <whereClause><![CDATA[(UPDUSR=$criteria.USER) AND ($defaultWhereClause)]]></whereClause>  
      </operationBinding>  
</operationBindings>  
</DataSource>