<!-- Auto-generated from database table STATISTICS -->

<DataSource 
	  
	tableName="pmptndmar"
	ID="pmptndmar_comp"
	dataSourceVersion="1"
	serverType="sql">
	
	<fields>
	<field title="Instrument ID" name="INSTRID" primaryKey="true" type="integer" filterOperator="equals" editorType="TextItem" width="80" canEdit="false" align="left" cellAlign="left" detail="true"></field>
	<field title="I.R. Curve Name" customSQL="true" tableName="pmptinstr" name="LISTNAME" length="255"  type="text" escapeHTML="true"      width="100" canEdit="false" detail="false"></field>
	<field title="Instrument name" customSQL="true" tableName="pmptinstr" name="INSTRNAME"  type="text" escapeHTML="true"      editorType="ComboBoxItem"  filterEditorType="SelectItem" length="255" align="left" cellAlign="left" detail="false" canEdit="false"></field>
	<field title="Interpolated" name="INTERP" customSQL="true" tableName="pmptinstr" length="1" type="enum" width="100" canEdit="false" detail="false">
			<valueMap>
				<value ID="T">True</value>
				<value ID="F">False</value>
			</valueMap>
		</field>
	<field title="Ref. Agrex Instrument" name="CLASSID" type="integer" filterOperator="equals" editorType="ComboBoxItem"  filterEditorType="SelectItem" width="80" canEdit="false" align="left" cellAlign="left" detail="false"></field>
	<field title="HP" name="NV" type="integer" filterOperator="equals" editorType="ComboBoxItem" width="50" canEdit="false" align="left" cellAlign="left" detail="false"></field>
	<field title="Period" name="NDAYSPER" type="integer" filterOperator="equals" editorType="ComboBoxItem" width="80" canEdit="false" align="left" cellAlign="left" detail="false"></field>
	<field title="Period" customSQL="true" tableName="pmptper" name="NDAYSDESC"  type="text" escapeHTML="true"      editorType="ComboBoxItem" width="75" align="left" cellAlign="left" detail="false" canEdit="false"></field>
	<field title="Status" name="STATUS" length="1"  type="text" escapeHTML="true"      width="70" detail="false">
	        <valueMap>  
				<value ID="E">Enabled</value>  
				<value ID="A">Analysis only</value>   
				<value ID="D">Disabled</value>
 			</valueMap> 
   		</field>   		
   	<field title="Mode" name="MODE" type="integer" filterOperator="equals" primaryKey="true" editorType="ComboBoxItem" width="100" canEdit="false" align="left" cellAlign="left" detail="true">
		 <valueMap>  
				<value ID="1">Last computation</value>
				<value ID="2">Last analysis</value> 
		</valueMap> 
	</field>
	<field title="Margin" name="PRICEMARGIN" type="float" filterOperator="equals"  editorType="TextItem" filterEditorType="SpinnerItem"  width="66" canEdit="true" align="left" cellAlign="left" detail="false"></field>
	<field title="Margin (yield)" name="MARGIN" type="float" filterOperator="equals"  editorType="TextItem" filterEditorType="SpinnerItem"  width="75" canEdit="true" align="left" cellAlign="left" detail="false"></field>
	<field title="Mod. durat." customSQL="true" tableName="pmptmoddur" name="MODDUR" type="float" filterOperator="equals"  editorType="TextItem" filterEditorType="SpinnerItem"  width="66" canEdit="false" align="left" cellAlign="left" detail="true"></field>
	<field title="Cover" name="COVER" type="float" filterOperator="equals"  editorType="TextItem" filterEditorType="SpinnerItem"  width="66" canEdit="true" align="left" cellAlign="left" detail="false"></field>
	<field title="First date" name="FRSTHISTD" type="datetime"  width="150" editorType="TextItem" align="left" cellAlign="left" canEdit="false" detail="false"></field>
	<field title="Last date" name="LASTHISTD" type="datetime"  width="150" editorType="TextItem" align="left" cellAlign="left" canEdit="false" detail="false"></field>		
    <field title="Update date" name="UPDDATE" type="datetime"  width="100" editorType="TextItem" align="left" cellAlign="left" canEdit="false" detail="true"></field>
	<field title="Update type" name="UPDTYPE"  type="text" escapeHTML="true"      canEdit="false" length="1" width="100" align="left" cellAlign="left" detail="true">
           <valueMap>
				<value ID="C">Create</value>
				<value ID="U">Update</value>
			</valueMap>
	</field>
	<field title="Update user" name="UPDUSR" length="30"  type="text" escapeHTML="true"      canEdit="true" width="100" align="left" cellAlign="left" detail="true"></field>
	<field title="Buffer activated" name="ACTBUF"  type="text" escapeHTML="true"  required="true"  canEdit="false" length="1" width="100" align="left" cellAlign="left" detail="true">
           <valueMap>
				<value ID="T">True</value>
				<value ID="F">False</value>
			</valueMap>
	</field>
	<field title="Margin buffer" name="MARBUF" type="float" filterOperator="equals"  editorType="TextItem" filterEditorType="SpinnerItem"  width="100" canEdit="false" align="left" cellAlign="left" detail="true"></field>
	<field title="Not buffered margin" name="NOTBUFMAR" type="float" filterOperator="equals"  editorType="TextItem" filterEditorType="SpinnerItem"  width="120" canEdit="false" align="left" cellAlign="left" detail="true"></field>
	
</fields>	    
<serverObject lookupStyle="new" className="it.ccg.pamp.server.dmi.StandardDMI"/>
<operationBindings>
	<operationBinding operationType="update" requiresRole="user"></operationBinding>
	<operationBinding operationType="delete" requiresRole="user"></operationBinding>
	<operationBinding operationType="add" requiresRole="user"></operationBinding>
  
         <operationBinding operationId="pmptndmar_fetch_bond" operationType="fetch" 
       customValueFields="INSTRNAME,MODDUR,PRICEMARGIN,LISTNAME,INTERP" 
        customCriteriaFields="INSTRNAME,MODDUR,PRICEMARGIN,LISTNAME,INTERP">  
       <selectClause>
          pmptndmar.*,(pmptndmar.MARGIN*pmptmoddur.MODDUR) AS PRICEMARGIN, pmptmoddur.MODDUR AS MODDUR, 
          pmptinstr.INSTRNAME AS INSTRNAME,pmptinstr.LISTNAME as LISTNAME,pmptinstr.INTERP as INTERP
          </selectClause>
        <tableClause>pmptndmar, pmptinstr, pmptmoddur</tableClause>  
          <whereClause><![CDATA[
           pmptndmar.INSTRID=pmptinstr.INSTRID AND
           pmptmoddur.INSTRID=pmptinstr.INSTRID AND
           pmptinstr.DIVISCODE='B' AND
           ($defaultWhereClause)
          ]]>  
          </whereClause>  
      </operationBinding> 
       <operationBinding operationId="pmptndmar_fetch_hc" operationType="fetch" 
       customValueFields="NDAYSDESC,INSTRNAME,MODDUR,PRICEMARGIN,LISTNAME,INTERP" 
        customCriteriaFields="NDAYSDESC,INSTRNAME,MODDUR,PRICEMARGIN,LISTNAME,INTERP">  
       <selectClause>
          pmptndmar.*, pmptper.NDAYSDESC AS NDAYSDESC,  (pmptndmar.MARGIN*pmptmoddur.MODDUR) AS PRICEMARGIN,  pmptmoddur.MODDUR AS MODDUR, 
          pmptinstr.INSTRNAME AS INSTRNAME,pmptinstr.LISTNAME as LISTNAME,pmptinstr.INTERP as INTERP
          </selectClause>
        <tableClause>pmptndmar, pmptper, pmptinstr, pmptmoddur</tableClause>  
          <whereClause><![CDATA[
           pmptndmar.INSTRID=pmptinstr.INSTRID AND
           pmptmoddur.INSTRID=pmptinstr.INSTRID AND
           pmptndmar.NDAYSPER = pmptper.NDAYSPER AND
           pmptinstr.DIVISCODE='H' AND
           ($defaultWhereClause)
          ]]>  
          </whereClause>  
      </operationBinding>
       
      <operationBinding operationId="pmptndmar_fetch_comp" operationType="fetch" 
       customValueFields="NDAYSDESC,INSTRNAME" 
        customCriteriaFields="NDAYSDESC,INSTRNAME"
       >  
       <selectClause>
          pmptndmar.*,pmptper.NDAYSDESC AS NDAYSDESC, pmptinstr.INSTRNAME AS INSTRNAME
          </selectClause>
        <tableClause>pmptndmar, pmptper, pmptinstr</tableClause>  
          <whereClause><![CDATA[
           pmptndmar.INSTRID=pmptinstr.INSTRID AND
           pmptndmar.NDAYSPER = pmptper.NDAYSPER AND
           pmptinstr.DIVISCODE='W' AND
           ($defaultWhereClause)
          ]]>  
          </whereClause>  
      </operationBinding>
      
       <operationBinding operationId="pmptndmar_fetch_ibond" operationType="fetch" 
       customValueFields="NDAYSDESC,INSTRNAME,PRICEMARGIN" 
        customCriteriaFields="NDAYSDESC,INSTRNAME,PRICEMARGIN"
       >  
       <selectClause>
          pmptndmar.*,pmptper.NDAYSDESC AS NDAYSDESC, pmptinstr.INSTRNAME AS INSTRNAME
          </selectClause>
        <tableClause>pmptndmar, pmptper, pmptinstr</tableClause>  
          <whereClause><![CDATA[
           pmptndmar.INSTRID=pmptinstr.INSTRID AND
           pmptndmar.NDAYSPER = pmptper.NDAYSPER AND
           pmptinstr.DIVISCODE='I' AND
           ($defaultWhereClause)
          ]]>  
          </whereClause>  
      </operationBinding> 
       <operationBinding operationId="pmptndmar_fetch_bond_clmar" operationType="fetch" 
       customValueFields="INSTRNAME,MODDUR,PRICEMARGIN,LISTNAME,INTERP" 
        customCriteriaFields="INSTRNAME,MODDUR,PRICEMARGIN,LISTNAME,INTERP">  
       <selectClause>
          pmptndmar.*,(pmptndmar.MARGIN*pmptmoddur.MODDUR) AS PRICEMARGIN, pmptmoddur.MODDUR AS MODDUR, 
          pmptinstr.INSTRNAME AS INSTRNAME,pmptinstr.LISTNAME as LISTNAME,pmptinstr.INTERP as INTERP
          </selectClause>
        <tableClause>pmptndmar, pmptinstr, pmptmoddur</tableClause>  
          <whereClause><![CDATA[
           pmptndmar.INSTRID=pmptinstr.INSTRID AND
           pmptmoddur.INSTRID=pmptinstr.INSTRID AND
           pmptinstr.DIVISCODE='B' AND
           ($defaultWhereClause)
          ]]>  
          </whereClause>  
      </operationBinding> 
      <operationBinding operationId="pmptndmar_fetch_hc_clmar" operationType="fetch" 
       customValueFields="NDAYSDESC,INSTRNAME,MODDUR,PRICEMARGIN,LISTNAME,INTERP" 
        customCriteriaFields="NDAYSDESC,INSTRNAME,MODDUR,PRICEMARGIN,LISTNAME,INTERP">  
       <selectClause>
          pmptndmar.*,(pmptndmar.MARGIN*pmptmoddur.MODDUR) AS PRICEMARGIN, pmptper.NDAYSDESC AS NDAYSDESC, pmptmoddur.MODDUR AS MODDUR, 
          pmptinstr.INSTRNAME AS INSTRNAME,pmptinstr.LISTNAME as LISTNAME,pmptinstr.INTERP as INTERP
          </selectClause>
        <tableClause>pmptndmar, pmptper, pmptinstr, pmptmoddur</tableClause>  
          <whereClause><![CDATA[
           pmptndmar.INSTRID=pmptinstr.INSTRID AND
           pmptmoddur.INSTRID=pmptinstr.INSTRID AND
           pmptndmar.NDAYSPER = pmptper.NDAYSPER AND
           pmptinstr.DIVISCODE='H' AND
           ($defaultWhereClause)
          ]]>  
          </whereClause>  
      </operationBinding> 
       <operationBinding operationId="pmptndmar_fetch_hc_clmaroekb" operationType="fetch" 
       customValueFields="INSTRNAME,LISTNAME,INTERP" 
        customCriteriaFields="INSTRNAME,LISTNAME,INTERP">  
       <selectClause>
          pmptndmar.*, 
          pmptinstr.INSTRNAME AS INSTRNAME,pmptinstr.LISTNAME as LISTNAME,pmptinstr.INTERP as INTERP
          </selectClause>
        <tableClause>pmptndmar,  pmptinstr</tableClause>  
          <whereClause><![CDATA[
           pmptndmar.INSTRID=pmptinstr.INSTRID AND
           pmptinstr.DIVISCODE='H' AND
           ($defaultWhereClause)
          ]]>  
          </whereClause>  
      </operationBinding> 
      <operationBinding operationId="pmptndmar_fetch_hcoekb" operationType="fetch" 
       customValueFields="INSTRNAME,LISTNAME,INTERP" 
        customCriteriaFields="INSTRNAME,LISTNAME,INTERP">  
       <selectClause>
          pmptndmar.*,  
          pmptinstr.INSTRNAME AS INSTRNAME,pmptinstr.LISTNAME as LISTNAME,pmptinstr.INTERP as INTERP
          </selectClause>
        <tableClause>pmptndmar, pmptinstr</tableClause>  
          <whereClause><![CDATA[
           pmptndmar.INSTRID=pmptinstr.INSTRID AND
           pmptinstr.DIVISCODE='H' AND
           ($defaultWhereClause)
          ]]>  
          </whereClause>  
      </operationBinding> 
  </operationBindings>   	    
</DataSource>