<DataSource 
	  
	tableName="pmptxcompr"
	ID="pmptxcompr"
	dataSourceVersion="1"
	serverType="sql"
>
	<fields>
		<field title="Instrument ID" name="INSTRID" type="integer" filterOperator="equals" primaryKey="true" canEdit="false" width="100" editorType="TextItem" align="left" cellAlign="left" detail="true"></field>
		<field title="Price date" name="PRICEDATE" type="date" customSelectExpression="CAST(PRICEDATE as DATE)" required="true"  customUpdateExpression="$values.PRICEDATE" primaryKey="true" width="100" canEdit="true" align="left" cellAlign="left" detail="false"></field>
		<field title="Price type" name="PRICETYPE" type="text" filterOperator="equals" canEdit="false" width="100" editorType="TextItem" align="left" cellAlign="left" detail="false"></field>
		<field title="Instrument name" customSQL="true" tableName="pmptinstr" name="INSTRNAME"  type="text" escapeHTML="true"      canFilter="true" width="100" align="left" cellAlign="left" detail="false" canEdit="false"></field>
		<field title="ISIN code" customSQL="true" tableName="pmptinstr" name="ISINCODE"  type="text" escapeHTML="true"      canFilter="true" width="100" align="left" cellAlign="left" detail="false" canEdit="false"></field>
		<field title="Price" name="PRICE" type="float" filterOperator="equals"  canEdit="true" required="true" align="left" cellAlign="left" detail="false">
			<validators>
					<validator type="floatRange" min="0" errorMessage="Please enter a positive value"/>
	        </validators>
	    </field>
	    <field title="Status" name="STATUS" length="1"  type="text" escapeHTML="true"      width="50" align="left" canEdit="true" cellAlign="left" detail="false">
	        <valueMap>  
				<value ID="E">Enabled</value>  
				<value ID="D">Disabled</value>  
 			</valueMap> 
   		</field>
   		<field title="Duration" name="DURATION" type="float" filterOperator="equals" editorType="TextItem" filterEditorType="SpinnerItem" width="64" canEdit="true" align="left" cellAlign="left" detail="false">
			<validators>
		        <validator type="isFloat" errorMessage="Must be a valid decimal" />  
		    </validators>
		</field>
		<field title="Haircut" name="HAIRCUT"  type="float" filterOperator="equals" canEdit="true"  editorType="TextItem" filterEditorType="SpinnerItem" width="75" align="left" cellAlign="left" detail="false">
			<validators>
				<validator type="floatRange" min="0" max="10" errorMessage="Insert a number between 0 and 10 (0.5 is 50%)" />
			</validators>
		</field>
		<field title="Haircut Orig." name="NETHCT"  type="float" filterOperator="equals" canEdit="true"  editorType="TextItem" filterEditorType="SpinnerItem" width="75" align="left" cellAlign="left" detail="false">
			<validators>
				<validator type="floatRange" min="0" max="10" errorMessage="Insert a number between 0 and 10 (0.5 is 50%)" />
			</validators>
		</field>
		<field title="Rating" name="RATING" length="255" type="text" escapeHTML="true"  width="100" canEdit="true" detail="false"></field>
		<field title="Freshness" name="FRESHDAY" type="integer" filterOperator="equals" canEdit="false" width="100" editorType="TextItem" align="left" cellAlign="left" detail="false"></field>
		<field title="Eligible" name="ELIGIBLE" length="255" type="text" escapeHTML="true"  width="100" canEdit="true" detail="false">
			<valueMap>
				<value ID="E">True</value>
				<value ID="I">False</value>
			</valueMap>
		</field>
		<field title="Adj. coeff." name="ADJCOEF" type="float" required="true" filterOperator="equals" width="100" canEdit="true" align="left" cellAlign="left" detail="false"></field>
		
	    <field title="Update date" name="UPDDATE" type="datetime" width="100" editorType="TextItem" align="left" cellAlign="left" canEdit="false" detail="true"></field>
		<field title="Update type" name="UPDTYPE"  type="text" escapeHTML="true"      canEdit="false" length="1" width="100" align="left" cellAlign="left" detail="true">
           <valueMap>
				<value ID="C">Create</value>
				<value ID="U">Update</value>
			</valueMap>
		</field>
		<field title="Update user" name="UPDUSR" length="30"  type="text" escapeHTML="true"      canEdit="false" width="100" align="left" cellAlign="left" detail="true"></field>
	</fields>
  <serverObject lookupStyle="new" className="it.ccg.pamp.server.dmi.StandardDMI"/>
  <operationBindings>
	<operationBinding operationType="update" requiresRole="user,causer"></operationBinding>
	<operationBinding operationType="delete" requiresRole="user,causer"></operationBinding>
	<operationBinding operationType="add" requiresRole="user,causer"></operationBinding>
	
	<operationBinding operationType="fetch" 
      customValueFields="INSTRNAME,ISINCODE" 
      customCriteriaFields="INSTRNAME,ISINCODE">  
       <selectClause>pmptxcompr.*,pmptinstr.INSTRNAME AS INSTRNAME,pmptinstr.ISINCODE AS ISINCODE</selectClause>
       <tableClause>pmptxcompr, pmptinstr</tableClause>  
       <whereClause><![CDATA[ pmptxcompr.INSTRID = pmptinstr.INSTRID
       AND $defaultWhereClause]]></whereClause>  
    </operationBinding> 
	
 </operationBindings>  	
</DataSource>
