<DataSource 
	  
	tableName="pmptwidget"
	ID="pmptwidget"
>
	<fields>
		<field title="Widget id" name="WIDGETID"  type="text" escapeHTML="true"      primaryKey="true" width="100" cellAlign="left" align="left" detail="false"></field>
		<field title="Column" name="COLUMN" type="integer" filterOperator="equals" canEdit="false" length="100" width="100" align="left" cellAlign="left" detail="false"></field>
		<field title="Update date" name="UPDDATE" type="datetime" displayFormat="toEuropeanShortDateTime" width="100" align="left" cellAlign="left" canEdit="false" detail="true"></field>
		<field title="Update type" name="UPDTYPE"  type="text" escapeHTML="true"      canEdit="false" length="1" width="100" align="left" cellAlign="left" detail="true">
           <valueMap>
				<value ID="C">Create</value>
				<value ID="U">Update</value>
			</valueMap>
		</field>
		<field title="Update user" name="UPDUSR" length="30"  type="text" escapeHTML="true"      primaryKey="true" canEdit="false" width="100" align="left" cellAlign="left" detail="true"></field>
    </fields>
    <serverObject lookupStyle="new" className="it.ccg.pamp.server.dmi.UserDMI"/>
    <operationBindings>
	<operationBinding operationType="update" requiresRole="user,causer,manager,visitor,admin,supervisor,ccpamanagement"></operationBinding>
	<operationBinding operationType="delete" requiresRole="user,causer,manager,visitor,admin,supervisor,ccpamanagement"></operationBinding>
	<operationBinding operationType="add" requiresRole="user,causer,manager,visitor,admin,supervisor,ccpamanagement"></operationBinding>
    
	 <operationBinding operationId="pmptwidget_fetch" operationType="fetch">  
          <whereClause><![CDATA[(UPDUSR=$criteria.USER) AND ($defaultWhereClause)]]></whereClause>  
      </operationBinding>  
       <operationBinding operationType="add">  
          <whereClause><![CDATA[(UPDUSR=$criteria.USER) AND ($defaultWhereClause)]]></whereClause>  
      </operationBinding>  
       <operationBinding operationType="update">  
          <whereClause><![CDATA[(UPDUSR=$criteria.USER) AND ($defaultWhereClause)]]></whereClause>  
      </operationBinding>  
       <operationBinding operationType="delete">  
          <whereClause><![CDATA[(UPDUSR=$criteria.USER) AND ($defaultWhereClause)]]></whereClause>  
      </operationBinding>  
</operationBindings>  
</DataSource>
