
<DataSource 
	  
	tableName="pmptbatch"
	ID="pmptbatch"
	dataSourceVersion="1"
	serverType="sql"
>
	<fields>
		<field title="Batch id" name="BATCHID" type="integer" filterOperator="equals" primaryKey="true" canEdit="true" length="30"  width="200" detail="true"/> 
		<field title="Batch name" name="BATCHNAME"  type="text" escapeHTML="true"      editorType="ComboBoxItem" canEdit="false" length="1" width="100" align="left" cellAlign="left" detail="false"/>
  		<field title="Running" name="RUNNING" type="integer" filterOperator="equals" canEdit="false" length="30"  width="175" align="left" cellAlign="left" detail="true"/>
        <field title="Status" name="STATUS" length="1" type="enum" width="60" canEdit="true" align="left" cellAlign="left" detail="false">
	        <valueMap>  
				<value ID="E">Enabled</value>  
				<value ID="D">Disabled</value> 
 			</valueMap> 
   		</field>
   		<field title="Update date" name="UPDDATE" type="datetime" width="100" editorType="TextItem" align="left" cellAlign="left" canEdit="false" detail="true"></field>
		<field title="Update type" name="UPDTYPE"  type="text" escapeHTML="true"      canEdit="false" length="1" width="100" align="left" cellAlign="left" detail="true">
           <valueMap>
				<value ID="C">Create</value>
				<value ID="U">Update</value>
			</valueMap>
		</field>
		<field title="Update user" name="UPDUSR" length="30"  type="text" escapeHTML="true"      canEdit="false" width="100" align="left" cellAlign="left" detail="true"></field>
		<field title="Job/Batch group" name="BATCHCAT" type="text" escapeHTML="true"  width="90" canEdit="true" align="left" cellAlign="left" detail="false" ></field>
</fields>	    
<serverObject lookupStyle="new" className="it.ccg.pamp.server.dmi.StandardDMI"/>
<operationBindings>
	<operationBinding operationType="update" requiresRole="user"></operationBinding>
	<operationBinding operationType="delete" requiresRole="user"></operationBinding>
	<operationBinding operationType="add" requiresRole="user"></operationBinding>
	 <operationBinding operationId="pmptbatch_fetch_enabled" operationType="fetch">  
       <whereClause><![CDATA[STATUS = 'E']]></whereClause>  
    </operationBinding>      
    <operationBinding operationId="pmptbatch_distinctcategory" operationType="fetch">  
       <selectClause>distinct BATCHCAT</selectClause>  
    </operationBinding>   
 </operationBindings>  	
</DataSource>
