 <DataSource 
	  
	tableName="pmptstres"
	ID="pmptstres"
	dataSourceVersion="1"
	serverType="sql"
>
	<fields>
		<field title="Transaction ID" name="TRANSID" type="float" filterOperator="equals"  canEdit="false" width="150" align="left"  editorType="TextItem" filterEditorType="SpinnerItem"  cellAlign="left" detail="true"></field>
   		<field title="Cl. part. ID" name="UMBR" type="float" filterOperator="equals" primaryKey="true"  canEdit="false" width="150" align="left" filterEditorType="SelectItem" cellAlign="left" detail="true"></field>
   		<field title="Gen. Cl. part. ID" name="UGCM" type="float" filterOperator="equals" primaryKey="true"  canEdit="false" width="150" align="left" filterEditorType="SelectItem" cellAlign="left" detail="true"></field>
   		<field title="Cl. part. name" name="UMBRDESC"   type="text" escapeHTML="true"  length="130" align="left" cellAlign="left" canEdit="false" detail="false"></field>
   		<field title="Position ID" name="PFOLIOID"   type="text" escapeHTML="true"  length="100" align="left" cellAlign="left" canEdit="false" detail="false"></field>
   		<field title="Gen. Cl. part. name" name="UGCMDESC"   type="text" escapeHTML="true"  length="130" align="left" cellAlign="left" canEdit="false" detail="false"></field>
   		<field title="Sub A/C NC" name="SUBACCNC"   type="text" escapeHTML="true"   primaryKey="true"   length="100" align="left" cellAlign="left" canEdit="false" detail="false"></field>	
   		<field title="A/C" name="UACCT"   type="text" escapeHTML="true"   primaryKey="true"   length="100" align="left" cellAlign="left" canEdit="false" detail="false"></field>
   		<field title="Sub A/C" name="USUBAC"   type="text" escapeHTML="true"   primaryKey="true"   length="100" align="left" cellAlign="left" canEdit="false" detail="false"></field>
   		<field title="Currency" name="USGRP"  length="5"  type="text" escapeHTML="true"   primaryKey="true"   editorType="SelectItem" filterEditorType="SelectItem" width="100" canEdit="false" detail="false">
			<valueMap>
				<value ID="IT   ">LIT</value>
				<value ID="US   ">USD</value>
				<value ID="EU   ">EUR</value>
				<value ID="GB   ">GBP</value>
				<value ID="NO   ">NOK</value>
				<value ID="SE   ">SEK</value>
				<value ID="CH   ">CHF</value>
				<value ID="DK   ">DKK</value>
				<value ID="CA   ">CAD</value>
				<value ID="JP   ">JPY</value>
				<value ID="IS   ">ISK</value>
			</valueMap>
		</field>
   		<field title="Total margin requirement" name="UMARGIN" type="float" filterOperator="equals"  canEdit="false" width="150" align="left"  editorType="TextItem" filterEditorType="SpinnerItem"  cellAlign="left" detail="false"></field>
   		<field title="Margin requirement date" name="DATAMRG" type="float" filterOperator="equals"  canEdit="false" width="150" align="left" cellAlign="left" detail="false"></field>
   		<field title="Stress test ID" name="STID" type="integer" filterOperator="equals" primaryKey="true" canEdit="false" filterEditorType="TextItem" width="100"  align="left" cellAlign="left" detail="false"></field>
	    <field title="Scenario" name="SCENARIO"  type="text" escapeHTML="true"      length="1" primaryKey="true" canEdit="false" width="80" filterEditorType="SelectItem" align="left" cellAlign="left" detail="false">
	     <valueMap>
				<value ID="I">Increase</value>
				<value ID="D">Decrease</value>
			</valueMap>
	    </field>
   		<field title="Update date" name="UPDDATE" type="datetime"  width="100" editorType="TextItem" align="left" cellAlign="left" canEdit="false" detail="true"></field>
		<field title="Update type" name="UPDTYPE"  type="text" escapeHTML="true"      canEdit="false" length="1" width="100" align="left" cellAlign="left" detail="true">
           <valueMap>
				<value ID="C">Create</value>
				<value ID="U">Update</value>
			</valueMap>
		</field>
		<field title="Update user" name="UPDUSR" length="30"  type="text" escapeHTML="true"      canEdit="false" width="100" align="left" cellAlign="left" detail="true"></field>
	    
	    <field title="R.S.T ID" name="RSTID" type="integer" customSQL="true" tableName="pmptrstpah" filterOperator="equals" width="72" canEdit="false" align="left" cellAlign="left" detail="false" ></field>
	    <field title="Sens. test ID" name="SSTID" type="integer" customSQL="true" tableName="pmptsstpah" filterOperator="equals" width="72" canEdit="false" align="left" cellAlign="left" detail="false" ></field>
	    <field title="Iteration" name="ITER" type="integer" customSQL="true" tableName="pmptsstpah" filterOperator="equals" width="72" canEdit="false" align="left" cellAlign="left" detail="false" ></field>
	</fields>
  	<serverObject lookupStyle="new" className="it.ccg.pamp.server.dmi.StandardDMI"/>
  	<operationBindings>
	<operationBinding operationType="update" requiresRole="user"></operationBinding>
	<operationBinding operationType="delete" requiresRole="user"></operationBinding>
	<operationBinding operationType="add" requiresRole="user"></operationBinding>
	
    <operationBinding operationId="pmptstres_mbr" operationType="fetch">  
       <selectClause>distinct UMBR</selectClause>
    <whereClause><![CDATA[$defaultWhereClause]]></whereClause>
    </operationBinding>    
    
    <operationBinding operationId="pmptstres_notnull_fetch" operationType="fetch">  
       <selectClause>pmptstres.*</selectClause>  
       <tableClause>pmptstres as pmptstres, pmptst as pmptst</tableClause>  
       <whereClause><![CDATA[pmptstres.stid=pmptst.stid and (pmptst.status='T' or pmptst.status='F') 
                             and SCENARIO!='S' AND UMARGIN>0 AND $defaultWhereClause]]></whereClause> 
    </operationBinding>  
     <operationBinding operationId="pmptstres_fetch_all" operationType="fetch">  
       <selectClause>pmptstres.*</selectClause>  
       <tableClause>pmptstres as pmptstres, pmptst as pmptst</tableClause>  
       <whereClause><![CDATA[pmptstres.stid=pmptst.stid and SCENARIO!='S' and (pmptst.status='T' or pmptst.status='F')  AND $defaultWhereClause]]></whereClause>  
    </operationBinding>  
    
    <operationBinding operationId="pmptstres_fetch_reverse_notnull" operationType="fetch" 
       customValueFields="RSTID" 
      customCriteriaFields="RSTID">
	 <selectClause>pmptstres.*,pmptrstpah.RSTID</selectClause>  
       <tableClause>pmptstres as pmptstres, pmptst as pmptst, pmptrstpah as pmptrstpah</tableClause>  
       <whereClause><![CDATA[pmptstres.stid=pmptst.stid and pmptstres.stid=pmptrstpah.stid and pmptst.status='R' 
                             AND UMARGIN>0 AND $defaultWhereClause]]></whereClause>  
        <orderClause>RSTID DESC </orderClause> 
    </operationBinding>    
    <operationBinding operationId="pmptstres_fetch_all_reverse" operationType="fetch" 
       customValueFields="RSTID" 
      customCriteriaFields="RSTID">
	 <selectClause>pmptstres.*,pmptrstpah.RSTID</selectClause>  
       <tableClause>pmptstres as pmptstres, pmptst as pmptst, pmptrstpah as pmptrstpah</tableClause>  
       <whereClause><![CDATA[pmptstres.stid=pmptst.stid and pmptstres.stid=pmptrstpah.stid and pmptst.status='R' AND $defaultWhereClause]]></whereClause>  
        <orderClause>RSTID DESC </orderClause> 
    </operationBinding> 
    
    <operationBinding operationId="pmptstres_fetch_sensitivity_notnull" operationType="fetch" 
       customValueFields="SSTID,ITER" 
      customCriteriaFields="SSTID,ITER">
	 <selectClause>pmptstres.*,pmptsstpah.SSTID,pmptsstpah.ITER</selectClause>  
       <tableClause>pmptstres as pmptstres,  pmptsstpah as pmptsstpah</tableClause>  
       <whereClause><![CDATA[ pmptstres.stid=pmptsstpah.ITSTID  AND UMARGIN>0  AND 
       NOT EXISTS (SELECT P2.* FROM PMPTSSTPAH P2 WHERE P2.SSTID = pmptsstpah.SSTID AND P2.INSTRTYPE > pmptsstpah.INSTRTYPE) and 
        $defaultWhereClause]]></whereClause>  
        <orderClause>SSTID DESC, iter ASC </orderClause> 
    </operationBinding>    
   <operationBinding operationId="pmptstres_fetch_all_sensitivity" operationType="fetch" 
       customValueFields="SSTID,ITER" 
      customCriteriaFields="SSTID,ITER">
	 <selectClause>pmptstres.*,pmptsstpah.SSTID,pmptsstpah.ITER</selectClause>  
       <tableClause>pmptstres as pmptstres,  pmptsstpah as pmptsstpah</tableClause>  
       <whereClause><![CDATA[ pmptstres.stid=pmptsstpah.ITSTID  AND 
       NOT EXISTS (SELECT P2.* FROM PMPTSSTPAH P2 WHERE P2.SSTID = pmptsstpah.SSTID AND P2.INSTRTYPE > pmptsstpah.INSTRTYPE) and 
       $defaultWhereClause]]></whereClause>  
        <orderClause>SSTID DESC, iter ASC </orderClause> 
    </operationBinding> 
    
 </operationBindings>  	
  
</DataSource>