<DataSource 
	  
	tableName="pmptreport"
	ID="pmptreport"
	dataSourceVersion="1"
	serverType="sql"
>
	<fields>
		<field title="Report id" name="REPID" type="integer" filterOperator="equals" primaryKey="true" editorType="TextAreaItem" canEdit="false" align="left" cellAlign="left" length="255"  width="80" detail="false"/> 
  		<field title="Report name" name="REPNAME"  type="text" escapeHTML="true"      canEdit="true"  length="100" detail="false"/> 
  		<field title="Report group" name="REPGRP"  type="text" escapeHTML="true"      canEdit="false" editorType="TextAreaItem" length="30"  width="100" detail="false"/>
  		<field title="Report description" name="NOTE"  type="text" escapeHTML="true"   editorType="TextAreaItem"   canEdit="true" length="100" align="left" cellAlign="left" detail="false"/> 
  		<field title="Horizontal" name="HORIZONTAL" length="1" type="enum" width="60" canEdit="true" align="left" cellAlign="left" detail="true">
	        <valueMap>  
				<value ID="T">True</value>  
				<value ID="F">False</value> 
 			</valueMap> 
 		</field>
 		<field title="Deferred" name="DEFERRED" length="1" type="enum" width="60" canEdit="false" align="left" cellAlign="left" detail="false">
	        <valueMap>  
				<value ID="T">True</value>  
				<value ID="F">False</value> 
 			</valueMap> 
 		</field>
  		 <field title="Status" name="STATUS" length="1" type="enum" width="60" canEdit="true" align="left" cellAlign="left" detail="true">
	        <valueMap>  
				<value ID="E">Enabled</value>  
				<value ID="D">Disabled</value> 
 			</valueMap> 
 			</field>
   		<field title="Update date" name="UPDDATE" type="datetime" displayFormat="toEuropeanShortDateTime" width="100" editorType="TextItem" align="left" cellAlign="left" canEdit="false" detail="true"></field>
		<field title="Update type" name="UPDTYPE"  type="text" escapeHTML="true"      canEdit="false" length="1" width="100" align="left" cellAlign="left" detail="true">
           <valueMap>
				<value ID="C">Create</value>
				<value ID="U">Update</value>
			</valueMap>
		</field>
		<field title="Update user" name="UPDUSR" length="30"  type="text" escapeHTML="true"      canEdit="false" width="100" align="left" cellAlign="left" detail="true"></field>
    </fields>	
<serverObject lookupStyle="new" className="it.ccg.pamp.server.dmi.StandardDMI"/>
	<operationBindings>
	<operationBinding operationType="update" requiresRole="user"></operationBinding>
	<operationBinding operationType="delete" requiresRole="user"></operationBinding>
	<operationBinding operationType="add" requiresRole="user"></operationBinding>
  
       	<operationBinding operationType="fetch">
       		<whereClause><![CDATA[STATUS = 'E']]></whereClause>  
    	</operationBinding>          
 	</operationBindings>  	
</DataSource>
