<DataSource 
	  
	tableName="pmptsets"
	ID="pmptsets"
	dataSourceVersion="1"
	generatedBy="7.1-Evaluation/Enterprise Deployment 2009-08-23"
	serverType="sql"
>
	<fields>
		<field title="Set ID" name="SETID" type="sequence" primaryKey="true" canEdit="false"  width="120" align="left" cellAlign="left" detail="true"></field>
		<field title="Set Name" name="SETNAME" required="true" length="30"  type="text" escapeHTML="true"      width="200" canEdit="true" align="left" cellAlign="left" detail="false"></field>
		<field title="Status" name="STATUS" required="true" length="1"  type="text" escapeHTML="true"      width="150" canEdit="true" align="left" cellAlign="left" detail="false">
	        <valueMap>  
				<value ID="E">Enabled</value> 
				<value ID="D">Disabled</value> 
 			</valueMap> 
   		</field>
   		<field title="Division" name="DIVISCODE" length="1"  type="text" escapeHTML="true"      width="200" editorType="ComboBoxItem" align="left" cellAlign="left" detail="true">
   		<valueMap>
				<value ID="E">Equities</value>
				<value ID="D">Eq.derivates</value>
				<value ID="I">Infl.bond</value>
				<value ID="O">Bond</value> 
				 <value ID="B">I.R. Nodes</value>
				<value ID="L">Elect.derivates</value>
				<value ID="X">Indices</value>
				<value ID="C">Currency</value>
<value ID="Y">Comparable</value>
<value ID="H">Haircut</value>
			</valueMap>
   		</field>
	<field title="Update date" name="UPDDATE" type="datetime"  width="100"  align="left" cellAlign="left" canEdit="false" detail="true"></field>
		<field title="Update type" name="UPDTYPE"  type="text" escapeHTML="true"      canEdit="false" length="1" width="100" align="left" cellAlign="left" detail="true">
           <valueMap>
				<value ID="C">Create</value>
				<value ID="U">Update</value>
			</valueMap>
		</field>
		<field title="Update user" name="UPDUSR" length="30"  type="text" escapeHTML="true"      canEdit="false" width="100" align="left" cellAlign="left" detail="true"></field>
	   <field title="Note" name="NOTE"  type="text" escapeHTML="true"      canEdit="true" length="500" align="left" cellAlign="left" detail="false"/>
	</fields>
	<serverObject lookupStyle="new" className="it.ccg.pamp.server.dmi.StandardDMI"/>
	<operationBindings>
	<operationBinding operationType="update" requiresRole="user"></operationBinding>
	<operationBinding operationType="delete" requiresRole="user"></operationBinding>
	<operationBinding operationType="add" requiresRole="user"></operationBinding>
  
         <operationBinding operationId="eqsetsfetch" operationType="fetch">  
          <whereClause><![CDATA[
           pmptsets.DIVISCODE='E' AND
           ($defaultWhereClause)
          ]]>  
          </whereClause>  
      </operationBinding> 
       <operationBinding operationId="edsetsfetch" operationType="fetch">  
          <whereClause><![CDATA[
           pmptsets.DIVISCODE='D' AND
           ($defaultWhereClause)
          ]]>  
          </whereClause>  
      </operationBinding> 
       <operationBinding operationId="elecsetsfetch" operationType="fetch">  
          <whereClause><![CDATA[
           pmptsets.DIVISCODE='L' AND
           ($defaultWhereClause)
          ]]>  
          </whereClause>  
      </operationBinding> 
      <operationBinding operationId="compsetsfetch" operationType="fetch">  
          <whereClause><![CDATA[
           pmptsets.DIVISCODE='Y' AND
           ($defaultWhereClause)
          ]]>  
          </whereClause>  
      </operationBinding> 
  </operationBindings>  	    
	
</DataSource>