<DataSource 
	  
	tableName="pmptcalend"
	ID="pmptcalend"
	dataSourceVersion="1"
	serverType="sql"
>
	<fields>
		<field title="Market" name="MARKETCODE" primaryKey="true"  type="text" escapeHTML="true"      required="true" canEdit="true" length="30" align="left" cellAlign="left" detail="false"/> 
  		<field title="Date" name="DATE" primaryKey="true" required="true" type="datetime" width="130" canEdit="true" align="left" cellAlign="left" detail="false"></field>
  	    <field title="Update date" name="UPDDATE" type="datetime" width="100" editorType="TextItem" align="left" cellAlign="left" canEdit="false" detail="true"></field>
		<field title="Update type" name="UPDTYPE"  type="text" escapeHTML="true"      canEdit="false" length="1" width="100" align="left" cellAlign="left" detail="true">
           <valueMap>
				<value ID="C">Create</value>
				<value ID="U">Update</value>
			</valueMap>
		</field>
		<field title="Update user" name="UPDUSR" length="30"  type="text" escapeHTML="true"      canEdit="false" width="100" align="left" cellAlign="left" detail="true"></field>
</fields>	
<serverObject lookupStyle="new" className="it.ccg.pamp.server.dmi.StandardDMI"/>
<operationBindings>
	<operationBinding operationType="update" requiresRole="user,causer"></operationBinding>
	<operationBinding operationType="delete" requiresRole="user,causer"></operationBinding>
	<operationBinding operationType="add" requiresRole="user,causer"></operationBinding>
 </operationBindings>  	
</DataSource>