<DataSource 
	  
	tableName="pmptapprh"
	ID="pmptapprh"
	dataSourceVersion="1"
	serverType="sql"
>
	<fields>
		<field title="Approved ID" name="APPROVEID" type="integer" filterOperator="equals" primaryKey="true" canEdit="false" editorType="ComboBoxItem" width="100" align="left" cellAlign="left" detail="true"></field>
		 <field title="Division" name="DIVISCODE" required="true" length="20" type="enum" width="100" canEdit="true" detail="true">
			<valueMap>
				<value ID="E">Equities</value>
				<value ID="D">Eq.derivates</value>
				<value ID="I">Infl.bond</value>
				<value ID="O">Bond</value> 
				<value ID="B">I.R. Nodes</value>
				<value ID="L">Elect.derivates</value>
				<value ID="X">Indices</value>
				<value ID="C">Currency</value>
                <value ID="Y">Comparable</value>
<value ID="H">Haircut</value>
			</valueMap>
		</field> 
		<field title="Approved date" name="APPRDATE" type="datetime" required="true" canEdit="true" displayFormat= "toEuropeanShortDate" align="left" cellAlign="left" detail="false"></field>
		<field title="Archive ids" name="ARCHIDVEC"  type="text" escapeHTML="true"      length="12" required="true" align="left" cellAlign="left" canEdit="true" width="90" detail="false"></field>
 		<field title="Archive tables" name="ARCHTBLVEC"  type="text" escapeHTML="true"      length="12"  required="true" align="left" cellAlign="left" canEdit="true" width="90" detail="false"></field>
 		<field title="Update date" name="UPDDATE" type="datetime" displayFormat="toEuropeanShortDateTime" width="100" editorType="TextItem" align="left" cellAlign="left" canEdit="false" detail="true"></field>
		<field title="Update type" name="UPDTYPE"  type="text" escapeHTML="true"      canEdit="false" length="1" width="100" align="left" cellAlign="left" detail="true">
           <valueMap>
				<value ID="C">Create</value>
				<value ID="U">Update</value>
			</valueMap>
		</field>
		<field title="Update user" name="UPDUSR" length="30"  type="text" escapeHTML="true"      canEdit="false" width="100" align="left" cellAlign="left" detail="true"></field>
	</fields>
  <serverObject lookupStyle="new" className="it.ccg.pamp.server.dmi.StandardDMI"/>
  <operationBindings>
	<operationBinding operationType="update" requiresRole="user"></operationBinding>
	<operationBinding operationType="delete" requiresRole="user"></operationBinding>
	<operationBinding operationType="add" requiresRole="user"></operationBinding>
       
       <operationBinding operationType="fetch">  
           <orderClause>APPROVEID desc</orderClause> 
      </operationBinding>  
       
      <operationBinding operationId="pmptapprh_fetch_equities" operationType="fetch" >  
        <whereClause><![CDATA[ DIVISCODE = 'E'  AND $defaultWhereClause]]></whereClause>  
        <orderClause>APPROVEID desc</orderClause> 
    </operationBinding>  
        <operationBinding operationId="pmptapprh_fetch_equityDerivatives" operationType="fetch" >  
        <whereClause><![CDATA[ DIVISCODE = 'D'  AND $defaultWhereClause]]></whereClause>  
        <orderClause>APPROVEID desc</orderClause> 
    </operationBinding>  
 </operationBindings>  	
</DataSource>
