<DataSource 
	  
	tableName="pmptexpcor"
	ID="pmptexpcor"
	dataSourceVersion="1"
	serverType="sql"
>
	<fields>
	    <field title="Instrument ID" name="INSTRID"  primaryKey="true"  type="text" escapeHTML="true"      width="120"  align="left" cellAlign="left" canFilter="true" detail="true" ></field>
	    <field title="Instrument name" customSQL="true" tableName="pmptinstr" name="INSTRNAME"   type="text" escapeHTML="true"      editorType="ComboBoxItem"  canFilter="true" width="100%" align="left" cellAlign="left" detail="false" canEdit="false"></field>
	    <field title="Prog.Exp.1" name="PROGEXP1" primaryKey="true" type="integer" filterOperator="equals" width="100" align="left" canFilter="true"  editorType="TextItem" filterEditorType="SpinnerItem"  cellAlign="left" detail="false" ></field>
	    <field title="Prog.Exp.2" name="PROGEXP2" primaryKey="true" type="integer" filterOperator="equals" width="100" align="left" canFilter="true"  editorType="TextItem" filterEditorType="SpinnerItem"  cellAlign="left" detail="false" ></field>
	    <field title="Period (days)" name="NDAYSPER" primaryKey="true" required="true" type="integer" filterOperator="equals" width="70" canEdit="true"  cellAlign="left" align="left" detail="false"></field>
	    <field title="Period" customSQL="true" tableName="pmptper" name="NDAYSDESC"  type="text" escapeHTML="true"      canFilter="true" editorType="ComboBoxItem"  width="100" align="left" cellAlign="left" detail="false" canEdit="false"></field>
		<field title="HP" name="NV" primaryKey="true" type="integer" filterOperator="equals" width="80"  align="left"  cellAlign="left" detail="false"></field>
		<field title="Var. type" name="VARTYPE" primaryKey="true"  type="text" escapeHTML="true"       length="1" width="100"  canEdit="false" align="left" cellAlign="left" detail="false">
		       <valueMap>  
				<value ID="L">Logarithmic</value>
				<value ID="P">Percentual</value> 
				</valueMap> 
		</field>
		<field title="Status" name="STATUS" length="1"  type="text" escapeHTML="true"      width="100" detail="false">
	        <valueMap>  
				<value ID="E">Enabled</value>  
				<value ID="A">Analysis only</value>   
				<value ID="D">Disabled</value>
 			</valueMap> 
   		</field>   		
		<field title="Mode" name="MODE" type="enum" primaryKey="true"  width="100" canEdit="false" align="left" cellAlign="left" detail="true">
		 <valueMap>  
				<value ID="1">Last computation</value>
				<value ID="2">Last analysis</value> 
		</valueMap> 
		</field>
	    <field title="Correlation" name="CORREL" type="float" filterOperator="equals"  editorType="TextItem" filterEditorType="SpinnerItem"  width="100" align="left" cellAlign="left" detail="false"></field>
		<field title="Pearson" name="PEARSON" type="float" filterOperator="equals"  editorType="TextItem" filterEditorType="SpinnerItem"  width="100" align="left" cellAlign="left" detail="false"></field>
		<field title="Div undiv" name="DIVUNDIV" type="float" filterOperator="equals"  editorType="TextItem" filterEditorType="SpinnerItem"  width="100" align="left" cellAlign="left" detail="false"></field>
		<field title="Historical days" name="HISTDAYS" type="integer" filterOperator="equals"  width="100"  canEdit="false" align="left" cellAlign="left" detail="false"></field>
	   <field title="Update date" name="UPDDATE" type="datetime" width="100" editorType="TextItem" align="left" cellAlign="left" canEdit="false" detail="true"></field>
		<field title="Update type" name="UPDTYPE"  type="text" escapeHTML="true"      canEdit="false" length="1" width="100" align="left" cellAlign="left" detail="true">
           <valueMap>
				<value ID="C">Create</value>
				<value ID="U">Update</value>
			</valueMap>
		</field>
		<field title="Update user" name="UPDUSR" length="30"  type="text" escapeHTML="true"      canEdit="false" width="100" align="left" cellAlign="left" detail="true"></field>
</fields>	    
<serverObject lookupStyle="new" className="it.ccg.pamp.server.dmi.StandardDMI"/>
<operationBindings>
	<operationBinding operationType="update" requiresRole="user"></operationBinding>
	<operationBinding operationType="delete" requiresRole="user"></operationBinding>
	<operationBinding operationType="add" requiresRole="user"></operationBinding>

 <operationBinding operationId="pmptexpcor_fetch_ed" operationType="fetch"
        customValueFields="NDAYSDESC,INSTRNAME" 
        customCriteriaFields="NDAYSDESC,INSTRNAME"
      >  
          <selectClause>
          pmptexpcor.*,pmptinstr.INSTRNAME AS INSTRNAME, pmptper.NDAYSDESC AS NDAYSDESC
          </selectClause>
          <tableClause>pmptexpcor, pmptinstr, pmptper</tableClause>  
          <whereClause>
          	<![CDATA[pmptinstr.INSTRID = pmptexpcor.INSTRID 
          		AND pmptper.NDAYSPER = pmptexpcor.NDAYSPER
                AND	pmptinstr.DIVISCODE ='D'
                AND($defaultWhereClause)]]>  
          </whereClause>  
       </operationBinding>  
        <operationBinding operationId="pmptexpcor_fetch_elec" operationType="fetch"
        customValueFields="NDAYSDESC,INSTRNAME" 
        customCriteriaFields="NDAYSDESC,INSTRNAME"
      >  
          <selectClause>
          pmptexpcor.*,pmptinstr.INSTRNAME AS INSTRNAME, pmptper.NDAYSDESC AS NDAYSDESC
          </selectClause>
          <tableClause>pmptexpcor, pmptinstr, pmptper</tableClause>  
          <whereClause>
          	<![CDATA[pmptinstr.INSTRID = pmptexpcor.INSTRID 
          		AND pmptper.NDAYSPER = pmptexpcor.NDAYSPER
                AND	pmptinstr.DIVISCODE ='L'
                AND($defaultWhereClause)]]>  
          </whereClause>  
       </operationBinding>  
  </operationBindings>  	
</DataSource>
