 <DataSource 
	  
	tableName="pmptbtmstp"
	ID="pmptbtmstp"
	dataSourceVersion="1"
	serverType="sql"
>
	<fields>
		<field title="Instr. type" name="INSTRTYPE"  type="text" escapeHTML="true"      canEdit="false" primaryKey="true" length="30" width="100" align="left" cellAlign="left" detail="false"></field>
		<field title="typedesc" name="TYPEDESC" customSQL="true" tableName="pmpttyp" length="50"  type="text" escapeHTML="true"      width="110" canEdit="false" detail="true" align="left" cellAlign="left"></field>
	   <field title="Division" name="DIVISCODE" required="true" length="20" type="enum" width="100" canEdit="true" detail="true">
			<valueMap>
				<value ID="E">Equities</value>
				<value ID="O">Bond</value> 
				<value ID="L">Electricity</value> 
				<value ID="W">Agrex</value> 
				<value ID="M">New MIC</value> 
			</valueMap>
		</field>
	   <field title="LBP" name="LBPERIOD" type="integer" filterOperator="equals" width="80"  canEdit="true" detail="false"></field>
		<field title="Min. confidence level" name="MINCNFLEV" type="float" filterOperator="equals" width="70" canEdit="true"  align="left" cellAlign="left" detail="false"></field>
		<field title="Closure type" name="CLOSETYPE"  type="text" escapeHTML="true"      length="1" canEdit="true" width="150" detail="false"></field>
		<field title="Account type" name="ACCTYPE"  type="text" escapeHTML="true"      canEdit="true" length="1" width="100" align="left" cellAlign="left" detail="true">
           <valueMap>
				<value ID="C">Client</value>
				<value ID="F">Firm</value>
				<value ID="B">Both</value>
			</valueMap>
		</field>
		<field title="Update date" name="UPDDATE" type="datetime" displayFormat="toEuropeanShortDateTime" width="100" editorType="TextItem" align="left" cellAlign="left" canEdit="false" detail="true"></field>
		<field title="Update type" name="UPDTYPE"  type="text" escapeHTML="true"      canEdit="false" length="1" width="100" align="left" cellAlign="left" detail="true">
           <valueMap>
				<value ID="C">Create</value>
				<value ID="U">Update</value>
			</valueMap>
		</field>
		<field title="Update user" name="UPDUSR" length="30"  type="text" escapeHTML="true"      canEdit="false" width="100" align="left" cellAlign="left" detail="true"></field>
	</fields>
	<serverObject lookupStyle="new" className="it.ccg.pamp.server.dmi.StandardDMI"/>
   <operationBindings>
	<operationBinding operationType="update" requiresRole="user"></operationBinding>
	<operationBinding operationType="delete" requiresRole="user"></operationBinding>
	<operationBinding operationType="add" requiresRole="user"></operationBinding>
	
	<operationBinding operationId="pmptbtmstp_fetch_all" operationType="fetch" 
      customValueFields="TYPEDESC" 
      customCriteriaFields="TYPEDESC">  
       <selectClause>distinct pmpttyp.typedesc,pmptbtmstp.*</selectClause>
       <tableClause>pmptbtmstp, pmpttyp as pmpttyp, pmptinstr as pmptinstr</tableClause>  
       <whereClause><![CDATA[pmptbtmstp.instrtype = pmpttyp.instrtype 
       AND pmptinstr.instrtype=pmpttyp.instrtype
       AND $defaultWhereClause]]></whereClause>  
    </operationBinding>     
	
      <operationBinding operationId="pmptbtmstp_fetch_eq" operationType="fetch" 
      customValueFields="TYPEDESC" 
      customCriteriaFields="TYPEDESC">  
       <selectClause>distinct pmpttyp.typedesc,pmptbtmstp.*</selectClause>
       <tableClause>pmptbtmstp, pmpttyp as pmpttyp, pmptinstr as pmptinstr</tableClause>  
       <whereClause><![CDATA[pmptbtmstp.instrtype = pmpttyp.instrtype 
       AND pmptinstr.instrtype=pmpttyp.instrtype AND 
       (pmptinstr.diviscode='E' OR pmptinstr.diviscode='D')
       AND $defaultWhereClause]]></whereClause>  
    </operationBinding>     
	</operationBindings>
</DataSource>