<DataSource 
	  
	tableName="pmptinstr"
	ID="pmptinstr_cov"
	dataSourceVersion="1"
	generatedBy="7.1-Evaluation/Enterprise Deployment 2009-08-23"
	serverType="sql"
>
	<fields>
		<field title="Instrument ID" name="INSTRID" type="integer" filterOperator="equals" primaryKey="true" canEdit="false"  width="100" detail="true"></field>
		<field  title="Instrument name" name="INSTRNAME"  length="255"  type="text" escapeHTML="true"      width="160" detail="false"></field>
		<field title="Instr. code" name="CLASSCODE" length="30"  type="text" escapeHTML="true"      width="70" detail="false"></field>
		<field title="Reuters code" name="RICCODE" length="30"  type="text" escapeHTML="true"      width="100" detail="true"></field>	
		<field title="ISIN code" name="ISINCODE" length="12"  type="text" escapeHTML="true"      width="100" detail="true"></field>
		<field title="Bloomberg code" name="BLOOMBCODE" length="30"  type="text" escapeHTML="true"      width="100" detail="true"></field>	
		<field title="Market" name="MARKETCODE" length="30"  type="text" escapeHTML="true"      width="70" editorType="ComboBoxItem" detail="false"></field>
		<field title="Segment" name="SGMCODE" length="24"  type="text" escapeHTML="true"      editorType="ComboBoxItem" width="70" detail="false"></field>
		<field title="List Name" name="LISTNAME" length="255"  type="text" escapeHTML="true"      width="100" detail="true"></field>
		<field title="Instr. type" name="INSTRTYPE" canEdit="true" editorType="ComboBoxItem" length="30" type="enum" width="70" detail="false"></field> 
  		<field title="Instr. sub-type" name="INSTRSTYPE"  type="text" escapeHTML="true"      canEdit="true" length="30"  width="100" detail="true"/> 
  		<field title="Currency" name="CURRENCY"  type="text" escapeHTML="true"      canEdit="true" length="3"  width="60" detail="true"/>
  		<field title="Division" name="DIVISCODE" length="30"  type="text" escapeHTML="true"      width="100" detail="true"></field>
   		<field title="Status" name="STATUS" length="1"  type="text" escapeHTML="true"      width="70" detail="false">
	        <valueMap>  
				<value ID="E">Enabled</value>  
				<value ID="A">Analysis only</value>   
				<value ID="D">Disabled</value>  
				<value ID="S">Delisted</value>
 			</valueMap> 
   		</field>   		
   		<field title="Note" name="NOTE" length="120"  type="text" escapeHTML="true"      detail="false"></field>
   		<field title="Def.confid." customSQL="true" tableName="pmptconf" name="DEFCONF"  type="text" escapeHTML="true"      width="75" detail="false"></field>
	</fields>
	
 <operationBindings>
	<operationBinding operationType="update" requiresRole="user"></operationBinding>
	<operationBinding operationType="delete" requiresRole="user"></operationBinding>
	<operationBinding operationType="add" requiresRole="user"></operationBinding>
  
     <operationBinding operationId="updatecovpanel" operationType="update" requiresRole="user">
		 <customSQL>
           UPDATE PMPTCONF AS C   
           SET 
           CONFIDENCE=(SELECT DEFCONFID  FROM PMPVCONFDF AS T1 WHERE C.NV=T1.NV AND C.NDAYSPER=T1.NDAYSPER AND C.INSTRID=T1.INSTRID),
           STATUS=(SELECT DEFSTATUS  FROM PMPVCONFDF  AS T2 WHERE  C.NV=T2.NV AND C.NDAYSPER=T2.NDAYSPER AND C.INSTRID=T2.INSTRID),
          DEFCONF='T'
          WHERE C.INSTRID=$values.INSTRID
         </customSQL>
	</operationBinding>
		
  </operationBindings>  	
	
</DataSource>