 <DataSource 
	  
	tableName="pmptbtcl"
	ID="pmptbtcl"
	dataSourceVersion="1"
	serverType="sql"
>
	<fields>
		<field title="Class" name="CLASSID" type="integer" filterOperator="equals" primaryKey="true" width="100%"  canEdit="false" align="left" cellAlign="left" detail="false"></field>
		<field title="Modified user mar." name="USRMAR" type="float" filterOperator="equals" width="100" canEdit="true"  editorType="TextItem" filterEditorType="SpinnerItem"  required="true" align="left" cellAlign="left" detail="false">
		<validators>
				<validator type="floatRange" min="0" max="0.99999999999999" errorMessage="Must be between 0 and 1. Ex. 99.5% is 0.995"/>
			</validators>
		</field>
		<field title="User mar." name="USERMARGIN" type="float" customSQL="true" tableName="pmpvclmar" filterOperator="equals" width="80" canEdit="false"  editorType="TextItem" filterEditorType="SpinnerItem"  required="true" align="left" cellAlign="left" detail="false"></field>
		<field title="Status" name="STATUS" length="1" type="enum" width="60" required="true" canEdit="true" align="left" cellAlign="left" detail="false">
	        <valueMap>  
				<value ID="E">Enabled</value>  
				<value ID="D">Disabled</value> 
 			</valueMap> 
   		</field>
   		<field title="Division" name="DIVISCODE"  length="20" type="char" width="80" canEdit="false" detail="false">
			<valueMap>
				<value ID="I">Bo. 12-13</value>
				<value ID="O">Bond</value> 
			</valueMap>
		</field>
		<field title="Update date" name="UPDDATE" type="datetime"  width="100" editorType="TextItem" align="left" cellAlign="left" canEdit="false" detail="true"></field>
		<field title="Update type" name="UPDTYPE"  type="text" escapeHTML="true"      canEdit="false" length="1" width="100" align="left" cellAlign="left" detail="true">
           <valueMap>
				<value ID="C">Create</value>
				<value ID="U">Update</value>
			</valueMap>
		</field>
		<field title="Update user" name="UPDUSR" length="30"  type="text" escapeHTML="true"      canEdit="false" width="100" align="left" cellAlign="left" detail="true"></field>
	   <field title="Log." name="LOG" length="200"  type="text" escapeHTML="true"      canEdit="false" align="left" cellAlign="left" detail="true"></field>
	</fields>
  	<serverObject lookupStyle="new" className="it.ccg.pamp.server.dmi.StandardDMI"/>
  	<operationBindings>
	<operationBinding operationType="update" requiresRole="user"></operationBinding>
	<operationBinding operationType="delete" requiresRole="user"></operationBinding>
	<operationBinding operationType="add" requiresRole="user"></operationBinding>
  
   <operationBinding operationType="fetch" 
      customValueFields="USERMARGIN" 
      customCriteriaFields="USERMARGIN">  
       <selectClause>pmptbtcl.*, pmpvclmar.USERMARGIN as USERMARGIN</selectClause>  
       <tableClause>pmptbtcl, pmpvclmar as pmpvclmar</tableClause> 
       <whereClause><![CDATA[ pmpvclmar.CLASSID=pmptbtcl.CLASSID
       AND $defaultWhereClause]]></whereClause>  
    </operationBinding>        
 </operationBindings>  	
  
</DataSource>