<DataSource 
	  
	tableName="pmptsetup"
	ID="pmptsetup"
	dataSourceVersion="1"
	serverType="sql"
>
	<fields>
		<field title="Division" name="DIVISCODE"  type="text" escapeHTML="true"      width="80" length="1" primaryKey="true" canEdit="false" detail="false"></field>
		<field title="First date" name="HISFDATE" type="datetime" displayFormat= "toEuropeanShortDateTime" width="110" detail="false"></field>
		<field title="Last date" name="HISLDATE" type="datetime" displayFormat= "toEuropeanShortDateTime" width="110" detail="false"></field>
		<field title="First date check" name="HISFDATEN"  type="text" escapeHTML="true"      canEdit="false" length="1" width="100" align="left" cellAlign="left" detail="false"></field>
		<field title="Last date check" name="HISLDATEN"  type="text" escapeHTML="true"      canEdit="false" length="1" width="100" align="left" cellAlign="left" detail="false"></field>
		<field title="Mar. min.days" name="HISMINMAR" type="integer" filterOperator="equals" width="80"  canEdit="false" detail="false"></field>
		<field title="Gr.min.days" name="HISMINGR" type="integer" filterOperator="equals" width="80"  canEdit="false" detail="false"></field>
		<field title="Marroundty" name="MARROUNDTY"  type="text" escapeHTML="true"      canEdit="false" length="1" width="100" align="left" cellAlign="left" detail="false"></field>
		<field title="Marroundtv" name="MARROUNDTV" type="float" filterOperator="equals" width="80"  canEdit="false" detail="false"></field>
		<field title="Min. income to prop. rett." name="ETFTH" type="float" filterOperator="equals" width="80"  canEdit="false" detail="false"></field>
		<field title="Marminch" name="MARMINCH" type="float" filterOperator="equals" width="80"  canEdit="false" detail="false"></field>
		<field title="Min.Perc.Link.Der." name="MARTIEDMIN" type="float" filterOperator="equals" width="80"  canEdit="false" detail="true"></field>
		<field title="Realmargit" name="REALMARGT"  type="text" escapeHTML="true"      canEdit="false" length="1" width="100" align="left" cellAlign="left" detail="false"></field>
		<field title="Var. type" name="VARTYPE"  type="text" escapeHTML="true"      canEdit="false" length="1" width="100" align="left" cellAlign="left" detail="false"></field>
		<field title="Update date" name="UPDDATE" type="datetime" displayFormat="toEuropeanShortDateTime" width="100" editorType="TextItem" align="left" cellAlign="left" canEdit="false" detail="true"></field>
		<field title="Update type" name="UPDTYPE"  type="text" escapeHTML="true"      canEdit="false" length="1" width="100" align="left" cellAlign="left" detail="true">
           <valueMap>
				<value ID="C">Create</value>
				<value ID="U">Update</value>
			</valueMap>
		</field>
		<field title="Update user" name="UPDUSR" length="30"  type="text" escapeHTML="true"      canEdit="false" width="100" align="left" cellAlign="left" detail="true"></field>
	    <field title="Volaper" name="VOLAPER" type="integer" filterOperator="equals" width="80"  canEdit="false" detail="false"></field>
		<field title="Min.corr.to purp." name="GROUPTH" type="float" filterOperator="equals" width="80"  canEdit="false" detail="false"></field>
		<field title="Pos. neg. var." name="POSNEGEVAR" type="integer" filterOperator="equals" width="80"  canEdit="false" detail="false"></field>
		<field title="Gr.round.prec" name="GRROUNDTV" type="float" filterOperator="equals" width="80"  canEdit="false" detail="false"></field>
		<field title="Gr.round.type" name="GRROUNDTY"  type="text" escapeHTML="true"      length="1" canEdit="false" width="150" detail="false"></field>
		<field title="Gr. correlat. type" name="GRCORRTYPE"  type="text" escapeHTML="true"      canEdit="false" length="1" width="100" align="left" cellAlign="left" detail="false"></field>
		<field title="Gr. min change" name="GRMINCH" type="float" filterOperator="equals" width="80"  canEdit="false" detail="false"></field>
		<field title="strminch" name="STRMINCH" type="float" filterOperator="equals" width="80"  canEdit="false" detail="false"></field>
		<field title="strroundtv" name="STRROUNDTV" type="float" filterOperator="equals" width="80"  canEdit="false" detail="false"></field>
		<field title="strroundty" name="STRROUNDTY"  type="text" escapeHTML="true"      length="1" canEdit="false" width="150" detail="false"></field>
		<field title="strponevar" name="STRPONEVAR" type="integer" filterOperator="equals" width="80"  canEdit="false" detail="false"></field>
		<field title="strextrvar" name="STREXTRVAR" type="integer" filterOperator="equals" width="80"  canEdit="false" detail="false"></field>
		<field title="Minmarper" name="MINMARPERC" type="float" filterOperator="equals" width="80"  canEdit="false" detail="false"></field>
	    <field title="Str. min. days" name="HISMINSTR" type="integer" filterOperator="equals" width="80"  canEdit="false" detail="false"></field>
	    <field title="minminch" name="MINMINCH" type="float" filterOperator="equals" width="80"  canEdit="false" detail="false"></field>
	    <field title="minroundtv" name="MINROUNDTV" type="float" filterOperator="equals" width="80"  canEdit="false" detail="false"></field>
	    <field title="minroundty" name="MINROUNDTY"  type="text" escapeHTML="true"      length="1" canEdit="false" width="150" detail="false"></field>
	    <field title="strcorrtyp" name="STRCORRTYP"  type="text" escapeHTML="true"      length="1" canEdit="false" width="150" detail="false"></field>
	    <field title="Cut marrgin if 1y hist." name="MARCUTHIS"  type="text" escapeHTML="true"      length="1" canEdit="false" width="150" detail="false"></field>
	    <field title="Cut margin if susp." name="MARCUTSUSP"  type="text" escapeHTML="true"      length="1" canEdit="false" width="150" detail="false"></field>
	</fields>
	<serverObject lookupStyle="new" className="it.ccg.pamp.server.dmi.StandardDMI"/>
   <operationBindings>
	<operationBinding operationType="update" requiresRole="user"></operationBinding>
	<operationBinding operationType="delete" requiresRole="user"></operationBinding>
	<operationBinding operationType="add" requiresRole="user"></operationBinding>
	
	<operationBinding operationId="pmptsetup_update_all_eq" operationType="update" requiresRole="user">  
         <whereClause><![CDATA[diviscode!='Y']]></whereClause>  
    </operationBinding>    
	</operationBindings>
</DataSource>
