<DataSource 
	  
	tableName="pmptdeltdf"
	ID="pmptdeltdf"
	dataSourceVersion="1"
	serverType="sql"
>
	<fields>
		<field title="Instr. type" name="INSTRTYPE"  type="text" escapeHTML="true"      primaryKey="true" editorType="ComboBoxItem" canEdit="false" width="90"  detail="false"></field>
		<field title="HP" name="NV" type="integer" filterOperator="equals" width="80" primaryKey="true" canEdit="false" cellAlign="left" align="left"></field>
		<field title="Status" name="DSTATUS" length="13"  type="text" escapeHTML="true"      canEdit="true" detail="false">
	        <valueMap>  
				<value ID="E">Enabled</value>
				<value ID="D">Disabled</value>    
 			</valueMap> 
   		</field>
		<field title="Update date" name="UPDDATE" type="datetime" width="100" editorType="TextItem" align="left" cellAlign="left" canEdit="false" detail="true"></field>
		<field title="Update type" name="UPDTYPE"  type="text" escapeHTML="true"      canEdit="false" length="1" width="100" align="left" cellAlign="left" detail="true">
           <valueMap>
				<value ID="C">Create</value>
				<value ID="U">Update</value>
			</valueMap>
		</field>
		<field title="Update user" name="UPDUSR" length="30"  type="text" escapeHTML="true"      canEdit="false" width="100" align="left" cellAlign="left" detail="true"></field>
	 	</fields>
  	<serverObject lookupStyle="new" className="it.ccg.pamp.server.dmi.StandardDMI"/>
  	<operationBindings>
	<operationBinding operationType="update" requiresRole="user"></operationBinding>
	<operationBinding operationType="delete" requiresRole="user"></operationBinding>
	<operationBinding operationType="add" requiresRole="user"></operationBinding>
 </operationBindings>  	
</DataSource>
