<DataSource    
tableName="pmptinstr" 
ID="pmptinstr_elec" 
dataSourceVersion="1" 
serverType="sql">
	<fields>
		<field title="Instrument ID" name="INSTRID" type="sequence" primaryKey="true" canEdit="false" canFilter="true" width="100" detail="true"></field>
		<field  title="Instrument name" name="INSTRNAME"  required="true" canFilter="true" length="255" canEdit="true"  type="text" escapeHTML="true"      width="190" detail="false"></field>
		<field title="Group ID"  name="GRID" customSQL="true" tableName="pmptlcmp" type="integer" canFilter="true" canEdit="false"  width="100" detail="true" align="left" cellAlign="left"></field>
		<field title="Group Name" name="GROUPDESC" customSQL="true" tableName="pmptlgrp" length="30"  type="text" escapeHTML="true"   width="50%" canEdit="false"  detail="false" align="left" cellAlign="left">
		<validators>  
             <validator type="isUnique"  errorMessage="Group name already in use."/>  
          </validators>  
		</field>
		
		<field title="Instr. code" name="CLASSCODE" required="true" length="30"  type="text" escapeHTML="true"      width="70" canEdit="true" detail="false"></field>
		<field title="Reuters code" name="RICCODE" length="30"  type="text" escapeHTML="true"      width="100" canEdit="true" detail="true"></field>
		<field title="ISIN code" name="ISINCODE" length="12"  type="text" escapeHTML="true"       width="110" canEdit="true" detail="false">
			<validators>
				<validator type="regex" expression="[A-Za-z]{2}[A-Za-z0-9]{10}" errorMessage="ISIN code not valid" />
			</validators>
		</field>
		<field title="Bloomberg code" name="BLOOMBCODE" length="30"  type="text" escapeHTML="true"      width="100" canEdit="true" detail="true"></field>
		<field title="Market" name="MARKETCODE" required="true" length="30"  type="text" escapeHTML="true"      width="70" editorType="ComboBoxItem"  filterEditorType="SelectItem" canEdit="true" detail="false">
		<validators>
         <validator type="hasRelatedRecord" relatedDataSource="pmptmarket" relatedField="MARKETCODE" errorMessage="Market not found in market table" />  
         </validators>
		</field>
		<field title="Currency" name="CURRENCY" required="true" length="10"  type="text" escapeHTML="true"      editorType="SelectItem" width="80" canEdit="true" detail="false">
			<valueMap>
			<value ID="LIT">ITL</value>	
				<value ID="USD ">USD </value>	
				<value ID="EUR">EUR</value>	
				<value ID="GBP">GBP</value>	
				<value ID="NOK">NOK</value>	
				<value ID="SEK">SEK</value>	
				<value ID="CHF">CHF</value>	
				<value ID="DKK">DKK</value>	
				<value ID="CAD">CAD</value>	
				<value ID="JPY">JPY</value>	
				<value ID="ISK">ISK</value>	
				<value ID="CZK">CZK</value>	
				<value ID="HUF">HUF</value>	
				<value ID="RON">RON</value>	
				<value ID="ATS">ATS</value>	
				<value ID="TRY">TRY</value>
<value ID="CNY">CNY</value> 
 <value ID="RSD">RSD</value> 
 <value ID="ZAR">ZAR</value>	
			</valueMap>
			<validators>
				<validator type="regex" expression="[A-Za-z]{3}" errorMessage="Not valid currency: write the 3 letters symbol of the currency (Ex. EUR, USD, GBP)." />
			</validators>
		</field>
		<field title="List Name" name="LISTNAME" length="255"  type="text" escapeHTML="true"      width="100" canEdit="true" detail="true"></field>
		<field title="Instr. type" name="INSTRTYPE" required="true" canEdit="true" editorType="ComboBoxItem"  filterEditorType="SelectItem" length="30"  type="text" escapeHTML="true"      width="70" detail="false">
		<validators>
          <validator type="hasRelatedRecord" relatedDataSource="pmpttyp" relatedField="INSTRTYPE" errorMessage="Instrument type not found in instrument type table" />  
          </validators>
		</field>
		<field title="Instr. sub-type" name="INSTRSTYPE" required="true"  type="text" escapeHTML="true"      editorType="ComboBoxItem"  filterEditorType="SelectItem" canEdit="true" length="30" width="120" detail="false">
		<validators>
         <validator type="hasRelatedRecord" relatedDataSource="pmptsubtyp" relatedField="INSTRSTYPE" errorMessage="Instrument subtype not found in instrument subtype table" />  
        </validators>
		</field>	
		<field title="Segment" name="SGMCODE" length="24"  type="text" escapeHTML="true"      width="80" editorType="ComboBoxItem"  filterEditorType="SelectItem" canEdit="true" detail="false">
		<validators>
         <validator type="hasRelatedRecord" relatedDataSource="pmptsegm" relatedField="SGMCODE" errorMessage="Segment code not found in segment table" />  
         </validators>
		</field>
	    <field title="Division" name="DIVISCODE" required="true" length="20"  type="text" escapeHTML="true"      width="100" canEdit="true" detail="true">
			<valueMap>
				<value ID="E">Equities</value>
				<value ID="D">Eq.derivates</value>
				<value ID="I">Infl.bond</value>
				<value ID="O">Bond</value> 
				 <value ID="B">I.R. Nodes</value>
				<value ID="L">Elect.derivates</value>
				<value ID="X">Indices</value>
				<value ID="C">Currency</value>
<value ID="Y">Comparable</value>
<value ID="H">Haircut</value>
			</valueMap>
		</field>
		<field title="Disable Reason" name="DISABREAS" length="255"  type="text" escapeHTML="true"      canEdit="true" detail="true"></field>
		<field title="Delisting Reason" name="DELISTREAS" length="255"  type="text" escapeHTML="true"      canEdit="true" detail="true"></field>
		<field title="Status" name="STATUS" length="1"  type="text" escapeHTML="true"      width="100" canEdit="true" detail="true">
			<valueMap>
				<value ID="E">Enabled</value>
				<value ID="D">Disabled</value>
				<value ID="S">Delisted</value>
				<value ID="U">Underlying</value>
				<value ID="L">On delivery</value>
			</valueMap>
		</field>
		<field title="Mark.Maker Table Code" name="MMTABLE" length="1"  type="text" escapeHTML="true"      width="150" canEdit="true" detail="true"></field>
		<field title="Industry" name="INDUSTRY" length="30"  type="text" escapeHTML="true"      width="100" canEdit="true" detail="true"></field>
		<field title="Super sector" name="SUPERSECT" length="30"  type="text" escapeHTML="true"      width="100" canEdit="true" detail="true"></field>
		<field title="Short term future" name="SHORTTFUT" length="20" type="enum" width="100" canEdit="true" detail="true">
			<valueMap>
				<value ID="T">True</value>
				<value ID="F">False</value>
			</valueMap>
		</field>
		<field title="Long term options" name="LONGTOPT" length="20" type="enum" width="100" canEdit="true" detail="true">
			<valueMap>
				<value ID="T">True</value>
				<value ID="F">False</value>
			</valueMap>
		</field>
		<field title="Der.Periodicity" name="DERPER" length="1" type="enum" required="true" width="100" canEdit="true" detail="false">
			<valueMap>
				<value ID="M">Monthly</value>
				<value ID="Q">Quarterly</value>
				<value ID="Y">Yearly</value>
			</valueMap>
		</field>
		<field title="Der.Per.First Month" name="DERFRSTMNT" length="1" type="enum" required="true" width="110" canEdit="true" detail="false">
			<valueMap>
				<value ID="1">January</value>
				<value ID="2">February</value>
				<value ID="3">March</value>
				<value ID="4">April</value>
				<value ID="5">May</value>
				<value ID="6">June</value>
				<value ID="7">July</value>
				<value ID="8">August</value>
				<value ID="9">September</value>
				<value ID="10">October</value>
				<value ID="11">November</value>
				<value ID="12">December</value>
			</valueMap>
		</field>
		<field title="Der.Prog.Monthly" name="DERPRGMNT" type="integer" required="true" filterOperator="equals" width="95" editorType="TextItem" filterEditorType="SpinnerItem" canEdit="true" align="left" cellAlign="left" detail="false">
		<validators>
				<validator type="isInteger" errorMessage="Must be a valid number" />
			</validators>
		</field>
		<field title="Day to remove" name="EVTSTORMV" type="integer" required="true" filterOperator="equals" width="80" editorType="TextItem" filterEditorType="SpinnerItem" canEdit="true" align="left" cellAlign="left" detail="false">
		<validators>
				<validator type="isInteger" errorMessage="Must be a valid number" />
			</validators>
		</field>
		<field title="Motivation" name="RCCODE" type="integer" filterOperator="equals" editorType="SelectItem" filterEditorType="SelectItem" width="180"  canEdit="true" align="left" cellAlign="left" detail="true"></field>
   		<field title="Fut. exp. number" name="FUTEXPNUMB" type="integer" filterOperator="equals" width="100" editorType="TextItem" filterEditorType="SpinnerItem" canEdit="true" detail="true">
			<validators>
				<validator type="isInteger" errorMessage="Must be a valid number of future expirations" />
			</validators>
		</field>
		<field title="Opt. exp. number" name="OPTEXPNUMB" type="integer" filterOperator="equals" width="100" editorType="TextItem" filterEditorType="SpinnerItem" canEdit="true" detail="true">
			<validators>
				<validator type="isInteger" errorMessage="Must be a valid number of option expirations" />
			</validators>
		</field>
		<field title="Def.Margin" name="DEFMARG" type="float" filterOperator="equals" editorType="TextItem" filterEditorType="SpinnerItem" width="64" canEdit="true" align="left" cellAlign="left" detail="true">
		<validators>
				<validator type="floatRange" min="0" max="1" errorMessage="Must be between 0 and 1. Ex. 99.5% is 0.995"/>
		</validators>
		</field>
		<field title="Multiplier" name="MULT" type="float" filterOperator="equals" editorType="TextItem" filterEditorType="SpinnerItem" width="64" canEdit="true" align="left" cellAlign="left" detail="false"></field>
		<field title="Short op. adj." name="SHORTOPADJ" type="float" filterOperator="equals" editorType="TextItem" filterEditorType="SpinnerItem" width="64" canEdit="true" align="left" cellAlign="left" detail="true"></field>
		<field title="Days to delivery" name="DELDAYS" editorType="TextItem" filterEditorType="SpinnerItem" width="64" type="integer" filterOperator="equals" canEdit="true" detail="true">
			<validators>
				<validator type="isInteger" errorMessage="Must be a valid number" />
			</validators>
		</field>
		<field title="Mkt list. Date" name="MKTLSTDATE" type="datetime" useTextField="true" width="90" canEdit="true" detail="true"></field>
		<field title="Ccp Date" name="CCPLSTDATE" type="datetime" useTextField="true" width="90" canEdit="true" detail="true"></field>
		<field title="Straddle method" name="STRATYPE" length="20" required="true" type="enum" width="100" canEdit="true" detail="true">
			<valueMap>
				<value ID="N">None</value>
				<value ID="V">Variations</value>
				<value ID="C">Correlations</value>
			</valueMap>
		</field>
		<field title="Min. margin type" name="MINMARTYPE" length="20" required="true" type="enum" width="100" canEdit="true" detail="true">
			<valueMap>
				<value ID="N">None</value>
				<value ID="S">Standard</value>
			</valueMap>
		</field>
	   <field title="Underlying" name="UNDINSTRID" type="integer" filterOperator="equals" editorType="ComboBoxItem" filterEditorType="SelectItem" width="180"  canEdit="true" align="left" cellAlign="left" detail="false"></field>
      	<field title="Margin Threshold" name="MARGINTH" length="255" type="float" filterOperator="equals" canEdit="true" editorType="TextItem" filterEditorType="SpinnerItem" align="left" cellAlign="left" detail="true">
		<validators>
				<validator type="floatRange" min="0" max="10" errorMessage="Insert a number between 0 and 10 (0.5 is 50%)" /></validators>
		</field>
       	<field title="Hist. prices" name="DERHIST"  type="text" escapeHTML="true"      canEdit="true" length="1" width="100" align="left" cellAlign="left" detail="false">
			<valueMap>
				<value ID="T">Own</value>
				<value ID="F">Underlying</value>
			</valueMap>
		</field>
			<field title="Settlement type" name="SETTLETYPE" width="100" type="integer" filterOperator="equals" editorType="SelectItem" canEdit="true" align="left" cellAlign="left" detail="false">
			<valueMap>
				<value ID="0">Phisical</value>
				<value ID="1">Cash</value>
			</valueMap>
		</field>
		<field title="Def. expiration" name="DEFHISTSER" width="100" type="integer" filterOperator="equals" editorType="SelectItem" canEdit="true" align="left" cellAlign="left" detail="false">
			<valueMap>
				<value ID="1">First</value>
				<value ID="2">Second</value>
				<value ID="3">Third</value>
				<value ID="4">Fourth</value>
				<value ID="5">Fifth</value>
				<value ID="6">Sixth</value>
			</valueMap>
		</field>
		<field title="Update date" name="UPDDATE" type="datetime" width="100" align="left" cellAlign="left" canEdit="false" detail="true"></field>
		<field title="Update type" name="UPDTYPE"  type="text" escapeHTML="true"      canEdit="false" length="1" width="100" align="left" cellAlign="left" detail="true">
           <valueMap>
				<value ID="C">Create</value>
				<value ID="U">Update</value>
			</valueMap>
		</field>
		<field title="Update user" name="UPDUSR" length="30"  type="text" escapeHTML="true"      canEdit="false" width="100" align="left" cellAlign="left" detail="true"></field>
	    <field title="Note" name="NOTE"  type="text" escapeHTML="true"      canEdit="true" length="500" align="left" cellAlign="left" detail="false"></field>
 		<field  title="Description Ita." name="BMKNAME"  canFilter="true" length="255" canEdit="true"  type="text" escapeHTML="true"      width="190" detail="true"></field>
 		<field  title="Description En." name="BMKDESCR"  canFilter="true" length="255" canEdit="true"  type="text" escapeHTML="true"      width="190" detail="true"></field>
 
 </fields>
 <serverObject lookupStyle="new" className="it.ccg.pamp.server.dmi.StandardDMI"/>
	<operationBindings>
	<operationBinding operationType="update" requiresRole="user"></operationBinding>
	<operationBinding operationType="delete" requiresRole="user"></operationBinding>
	<operationBinding operationType="add" requiresRole="user"></operationBinding>

		<operationBinding  operationType="fetch" 
		    customValueFields="GRID,GROUPDESC"
       		customCriteriaFields="GRID,GROUPDESC">  
      <customSQL>
		select pmptinstr.*, pmptlcmp.GRID, pmptlgrp.GROUPDESC
		from pmptinstr
		left join pmptlcmp on pmptinstr.instrid = pmptlcmp.instrid
		left join pmptlgrp on pmptlcmp.grid = pmptlgrp.grid
		where pmptinstr.DIVISCODE='L' and $defaultWhereClause</customSQL>  
		</operationBinding>
	<operationBinding operationId="pmptinstr_update_all_elec" operationType="update" requiresRole="user">  
         <whereClause><![CDATA[diviscode='L']]></whereClause>  
    </operationBinding>    
    
	
	</operationBindings>
</DataSource>