<DataSource 
	  
	tableName="pmptsmmar"
	ID="pmptsmmar"
	dataSourceVersion="1"
	serverType="sql"
>
	<fields>
		<field title="Instrument ID" name="INSTRID" type="integer" filterOperator="equals"  primaryKey="true" width="80" align="left" cellAlign="left" detail="true"></field>
	    <field title="Margin" name="MARGIN" type="float" filterOperator="equals" width="100" align="left" cellAlign="left" detail="false"></field>
		<field title="Cover" name="COVER" type="float" filterOperator="equals" width="100" align="left" cellAlign="left" detail="false"></field>
		<field title="HP" name="NV" type="integer" filterOperator="equals" width="100%"  canEdit="false" align="left" cellAlign="left" detail="false"></field>
		<field title="Period" name="NDAYSPER" type="integer" filterOperator="equals" editorType="ComboBoxItem" width="100%"  canEdit="false" align="left" cellAlign="left" detail="false" ></field>
		<field title="Var. type" name="VARTYPE"   type="text" escapeHTML="true"      editorType="ComboBoxItem" length="1" width="100"  canEdit="false" align="left" cellAlign="left" detail="false">
		       <valueMap>  
				<value ID="L">Logarithmic</value>
				<value ID="P">Percentual</value> 
				</valueMap> 
		</field>
		<field title="Update date" name="UPDDATE" type="datetime" displayFormat="toEuropeanShortDateTime" width="100" editorType="TextItem" align="left" cellAlign="left" canEdit="false" detail="true"></field>
		<field title="Update type" name="UPDTYPE"  type="text" escapeHTML="true"      canEdit="false" length="1" width="100" align="left" cellAlign="left" detail="true">
           <valueMap>
				<value ID="C">Create</value>
				<value ID="U">Update</value>
			</valueMap>
		</field>
		<field title="Update user" name="UPDUSR" primaryKey="true"  length="30"  type="text" escapeHTML="true"      canEdit="false" width="100" align="left" cellAlign="left" detail="true"></field>
	</fields>
		<serverObject lookupStyle="new" className="it.ccg.pamp.server.dmi.UserDMI"/>
	 <operationBindings>
	<operationBinding operationType="update" requiresRole="user"></operationBinding>
	<operationBinding operationType="delete" requiresRole="user"></operationBinding>
	<operationBinding operationType="add" requiresRole="user"></operationBinding>
    
	 <operationBinding operationId="pmptsmmarfetch" operationType="fetch">  
          <whereClause><![CDATA[(pmptsmmar.UPDUSR=$criteria.USER) AND ($defaultWhereClause)]]></whereClause>  
      </operationBinding>  
</operationBindings> 
</DataSource>