<DataSource 
	  
	tableName="pmptsubtyp"
	ID="pmptsubtyp"
	dataSourceVersion="1"
	serverType="sql">
	<fields>
		<field title="Instr. type" name="INSTRTYPE"  primaryKey="true" required="true" editorType="ComboBoxItem" canEdit="true"  length="30"  type="text" escapeHTML="true"      width="100" detail="false"></field> 
  		<field title="Instr. sub-type" name="INSTRSTYPE"  type="text" escapeHTML="true"      required="true" primaryKey="true" canEdit="true"  length="30"  width="200" detail="false"></field>
  		<field title="Sub-type description" name="STYPEDESC"  type="text" escapeHTML="true"      canEdit="true" length="30" detail="false"></field>
		<field title="Update date" name="UPDDATE" type="datetime"  width="100" editorType="TextItem" align="left" cellAlign="left" canEdit="false" detail="true"></field>
		<field title="Update type" name="UPDTYPE"  type="text" escapeHTML="true"      canEdit="false" length="1" width="100" align="left" cellAlign="left" detail="true">
           <valueMap>
				<value ID="C">Create</value>
				<value ID="U">Update</value>
			</valueMap>
		</field>
		<field title="Update user" name="UPDUSR" length="30"  type="text" escapeHTML="true"      canEdit="false" width="100" align="left" cellAlign="left" detail="true"></field>
	</fields>
  	<serverObject lookupStyle="new" className="it.ccg.pamp.server.dmi.StandardDMI"/>
  	<operationBindings>
	<operationBinding operationType="update" requiresRole="user"></operationBinding>
	<operationBinding operationType="delete" requiresRole="user"></operationBinding>
	<operationBinding operationType="add" requiresRole="user"></operationBinding>
	<operationBinding operationId="pmptsubtyp_fetch_ssdf" operationType="fetch" >
	 <selectClause>distinct pmptsubtyp.INSTRSTYPE, pmptsubtyp.STYPEDESC</selectClause>  
       <tableClause>pmptsubtyp as pmptsubtyp</tableClause>  
       <whereClause><![CDATA[pmptsubtyp.INSTRTYPE='FE'
       AND $defaultWhereClause]]></whereClause>  
    </operationBinding>
	 <operationBinding operationId="pmptsubtyp_fetch_eqselection" operationType="fetch" >
	 <selectClause>distinct pmptsubtyp.INSTRSTYPE, pmptsubtyp.STYPEDESC</selectClause>  
       <tableClause>pmptsubtyp as pmptsubtyp</tableClause>  
       <whereClause><![CDATA[pmptsubtyp.INSTRTYPE='A'
       AND $defaultWhereClause]]></whereClause>  
    </operationBinding>
     <operationBinding operationId="pmptsubtyp_fetch_hcoekbselection" operationType="fetch" >
	  <selectClause>distinct pmptsubtyp.INSTRSTYPE, pmptsubtyp.STYPEDESC</selectClause>  
       <tableClause>pmptsubtyp as pmptsubtyp</tableClause>  
       <whereClause><![CDATA[pmptsubtyp.INSTRTYPE='C'
       AND $defaultWhereClause]]></whereClause>  
    </operationBinding>
    <operationBinding operationId="pmptsubtyp_fetch_hc" operationType="fetch" >
	 <selectClause>distinct pmptsubtyp.INSTRSTYPE, pmptsubtyp.STYPEDESC</selectClause>  
       <tableClause>pmptsubtyp as pmptsubtyp, pmptinstr as pmptinstr</tableClause>  
       <whereClause><![CDATA[pmptinstr.instrtype=pmptsubtyp.instrtype  and  $defaultWhereClause]]></whereClause>  
    </operationBinding>
    
 </operationBindings>  	
</DataSource>




