<DataSource 
	  
	tableName="pmptgrcmp"
	ID="pmptgrcmp"
	dataSourceVersion="1"
	serverType="sql"
>
	<fields>
		<field title="Group ID" name="GRID" type="integer" filterOperator="equals" primaryKey="true" editorType="ComboBoxItem" foreignKey="pmptgroup.GRID" width="100" detail="true"></field>
		<field title="Instrument ID" name="INSTRID" type="integer" filterOperator="equals" primaryKey="true" editorType="ComboBoxItem" width="80" detail="true"></field>
		<field title="Instrument name" customSQL="true" tableName="pmptinstr" name="INSTRNAME" length="255" editorType="ComboBoxItem"  type="text" escapeHTML="true"      canFilter="true" width="100" align="left" cellAlign="left" detail="false" canEdit="false"></field>
	    <field title="Reuters code" customSQL="true" tableName="pmptinstr" name="RICCODE"  length="30"  type="text" escapeHTML="true"      canFilter="true" width="90" align="left" cellAlign="left" detail="false" canEdit="false"></field>
	    <field title="Instr. code" customSQL="true" tableName="pmptinstr" name="CLASSCODE"  length="30"  type="text" escapeHTML="true"      canFilter="true" width="80" align="left" cellAlign="left" detail="false" canEdit="false"></field>
	    <field title="ISIN code" customSQL="true" tableName="pmptinstr" name="ISINCODE"  length="12"  type="text" escapeHTML="true"      canFilter="true" width="90" align="left" cellAlign="left" detail="false" canEdit="false"></field>
	    <field title="Type" customSQL="true" tableName="pmptinstr" name="INSTRTYPE"  length="30"  type="text" escapeHTML="true"      editorType="ComboBoxItem" canFilter="true" width="100" align="left" cellAlign="left" detail="false" canEdit="false"></field>
	    <field title="Segment" customSQL="true" tableName="pmptinstr" name="SGMCODE" length="30"  type="text" escapeHTML="true"      canFilter="true" width="90" align="left" cellAlign="left" detail="false" canEdit="false"></field>
	    <field title="Update date" name="UPDDATE" type="datetime" width="100" editorType="TextItem" align="left" cellAlign="left" canEdit="false" detail="true"></field>
		<field title="Update type" name="UPDTYPE"  type="text" escapeHTML="true"      canEdit="false" length="1" width="100" align="left" cellAlign="left" detail="true">
           <valueMap>
				<value ID="C">Create</value>
				<value ID="U">Update</value>
			</valueMap>
		</field>
		<field title="Update user" name="UPDUSR" length="30"  type="text" escapeHTML="true"      canEdit="false" width="100" align="left" cellAlign="left" detail="true"></field>
</fields>	    
<serverObject lookupStyle="new" className="it.ccg.pamp.server.dmi.StandardDMI"/>
 <operationBindings>
	<operationBinding operationType="update" requiresRole="user"></operationBinding>
	<operationBinding operationType="delete" requiresRole="user"></operationBinding>
	<operationBinding operationType="add" requiresRole="user"></operationBinding>
  
      <operationBinding operationId="groupjoin" operationType="fetch">  
          <selectClause>
          pmptgrcmp.*,pmptinstr.INSTRNAME AS INSTRNAME, pmptinstr.CLASSCODE AS CLASSCODE,
          pmptinstr.RICCODE, pmptinstr.ISINCODE, pmptinstr.INSTRTYPE, pmptinstr.SGMCODE 
          </selectClause>
          <tableClause>pmptgrcmp, pmptinstr</tableClause>  
          <whereClause>
          	<![CDATA[
          		pmptinstr.INSTRID = pmptgrcmp.INSTRID 
          		AND($defaultWhereClause)
	         ]]>  
          </whereClause>  
       </operationBinding>  
  </operationBindings>  	
	
	
</DataSource>