<DataSource 
	  
	tableName="pmptclass"
	ID="pmptclass"
	serverType="sql"
>
	<fields>
		<field title="Class ID" name="CLASSID" type="sequence" filterOperator="equals" width="100" canEdit="true" primaryKey="true" cellAlign="left" align="left" detail="true"></field>
		<field title="Bond class" name="CLASSDESC"  type="text" escapeHTML="true"      canEdit="true" length="30" required="true"  editorType="ComboBoxItem" align="left" cellAlign="left" detail="false">
		<validators>  
             <validator type="isUnique"  errorMessage="Another record with same class name already exists."/>  
          </validators>  
          </field>
  		<field title="Status" name="STATUS"  type="text" escapeHTML="true"      required="true" canEdit="true" length="1" width="100" align="left" cellAlign="left" detail="false">
	        <valueMap>  
				<value ID="E">Enabled</value>
				<value ID="D">Disabled</value>    
 			</valueMap> 
   		</field>
   		 <field title="Division" name="DIVISCODE" required="true" length="20" type="enum" width="100" canEdit="true" detail="true">
			<valueMap>
				<value ID="E">Equities</value>
				<value ID="D">Eq.derivates</value>
				<value ID="I">Infl.bond</value>
				<value ID="O">Bond</value> 
				 <value ID="B">I.R. Nodes</value>
				<value ID="L">Elect.derivates</value>
				<value ID="X">Indices</value>
				<value ID="C">Currency</value>
<value ID="Y">Comparable</value>
<value ID="H">Haircut</value>
			</valueMap>
		</field>
		<field title="Min Dur." name="MINDUR" type="float"  width="100" canEdit="true"  cellAlign="left" align="left" detail="true"></field>
		<field title="Max Dur." name="MAXDUR" type="float"  width="100" canEdit="true"  cellAlign="left" align="left" detail="true"></field>
   		<field title="Update date" name="UPDDATE" type="datetime" width="100" editorType="TextItem" align="left" cellAlign="left" canEdit="false" detail="true"></field>
		<field title="Update type" name="UPDTYPE"  type="text" escapeHTML="true"      canEdit="false" length="1" width="100" align="left" cellAlign="left" detail="true">
           <valueMap>
				<value ID="C">Create</value>
				<value ID="U">Update</value>
			</valueMap>
		</field>
		<field title="Update user" name="UPDUSR" length="30"  type="text" escapeHTML="true"      canEdit="false" width="100" align="left" cellAlign="left" detail="true"></field>
</fields>	    
<serverObject lookupStyle="new" className="it.ccg.pamp.server.dmi.StandardDMI"/>
 <operationBindings>
	<operationBinding operationType="update" requiresRole="user"></operationBinding>
	<operationBinding operationType="delete" requiresRole="user"></operationBinding>
	<operationBinding operationType="add" requiresRole="user"></operationBinding>

	<operationBinding operationId="pmptclass_fetch_bo" operationType="fetch">  
         <whereClause><![CDATA[status='E' and diviscode='B' and ($defaultWhereClause)]]></whereClause>  
    </operationBinding>
    <operationBinding operationId="pmptclass_fetch_bo_all_status" operationType="fetch">  
         <whereClause><![CDATA[diviscode='B' and ($defaultWhereClause)]]></whereClause>  
    </operationBinding>    
    <operationBinding operationId="pmptclass_fetch_obo" operationType="fetch">  
         <whereClause><![CDATA[status='E' and (diviscode='B' or diviscode='I') and ($defaultWhereClause)]]></whereClause>  
    </operationBinding>  
    
    <operationBinding operationId="pmptclass_fetch_obo_all_status" operationType="fetch">  
         <whereClause><![CDATA[(diviscode='B' or diviscode='I') and ($defaultWhereClause)]]></whereClause>  
    </operationBinding>  
      <operationBinding operationId="pmptclass_fetch_obo_forstress" operationType="fetch">  
         <whereClause><![CDATA[status='E' and (DIVISCODE = 'I' OR DIVISCODE = 'O' OR DIVISCODE = 'B') and ($defaultWhereClause)]]></whereClause>  
    </operationBinding>
   <operationBinding operationId="pmptclass_fetch_ibo" operationType="fetch">  
         <whereClause><![CDATA[status='E' and diviscode='I' and ($defaultWhereClause)]]></whereClause>  
    </operationBinding> 
    <operationBinding operationId="pmptclass_fetch_ibo_all_status" operationType="fetch">  
         <whereClause><![CDATA[diviscode='I' and ($defaultWhereClause)]]></whereClause>  
    </operationBinding> 
    <operationBinding operationId="pmptclass_fetch_agrex" operationType="fetch">  
         <whereClause><![CDATA[status='U' and diviscode='W' and ($defaultWhereClause)]]></whereClause>  
    </operationBinding>
    <operationBinding operationId="pmptclass_fetch_oboforbacktest" operationType="fetch">  
         <whereClause><![CDATA[(diviscode='B' or diviscode='I') and ($defaultWhereClause)]]></whereClause>  
    </operationBinding>  
	</operationBindings>
</DataSource>
