<DataSource 
	  
	tableName="pmpvhisvde"
	ID="pmpthispr_ed_hisview"
	dataSourceVersion="1"
	serverType="sql"
>
	<fields>
		<field title="Instrument ID" name="INSTRID" type="integer" filterOperator="equals"  width="100" detail="true" editorType="ComboBoxItem" align="left" cellAlign="left"></field>
		<field title="Date" name="PRICEDATE" type="datetime"  width="100%" detail="false" align="left" cellAlign="left"></field>
		<field title="Prog. exp." name="PRGEXP" type="integer"  editorType="TextItem" filterEditorType="SpinnerItem"  canEdit="true" width="85" align="left" cellAlign="left" detail="false"></field>
		<field title="Price" name="CLOSEPRRET" type="integer" filterOperator="equals"  width="70" detail="false" align="left" cellAlign="left"></field>
		<field title="Und. Price" name="UCLOSEPRRET" type="integer" filterOperator="equals"  width="70" detail="false" align="left" cellAlign="left"></field>
		<field title="Status" name="STATUS"  type="text" escapeHTML="true"      length="1" required="true" editorType="ComboBoxItem" canEdit="false" width="90" align="left" cellAlign="left" detail="false">
 		<valueMap>
				<value ID="E">Enabled</value>
				<value ID="A">Analysis only</value>
				<value ID="D">Disabled</value>
			</valueMap>
 		</field>
 		<field title="Hist. prices" name="DERHIST"  type="text" escapeHTML="true"      canEdit="true" length="1" width="100" align="left" cellAlign="left" detail="true">
			<valueMap>
				<value ID="F">Underlying</value>
				<value ID="T">Own</value>
			</valueMap>
		</field>
 		<field title="Variation" name="VARIAT" type="float" filterOperator="equals" width="100" align="left" cellAlign="left" detail="false" ></field>
		<field title="HP" name="NV" type="integer" filterOperator="equals" editorType="ComboBoxItem" width="100" detail="false" align="left" cellAlign="left"></field>
		<field title="Hist. volatility" name="HISTVOLA" type="integer" filterOperator="equals"  width="100" detail="false" align="left" cellAlign="left"></field>
		<field title="Margin" name="MARGIN" type="integer" filterOperator="equals"  width="100" detail="false" align="left" cellAlign="left"></field>
	</fields>
	<operationBindings>
	<operationBinding operationType="update" requiresRole="user"></operationBinding>
	<operationBinding operationType="delete" requiresRole="user"></operationBinding>
	<operationBinding operationType="add" requiresRole="user"></operationBinding>
 </operationBindings>  	
</DataSource>
