
<DataSource 
	  
	tableName="pmptstrcdf"
	ID="pmptstrcdf"
	dataSourceVersion="1"
	serverType="sql"
>
	<fields>
		<field title="Period" customSQL="true" tableName="pmptper" name="NDAYSDESC"  type="text" escapeHTML="true"      canFilter="true" editorType="ComboBoxItem" width="80" align="left" cellAlign="left" detail="false" canEdit="false"></field>
		<field title="Period (days)" name="NDAYSPER" primaryKey="true" canEdit="false" type="integer" filterOperator="equals" length="255" width="80" editorType="ComboBoxItem" align="left" cellAlign="left" detail="false"></field>
		<field title="HP" name="NV" primaryKey="true" canEdit="false" type="integer" filterOperator="equals" length="30" width="50" align="left" cellAlign="left" detail="false"></field>
		<field title="Status" name="STATUS" length="1"  type="text" escapeHTML="true"      canEdit="true" align="left" cellAlign="left" detail="false">
			<valueMap>
				<value ID="E">Enabled</value>
				<value ID="A">Analysis only</value>
				<value ID="D">Disabled</value>
			</valueMap>
		</field>
		<field title="Update date" name="UPDDATE" type="datetime" width="100" editorType="TextItem" align="left" cellAlign="left" canEdit="false" detail="true"></field>
		<field title="Update type" name="UPDTYPE"  type="text" escapeHTML="true"      canEdit="false" length="1" width="100" align="left" cellAlign="left" detail="true">
           <valueMap>
				<value ID="C">Create</value>
				<value ID="U">Update</value>
			</valueMap>
		</field>
		<field title="Update user" name="UPDUSR" length="30"  type="text" escapeHTML="true"      canEdit="false" width="100" align="left" cellAlign="left" detail="true"></field>
	</fields>
 <serverObject lookupStyle="new" className="it.ccg.pamp.server.dmi.StandardDMI"/>  
 <operationBindings>
	<operationBinding operationType="update" requiresRole="user"></operationBinding>
	<operationBinding operationType="delete" requiresRole="user"></operationBinding>
	<operationBinding operationType="add" requiresRole="user"></operationBinding>

		<operationBinding operationType="fetch">
		  <customSQL>
		    SELECT pmptstrcdf.*, pmptper.NDAYSDESC AS NDAYSDESC
		    FROM  pmptstrcdf,pmptper
		    WHERE pmptstrcdf.NDAYSPER = pmptper.NDAYSPER
              AND ($defaultWhereClause)
		  </customSQL>
		</operationBinding>
	</operationBindings>
</DataSource>
