 <DataSource 
	  
	tableName="pmptsstpah"
	ID="pmptsstpah"
	dataSourceVersion="1"
	serverType="sql"
>
	<fields>
	    <field title="Sens. test ID" name="SSTID" length="50" type="integer" filterOperator="equals" primaryKey="true" canEdit="false" editorType="TextItem" filterEditorType="SpinnerItem" width="100%"  align="left" cellAlign="left" detail="false"></field>
		<field title="Instr. type" name="INSTRTYPE"  type="text" escapeHTML="true" primaryKey="true"  width="100%"   canEdit="false"  length="30"  align="left" cellAlign="left" detail="false"></field>
	    <field title="Iteration Stress test id ref" name="ITSTID" type="integer" filterOperator="equals" editorType="TextItem" filterEditorType="SpinnerItem" width="100%" canEdit="false"  align="left" cellAlign="left" detail="false" ></field>
    	<field title="Iteration num." name="ITER" type="integer" filterOperator="equals" editorType="TextItem" filterEditorType="SpinnerItem" primaryKey="true" width="100%" canEdit="false"  align="left" cellAlign="left" detail="false"></field>
		<field title="Stress test ID" name="STID" length="50" type="integer" filterOperator="equals" canEdit="true" editorType="TextItem" filterEditorType="SpinnerItem" width="100%"  align="left" cellAlign="left" detail="false"></field>
	    <field title="Scenario" name="SCENARIO"  type="text" escapeHTML="true"      length="1"  canEdit="true" width="100%" filterEditorType="SelectItem" align="left" cellAlign="left" detail="false">
	     <valueMap>
				<value ID="I">Increase</value>
				<value ID="D">Decrease</value>
			</valueMap>
	    </field>	
		 <field title="Price coeff." name="VARCOEFF" type="float" filterOperator="equals" editorType="TextItem" filterEditorType="SpinnerItem" width="100%"  align="left" cellAlign="left" canEdit="true" detail="false"></field>
	    <field title="Confidence off." name="CONFOFF" type="float" filterOperator="equals" editorType="TextItem" filterEditorType="SpinnerItem" width="100%" align="left" cellAlign="left"  canEdit="true" detail="false"></field>
	    <field title="Add. HP" name="ADDNV" type="integer" filterOperator="equals" editorType="TextItem" filterEditorType="SpinnerItem" width="100%" align="left" cellAlign="left"  canEdit="true" detail="false"></field>
		 <field title="Date to stress" name="HISTUPDDAY" type="date" customSelectExpression="CAST(HISTUPDDAY as DATE)" required="true" canEdit="false" customUpdateExpression="$values.HISTUPDDAY" width="110" align="left" cellAlign="left" detail="false"></field>
		<field title="Stress the most recent price" name="HISTUPDLST"   type="text" escapeHTML="true"      canEdit="false" length="1" width="100%" align="left" cellAlign="left" detail="true">
		<valueMap>
				<value ID="T">True</value>
				<value ID="F">False</value>
			</valueMap>
		</field> 
		<field title="Cust. instr. off." name="CUSTINSTR"   type="text" escapeHTML="true"    length="1024" align="left" cellAlign="left" canEdit="false" detail="true"></field>
		<field title="Mar. comp. sett." name="MARCOMPST"   type="text" escapeHTML="true"    length="1024" align="left" cellAlign="left" canEdit="false" detail="true"></field>
		<field title="Update date" name="UPDDATE" type="datetime" displayFormat="toEuropeanShortDateTime" width="100" editorType="TextItem" align="left" cellAlign="left" canEdit="false" detail="true"></field>
		<field title="Update type" name="UPDTYPE"  type="text" escapeHTML="true"      canEdit="false" length="1" width="100" align="left" cellAlign="left" detail="true">
           <valueMap>
				<value ID="C">Create</value>
				<value ID="U">Update</value>
			</valueMap>
		</field>
		<field title="Update user" name="UPDUSR" length="30"  type="text" escapeHTML="true"      canEdit="false" width="100" align="left" cellAlign="left" detail="true"></field>
	</fields>
	<serverObject lookupStyle="new" className="it.ccg.pamp.server.dmi.StandardDMI"/>
   <operationBindings>
	<operationBinding operationType="update" requiresRole="user"></operationBinding>
	<operationBinding operationType="delete" requiresRole="user"></operationBinding>
	<operationBinding operationType="add" requiresRole="user"></operationBinding>
	
   
	</operationBindings>
</DataSource>