<DataSource 
	  
	tableName="pmptsstdpr"
	ID="pmptsstdpr"
	dataSourceVersion="1"
	serverType="sql"
>
	<fields>
	<field title="Instrument name" customSQL="true" tableName="pmptinstr" name="INSTRNAME"  type="text" escapeHTML="true"        width="100%" editorType="TextItem" align="left" cellAlign="left" detail="false" canEdit="false"></field>
	    <field title="Instr. code" name="CLASSCODE" customSQL="true" tableName="pmptinstr" length="30" type="text" escapeHTML="true"  width="100" canEdit="false" detail="false"></field>
		<field title="ISIN code" name="ISINCODE" length="12" type="text" escapeHTML="true"  customSQL="true" tableName="pmptinstr" width="110" canEdit="false" detail="false"></field>
	    <field title="Ref. Agrex Instrument" name="UNDINSTRID" type="integer" tableName="pmptinstr" filterOperator="equals" editorType="ComboBoxItem" filterEditorType="SelectItem" width="180"  canEdit="true" align="left" cellAlign="left" detail="false"></field>
        <field title="Ref. Agrex Instrument ID" name="COLLNAME" type="integer" tableName="pmptinstr" filterOperator="equals" editorType="ComboBoxItem" filterEditorType="SelectItem" width="180"  canEdit="true" align="left" cellAlign="left" detail="true"></field>
        
        <field title="Iteration num." name="ITER" type="integer" primaryKey="true" width="100" canEdit="false" canFilter="true" align="left" cellAlign="left" detail="false"></field>
		<field title="Instrument ID" name="INSTRID" type="integer" filterOperator="equals" primaryKey="true" canEdit="false" editorType="ComboBoxItem" width="100" align="left" cellAlign="left" detail="true"></field>
		<field  title="Sens. test ID"  name="SSTID" length="50"  type="integer" filterOperator="equals" editorType="TextItem" filterEditorType="SpinnerItem" primaryKey="true" width="100" canEdit="false" align="left" cellAlign="left" detail="false"></field>
		<field title="Exp." name="EXPIRY" type="integer" filterOperator="equals"  canEdit="true" primaryKey="true" required="true" width="100" align="left" cellAlign="left" detail="false"></field>
		 <field title="Put/Call" name="PC"  type="text" escapeHTML="true"      length="1" primaryKey="true" required="true" editorType="ComboBoxItem" canEdit="true" width="80" align="left" cellAlign="left" detail="false">
	      <valueMap>  
				<value ID="C">Call</value>  
				<value ID="P">Put</value>		  
				<value ID="F">Futures</value>		       
 			</valueMap>
 		 </field>
		<field title="Strike" name="STRIKE" type="float" filterOperator="equals" primaryKey="true" required="true" canEdit="true" width="100" align="left" cellAlign="left" detail="false" ></field>
		<field title="Price" name="PRICE" type="float" filterOperator="equals"  canEdit="false" align="left" width="100"  editorType="TextItem" filterEditorType="SpinnerItem"  cellAlign="left" detail="false"></field>
		<field title="Sens. price" name="SENSPRICE" type="float" filterOperator="equals"  canEdit="false" width="100" align="left"  editorType="TextItem" filterEditorType="SpinnerItem"  cellAlign="left" detail="false"></field>
	    <field title="Imp.vola." name="IMPVOLA" type="float" filterOperator="equals" required="true" width="80"  align="left" cellAlign="left" canEdit="true" detail="false" ></field>
	    <field title="Sens. Imp.vola." name="SENSIMPVOL" type="float" filterOperator="equals" required="true" width="80"  align="left" cellAlign="left" canEdit="true" detail="false" ></field>
	     <field title="ATM" name="ATM"  type="text" escapeHTML="true"      length="1" required="true" editorType="ComboBoxItem" canEdit="true" width="80" align="left" cellAlign="left" detail="false"></field>
	     <field title="Sens. ATM" name="SENSATM"  type="text" escapeHTML="true"      length="1"  required="true" editorType="ComboBoxItem" canEdit="true" width="80" align="left" cellAlign="left" detail="false"></field>
	    <field title="Code" name="CODE"  type="text" escapeHTML="true"      length="12"  required="true" align="left" cellAlign="left" canEdit="true" width="90" detail="true"></field>
	    <field title="Margin" name="MARGIN" customSQL="true" tableName="pmptsstres" type="float" filterOperator="equals"  canEdit="false" align="left" width="100"  editorType="TextItem" filterEditorType="SpinnerItem"  cellAlign="left" detail="false"></field>
		<field title="Sens. margin" name="SENSMARGIN" customSQL="true" tableName="pmptsstres" type="float" filterOperator="equals"  canEdit="false" width="100" align="left"  editorType="TextItem" filterEditorType="SpinnerItem"  cellAlign="left" detail="false"></field>
	    <field title="Shift" name="SHIFT" type="integer" filterOperator="equals"  canEdit="true"  required="true" width="100" align="left" cellAlign="left" detail="false"></field>
	  <field title="Sent" name="SENT" length="1" type="enum" canToggle="true" width="60" detail="true">
	        <valueMap>  
				<value ID="T">Sent</value>  
				<value ID="F">Not sent</value>   
 			</valueMap> 
   		</field>	
	    <field title="Status" name="STATUS" length="1" canEdit="true" type="enum" align="left" cellAlign="left" width="50" detail="true">
	        <valueMap>  
				<value ID="E">Enabled</value>  
				<value ID="D">Disabled</value>  
 			</valueMap> 
   		</field>
   		<field title="Log" name="LOG"   type="text" escapeHTML="true"      width="200" align="left" cellAlign="left" detail="true"></field>
 	<field title="Update date" name="UPDDATE" type="datetime" displayFormat="toEuropeanShortDateTime" width="100" editorType="TextItem" align="left" cellAlign="left" canEdit="false" detail="true"></field>
		<field title="Update type" name="UPDTYPE"  type="text" escapeHTML="true"      canEdit="false" length="1" width="100" align="left" cellAlign="left" detail="true">
           <valueMap>
				<value ID="C">Create</value>
				<value ID="U">Update</value>
			</valueMap>
		</field>
		<field title="Update user" name="UPDUSR" length="30"  type="text" escapeHTML="true"      canEdit="false" width="100" align="left" cellAlign="left" detail="true"></field>
	</fields>
  <serverObject lookupStyle="new" className="it.ccg.pamp.server.dmi.StandardDMI"/>
  <operationBindings>
	<operationBinding operationType="update" requiresRole="user"></operationBinding>
	<operationBinding operationType="delete" requiresRole="user"></operationBinding>
	<operationBinding operationType="add" requiresRole="user"></operationBinding>
	
	     <operationBinding operationId="pmptsstdpr_fetch_ed" operationType="fetch" 
      customValueFields="INSTRNAME,ISINCODE,CLASSCODE" 
      customCriteriaFields="INSTRNAME,ISINCODE,CLASSCODE">  
       <selectClause>pmptinstr.INSTRNAME,pmptinstr.CLASSCODE,pmptinstr.ISINCODE, PMPTSSTDPR.*</selectClause>
       <tableClause>PMPTSSTDPR PMPTSSTDPR, pmptinstr as pmptinstr</tableClause>  
       <whereClause><![CDATA[ PMPTSSTDPR.instrid=pmptinstr.instrid and pmptinstr.diviscode='D'
       AND $defaultWhereClause]]></whereClause>  
    </operationBinding>     
    <operationBinding operationId="pmptsstdpr_fetch_el" operationType="fetch" 
      customValueFields="INSTRNAME,ISINCODE,CLASSCODE,MARGIN, SENSMARGIN" 
      customCriteriaFields="INSTRNAME,ISINCODE,CLASSCODE,MARGIN, SENSMARGIN">  
       <selectClause>pmptsstres.MARGIN,pmptinstr.INSTRNAME,pmptinstr.CLASSCODE,pmptinstr.ISINCODE, pmptsstres.SENSMARGIN,PMPTSSTDPR.*</selectClause>
       <tableClause>PMPTSSTDPR PMPTSSTDPR, pmptsstres pmptsstres, pmptinstr as pmptinstr</tableClause>  
       <whereClause><![CDATA[ PMPTSSTDPR.instrid=pmptinstr.instrid AND PMPTSSTDPR.SSTID=pmptsstres.SSTID and PMPTSSTDPR.INSTRID=pmptsstres.INSTRID and PMPTSSTDPR.ITER=pmptsstres.ITER
       and pmptinstr.diviscode='L'
       AND $defaultWhereClause]]></whereClause>  
    </operationBinding>
    <operationBinding operationId="pmptsstdpr_fetch_agx" operationType="fetch" 
      customValueFields="INSTRNAME,ISINCODE,CLASSCODE,UNDINSTRID, COLLNAME" 
      customCriteriaFields="INSTRNAME,ISINCODE,CLASSCODE,UNDINSTRID, COLLNAME">  
       <selectClause>pmptinstr.INSTRNAME,pmptinstr.CLASSCODE,pmptinstr.UNDINSTRID,pmptinstr.UNDINSTRID as COLLNAME, pmptinstr.ISINCODE, PMPTSSTDPR.*</selectClause>
       <tableClause>PMPTSSTDPR PMPTSSTDPR, pmptinstr as pmptinstr</tableClause>  
       <whereClause><![CDATA[ PMPTSSTDPR.instrid=pmptinstr.instrid 
       and pmptinstr.diviscode='W' and pmptinstr.minmartype='U'
       AND $defaultWhereClause]]></whereClause>  
    </operationBinding>  
 </operationBindings>  	
</DataSource>
