 <DataSource 
	  
	tableName="pmptbtmmbr"
	ID="pmptbtmmbr"
	dataSourceVersion="1"
	serverType="sql"
>
	<fields>
		<field title="Back test ID" name="BTID" primaryKey="true" type="integer" filterOperator="equals" canEdit="false" width="100"  align="left" cellAlign="left" detail="true"></field>
		 <field title="Cl. part. ID" name="MBRID" primaryKey="true" type="integer" filterOperator="equals" canEdit="false" width="100"  align="left" cellAlign="left" detail="true"></field>
	   <field title="Gen. Cl. part. ID" name="GMBRID" primaryKey="true" type="integer" filterOperator="equals" canEdit="false"  width="100"  align="left" cellAlign="left" detail="true"></field>
	   <field title="Ref. date" name="REFDATE"  primaryKey="true"   type="date" customSelectExpression="CAST(REFDATE as DATE)"  customUpdateExpression="$values.REFDATE"   width="110" canEdit="false" detail="false" align="left" cellAlign="left" ></field>
		<field title="Account type" name="ACCTYPE" primaryKey="true"  type="text" escapeHTML="true"      canEdit="false" length="1" width="100" align="left" cellAlign="left" detail="true">
           <valueMap>
				<value ID="C">Client</value>
				<value ID="F">Firm</value>
			</valueMap>
		</field>
		<field title="HP" name="NV" type="integer" filterOperator="equals"  canEdit="false" width="100" align="left"  editorType="TextItem" filterEditorType="SpinnerItem"  cellAlign="left" detail="false"></field>
		<field title="Gain(-)/Loss(+)" name="MTM" type="float" filterOperator="equals"  canEdit="false" width="100" align="left"  editorType="TextItem" filterEditorType="SpinnerItem"  cellAlign="left" detail="false"></field>
		<field title="Liq. perc." name="LIQPERC" type="float" filterOperator="equals"  canEdit="false" width="100" align="left"  editorType="TextItem" filterEditorType="SpinnerItem"  cellAlign="left" detail="false"></field>
		<field title="100% G(-)/L(+)" name="TOTMTM" type="float" filterOperator="equals"  canEdit="false" width="100" align="left"  editorType="TextItem" filterEditorType="SpinnerItem"  cellAlign="left" detail="false"></field>
		<field title="Uncov. Loss" name="UNCOVGL" type="float" filterOperator="equals"  canEdit="false" width="100" align="left"  editorType="TextItem" filterEditorType="SpinnerItem"  cellAlign="left" detail="false"></field>
   		<field title="Risk fact. cover." name="RFCOVERED"  type="text" escapeHTML="true"      length="1" canEdit="false" width="100" filterEditorType="SelectItem" align="left" cellAlign="left" detail="false">
	     <valueMap>
				<value ID="T">True</value>
				<value ID="F">False</value>
			</valueMap>
	    </field>
	    <field title="Log" name="BTLOG"   type="text" escapeHTML="true"  length="1000" width="100" align="left" cellAlign="left" canEdit="false" detail="true"></field>
		<field title="Update date" name="UPDDATE" type="datetime"  width="100" editorType="TextItem" align="left" cellAlign="left" canEdit="false" detail="true"></field>
		<field title="Update type" name="UPDTYPE"  type="text" escapeHTML="true"      canEdit="false" length="1" width="100" align="left" cellAlign="left" detail="true">
           <valueMap>
				<value ID="C">Create</value>
				<value ID="U">Update</value>
			</valueMap>
		</field>
		
		<field title="Update user" name="UPDUSR" length="30"  type="text" escapeHTML="true"    canEdit="false" width="100" align="left" cellAlign="left" detail="true"></field>
	    <field title="Currency" name="CURRENCY"  length="10"  type="text" escapeHTML="true"      filterEditorType="SelectItem" width="80" canEdit="false" detail="true">
			
				<valueMap>
				<value ID="IT   ">LIT</value>
				<value ID="US   ">USD</value>
				<value ID="EU   ">EUR</value>
				<value ID="GB   ">GBP</value>
				<value ID="NO   ">NOK</value>
				<value ID="SE   ">SEK</value>
				<value ID="CH   ">CHF</value>
				<value ID="DK   ">DKK</value>
				<value ID="CA   ">CAD</value>
				<value ID="JP   ">JPY</value>
				<value ID="IS   ">ISK</value>
			</valueMap>
		</field>
		 <field title="Sub A/C" name="SUBACCT"   type="text" escapeHTML="true"   width="100"    length="100" align="left" cellAlign="left" canEdit="false" detail="true"></field>
		
	</fields>
  	<serverObject lookupStyle="new" className="it.ccg.pamp.server.dmi.StandardDMI"/>
  	<operationBindings>
	<operationBinding operationType="update" requiresRole="user"></operationBinding>
	<operationBinding operationType="delete" requiresRole="user"></operationBinding>
	<operationBinding operationType="add" requiresRole="user"></operationBinding>
  
      <operationBinding operationId="pmptbtmmbr_mbrselector" operationType="fetch">  
       <selectClause>distinct SCENARIO,STID,MBRID,GMBRID,MBRDESC,GMBRDESC</selectClause>
    </operationBinding>      
      <operationBinding operationId="pmptbtmmbr_mbr" operationType="fetch">  
       <selectClause>distinct MBRID</selectClause>
    </operationBinding>      
      <operationBinding operationId="pmptbtmmbr_gmbr" operationType="fetch">  
       <selectClause>distinct GMBRID</selectClause>
    </operationBinding>        
 </operationBindings>  	
  
</DataSource>