<DataSource 
	  
	tableName="pmptrc"
	ID="pmptrc"
	dataSourceVersion="1"
	serverType="sql"
>
	<fields>
	<field title="Motivation date" name="RCDATE" type="datetime"   width="120"  canEdit="true" align="left" cellAlign="left" detail="false"></field>
		<field title="Code" name="RCCODE" type="sequence" filterOperator="equals" primaryKey="true" canEdit="false"  width="120" align="left" cellAlign="left" detail="true"></field>
		<field title="Motivation description" name="RCDESC" length="30" required="true"  type="text" escapeHTML="true"      width="100%" canEdit="true" align="left" cellAlign="left" detail="false">
		  <validators>  
             <validator type="isUnique"  errorMessage="Another record with same description already exists."/>  
          </validators>
		</field>
		<field title="Df. valid date" name="DFINIVDATE"   type="datetime"   width="100" canEdit="true" align="left" cellAlign="left" detail="false" ></field>
		<field title="Df. end date" name="DFENDVDATE"   type="datetime"   width="75" canEdit="true" align="left" cellAlign="left" detail="false" ></field>
		<field title="Df. send date" name="DFSENDDATE"   type="datetime"   width="75" canEdit="true" align="left" cellAlign="left" detail="false" ></field>
		<field title="Update date" name="UPDDATE" type="datetime"  width="100" editorType="TextItem" align="left" cellAlign="left" canEdit="false" detail="true"></field>
		<field title="Update type" name="UPDTYPE"  type="text" escapeHTML="true"      canEdit="false" length="1" width="100" align="left" cellAlign="left" detail="true">
           <valueMap>
				<value ID="C">Create</value>
				<value ID="U">Update</value>
			</valueMap>
		</field>
		<field title="Update user" name="UPDUSR" length="30"  type="text" escapeHTML="true"      canEdit="false" width="100" align="left" cellAlign="left" detail="true"></field>
	</fields>
	<serverObject lookupStyle="new" className="it.ccg.pamp.server.dmi.StandardDMI"/>

<operationBindings>
	<operationBinding operationType="update" requiresRole="user"></operationBinding>
	<operationBinding operationType="delete" requiresRole="user"></operationBinding>
	<operationBinding operationType="add" requiresRole="user"></operationBinding>

<operationBinding operationId="pmptrc_fetch_currmargin" operationType="fetch">
       <whereClause><![CDATA[rccode in 
			(select distinct pmpvmar.rccode 
			from pmpvmar, pmptmar
			where pmpvmar.DIVISCODE = 'C' AND pmpvmar.INSTRID = pmptmar.INSTRID)
		    AND ($defaultWhereClause)]]></whereClause>  
		</operationBinding>       
		<operationBinding operationId="pmptrc_fetch_eqmargin" operationType="fetch">
       <whereClause><![CDATA[rccode in 
			(select distinct pmpvmar.rccode 
			from pmpvmar, pmptmar
			where pmpvmar.DIVISCODE = 'E' AND pmpvmar.INSTRID = pmptmar.INSTRID)
		    AND ($defaultWhereClause)]]></whereClause>  
		</operationBinding>        
		<operationBinding operationId="pmptrc_fetch_forcomparable" operationType="fetch">
       <whereClause><![CDATA[rccode in 
			(select distinct pmpvmar.rccode 
			from pmpvmar, pmptmar
			where pmpvmar.DIVISCODE = 'Y' AND pmpvmar.INSTRID = pmptmar.INSTRID)
		    AND ($defaultWhereClause)]]></whereClause>  
		</operationBinding>        
		<operationBinding operationId="pmptrc_fetch_eqgroupmargin" operationType="fetch">
       <whereClause><![CDATA[rccode in 
			(select distinct rccode 
			from pmptgroup
			where pmptgroup.DIVISCODE='E')
		    AND ($defaultWhereClause)]]></whereClause>         
		</operationBinding>
		    <operationBinding operationId="pmptrc_fetch_agxmargin" operationType="fetch">
       <whereClause><![CDATA[rccode in 
			(select distinct pmpvmar.rccode 
			from pmpvmar, pmptmar
			where pmpvmar.DIVISCODE = 'W' AND pmpvmar.INSTRID = pmptmar.INSTRID)
		    AND ($defaultWhereClause)]]></whereClause>  
		</operationBinding>   
		<operationBinding operationId="pmptrc_fetch_edmargin" operationType="fetch">
       <whereClause><![CDATA[rccode in 
			(select distinct pmpvmar.rccode 
			from pmpvmar, pmptmar
			where pmpvmar.DIVISCODE = 'D' AND pmpvmar.INSTRID = pmptmar.INSTRID)
		    AND ($defaultWhereClause)]]></whereClause>  
		</operationBinding>   
		<operationBinding operationId="pmptrc_fetch_edstraddle" operationType="fetch">
       <whereClause><![CDATA[rccode in 
			(select distinct pmpvstra.rccode 
			from pmpvstra, pmptstra, pmptinstr,pmptmar
			where pmpvstra.INSTRID = pmptstra.INSTRID  
              AND pmptinstr.INSTRID = pmptstra.INSTRID
               AND pmptstra.instrid = pmptmar.instrid
              AND pmptinstr.DIVISCODE = 'D')
		    AND ($defaultWhereClause)]]></whereClause>  
		</operationBinding>   
		<operationBinding operationId="pmptrc_fetch_edminmar" operationType="fetch">
       <whereClause><![CDATA[rccode in 
			(select distinct pmpvminmar.rccode 
			from pmpvminmar, pmptminmar, pmptinstr,pmptmar
			where pmpvminmar.INSTRID = pmptminmar.INSTRID 
              AND pmptinstr.INSTRID = pmptminmar.INSTRID
              AND pmptminmar.instrid = pmptmar.instrid
              AND pmptinstr.DIVISCODE = 'D')
		    AND ($defaultWhereClause)]]></whereClause>  
		</operationBinding> 
		<operationBinding operationId="pmptrc_fetch_edgroupmargin" operationType="fetch">
       <whereClause><![CDATA[rccode in 
			(select distinct rccode 
			from pmptgroup
			where pmptgroup.DIVISCODE='D')
		    AND ($defaultWhereClause)]]></whereClause>         
		</operationBinding>
		<operationBinding operationId="pmptrc_fetch_bo_ibo_classmargin" operationType="fetch">
       <whereClause><![CDATA[rccode in 
			(select distinct rccode 
			from pmptclmar
			where (pmptclmar.diviscode='B' OR pmptclmar.diviscode='B')
		    AND ($defaultWhereClause)]]></whereClause>  
		</operationBinding>   
		<operationBinding operationId="pmptrc_fetch_boclassmargin" operationType="fetch">
       <whereClause><![CDATA[rccode in 
			(select distinct rccode 
			from pmptclmar
			where pmptclmar.diviscode='B')
		    AND ($defaultWhereClause)]]></whereClause>  
		</operationBinding>   
		<operationBinding operationId="pmptrc_fetch_bointraclass" operationType="fetch">
       <whereClause><![CDATA[rccode in 
			(select distinct rccode 
			from pmptcltra,pmptclass
			where pmptcltra.classid=pmptclass.classid AND
           pmptclass.DIVISCODE='B')
		    AND ($defaultWhereClause)]]></whereClause>  
		</operationBinding> 
		<operationBinding operationId="pmptrc_fetch_bointerclass" operationType="fetch">
       <whereClause><![CDATA[rccode in 
			(select distinct pmptclter.rccode 
			from pmptclter,  pmptclass c1, pmptclass c2
			where pmptclter.classid1=c1.classid and
            pmptclter.classid2=c2.classid AND
           c1.DIVISCODE='B')
		    AND ($defaultWhereClause)]]></whereClause>  
		</operationBinding> 
		
		<operationBinding operationId="pmptrc_fetch_iboclassmargin" operationType="fetch">
       <whereClause><![CDATA[rccode in 
			(select distinct rccode 
			from pmptclmar
			where pmptclmar.diviscode='I')
		    AND ($defaultWhereClause)]]></whereClause>  
		</operationBinding>   
		<operationBinding operationId="pmptrc_fetch_ibointraclass" operationType="fetch">
       <whereClause><![CDATA[rccode in 
			(select distinct rccode 
			from pmptcltra,pmptclass
			where pmptcltra.classid=pmptclass.classid AND
           pmptclass.DIVISCODE='I')
		    AND ($defaultWhereClause)]]></whereClause>  
		</operationBinding> 
		<operationBinding operationId="pmptrc_fetch_ibointerclass" operationType="fetch">
       <whereClause><![CDATA[rccode in 
			(select distinct pmptclter.rccode 
			from pmptclter,  pmptclass c1, pmptclass c2
			where pmptclter.classid1=c1.classid and
            pmptclter.classid2=c2.classid AND
           c1.DIVISCODE='I')
		    AND ($defaultWhereClause)]]></whereClause>  
		</operationBinding> 
		
		<operationBinding operationId="pmptrc_fetch_elecmargin" operationType="fetch">
       <whereClause><![CDATA[rccode in 
			(select distinct pmpvmar.rccode 
			from pmpvmar, pmptmar
			where pmpvmar.DIVISCODE = 'L' AND pmpvmar.INSTRID = pmptmar.INSTRID)
		    AND ($defaultWhereClause)]]></whereClause>  
		</operationBinding> 
		<operationBinding operationId="pmptrc_fetch_elecminmar" operationType="fetch">
       <whereClause><![CDATA[rccode in 
			(select distinct pmpvminmar.rccode 
			from pmpvminmar, pmptminmar, pmptinstr,pmptmar
			where pmpvminmar.INSTRID = pmptminmar.INSTRID 
              AND pmptinstr.INSTRID = pmptminmar.INSTRID
              AND pmptminmar.instrid = pmptmar.instrid
              AND pmptinstr.DIVISCODE = 'L')
		    AND ($defaultWhereClause)]]></whereClause>  
		</operationBinding> 
		<operationBinding operationId="pmptrc_fetch_expmar" operationType="fetch">
       <whereClause><![CDATA[rccode in 
			(select distinct pmptelmar.rccode 
			from pmptelmar, pmptinstr
			where pmptinstr.DIVISCODE = 'L' 
       AND pmptelmar.INSTRID = pmptinstr.INSTRID)
		    AND ($defaultWhereClause)]]></whereClause>  
		</operationBinding> 
		<operationBinding operationId="pmptrc_fetch_elecgroupmargin" operationType="fetch">
       <whereClause><![CDATA[rccode in 
			(select distinct rccode 
			from pmptgroup
			where pmptgroup.DIVISCODE='L')
		    AND ($defaultWhereClause)]]></whereClause>         
		</operationBinding>
		<operationBinding operationId="pmptrc_fetch_elecgroup" operationType="fetch">
       <whereClause><![CDATA[rccode in 
			(select distinct rccode 
			from pmptlgrp
			where pmptlgrp.DIVISCODE='L')
		    AND ($defaultWhereClause)]]></whereClause>         
		</operationBinding>
</operationBindings>
	
	</DataSource>