 <DataSource 
	  
	tableName="pmptmar"
	ID="pmptmar_chkmar"
	dataSourceVersion="1"
	serverType="sql"
>
	<fields>
	<field title="Instrument name" name="INSTRNAME"  type="text" escapeHTML="true"      canFilter="true" align="left" cellAlign="left" detail="false" canEdit="false"></field>
		<field title="Instrument ID" name="INSTRID" type="integer" filterOperator="equals" primaryKey="true" width="80"  canEdit="false" align="left" cellAlign="left" detail="true"></field>
		<field title="Der. instr. name" name="DERINSTRNAME"  type="text" escapeHTML="true"      canFilter="true" align="left" cellAlign="left" detail="false" canEdit="false"></field>
		 <field title="Margin" name="MARGIN"  type="float" filterOperator="equals" width="90" canEdit="false" align="left" cellAlign="left" detail="false" ></field>
		  <field title="Der. margin" name="DERMARGIN"  type="float" filterOperator="equals" width="90" canEdit="false" align="left" cellAlign="left" detail="false" ></field>
		 <field title="Ratio" name="RATIO"  type="float" filterOperator="equals" width="90" canEdit="false" align="left" cellAlign="left" detail="false" ></field>
	</fields>
  	<serverObject lookupStyle="new" className="it.ccg.pamp.server.dmi.StandardDMI"/>
  	<operationBindings>
	<operationBinding operationType="update" requiresRole="user"></operationBinding>
	<operationBinding operationType="delete" requiresRole="user"></operationBinding>
	<operationBinding operationType="add" requiresRole="user"></operationBinding>
  
    <operationBinding operationType="fetch"
    customValueFields="INSTRID,INSTRNAME,DERINSTRNAME,MARGIN,DERMARGIN,RATIO" 
      customCriteriaFields="INSTRID,INSTRNAME,DERINSTRNAME,MARGIN,DERMARGIN,RATIO">  
        <customSQL>
				SELECT PMPTINSTR.INSTRID as instrid, PMPTINSTR.INSTRNAME as instrname,ID.INSTRNAME as DERINSTRNAME, 
				PMPTMAR.USERMARGIN AS MARGIN,  md.USERMARGIN AS DERMARGIN, PMPTMAR.USERMARGIN/md.USERMARGIN AS RATIO
                FROM PMPTINSTR as PMPTINSTR
                join pmptinstr ID on id.UNDINSTRID=PMPTINSTR.INSTRID
                join pmptsetup s on PMPTINSTR.DIVISCODE=s.DIVISCODE
                JOIN PMPTMAR as PMPTMAR on PMPTINSTR.instrid=PMPTMAR.instrid
                JOIN PMPTMAR MD on id.instrid=md.instrid and

           ($defaultWhereClause)
            
		  </customSQL>  
    </operationBinding>
 </operationBindings>  	
  
</DataSource>