<DataSource 
	  
	tableName="pmptxcspr"
	ID="pmptxcspr"
	dataSourceVersion="1"
	serverType="sql"
>
	<fields>
		<field title="Instrument ID" name="INSTRID" type="integer" filterOperator="equals" primaryKey="true" canEdit="false" width="100%"  align="left" cellAlign="left" detail="false"></field>
		<field  title="Instrument name" name="INSTRNAME"    tableName="pmptinstr" editorType="TextItem" length="255" width="100%"  type="text" escapeHTML="true"   align="left" cellAlign="left" detail="false"></field>
		<field title="Stress test ID" name="STID" type="integer" filterOperator="equals" primaryKey="true" canEdit="false" width="100" align="left" cellAlign="left" detail="false"></field>
	    <field title="R.S.T. ID" name="RSTID" tableName="pmptrstpah" type="integer" filterOperator="equals" canEdit="false" width="100" align="left" cellAlign="left" detail="false"></field>
	    <field title="Iteration" name="ITER" tableName="pmptrstpah" type="integer" filterOperator="equals"  canEdit="false" width="100" align="left" cellAlign="left" detail="false"></field>
	    <field title="ISIN code" name="ISINCODE" length="12" tableName="pmptinstr" editorType="TextItem" type="text" escapeHTML="true"      required="true" width="110" canEdit="true" detail="false">
			<validators>
				<validator type="regex" expression="[A-Za-z]{2}[A-Za-z0-9]{10}" errorMessage="ISIN code not valid" />
			</validators>
		</field>
	    <field title="Scenario" name="SCENARIO"  type="text" escapeHTML="true"  length="1" primaryKey="true" canEdit="false" width="100" filterEditorType="SelectItem" align="left" cellAlign="left" detail="false">
	     <valueMap>
				<value ID="I">Increase</value>
				<value ID="D">Decrease</value>
				<value ID="H">Parallel Inc.</value>
				<value ID="L">Parallel Dec.</value>
				<value ID="S">Steepening</value>
				<value ID="F">Flattening</value>
			</valueMap>
	    </field>
		<field title="Stressed date" name="PRICEDATE" type="datetime" width="120" canEdit="false" align="left" cellAlign="left" detail="false"></field>
		<field title="Price" name="CLOSEPR" type="float" filterOperator="equals"  canEdit="false" align="left" width="120"  editorType="TextItem" filterEditorType="SpinnerItem"  cellAlign="left" detail="false"></field>
		<field title="Stressed price" name="CLOSEPRST" type="float" filterOperator="equals"  canEdit="false" width="120" align="left"  editorType="TextItem" filterEditorType="SpinnerItem"  cellAlign="left" detail="false"></field>
	    <field title="Status" name="STATUS" length="1"  type="text" escapeHTML="true"      width="100" align="left" canEdit="false" cellAlign="left" detail="false">
	        <valueMap>  
				<value ID="E">Enabled</value>  
				<value ID="D">Disabled</value>  
 			</valueMap> 
   		</field>
   		 <field title="Sent" name="SENT" length="1"  type="text" escapeHTML="true"      width="55" align="left" canEdit="false" cellAlign="left" detail="false">
	        <valueMap>  
				<value ID="T">Sent</value>  
				<value ID="F">Not sent</value>  
 			</valueMap> 
   		</field>
   		<field title="Bond Or Collateral" name="ISBONDCOL" length="1"  type="text" escapeHTML="true" canEdit="false" align="left" width="120"  cellAlign="left" detail="false">
   		<valueMap>  
				<value ID="T">True</value>  
				<value ID="F">False</value>  
 			</valueMap> 
   		</field>
      	<field title="Stress coeff." name="ALFACOEF" type="float" filterOperator="equals"  canEdit="false" align="left" width="120"  editorType="TextItem" filterEditorType="SpinnerItem"  cellAlign="left" detail="false"></field>
		<field title="Update date" name="UPDDATE" type="datetime" width="100" editorType="TextItem" align="left" cellAlign="left" canEdit="false" detail="true"></field>
		<field title="Update type" name="UPDTYPE"  type="text" escapeHTML="true"      canEdit="false" length="1" width="100" align="left" cellAlign="left" detail="true">
           <valueMap>
				<value ID="C">Create</value>
				<value ID="U">Update</value>
			</valueMap>
		</field>
		<field title="Update user" name="UPDUSR" length="30"  type="text" escapeHTML="true"      canEdit="false" width="100" align="left" cellAlign="left" detail="true"></field>
      
   </fields>
  <serverObject lookupStyle="new" className="it.ccg.pamp.server.dmi.StandardDMI"/>
  <operationBindings>
	<operationBinding operationType="update" requiresRole="user"></operationBinding>
	<operationBinding operationType="delete" requiresRole="user"></operationBinding>
	<operationBinding operationType="add" requiresRole="user"></operationBinding>
  
 
      <operationBinding operationId="pmptstxcspr_fetch_xcom" operationType="fetch" 
      customValueFields="INSTRNAME,ISINCODE" 
      customCriteriaFields="INSTRNAME,ISINCODE">  
       <selectClause>pmptxcspr.*,pmptinstr.INSTRNAME,pmptinstr.ISINCODE</selectClause>
       <tableClause>pmptxcspr, pmptinstr</tableClause>  
       <whereClause><![CDATA[(DIVISCODE = 'S')  AND pmptxcspr.INSTRID = pmptinstr.INSTRID
       AND $defaultWhereClause]]></whereClause>  
    </operationBinding>
    
    <operationBinding operationId="pmptxcspr_fetch_xcomreverse" operationType="fetch" 
      customValueFields="INSTRNAME,ISINCODE,RSTID,ITER" 
      customCriteriaFields="INSTRNAME,ISINCODE,RSTID,ITER">  
       <selectClause>pmptxcspr.*,pmptinstr.INSTRNAME,pmptinstr.ISINCODE,pmptrstpah.RSTID,pmptrstpah.ITER</selectClause>
       <tableClause>pmptxcspr, pmptinstr, pmptrstpah</tableClause>  
       <whereClause><![CDATA[(pmptrstpah.DIVISCODE = 'O')  AND pmptxcspr.INSTRID = pmptinstr.INSTRID
       AND pmptxcspr.STID = pmptrstpah.STID
        AND (pmptrstpah.INSTRTYPE = case pmptinstr.INSTRTYPE when 'GOVIES' then 'Govies ITA'  else pmptinstr.INSTRTYPE end) 
        AND  $defaultWhereClause]]></whereClause>  
   	   <orderClause>pmptrstpah.ITER ASC </orderClause> 
    </operationBinding>
          
    
</operationBindings>  	
</DataSource>
