<DataSource    
tableName="pmptclmar" 
ID="pmptclmar" 
dataSourceVersion="1" 
serverType="sql">

	<fields>
		<field title="Bond class" name="CLASSID" type="integer" filterOperator="equals" primaryKey="true" canEdit="false" editorType="ComboBoxItem"  filterEditorType="SelectItem" width="100" align="left" cellAlign="left" detail="false"></field>
		 <field title="Division" name="DIVISCODE" length="20"  type="text" escapeHTML="true"      width="100" canEdit="false" detail="true">
			<valueMap>
				<value ID="I">Infl.bond</value>
				 <value ID="B">I.R. Nodes</value>
			</valueMap>
		</field>
		<field title="Valid date" name="INIVDATE" required="true" type="datetime"  width="100" canEdit="true" detail="false" align="left" cellAlign="left"></field>
		<field title="End date" name="ENDVDATE"  required="true" type="datetime" width="90" canEdit="true" align="left" cellAlign="left" detail="true"></field>
		<field title="Send date" name="SENDDATE" required="true" type="datetime" width="100" canEdit="true" align="left" cellAlign="left" detail="false"></field>
		<field title="Status" name="STATUS" length="1" type="enum" width="60" canEdit="false" align="left" cellAlign="left" detail="false">
	        <valueMap>  
				<value ID="E">Enabled</value>  
				<value ID="X">Error</value>  
				<value ID="D">Disabled</value> 
 			</valueMap> 
   		</field>
   		<field title="Curr. HP" name="CRNV" type="integer" filterOperator="equals" width="50"  canEdit="false" align="left" cellAlign="left" detail="true"></field>
   		<field title="Cur.per(days)" name="CRNDAYSPER" type="integer" filterOperator="equals" width="80"  canEdit="false" align="left" cellAlign="left" detail="true"></field>
   		<field title="Cur.cover" name="CRCOVER" type="float" filterOperator="equals" width="63" canEdit="false" align="left" cellAlign="left" detail="true"></field>
		<field title="Cur.mar." name="CRMARGIN" type="float" filterOperator="equals" width="63"  editorType="TextItem" filterEditorType="SpinnerItem"  canEdit="false" align="left" cellAlign="left" detail="true"></field>
		<field title="An.mar.(prc)" name="ANMARGIN" type="float" filterOperator="equals" width="75"  editorType="TextItem" filterEditorType="SpinnerItem"  canEdit="false" align="left" cellAlign="left" detail="false"></field>
		<field title="An.cov." name="ANCOVER" type="float" filterOperator="equals" width="60" canEdit="false"  editorType="TextItem" filterEditorType="SpinnerItem"  align="left" cellAlign="left" detail="false"></field>
		<field title="An.per(days)" name="ANNDAYSPER" type="integer" filterOperator="equals" width="80"  canEdit="false" align="left" cellAlign="left" detail="true"></field>
		<field title="An. HP" name="ANNV" type="integer" filterOperator="equals" width="50"  canEdit="false" align="left" cellAlign="left" detail="true"></field>
		<field title="User mar.(prc)" name="USERMARGIN" type="float" filterOperator="equals" width="83"  editorType="TextItem" filterEditorType="SpinnerItem"  canEdit="true" required="true" align="left" cellAlign="left" detail="false">
		<validators>
				<validator type="floatRange" min="0" max="1" errorMessage="Must be between 0 and 1. Ex. 99.5% is 0.995"/>
			</validators>
		</field>
		<field title="Analysis date" name="ANDATE"  type="datetime" width="90" canEdit="false" align="left" cellAlign="left" detail="false"></field>
		<field title="Prop.cov." name="PROPCOVER" type="float" filterOperator="equals" width="65" canEdit="false"  editorType="TextItem" filterEditorType="SpinnerItem"  align="left" cellAlign="left" detail="true"></field>
		<field title="Prop.mar.(prc)" name="PROPMARGIN" type="float" filterOperator="equals" width="80" canEdit="false"  editorType="TextItem" filterEditorType="SpinnerItem"  align="left" cellAlign="left" detail="true"></field>			
		<field title="Approval" name="APPROVAL" length="1" type="enum" width="100" canEdit="false" align="left" cellAlign="left" detail="false">
	        <valueMap>  
				<value ID="A">Subm. for appr.</value>  
				<value ID="W">Working</value>
				<value ID="R">Rejected</value>     
 			</valueMap> 
   		</field>	
   		<field title="Propose" name="PROPOSE" length="1" type="enum" width="85" canEdit="true" align="left" cellAlign="left" detail="false">
	        <valueMap>  
				<value ID="C">Change</value>  
				<value ID="L">Leave</value>     
 			</valueMap> 
   		</field>	
   		<field title="Motivation" name="RCCODE" type="integer" filterOperator="equals" editorType="SelectItem"  filterEditorType="SelectItem" width="90"  canEdit="true" align="left" cellAlign="left" detail="false"></field>
   		<field title="Comment" name="COMMENT" length="500"  type="text" escapeHTML="true"      canEdit="true" align="left" cellAlign="left" detail="false"></field>
   		<field title="Update date" name="UPDDATE" type="datetime" width="100" editorType="TextItem" align="left" cellAlign="left" canEdit="false" detail="true"></field>
		<field title="Update type" name="UPDTYPE"  type="text" escapeHTML="true"      canEdit="false" length="1" width="100" align="left" cellAlign="left" detail="true">
           <valueMap>
				<value ID="C">Create</value>
				<value ID="U">Update</value>
			</valueMap>
		</field>
		<field title="Update user" name="UPDUSR" length="30"  type="text" escapeHTML="true"      canEdit="false" width="100" align="left" cellAlign="left" detail="true"></field>
        <field title="Curr. log." name="CRLOG" length="200"  type="text" escapeHTML="true"      canEdit="false" align="left" cellAlign="left" detail="true"></field>
        <field title="An. log." name="ANLOG" length="200"  type="text" escapeHTML="true"      canEdit="false" align="left" cellAlign="left" detail="true"></field>
        <field title="Prop. log." name="PROPLOG" length="200"  type="text" escapeHTML="true"      canEdit="false" align="left" cellAlign="left" detail="true"></field>
  	   <field title="User cov." name="USERCOV" type="float" filterOperator="equals" width="65"  editorType="TextItem" filterEditorType="SpinnerItem"  canEdit="false" align="left" cellAlign="left" detail="false" ></field>
  	    <field title="Curr. first hist. date" name="CRFRSTHISD" type="datetime" width="100" editorType="TextItem" align="left" cellAlign="left" canEdit="false" detail="true"></field>
  	    <field title="An. first hist. date" name="ANFRSTHISD" type="datetime" width="100" editorType="TextItem" align="left" cellAlign="left" canEdit="false" detail="true"></field>
  	    <field title="Curr. last hist. date" name="CRLASTHISD" type="datetime" width="100" editorType="TextItem" align="left" cellAlign="left" canEdit="false" detail="true"></field>
  	    <field title="An. last hist. date" name="ANLASTHISD" type="datetime" width="100" editorType="TextItem" align="left" cellAlign="left" canEdit="false" detail="true"></field>
        <field title="Susp." name="SUSP"  type="text" escapeHTML="true"      canEdit="true" length="1" width="70" align="left" cellAlign="left" detail="false">
           <valueMap>
				<value ID="T">Susp.</value>
				<value ID="F"> </value>
			</valueMap>
		</field>
		 <field title="Custom" name="CUSTOM"  type="text" escapeHTML="true"      canEdit="true" length="1" width="70" align="left" cellAlign="left" detail="false">
           <valueMap>
				<value ID="T">True</value>
				<value ID="F">False</value>
			</valueMap>
		</field>
		<field title="Curr. node id" name="CRNODEID" type="integer" filterOperator="equals" width="80"  canEdit="false" align="left" cellAlign="left" detail="false"></field>
		<field title="An. node id" name="ANNODEID" type="integer" filterOperator="equals" width="80"  canEdit="false" align="left" cellAlign="left" detail="false"></field>
</fields>
  	 <serverObject lookupStyle="new" className="it.ccg.pamp.server.dmi.StandardDMI"/>
  	 	<operationBindings>
	<operationBinding operationType="update" requiresRole="user"></operationBinding>
	<operationBinding operationType="delete" requiresRole="user"></operationBinding>
	<operationBinding operationType="add" requiresRole="user"></operationBinding>
 
  	 	 <operationBinding operationType="fetch">  
  	 	  <whereClause><![CDATA[(pmptclmar.diviscode='B' or pmptclmar.diviscode='I') and ($defaultWhereClause)]]></whereClause>   
    </operationBinding>  
  	  <operationBinding operationId="pmptclmar_update_all_bo" operationType="update" requiresRole="user">  
         <whereClause><![CDATA[CLASSID in (select CLASSID from pmptclmar where diviscode='B')]]></whereClause>  
    </operationBinding>  
      <operationBinding operationId="pmptclmar_update_all_ibo" operationType="update" requiresRole="user">  
         <whereClause><![CDATA[CLASSID in (select CLASSID from pmptclmar where diviscode='I')]]></whereClause>  
    </operationBinding>  
     <operationBinding operationId="pmptclmar_update_all_hc" operationType="update" requiresRole="user">  
         <whereClause><![CDATA[CLASSID in (select CLASSID from pmptclmar where diviscode='H')]]></whereClause>  
    </operationBinding> 
     </operationBindings>  	
</DataSource>