<DataSource 
	  
	tableName="pmpthisvol"
	ID="pmpthisvol"
	dataSourceVersion="1"
	serverType="sql"
>
	<fields>
		<field title="Instrument ID" name="INSTRID" type="integer" filterOperator="equals" primaryKey="true" canEdit="false" width="100" detail="true"></field>
		<field title="Volatility date" name="VOLADATE" type="datetime" required="true" canEdit="true" displayFormat= "toEuropeanShortDate" primaryKey="true" width="100" detail="false"></field>
		<field title="Prog.Exp." name="PROGEXP" type="integer" filterOperator="equals" primaryKey="true" required="true" canEdit="true" width="80" detail="false">
	      <valueMap>  
				<value>1</value>  
				<value>2</value>
				<value>3</value>  
				<value>4</value>       
 			</valueMap> 
	    </field>
	    <field title="Strike" name="STRIKE" type="float" filterOperator="equals" primaryKey="true" required="true" canEdit="true" width="100" detail="false" ></field>
	    <field title="Exp." name="EXPIRY" type="integer" filterOperator="equals" canEdit="true" required="true" width="100" detail="false"></field>
	    <field title="Put/Call" name="PC"  type="text" escapeHTML="true"      length="1" primaryKey="true" required="true" canEdit="true" width="80" detail="false">
	      <valueMap>  
				<value ID="C">Call</value>  
				<value ID="P">Put</value>		       
 			</valueMap>
 		 </field>
 		 <field title="Imp.vola." name="VOLA" type="float" filterOperator="equals" required="true"  canEdit="true" detail="false" >
			<validators>
					<validator type="floatRange" min="0" errorMessage="Please enter a positive value"/>
	        </validators>
	    </field>
	    <field title="Status" name="STATUS" length="1" canEdit="true"  type="text" escapeHTML="true"      width="50" detail="true">
	        <valueMap>  
				<value ID="E">Enabled</value>  
				<value ID="A">Analysis only</value>   
				<value ID="D">Disabled</value>  
 			</valueMap> 
   		</field>
 		<field title="Update date" name="UPDDATE" type="datetime" displayFormat="toEuropeanShortDateTime" width="100" editorType="TextItem" align="left" cellAlign="left" canEdit="false" detail="true"></field>
		<field title="Update type" name="UPDTYPE"  type="text" escapeHTML="true"      canEdit="false" length="1" width="100" align="left" cellAlign="left" detail="true">
           <valueMap>
				<value ID="C">Create</value>
				<value ID="U">Update</value>
			</valueMap>
		</field>
		<field title="Update user" name="UPDUSR" length="30"  type="text" escapeHTML="true"      canEdit="false" width="100" align="left" cellAlign="left" detail="true"></field>
	</fields>
   <serverObject lookupStyle="new" className="it.ccg.pamp.server.dmi.StandardDMI"/>
   <operationBindings>
	<operationBinding operationType="update" requiresRole="user"></operationBinding>
	<operationBinding operationType="delete" requiresRole="user"></operationBinding>
	<operationBinding operationType="add" requiresRole="user"></operationBinding>
 </operationBindings>  	
</DataSource>
