<DataSource 
	  
	tableName="pmptnotify"
	ID="pmptnotify"
	dataSourceVersion="1"
	serverType="sql"
>
	<fields>
	<field title="User" customSQL="true" tableName="pmptnotusr" name="USERNAME"  type="text" escapeHTML="true"      canFilter="true" width="120" align="left" cellAlign="left" detail="true" canEdit="false"></field>
	    <field title="Text" name="TEXT"  type="text" escapeHTML="true"      canEdit="false" align="left" cellAlign="left" length="500"  width="100%" detail="false"/> 
  		<field title="Value" name="VALUE" type="integer" filterOperator="equals" canEdit="false" align="left" cellAlign="left" detail="true"></field>
  		<field title="Link" name="LINK"  type="text" escapeHTML="true"      canEdit="false" length="500" align="left" cellAlign="left" detail="true"></field>
  		<field title="Enable" name="ENABLE"  type="text" escapeHTML="true"      canEdit="false" length="1" width="100" align="left" cellAlign="left" detail="true"/>
  		<field title="Notify ID" name="NOTIFYID" type="integer" filterOperator="equals" primaryKey="true" canEdit="false" width="100" align="left" cellAlign="left" detail="true"/>
  	<field title="Update date" name="UPDDATE" type="datetime" displayFormat="toEuropeanShortDateTime" width="100" editorType="TextItem" align="left" cellAlign="left" canEdit="false" detail="true"></field>
		<field title="Update type" name="UPDTYPE"  type="text" escapeHTML="true"      canEdit="false" length="1" width="100" align="left" cellAlign="left" detail="true">
           <valueMap>
				<value ID="C">Create</value>
				<value ID="U">Update</value>
			</valueMap>
		</field>
		<field title="Update user" name="UPDUSR" length="30"  type="text" escapeHTML="true"      canEdit="false" width="100" align="left" cellAlign="left" detail="true"></field>
</fields>	
<serverObject lookupStyle="new" className="it.ccg.pamp.server.dmi.UserDMI"/>
		<operationBindings>
	<operationBinding operationType="update" requiresRole="user"></operationBinding>
	<operationBinding operationType="delete" requiresRole="user"></operationBinding>
	<operationBinding operationType="add" requiresRole="user"></operationBinding>
  
     <operationBinding  operationType="fetch">
		 <customSQL>
         select pmptnotify.*,pmptnotusr.username
        from pmptnotify inner join pmptnotusr  on pmptnotify.notifyid=pmptnotusr.notifyid
        where pmptnotusr.username=$criteria.USER AND pmptnotify.ENABLE='T' AND $defaultWhereClause
         </customSQL>
	</operationBinding>
		
  </operationBindings>  	
</DataSource>
