 <DataSource 
	  
	tableName="pmptbtm"
	ID="pmptbtm"
	dataSourceVersion="1"
	serverType="sql"
>
	<fields>
		<field title="Back test" name="BTID" type="integer" filterOperator="equals" primaryKey="true" width="100"  canEdit="false" align="left" cellAlign="left" detail="false"></field>
		<field title="Back test date" name="BTDATE" type="date" customSelectExpression="CAST(BTDATE as DATE)"  customUpdateExpression="$values.BTDATE" align="left" cellAlign="left" canEdit="false" detail="false"></field>
	   <field title="Note" name="NOTE" length="200"  type="text" escapeHTML="true"      canEdit="true" width="100%" align="left" cellAlign="left" detail="false"></field>
		<field title="Status" name="STATUS" length="1" type="enum" width="80" escapeHTML="true" canEdit="true" align="left" cellAlign="left" detail="false">
	        <valueMap>  
				<value ID="E">Enabled</value>  
				<value ID="D">Disabled</value> 
 			</valueMap> 
   		</field>
   		<field title="Division" name="DIVISCODE" required="true" length="20" type="enum" width="100" canEdit="true" detail="false">
			<valueMap>
				<value ID="E">Equities</value>
				<value ID="O">Bond</value> 
				<value ID="L">Elect.derivates</value>
				<value ID="W">Agrex</value>
				<value ID="M">New MIC</value>
			</valueMap>
		</field>
		<field title="Update date" name="UPDDATE" type="datetime"  width="100" editorType="TextItem" align="left" cellAlign="left" canEdit="false" detail="true"></field>
		<field title="Update type" name="UPDTYPE"  type="text" escapeHTML="true"      canEdit="false" length="1" width="100" align="left" cellAlign="left" detail="true">
           <valueMap>
				<value ID="C">Create</value>
				<value ID="U">Update</value>
			</valueMap>
		</field>
		<field title="Update user" name="UPDUSR" length="30"  type="text" escapeHTML="true"      canEdit="false" width="100" align="left" cellAlign="left" detail="true"></field>
	</fields>
  	<serverObject lookupStyle="new" className="it.ccg.pamp.server.dmi.StandardDMI"/>
  	<operationBindings>
	<operationBinding operationType="update" requiresRole="user"></operationBinding>
	<operationBinding operationType="delete" requiresRole="user"></operationBinding>
	<operationBinding operationType="add" requiresRole="user"></operationBinding>
  
 <operationBinding operationId="pmptbtm_fetch_orderdesc" operationType="fetch">
 	<whereClause><![CDATA[pmptbtm.DIVISCODE!='M']]></whereClause>  
		<orderClause>pmptbtm.BTID DESC </orderClause> 	   
		</operationBinding> 
		   <operationBinding operationId="pmptbtm_fetch_orderdesc_bo" operationType="fetch">
	 <whereClause><![CDATA[pmptbtm.DIVISCODE='O' AND $defaultWhereClause]]></whereClause>  
		<orderClause>pmptbtm.BTID DESC </orderClause>  
		</operationBinding> 
	 <operationBinding operationId="pmptbtm_fetch_orderdesc_eq" operationType="fetch">
	 <whereClause><![CDATA[pmptbtm.DIVISCODE='E' AND $defaultWhereClause]]></whereClause>  
		<orderClause>pmptbtm.BTID DESC </orderClause> 
		</operationBinding> 	
	 <operationBinding operationId="pmptbtm_fetch_orderdesc_el" operationType="fetch">
	 <whereClause><![CDATA[pmptbtm.DIVISCODE='L' AND $defaultWhereClause]]></whereClause>  
		<orderClause>pmptbtm.BTID DESC </orderClause> 
		</operationBinding> 	
	 <operationBinding operationId="pmptbtm_fetch_orderdesc_agx" operationType="fetch">
	 <whereClause><![CDATA[pmptbtm.DIVISCODE='W' AND $defaultWhereClause]]></whereClause>  
		<orderClause>pmptbtm.BTID DESC </orderClause> 
		</operationBinding> 	
		 <operationBinding operationId="pmptbtm_fetch_orderdesc_mic" operationType="fetch">
	 <whereClause><![CDATA[pmptbtm.DIVISCODE='M' AND $defaultWhereClause]]></whereClause>  
		<orderClause>pmptbtm.BTID DESC </orderClause> 
		</operationBinding> 	
 </operationBindings>  	
  
</DataSource>