<DataSource 
	  
	tableName="pmpthclass"
	ID="pmpthclass"
	serverType="sql"
>
	<fields>
	    <field title="Inc" name="INC" type="sequence" filterOperator="equals" width="100" canEdit="true" primaryKey="true" cellAlign="left" align="left" hidden="true"></field>
		<field title="Class" name="CLASSID" type="integer" filterOperator="equals" width="80" canEdit="true" required="true"  editorType="TextItem"  filterEditorType="TextItem"  align="left" cellAlign="left" detail="false"></field>
		<field title="Class desc." name="CLASSDESC"  type="text" escapeHTML="true"   width="100"   canEdit="true" length="30" required="true"  editorType="TextItem" align="left" cellAlign="left" detail="false">
		<validators>  
             <validator type="isUnique"  errorMessage="Another record with same class name already exists."/>  
          </validators>  
          </field>
          <field title="Country" name="COUNTRY"  type="text" escapeHTML="true" canEdit="true" length="30" width="60" required="true"  editorType="TextItem" align="left" cellAlign="left" detail="false"></field>
  		<field title="Sic. Class" name="SICCLASSID" type="integer" filterOperator="equals" canEdit="true" required="true"  editorType="TextItem"  filterEditorType="TextItem" width="60" align="left" cellAlign="left" detail="false"></field>
  		<field title="Status" name="STATUS"  type="text" escapeHTML="true"      required="true" canEdit="true" length="1" width="80" align="left" cellAlign="left" detail="false">
	        <valueMap>  
				<value ID="E">Enabled</value>
				<value ID="D">Disabled</value>    
 			</valueMap> 
   		</field>
   		 <field title="Division" name="DIVISCODE" required="true" length="20" type="enum" width="100" canEdit="true" detail="true">
			<valueMap>
				<value ID="E">Equities</value>
				<value ID="D">Eq.derivates</value>
				<value ID="I">Infl.bond</value>
				<value ID="O">Bond</value> 
				 <value ID="B">I.R. Nodes</value>
				<value ID="L">Elect.derivates</value>
				<value ID="X">Indices</value>
				<value ID="C">Currency</value>
<value ID="Y">Comparable</value>
<value ID="H">Haircut</value>
			</valueMap>
		</field>
		<field title="Mult." name="MULT" type="float" filterOperator="equals" width="60" canEdit="true"  editorType="TextItem" filterEditorType="SpinnerItem"  align="left" cellAlign="left" detail="false"></field>
		<field title="Addend" name="ADDEND" type="float" filterOperator="equals" width="60" canEdit="true"  editorType="TextItem" filterEditorType="SpinnerItem"  align="left" cellAlign="left" detail="false"></field>
		<field title="Min." name="FLOOR" type="float" filterOperator="equals" width="60" canEdit="true"  editorType="TextItem" filterEditorType="SpinnerItem"  align="left" cellAlign="left" detail="false"></field>
		<field title="Max." name="CAP" type="float" filterOperator="equals" width="60" canEdit="true"  editorType="TextItem" filterEditorType="SpinnerItem"  align="left" cellAlign="left" detail="false"></field>
   		<field title="Update date" name="UPDDATE" type="datetime" width="100" editorType="TextItem" align="left" cellAlign="left" canEdit="false" detail="true"></field>
		<field title="Update type" name="UPDTYPE"  type="text" escapeHTML="true"      canEdit="false" length="1" width="100" align="left" cellAlign="left" detail="true">
           <valueMap>
				<value ID="C">Create</value>
				<value ID="U">Update</value>
			</valueMap>
		</field>
		<field title="Update user" name="UPDUSR" length="30"  type="text" escapeHTML="true"      canEdit="false" width="100" align="left" cellAlign="left" detail="true"></field>
</fields>	    
<serverObject lookupStyle="new" className="it.ccg.pamp.server.dmi.StandardDMI"/>
 <operationBindings>
	<operationBinding operationType="update" requiresRole="user"></operationBinding>
	<operationBinding operationType="delete" requiresRole="user"></operationBinding>
	<operationBinding operationType="add" requiresRole="user"></operationBinding>
	<operationBinding operationId="pmpthclass_fetch_enabled" operationType="fetch">  
       <customSQL>
SELECT classid
FROM pmpthclass
where STATUS='E'
group by classid
having count(classid)>1 
		  </customSQL>
      </operationBinding> 
      
      <!-- MODIFICATO DA ANTO PER IL CAMPO DI SELEZIONE SCELTA DELLA CLASSE SU MULTIPLE UPDATE -->
      <operationBinding operationId="pmptclass_fetch_hc" operationType="fetch">  
         <whereClause><![CDATA[status='E' and diviscode='H' and ($defaultWhereClause)]]></whereClause>  
    </operationBinding>   
    
    <operationBinding operationId="pmpthclass_fetch_coll_forstress" operationType="fetch">  
         <whereClause><![CDATA[status='E' and DIVISCODE = 'H' and ($defaultWhereClause)]]></whereClause>  
    </operationBinding> 
    
     
	</operationBindings>
</DataSource>
