 <DataSource 
	  
	tableName="pmptbtmlpd"
	ID="pmptbtmlpd"
	dataSourceVersion="1"
	serverType="sql"
>
	<fields>
	     <field title="Division" name="DIVISCODE" primaryKey="true" required="true" length="20" type="enum" width="100" canEdit="true" detail="true">
			<valueMap>
				<value ID="E">Equities</value>
				<value ID="O">Bond</value> 
				<value ID="L">Electricity</value> 
				<value ID="W">Agrex</value> 
				<value ID="M">New MIC</value> 
			</valueMap>
		</field>
		<field title="Holding Period" name="DAYNUMB" type="integer"  filterOperator="equals" primaryKey="true" required="true" canEdit="false" filterEditorType="SelectItem" width="100%"  align="left" cellAlign="left" detail="false">
		<validators>
				<validator type="integerRange" min="1" max="9" errorMessage="Must be between 1 and 9."/>
		</validators>
		</field>
	 <field title="Liquidation perc." name="LIQPDEF" type="float" filterOperator="equals" required="true"  canEdit="true" width="120" align="left"  editorType="TextItem" filterEditorType="SpinnerItem"  cellAlign="left" detail="false"> 
		 <validators>
				<validator type="floatRange" min="0" max="1" errorMessage="Must be between 0 and 1. Ex. 99.5% is 0.995"/>
			</validators>
		 </field>
		
   		<field title="Update date" name="UPDDATE" type="datetime"  width="100" editorType="TextItem" align="left" cellAlign="left" canEdit="false" detail="true"></field>
		<field title="Update type" name="UPDTYPE"  type="text" escapeHTML="true"      canEdit="false" length="1" width="100" align="left" cellAlign="left" detail="true">
           <valueMap>
				<value ID="C">Create</value>
				<value ID="U">Update</value>
			</valueMap>
		</field>
		<field title="Update user" name="UPDUSR" length="30"  type="text" escapeHTML="true"    canEdit="false" width="100" align="left" cellAlign="left" detail="true"></field>
	    
	</fields>
  	<serverObject lookupStyle="new" className="it.ccg.pamp.server.dmi.StandardDMI"/>
  	<operationBindings>
	<operationBinding operationType="update" requiresRole="user"></operationBinding>
	<operationBinding operationType="delete" requiresRole="user"></operationBinding>
	<operationBinding operationType="add" requiresRole="user"></operationBinding>
	 <operationBinding operationType="fetch" >  
       <whereClause><![CDATA[$defaultWhereClause]]></whereClause>  
      <orderClause>DAYNUMB ASC</orderClause> 
    </operationBinding>        
	<operationBinding operationId="pmptbtmlpc_update_alltype_eqeqder" operationType="update" requiresRole="user">  
         <whereClause><![CDATA[ pmptbtmlpd.INSTRTYPE in 
         (select pmptinstr.INSTRTYPE 
         from pmptinstr
         where diviscode in('E','D'))]]></whereClause>  
         
    </operationBinding> 
     <operationBinding operationId="pmptbtmlpd_fetch_desc" operationType="fetch" >  
       <whereClause><![CDATA[$defaultWhereClause]]></whereClause>  
      <orderClause>DAYNUMB DESC</orderClause> 
    </operationBinding>          
 </operationBindings>  	
  
</DataSource>