<DataSource 
	  
	tableName="pmptclterh"
	ID="pmptclterh"
	dataSourceVersion="1"
	serverType="sql"
>
	<fields>
		<field title="Class 1" name="CLASSID1" primaryKey="true" type="integer" filterOperator="equals" editorType="ComboBoxItem" width="100" detail="true"></field>
		<field title="Class 2" name="CLASSID2" primaryKey="true" type="integer" filterOperator="equals" editorType="ComboBoxItem" width="100" detail="true"></field>
		<field title="Valid date" name="INIVDATE"  primaryKey="true" type="datetime" width="100" align="left" cellAlign="left" detail="false"></field>
		<field title="End date" name="ENDVDATE"  type="datetime" align="left" cellAlign="left" width="80" detail="true"></field>
		<field title="Sent" name="SENT" length="1" type="enum" canToggle="true" width="80" align="left" cellAlign="left" detail="false">
	        <valueMap>  
				<value ID="T">Sent</value>  
				<value ID="F">Not sent</value>   
 			</valueMap> 
   		</field>	
   		<field title="Off." name="OFF" type="float" filterOperator="equals" width="50" align="left" cellAlign="left" detail="false"></field>
   		 <field title="Susp." name="SUSP"  type="text" escapeHTML="true"      canEdit="true" length="1" width="70" align="left" cellAlign="left" detail="true">
           <valueMap>
				<value ID="T">Susp.</value>
				<value ID="F"> </value>
			</valueMap>
		</field>
		<field title="Status" name="STATUS"  type="text" escapeHTML="true"      canEdit="true" length="1" width="70" align="left" cellAlign="left" detail="true">
           <valueMap>
				<value ID="E">Enabled</value>
				<value ID="D">Disabled</value>
			</valueMap>
		</field>
   		<field title="Send date" name="SENDDATE"  type="datetime" align="left" cellAlign="left" width="100" detail="false"></field>
		<field title="Motivation" name="RCCODE" type="integer" filterOperator="equals" width="100"  canEdit="false" align="left" cellAlign="left" detail="false" ></field>
		<field title="Comment" name="COMMENT" length="255"  type="text" escapeHTML="true"      width="100" detail="true"></field>
		<field title="Approved by" name="APPROVEDBY" length="30"  type="text" escapeHTML="true"      width="80" align="left" cellAlign="left" detail="true"></field>
		<field title="Approved date" name="APPRDATE"  type="datetime" align="left" cellAlign="left" width="100" detail="true"></field>
		<field title="Log" name="LOG"   type="text" escapeHTML="true"      width="200" align="left" cellAlign="left" detail="true"></field>
		<field title="Analysis date" name="ANDATE"  type="datetime" width="80" detail="true"></field>
		<field title="Update date" name="UPDDATE" type="datetime" width="100" align="left" cellAlign="left" canEdit="false" detail="true"></field>
		<field title="Update type" name="UPDTYPE"  type="text" escapeHTML="true"      canEdit="false" length="1" width="100" align="left" cellAlign="left" detail="true">
           <valueMap>
				<value ID="C">Create</value>
				<value ID="U">Update</value>
			</valueMap>
		</field>
		<field title="Update user" name="UPDUSR" length="30"  type="text" escapeHTML="true"      canEdit="false" width="100" align="left" cellAlign="left" detail="true"></field>
</fields>	    
<serverObject lookupStyle="new" className="it.ccg.pamp.server.dmi.StandardDMI"/>
<operationBindings>
	<operationBinding operationType="update" requiresRole="nobody"></operationBinding>
	<operationBinding operationType="delete" requiresRole="nobody"></operationBinding>
	<operationBinding operationType="add" requiresRole="nobody"></operationBinding>
 </operationBindings>  	
</DataSource>