<DataSource 
	  
	tableName="pmptgrhist"
	ID="pmptgrhist"
	dataSourceVersion="1"
	serverType="sql"
>
	<fields>
		<field title="Group ID" name="GRID" primaryKey="true" type="integer" filterOperator="equals" editorType="ComboBoxItem" width="100" detail="true"></field>
		<field title="Group Name" name="PGNAME" length="255"  type="text" escapeHTML="true"       editorType="ComboBoxItem" align="left" cellAlign="left"  detail="false"></field>
		<field title="Analysis date" name="ANDATE"  type="datetime" displayFormat="toEuropeanShortDate"  align="left" cellAlign="left"  width="80" detail="true"></field>
		<field title="Valid date" name="INIVDATE"  type="datetime" primaryKey="true" displayFormat="toEuropeanShortDateTime"  align="left" cellAlign="left"  width="100" detail="false"></field>
		<field title="End date" name="ENDVDATE"  type="datetime" displayFormat="toEuropeanShortDate"  width="80"  align="left" cellAlign="left" detail="false"></field>
		<field title="Coeff." name="COEFF" type="float" filterOperator="equals" width="50"  align="left" cellAlign="left" detail="false"></field>
		<field title="Sent" name="SENT" length="1" type="enum" canToggle="true" width="80" align="left" cellAlign="left"  detail="false">
	        <valueMap>  
				<value ID="T">Sent</value>  
				<value ID="F">Not sent</value>   
 			</valueMap> 
   		</field>		
   		<field title="Status" name="STATUS" length="1"  type="text" escapeHTML="true"      width="50" canEdit="true" align="left" cellAlign="left"  detail="false">
	        <valueMap>  
				<value ID="E">Enabled</value>   
				<value ID="D">Disabled</value>  
 			</valueMap> 
   		</field>   		
   		<field title="An. offset" name="ANCOEFF" type="float" filterOperator="equals" width="50"  align="left" cellAlign="left" detail="true"></field>
   		<field title="Motivation code" name="RCCODE" type="integer" filterOperator="equals"  width="100"  align="left" cellAlign="left" detail="true"></field>
    	<field title="Motivation" name="RCDESC" customSQL="true" tableName="pmprc" length="30"  type="text" escapeHTML="true"      width="60" canEdit="false" align="left" cellAlign="left" detail="true"></field>
   		<field title="Send date" name="SENDDATE"  type="datetime" displayFormat="toEuropeanShortDateTime"  width="100" align="left" cellAlign="left"  detail="true"></field>
		<field title="Comment" name="COMMENT" length="255"  type="text" escapeHTML="true"      width="100"  align="left" cellAlign="left" detail="true"></field>
		<field title="Approved by" name="APPROVEDBY" length="30"  type="text" escapeHTML="true"      width="80"  align="left" cellAlign="left" detail="true"></field>
		<field title="Approved date" name="APPRDATE"  type="datetime" displayFormat="toEuropeanShortDateTime"   align="left" cellAlign="left" width="100" detail="true"></field>
		<field title="Log" name="LOG" length="255"  type="text" escapeHTML="true"      width="1000"  align="left" cellAlign="left" detail="true"></field>
	    <field title="Update date" name="UPDDATE" type="datetime" displayFormat="toEuropeanShortDateTime" width="100" editorType="TextItem" align="left" cellAlign="left" canEdit="false" detail="true"></field>
		<field title="Update type" name="UPDTYPE"  type="text" escapeHTML="true"      canEdit="false" length="1" width="100" align="left" cellAlign="left" detail="true">
           <valueMap>
				<value ID="C">Create</value>
				<value ID="U">Update</value>
			</valueMap>
		</field>
		<field title="Update user" name="UPDUSR" length="30"  type="text" escapeHTML="true"      canEdit="false" width="100" align="left" cellAlign="left" detail="true"></field>
</fields>	    
<serverObject lookupStyle="new" className="it.ccg.pamp.server.dmi.StandardDMI"/>
		<operationBindings>
	<operationBinding operationType="update" requiresRole="nobody"></operationBinding>
	<operationBinding operationType="delete" requiresRole="nobody"></operationBinding>
	<operationBinding operationType="add" requiresRole="nobody"></operationBinding>
  
      <operationBinding operationType="fetch" 
      customValueFields="RCDESC" 
      customCriteriaFields="RCDESC">  
       <selectClause>
       pmptgrhist.*,pmptrc.RCDESC as RCDESC
       </selectClause>
       <tableClause>pmptgrhist,pmptrc as pmptrc</tableClause>  
       <whereClause><![CDATA[ 
       pmptrc.RCCODE=pmptgrhist.RCCODE
       AND $defaultWhereClause]]></whereClause>  
    </operationBinding>        
     
 </operationBindings>  	
</DataSource>