 <DataSource 
	  
	tableName="pmptmar"
	ID="pmptmar_widget"
	dataSourceVersion="1"
	serverType="sql"
>
 	<fields>
    	<field title="Valid date" name="INIVDATE"  type="datetime" displayFormat="toEuropeanShortDateTime"  width="100" canEdit="false" detail="false" align="left" cellAlign="left"></field>
		<field title="Approval status" name="APPROVAL" length="1" type="enum" width="200" canEdit="false" align="left" cellAlign="left" detail="false">
	        <valueMap>  
				<value ID="A">Submitted for approval</value>  
				<value ID="W">Working</value>   
 			</valueMap> 
   		</field>	
   		 <field title="Division" name="DIVISCODE" length="20" type="enum" canEdit="false" detail="false">
			<valueMap>
				<value ID="E">Equities</value>
				<value ID="D">Eq.derivates</value>
				<value ID="I">Infl.bond</value>
				<value ID="O">Bond</value> 
				 <value ID="B">I.R. Nodes</value>
				<value ID="L">Elect.derivates</value>
				<value ID="X">Indices</value>
				<value ID="C">Currency</value>
<value ID="Y">Comparable</value>
<value ID="H">Haircut</value>
			</valueMap>
		</field>
   	</fields>
  	<serverObject lookupStyle="new" className="it.ccg.pamp.server.dmi.UserDMI"/>
  	<operationBindings>
	<operationBinding operationType="update" requiresRole="user"></operationBinding>
	<operationBinding operationType="delete" requiresRole="user"></operationBinding>
	<operationBinding operationType="add" requiresRole="user"></operationBinding>
  
    <operationBinding operationType="fetch">  
       <customSQL>
	SELECT T.DIVISCODE,MIN(T.APPROVAL) AS APPROVAL,MIN(T.INIVDATE) AS INIVDATE
	FROM (
	SELECT INSTRID, INIVDATE,DIVISCODE, APPROVAL
	FROM PMPTMAR
	WHERE STATUS='E'
	UNION
	SELECT CLASSID, INIVDATE,DIVISCODE,APPROVAL
	FROM PMPTCLMAR
	WHERE STATUS='E'
	) AS T
	GROUP BY T.DIVISCODE
	   </customSQL>
    </operationBinding>      
 </operationBindings>  	
  
</DataSource>