 <DataSource 
	  
	tableName="pmptbtmsp"
	ID="pmptbtmsp"
	dataSourceVersion="1"
	serverType="sql"
>
	<fields>
		<field title="Division" name="DIVISCODE" primaryKey="true" required="true" length="20" type="enum" width="100" canEdit="false" detail="true">
			<valueMap>
				<value ID="E">Equities</value>
				<value ID="O">Bond</value> 
				<value ID="L">Electricity</value> 
				<value ID="W">Agrex</value> 
				<value ID="M">New MIC</value> 
			</valueMap>
		</field>
	   <field title="LBP" name="LBPERIOD" type="integer" filterOperator="equals" width="80"  canEdit="true" detail="false"></field>
		<field title="Min. confidence level" name="MINCNFLEV" type="float" filterOperator="equals" width="70" canEdit="true"  align="left" cellAlign="left" detail="false"></field>
		<field title="Closure type" name="CLOSETYPE"  type="text" escapeHTML="true"      length="1" canEdit="true" width="150" detail="false"></field>
		<field title="Account type" name="ACCTYPE"  type="text" escapeHTML="true"      canEdit="true" length="1" width="100" align="left" cellAlign="left" detail="true">
           <valueMap>
				<value ID="C">Client</value>
				<value ID="F">Firm</value>
				<value ID="B">Both</value>
			</valueMap>
		</field>
		<field title="Clos. type" name="CLOSETYPE"  type="text" escapeHTML="true"      canEdit="true" length="1" width="100" align="left" cellAlign="left" detail="true">
           <valueMap>
				<value ID="P">Partial</value>
				<value ID="T">Total</value>
			</valueMap>
		</field>
		<field title="Update date" name="UPDDATE" type="datetime" displayFormat="toEuropeanShortDateTime" width="100" editorType="TextItem" align="left" cellAlign="left" canEdit="false" detail="true"></field>
		<field title="Update type" name="UPDTYPE"  type="text" escapeHTML="true"      canEdit="false" length="1" width="100" align="left" cellAlign="left" detail="true">
           <valueMap>
				<value ID="C">Create</value>
				<value ID="U">Update</value>
			</valueMap>
		</field>
		<field title="Update user" name="UPDUSR" length="30"  type="text" escapeHTML="true"      canEdit="false" width="100" align="left" cellAlign="left" detail="true"></field>
	</fields>
	<serverObject lookupStyle="new" className="it.ccg.pamp.server.dmi.StandardDMI"/>
   <operationBindings>
	<operationBinding operationType="update" requiresRole="user"></operationBinding>
	<operationBinding operationType="delete" requiresRole="user"></operationBinding>
	<operationBinding operationType="add" requiresRole="user"></operationBinding>
	
	 
	</operationBindings>
</DataSource>