<DataSource    
tableName="pmptinstr" 
	ID="pmptinstr_obo" 
dataSourceVersion="1" 
serverType="sql"> 
	<fields>
		<field title="Instrument ID" name="INSTRID" type="sequence" primaryKey="true" canEdit="false" canFilter="true" width="100" detail="true"></field>
		<field  title="Instrument name" name="INSTRNAME"  required="true" canFilter="true" length="255" editorType="TextItem" canEdit="true"  type="text" escapeHTML="true"      width="200" detail="false"></field>
		<field title="Bond class" name="BNDCLASSID" type="integer"  canEdit="false" width="100" editorType="ComboBoxItem" filterEditorType="SelectItem" detail="false" align="left" cellAlign="left"></field>
		<field title="Instr. code" name="CLASSCODE" required="true" length="30"  type="text" escapeHTML="true"      width="70" canEdit="true" detail="true"></field>
		<field title="Reuters code" name="RICCODE" length="30"  type="text" escapeHTML="true"      width="100" canEdit="true" detail="true"></field>
		<field title="ISIN code" name="ISINCODE" length="12"  type="text" escapeHTML="true"      required="true" width="110" canEdit="true" detail="false">
			<validators>
				<validator type="regex" expression="[A-Za-z]{2}[A-Za-z0-9]{10}" errorMessage="ISIN code not valid" />
			</validators>
		</field>
		<field title="Bloomberg code" name="BLOOMBCODE" length="30"  type="text" escapeHTML="true"      width="100" canEdit="true" detail="true"></field>
		<field title="Market" name="MARKETCODE" required="true" length="30"  type="text" escapeHTML="true"      width="70" editorType="ComboBoxItem"  filterEditorType="SelectItem" canEdit="true" detail="false">
		<validators>
<validator type="hasRelatedRecord" relatedDataSource="pmptmarket" relatedField="MARKETCODE" errorMessage="Market not found in market table" />  
</validators>
		</field>
		<field title="Currency" name="CURRENCY" required="true" length="10"  type="text" escapeHTML="true"      editorType="SelectItem" width="80" canEdit="true" detail="false">
			<valueMap>
				<value ID="LIT">ITL</value>	
				<value ID="USD ">USD </value>	
				<value ID="EUR">EUR</value>	
				<value ID="GBP">GBP</value>	
				<value ID="NOK">NOK</value>	
				<value ID="SEK">SEK</value>	
				<value ID="CHF">CHF</value>	
				<value ID="DKK">DKK</value>	
				<value ID="CAD">CAD</value>	
				<value ID="JPY">JPY</value>	
				<value ID="ISK">ISK</value>	
				<value ID="CZK">CZK</value>	
				<value ID="HUF">HUF</value>	
				<value ID="RON">RON</value>	
				<value ID="ATS">ATS</value>	
				<value ID="TRY">TRY</value>
<value ID="CNY">CNY</value> 
 <value ID="RSD">RSD</value> 
 <value ID="ZAR">ZAR</value>	
			</valueMap>
			<validators>
				<validator type="regex" expression="[A-Za-z]{3}" errorMessage="Not valid currency: write the 3 letters symbol of the currency (Ex. EUR, USD, GBP)." />
			</validators>
		</field>
		
		<field title="Coupon type" name="DIVTYPE" required="true" length="2"  type="text" escapeHTML="true" editorType="SelectItem" width="80" canEdit="false" detail="false">
			<valueMap>
				<value ID="00">Zero coupon</value>	
				<value ID="01">Fixed</value>	
				<value ID="02">Floater</value>	
				<value ID="03">Inflation Linked</value>	
					
			</valueMap>
		</field>
		<field title="List Name" name="LISTNAME" length="255"  type="text" escapeHTML="true"      width="100" canEdit="true" detail="false"></field>
		<field title="Instr. type" name="INSTRTYPE" required="true" canEdit="true" editorType="ComboBoxItem"  filterEditorType="SelectItem" length="30"  type="text" escapeHTML="true"      width="120" detail="false">
		<validators>
<validator type="hasRelatedRecord" relatedDataSource="pmpttyp" relatedField="INSTRTYPE" errorMessage="Instrument type not found in instrument type table" />  
</validators>
		</field>
		<field title="Instr. sub-type" name="INSTRSTYPE" required="true"  type="text" escapeHTML="true"      editorType="ComboBoxItem"  filterEditorType="SelectItem" canEdit="true" length="30" width="120" detail="false">
		<validators>
<validator type="hasRelatedRecord" relatedDataSource="pmptsubtyp" relatedField="INSTRSTYPE" errorMessage="Instrument subtype not found in instrument subtype table" />  
</validators>
		</field>	
		<field title="Segment" name="SGMCODE" length="24"  type="text" escapeHTML="true"      width="100" editorType="ComboBoxItem"  filterEditorType="SelectItem" canEdit="true" detail="false">
		<validators>
<validator type="hasRelatedRecord" relatedDataSource="pmptsegm" relatedField="SGMCODE" errorMessage="Segment code not found in segment table" />  
</validators>
		</field>
	    <field title="Division" name="DIVISCODE" required="true" length="20" type="enum" width="100" canEdit="true" detail="true">
			<valueMap>
				<value ID="E">Equities</value>
				<value ID="D">Eq.derivates</value>
				<value ID="I">Infl.bond</value>
				<value ID="O">Bond</value> 
				 <value ID="B">I.R. Nodes</value>
				<value ID="L">Elect.derivates</value>
				<value ID="X">Indices</value>
				<value ID="C">Currency</value>
				<value ID="K">Collateral</value>
<value ID="Y">Comparable</value>
<value ID="H">Haircut</value>
			</valueMap>
		</field>
		<field title="Motivation" name="RCCODE" type="integer" filterOperator="equals" editorType="SelectItem"  filterEditorType="SelectItem" width="180"  canEdit="true" align="left" cellAlign="left" detail="true"></field>
   		<field title="Status" name="STATUS" length="1"  type="text" escapeHTML="true"      width="100" canEdit="true" detail="true">
			<valueMap>
				<value ID="E">Enabled</value>
				<value ID="D">Disabled</value>
				<value ID="S">Delisted</value>
				<value ID="U">Underlying</value>
			</valueMap>
		</field>
		<field title="Delisting date" name="DELISTDATE" type="datetime" useTextField="true" width="90" canEdit="true" detail="true"></field>
		<field title="Rif. Date" name="MKTLSTDATE" type="datetime" useTextField="true" width="90" canEdit="false" detail="true"></field>
		<field title="CCP date" name="CCPLSTDATE" type="datetime" useTextField="true"  width="90" canEdit="true" detail="true"></field>
		<field title="Delisting reason" name="DELISTREAS" length="255"  type="text" escapeHTML="true"      canEdit="true" detail="true"></field>
		<field title="Days to delivery" name="DELDAYS" editorType="TextItem" filterEditorType="SpinnerItem" width="64" type="integer" filterOperator="equals" canEdit="true" detail="true">
			<validators>
				<validator type="isInteger" errorMessage="Must be a valid number" />
			</validators>
		</field>
		<field title="Margin Threshold" name="MARGINTH" length="255" type="float" filterOperator="equals" canEdit="true"  editorType="TextItem" filterEditorType="SpinnerItem" align="left" cellAlign="left" detail="true">
		<validators>
				<validator type="floatRange" min="0" max="10" errorMessage="Insert a number between 0 and 10 (0.5 is 50%)" /></validators>
		</field>
		<field title="Present value" name="MULT" type="float" filterOperator="equals" editorType="TextItem" filterEditorType="SpinnerItem" width="75" canEdit="true" align="left" cellAlign="left" detail="false">
		<validators>
		        <validator type="isFloat" errorMessage="Must be a valid number" /> 
		</validators>         
		</field>
		<field title="Duration" name="DURATION" type="float" filterOperator="equals" editorType="TextItem" filterEditorType="SpinnerItem" width="64" canEdit="true" align="left" cellAlign="left" detail="false">
		<validators>
		        <validator type="isFloat" errorMessage="Must be a valid decimal" />  
		        </validators>
		</field>
		<field title="Disable Reason" name="DISABREAS" length="255"  type="text" escapeHTML="true"      canEdit="true" detail="true"></field>
		<field title="Update date" name="UPDDATE" type="datetime"  width="100" align="left" cellAlign="left" canEdit="false" detail="true"></field>
		<field title="Update type" name="UPDTYPE"  type="text" escapeHTML="true"      canEdit="false" length="1" width="100" align="left" cellAlign="left" detail="true">
           <valueMap>
				<value ID="C">Create</value>
				<value ID="U">Update</value>
			</valueMap>
		</field>
		<field title="Update user" name="UPDUSR" length="30"  type="text" escapeHTML="true"      canEdit="false" width="100" align="left" cellAlign="left" detail="true"></field>
		<field title="Coup.Value" name="YIELD" type="float" filterOperator="equals" width="70" canEdit="true" editorType="TextItem" filterEditorType="SpinnerItem" align="left" cellAlign="left" detail="true">
		<validators>
		        <validator type="isFloat" errorMessage="Must be a valid decimal" />  
		        </validators>
		</field>
		<field title="Coup.Freq." name="COUPFREQ" type="float" filterOperator="equals" width="70" editorType="TextItem" filterEditorType="SpinnerItem" canEdit="true" align="left" cellAlign="left" detail="false">
		<validators>
		        <validator type="isFloat" errorMessage="Must be a valid decimal" />  
		        </validators>
		</field>
		<field title="Maturity date" name="EXPIRY" type="datetime"  width="100" align="left" cellAlign="left" canEdit="true" detail="false"></field>
		<field title="First coup. date" name="COUPNEXTDT" type="datetime"  width="100" align="left" cellAlign="left" canEdit="true" detail="true"></field>
		<field title="Coup. type" name="COUPTYPE" length="1"  type="text" escapeHTML="true"      width="100" canEdit="true" detail="true" align="left" cellAlign="left">
			<valueMap>
				<value ID="F">Fixed</value>
				<value ID="V">Variable</value>
			</valueMap>
		</field>
		<field title="Note" name="NOTE"  type="text" escapeHTML="true"      canEdit="true" length="500" align="left" cellAlign="left" detail="false"></field>
		
	</fields>
	<serverObject lookupStyle="new" className="it.ccg.pamp.server.dmi.StandardDMI"/>
	<operationBindings>
	<operationBinding operationType="update" requiresRole="user"></operationBinding>
	<operationBinding operationType="delete" requiresRole="user"></operationBinding>
	<operationBinding operationType="add" requiresRole="user"></operationBinding>

		<operationBinding operationType="fetch">  
       <whereClause><![CDATA[(pmptinstr.DIVISCODE='O' OR pmptinstr.DIVISCODE='I') 
       							AND pmptinstr.BNDCLASSID not in (SELECT CLASSID FROM PMPTCLASS WHERE SICCLASSID IN (12,13)) 
								AND ($defaultWhereClause)]]></whereClause>
		</operationBinding>
	<operationBinding operationId="pmptinstr_update_all_obo" operationType="update" requiresRole="user">  
         <whereClause><![CDATA[diviscode='O']]></whereClause>  
    </operationBinding>    
     <operationBinding operationId="pmptinstr_fetch_coupfreq" operationType="fetch">  
       <customSQL>
				select distinct COUPFREQ
				from pmptinstr
				where diviscode='I' or diviscode='O'
				order by COUPFREQ asc
		  </customSQL>
      </operationBinding>     
	</operationBindings>
</DataSource>