<DataSource 
	testFileName="corpactions.data.xml"
	  
	tableName="pmptcorpac"
	ID="pmptcorpac"
	dataSourceVersion="1"
	serverType="sql"
>
	<fields>
		<field title="Instrument ID" name="INSTRID" type="integer" filterOperator="equals" width="80"  canEdit="false" align="left" cellAlign="left" detail="true"></field>
		<field title="Corporate ID" name="CAID" type="sequence" width="80" primaryKey="true" align="left" cellAlign="left" canEdit="false" detail="true"></field>
		<field title="Type" name="CATYPE" required="true" length="30"  type="text" escapeHTML="true"      ></field>
		<field title="Date" name="CADATE" type="datetime" width="100"  align="left" cellAlign="left" detail="false"></field>
		<field title="First date ex" name="FRSTEXDATE" type="datetime" required="true" align="left" cellAlign="left" width="100" detail="false"></field>
		<field title="Old instrument" name="OLDINSTRID" type="integer" filterOperator="equals" width="80" align="left" cellAlign="left" detail="false"></field>
		<field title="Inv. k" name="INVK" type="text" width="80" required="true" align="left" cellAlign="left" detail="false" >
		<valueMap>
				<value ID="T">True</value>
				<value ID="F">False</value>
		</valueMap>
		</field>
		<field title="Value" name="CAVALUE"  type="float" filterOperator="equals" width="50" detail="false"></field>
		<field title="K Coeff" name="KCOEFF" required="true" type="float" filterOperator="equals" width="75" detail="false"></field>
		<field title="Update date" name="UPDDATE" type="datetime" width="100"  align="left" cellAlign="left" canEdit="false" detail="true"></field>
		<field title="Update type" name="UPDTYPE"  type="text" escapeHTML="true"      canEdit="false" length="1" width="100" align="left" cellAlign="left" detail="true">
           <valueMap>
				<value ID="C">Create</value>
				<value ID="U">Update</value>
			</valueMap>
		</field>
		<field title="Update user" name="UPDUSR" length="30"  type="text" escapeHTML="true"      canEdit="false" width="100" align="left" cellAlign="left" detail="true"></field>
	</fields>
  	 <serverObject lookupStyle="new" className="it.ccg.pamp.server.dmi.StandardDMI"/>
  	 <operationBindings>
	<operationBinding operationType="update" requiresRole="user,causer"></operationBinding>
	<operationBinding operationType="delete" requiresRole="user,causer"></operationBinding>
	<operationBinding operationType="add" requiresRole="user,causer"></operationBinding>
 </operationBindings>  	
</DataSource>
