<DataSource    
tableName="pmptinstr" 
	ID="pmptinstr_listdelist" 
dataSourceVersion="1" 
serverType="sql">
	<fields>
		<field title="Instrument ID" name="INSTRID" editorType="TextItem" type="sequence" primaryKey="true"  canEdit="false" canFilter="true" width="100" detail="true"></field>
		<field  title="Instrument name" name="INSTRNAME"   editorType="TextItem" canFilter="true" length="255" canEdit="false"  type="text" escapeHTML="true"      width="160" detail="false"></field>
		<field title="Instr. code" name="CLASSCODE"  editorType="TextItem" length="30"  type="text" escapeHTML="true"      width="70" canEdit="false" detail="false"></field>
		<field title="Reuters code" name="RICCODE" length="30"  type="text" escapeHTML="true"      width="100" canEdit="false" detail="false"></field>
		<field title="ISIN code" name="ISINCODE" length="12"  type="text" escapeHTML="true"      editorType="TextItem"  width="110" canEdit="false" detail="false">
			<validators>
				<validator type="regex" expression="[A-Za-z]{2}[A-Za-z0-9]{10}" errorMessage="ISIN code not valid" />
			</validators>
		</field>
		<field title="Bloomberg code" name="BLOOMBCODE" length="30" editorType="TextItem"  type="text" escapeHTML="true"      width="100" canEdit="false" detail="true"></field>
		<field title="Market" name="MARKETCODE"  length="30"  type="text" escapeHTML="true"      width="70" canEdit="false" detail="false"></field>
		<field title="Currency" name="CURRENCY"  length="10"  type="text" escapeHTML="true"      editorType="TextItem" width="65" canEdit="false" detail="false">
			<validators>
				<validator type="regex" expression="[A-Za-z]{3}" errorMessage="Not valid currency: write the 3 letters symbol of the currency (Ex. EUR, USD, GBP)." />
			</validators>
		</field>
		<field title="List Name" name="LISTNAME" length="255"  type="text" escapeHTML="true"      editorType="TextItem" width="100" canEdit="false" detail="true"></field>
		<field title="Instr. type" name="INSTRTYPE"  canEdit="false" length="30"  type="text" escapeHTML="true"      width="70" detail="false"></field>
		<field title="Instr. sub-type" name="INSTRSTYPE"   type="text" escapeHTML="true"      canEdit="false" length="30" width="120" detail="false" />
		<field title="Segment" name="SGMCODE"  length="24"  type="text" escapeHTML="true"      width="100" canEdit="false" detail="false"></field>
	    <field title="Division" name="DIVISCODE"  length="1" type="enum" width="80" canEdit="false" detail="true">
			<valueMap>
			<value ID="E">Equities</value>
				<value ID="D">Eq.derivates</value>
				<value ID="I">Infl.bond</value>
				<value ID="O">Bond</value> 
				 <value ID="B">I.R. Nodes</value>
				<value ID="L">Elect.derivates</value>
				<value ID="X">Indices</value>
				<value ID="C">Currency</value>
<value ID="Y">Comparable</value>
<value ID="H">Haircut</value>
			</valueMap>
		</field>
		<field title="Super sector" name="SUPERSECT" length="30"  type="text" escapeHTML="true"      editorType="TextItem" width="100" canEdit="false" detail="true"></field>
		<field title="Industry" name="INDUSTRY" length="30"  type="text" escapeHTML="true"      width="100" canEdit="false" editorType="TextItem" detail="true"></field>
		<field title="Issuer" name="ISSUER" length="30"  type="text" escapeHTML="true"      width="100" canEdit="false" editorType="TextItem" detail="true"></field>
		<field title="Dividend type" name="DIVTYPE" length="30"  type="text" escapeHTML="true"      width="100" canEdit="false" editorType="TextItem" detail="true"></field>
		<field title="Addr: street" name="ADDRSTREET" length="255"  type="text" escapeHTML="true"      width="100" canEdit="false" editorType="TextItem" detail="true"></field>
		<field title="Addr: city" name="ADDRCITY" length="255"  type="text" escapeHTML="true"      width="100" canEdit="false" editorType="TextItem" detail="true"></field>
		<field title="Addr: district" name="ADDRDIST" length="255"  type="text" escapeHTML="true"      width="100" canEdit="false" editorType="TextItem" detail="true"></field>
		<field title="Addr: postal code" name="ADDRPC" length="255"  type="text" escapeHTML="true"      width="100" canEdit="false" editorType="TextItem" detail="true"></field>
		<field title="Addr: state" name="ADDRSTATE" length="255"  type="text" escapeHTML="true"      width="100" canEdit="false" editorType="TextItem" detail="true"></field>
		<field title="Addr: country" name="ADDRCOUNT" length="255"  type="text" escapeHTML="true"      width="100" canEdit="false" editorType="TextItem" detail="true"></field>
		<field title="Addr: web" name="ADDRWEB" length="255"  type="text" escapeHTML="true"      width="100" canEdit="false" editorType="TextItem" detail="true"></field>
		<field title="Historical ID" name="HISTPRID" type="integer" filterOperator="equals" width="100" canEdit="false" editorType="TextItem" detail="true">
			<validators>
				<validator type="isInteger" errorMessage="Must be a valid number" />
			</validators>
		</field>
		<field title="Volatility ID" name="HISTVOLAID" type="integer" filterOperator="equals" width="100" editorType="TextItem" canEdit="false" detail="true">
			<validators>
				<validator type="isInteger" expression="[0-9]" errorMessage="Must be a valid number" />
			</validators>
		</field>
		<field title="Status" name="STATUS" length="1"  type="text" escapeHTML="true"      width="50" canEdit="false" detail="true">
			<valueMap>
				<value ID="E">Enabled</value>
				<value ID="A">Analysis only</value>
				<value ID="D">Disabled</value>
				<value ID="S">Delisted</value>
			</valueMap>
		</field>
		<field title="Delisting Date" name="DELISTDATE" type="datetime"  width="90" canEdit="false" detail="false"></field>
		<field title="Mkt list. Date" name="MKTLSTDATE" type="datetime"  width="90" canEdit="false" detail="true"></field>
		<field title="Ccp Date" name="CCPLSTDATE" type="datetime"  width="90" canEdit="false" detail="true"></field>
		<field title="Delisting Reason" name="DELISTREAS" length="255"  type="text" escapeHTML="true"      canEdit="false" editorType="TextItem" detail="true"></field>
		<field title="Days to delivery" name="DELDAYS" length="255" type="integer" filterOperator="equals" editorType="TextItem" canEdit="false" detail="true">
			<validators>
				<validator type="isInteger" errorMessage="Must be a valid number" />
			</validators>
		</field>
		<field title="Disable Reason" name="DISABREAS" length="255"  type="text" escapeHTML="true"      canEdit="false" editorType="TextItem" detail="true"></field>
		<field title="Update date" name="UPDDATE" type="datetime"  width="100" editorType="TextItem" align="left" cellAlign="left" canEdit="false" detail="true"></field>
		<field title="Update type" name="UPDTYPE"  type="text" escapeHTML="true"      canEdit="false" length="1" width="100" align="left" cellAlign="left" detail="true">
         
		</field>
		<field title="Update user" name="UPDUSR" length="30"  type="text" escapeHTML="true"      canEdit="false" width="100" align="left" cellAlign="left" detail="true"></field>
	<field title="Reporting" name="REPORTING" type="char" canEdit="false" length="1" width="100" align="left" cellAlign="left" detail="true" >
		<validators>
				<validator type="isString" expression="{1}" errorMessage="Must be a valid number" />
			</validators>
		<valueMap>
				<value ID="T">True</value>
				<value ID="F">False</value>
		</valueMap>
		</field>
		<field title="Note" name="NOTE"  type="text" escapeHTML="true"      canEdit="true" length="500" align="left" cellAlign="left" detail="false"></field>
		<field name="FORMAT" length="5000"  type="text" escapeHTML="true"      canEdit="false" detail="true" hidden="true"></field>
	</fields>
	<serverObject lookupStyle="new" className="it.ccg.pamp.server.dmi.StandardDMI"/>
	<operationBindings>
	<operationBinding operationType="update" requiresRole="user"></operationBinding>
	<operationBinding operationType="delete" requiresRole="user"></operationBinding>
	<operationBinding operationType="add" requiresRole="user"></operationBinding>

		<operationBinding  operationType="fetch">
			<whereClause><![CDATA[ 
          pmptinstr.DIVISCODE='E'  AND ($defaultWhereClause)
          ]]>
			</whereClause>
		</operationBinding>
		
	</operationBindings>
</DataSource>