<DataSource 
	  
	tableName="pmptsetcmp"
	ID="pmptsetcmp_set"
	serverType="sql"
>
	<fields>
		<field title="Set ID" customSQL="true" tableName="pmptsets" name="SETID" type="integer" filterOperator="equals"   width="100" detail="true"></field>
		<field title="Set Name" customSQL="true" tableName="pmptsets" name="SETNAME" length="30"  type="text" escapeHTML="true"      width="200" detail="false" primaryKey="true"></field>
		<field title="Members" name="MEMBERS" type="integer" filterOperator="equals" width="100" detail="false"></field>
	</fields>
	
	<operationBindings>
	<operationBinding operationType="update" requiresRole="user"></operationBinding>
	<operationBinding operationType="delete" requiresRole="user"></operationBinding>
	<operationBinding operationType="add" requiresRole="user"></operationBinding>

	 <operationBinding operationType="fetch">  
	  <customSQL>
          SELECT PMPTSETS.SETID, PMPTSETS.SETNAME, COUNT(PMPTSETCMP.INSTRID) AS MEMBERS  
		  FROM PMPTSETCMP PMPTSETCMP INNER JOIN PMPTSETS PMPTSETS ON PMPTSETCMP.SETID = PMPTSETS.SETID  
		  WHERE $defaultWhereClause
		  GROUP BY PMPTSETS.SETID, PMPTSETS.SETNAME   
         </customSQL>
     </operationBinding>  
	<operationBinding operationType="fetch" operationId="pmptsetcmpeqset_fetch_eq">  
	  <customSQL>
          SELECT PMPTSETS.SETID, PMPTSETS.SETNAME, COUNT(PMPTSETCMP.INSTRID) AS MEMBERS  
		  FROM PMPTSETCMP PMPTSETCMP RIGHT JOIN PMPTSETS PMPTSETS ON PMPTSETCMP.SETID = PMPTSETS.SETID  
		  WHERE PMPTSETS.DIVISCODE='E' AND PMPTSETS.SETID NOT IN (SELECT I.SETID FROM PMPTSETCMP I WHERE I.INSTRID=$criteria.IN_INSTRID)
		  GROUP BY PMPTSETS.SETID, PMPTSETS.SETNAME   
         </customSQL>
     </operationBinding>  
     <operationBinding operationType="fetch" operationId="pmptsetcmpeqset_fetch_comp">  
	  <customSQL>
          SELECT PMPTSETS.SETID, PMPTSETS.SETNAME, COUNT(PMPTSETCMP.INSTRID) AS MEMBERS  
		  FROM PMPTSETCMP PMPTSETCMP RIGHT JOIN PMPTSETS PMPTSETS ON PMPTSETCMP.SETID = PMPTSETS.SETID  
		  WHERE PMPTSETS.DIVISCODE='Y' AND PMPTSETS.SETID NOT IN (SELECT I.SETID FROM PMPTSETCMP I WHERE I.INSTRID=$criteria.IN_INSTRID)
		  GROUP BY PMPTSETS.SETID, PMPTSETS.SETNAME   
         </customSQL>
     </operationBinding>  
	<operationBinding operationType="fetch" operationId="pmptsetcmpeqset_fetch_ed">  
	  <customSQL>
          SELECT PMPTSETS.SETID, PMPTSETS.SETNAME, COUNT(PMPTSETCMP.INSTRID) AS MEMBERS  
		  FROM PMPTSETCMP PMPTSETCMP RIGHT JOIN PMPTSETS PMPTSETS ON PMPTSETCMP.SETID = PMPTSETS.SETID  
		  WHERE PMPTSETS.DIVISCODE='D' AND PMPTSETS.SETID NOT IN (SELECT I.SETID FROM PMPTSETCMP I WHERE I.INSTRID=$criteria.IN_INSTRID)
		  GROUP BY PMPTSETS.SETID, PMPTSETS.SETNAME   
         </customSQL>
     </operationBinding>  
	<operationBinding operationType="fetch" operationId="pmptsetcmpeqset_fetch_elec">  
	  <customSQL>
          SELECT PMPTSETS.SETID, PMPTSETS.SETNAME, COUNT(PMPTSETCMP.INSTRID) AS MEMBERS  
		  FROM PMPTSETCMP PMPTSETCMP RIGHT JOIN PMPTSETS PMPTSETS ON PMPTSETCMP.SETID = PMPTSETS.SETID  
		  WHERE PMPTSETS.DIVISCODE='L' AND PMPTSETS.SETID NOT IN (SELECT I.SETID FROM PMPTSETCMP I WHERE I.INSTRID=$criteria.IN_INSTRID)
		  GROUP BY PMPTSETS.SETID, PMPTSETS.SETNAME   
         </customSQL>
     </operationBinding>
	</operationBindings>
</DataSource>