 <DataSource 
	  
	tableName="pmptsstmip"
	ID="pmptsstmip"
	dataSourceVersion="1"
	serverType="sql"
>
	<fields>
	    <field title="Iteration num." name="ITER" type="integer" primaryKey="true" width="90" canEdit="false" canFilter="true" align="left" cellAlign="left" detail="false"></field>
		<field title="Instr. type" name="INSTRTYPE"  type="text" escapeHTML="true" primaryKey="true"  width="100%"   canEdit="false"  length="30"  align="left" cellAlign="left" detail="false"></field>
		 <field title="Multiplier" name="SSTMUL" required="true" type="float" filterOperator="equals" width="120" align="left" cellAlign="left"  canEdit="true" detail="false"></field>
	    <field title="Stress test ID" name="STID" required="true" length="50" type="integer" filterOperator="equals" canEdit="true" filterEditorType="TextItem" width="80"  align="left" cellAlign="left" detail="false"></field>
	    <field title="Scenario" name="SCENARIO" required="true"  type="text" escapeHTML="true"      length="1"  canEdit="true" width="80" filterEditorType="SelectItem" align="left" cellAlign="left" detail="false">
	     <valueMap>
				<value ID="I">Increase</value>
				<value ID="D">Decrease</value>
			</valueMap>
	    </field>	
		 <field title="Stress Var. Coeff." name="VARCOEF" required="true" type="float" filterOperator="equals" width="120"  align="left" cellAlign="left" canEdit="true" detail="false"></field>
	   <field title="Update date" name="UPDDATE" type="datetime" displayFormat="toEuropeanShortDateTime"  editorType="TextItem" align="left" cellAlign="left" canEdit="false" detail="true"></field>
		<field title="Update type" name="UPDTYPE"  type="text" escapeHTML="true"      canEdit="false" length="1"  align="left" cellAlign="left" detail="true">
           <valueMap>
				<value ID="C">Create</value>
				<value ID="U">Update</value>
			</valueMap>
		</field>
		<field title="Update user" name="UPDUSR" length="30"  type="text" escapeHTML="true"      canEdit="false"  align="left" cellAlign="left" detail="true"></field>
	</fields>
	<serverObject lookupStyle="new" className="it.ccg.pamp.server.dmi.StandardDMI"/>
   <operationBindings>
	<operationBinding operationType="update" requiresRole="user"></operationBinding>
	<operationBinding operationType="delete" requiresRole="user"></operationBinding>
	<operationBinding operationType="add" requiresRole="user"></operationBinding>
	
	 <operationBinding operationId="pmptsstmip_fetch_desc" operationType="fetch"> 
       <orderClause>ITER DESC </orderClause> 
      </operationBinding>  
	 <operationBinding operationId="pmptsstmip_fetch_asc" operationType="fetch"> 
       <orderClause>ITER ASC </orderClause> 
      </operationBinding>  
      <operationBinding operationId="pmptsstmip_update_iteration" operationType="update">  
       <customSQL><![CDATA[
				UPDATE pmptsstmip i
                SET ITER=(select count(i1.iter) from pmptsstmip i1   where i1.ITER<=i.iter and i1.INSTRTYPE=i.INSTRTYPE group by i1.instrtype)
		 ]]> </customSQL>
      </operationBinding>   
       <operationBinding operationId="pmptsstmip_fetch_desc" operationType="fetch"> 
       <selectClause>distinct(pmptsstmip.ITER),  pmptsstmip.VARCOEF,pmptsstmip.STID,pmptsstmip.SCENARIO, pmptsstmip.INSTRTYPE, pmptsstmip.SSTMUL, pmptsstmip.UPDTYPE, pmptsstmip.UPDUSR, pmptsstmip.UPDDATE </selectClause>
       <tableClause>pmptsstmip pmptsstmip,PMPTINSTR PMPTINSTR</tableClause>  
       <whereClause><![CDATA[ PMPTINSTR.INSTRTYPE= pmptsstmip.INSTRTYPE and (PMPTINSTR.DIVISCODE='M')
       AND $defaultWhereClause]]></whereClause>  
       <orderClause>ITER DESC </orderClause> 
      </operationBinding>  
       
	 <operationBinding operationType="fetch"> 
	 <selectClause>distinct(pmptsstmip.ITER),pmptsstmip.VARCOEF,pmptsstmip.STID,pmptsstmip.SCENARIO,   pmptsstmip.INSTRTYPE, pmptsstmip.SSTMUL, pmptsstmip.UPDTYPE, pmptsstmip.UPDUSR, pmptsstmip.UPDDATE </selectClause>
       <tableClause>pmptsstmip pmptsstmip,PMPTINSTR PMPTINSTR</tableClause>  
       <whereClause><![CDATA[ PMPTINSTR.INSTRTYPE= pmptsstmip.INSTRTYPE and (PMPTINSTR.DIVISCODE='M')
       AND $defaultWhereClause]]></whereClause>  
       <orderClause>ITER ASC </orderClause> 
      </operationBinding>  
      <operationBinding operationId="pmptsstmip_update_iteration" operationType="update">  
       <customSQL><![CDATA[
				UPDATE pmptsstmip i
                SET ITER=(select count(i1.iter) from pmptsstmip i1   where i1.ITER<=i.iter and i1.INSTRTYPE=i.INSTRTYPE group by i1.instrtype)
		 ]]> </customSQL>
      </operationBinding>
          
	</operationBindings>
	
</DataSource>