<DataSource 
	  
	tableName="pmpvclstat"
	ID="pmptclstat"
	serverType="sql"
>
	<fields>
	    <field title="Bond class id 1" name="CLASSID1" type="integer" filterOperator="equals" width="80" align="left" editorType="ComboBoxItem"  filterEditorType="SelectItem" cellAlign="left" detail="true" ></field>
	    <field title="Bond class id 2" name="CLASSID2" type="integer" filterOperator="equals" width="80" align="left" editorType="ComboBoxItem"  filterEditorType="SelectItem" cellAlign="left" detail="true" ></field>
		<field title="Instrument id 1" name="INSTRID1" type="integer" filterOperator="equals" width="100%" editorType="ComboBoxItem"  filterEditorType="SelectItem"  primaryKey="true" align="left" cellAlign="left" detail="true"></field>
		<field title="Instrument id 2" name="INSTRID2" type="integer" filterOperator="equals" width="100%" editorType="ComboBoxItem"  filterEditorType="SelectItem" primaryKey="true" align="left" cellAlign="left" detail="true"></field>
		
		 <field title="Instrument 1" name="INSTRNAME1"  type="text" escapeHTML="true"      width="100%" align="left" editorType="ComboBoxItem" filterEditorType="SelectItem" canFilter="true" cellAlign="left" detail="false" ></field>
	    <field title="Instrument 2" name="INSTRNAME2"  type="text" escapeHTML="true"      width="100%" align="left" editorType="ComboBoxItem" filterEditorType="SelectItem" canFilter="true" cellAlign="left" detail="false" ></field>
	     <field title="Bond class 1" name="CLASSDESC1"  type="text" escapeHTML="true"      width="80" align="left" editorType="ComboBoxItem" filterEditorType="SelectItem" canFilter="true" cellAlign="left" detail="false" ></field>
	    <field title="Bond class 2" name="CLASSDESC2"  type="text" escapeHTML="true"      width="80" align="left" editorType="ComboBoxItem" filterEditorType="SelectItem" canFilter="true" cellAlign="left" detail="false" ></field>
	    <field title="Division" name="DIVISCODE1" length="20" type="enum" width="100" canEdit="true" detail="true">
			<valueMap>
				<value ID="E">Equities</value>
				<value ID="D">Eq.derivates</value>
				<value ID="I">Infl.bond</value>
				<value ID="O">Bond</value> 
				 <value ID="B">I.R. Nodes</value>
				<value ID="L">Elect.derivates</value>
				<value ID="X">Indices</value>
				<value ID="C">Currency</value>
<value ID="Y">Comparable</value>
<value ID="H">Haircut</value>
			</valueMap>
		</field>
		
	   
		
		<field title="I.R. Curve Name" name="CURVENAME1" length="255"  type="text" escapeHTML="true"      width="100" canEdit="false" detail="false"></field>
	    <field title="Period" customSQL="true" tableName="pmptper" name="NDAYSDESC"  type="text" escapeHTML="true"      editorType="ComboBoxItem" width="90" align="left" cellAlign="left" detail="false" canEdit="false"></field>
		<field title="Period (days)" name="NDAYSPER" type="integer" filterOperator="equals" editorType="ComboBoxItem" width="90"  primaryKey="true" align="left" cellAlign="left" detail="false" ></field>
		<field title="HP" name="NV" type="integer" filterOperator="equals" width="80" primaryKey="true" align="left" cellAlign="left" detail="false"></field>
		<field title="Correlation" name="CORREL" type="float" filterOperator="equals"  editorType="TextItem" filterEditorType="SpinnerItem"  width="100" align="left" cellAlign="left" detail="false"></field>
		<field title="Pearson" name="PEARSON" type="float" filterOperator="equals"  editorType="TextItem" filterEditorType="SpinnerItem"  width="70" align="left" cellAlign="left" detail="false"></field>
		<field title="Mode" name="MODE" type="enum" primaryKey="true" width="80" canEdit="false" align="left" cellAlign="left" detail="true">
		 <valueMap>  
				<value ID="1">Last computation</value>
				<value ID="2">Last analysis</value> 
		</valueMap> 
		</field>
		<field title="Div undiv" name="DIVUNDIV" type="float" filterOperator="equals"  editorType="TextItem" filterEditorType="SpinnerItem"  width="70" align="left" cellAlign="left" detail="false"></field>
		<field title="Historical days" name="HISTDAYS" type="integer" filterOperator="equals" width="100"  editorType="TextItem" filterEditorType="SpinnerItem"  canEdit="false" align="left" cellAlign="left" detail="false"></field>
	<field title="Update date" name="UPDDATE" type="datetime" width="100" align="left" cellAlign="left" canEdit="false" detail="true"></field>
		<field title="Update type" name="UPDTYPE"  type="text" escapeHTML="true"      canEdit="false" length="1" width="100" align="left" cellAlign="left" detail="true">
           <valueMap>
				<value ID="C">Create</value>
				<value ID="U">Update</value>
			</valueMap>
		</field>
		<field title="Update user" name="UPDUSR" length="30"  type="text" escapeHTML="true"      canEdit="false" width="100" align="left" cellAlign="left" detail="true"></field>
</fields>	    
<serverObject lookupStyle="new" className="it.ccg.pamp.server.dmi.StandardDMI"/>
	<operationBindings>
	<operationBinding operationType="update" requiresRole="user"></operationBinding>
	<operationBinding operationType="delete" requiresRole="user"></operationBinding>
	<operationBinding operationType="add" requiresRole="user"></operationBinding>
  
	  <operationBinding  operationId="pmptclstat_fetch_bo"  operationType="fetch"
            customValueFields="NDAYSDESC" customCriteriaFields="NDAYSDESC" >  
         <selectClause>
          pmpvclstat.*, pmptper.NDAYSDESC AS NDAYSDESC
          </selectClause>
       <tableClause>pmpvclstat, pmptper</tableClause>  
          <whereClause><![CDATA[
           pmpvclstat.NDAYSPER = pmptper.NDAYSPER AND
           pmpvclstat.DIVISCODE1='B' AND
           ($defaultWhereClause)
          ]]>  
          </whereClause>  
      </operationBinding> 
       <operationBinding  operationId="pmptclstat_fetch_ibo"  operationType="fetch"
        customValueFields="NDAYSDESC" customCriteriaFields="NDAYSDESC" >   
        <selectClause>
          pmpvclstat.*, pmptper.NDAYSDESC AS NDAYSDESC
          </selectClause>
       <tableClause>pmpvclstat, pmptper</tableClause>  
          <whereClause><![CDATA[
           pmpvclstat.NDAYSPER = pmptper.NDAYSPER AND
           pmpvclstat.DIVISCODE1='I' AND
           ($defaultWhereClause)
          ]]>  
          </whereClause>  
      </operationBinding> 
	
  <operationBinding operationId="pmptclstat_fetch" operationType="fetch" 
       customValueFields="NDAYSDESC" customCriteriaFields="NDAYSDESC" >  
       <selectClause>
          pmpvclstat.*, pmptper.NDAYSDESC AS NDAYSDESC
          </selectClause>
        <tableClause>pmpvclstat, pmptper</tableClause>  
          <whereClause><![CDATA[
           pmpvclstat.NDAYSPER = pmptper.NDAYSPER AND
     
           ($defaultWhereClause)
          ]]>  
          </whereClause>  
      </operationBinding>  
 
  </operationBindings>  	
</DataSource>