 <DataSource 
	  
	tableName="pmptclhct"
	ID="pmptclhct"
	dataSourceVersion="1"
	serverType="sql"
>
	<fields>
	<field title="Class" name="CLASSID" type="integer" filterOperator="equals" primaryKey="true" canEdit="false" editorType="ComboBoxItem"  filterEditorType="SelectItem" width="100" align="left" cellAlign="left" detail="false"></field>
		<field title="Valid date" name="INIVDATE" required="true" type="datetime"  width="100" canEdit="true" detail="false" align="left" cellAlign="left"></field>
		<field title="End date" name="ENDVDATE"  required="true" type="datetime" width="90" canEdit="true" align="left" cellAlign="left" detail="true"></field>
		<field title="Send date" name="SENDDATE" required="true" type="datetime" width="100" canEdit="true" align="left" cellAlign="left" detail="false"></field>
		<field title="Status" name="STATUS" length="1" type="text" width="60" canEdit="false" align="left" cellAlign="left" detail="false">
	        <valueMap>  
				<value ID="E">Enabled</value>  
				<value ID="X">Error</value>  
				<value ID="D">Disabled</value> 
 			</valueMap> 
   		</field>
   		<field title="Working HCT" name="HCT" customSQL="true" tableName="PMPTCLHCTH"  type="float" filterOperator="equals" width="100"  editorType="TextItem" filterEditorType="SpinnerItem"  canEdit="false" align="left" cellAlign="left" detail="false"></field>
   		<field title="Country" customSQL="true" tableName="pmpthclass" name="COUNTRY"  type="text" escapeHTML="true"      canFilter="true" width="100" align="left" cellAlign="left" detail="false" canEdit="false"></field>
   		<field title="Curr. HP" name="CRNV" type="integer" filterOperator="equals" width="50"  canEdit="false" align="left" cellAlign="left" detail="true"></field>
   		<field title="Cur.per(days)" name="CRNDAYSPER" type="integer" filterOperator="equals" width="80"  canEdit="false" align="left" cellAlign="left" detail="true"></field>
   		<field title="Cur.cover" name="CRCOVER" type="float" filterOperator="equals" width="63" canEdit="false" align="left" cellAlign="left" detail="true"></field>
		<field title="Cur.mar." name="CRMARGIN" type="float" filterOperator="equals" width="63"  editorType="TextItem" filterEditorType="SpinnerItem"  canEdit="false" align="left" cellAlign="left" detail="true"></field>
		<field title="An.mar.(prc)" name="ANMARGIN" type="float" filterOperator="equals" width="75"  editorType="TextItem" filterEditorType="SpinnerItem"  canEdit="false" align="left" cellAlign="left" detail="true"></field>
		<field title="An.cov." name="ANCOVER" type="float" filterOperator="equals" width="60" canEdit="false"  editorType="TextItem" filterEditorType="SpinnerItem"  align="left" cellAlign="left" detail="false"></field>
		<field title="An.per(days)" name="ANNDAYSPER" type="integer" filterOperator="equals" width="80"  canEdit="false" align="left" cellAlign="left" detail="true"></field>
		<field title="An. HP" name="ANNV" type="integer" filterOperator="equals" width="50"  canEdit="false" align="left" cellAlign="left" detail="true"></field>
		<field title="Analysis date" name="ANDATE"  type="datetime" width="90" canEdit="false" align="left" cellAlign="left" detail="false"></field>
		<field title="Approval" name="APPROVAL" length="1" type="enum" width="100" canEdit="false" align="left" cellAlign="left" detail="false">
	        <valueMap>  
				<value ID="A">Subm. for appr.</value>  
				<value ID="W">Working</value>
				<value ID="R">Rejected</value>     
 			</valueMap> 
   		</field>	
   		<field title="Propose" name="PROPOSE" length="1" type="enum" width="85" canEdit="true" align="left" cellAlign="left" detail="false">
	        <valueMap>  
				<value ID="C">Change</value>  
				<value ID="L">Leave</value>     
 			</valueMap> 
   		</field>	
   		<field title="Motivation" name="RCCODE" type="integer" filterOperator="equals" editorType="SelectItem"  filterEditorType="SelectItem" width="100%"  canEdit="true" align="left" cellAlign="left" detail="false"></field>
   		<field title="Comment" name="COMMENT" length="500"  type="text" escapeHTML="true"      canEdit="true" align="left" cellAlign="left" detail="true"></field>
   		<field title="Update date" name="UPDDATE" type="datetime" width="100" editorType="TextItem" align="left" cellAlign="left" canEdit="false" detail="true"></field>
		<field title="Update type" name="UPDTYPE"  type="text" escapeHTML="true"      canEdit="false" length="1" width="100" align="left" cellAlign="left" detail="true">
           <valueMap>
				<value ID="C">Create</value>
				<value ID="U">Update</value>
			</valueMap>
		</field>
		<field title="Update user" name="UPDUSR" length="30"  type="text" escapeHTML="true"      canEdit="false" width="100" align="left" cellAlign="left" detail="true"></field>
        <field title="Curr. log." name="CRLOG" length="200"  type="text" escapeHTML="true"      canEdit="false" align="left" cellAlign="left" detail="true"></field>
        <field title="An. log." name="ANLOG" length="200"  type="text" escapeHTML="true"      canEdit="false" align="left" cellAlign="left" detail="true"></field>
        <field title="Prop. log." name="PROPLOG" length="200"  type="text" escapeHTML="true"      canEdit="false" align="left" cellAlign="left" detail="true"></field>
  	    <field title="Curr. first hist. date" name="CRFRSTHISD" type="datetime" width="100" editorType="TextItem" align="left" cellAlign="left" canEdit="false" detail="true"></field>
  	    <field title="An. first hist. date" name="ANFRSTHISD" type="datetime" width="100" editorType="TextItem" align="left" cellAlign="left" canEdit="false" detail="true"></field>
  	    <field title="Curr. last hist. date" name="CRLASTHISD" type="datetime" width="100" editorType="TextItem" align="left" cellAlign="left" canEdit="false" detail="true"></field>
  	    <field title="An. last hist. date" name="ANLASTHISD" type="datetime" width="100" editorType="TextItem" align="left" cellAlign="left" canEdit="false" detail="true"></field>
        <field title="Susp." name="SUSP"  type="text" escapeHTML="true"      canEdit="true" length="1" width="70" align="left" cellAlign="left" detail="true">
           <valueMap>
				<value ID="T">Susp.</value>
				<value ID="F"> </value>
			</valueMap>
		</field>
		 <field title="Custom" name="CUSTOM"  type="text" escapeHTML="true"      canEdit="true" length="1" width="70" align="left" cellAlign="left" detail="false">
           <valueMap>
				<value ID="T">True</value>
				<value ID="F">False</value>
			</valueMap>
		</field>
		<field title="Curr. node id" name="CRNODEID" type="integer" filterOperator="equals" width="80"  canEdit="false" align="left" cellAlign="left" detail="true"></field>
		<field title="An. node id" name="ANNODEID" type="integer" filterOperator="equals" width="80"  canEdit="false" align="left" cellAlign="left" detail="true"></field>
		<field title="Curr. node" name="CRNODES" type="integer" filterOperator="equals" width="80"  canEdit="false" align="left" cellAlign="left" detail="true"></field>
		<field title="An. node" name="ANNODES" type="integer" filterOperator="equals" width="80"  canEdit="false" align="left" cellAlign="left" detail="true"></field>
		
		<field title="An. diff." name="ANDIFF" type="float" filterOperator="equals" width="65" canEdit="false" align="left" cellAlign="left" detail="false" ></field>
		
		
		<field title="Cur. HC" name="CRHCT" type="float" filterOperator="equals" width="63"  editorType="TextItem" filterEditorType="SpinnerItem"  canEdit="false" align="left" cellAlign="left" detail="true"></field>
		<field title="Cur. real HC" name="CRRLHCT" type="float" filterOperator="equals" width="63"  editorType="TextItem" filterEditorType="SpinnerItem"  canEdit="false" align="left" cellAlign="left" detail="true"></field>
		<field title="An. HC" name="ANHCT" type="float" filterOperator="equals" width="63"  editorType="TextItem" filterEditorType="SpinnerItem"  canEdit="false" align="left" cellAlign="left" detail="false"></field>
		<field title="An. real HC" name="ANRLHCT" type="float" filterOperator="equals" width="63"  editorType="TextItem" filterEditorType="SpinnerItem"  canEdit="false" align="left" cellAlign="left" detail="true"></field>
		<field title="Prop. HC" name="PROPHCT" type="float" filterOperator="equals" width="63"  editorType="TextItem" filterEditorType="SpinnerItem"  canEdit="false" align="left" cellAlign="left" detail="true"></field>
		
		<field title="Cur. mult." name="CRMULT" type="float" filterOperator="equals" width="63"  editorType="TextItem" filterEditorType="SpinnerItem"  canEdit="false" align="left" cellAlign="left" detail="true"></field>
		<field title="Cur. min." name="CRFLOOR" type="float" filterOperator="equals" width="63"  editorType="TextItem" filterEditorType="SpinnerItem"  canEdit="false" align="left" cellAlign="left" detail="true"></field>
		<field title="Cur. max." name="CRCAP" type="float" filterOperator="equals" width="63"  editorType="TextItem" filterEditorType="SpinnerItem"  canEdit="false" align="left" cellAlign="left" detail="true"></field>
		<field title="An. mult." name="ANMULT" type="float" filterOperator="equals" width="63"  editorType="TextItem" filterEditorType="SpinnerItem"  canEdit="false" align="left" cellAlign="left" detail="true"></field>
		<field title="An. min." name="ANFLOOR" type="float" filterOperator="equals" width="63"  editorType="TextItem" filterEditorType="SpinnerItem"  canEdit="false" align="left" cellAlign="left" detail="true"></field>
		<field title="An. max." name="ANCAP" type="float" filterOperator="equals" width="63"  editorType="TextItem" filterEditorType="SpinnerItem"  canEdit="false" align="left" cellAlign="left" detail="true"></field>
		<field title="User HC" name="USERHCT" type="float" filterOperator="equals" width="63"  editorType="TextItem" filterEditorType="SpinnerItem"  canEdit="true" align="left" cellAlign="left" detail="false"></field>
		
		
  	</fields>
  	<serverObject lookupStyle="new" className="it.ccg.pamp.server.dmi.StandardDMI"/>
  <operationBindings>
	<operationBinding operationType="update" requiresRole="user"></operationBinding>
	<operationBinding operationType="delete" requiresRole="user"></operationBinding>
	<operationBinding operationType="add" requiresRole="user"></operationBinding>

   <!-- <operationBinding operationId="pmptclhct__last_review" operationType="fetch">  
         <whereClause><![CDATA[APPROVAL !='W'  and ($defaultWhereClause)]]></whereClause>  
    </operationBinding>   -->
     
    <operationBinding operationType="fetch"  operationId="pmptclhct__last_review"
      customValueFields="COUNTRY,HCT,ANDIFF" 
      customCriteriaFields="COUNTRY,HCT,ANDIFF">  
      <customSQL><![CDATA[
			SELECT
			PMPTCLHCT.CLASSID,PMPTCLHCT.INIVDATE,PMPTCLHCT.ENDVDATE,
			PMPTCLHCT.SENDDATE,PMPTCLHCT.STATUS,PMPTCLHCT.CRMARGIN,
			PMPTCLHCT.CRCOVER,PMPTCLHCT.CRNDAYSPER,PMPTCLHCT.CRNV,
			PMPTCLHCT.CRHCT,PMPTCLHCT.CRRLHCT,PMPTCLHCT.CRMULT,
			PMPTCLHCT.CRFLOOR,PMPTCLHCT.CRCAP,PMPTCLHCT.ANMARGIN,
			PMPTCLHCT.ANCOVER,PMPTCLHCT.ANNDAYSPER,PMPTCLHCT.ANNV,
			PMPTCLHCT.ANMULT,PMPTCLHCT.ANFLOOR,PMPTCLHCT.ANCAP,
			PMPTCLHCT.ANHCT,PMPTCLHCT.ANRLHCT,PMPTCLHCT.ANDATE,
			PMPTCLHCT.PROPHCT,PMPTCLHCT.USERHCT,PMPTCLHCT.ANADDEND,
			PMPTCLHCT.CRADDEND,PMPTCLHCT.APPROVAL,PMPTCLHCT.RCCODE,
			PMPTCLHCT.COMMENT,PMPTCLHCT.CRNODES,PMPTCLHCT.ANNODES,
			PMPTCLHCT.UPDTYPE,PMPTCLHCT.UPDUSR,PMPTCLHCT.UPDDATE,
			PMPTCLHCT.PROPOSE,PMPTCLHCT.CRLOG,PMPTCLHCT.ANLOG,
			PMPTCLHCT.PROPLOG,PMPTCLHCT.CRFRSTHISD,PMPTCLHCT.ANFRSTHISD,
			PMPTCLHCT.ANLASTHISD,PMPTCLHCT.CRLASTHISD,PMPTCLHCT.SUSP,
			PMPTCLHCT.CUSTOM,PMPTCLHCT.CRNODEID,
			PMPTCLHCT.ANNODEID,PMPTCLHCT.DIVISCODE,
			IFNULL(((PMPTCLHCT.ANHCT-HCTH.HCT)/HCTH.HCT),0) AS ANDIFF,
			C.COUNTRY AS COUNTRY, 
			HCTH.HCT AS HCT 
			FROM PMPTCLHCT
			INNER JOIN  PMPTHCLASS C
			ON C.CLASSID = PMPTCLHCT.CLASSID
			LEFT JOIN  PMPTCLHCTH HCTH
			ON HCTH.CLASSID = PMPTCLHCT.CLASSID AND HCTH.SENT = 'T'
			WHERE NOT EXISTS (SELECT HCTH2.* FROM PMPTCLHCTH HCTH2 WHERE HCTH2.CLASSID = HCTH.CLASSID AND HCTH2.INIVDATE > HCTH.INIVDATE)
			AND APPROVAL !='W'  and ($defaultWhereClause)
			]]>
		  </customSQL>
    </operationBinding>
    
    
    <operationBinding operationId="pmptclhct_update_all_hc" operationType="update" requiresRole="user">  
         <whereClause><![CDATA[CLASSID in (select CLASSID from pmptclhct)]]></whereClause>  
    </operationBinding>
    <operationBinding operationType="fetch" 
      customValueFields="COUNTRY,HCT,ANDIFF" 
      customCriteriaFields="COUNTRY,HCT,ANDIFF">  
      <customSQL><![CDATA[
			SELECT
			PMPTCLHCT.CLASSID,PMPTCLHCT.INIVDATE,PMPTCLHCT.ENDVDATE,
			PMPTCLHCT.SENDDATE,PMPTCLHCT.STATUS,PMPTCLHCT.CRMARGIN,
			PMPTCLHCT.CRCOVER,PMPTCLHCT.CRNDAYSPER,PMPTCLHCT.CRNV,
			PMPTCLHCT.CRHCT,PMPTCLHCT.CRRLHCT,PMPTCLHCT.CRMULT,
			PMPTCLHCT.CRFLOOR,PMPTCLHCT.CRCAP,PMPTCLHCT.ANMARGIN,
			PMPTCLHCT.ANCOVER,PMPTCLHCT.ANNDAYSPER,PMPTCLHCT.ANNV,
			PMPTCLHCT.ANMULT,PMPTCLHCT.ANFLOOR,PMPTCLHCT.ANCAP,
			PMPTCLHCT.ANHCT,PMPTCLHCT.ANRLHCT,PMPTCLHCT.ANDATE,
			PMPTCLHCT.PROPHCT,PMPTCLHCT.USERHCT,PMPTCLHCT.ANADDEND,
			PMPTCLHCT.CRADDEND,PMPTCLHCT.APPROVAL,PMPTCLHCT.RCCODE,
			PMPTCLHCT.COMMENT,PMPTCLHCT.CRNODES,PMPTCLHCT.ANNODES,
			PMPTCLHCT.UPDTYPE,PMPTCLHCT.UPDUSR,PMPTCLHCT.UPDDATE,
			PMPTCLHCT.PROPOSE,PMPTCLHCT.CRLOG,PMPTCLHCT.ANLOG,
			PMPTCLHCT.PROPLOG,PMPTCLHCT.CRFRSTHISD,PMPTCLHCT.ANFRSTHISD,
			PMPTCLHCT.ANLASTHISD,PMPTCLHCT.CRLASTHISD,PMPTCLHCT.SUSP,
			PMPTCLHCT.CUSTOM,PMPTCLHCT.CRNODEID,
			PMPTCLHCT.ANNODEID,PMPTCLHCT.DIVISCODE,
			IFNULL(((PMPTCLHCT.ANHCT-HCTH.HCT)/HCTH.HCT),0) AS ANDIFF,
			C.COUNTRY AS COUNTRY, 
			HCTH.HCT AS HCT 
			FROM PMPTCLHCT
			INNER JOIN  PMPTHCLASS C
			ON C.CLASSID = PMPTCLHCT.CLASSID
			LEFT JOIN  PMPTCLHCTH HCTH
			ON HCTH.CLASSID = PMPTCLHCT.CLASSID AND HCTH.SENT = 'T'
			WHERE NOT EXISTS (SELECT HCTH2.* FROM PMPTCLHCTH HCTH2 WHERE HCTH2.CLASSID = HCTH.CLASSID AND HCTH2.INIVDATE > HCTH.INIVDATE)
			AND ($defaultWhereClause)
			]]>
		  </customSQL>
    </operationBinding>
    
</operationBindings>
</DataSource>