<DataSource 
	  
	tableName="pmptsched"
	ID="pmptsched"
	dataSourceVersion="1"
	serverType="sql"
>
	<fields>
		<field title="Schedule name" name="PRCNAME"  type="text" escapeHTML="true"      required="true" canEdit="true"  width="100%" align="left" cellAlign="left" detail="false"></field>
		<field title="Schedule status" name="ENABLED" length="1" type="enum" width="100" canEdit="false" align="left" cellAlign="left" detail="false">
		<valueMap>  
				<value ID="T">Activated</value>  
				<value ID="F">Deactivated</value>  
		</valueMap> 
		</field>
		<field title="Prc ID" name="PRCID" type="sequence" filterOperator="equals" editorType="SelectItem"  filterEditorType="SelectItem" primaryKey="true" canEdit="false" width="120" align="left" cellAlign="left" detail="true"></field>
		<field title="Job/Batch" name="BATCHID" type="integer" filterOperator="equals"  canEdit="true" editorType="ComboBoxItem"  filterEditorType="SelectItem" width="100%" align="left" cellAlign="left" detail="false"></field>
		<field title="Frequency" name="FREQUENCY" length="1" type="enum" width="70" canEdit="true" align="left" cellAlign="left" detail="false">
		<valueMap>  
				<value ID="M">Monthly</value>  
				<value ID="O">One shot</value>
				<value ID="D">Daily</value>  
		</valueMap> 
		</field>
		<field title="Only market dates" name="ATTMKTDATE" length="1" type="enum" width="100" canEdit="true" align="left" cellAlign="left" detail="false">
		<valueMap>  
				<value ID="T">True</value>  
				<value ID="F">False</value>  
		</valueMap> 
		</field>
		<field title="Sched. date/time" name="FIXEDTIME" type="datetime" width="150" canEdit="true" align="left" cellAlign="left" detail="false">
		<validators>
	          <validator type="dateRange" clientOnly="true" errorMessage="Please do not schedule processes in the past"  >
		         <min>
			       <JS>new Date()</JS>
		         </min>
	         </validator>
	    </validators>
		</field>
		<field title="Last scheduled execution" name="LASTEXEC" type="datetime" width="pmptsstipa_agx" canEdit="false" align="left" cellAlign="left" detail="false"></field>
        <field title="Update date" name="UPDDATE" type="datetime"  width="100"  align="left" cellAlign="left" canEdit="false" detail="true"></field>
		<field title="Update type" name="UPDTYPE"  type="text" escapeHTML="true"      canEdit="false" length="1" width="100" align="left" cellAlign="left" detail="true">
           <valueMap>
				<value ID="C">Create</value>
				<value ID="U">Update</value>
			</valueMap>
		</field>
		<field title="Update user" name="UPDUSR" length="30"  type="text" escapeHTML="true"      canEdit="false" width="100" align="left" cellAlign="left" detail="true"></field>
		<field title="Job/Batch group" name="BATCHCAT" customSQL="true" tableName="pmptbatch" type="text" escapeHTML="true"  width="90" canEdit="false" align="left" cellAlign="left" detail="true" ></field>
</fields>	    
<serverObject lookupStyle="new" className="it.ccg.pamp.server.dmi.StandardDMI"/>

<operationBindings>
	<operationBinding operationType="update" requiresRole="user"></operationBinding>
	<operationBinding operationType="delete" requiresRole="user"></operationBinding>
	<operationBinding operationType="add" requiresRole="user"></operationBinding>
	
   <operationBinding operationId="pmptsched_onlybatch_fetch" operationType="fetch" 
      customValueFields="BATCHID,BATCHCAT"
       customCriteriaFields="BATCHID,BATCHCAT">  
        <selectClause>pmptsched.*,pmptbatch.BATCHCAT</selectClause>
       <tableClause>pmptsched,pmptbatch</tableClause> 
       <whereClause><![CDATA[pmptsched.BATCHID=pmptbatch.BATCHID AND pmptsched.BATCHID>999 AND $defaultWhereClause]]></whereClause>  
    </operationBinding>
    <operationBinding operationId="pmptsched_onlyjob_fetch" operationType="fetch" 
      customValueFields="BATCHID,BATCHCAT"
       customCriteriaFields="BATCHID,BATCHCAT">  
        <selectClause>pmptsched.*,pmptbatch.BATCHCAT</selectClause>
       <tableClause>pmptsched,pmptbatch</tableClause> 
       <whereClause><![CDATA[pmptsched.BATCHID=pmptbatch.BATCHID AND pmptsched.BATCHID<=999 AND $defaultWhereClause]]></whereClause>  
    </operationBinding>
</operationBindings>  

</DataSource>