<DataSource 
	  
	tableName="pmptclmarh"
	ID="pmptclmarh"
	dataSourceVersion="1"
	serverType="sql"
>
	<fields>
		<field title="Class" name="CLASSID" type="integer" filterOperator="equals"  primaryKey="true" editorType="ComboBoxItem" foreignKey="pmptmar-elec.INSTRID"  width="80" align="left" cellAlign="left" detail="true"></field>
		<field title="Valid date" name="INIVDATE"  type="datetime" primaryKey="true" width="100" align="left" cellAlign="left" detail="false"></field>
		<field title="End date" name="ENDVDATE"  type="datetime"  width="70" align="left" cellAlign="left" detail="true"></field>
		<field title="Margin" name="MARGIN" type="float" filterOperator="equals" width="60" align="left"  editorType="TextItem" filterEditorType="SpinnerItem"  cellAlign="left" detail="false"></field>
		<field title="Cover" name="COVER" type="float" filterOperator="equals" required="true" width="60" align="left"  editorType="TextItem" filterEditorType="SpinnerItem"  cellAlign="left" detail="false"></field>
		<field title="Sent" name="SENT"  type="text" escapeHTML="true"      width="50" align="left" cellAlign="left" detail="false">
		 <valueMap>  
				<value ID="T">Sent</value>  
				<value ID="F">Not sent</value>   
 			</valueMap> 
   		</field>	
		<field title="Send date" name="SENDDATE"  type="datetime" width="100" align="left" cellAlign="left" detail="false"></field>
		<field title="Approved by" name="APPROVEDBY" length="30"  type="text" escapeHTML="true"      width="80" align="left" cellAlign="left" detail="true"></field>
		<field title="Approved date" name="APPRDATE"  type="datetime" width="100" align="left" cellAlign="left" detail="true"></field>
		<field title="An.mar." name="ANMARGIN" type="float" filterOperator="equals" width="60" align="left"  editorType="TextItem" filterEditorType="SpinnerItem"  cellAlign="left" detail="true"></field>
		<field title="An.cov." name="ANCOVER" required="true" type="float" filterOperator="equals" width="60" align="left" cellAlign="left" detail="true"></field>
		<field title="Analysis date" name="ANDATE"  type="datetime" width="70" align="left" cellAlign="left" detail="true"></field>
		<field title="Log" name="LOG"   type="text" escapeHTML="true"      width="200" align="left" cellAlign="left" detail="true"></field>
		<field title="Motivation" name="RCCODE"   type="text" escapeHTML="true"      width="60" align="left" cellAlign="left"  filterEditorType="SelectItem" detail="true"></field>
		<field title="Susp." name="SUSP"  type="text" escapeHTML="true"      canEdit="true" length="1" width="70" align="left" cellAlign="left" detail="false">
           <valueMap>
				<value ID="T">Susp.</value>
				<value ID="F"> </value>
			</valueMap>
		</field>
		<field title="Comment" name="COMMENT" length="255"  type="text" escapeHTML="true"      align="left" cellAlign="left" detail="true"></field>
       <field title="Update date" name="UPDDATE" type="datetime" width="100" editorType="TextItem" align="left" cellAlign="left" canEdit="false" detail="true"></field>
	<field title="Update type" name="UPDTYPE"  type="text" escapeHTML="true"      canEdit="false" length="1" width="100" align="left" cellAlign="left" detail="true">
           <valueMap>
				<value ID="C">Create</value>
				<value ID="U">Update</value>
			</valueMap>
	</field>
	<field title="Update user" name="UPDUSR" length="30"  type="text" escapeHTML="true"      canEdit="false" width="100" align="left" cellAlign="left" detail="true"></field>
</fields>	    
<serverObject lookupStyle="new" className="it.ccg.pamp.server.dmi.StandardDMI"/>
<operationBindings>
	<operationBinding operationType="update" requiresRole="nobody"></operationBinding>
	<operationBinding operationType="delete" requiresRole="nobody"></operationBinding>
	<operationBinding operationType="add" requiresRole="nobody"></operationBinding>
 </operationBindings>  	
</DataSource>