<DataSource    
tableName="pmptbskcmp" 
	ID="pmptbskcmp" 
dataSourceVersion="1" 
serverType="sql"> 
	<fields>
		<field title="Basket" name="BASKETID" primaryKey="true" canEdit="false" canFilter="true" width="100" detail="true"></field>
		<field title="Instrument ID" name="INSTRID" type="sequence" primaryKey="true" canEdit="false" canFilter="true" width="100" detail="false"></field>
		<field  title="Instrument name" tableName="pmptinstr" customSQL="true" name="INSTRNAME"  required="true" canFilter="true" length="255" editorType="TextItem" canEdit="true"  type="text" escapeHTML="true"      width="100%" detail="false"></field>
		<field title="Instr. code" name="CLASSCODE" tableName="pmptinstr" customSQL="true" required="true" length="30"  type="text" escapeHTML="true"  width="100" canEdit="true" detail="false"></field>
		<field title="Shares Amount" name="SHARESAMT" type="float" filterOperator="equals" format="##0.###" editorType="TextItem" filterEditorType="SpinnerItem" width="90" canEdit="true" align="left" cellAlign="left" detail="false"></field>
		<field title="Ratio" name="RATIO" type="float" filterOperator="equals" format="##0.###" editorType="TextItem" filterEditorType="SpinnerItem" width="90" canEdit="true" align="left" cellAlign="left" detail="false">
		<validators>
		        <validator type="isFloat" errorMessage="Must be a valid number" /> 
		</validators>         
		</field>
		<field title="Status" name="STATUS" length="1"  type="text" escapeHTML="true"      width="100" canEdit="true" detail="true">
			<valueMap>
				<value ID="E">Enabled</value>
				<value ID="D">Disabled</value>
			</valueMap>
		</field>
		<field title="Update date" name="UPDDATE" type="datetime" width="100" align="left" cellAlign="left" canEdit="false" detail="true"></field>
		<field title="Update type" name="UPDTYPE" type="text" escapeHTML="true"  canEdit="false" length="1" width="100" align="left" cellAlign="left" detail="true">
           <valueMap>
				<value ID="C">Create</value>
				<value ID="U">Update</value>
			</valueMap>
		</field>
		<field title="Update user" name="UPDUSR" length="30" type="text" escapeHTML="true"  canEdit="false" width="100" align="left" cellAlign="left" detail="true"></field> 
	</fields>
	
	<serverObject lookupStyle="new" className="it.ccg.pamp.server.dmi.StandardDMI"/>
	<operationBindings>
	<operationBinding operationType="update" requiresRole="user"></operationBinding>
	<operationBinding operationType="delete" requiresRole="user"></operationBinding>
	<operationBinding operationType="add" requiresRole="user"></operationBinding>

		<operationBinding operationType="fetch" 
		customValueFields="INSTRNAME,CLASSCODE"  customCriteriaFields="INSTRNAME,CLASSCODE">  
			<selectClause>pmptinstr.INSTRNAME,
						  pmptinstr.CLASSCODE,
						  pmptbskcmp.*
			</selectClause> 
		<tableClause>pmptbskcmp,pmptinstr</tableClause>  
       <whereClause><![CDATA[pmptbskcmp.INSTRID =pmptinstr.INSTRID AND ($defaultWhereClause)]]></whereClause>
		</operationBinding>

	</operationBindings>
</DataSource>