 <DataSource 
	  
	tableName="pmptmar"
	ID="pmptmar_comp"
	dataSourceVersion="1"
	serverType="sql"
>
	<fields>
	<field title="Instrument name" customSQL="true" tableName="pmpvmar" name="INSTRNAME"  type="text" escapeHTML="true"      canFilter="true" align="left" cellAlign="left" detail="false" canEdit="false"></field>
		<field title="Instrument ID" name="INSTRID" type="integer" filterOperator="equals" primaryKey="true" width="80"  canEdit="false" align="left" cellAlign="left" detail="true"></field>
		<field title="Valid date" name="INIVDATE"  type="datetime"   width="100" canEdit="true" detail="false" align="left" cellAlign="left"></field>
		<field title="End date" name="ENDVDATE"  required="true" type="datetime"  width="90" canEdit="true" align="left" cellAlign="left" detail="true"></field>
		<field title="Send date" name="SENDDATE" required="true"  type="datetime"   width="100" canEdit="true" align="left" cellAlign="left" detail="false"></field>
		<field title="Status" name="STATUS" length="1" type="enum" width="60" canEdit="false" align="left" cellAlign="left" detail="false">
	        <valueMap>  
				<value ID="E">Enabled</value>  
				<value ID="X">Error</value>  
				<value ID="D">Disabled</value> 
 			</valueMap> 
   		</field>
   		<field title="Var.type" name="CRVARTYPE" type="enum" editorType="ComboBoxItem" length="1" width="70"  canEdit="false" align="left" cellAlign="left" detail="true">
		       <valueMap>  
				<value ID="L">Logarithmic</value>
				<value ID="P">Percentual</value> 
				</valueMap> 
		</field>
   		<field title="HP" name="CRNV" type="integer" filterOperator="equals" width="50"  canEdit="false" align="left" cellAlign="left" detail="true"></field>
   		<field title="Per(days)" name="CRNDAYSPER" type="integer" filterOperator="equals" width="80"  canEdit="false" align="left" cellAlign="left" detail="true"></field>
   		<field title="Cover" name="CRCOVER" type="float" filterOperator="equals" width="63" canEdit="false" align="left" cellAlign="left" detail="true"></field>
		<field title="Margin" name="CRMARGIN" type="float" filterOperator="equals" width="63" canEdit="false" align="left" cellAlign="left" detail="false"></field>
		<field title="Min. mar." name="CRMINMAR" type="float" filterOperator="equals" width="65" canEdit="false" align="left" cellAlign="left" detail="true" hidden="true"></field>
		<field title="Propose" name="PROPOSE" length="1" type="enum" width="85" canEdit="true" align="left" cellAlign="left" detail="false">
	        <valueMap>  
				<value ID="C">Change</value>  
				<value ID="L">Leave</value>     
 			</valueMap> 
   		</field>	
   		<field title="Motivation" name="RCCODE" type="integer" filterOperator="equals" editorType="SelectItem"  filterEditorType="SelectItem"  width="100%"  canEdit="true" align="left" cellAlign="left" detail="false"></field>
   		<field title="Comment" name="COMMENT" length="500"  type="text" escapeHTML="true"      canEdit="true" align="left" cellAlign="left" detail="true"></field>
   		<field title="Update date" name="UPDDATE" type="datetime"  width="100" editorType="TextItem" align="left" cellAlign="left" canEdit="false" detail="true"></field>
		<field title="Update type" name="UPDTYPE"  type="text" escapeHTML="true"      canEdit="false" length="1" width="100" align="left" cellAlign="left" detail="true">
           <valueMap>
				<value ID="C">Create</value>
				<value ID="U">Update</value>
			</valueMap>
		</field>
		<field title="Update user" name="UPDUSR" length="30"  type="text" escapeHTML="true"      canEdit="false" width="100" align="left" cellAlign="left" detail="true"></field>
	    <field customSQL="true" tableName="pmpvmar" title="Division" name="DIVISCODE" length="30"  type="text" escapeHTML="true"      width="100" align="left" cellAlign="left" detail="true">
	    <valueMap>
				<value ID="E">Equities</value>
				<value ID="D">Eq.derivates</value>
				<value ID="I">Infl.bond</value>
				<value ID="O">Bond</value> 
				 <value ID="B">I.R. Nodes</value>
				<value ID="L">Elect.derivates</value>
				<value ID="X">Indices</value>
				<value ID="C">Currency</value>
<value ID="Y">Comparable</value>
<value ID="H">Haircut</value>
			</valueMap>
	    </field>
        <field title="Log." name="CRLOG" length="200"  type="text" escapeHTML="true"      canEdit="false" align="left" cellAlign="left" detail="true"></field>
        <field title="First hist. date" name="CRFRSTHISD" type="datetime"  width="100"  align="left" cellAlign="left" canEdit="false" detail="true"></field>
  	    <field title="Last hist. date" name="CRLASTHISD" type="datetime"  width="100"  align="left" cellAlign="left" canEdit="false" detail="true"></field>
  	    <field title="Susp." name="SUSP"  type="text" escapeHTML="true"      canEdit="true" length="1" width="70" align="left" cellAlign="left" detail="false">
           <valueMap>
				<value ID="T">Susp.</value>
				<value ID="F"> </value>
			</valueMap>
		</field>
		 <field title="Custom" name="CUSTOM"  type="text" escapeHTML="true"      canEdit="true" length="1" width="70" align="left" cellAlign="left" detail="false">
           <valueMap>
				<value ID="T">True</value>
				<value ID="F">False</value>
			</valueMap>
		</field>
		<field title="Instr. code" name="CLASSCODE" customSQL="true" tableName="pmpvmar" length="30"  type="text" escapeHTML="true"      width="70" canEdit="false" detail="true" align="left" cellAlign="left"></field>
		<field title="ISIN code" name="ISINCODE" customSQL="true" tableName="pmpvmar" length="12"  type="text" escapeHTML="true"      width="110" canEdit="false" detail="true" align="left" cellAlign="left"></field>
		<field title="Super sector" name="SUPERSECT" customSQL="true" tableName="pmpvmar" length="12"  type="text" escapeHTML="true"      width="110" canEdit="false" detail="true" align="left" cellAlign="left"></field>
		<field title="Industry" name="INDUSTRY" customSQL="true" tableName="pmpvmar" length="12"  type="text" escapeHTML="true"      width="110" canEdit="false" detail="true" align="left" cellAlign="left"></field>
	   <field title="Working min. mar." name="WORKMINMAR" customSQL="true" tableName="pmpvmar" type="float" filterOperator="equals" width="92" canEdit="false" align="left" cellAlign="left" detail="true" ></field>
		<field title="Working from" name="WORKFROMDT" customSQL="true" tableName="pmpvmar" type="datetime"  width="100"  align="left" cellAlign="left" canEdit="false" detail="true"></field>
		<field title="Mar. change" name="CHMAR" type="float" customSQL="true" tableName="pmpvmar" filterOperator="equals" width="72" canEdit="false" align="left" cellAlign="left" detail="true" ></field>
		<field title="Min. mar. change" name="CHMINMAR" customSQL="true" tableName="pmpvmar" type="float" filterOperator="equals" width="90" canEdit="false" align="left" cellAlign="left" detail="true" ></field>
		 <field title="Working mar." name="WORKMAR" customSQL="true" tableName="pmpvmar" type="float" filterOperator="equals" width="85" canEdit="false" align="left" cellAlign="left" detail="false" ></field>
		
	</fields>
  	<serverObject lookupStyle="new" className="it.ccg.pamp.server.dmi.StandardDMI"/>
  	<operationBindings>
	<operationBinding operationType="update" requiresRole="user"></operationBinding>
	<operationBinding operationType="delete" requiresRole="user"></operationBinding>
	<operationBinding operationType="add" requiresRole="user"></operationBinding>
  
     
      <operationBinding operationType="fetch" 
      customValueFields="INSTRNAME,DIVISCODE,CHMAR,CHMINMAR,CHANMAR,CHUSRMAR,WORKMINMAR,WORKFROMDT,WORKMAR,ISINCODE,CLASSCODE,SUPERSECT,INDUSTRY" 
      customCriteriaFields="INSTRNAME,DIVISCODE,CHMAR,CHMINMAR,CHANMAR,CHUSRMAR,WORKMINMAR,WORKFROMDT,WORKMAR,ISINCODE,CLASSCODE,SUPERSECT,INDUSTRY">  
       <selectClause>pmptmar.*,pmpvmar.WORKMAR AS WORKMAR, 
       pmpvmar.WORKMINMAR,pmpvmar.WORKFROMDT,pmpvmar.CHMAR,pmpvmar.CHMINMAR,pmpvmar.CHANMAR as CHANMAR, pmpvmar.CHUSRMAR as CHUSRMAR,
       pmpvmar.CLASSCODE as CLASSCODE,pmpvmar.ISINCODE as ISINCODE,pmpvmar.DIVISCODE as DIVISCODE, pmpvmar.INSTRNAME AS INSTRNAME,
       pmpvmar.SUPERSECT as SUPERSECT,pmpvmar.INDUSTRY as INDUSTRY</selectClause>
       <tableClause>pmptmar, pmpvmar as pmpvmar</tableClause>  
       <whereClause><![CDATA[ pmpvmar.DIVISCODE = 'Y' AND pmpvmar.INSTRID = pmptmar.INSTRID
       AND $defaultWhereClause]]></whereClause>  
    </operationBinding>        
    <operationBinding operationId="pmptmareq_update_mar" operationType="update" requiresRole="user">  
       <customSQL>
				update pmptmar
                SET USERMARGIN=ANMARGIN
                where instrid in(select instrid from pmptinstr where diviscode='E')
		  </customSQL>
      </operationBinding>      
       <operationBinding operationId="pmptmareq_update_minmar" operationType="update" requiresRole="user">  
       <customSQL>
				update pmptmar
                SET USERMINMAR=ANMINMAR
                where instrid in(select instrid from pmptinstr where diviscode='E')
		  </customSQL>
      </operationBinding>           
      <operationBinding operationId="pmptmar_update_all_forcomparable" operationType="update" requiresRole="user">  
         <whereClause><![CDATA[ instrid in (select instrid from pmptinstr where diviscode='Y')]]></whereClause>  
    </operationBinding>
 </operationBindings>  	
  
</DataSource>