<DataSource 
	  
	tableName="pmptclter"
	ID="pmptclter"
	dataSourceVersion="1"
	serverType="sql"
>
	<fields>
		<field title="Bond class 1" name="CLASSID1" type="integer" filterOperator="equals" primaryKey="true" canEdit="false"  editorType="ComboBoxItem"  filterEditorType="SelectItem" width="100" align="left" cellAlign="left" detail="false"></field>
		<field title="Bond class 2" name="CLASSID2" type="integer" filterOperator="equals" primaryKey="true" canEdit="false"  editorType="ComboBoxItem"  filterEditorType="SelectItem" width="100" align="left" cellAlign="left" detail="false"></field>
		 <field title="Division" name="DIVISCODE" customSQL="true" tableName="c1" length="20"  type="text" escapeHTML="true"      width="100" canEdit="false" detail="true">
			<valueMap>
				<value ID="E">Equities</value>
				<value ID="D">Eq.derivates</value>
				<value ID="I">Infl.bond</value>
				<value ID="O">Bond</value> 
				 <value ID="B">I.R. Nodes</value>
				<value ID="L">Elect.derivates</value>
				<value ID="X">Indices</value>
				<value ID="C">Currency</value>
<value ID="Y">Comparable</value>
<value ID="H">Haircut</value>
			</valueMap>
		</field>
		<field title="Valid date" name="INIVDATE" required="true" type="datetime" width="100" canEdit="true" detail="false" align="left" cellAlign="left"></field>
		<field title="End date" name="ENDVDATE"  type="datetime" width="90" canEdit="true" align="left" cellAlign="left" detail="false"></field>
		<field title="Send date" name="SENDDATE"  type="datetime" width="100" canEdit="true" align="left" cellAlign="left" detail="false"></field>
		<field title="Motivation" name="RCCODE" type="integer" filterOperator="equals"  editorType="SelectItem"  filterEditorType="SelectItem" width="100%"  canEdit="true" align="left" cellAlign="left" detail="false" ></field>
		<field title="Status" name="STATUS" length="1" type="enum" width="50" canEdit="true" align="left" cellAlign="left" detail="false">
	        <valueMap>  
				<value ID="E">Enabled</value>  
				<value ID="X">Error</value>  
				<value ID="D">Disabled</value> 
 			</valueMap> 
   		</field>
   		<field title="User off." name="USEROFF" type="float" filterOperator="equals" width="60"  editorType="TextItem" filterEditorType="SpinnerItem"  canEdit="true" align="left" cellAlign="left" detail="false"></field>
		<field title="Curr. off." name="CROFF" type="float" filterOperator="equals" width="70" canEdit="false"  editorType="TextItem" filterEditorType="SpinnerItem"  align="left" cellAlign="left" detail="false"></field>
		<field title="Curr. instrument 1" name="CRINSTRID1" type="integer" filterOperator="equals" width="100"  editorType="ComboBoxItem"  filterEditorType="SelectItem" canEdit="false" align="left" cellAlign="left" detail="true" ></field>
		<field title="Curr. instrument 2" name="CRINSTRID2" type="integer" filterOperator="equals" width="100"  editorType="ComboBoxItem"  filterEditorType="SelectItem"  canEdit="false" align="left" cellAlign="left" detail="true" ></field>
		<field title="Cur.per(days)" name="CRNDAYSPER" type="integer" filterOperator="equals" width="85"  canEdit="false" align="left" cellAlign="left" detail="true" ></field>
		<field title="Curr. HP" name="CRNV" type="integer" filterOperator="equals" width="70"  canEdit="false" align="left" cellAlign="left" detail="true" ></field>
		<field title="Analysis date" name="ANDATE"  type="datetime" width="90" align="left" canEdit="false" cellAlign="left" detail="false"></field>
		<field title="An. off." name="ANOFF" type="float" filterOperator="equals" width="70"  canEdit="false"  editorType="TextItem" filterEditorType="SpinnerItem"  align="left" cellAlign="left" detail="false"></field>
		<field title="An. instrument 1" name="ANINSTRID1" type="integer" filterOperator="equals"  editorType="ComboBoxItem"  filterEditorType="SelectItem" width="100"  canEdit="false" align="left" cellAlign="left" detail="true" ></field>
		<field title="An. instrument 2" name="ANINSTRID2" type="integer" filterOperator="equals"  editorType="ComboBoxItem"  filterEditorType="SelectItem" width="100"  canEdit="false" align="left" cellAlign="left" detail="true" ></field>
		<field title="An.per(days)" name="ANNDAYSPER" type="integer" filterOperator="equals" width="85"  canEdit="false" align="left" cellAlign="left" detail="true" ></field>
		<field title="An. HP" name="ANNV" type="integer" filterOperator="equals" width="70"  canEdit="false" align="left" cellAlign="left" detail="true" ></field>
		<field title="Propose" name="PROPOSE" length="1" type="enum" width="85" canEdit="true" align="left" cellAlign="left" detail="false">
	        <valueMap>  
			    <value ID="A">Activate</value>  
				<value ID="D">Deactivate</value>
				<value ID="L">Leave</value> 
				<value ID="C">Change coeff.</value>  
 			</valueMap> 
   		</field>
		<field title="Prop. off." name="PROPOFF" type="float" filterOperator="equals" width="70"  editorType="TextItem" filterEditorType="SpinnerItem"  canEdit="false" align="left" cellAlign="left" detail="false"></field>
		<field title="Approval" name="APPROVAL" length="1" type="enum" width="80" canEdit="false" align="left" cellAlign="left" detail="false">
	        <valueMap>  
				<value ID="A">Subm. for appr.</value>  
				<value ID="W">Working</value>
				<value ID="R">Rejected</value>    
 			</valueMap> 
   		</field>		
   		<field title="Comment" name="COMMENT" length="500" width="100%"  type="text" escapeHTML="true"      canEdit="true" detail="true"></field>
    	<field title="Curr. log." name="CRLOG" length="200"  type="text" escapeHTML="true"      canEdit="true" align="left" cellAlign="left" detail="true"></field>
        <field title="An. log." name="ANLOG" length="200"  type="text" escapeHTML="true"      canEdit="true" align="left" cellAlign="left" detail="true"></field>
        <field title="Prop. log." name="PROPLOG" length="200"  type="text" escapeHTML="true"      canEdit="true" align="left" cellAlign="left" detail="true"></field>
  	    <field title="Curr. first hist. date" name="CRFRSTHISD" type="datetime" width="100" editorType="TextItem" align="left" cellAlign="left" canEdit="false" detail="true"></field>
  	    <field title="An. first hist. date" name="ANFRSTHISD" type="datetime" width="100" editorType="TextItem" align="left" cellAlign="left" canEdit="false" detail="true"></field>
  	    <field title="Curr. last hist. date" name="CRLASTHISD" type="datetime" width="100" editorType="TextItem" align="left" cellAlign="left" canEdit="false" detail="true"></field>
  	    <field title="An. last hist. date" name="ANLASTHISD" type="datetime" width="100" editorType="TextItem" align="left" cellAlign="left" canEdit="false" detail="true"></field>
        <field title="Susp." name="SUSP"  type="text" escapeHTML="true"      canEdit="true" length="1" width="70" align="left" cellAlign="left" detail="false">
           <valueMap>
				<value ID="T">Susp.</value>
				<value ID="F"> </value>
			</valueMap>
		</field>
		 <field title="Custom" name="CUSTOM"  type="text" escapeHTML="true"      canEdit="true" length="1" width="70" align="left" cellAlign="left" detail="false">
           <valueMap>
				<value ID="T">True</value>
				<value ID="F">False</value>
			</valueMap>
		</field>
		<field title="Update date" name="UPDDATE" type="datetime" width="100" editorType="TextItem" align="left" cellAlign="left" canEdit="false" detail="true"></field>
		<field title="Update type" name="UPDTYPE"  type="text" escapeHTML="true"      canEdit="false" length="1" width="100" align="left" cellAlign="left" detail="true">
           <valueMap>
				<value ID="C">Create</value>
				<value ID="U">Update</value>
			</valueMap>
		</field>
		<field title="Update user" name="UPDUSR" length="30"  type="text" escapeHTML="true"      canEdit="false" width="100" align="left" cellAlign="left" detail="true"></field>
		</fields>	  
<serverObject lookupStyle="new" className="it.ccg.pamp.server.dmi.StandardDMI"/>
<operationBindings>
	<operationBinding operationType="update" requiresRole="user"></operationBinding>
	<operationBinding operationType="delete" requiresRole="user"></operationBinding>
	<operationBinding operationType="add" requiresRole="user"></operationBinding>

  <operationBinding  operationId="pmptclter_fetch_bo"  operationType="fetch" 
  customValueFields="DIVISCODE" customCriteriaFields="DIVISCODE">  
       <selectClause>pmptclter.*,c1.DIVISCODE as DIVISCODE</selectClause>
        <tableClause>pmptclter,  pmptclass c1, pmptclass c2</tableClause>  
          <whereClause><![CDATA[
           (pmptclter.classid1=c1.classid and
            pmptclter.classid2=c2.classid) AND
           c1.DIVISCODE='B' AND
           ($defaultWhereClause)
          ]]>  
          </whereClause>  
      </operationBinding> 
       <operationBinding  operationId="pmptclter_fetch_ibo"  operationType="fetch" 
       customValueFields="DIVISCODE" customCriteriaFields="DIVISCODE">  
      <selectClause>pmptclter.*,c1.DIVISCODE as DIVISCODE</selectClause>
        <tableClause>pmptclter,  pmptclass c1, pmptclass c2</tableClause>  
          <whereClause><![CDATA[
           (pmptclter.classid1=c1.classid and
            pmptclter.classid2=c2.classid) AND
           c1.DIVISCODE='I' AND
           ($defaultWhereClause)
          ]]>  
          </whereClause> 
      </operationBinding>
        <operationBinding operationId="pmptclter_last_review_ibo" operationType="fetch">
       	<tableClause>pmptclter,  pmptclass c1, pmptclass c2</tableClause>  
         <whereClause><![CDATA[
           (pmptclter.classid1=c1.classid and
            pmptclter.classid2=c2.classid) AND
           c1.DIVISCODE='I' AND APPROVAL !='W' AND $defaultWhereClause]]></whereClause>  
    	</operationBinding>
    	<operationBinding operationId="pmptclter_last_review_bo" operationType="fetch">
       		 <tableClause>pmptclter, pmptclass c1, pmptclass c2</tableClause>  
          <whereClause><![CDATA[
           (pmptclter.classid1=c1.classid and
            pmptclter.classid2=c2.classid) AND
           c1.DIVISCODE='B' AND APPROVAL !='W'  and PROPOSE!='L' AND $defaultWhereClause]]></whereClause>  
    	</operationBinding>
</operationBindings>
</DataSource>