<DataSource    
tableName="pmptinstr" 
	ID="pmptinstr_selector" 
dataSourceVersion="1" 
serverType="sql">
	<fields>
		<field title="Instrument ID" name="INSTRID" type="integer" filterOperator="equals" primaryKey="true"  canEdit="false"  width="100%" detail="true"></field>
		<field  title="Instrument name" name="INSTRNAME"   length="255" canEdit="true"  type="text" escapeHTML="true"      width="100%" detail="false"></field> 
		<field title="Instr. code" name="CLASSCODE" required="true" length="30"  type="text" escapeHTML="true"      width="70" canEdit="true" detail="false"></field>
		<field title="Currency" name="CURRENCY" required="true" length="10" type="text" escapeHTML="true"  editorType="SelectItem" filterEditorType="SelectItem" width="80" canEdit="true" detail="false"></field>
		<field title="Instrument name" name="UNDINSTRID" type="integer" filterOperator="equals" editorType="ComboBoxItem" filterEditorType="SelectItem" width="180"  canEdit="true" align="left" cellAlign="left" detail="true"></field>
		<field title="ISIN code" name="ISINCODE" length="12"  type="text" escapeHTML="true"      required="true" width="150" canEdit="true" detail="false"></field>
		<!--<field title="Division" name="DIVISCODE" required="true" length="30"  type="text" escapeHTML="true"      width="70" canEdit="true" detail="true" hidden="true"></field>
		<field title="Ir.node" name="IRNODE" required="true" type="integer" filterOperator="equals" canEdit="true" width="70" align="left" cellAlign="left" detail="true" hidden="true"></field>
		<field title="Instr. type" name="INSTRTYPE" length="30"  type="text" escapeHTML="true"      width="120" detail="false" hidden="true"></field>
		<field title="Status" name="STATUS" length="1"  type="text" escapeHTML="true"      width="100" canEdit="true" detail="true"></field> -->
    </fields>
	<operationBindings>
	<operationBinding operationType="update" requiresRole="user"></operationBinding>
	<operationBinding operationType="delete" requiresRole="user"></operationBinding>
	<operationBinding operationType="add" requiresRole="user"></operationBinding>

  <operationBinding operationId="pmptinstrselector_fetch_eq_butt" operationType="fetch">
			<whereClause><![CDATA[pmptinstr.DIVISCODE='E'and pmptinstr.status in ('E','U') AND ($defaultWhereClause)]]></whereClause>
			<orderClause><![CDATA[pmptinstr.instrname asc]]></orderClause>
		</operationBinding>
		  <operationBinding operationId="pmptinstrselector_fetch_xcom_butt" operationType="fetch">
			<whereClause><![CDATA[pmptinstr.DIVISCODE='S'and pmptinstr.status in ('E','U') AND ($defaultWhereClause)]]></whereClause>
			<orderClause><![CDATA[pmptinstr.instrname asc]]></orderClause>
		</operationBinding>
		 <operationBinding operationId="pmptinstrselector_fetch_ed_butt" operationType="fetch">
			<whereClause><![CDATA[pmptinstr.DIVISCODE='D'and pmptinstr.status in ('E','U') AND ($defaultWhereClause)]]></whereClause>
			<orderClause><![CDATA[pmptinstr.instrname asc]]></orderClause>
		</operationBinding>
		<operationBinding operationId="pmptinstrselector_fetch_agx_butt" operationType="fetch">
			<whereClause><![CDATA[pmptinstr.DIVISCODE='W'and pmptinstr.status in ('E','U') AND ($defaultWhereClause)]]></whereClause>
			<orderClause><![CDATA[pmptinstr.instrname asc]]></orderClause>
		</operationBinding>
		<operationBinding operationId="pmptinstrselector_fetch_agx_butt_new" operationType="fetch">
			<whereClause><![CDATA[pmptinstr.DIVISCODE='W'and pmptinstr.status='U' AND pmptinstr.minmartype='U' AND ($defaultWhereClause)]]></whereClause>
			<orderClause><![CDATA[pmptinstr.instrname asc]]></orderClause>
		</operationBinding>
		<operationBinding operationId="pmptinstrselector_fetch_bo_butt" operationType="fetch">
			<whereClause><![CDATA[pmptinstr.DIVISCODE='B'and pmptinstr.status in ('E','U') AND ($defaultWhereClause)]]></whereClause>
			<orderClause><![CDATA[pmptinstr.instrname asc]]></orderClause>
		</operationBinding>
		<operationBinding operationId="pmptinstrselector_fetch_obo_butt" operationType="fetch">
			<whereClause><![CDATA[pmptinstr.DIVISCODE='O'and pmptinstr.status in ('E','U') AND ($defaultWhereClause)]]></whereClause>
			<orderClause><![CDATA[pmptinstr.instrname asc]]></orderClause>
		</operationBinding>
		<operationBinding operationId="pmptinstrselector_fetch_ibo_butt" operationType="fetch">
			<whereClause><![CDATA[pmptinstr.DIVISCODE='I'and pmptinstr.status in ('E','U') AND ($defaultWhereClause)]]></whereClause>
			<orderClause><![CDATA[pmptinstr.instrname asc]]></orderClause>
		</operationBinding>
		<operationBinding operationId="pmptinstrselector_fetch_hc_butt" operationType="fetch">
			<whereClause><![CDATA[pmptinstr.DIVISCODE='H'and pmptinstr.status in ('E','U') AND ($defaultWhereClause)]]></whereClause>
			<orderClause><![CDATA[pmptinstr.instrname asc]]></orderClause>
		</operationBinding>
		<operationBinding operationId="pmptinstrselector_fetch_ix_butt" operationType="fetch">
			<whereClause><![CDATA[pmptinstr.DIVISCODE='X'and pmptinstr.status in ('E','U') AND ($defaultWhereClause)]]></whereClause>
			<orderClause><![CDATA[pmptinstr.instrname asc]]></orderClause>
		</operationBinding>
		<operationBinding operationId="pmptinstrselector_fetch_el_butt" operationType="fetch">
			<whereClause><![CDATA[pmptinstr.DIVISCODE='L'and pmptinstr.status in ('E','U') AND ($defaultWhereClause)]]></whereClause>
			<orderClause><![CDATA[pmptinstr.instrname asc]]></orderClause>
		</operationBinding>
		<operationBinding operationId="pmptinstrselector_fetch_curr_butt" operationType="fetch">
			<whereClause><![CDATA[pmptinstr.DIVISCODE='C'and pmptinstr.status in ('E','U') AND ($defaultWhereClause)]]></whereClause>
			<orderClause><![CDATA[pmptinstr.instrname asc]]></orderClause>
		</operationBinding>
		
		<operationBinding operationId="pmptinstrselector_fetch_eq" operationType="fetch">
			<whereClause><![CDATA[pmptinstr.DIVISCODE='E'and pmptinstr.status='E' AND ($defaultWhereClause)]]></whereClause>
		</operationBinding>
		<operationBinding operationId="pmptinstrselector_fetch_xcom" operationType="fetch">
			<whereClause><![CDATA[pmptinstr.DIVISCODE='S'and pmptinstr.status='E' AND ($defaultWhereClause)]]></whereClause>
		</operationBinding>
		<operationBinding operationId="pmptinstrselector_fetch_forcomparable" operationType="fetch">
			<whereClause><![CDATA[pmptinstr.DIVISCODE='Y' AND ($defaultWhereClause)]]></whereClause>
		</operationBinding>
		<operationBinding operationId="pmptinstrselector_fetch_ed" operationType="fetch">
			<whereClause><![CDATA[pmptinstr.DIVISCODE='D' AND ($defaultWhereClause)]]></whereClause>
		</operationBinding>
		<operationBinding operationId="pmptinstrselector_fetch_bo" operationType="fetch">
			<whereClause><![CDATA[pmptinstr.DIVISCODE='B' AND ($defaultWhereClause)]]></whereClause>
		</operationBinding>
		<operationBinding operationId="pmptinstrselector_fetch_hc" operationType="fetch">
			<whereClause><![CDATA[pmptinstr.DIVISCODE='H' AND ($defaultWhereClause)]]></whereClause>
		</operationBinding>
		<operationBinding operationId="pmptinstrselector_fetch_bo_ibo_crnode" operationType="fetch">
			<customSQL> select distinct pmptinstr.instrid,pmptinstr.instrname
			from pmptinstr, pmptclmar
			where pmptinstr.INSTRID in (select pmptclmar.CRNODEID 
			from pmptclmar 
			where pmptinstr.DIVISCODE='B' OR pmptinstr.DIVISCODE='I') 
			AND ($defaultWhereClause)
			</customSQL>
		</operationBinding>
		<operationBinding operationId="pmptinstrselector_fetch_hc_crnode" operationType="fetch">
			<customSQL> select distinct pmptinstr.instrid,pmptinstr.instrname
			from pmptinstr, pmptclmar
			where pmptinstr.INSTRID in (select pmptclmar.CRNODEID 
			from pmptclmar 
			where pmptinstr.DIVISCODE='H') 
			AND ($defaultWhereClause)
			</customSQL>
		</operationBinding>
		<operationBinding operationId="pmptinstrselector_fetch_bo_ibo_annode" operationType="fetch">
			<customSQL> select distinct pmptinstr.instrid,pmptinstr.instrname
			from pmptinstr, pmptclmar
			where pmptinstr.INSTRID in (select pmptclmar.ANNODEID
			from pmptclmar 
			where pmptinstr.DIVISCODE='B' OR pmptinstr.DIVISCODE='I') 
			AND ($defaultWhereClause)
			</customSQL>
		</operationBinding>
		<operationBinding operationId="pmptinstrselector_fetch_hc_annode" operationType="fetch">
			<customSQL> select distinct pmptinstr.instrid,pmptinstr.instrname
			from pmptinstr, pmptclmar
			where pmptinstr.INSTRID in (select pmptclmar.ANNODEID
			from pmptclmar 
			where pmptinstr.DIVISCODE='H') 
			AND ($defaultWhereClause)
			</customSQL>
		</operationBinding>
		<operationBinding operationId="pmptinstrselector_fetch_bo_enabled" operationType="fetch">
			<whereClause><![CDATA[pmptinstr.DIVISCODE='B' AND pmptinstr.STATUS='E' AND ($defaultWhereClause)]]></whereClause>
		</operationBinding>
		<operationBinding operationId="pmptinstrselector_fetch_ibo_enabled" operationType="fetch">
			<whereClause><![CDATA[pmptinstr.DIVISCODE='I' AND pmptinstr.STATUS='E' AND ($defaultWhereClause)]]></whereClause>
		</operationBinding>
		<operationBinding operationId="pmptinstrselector_fetch_ibo" operationType="fetch">
			<whereClause><![CDATA[pmptinstr.DIVISCODE='I' AND ($defaultWhereClause)]]></whereClause>
		</operationBinding>
		<operationBinding operationId="pmptinstrselector_fetch_agrex" operationType="fetch">
			<whereClause><![CDATA[pmptinstr.DIVISCODE='W' AND ($defaultWhereClause)]]></whereClause>
		</operationBinding>
		<operationBinding operationId="pmptinstrselector_fetch_index" operationType="fetch">
			<whereClause><![CDATA[pmptinstr.DIVISCODE='X' AND ($defaultWhereClause)]]></whereClause>
		</operationBinding>
		<operationBinding operationId="pmptinstrselector_fetch_elec" operationType="fetch">
			<whereClause><![CDATA[pmptinstr.DIVISCODE='L' AND pmptinstr.STATUS='E' AND ($defaultWhereClause)]]></whereClause>
		</operationBinding>
		<operationBinding operationId="pmptinstrselector_fetch_el" operationType="fetch">
			<whereClause><![CDATA[pmptinstr.DIVISCODE='L' AND pmptinstr.STATUS='E' AND ($defaultWhereClause)]]></whereClause>
		</operationBinding>
		<operationBinding operationId="pmptinstrselector_fetch_obond" operationType="fetch">
			<whereClause><![CDATA[pmptinstr.DIVISCODE='O' AND ($defaultWhereClause)]]></whereClause>
		</operationBinding>
		<operationBinding operationId="pmptinstrselector_fetch_obond_enabled" operationType="fetch">
			<whereClause><![CDATA[pmptinstr.DIVISCODE='O' AND pmptinstr.STATUS='E' AND ($defaultWhereClause)]]></whereClause>
		</operationBinding>
		<operationBinding operationId="pmptinstrselector_fetch_mic" operationType="fetch">
			<whereClause><![CDATA[pmptinstr.DIVISCODE='M'and pmptinstr.status='E' AND ($defaultWhereClause)]]></whereClause>
		</operationBinding>
		<operationBinding operationId="pmptinstrselector_fetch_obond_forstressprice" operationType="fetch">
			<whereClause><![CDATA[DIVISCODE = 'I' OR DIVISCODE = 'O' AND ($defaultWhereClause)]]></whereClause>
		</operationBinding>
		<operationBinding operationId="pmptinstrselector_fetch_xcom_forstressprice" operationType="fetch">
			<whereClause><![CDATA[DIVISCODE = 'S' AND ($defaultWhereClause)]]></whereClause>
		</operationBinding>
		<operationBinding operationId="pmptinstr_fetch_allinstrid" operationType="fetch">
			<whereClause><![CDATA[($defaultWhereClause)]]></whereClause>
		</operationBinding>
		<operationBinding operationId="pmptinstr_fetch_allinstrid_minmartype_f" operationType="fetch">
			<whereClause><![CDATA[pmptinstr.DIVISCODE='W' AND pmptinstr.MINMARTYPE='F' AND ($defaultWhereClause)]]></whereClause>
		</operationBinding>
		<operationBinding operationId="pmptinstr_fetch_forpmpttrsins" operationType="fetch">
			<whereClause><![CDATA[(DIVISCODE='E' OR DIVISCODE='D') AND ($defaultWhereClause)]]></whereClause>
		</operationBinding>
		<operationBinding operationId="pmptinstrselector_expiration" operationType="fetch">
			<whereClause><![CDATA[DIVISCODE='D' AND (INSTRTYPE='F' or INSTRTYPE='FO')]]></whereClause>
		</operationBinding>
		<operationBinding operationId="pmptinstrselector_simulation" operationType="fetch">
			<whereClause><![CDATA[STATUS='E' AND pmptinstr.DIVISCODE='E']]></whereClause>
		</operationBinding>
		<operationBinding operationId="pmptinstrselector_enabledderivatives" operationType="fetch">
			<whereClause><![CDATA[STATUS='E' AND pmptinstr.DIVISCODE='D']]></whereClause>
		</operationBinding>
		<operationBinding operationId="pmptinstrselector_fetch_for_undinstr" operationType="fetch">
			<whereClause><![CDATA[(pmptinstr.DIVISCODE='E' OR pmptinstr.DIVISCODE='X') AND ($defaultWhereClause)]]></whereClause>
			<orderClause>pmptinstr.INSTRNAME ASC</orderClause>
		</operationBinding>
		<operationBinding operationId="pmptinstrselector_fetchedstress" operationType="fetch">
		<selectClause>distinct pmptinstr.INSTRNAME</selectClause>
		 <tableClause>pmptsthisd, pmptinstr</tableClause>  
			<whereClause><![CDATA[pmptsthisd.INSTRID = pmptinstr.INSTRID AND ($defaultWhereClause)]]></whereClause>
		</operationBinding>
		<operationBinding operationId="pmptinstrselector_pmpvextrpr" operationType="fetch">
			 <tableClause>(SElECT * FROM PMPVEXTRPR UNION SELECT * FROM PMPVEXTRDE) as PMPVEXTRPR, pmptsetup, pmptinstr</tableClause>  
          <whereClause><![CDATA[
           pmptinstr.INSTRID = pmpvextrpr.INSTRID 
           AND pmptinstr.DIVISCODE=pmptsetup.diviscode 
           AND (pmptinstr.STATUS='E' OR pmptinstr.STATUS='U')
           AND pmptsetup.HISLDATE>pmpvextrpr.LASTDATE 
           AND pmptsetup.HISLDATEN='T' 
          ]]>  
          </whereClause>
		</operationBinding>
	<operationBinding operationId="pmptinstrselector_fetch_mic_butt" operationType="fetch">
			<whereClause><![CDATA[pmptinstr.DIVISCODE='M' and pmptinstr.status in ('E','U') AND ($defaultWhereClause)]]></whereClause>
			<orderClause><![CDATA[pmptinstr.instrname asc]]></orderClause>
		</operationBinding>	
		
		<operationBinding operationId="pmptinstrselector_fetch_bond_forclasschange" operationType="fetch">
			<whereClause><![CDATA[pmptinstr.DIVISCODE in ('I','O','K') and pmptinstr.status in ('E','U') AND ($defaultWhereClause)]]></whereClause>
			<orderClause><![CDATA[pmptinstr.instrname asc]]></orderClause>
		</operationBinding>
		
		<operationBinding operationId="pmptinstrselector_fetch_basket" operationType="fetch">
			<whereClause><![CDATA[pmptinstr.DIVISCODE='T' AND ($defaultWhereClause)]]></whereClause>
		</operationBinding>
	</operationBindings>
</DataSource>