<DataSource 
	  
	tableName="pmptmarlim"
	ID="pmptmarlim"
	dataSourceVersion="1"
	serverType="sql"
>
	<fields>
	<field title="Instr. subtype" name="INSTRSTYPE"  type="text" escapeHTML="true"      primaryKey="true" required="true" filterEditorType="SelectItem" canEdit="false" length="255"  width="100%" detail="false">
		<validators>
				<validator type="hasRelatedRecord"  
                               relatedDataSource="pmptsubtyp" relatedField="INSTRSTYPE"  
                               errorMessage="Instrument subtype not available" />  
			</validators>
	</field>
		<field title="Instr. type" name="INSTRTYPE"  type="text" escapeHTML="true"      primaryKey="true" required="true"  filterEditorType="SelectItem" canEdit="false" width="120"  detail="false">
		<validators>
				<validator type="hasRelatedRecord"  
                               relatedDataSource="pmpttyp" relatedField="INSTRTYPE"  
                               errorMessage="Instrument type not available" />  
			</validators>
		</field>
		<field title="Minimum value" name="INFLIM" type="float" filterOperator="equals" required="true" width="90"  editorType="TextItem" filterEditorType="SpinnerItem"   canEdit="true" cellAlign="left" detail="false" align="left">
		<validators>
				<validator type="floatRange" min="0" max="1" errorMessage="Must be between 0 and 1. Ex. 99.5% is 0.995"/>
			</validators>
		</field>
		<field title="Maximum value" name="SUPLIM" type="float" filterOperator="equals" required="true" width="90" editorType="TextItem" filterEditorType="SpinnerItem"   canEdit="true" cellAlign="left" detail="false" align="left">
		<validators>
				<validator type="floatRange" min="0" max="1" errorMessage="Must be between 0 and 1. Ex. 99.5% is 0.995"/>
			</validators>
		</field>
		<field title="Def. value" name="DEFMAR" type="float" filterOperator="equals" required="true" width="60" editorType="TextItem" filterEditorType="SpinnerItem"   canEdit="true" cellAlign="left" detail="false" align="left">
		<validators>
				<validator type="floatRange" min="0" max="1" errorMessage="Must be between 0 and 1. Ex. 99.5% is 0.995"/>
			</validators>
		</field>
		
			<field title="Act. buffer" name="ACTBUFF"  type="text" escapeHTML="true"    required="true"  canEdit="true" length="1" width="70" align="left" cellAlign="left" detail="true">
         <valueMap>
				<value ID="T">True</value>
				<value ID="F">False</value>
			</valueMap>     
		</field>
		<field title="Mar. buffer" name="MARBUFF" type="float" filterOperator="equals" required="true" width="60" editorType="TextItem" filterEditorType="SpinnerItem"   canEdit="true" cellAlign="left" detail="true" align="left">
		<validators>
				<validator type="floatRange" min="0.00000000000000000000000001"  errorMessage="Must be greater than 0."/>
			</validators>
		</field>
	 <field title="Buffer period" name="PERBUFF" type="integer" filterOperator="equals" editorType="SelectItem" width="80"  required="true" canEdit="true" align="left" cellAlign="left" detail="true" ></field>
	<field title="Day to remove" name="DAYTORMV" type="integer" filterOperator="equals"  width="80"  required="true" canEdit="true" align="left" cellAlign="left" detail="false" ></field>
	<field title="First month" name="DERFRSTMNT" type="integer" filterOperator="equals" width="80"  required="true" canEdit="true" align="left" cellAlign="left" detail="false" ></field>
	<field title="Mar. norm. expiry" name="MKTMAKEXP" type="integer" filterOperator="equals"  width="80"  required="true" canEdit="true" align="left" cellAlign="left" detail="false" ></field>
		<field title="Period" name="DERPER"  type="text" escapeHTML="true"    required="true"  canEdit="true" length="1" width="70" align="left" cellAlign="left" detail="false">
         <valueMap>
				<value ID="M">Monthly</value>
				<value ID="T">quarterly</value>
				<value ID="Y">Annual</value>

			</valueMap>      
		</field>
		
	  <field title="Update date" name="UPDDATE" type="datetime"  width="100" editorType="TextItem" align="left" cellAlign="left" canEdit="false" detail="true"></field>
		<field title="Update type" name="UPDTYPE"  type="text" escapeHTML="true"      canEdit="false" length="1" width="100" align="left" cellAlign="left" detail="true">
           <valueMap>
				<value ID="C">Create</value>
				<value ID="U">Update</value>
			</valueMap>
		</field>
		<field title="Update user" name="UPDUSR" length="30"  type="text" escapeHTML="true"      canEdit="false" width="100" align="left" cellAlign="left" detail="true"></field>
	
	
	</fields>
  	<serverObject lookupStyle="new" className="it.ccg.pamp.server.dmi.StandardDMI"/>
  	<operationBindings>
	<operationBinding operationType="update" requiresRole="user"></operationBinding>
	<operationBinding operationType="delete" requiresRole="user"></operationBinding>
	<operationBinding operationType="add" requiresRole="user"></operationBinding>
  	
  <operationBinding operationId="pmptmarlim_fetch_alltype" operationType="fetch">  
       <whereClause><![CDATA[INSTRTYPE!='C' and $defaultWhereClause]]></whereClause>  
    </operationBinding>        
    <operationBinding operationId="pmptmarlim_fetch_haircut" operationType="fetch"> 
       <whereClause><![CDATA[INSTRTYPE='C' and $defaultWhereClause]]></whereClause>  
    </operationBinding>      
    </operationBindings> 
</DataSource>
