 <DataSource 
	  
	tableName="pmptbt"
	ID="pmptbt"
	dataSourceVersion="1"
	serverType="sql"
>
	<fields>
		<field title="Back test" name="BTID" type="integer" filterOperator="equals" primaryKey="true" width="60"  canEdit="false" align="left" cellAlign="left" detail="false"></field>
		<field title="Back test date" name="LSTHISTDAT" type="date" customSelectExpression="CAST(LSTHISTDAT as DATE)"   customUpdateExpression="$values.LSTHISTDAT"  width="80" align="left" cellAlign="left" canEdit="false" detail="true"></field>
	   <field title="Note" name="NOTE" length="200"  type="text" escapeHTML="true"      canEdit="false" width="100%" align="left" cellAlign="left" detail="true"></field>
		<field title="Status" name="STATUS" length="1" type="enum" width="80" canEdit="false" align="left" cellAlign="left" detail="false">
	        <valueMap>  
				<value ID="E">Enabled</value>  
				<value ID="D">Disabled</value> 
 			</valueMap> 
   		</field>
   		<field title="Division" name="DIVISCODE" required="true" length="20" type="enum" width="100" canEdit="true" detail="true">
			<valueMap>
				<value ID="I">Infl.bond</value>
				<value ID="O">Bond</value> 
				 <value ID="B">I.R. Nodes</value>
				 <value ID="M">New Mic</value>
			</valueMap>
		</field>
		<field title="Update date" name="UPDDATE" type="datetime"  width="100" editorType="TextItem" align="left" cellAlign="left" canEdit="false" detail="true"></field>
		<field title="Update type" name="UPDTYPE"  type="text" escapeHTML="true"      canEdit="false" length="1" width="100" align="left" cellAlign="left" detail="true">
           <valueMap>
				<value ID="C">Create</value>
				<value ID="U">Update</value>
			</valueMap>
		</field>
		<field title="Update user" name="UPDUSR" length="30"  type="text" escapeHTML="true"      canEdit="false" width="100" align="left" cellAlign="left" detail="true"></field>
	</fields>
  	<serverObject lookupStyle="new" className="it.ccg.pamp.server.dmi.StandardDMI"/>
  	<operationBindings>
	<operationBinding operationType="update" requiresRole="user"></operationBinding>
	<operationBinding operationType="delete" requiresRole="user"></operationBinding>
	<operationBinding operationType="add" requiresRole="user"></operationBinding>
  
   <operationBinding operationId="pmptbt_fetch" operationType="fetch">
   <selectClause>distinct pmptbt.BTID,pmptbt.LSTHISTDAT,pmptbt.NOTE</selectClause>
       <tableClause>pmptbt</tableClause>  
       <whereClause><![CDATA[pmptbt.DIVISCODE='O' and pmptbt.STATUS='T']]></whereClause>  
		<orderClause>pmptbt.BTID DESC </orderClause> 	   
		</operationBinding> 
		
	<operationBinding operationId="pmptbt_mic_fetch" operationType="fetch">
    <selectClause>distinct pmptbt.BTID,pmptbt.LSTHISTDAT,pmptbt.NOTE</selectClause>
       <tableClause>pmptbt</tableClause>  
       <whereClause><![CDATA[pmptbt.DIVISCODE='M' and pmptbt.STATUS='T']]></whereClause>  
		<orderClause>pmptbt.BTID DESC </orderClause> 	   
		</operationBinding>
		
		<operationBinding operationId="pmptbt_xcom_fetch" operationType="fetch">
    <selectClause>distinct pmptbt.BTID,pmptbt.LSTHISTDAT,pmptbt.NOTE</selectClause>
       <tableClause>pmptbt</tableClause>  
       <whereClause><![CDATA[pmptbt.DIVISCODE='S' and pmptbt.STATUS='T']]></whereClause>  
		<orderClause>pmptbt.BTID DESC </orderClause> 	   
		</operationBinding>
		
	  <operationBinding operationId="pmptbt_fetch_forsim" operationType="fetch">
   <selectClause>distinct pmptbt.BTID</selectClause>
       <tableClause>pmptbt,pmpvbtsmcl</tableClause>  
       <whereClause><![CDATA[
       pmptbt.BTID in (select distinct pmpvbtsmcl.BTID 
			   from pmpvbtsmcl)]]></whereClause>  
		<orderClause>pmptbt.BTID DESC </orderClause> 	   
		</operationBinding> 	
 </operationBindings>  	
  
</DataSource>