<DataSource 
	  
	tableName="pmptstrexp"
	ID="pmptstrexp"
	dataSourceVersion="1"
	serverType="sql"
>
	<fields>
		<field  title="Instrument"  name="INSTRID"  type="integer" filterOperator="equals" primaryKey="true" required="true" canEdit="true" align="left" cellAlign="left" detail="false"></field>
		<field title="Prog.Exp." name="PROGEXP" type="integer" filterOperator="equals" primaryKey="true" required="true" canEdit="true" width="70" align="left" cellAlign="left" detail="false">
			<valueMap>
				<value ID="1">First</value>
				<value ID="2">Second</value>
				<value ID="3">Third</value>
				<value ID="4">Fourth</value>
				<value ID="5">Fifth</value>
				<value ID="6">Sixth</value>
			</valueMap>
		</field>
		<field title="Period" name="NDAYSPER" required="true" type="integer" filterOperator="equals" editorType="SelectItem" width="70" canEdit="true"  cellAlign="left" align="left" detail="false"></field>
		<field title="HP" name="NV" primaryKey="true" type="integer" required="true" filterOperator="equals" editorType="ComboBoxItem" width="50" canEdit="true" align="left" cellAlign="left" detail="false"></field>
 		<field title="I.R.Node" name="IRNODE" required="true" type="integer" filterOperator="equals" canEdit="true" editorType="ComboBoxItem" filterEditorType="ComboBoxItem" width="70" align="left" cellAlign="left" detail="false"></field>
 		<field title="Prog.Exp.Mnt." name="PROGEXPMNT" required="true" type="integer" filterOperator="equals"  canEdit="true"  align="left" cellAlign="left" width="100" detail="false"></field>
 		<field title="Update date" name="UPDDATE" type="datetime"  width="100" editorType="TextItem" align="left" cellAlign="left" canEdit="false" detail="true"></field>
		<field title="Update type" name="UPDTYPE"  type="text" escapeHTML="true"      canEdit="false" length="1" width="100" align="left" cellAlign="left" detail="true">
           <valueMap>
				<value ID="C">Create</value>
				<value ID="U">Update</value>
			</valueMap>
		</field>
		<field title="Update user" name="UPDUSR" length="30"  type="text" escapeHTML="true"      canEdit="false" width="100" align="left" cellAlign="left" detail="true"></field>
</fields>
<serverObject lookupStyle="new" className="it.ccg.pamp.server.dmi.StandardDMI"/>
	<operationBindings>
	<operationBinding operationType="update" requiresRole="user"></operationBinding>
	<operationBinding operationType="delete" requiresRole="user"></operationBinding>
	<operationBinding operationType="add" requiresRole="user"></operationBinding>
 </operationBindings>  	
</DataSource>
