 <DataSource 
	  
	tableName="pmptbnkgtc"
	ID="pmptbnkgtc"
	dataSourceVersion="1"
	serverType="sql"
>
	<fields>
		<field title="Division" name="DIVISCODE" required="true" primaryKey="true" length="20" type="enum" width="100" canEdit="true" detail="true">
			<valueMap>
				<value ID="E">Equities</value>
				<value ID="D">Eq.derivates</value>
				<value ID="I">Infl.bond</value>
				<value ID="O">Bond</value>
				<value ID="B">I.R. Nodes</value>
				<value ID="L">Elect.derivates</value>
				<value ID="X">Indices</value>
				<value ID="C">Currency</value>
				<value ID="W">Agrex</value>
				<value ID="M">Mic</value>
				<value ID="K">Collateral</value>
				<value ID="Y">Comparable</value>
				<value ID="H">Haircut</value>
			</valueMap>
		</field>
		<field title="Bank group ID" name="BNKGRID" type="integer" required="true" primaryKey="true" canEdit="true" editorType="TextItem"  align="left" cellAlign="left" canFilter="true" width="20%" detail="false"></field>
		<field title="Instrument ID" name="INSTRID" type="integer" required="true" primaryKey="true" canEdit="true" align="left" editorType="ComboBoxItem"  filterEditorType="SelectItem" cellAlign="left"  canFilter="true" width="30%" detail="false"></field>
		<field title="Bank group code" name="BNKGRCODE" length="30"  type="text" escapeHTML="true"  width="30%" canEdit="true" detail="true"></field>
		<field title="Instr. code" name="CLASSCODE" length="30"  type="text" escapeHTML="true"  align="left" cellAlign="left" editorType="ComboBoxItem"  filterEditorType="SelectItem" canEdit="true" width="30%" detail="false"></field>
		
		<field title="Custom scenario" name="CUSTSCEN" length="30"  type="text" escapeHTML="true"  width="30%" canEdit="false" detail="false">
		<valueMap>
				<value ID="T">True</value>
				<value ID="F">False</value>
			</valueMap>
		</field>
		<field title="Scenario" name="SCENARIO" length="30"  type="text" escapeHTML="true"  width="30%" canEdit="false" detail="false">
		<valueMap>
				<value ID="I">Increase</value>
				<value ID="D">Decrease</value>
			</valueMap>
		</field>
		
		<field title="Update date" name="UPDDATE" type="datetime"  width="100" editorType="TextItem" align="left" cellAlign="left" canEdit="false" detail="true"></field>
		<field title="Update type" name="UPDTYPE"  type="text" escapeHTML="true"      canEdit="false" length="1" width="100" align="left" cellAlign="left" detail="true">
           <valueMap>
				<value ID="C">Create</value>
				<value ID="U">Update</value>
			</valueMap>
		</field>
		<field title="Update user" name="UPDUSR" length="30"  type="text" escapeHTML="true"      canEdit="false" width="100" align="left" cellAlign="left" detail="true"></field>
    </fields>
  	<serverObject lookupStyle="new" className="it.ccg.pamp.server.dmi.StandardDMI"/>
  	<operationBindings>
	<operationBinding operationType="update" requiresRole="user"></operationBinding>
	<operationBinding operationType="delete" requiresRole="user"></operationBinding>
	<operationBinding operationType="add" requiresRole="user"></operationBinding>	
	
	<operationBinding operationType="fetch">
  	 	   	<whereClause><![CDATA[DIVISCODE='E' AND $defaultWhereClause]]></whereClause>
      </operationBinding>
      
      <operationBinding operationType="fetch" operationId="stressEq_fetchDistinct">
      <selectClause>distinct pmptbnkgtc.BNKGRID,pmptbnkgtc.scenario, pmptbnkgtc.CUSTSCEN </selectClause>		
      </operationBinding>
       
 </operationBindings>  	
</DataSource>