 <DataSource 
	  
	tableName="pmptbndhcl"
	ID="pmptbndhcl"
	dataSourceVersion="1"
	serverType="sql"
>
	<fields>
		<field title="Instrument id" name="INSTRID" type="integer" filterOperator="equals" primaryKey="true" canEdit="false" editorType="TextItem"  filterEditorType="SelectItem" width="100%" align="left" cellAlign="left" detail="true"></field>
		<field title="Class Id" name="CLASSID" type="integer" filterOperator="equals" width="200" canEdit="true"  editorType="TextItem" filterEditorType="TextItem"  align="left" cellAlign="left" detail="false"></field>
		<!-- <field title="Instrument name" name="INSTRNAME" customSQL="true" tableName="pmptinstr" length="20"  type="text" escapeHTML="true"      width="100%" canEdit="false" detail="false"></field> -->
		<field title="Date" name="DATE" type="datetime"  width="200" primaryKey="true" canEdit="true" align="left" cellAlign="left" detail="false"></field>
		<field title="Duration" name="DURATION" type="float" filterOperator="equals" editorType="TextItem" filterEditorType="SpinnerItem" width="30%" canEdit="true" align="left" cellAlign="left" detail="false">
		<validators>
		        <validator type="isFloat" errorMessage="Must be a valid decimal" />  
		        </validators>
		</field>
		
		<field title="Update date" name="UPDDATE" type="datetime" width="100" editorType="TextItem" align="left" cellAlign="left" canEdit="false" detail="true"></field>
		<field title="Update type" name="UPDTYPE"  type="text" escapeHTML="true"      canEdit="false" length="1" width="100" align="left" cellAlign="left" detail="true">
           <valueMap>
				<value ID="C">Create</value>
				<value ID="U">Update</value>
			</valueMap>
		</field>
		<field title="Update user" name="UPDUSR" length="30"  type="text" escapeHTML="true"      canEdit="false" width="100" align="left" cellAlign="left" detail="true"></field>
  	</fields>
  	<serverObject lookupStyle="new" className="it.ccg.pamp.server.dmi.StandardDMI"/>
  <operationBindings>
	<operationBinding operationType="update" requiresRole="user"></operationBinding>
	<operationBinding operationType="delete" requiresRole="user"></operationBinding>
	<operationBinding operationType="add" requiresRole="user"></operationBinding>

  <!--       <operationBinding operationType="fetch"
	customValueFields="INSTRNAME" customCriteriaFields="INSTRNAME">
		<selectClause>pmptinstr.INSTRNAME, pmptbndhcl.INSTRID,pmptbndhcl.CLASSID,pmptbndhcl.DATE,
		pmptbndhcl.DURATION,pmptbndhcl.UPDDATE,pmptbndhcl.UPDTYPE,pmptbndhcl.UPDUSR</selectClause>
       <tableClause>pmptinstr, pmptbndhcl</tableClause>  
       <whereClause><![CDATA[pmptinstr.INSTRID = pmptbndhcl.INSTRID
               AND ($defaultWhereClause)]]></whereClause>  
    </operationBinding>
   
     <operationBinding operationType="fetch" operationId = "fetch_distinct"
		customValueFields="INSTRNAME" 
        customCriteriaFields="INSTRNAME">
		<selectClause>pmptinstr.INSTRNAME, pmptbndhcl.INSTRID</selectClause>
       <tableClause>pmptinstr, pmptbndhcl</tableClause>  
       <whereClause><![CDATA[pmptinstr.INSTRID = pmptbndhcl.INSTRID
               AND ($defaultWhereClause)]]></whereClause>  
    </operationBinding>  -->
</operationBindings>
</DataSource>