<!-- Auto-generated from database table STATISTICS -->

<DataSource 
	  
	tableName="pmptstats"
	ID="pmptstats_eq_mar"
	dataSourceVersion="1"
	serverType="sql"
>
	<fields>
	<field title="Prop. mar. cov." customSQL="true" tableName="pmptmarcov" name="PROPMARCOV"   type="text" escapeHTML="true"      canFilter="true" width="90" align="left" cellAlign="left" detail="false" canEdit="false"></field>
	<field title="An. mar. cov." customSQL="true" tableName="pmptmarcov" name="MATHMARCOVM"   type="text" escapeHTML="true"      canFilter="true" width="90" align="left" cellAlign="left" detail="false" canEdit="false"></field>
		<field title="Instrument name" customSQL="true" tableName="pmptinstr" name="INSTRNAME"   type="text" escapeHTML="true"      canFilter="true" editorType="ComboBoxItem"  filterEditorType="SelectItem" width="90" align="left" cellAlign="left" detail="false" canEdit="false"></field>
		<field title="Instr. code" customSQL="true" tableName="pmptinstr" name="CLASSCODE"  type="text" escapeHTML="true"      canFilter="true" width="80" align="left" cellAlign="left" detail="false" canEdit="false"></field>
		<field title="Period" customSQL="true" tableName="pmptper" name="NDAYSDESC"  type="text" escapeHTML="true"      canFilter="true" width="70" align="left" cellAlign="left" detail="false" canEdit="false"></field>
		<field title="Instrument ID" name="INSTRID" primaryKey="true" type="integer" filterOperator="equals" width="80" canEdit="false" align="left" cellAlign="left" detail="true"></field>
		<field title="HP" name="NV" primaryKey="true" type="integer" filterOperator="equals" width="42"  canEdit="false" align="left" cellAlign="left" detail="false"></field>
		<field title="Period (days)" name="NDAYSPER" primaryKey="true" type="integer" filterOperator="equals" editorType="ComboBoxItem" width="75"  canEdit="false" align="left" cellAlign="left" detail="true" ></field>
		<field title="Var. type" name="VARTYPE" primaryKey="true"  type="text" escapeHTML="true"      editorType="ComboBoxItem" length="1" width="70"  canEdit="false" align="left" cellAlign="left" detail="false">
		       <valueMap>  
				<value ID="L">Logarithmic</value>
				<value ID="P">Percentual</value> 
				</valueMap> 
		</field>
		<field title="Mode" name="MODE" type="integer" primaryKey="true" editorType="ComboBoxItem" width="70" canEdit="false" align="left" cellAlign="left" detail="true">
		 <valueMap>  
				<value ID="1">Last computation</value>
				<value ID="2">Last analysis</value>
		</valueMap> 
		</field>
		  
		<field title="Average" name="AVERAGE" type="float" filterOperator="equals"  editorType="TextItem" filterEditorType="SpinnerItem"  width="64" canEdit="true" align="left" cellAlign="left" detail="false"></field>
		<field title="St. dev." name="STDEV" type="float" filterOperator="equals"  editorType="TextItem" filterEditorType="SpinnerItem"  width="64" canEdit="true" align="left" cellAlign="left" detail="false"></field>
		<field title="Asymm." name="ASY" type="float" filterOperator="equals"  editorType="TextItem" filterEditorType="SpinnerItem"  width="64" canEdit="true" align="left" cellAlign="left" detail="true"></field>
		<field title="Kurtosis" name="KURTOSIS" type="float" filterOperator="equals"  editorType="TextItem" filterEditorType="SpinnerItem"  width="64" canEdit="true" align="left" cellAlign="left" detail="true"></field>
		<field title="Perf." name="PERF" type="float" filterOperator="equals"  editorType="TextItem" filterEditorType="SpinnerItem"  width="64" canEdit="true" align="left" cellAlign="left" detail="true"></field>
		<field title="Perf. y." name="PERYEAR" type="float" filterOperator="equals"  editorType="TextItem" filterEditorType="SpinnerItem"  width="64" canEdit="true" align="left" cellAlign="left" detail="false"></field>
		<field title="Vola" name="VOLADAY" type="float" filterOperator="equals"  editorType="TextItem" filterEditorType="SpinnerItem"  width="64" canEdit="true" align="left" cellAlign="left" detail="false"></field>		
		<field title="Cov. days" name="NDAYS" type="float" filterOperator="equals"  editorType="TextItem" filterEditorType="SpinnerItem"  width="64" canEdit="true" align="left" cellAlign="left" detail="false"></field>
		<field title="Events in" name="EVENTSIN" type="float" filterOperator="equals"  editorType="TextItem" filterEditorType="SpinnerItem"  width="64" canEdit="true" align="left" cellAlign="left" detail="false"></field>
		<field title="Events out" name="EVENTSOUT" type="float" filterOperator="equals"  editorType="TextItem" filterEditorType="SpinnerItem"  width="64" canEdit="true" align="left" cellAlign="left" detail="false"></field>
		<field title="Norm. marg." name="NORMMAR" type="float" filterOperator="equals"  editorType="TextItem" filterEditorType="SpinnerItem"  width="64" canEdit="true" align="left" cellAlign="left" detail="false"></field>
		<field title="Norm. cov" name="NORMMARCOV" type="float" filterOperator="equals"  editorType="TextItem" filterEditorType="SpinnerItem"  width="64" canEdit="true" align="left" cellAlign="left" detail="true"></field>
		<field title="Norm. stdev." name="NORMMARSD" type="float" filterOperator="equals"  editorType="TextItem" filterEditorType="SpinnerItem"  width="64" canEdit="true" align="left" cellAlign="left" detail="true"></field>
		<field title="Max. marg." name="MAXMARGIN" type="float" filterOperator="equals"  editorType="TextItem" filterEditorType="SpinnerItem"  width="64" canEdit="true" align="left" cellAlign="left" detail="false"></field>
		<field title="Max. stdev." name="MAXMARSD" type="float" filterOperator="equals"  editorType="TextItem" filterEditorType="SpinnerItem"  width="64" canEdit="true" align="left" cellAlign="left" detail="true"></field>
		<field title="Max. cov." name="MAXMARCOV" type="float" filterOperator="equals"  editorType="TextItem" filterEditorType="SpinnerItem"  width="64" canEdit="true" align="left" cellAlign="left" detail="true"></field>
		<field title="Math. marg." name="MATHMAR" type="float" filterOperator="equals"  editorType="TextItem" filterEditorType="SpinnerItem"  width="64" canEdit="true" align="left" cellAlign="left" detail="false"></field>
		<field title="Math. stdev." name="MATHMARSD" type="float" filterOperator="equals"  editorType="TextItem" filterEditorType="SpinnerItem"  width="64" canEdit="true" align="left" cellAlign="left" detail="true"></field>
		<field title="Math. cov." name="MATHMARCOV" type="float" filterOperator="equals"  editorType="TextItem" filterEditorType="SpinnerItem"  width="64" canEdit="true" align="left" cellAlign="left" detail="true"></field>
		<field title="Min. marg." name="MINMAR" type="float" filterOperator="equals"  editorType="TextItem" filterEditorType="SpinnerItem"  width="64" canEdit="true" align="left" cellAlign="left" detail="false"></field>
		<field title="Min. stdev." name="MINMARSD" type="float" filterOperator="equals"  editorType="TextItem" filterEditorType="SpinnerItem"  width="64" canEdit="true" align="left" cellAlign="left" detail="true"></field>
		<field title="Min. cov." name="MINMARCOV" type="float" filterOperator="equals"  editorType="TextItem" filterEditorType="SpinnerItem"  width="64" canEdit="true" align="left" cellAlign="left" detail="true"></field>
		<field title="Ave. marg." name="AVEMAR" type="float" filterOperator="equals"  editorType="TextItem" filterEditorType="SpinnerItem"  width="64" canEdit="true" dalign="left" cellAlign="left" detail="true"></field>
		<field title="Ave. stdev." name="AVEMARSD" type="float" filterOperator="equals"  editorType="TextItem" filterEditorType="SpinnerItem"  width="64" canEdit="true" align="left" cellAlign="left" detail="true"></field>
		<field title="Ave. cov." name="AVEMARCOV" type="float" filterOperator="equals"  editorType="TextItem" filterEditorType="SpinnerItem"  width="64" canEdit="true" align="left" cellAlign="left" detail="true"></field>
		<field title="Curr. stdev." name="CURRMARSD" type="float" filterOperator="equals"  editorType="TextItem" filterEditorType="SpinnerItem"  width="64" canEdit="true" align="left" cellAlign="left" detail="true"></field>
		<field title="Curr. cov." name="CURRMARCOV" type="float" filterOperator="equals"  editorType="TextItem" filterEditorType="SpinnerItem"  width="64" canEdit="true" align="left" cellAlign="left" detail="true"></field>
	<field title="Update date" name="UPDDATE" type="datetime"  width="100" editorType="TextItem" align="left" cellAlign="left" canEdit="false" detail="true"></field>
		<field title="Update type" name="UPDTYPE"  type="text" escapeHTML="true"      canEdit="false" length="1" width="100" align="left" cellAlign="left" detail="true">
           <valueMap>
				<value ID="C">Create</value>
				<value ID="U">Update</value>
			</valueMap>
		</field>
		<field title="Update user" name="UPDUSR" length="30"  type="text" escapeHTML="true"      canEdit="false" width="100" align="left" cellAlign="left" detail="true"></field>
</fields>	    
<serverObject lookupStyle="new" className="it.ccg.pamp.server.dmi.StandardDMI"/>
 <operationBindings>
	<operationBinding operationType="update" requiresRole="user"></operationBinding>
	<operationBinding operationType="delete" requiresRole="user"></operationBinding>
	<operationBinding operationType="add" requiresRole="user"></operationBinding>
 
       <operationBinding operationId="eqmarstats" operationType="fetch"
        customValueFields="NDAYSDESC,INSTRNAME,CLASSCODE,MATHMARCOVM,PROPMARCOV" 
        customCriteriaFields="NDAYSDESC,INSTRNAME,CLASSCODE,MATHMARCOVM,PROPMARCOV"
       > 
   <selectClause>
          pmptstats.*,pmptinstr.INSTRNAME AS INSTRNAME, pmptinstr.CLASSCODE AS CLASSCODE, pmptper.NDAYSDESC AS NDAYSDESC,pmptmarcov.MATHMARCOV AS MATHMARCOVM,pmptmarcov.PROPMARCOV AS PROPMARCOV
          </selectClause>
          <tableClause>pmptstats, pmptinstr, pmptper, pmptmarcov</tableClause>  
          <whereClause>
          	<![CDATA[
          		($defaultWhereClause)
          		AND pmptinstr.INSTRID = pmptstats.INSTRID 
          		AND pmptper.NDAYSPER = pmptstats.NDAYSPER
                AND	pmptinstr.DIVISCODE ='E'
                AND pmptmarcov.instrid=pmptstats.instrid
                AND pmptmarcov.nv=pmptstats.nv
                AND pmptmarcov.ndaysper=pmptstats.ndaysper
	         ]]>  
          </whereClause>  
       </operationBinding>  
       <operationBinding operationId="pmptstatseqmar_fetch_forcurrency" operationType="fetch"
        customValueFields="NDAYSDESC,INSTRNAME,CLASSCODE,MATHMARCOVM,PROPMARCOV" 
        customCriteriaFields="NDAYSDESC,INSTRNAME,CLASSCODE,MATHMARCOVM,PROPMARCOV"
       > 
   <selectClause>
          pmptstats.*,pmptinstr.INSTRNAME AS INSTRNAME, pmptinstr.CLASSCODE AS CLASSCODE, pmptper.NDAYSDESC AS NDAYSDESC,pmptmarcov.MATHMARCOV AS MATHMARCOVM,pmptmarcov.PROPMARCOV AS PROPMARCOV
          </selectClause>
          <tableClause>pmptstats, pmptinstr, pmptper, pmptmarcov</tableClause>  
          <whereClause>
          	<![CDATA[
          		($defaultWhereClause)
          		AND pmptinstr.INSTRID = pmptstats.INSTRID 
          		AND pmptper.NDAYSPER = pmptstats.NDAYSPER
                AND	pmptinstr.DIVISCODE ='C'
                AND pmptmarcov.instrid=pmptstats.instrid
                AND pmptmarcov.nv=pmptstats.nv
                AND pmptmarcov.ndaysper=pmptstats.ndaysper
	         ]]>  
          </whereClause>  
       </operationBinding>  
        <operationBinding operationId="pmptstatseqmar_fetch_forcomparable" operationType="fetch"
        customValueFields="NDAYSDESC,INSTRNAME,CLASSCODE,MATHMARCOVM,PROPMARCOV" 
        customCriteriaFields="NDAYSDESC,INSTRNAME,CLASSCODE,MATHMARCOVM,PROPMARCOV"
       > 
   <selectClause>
          pmptstats.*,pmptinstr.INSTRNAME AS INSTRNAME, pmptinstr.CLASSCODE AS CLASSCODE, pmptper.NDAYSDESC AS NDAYSDESC,pmptmarcov.MATHMARCOV AS MATHMARCOVM,pmptmarcov.PROPMARCOV AS PROPMARCOV
          </selectClause>
          <tableClause>pmptstats, pmptinstr, pmptper, pmptmarcov</tableClause>  
          <whereClause>
          	<![CDATA[
          		($defaultWhereClause)
          		AND pmptinstr.INSTRID = pmptstats.INSTRID 
          		AND pmptper.NDAYSPER = pmptstats.NDAYSPER
                AND	pmptinstr.DIVISCODE ='Y'
                AND pmptmarcov.instrid=pmptstats.instrid
                AND pmptmarcov.nv=pmptstats.nv
                AND pmptmarcov.ndaysper=pmptstats.ndaysper
	         ]]>  
          </whereClause>  
       </operationBinding>  
       <operationBinding operationId="pmptstatseqmar_fetch_agx" operationType="fetch"
        customValueFields="NDAYSDESC,INSTRNAME,CLASSCODE,MATHMARCOVM,PROPMARCOV" 
        customCriteriaFields="NDAYSDESC,INSTRNAME,CLASSCODE,MATHMARCOVM,PROPMARCOV"
       > 
   <selectClause>
          pmptstats.*,pmptinstr.INSTRNAME AS INSTRNAME, pmptinstr.CLASSCODE AS CLASSCODE, pmptper.NDAYSDESC AS NDAYSDESC,pmptmarcov.MATHMARCOV AS MATHMARCOVM,pmptmarcov.PROPMARCOV AS PROPMARCOV
          </selectClause>
          <tableClause>pmptstats, pmptinstr, pmptper, pmptmarcov</tableClause>  
          <whereClause>
          	<![CDATA[
          		($defaultWhereClause)
          		AND pmptinstr.INSTRID = pmptstats.INSTRID 
          		AND pmptper.NDAYSPER = pmptstats.NDAYSPER
                AND	pmptinstr.DIVISCODE ='W'
                AND pmptmarcov.instrid=pmptstats.instrid
                AND pmptmarcov.nv=pmptstats.nv
                AND pmptmarcov.ndaysper=pmptstats.ndaysper
	         ]]>  
          </whereClause>  
       </operationBinding>  
       <operationBinding operationId="edmarstats" operationType="fetch"
        customValueFields="NDAYSDESC,INSTRNAME,CLASSCODE,MATHMARCOVM,PROPMARCOV" 
        customCriteriaFields="NDAYSDESC,INSTRNAME,CLASSCODE,MATHMARCOVM,PROPMARCOV"
       > 
   <selectClause>
          pmptstats.*,pmptinstr.INSTRNAME AS INSTRNAME, pmptinstr.CLASSCODE AS CLASSCODE, pmptper.NDAYSDESC AS NDAYSDESC,pmptmarcov.MATHMARCOV AS MATHMARCOVM,pmptmarcov.PROPMARCOV AS PROPMARCOV
          </selectClause>
          <tableClause>pmptstats, pmptinstr, pmptper, pmptmarcov</tableClause>  
          <whereClause>
          	<![CDATA[
          		($defaultWhereClause)
          		AND pmptinstr.INSTRID = pmptstats.INSTRID 
          		AND pmptper.NDAYSPER = pmptstats.NDAYSPER
                AND	pmptinstr.DIVISCODE ='D'
                AND pmptmarcov.instrid=pmptstats.instrid
                AND pmptmarcov.nv=pmptstats.nv
                AND pmptmarcov.ndaysper=pmptstats.ndaysper
	         ]]>  
          </whereClause>  
       </operationBinding>  
       <operationBinding operationId="bomarstats" operationType="fetch"
        customValueFields="NDAYSDESC,INSTRNAME,CLASSCODE" 
        customCriteriaFields="NDAYSDESC,INSTRNAME,CLASSCODE"
       > 
   <selectClause>
          pmptstats.*,pmptinstr.INSTRNAME AS INSTRNAME, pmptinstr.CLASSCODE AS CLASSCODE, pmptper.NDAYSDESC AS NDAYSDESC
          </selectClause>
          <tableClause>pmptstats, pmptinstr, pmptper</tableClause>  
          <whereClause>
          	<![CDATA[
          		($defaultWhereClause)
          		AND pmptinstr.INSTRID = pmptstats.INSTRID 
          		AND pmptper.NDAYSPER = pmptstats.NDAYSPER
                AND	pmptinstr.DIVISCODE ='B'
	         ]]>  
          </whereClause>  
       </operationBinding>  
        <operationBinding operationId="hcmarstats" operationType="fetch"
        customValueFields="NDAYSDESC,INSTRNAME,CLASSCODE" 
        customCriteriaFields="NDAYSDESC,INSTRNAME,CLASSCODE"
       > 
   <selectClause>
          pmptstats.*,pmptinstr.INSTRNAME AS INSTRNAME, pmptinstr.CLASSCODE AS CLASSCODE, pmptper.NDAYSDESC AS NDAYSDESC
          </selectClause>
          <tableClause>pmptstats, pmptinstr, pmptper</tableClause>  
          <whereClause>
          	<![CDATA[
          		($defaultWhereClause)
          		AND pmptinstr.INSTRID = pmptstats.INSTRID 
          		AND pmptper.NDAYSPER = pmptstats.NDAYSPER
                AND	pmptinstr.DIVISCODE ='H'
	         ]]>  
          </whereClause>  
       </operationBinding>  
        <operationBinding operationId="ibomarstats" operationType="fetch"
        customValueFields="NDAYSDESC,INSTRNAME,CLASSCODE" 
        customCriteriaFields="NDAYSDESC,INSTRNAME,CLASSCODE"
       > 
   <selectClause>
          pmptstats.*,pmptinstr.INSTRNAME AS INSTRNAME, pmptinstr.CLASSCODE AS CLASSCODE, pmptper.NDAYSDESC AS NDAYSDESC
          </selectClause>
          <tableClause>pmptstats, pmptinstr, pmptper</tableClause>  
          <whereClause>
          	<![CDATA[
          		($defaultWhereClause)
          		AND pmptinstr.INSTRID = pmptstats.INSTRID 
          		AND pmptper.NDAYSPER = pmptstats.NDAYSPER
                AND	pmptinstr.DIVISCODE ='I'
	         ]]>  
          </whereClause>  
       </operationBinding>  	
         <operationBinding operationId="elecmarstats" operationType="fetch"
        customValueFields="NDAYSDESC,INSTRNAME,CLASSCODE" 
        customCriteriaFields="NDAYSDESC,INSTRNAME,CLASSCODE"
       > 
   <selectClause>
          pmptstats.*,pmptinstr.INSTRNAME AS INSTRNAME, pmptinstr.CLASSCODE AS CLASSCODE, pmptper.NDAYSDESC AS NDAYSDESC
          </selectClause>
          <tableClause>pmptstats, pmptinstr, pmptper</tableClause>  
          <whereClause>
          	<![CDATA[
          		($defaultWhereClause)
          		AND pmptinstr.INSTRID = pmptstats.INSTRID 
          		AND pmptper.NDAYSPER = pmptstats.NDAYSPER
                AND	pmptinstr.DIVISCODE ='L'
	         ]]>  
          </whereClause>  
       </operationBinding>  	
       <operationBinding operationId="currmarstats" operationType="fetch"
        customValueFields="NDAYSDESC,INSTRNAME,CLASSCODE" 
        customCriteriaFields="NDAYSDESC,INSTRNAME,CLASSCODE"
       > 
   <selectClause>
          pmptstats.*,pmptinstr.INSTRNAME AS INSTRNAME, pmptinstr.CLASSCODE AS CLASSCODE, pmptper.NDAYSDESC AS NDAYSDESC
          </selectClause>
          <tableClause>pmptstats, pmptinstr, pmptper</tableClause>  
          <whereClause>
          	<![CDATA[
          		($defaultWhereClause)
          		AND pmptinstr.INSTRID = pmptstats.INSTRID 
          		AND pmptper.NDAYSPER = pmptstats.NDAYSPER
                AND	pmptinstr.DIVISCODE ='C'
	         ]]>  
          </whereClause>  
       </operationBinding>  	
  </operationBindings>  
</DataSource>