<DataSource    
tableName="pmptspread" 
ID="pmptspread" 
dataSourceVersion="1" 
serverType="sql">

	<fields>
    	<field title="Mark.Maker Table Code" name="MMTABLE" primaryKey="true"  type="text" escapeHTML="true"      required="true" canEdit="true" align="left" cellAlign="left" detail="false"></field>
    	<field title="Price from" name="PRICEFROM" type="float" filterOperator="equals" required="true" primaryKey="true"  editorType="TextItem" filterEditorType="SpinnerItem"  width="150" canEdit="true" align="left" cellAlign="left" detail="false">
    	    <validators>
					<validator type="floatRange" min="0" max="10000" errorMessage="Please enter a positive value"/>
	        </validators>
    	</field>
    	<field title="Price to" name="PRICETO" type="float" filterOperator="equals"  editorType="TextItem" filterEditorType="SpinnerItem"  required="true" width="150" canEdit="true" align="left" cellAlign="left" detail="false">
    	    <validators>
					<validator type="floatRange" min="0" max="10000" errorMessage="Please enter a positive value"/>
	        </validators>
    	</field>
    	<field title="Spread" name="SPREAD" type="float" filterOperator="equals"  editorType="TextItem" filterEditorType="SpinnerItem"  required="true" canEdit="true" align="left" cellAlign="left" detail="false">
    	    <validators>
					<validator type="floatRange" min="0" max="10000" errorMessage="Please enter a positive value"/>
	        </validators>
    	</field>
    	<field title="Update date" name="UPDDATE" type="datetime" displayFormat="toEuropeanShortDateTime" width="100"  align="left" cellAlign="left" canEdit="false" detail="true"></field>
		<field title="Update type" name="UPDTYPE"  type="text" escapeHTML="true"      canEdit="false" length="1" width="100" align="left" cellAlign="left" detail="true">
           <valueMap>
				<value ID="C">Create</value>
				<value ID="U">Update</value>
			</valueMap>
		</field>
		<field title="Update user" name="UPDUSR" length="30"  type="text" escapeHTML="true"      canEdit="false" width="100" align="left" cellAlign="left" detail="true"></field>
	</fields>
	<serverObject lookupStyle="new" className="it.ccg.pamp.server.dmi.StandardDMI"/>
	<operationBindings>
	<operationBinding operationType="update" requiresRole="user"></operationBinding>
	<operationBinding operationType="delete" requiresRole="user"></operationBinding>
	<operationBinding operationType="add" requiresRole="user"></operationBinding>
 </operationBindings>  	
</DataSource>