 <DataSource 
	  
	tableName="pmptmicmbr"
	ID="pmptmicmbr"
	dataSourceVersion="1"
	serverType="sql"
>
	<fields>
		<field title="Stress test ID" name="STID" type="integer" filterOperator="equals" primaryKey="true" canEdit="false" filterEditorType="TextItem" width="100"  align="left" cellAlign="left" detail="false"></field>
		<field title="Clearing member" name="MBRID" type="integer" filterOperator="equals" primaryKey="true" canEdit="false" filterEditorType="TextItem" width="100"  align="left" cellAlign="left" detail="true"></field>
	    <field title="Scenario" name="SCENARIO"  type="text" escapeHTML="true"      length="1" primaryKey="true" canEdit="false" width="90" filterEditorType="SelectItem" align="left" cellAlign="left" detail="false">
	     <valueMap>
				<value ID="I         ">Increase</value>
				<value ID="D         ">Decrease</value>
				<value ID="0         ">Day 0</value>
			</valueMap>
	    </field>
	    
	    <field title="Clearing member desc." name="MBRDESC"   type="text" escapeHTML="true"      length="100" align="left" cellAlign="left" canEdit="false" detail="false"></field>
   		<field title="Group member" name="GMBRID" type="integer" filterOperator="equals"  canEdit="false" filterEditorType="TextItem" width="100"  align="left" cellAlign="left" detail="true"></field>
	    <field title="Gruop member desc." name="GMBRDESC"   type="text" escapeHTML="true"      length="100" align="left" cellAlign="left" canEdit="false" detail="false"></field>
   		<field title="Hist. Data upd.Day" name="HISTUPDDAY" type="datetime"    width="100" canEdit="false" align="left" cellAlign="left" detail="true"></field>
		<field title="Log" name="LOG"   type="text" escapeHTML="true"      length="1000" width="100" align="left" cellAlign="left" canEdit="false" detail="true"></field>
		<field title="Exposure" name="EN" type="float" filterOperator="equals"  canEdit="false" width="130" align="left"  editorType="TextItem" filterEditorType="SpinnerItem"  cellAlign="left" detail="false"></field>
		<field title="Str. guarantees" name="ENA" type="float" filterOperator="equals"  canEdit="false" width="130" align="left"  editorType="TextItem" filterEditorType="SpinnerItem"  cellAlign="left" detail="false"></field>
		<field title="Delta exposure" name="ENDIFF" type="float" filterOperator="equals"  canEdit="false" width="130" align="left"  editorType="TextItem" filterEditorType="SpinnerItem"  cellAlign="left" detail="false"></field>
		<field title="Not collat. exposure" name="ENC" type="float" filterOperator="equals"  canEdit="false" width="130" align="left"  editorType="TextItem" filterEditorType="SpinnerItem"  cellAlign="left" detail="false"></field>
		<field title="Member bank gr." name="MBRBNKGRID" type="integer" filterOperator="equals"  canEdit="false" filterEditorType="TextItem" width="100"  align="left" cellAlign="left" detail="true"></field>
	    <field title="Member bank gr. desc." name="MBRBNKGRNM"   type="text" escapeHTML="true"      length="100" align="left" cellAlign="left" canEdit="false" detail="false"></field>
   		<field title="Gr. member bank gr." name="GMBBNKGRID" type="integer" filterOperator="equals"  canEdit="false" filterEditorType="TextItem" width="100"  align="left" cellAlign="left" detail="true"></field>
	    <field title="Gr. member bank gr. desc." name="GMBBNKGRNM"   type="text" escapeHTML="true"      length="100" align="left" cellAlign="left" canEdit="false" detail="false"></field>
   		<field title="Update date" name="UPDDATE" type="datetime"  width="100" editorType="TextItem" align="left" cellAlign="left" canEdit="false" detail="true"></field>
		<field title="Update type" name="UPDTYPE"  type="text" escapeHTML="true"      canEdit="false" length="1" width="100" align="left" cellAlign="left" detail="true">
           <valueMap>
				<value ID="C">Create</value>
				<value ID="U">Update</value>
			</valueMap>
		</field>
		<field title="Update user" name="UPDUSR" length="30"  type="text" escapeHTML="true"    canEdit="false" width="100" align="left" cellAlign="left" detail="true"></field>
	   
	    <field title="Sens. test ID" name="SSTID" type="integer" customSQL="true" tableName="pmptsstpah" filterOperator="equals" width="72" canEdit="false" align="left" cellAlign="left" detail="false" ></field>
	    <field title="Iteration" name="ITER" type="integer" customSQL="true" tableName="pmptsstpah" filterOperator="equals" width="72" canEdit="false" align="left" cellAlign="left" detail="false" ></field>
	<field title="R.S.T ID" name="RSTID" type="integer" customSQL="true" tableName="pmptrstpah" filterOperator="equals" width="72" canEdit="false" align="left" cellAlign="left" detail="false" ></field>
	
	</fields>
  	<serverObject lookupStyle="new" className="it.ccg.pamp.server.dmi.StandardDMI"/>
  	<operationBindings>
	<operationBinding operationType="update" requiresRole="user"></operationBinding>
	<operationBinding operationType="delete" requiresRole="user"></operationBinding>
	<operationBinding operationType="add" requiresRole="user"></operationBinding>
  
    
     <operationBinding operationId="pmptmicmbr_fetch_mic" operationType="fetch" >
     <selectClause>PMPTMICMBR.STID, PMPTMICMBR.SCENARIO, PMPTMICMBR.MBRID, PMPTMICMBR.GMBRID, 
					PMPTMICMBR.MBRDESC, PMPTMICMBR.GMBRDESC, PMPTMICMBR.HISTUPDDAY, PMPTMICMBR.LOG, 
					round(cast(PMPTMICMBR.EN as FLOAT),2) AS EN, PMPTMICMBR.ENG, ROUND(cast(PMPTMICMBR.ENA as FLOAT),2) AS ENA, 
					ROUND(cast(PMPTMICMBR.ENDIFF as FLOAT),2) AS ENDIFF, ROUND(cast(PMPTMICMBR.ENC as FLOAT),2) AS ENC, 
					PMPTMICMBR.MBRBNKGRID, PMPTMICMBR.GMBBNKGRID, PMPTMICMBR.MBRBNKGRNM, PMPTMICMBR.GMBBNKGRNM, 
					PMPTMICMBR.UPDDATE, PMPTMICMBR.UPDTYPE, PMPTMICMBR.UPDUSR </selectClause>
       <tableClause>pmptmicmbr as pmptmicmbr, pmptst as pmptst</tableClause>  
       <whereClause><![CDATA[pmptmicmbr.stid=pmptst.stid and pmptst.status!='R' AND  pmptst.diviscode='M' and $defaultWhereClause]]></whereClause>  
    </operationBinding>  
     <operationBinding operationId="pmptmicmbr_fetch_reverse" operationType="fetch" 
     customValueFields="RSTID" 
      customCriteriaFields="RSTID">
	 <selectClause>PMPTMICMBR.STID, PMPTMICMBR.SCENARIO, PMPTMICMBR.MBRID, PMPTMICMBR.GMBRID, 
					PMPTMICMBR.MBRDESC, PMPTMICMBR.GMBRDESC, PMPTMICMBR.HISTUPDDAY, PMPTMICMBR.LOG, 
					round(cast(PMPTMICMBR.EN as FLOAT),2) AS EN, PMPTMICMBR.ENG, ROUND(cast(PMPTMICMBR.ENA as FLOAT),2) AS ENA, 
					ROUND(cast(PMPTMICMBR.ENDIFF as FLOAT),2) AS ENDIFF, ROUND(cast(PMPTMICMBR.ENC as FLOAT),2) AS ENC, 
					PMPTMICMBR.MBRBNKGRID, PMPTMICMBR.GMBBNKGRID, PMPTMICMBR.MBRBNKGRNM, PMPTMICMBR.GMBBNKGRNM, 
					PMPTMICMBR.UPDDATE, PMPTMICMBR.UPDTYPE, PMPTMICMBR.UPDUSR ,pmptrstpah.RSTID</selectClause>  
       <tableClause>pmptmicmbr as pmptmicmbr, (select distinct STID,RSTID from pmptrstpah) as pmptrstpah </tableClause>  
       <whereClause><![CDATA[pmptmicmbr.stid=pmptrstpah.stid and $defaultWhereClause]]></whereClause>
    </operationBinding>     
    <operationBinding operationId="pmptmicmbr_fetch_sensitivity" operationType="fetch" 
       customValueFields="SSTID,ITER" 
      customCriteriaFields="SSTID,ITER">
	 <selectClause>PMPTMICMBR.STID, PMPTMICMBR.SCENARIO, PMPTMICMBR.MBRID, PMPTMICMBR.GMBRID, 
					PMPTMICMBR.MBRDESC, PMPTMICMBR.GMBRDESC, PMPTMICMBR.HISTUPDDAY, PMPTMICMBR.LOG, 
					round(cast(PMPTMICMBR.EN as FLOAT),2) AS EN, PMPTMICMBR.ENG, ROUND(cast(PMPTMICMBR.ENA as FLOAT),2) AS ENA, 
					ROUND(cast(PMPTMICMBR.ENDIFF as FLOAT),2) AS ENDIFF, ROUND(cast(PMPTMICMBR.ENC as FLOAT),2) AS ENC, 
					PMPTMICMBR.MBRBNKGRID, PMPTMICMBR.GMBBNKGRID, PMPTMICMBR.MBRBNKGRNM, PMPTMICMBR.GMBBNKGRNM, 
					PMPTMICMBR.UPDDATE, PMPTMICMBR.UPDTYPE, PMPTMICMBR.UPDUSR ,pmptsstpah.SSTID,pmptsstpah.ITER</selectClause>  
       <tableClause>pmptmicmbr as pmptmicmbr, pmptsst as pmptsst, (select distinct h.ITER, h.SSTID,h.STID,h.ITSTID
                                 from pmptsstpah h 
                                  union
                                 select h.ITER, h.SSTID,h.STID,h.ITSTID
                                 from PMPTSSTBPH h )as pmptsstpah</tableClause>  
       <whereClause><![CDATA[ pmptmicmbr.stid=pmptsstpah.ITSTID  AND pmptsst.sstid=pmptsstpah.sstid and pmptsst.diviscode='M' and
       
       $defaultWhereClause]]></whereClause>  
    </operationBinding> 
 </operationBindings>  	
  
</DataSource>