<DataSource 
	  
	tableName="pmptrst"
	ID="pmptrst"
	dataSourceVersion="1"
	serverType="sql"
>
	<fields>
		<field  title="R.S.T. ID"  name="RSTID" length="50"  type="sequence" filterOperator="equals" primaryKey="true" width="100" editorType="TextItem" filterEditorType="SpinnerItem" required="true" canEdit="false" align="left" cellAlign="left" detail="false"></field>
		<field title="Status" name="STATUS" length="1"  type="text" escapeHTML="true"      width="50" canEdit="false" align="left" cellAlign="left" detail="false">
	        <valueMap>  
				<value ID="T">Enabled</value>
				<value ID="F">Disabled</value>  
 			</valueMap> 
   		</field>
		<field title="R.S.T. date" name="RSTDATE" type="date" customSelectExpression="CAST(RSTDATE as DATE)"   customUpdateExpression="$values.RSTDATE" width="100"  align="left" cellAlign="left" canEdit="false" detail="false"></field>
		<field title="Note" name="NOTE"  type="text" escapeHTML="true"  width="100%"     canEdit="true" length="5000" align="left" cellAlign="left" detail="false"></field>
		 <field title="Division" name="DIVISCODE" required="true" length="20" type="enum" width="100" canEdit="true" detail="false">
			<valueMap>
				<value ID="E">Equities</value>
				<value ID="O">Bond</value> 
				<value ID="M">Mic</value>
				<value ID="W">Agrex</value> 
				<value ID="L">Electric Derivatives</value>  
			</valueMap>
		</field>
		<field title="Update date" name="UPDDATE" type="datetime" displayFormat="toEuropeanShortDateTime"  width="100" align="left" cellAlign="left" canEdit="false" detail="true"></field>
		<field title="Update type" name="UPDTYPE"  type="text" escapeHTML="true"      canEdit="false" length="1" width="100" align="left" cellAlign="left" detail="true">
           <valueMap>
				<value ID="C">Create</value>
				<value ID="U">Update</value>
			</valueMap>
		</field>
		<field title="Update user" name="UPDUSR" length="30"  type="text" escapeHTML="true"      canEdit="false" width="100" align="left" cellAlign="left" detail="true"></field>
</fields>
<serverObject lookupStyle="new" className="it.ccg.pamp.server.dmi.StandardDMI"/>
    <operationBindings>
	<operationBinding operationType="update" requiresRole="user"></operationBinding>
	<operationBinding operationType="delete" requiresRole="user"></operationBinding>
	<operationBinding operationType="add" requiresRole="user"></operationBinding>
	
   <operationBinding operationId="pmptrst_fetch_orderdesc" operationType="fetch" >  
    <whereClause><![CDATA[
          DIVISCODE != 'M' AND
           ($defaultWhereClause)]]>  
          </whereClause> 
          <orderClause>RSTID DESC </orderClause> 
      </operationBinding> 
   <operationBinding operationId="pmptrst_fetch_eq_reverse" operationType="fetch" >  
          <whereClause><![CDATA[
          (DIVISCODE = 'E' or DIVISCODE = 'D') AND
           ($defaultWhereClause)]]>  
          </whereClause>  
          <orderClause>RSTID DESC </orderClause> 
      </operationBinding> 
      <operationBinding operationId="pmptrst_fetch_elec_reverse" operationType="fetch" >  
          <whereClause><![CDATA[
          (DIVISCODE = 'L') AND
           ($defaultWhereClause)]]>  
          </whereClause>  
          <orderClause>RSTID DESC </orderClause> 
      </operationBinding> 
      <operationBinding operationId="pmptrst_fetch_bo_reverse" operationType="fetch" >  
          <whereClause><![CDATA[
          (DIVISCODE = 'O') AND
           ($defaultWhereClause)]]>  
          </whereClause>  
          <orderClause>RSTID DESC </orderClause> 
      </operationBinding> 
       <operationBinding operationId="pmptrst_fetch_orderdesc_mic" operationType="fetch" >  
        <whereClause><![CDATA[
          (DIVISCODE = 'M') AND
           ($defaultWhereClause)]]>  
          </whereClause> 
          <orderClause>RSTID DESC </orderClause> 
      </operationBinding> 
      <operationBinding operationId="pmptrst_fetch_xcom_reverse" operationType="fetch" >  
          <whereClause><![CDATA[
          (DIVISCODE = 'S') AND
           ($defaultWhereClause)]]>  
          </whereClause>  
          <orderClause>RSTID DESC </orderClause> 
      </operationBinding> 
      <operationBinding operationId="pmptrst_fetch_agx_reverse" operationType="fetch" >  
          <whereClause><![CDATA[
          (DIVISCODE = 'W') AND
           ($defaultWhereClause)]]>  
          </whereClause>  
          <orderClause>RSTID DESC </orderClause> 
      </operationBinding> 
  </operationBindings>  	
</DataSource>
