<DataSource 
	  
	tableName="pmptlgrp"
	ID="pmptlgrp"
	dataSourceVersion="1"
	serverType="sql"
>
	<fields>
		<field title="Group ID" name="GRID" type="sequence" primaryKey="true" filterOperator="equals" filterEditorType="SpinnerItem" canEdit="false" width="10%" detail="false" align="left" cellAlign="left"></field>
		<field title="Group Name" name="GROUPDESC" length="30"  type="text" required ="true" escapeHTML="true"  editorType="TextItem" width="50%" canEdit="true"  detail="false" align="left" cellAlign="left">
		<validators>  
             <validator type="isUnique"  errorMessage="Group name already in use."/>  
          </validators>  
		</field>
		
		<field title="Division" name="DIVISCODE" required="true" length="20" type="enum" width="100" canEdit="false" detail="true" align="left" cellAlign="left">
			<valueMap>
				<value ID="E">Equities</value>
				<value ID="D">Eq.derivates</value>
				<value ID="I">Infl.bond</value>
				<value ID="O">Bond</value> 
				 <value ID="B">I.R. Nodes</value>
				<value ID="L">Elect.derivates</value>
				<value ID="X">Indices</value>
				<value ID="C">Currency</value>
				<value ID="Y">Comparable</value>
				<value ID="H">Haircut</value>
			</valueMap>
		</field>
		<field title="Status" name="STATUS" length="1"  type="text" escapeHTML="true"   required ="true"    width="30%" canEdit="true" detail="false" align="left" cellAlign="left">
	        <valueMap>  
				<value ID="E">Enable</value>  
				<value ID="D">Disable</value> 
 			</valueMap> 
   		</field>
   		<field title="Update date" name="UPDDATE" type="datetime" width="100" editorType="TextItem" align="left" cellAlign="left" canEdit="false" detail="true"></field>
		<field title="Update type" name="UPDTYPE"  type="text" escapeHTML="true"      canEdit="false" length="1" width="100" align="left" cellAlign="left" detail="true">
           <valueMap>
				<value ID="C">Create</value>
				<value ID="U">Update</value>
			</valueMap>
		</field>
		<field title="Update user" name="UPDUSR" length="30"  type="text" escapeHTML="true"      canEdit="false" width="100" align="left" cellAlign="left" detail="true"></field>
	</fields>
  	<serverObject lookupStyle="new" className="it.ccg.pamp.server.dmi.StandardDMI"/>
  	 	<operationBindings>
	<operationBinding operationType="update" requiresRole="user"></operationBinding>
	<operationBinding operationType="delete" requiresRole="user"></operationBinding>
	<operationBinding operationType="add" requiresRole="user"></operationBinding>
  
  	 	 <operationBinding operationId="elecgroup_fetch" operationType="fetch">
       <whereClause><![CDATA[pmptlgrp.DIVISCODE='L' AND $defaultWhereClause]]></whereClause>  
      </operationBinding>  

 </operationBindings>  	
  	
</DataSource>