<DataSource 
	  
	tableName="pmptsst"
	ID="pmptsst"
	dataSourceVersion="1"
	serverType="sql"
>
	<fields>
		<field  title="Sens. test ID"  name="SSTID" length="50"  type="integer" filterOperator="equals" editorType="TextItem" filterEditorType="SpinnerItem" primaryKey="true" width="100" canEdit="false" align="left" cellAlign="left" detail="false"></field>
		<field title="Status" name="STATUS" length="1"  type="text" escapeHTML="true"      width="50" canEdit="false" align="left" cellAlign="left" detail="true" >
	        <valueMap>  
				<value ID="T">Enabled</value>
				<value ID="F">Disabled</value>  
 			</valueMap> 
   		</field>
		<field title="Sens. test date" name="SSTDATE" type="date" customSelectExpression="CAST(SSTDATE as DATE)"   customUpdateExpression="$values.SSTDATE" width="100%"  align="left" cellAlign="left" canEdit="false" detail="false"></field>
		<field title="Note" name="NOTE"  type="text" escapeHTML="true"  width="100%"    canEdit="true" length="5000" align="left" cellAlign="left" detail="false"></field>
		 <field title="Division" name="DIVISCODE" required="true" length="20" type="enum" width="100" canEdit="true" detail="false">
			<valueMap>
				<value ID="E">Equities</value>
				<value ID="O">Bond</value> 
				<value ID="L">Electricity</value>
				<value ID="M">Mic</value>
				<value ID="W">Agrex</value>
				<value ID="S">Xcom</value>
			</valueMap>
		</field>
		<field title="Update date" name="UPDDATE" type="datetime" displayFormat="toEuropeanShortDateTime"  width="100" align="left" cellAlign="left" canEdit="false" detail="true"></field>
		<field title="Update type" name="UPDTYPE"  type="text" escapeHTML="true"      canEdit="false" length="1" width="100" align="left" cellAlign="left" detail="true">
           <valueMap>
				<value ID="C">Create</value>
				<value ID="U">Update</value>
			</valueMap>
		</field>
		<field title="Update user" name="UPDUSR" length="30"  type="text" escapeHTML="true"      canEdit="false" width="100" align="left" cellAlign="left" detail="true"></field>
</fields>
<serverObject lookupStyle="new" className="it.ccg.pamp.server.dmi.StandardDMI"/>
    <operationBindings>
	<operationBinding operationType="update" requiresRole="user"></operationBinding>
	<operationBinding operationType="delete" requiresRole="user"></operationBinding>
	<operationBinding operationType="add" requiresRole="user"></operationBinding>
  
  
   <operationBinding operationId="pmptsst_fetch_descall" operationType="fetch"> 
       <orderClause>SSTID DESC </orderClause> 
      </operationBinding>  
      <operationBinding operationId="pmptsstorderdesc" operationType="fetch">  
       <whereClause><![CDATA[STATUS!='R' 
       AND ($defaultWhereClause)]]>  
       </whereClause>  
       <orderClause>SSTID DESC </orderClause> 
      </operationBinding>  
       <operationBinding operationId="pmptsst_fetch_eq" operationType="fetch" >  
          <whereClause><![CDATA[
          (DIVISCODE = 'E') AND STATUS!='R' AND 
           ($defaultWhereClause)
          ]]>  
          </whereClause>  
          <orderClause>SSTID DESC </orderClause> 
      </operationBinding> 
       <operationBinding operationId="pmptsst_fetch_bo" operationType="fetch" >  
          <whereClause><![CDATA[
          (DIVISCODE = 'O') AND STATUS!='R' AND 
           ($defaultWhereClause)
          ]]>  
          </whereClause>  
          <orderClause>SSTID DESC </orderClause> 
      </operationBinding> 
       <operationBinding operationId="pmptsst_fetch_el" operationType="fetch" >  
          <whereClause><![CDATA[
          (DIVISCODE = 'L') AND STATUS!='R' AND 
           ($defaultWhereClause)
          ]]>  
          </whereClause>  
          <orderClause>SSTID DESC </orderClause> 
      </operationBinding> 
       <operationBinding operationId="pmptsst_fetch_agx" operationType="fetch" >  
          <whereClause><![CDATA[
          (DIVISCODE = 'W') AND STATUS!='R' AND 
           ($defaultWhereClause)
          ]]>  
          </whereClause>  
          <orderClause>SSTID DESC </orderClause> 
      </operationBinding> 
       <operationBinding operationId="pmptsst_fetch_ed" operationType="fetch" >  
        <selectClause>distinct pmptsst.sstid, SSTDATE</selectClause>
       <tableClause>PMPTSSTDPR PMPTSSTDPR, pmptsst pmptsst</tableClause>  
       <whereClause><![CDATA[ PMPTSSTDPR.SSTID=pmptsst.SSTID AND pmptsst.STATUS!='R' AND pmptsst.diviscode='E'
       AND $defaultWhereClause]]></whereClause>  
          <orderClause>pmptsst.SSTID DESC </orderClause> 
    </operationBinding>     
     <operationBinding operationId="pmptsst_fetch_mic" operationType="fetch" >  
          <whereClause><![CDATA[
          (DIVISCODE = 'M') AND STATUS!='R' AND 
           ($defaultWhereClause)
          ]]>  
          </whereClause>  
          <orderClause>SSTID DESC </orderClause> 
      </operationBinding> 
      <operationBinding operationId="pmptsst_fetch_xcom" operationType="fetch" >  
          <whereClause><![CDATA[
          (DIVISCODE = 'S') AND STATUS!='R' AND 
           ($defaultWhereClause)
          ]]>  
          </whereClause>  
          <orderClause>SSTID DESC </orderClause> 
      </operationBinding>
  </operationBindings>  	
</DataSource>
