<DataSource    
tableName="pmptinstr" 
	ID="pmptinstr_listdelist_ed" 
dataSourceVersion="1" 
serverType="sql">
	<fields>
		<field title="Instrument ID" name="INSTRID" type="sequence" primaryKey="true" canEdit="false" canFilter="true" width="100" detail="true"></field>
		<field  title="Instrument name" name="INSTRNAME"  required="true" canFilter="true" length="255"  canEdit="false"  type="text" escapeHTML="true"      width="190" detail="false"></field>
		<field title="Instr. code" name="CLASSCODE" required="true" length="30"  type="text" escapeHTML="true"      width="70"  canEdit="false" detail="false"></field>
		<field title="Reuters code" name="RICCODE" length="30"  type="text" escapeHTML="true"      width="100"  canEdit="false" detail="true"></field>
		<field title="ISIN code" name="ISINCODE" length="12"  type="text" escapeHTML="true"      required="true" width="110"  canEdit="false" detail="false">
			<validators>
				<validator type="regex" expression="[A-Za-z]{2}[A-Za-z0-9]{10}" errorMessage="ISIN code not valid" />
			</validators>
		</field>
		<field title="Bloomberg code" name="BLOOMBCODE" length="30"  type="text" escapeHTML="true"      width="100"  canEdit="false" detail="true"></field>
		<field title="Market" name="MARKETCODE" required="true" length="30"  type="text" escapeHTML="true"      width="70" editorType="ComboBoxItem"  filterEditorType="SelectItem"  canEdit="false" detail="false"></field>
		<field title="Currency" name="CURRENCY" required="true" length="10"  type="text" escapeHTML="true"      width="80"  canEdit="false" detail="false">
			<valueMap>
				<value ID="EUR">EUR</value>
				<value ID="USD">USD</value>
				<value ID="GBP">GBP</value>
				<value ID="CHF">CHF</value>
				<value ID="GPY">GPY</value>
			</valueMap>
			<validators>
				<validator type="regex" expression="[A-Za-z]{3}" errorMessage="Not valid currency: write the 3 letters symbol of the currency (Ex. EUR, USD, GBP)." />
			</validators>
		</field>
		<field title="List Name" name="LISTNAME" length="255"  type="text" escapeHTML="true"      width="100"  canEdit="false" detail="true"></field>
		<field title="Instr. type" name="INSTRTYPE"   canEdit="false" editorType="ComboBoxItem"  filterEditorType="SelectItem" length="30"  type="text" escapeHTML="true"      width="70" detail="false"></field>
		<field title="Instr. sub-type" name="INSTRSTYPE" required="true"  type="text" escapeHTML="true"      editorType="ComboBoxItem"  filterEditorType="SelectItem"  canEdit="false" length="30" width="120" detail="false" >
		<validators>
		<validator type="hasRelatedRecord" relatedDataSource="pmptsubtyp" relatedField="INSTRSTYPE" errorMessage="Instrument subtype not available" />  
		</validators>
		</field>	
		<field title="Segment" name="SGMCODE" length="24"  type="text" escapeHTML="true"      width="80" editorType="ComboBoxItem"  filterEditorType="SelectItem"  canEdit="false" detail="false"></field>
	    <field title="Division" name="DIVISCODE" required="true" length="20"  type="text" escapeHTML="true"      width="100"  canEdit="false" detail="true">
			<valueMap>
				<value ID="E">Equities</value>
				<value ID="D">Eq.derivates</value>
				<value ID="I">Infl.bond</value>
				<value ID="O">Bond</value> 
				 <value ID="B">I.R. Nodes</value>
				<value ID="L">Elect.derivates</value>
				<value ID="X">Indices</value>
				<value ID="C">Currency</value>
<value ID="Y">Comparable</value>
<value ID="H">Haircut</value>
			</valueMap>
		</field>
		<field title="Delisting Date" name="DELISTDATE" type="datetime"  width="90" canEdit="false" detail="false"></field>
		<field title="Delisting reason" name="DELISTREAS" length="255"  type="text" escapeHTML="true"       canEdit="false" detail="true"></field>
		<field title="Disable Reason" name="DISABREAS" length="255"  type="text" escapeHTML="true"       canEdit="false" detail="true"></field>
		<field title="Delisting Reason" name="DELISTREAS" length="255"  type="text" escapeHTML="true"       canEdit="false" detail="true"></field>
		<field title="Status" name="STATUS" length="1"  type="text" escapeHTML="true"      width="100"  canEdit="false" detail="true">
			<valueMap>
				<value ID="E">Enabled</value>
				<value ID="D">Disabled</value>
				<value ID="S">Delisted</value>
				<value ID="U">Underlying</value>
			</valueMap>
		</field>
		<field title="Mark.Maker Table Code" name="MMTABLE" length="1"  type="text" escapeHTML="true"      width="150"  canEdit="false" detail="true"></field>
		<field title="Industry" name="INDUSTRY" length="30"  type="text" escapeHTML="true"      width="100"  canEdit="false" detail="true"></field>
		<field title="Super sector" name="SUPERSECT" length="30"  type="text" escapeHTML="true"      width="100"  canEdit="false" detail="true"></field>
		<field title="Short term future" name="SHORTTFUT" length="20" type="enum" width="100"  canEdit="false" detail="true">
			<valueMap>
				<value ID="T">True</value>
				<value ID="F">False</value>
			</valueMap>
		</field>
		<field title="Long term options" name="LONGTOPT" length="20" type="enum" width="100"  canEdit="false" detail="true">
			<valueMap>
				<value ID="T">True</value>
				<value ID="F">False</value>
			</valueMap>
		</field>
		<field title="Motivation" name="RCCODE" type="integer" filterOperator="equals" editorType="SelectItem" filterEditorType="SelectItem" width="180"   canEdit="false" align="left" cellAlign="left" detail="true"></field>
   		<field title="Fut. exp. number" name="FUTEXPNUMB" type="integer" filterOperator="equals" width="100"  editorType="TextItem" filterEditorType="SpinnerItem"   canEdit="false" detail="true">
			<validators>
				<validator type="isInteger" errorMessage="Must be a valid number of future expirations" />
			</validators>
		</field>
		<field title="Opt. exp. number" name="OPTEXPNUMB" type="integer" filterOperator="equals" width="100"  editorType="TextItem" filterEditorType="SpinnerItem"   canEdit="false" detail="true">
			<validators>
				<validator type="isInteger" errorMessage="Must be a valid number of option expirations" />
			</validators>
		</field>
		<field title="Def.Margin" name="DEFMARG" type="float" filterOperator="equals"  editorType="TextItem" filterEditorType="SpinnerItem"  width="64"  canEdit="false" align="left" cellAlign="left" detail="true">
		<validators>
				<validator type="floatRange" min="0" max="1" errorMessage="Must be between 0 and 1. Ex. 99.5% is 0.995"/>
		</validators>
		</field>
		<field title="Def.Min.Mar." name="DEFMINMAR" type="float" filterOperator="equals"  editorType="TextItem" filterEditorType="SpinnerItem"  width="70"  canEdit="false" align="left" cellAlign="left" detail="true"></field>
		<field title="Def.Straddle" name="DEFSTRADD" type="float" filterOperator="equals"  editorType="TextItem" filterEditorType="SpinnerItem"  width="70"  canEdit="false" align="left" cellAlign="left" detail="true"></field>
		<field title="Multiplier" name="MULT" type="float" filterOperator="equals"  editorType="TextItem" filterEditorType="SpinnerItem"  width="64"  canEdit="false" align="left" cellAlign="left" detail="false"></field>
		<field title="Short op. adj." name="SHORTOPADJ" type="float" filterOperator="equals"  editorType="TextItem" filterEditorType="SpinnerItem"  width="64"  canEdit="false" align="left" cellAlign="left" detail="true"></field>
		<field title="Days to delivery" name="DELDAYS"  editorType="TextItem" filterEditorType="SpinnerItem"  width="64" type="integer" filterOperator="equals"  canEdit="false" detail="true">
			<validators>
				<validator type="isInteger" errorMessage="Must be a valid number" />
			</validators>
		</field>
		<field title="Mkt list. Date" name="MKTLSTDATE" type="datetime"  width="90"  canEdit="false" detail="true"></field>
		<field title="Ccp Date" name="CCPLSTDATE" type="datetime"  width="90"  canEdit="false" detail="true"></field>
		<field title="Straddle method" name="STRATYPE" length="20" required="true" type="enum" width="100"  canEdit="false" detail="true">
			<valueMap>
				<value ID="N">None</value>
				<value ID="V">Variations</value>
				<value ID="C">Correlations</value>
			</valueMap>
		</field>
		<field title="Min. margin type" name="MINMARTYPE" length="20" required="true" type="enum" width="100"  canEdit="false" detail="true">
			<valueMap>
				<value ID="N">None</value>
				<value ID="S">Standard</value>
			</valueMap>
		</field>
	   <field title="Underlying" name="UNDINSTRID" type="integer" filterOperator="equals" editorType="ComboBoxItem" filterEditorType="SelectItem" width="180"   canEdit="false" align="left" cellAlign="left" detail="false"></field>
      	<field title="Margin Threshold" name="MARGINTH" length="255" type="float" filterOperator="equals"  canEdit="false"   editorType="TextItem" filterEditorType="SpinnerItem"  align="left" cellAlign="left" detail="true">
		<validators>
				<validator type="floatRange" min="0" max="10" errorMessage="Insert a number between 0 and 10 (0.5 is 50%)" /></validators>
		</field>
       	<field title="Hist. prices" name="DERHIST"  type="text" escapeHTML="true"       canEdit="false" length="1" width="100" align="left" cellAlign="left" detail="false">
			<valueMap>
				<value ID="F">Underlying</value>
				<value ID="T">Own</value>
			</valueMap>
		</field>
			<field title="Setllement type" name="SETTLETYPE" width="100" type="integer" filterOperator="equals" editorType="SelectItem"  canEdit="false" align="left" cellAlign="left" detail="false">
			<valueMap>
				<value ID="0">Phisical</value>
				<value ID="1">Cash</value>
			</valueMap>
		</field>
		<field title="Def. expiration" name="DEFHISTSER" width="100" type="integer" filterOperator="equals" editorType="SelectItem"  canEdit="false" align="left" cellAlign="left" detail="false">
			<valueMap>
				<value ID="1">First</value>
				<value ID="2">Second</value>
				<value ID="3">Third</value>
				<value ID="4">Fourth</value>
				<value ID="5">Fifth</value>
				<value ID="6">Sixth</value>
			</valueMap>
			<validators>
				<validator type="integerRange" min="0" max="10" errorMessage="Insert a number between 0 and 10" /></validators>
		</field>
		<field title="Update date" name="UPDDATE" type="datetime"  width="100" align="left" cellAlign="left" canEdit="false" detail="true"></field>
		<field title="Update type" name="UPDTYPE"  type="text" escapeHTML="true"      canEdit="false" length="1" width="100" align="left" cellAlign="left" detail="true">
           <valueMap>
				<value ID="C">Create</value>
				<value ID="U">Update</value>
			</valueMap>
		</field>
		<field title="Update user" name="UPDUSR" length="30"  type="text" escapeHTML="true"      canEdit="false" width="100" align="left" cellAlign="left" detail="true"></field>
	    <field title="Note" name="NOTE"  type="text" escapeHTML="true"       canEdit="false" length="500" align="left" cellAlign="left" detail="false"></field>
	</fields>
	<serverObject lookupStyle="new" className="it.ccg.pamp.server.dmi.StandardDMI"/>
	<operationBindings>
	<operationBinding operationType="update" requiresRole="user"></operationBinding>
	<operationBinding operationType="delete" requiresRole="user"></operationBinding>
	<operationBinding operationType="add" requiresRole="user"></operationBinding>

		<operationBinding  operationType="fetch">
			<whereClause><![CDATA[ 
          pmptinstr.DIVISCODE='D'  AND ($defaultWhereClause)
          ]]>
			</whereClause>
		</operationBinding>
	</operationBindings>
</DataSource>