<DataSource 
	  
	tableName="pmptmar"
	ID="pmptmar_ed"
	dataSourceVersion="1"
	serverType="sql"
>
	<fields>
	<field title="Instrument name" customSQL="true" tableName="pmpvmar" name="INSTRNAME"  type="text" escapeHTML="true"      canFilter="true" width="100" align="left" cellAlign="left" detail="false" canEdit="false"></field>
		<field title="Instrument ID" name="INSTRID" type="integer" filterOperator="equals" primaryKey="true" width="80"  canEdit="false" align="left" cellAlign="left" detail="true"></field>
		<field title="Instr. code" name="CLASSCODE" customSQL="true" tableName="pmpvmar" length="30"  type="text" escapeHTML="true"      width="70" canEdit="false" detail="true" align="left" cellAlign="left"></field>
		<field title="Valid date" name="INIVDATE"  type="datetime" width="100" canEdit="true" detail="false" align="left" cellAlign="left"></field>
		<field title="End date" name="ENDVDATE"  required="true" type="datetime"   width="90" canEdit="true" align="left" cellAlign="left" detail="false"></field>
		<field title="Send date" name="SENDDATE" required="true" type="datetime" width="100" canEdit="true" align="left" cellAlign="left" detail="false"></field>
		<field title="Status" name="STATUS" length="1" type="enum" width="60" canEdit="false" align="left" cellAlign="left" detail="false">
	        <valueMap>  
				<value ID="E">Enabled</value>
				<value ID="X">Error</value>  
				<value ID="D">Disabled</value> 
 			</valueMap> 
   		</field>
   		<field title="Curr.var.type" name="CRVARTYPE" type="enum" editorType="ComboBoxItem" length="1" width="70"  canEdit="false" align="left" cellAlign="left" detail="true">
		       <valueMap>  
				<value ID="L">Logarithmic</value>
				<value ID="P">Percentual</value> 
				</valueMap> 
		</field>
   		<field title="Curr. HP" name="CRNV" type="integer" filterOperator="equals" width="50"  canEdit="false" align="left" cellAlign="left" detail="true"></field>
   		<field title="Cur.per(days)" name="CRNDAYSPER" type="integer" filterOperator="equals" width="80"  canEdit="false" align="left" cellAlign="left" detail="true"></field>
   		<field title="Cur.cover" name="CRCOVER" type="float" filterOperator="equals" width="63" canEdit="false"  editorType="TextItem" filterEditorType="SpinnerItem"  align="left" cellAlign="left" detail="false"></field>
		<field title="Cur.mar." name="CRMARGIN" type="float" filterOperator="equals" width="63"  editorType="TextItem" filterEditorType="SpinnerItem"  canEdit="false" align="left" cellAlign="left" detail="false"></field>
		<field title="An.mar." name="ANMARGIN" type="float" filterOperator="equals" width="50"  editorType="TextItem" filterEditorType="SpinnerItem"  canEdit="false" align="left" cellAlign="left" detail="false"></field>
		<field title="An.cov." name="ANCOVER" type="float" filterOperator="equals" width="60"  editorType="TextItem" filterEditorType="SpinnerItem"  canEdit="false" align="left" cellAlign="left" detail="false"></field>
		<field title="An.per(days)" name="ANNDAYSPER" type="integer" filterOperator="equals" width="80"  canEdit="false" align="left" cellAlign="left" detail="true"></field>
		<field title="An. HP" name="ANNV" type="integer" filterOperator="equals" width="50"  canEdit="false" align="left" cellAlign="left" detail="true"></field>
		<field title="An.var.type" name="ANVARTYPE" type="enum" editorType="ComboBoxItem" length="1" width="70"  canEdit="false" align="left" cellAlign="left" detail="true">
		       <valueMap>  
				<value ID="L">Logarithmic</value>
				<value ID="P">Percentual</value> 
				</valueMap> 
		</field>
		<field title="User mar." name="USERMARGIN" type="float" filterOperator="equals" width="70" canEdit="true"  editorType="TextItem" filterEditorType="SpinnerItem"  required="true" align="left" cellAlign="left" detail="false">
		<validators>
				<validator type="floatRange" min="0" max="1" errorMessage="Must be between 0 and 1. Ex. 99.5% is 0.995"/>
			</validators>
		</field>
		<field title="Curr.min." name="CRMINMAR" type="float" filterOperator="equals" width="65" canEdit="false" align="left" cellAlign="left" detail="true" hidden="true"></field>
		<field title="An.min.mar." name="ANMINMAR" type="float" filterOperator="equals" width="65" canEdit="false" align="left" cellAlign="left" detail="true" hidden="true"></field>
		<field title="User.min." name="USERMINMAR" type="float" filterOperator="equals" width="65"  editorType="TextItem" filterEditorType="SpinnerItem"  canEdit="true" required="true" align="left" cellAlign="left" detail="true"  hidden="true"></field>
		<field title="Analysis date" name="ANDATE"  type="datetime" displayFormat="toEuropeanShortDate"  width="80" canEdit="false" align="left" cellAlign="left" detail="false"></field>
		<field title="Prop.cov." name="PROPCOVER" type="float" filterOperator="equals" width="65" canEdit="false"   editorType="TextItem" filterEditorType="SpinnerItem"  align="left" cellAlign="left" detail="false"></field>
		<field title="Prop.mar." name="PROPMARGIN" type="float" filterOperator="equals" width="65" canEdit="false"  editorType="TextItem" filterEditorType="SpinnerItem"  align="left" cellAlign="left" detail="false"></field>			
		<field title="Prop.min.mar." name="PROPMINMAR" type="float" filterOperator="equals" width="65" canEdit="false"  editorType="TextItem" filterEditorType="SpinnerItem"  align="left" cellAlign="left" detail="true"  hidden="true"></field>	
		<field title="Approval" name="APPROVAL" length="1" type="enum" width="100" canEdit="false" align="left" cellAlign="left" detail="false">
	        <valueMap>  
				<value ID="A">Subm. for appr.</value>  
				<value ID="W">Working</value>
				<value ID="R">Rejected</value>     
 			</valueMap> 
   		</field>	
   		<field title="Propose" name="PROPOSE" length="1" type="enum" width="85" canEdit="true" align="left" cellAlign="left" detail="false">
	        <valueMap>  
				<value ID="C">Change</value>  
				<value ID="L">Leave</value>     
 			</valueMap> 
   		</field>	
   		<field title="Motivation" name="RCCODE" type="integer" filterOperator="equals" width="100%" editorType="SelectItem"  filterEditorType="SelectItem"  canEdit="true" align="left" cellAlign="left" detail="false"></field>
   		<field title="Comment" name="COMMENT" length="500"  type="text" escapeHTML="true"      canEdit="true" align="left" cellAlign="left" detail="true"></field>
   		<field title="Update date" name="UPDDATE" type="datetime" dwidth="100" editorType="TextItem" align="left" cellAlign="left" canEdit="false" detail="true"></field>
		<field title="Update type" name="UPDTYPE"  type="text" escapeHTML="true"      canEdit="false" length="1" width="100" align="left" cellAlign="left" detail="true">
           <valueMap>
				<value ID="C">Create</value>
				<value ID="U">Update</value>
			</valueMap>
		</field>
		<field title="Update user" name="UPDUSR" length="30"  type="text" escapeHTML="true"      canEdit="false" width="100" align="left" cellAlign="left" detail="true"></field>
	  <field customSQL="true" tableName="pmpvmar" title="Division" name="DIVISCODE" length="30"  type="text" escapeHTML="true"      width="100" align="left" cellAlign="left" detail="true">
	    <valueMap>
			<value ID="E">Equities</value>
				<value ID="D">Eq.derivates</value>
				<value ID="I">Infl.bond</value>
				<value ID="O">Bond</value> 
				 <value ID="B">I.R. Nodes</value>
				<value ID="L">Elect.derivates</value>
				<value ID="X">Indices</value>
				<value ID="C">Currency</value>
<value ID="Y">Comparable</value>
<value ID="H">Haircut</value>
			</valueMap>
	    </field>
        <field title="Curr. log." name="CRLOG" length="200"  type="text" escapeHTML="true"      canEdit="true" align="left" cellAlign="left" detail="true"></field>
        <field title="An. log." name="ANLOG" length="200"  type="text" escapeHTML="true"      canEdit="false" align="left" cellAlign="left" detail="true"></field>
        <field title="Prop. log." name="PROPLOG" length="200"  type="text" escapeHTML="true"      canEdit="false" align="left" cellAlign="left" detail="true"></field>
  	    <field title="Custom" name="CUSTOM"  type="text" escapeHTML="true"      canEdit="true" length="1" width="70" align="left" cellAlign="left" detail="false">
           <valueMap>
				<value ID="T">True</value>
				<value ID="F">False</value>
			</valueMap>
		</field> <field title="Curr. first hist. date" name="CRFRSTHISD" type="datetime"  width="100" editorType="TextItem" align="left" cellAlign="left" canEdit="false" detail="true"></field>
  	    <field title="An. first hist. date" name="ANFRSTHISD" type="datetime"  width="100" editorType="TextItem" align="left" cellAlign="left" canEdit="false" detail="false"></field>
  	    <field title="Curr. last hist. date" name="CRLASTHISD" type="datetime"  width="100" editorType="TextItem" align="left" cellAlign="left" canEdit="false" detail="true"></field>
  	    <field title="An. last hist. date" name="ANLASTHISD" type="datetime"  width="100" editorType="TextItem" align="left" cellAlign="left" canEdit="false" detail="true"></field>
  	    <field title="User diff." name="CHUSRMAR" type="float"  tableName="pmpvmar" customSQL="true" filterOperator="equals" width="65" canEdit="false" align="left" cellAlign="left" detail="false" ></field>
		<field title="An. diff." name="CHANMAR" type="float"  tableName="pmpvmar" customSQL="true" filterOperator="equals" width="65" canEdit="false" align="left" cellAlign="left" detail="false" ></field>
		<field title="Working min. mar." name="WORKMINMAR" customSQL="true" tableName="pmpvmar" type="float" filterOperator="equals" width="92" canEdit="false" align="left" cellAlign="left" detail="true" ></field>
		<field title="Working from" name="WORKFROMDT" customSQL="true" tableName="pmpvmar" type="datetime"  width="100" editorType="TextItem" align="left" cellAlign="left" canEdit="false" detail="true"></field>
		<field title="Mar. change" name="CHMAR" type="float" customSQL="true" tableName="pmpvmar" filterOperator="equals" width="72" canEdit="false" align="left" cellAlign="left" detail="true" ></field>
		<field title="Min. mar. change" name="CHMINMAR" customSQL="true" tableName="pmpvmar" type="float" filterOperator="equals" width="90" canEdit="false" align="left" cellAlign="left" detail="true" ></field>
		 <field title="Working mar." name="WORKMAR" customSQL="true" tableName="pmpvmar" type="float" filterOperator="equals" width="85" canEdit="false" align="left" cellAlign="left" detail="false" ></field>
		
		<field title="Cur.mar.buffer" name="CRMARBUFF" type="float" filterOperator="equals" width="100" canEdit="false"  align="left" cellAlign="left" detail="true"></field>
		<field title="An.mar.buffer" name="ANMARBUFF" type="float" filterOperator="equals" width="100" canEdit="false"  align="left" cellAlign="left" detail="true"></field>
		<field title="Cur.not buffered mar." name="CRNBMAR" type="float" filterOperator="equals" width="100" canEdit="false"  align="left" cellAlign="left" detail="true"></field>
		<field title="An.not buffered mar." name="ANNBMAR" type="float" filterOperator="equals" width="100" canEdit="false"  align="left" cellAlign="left" detail="true"></field>
		 <field title="Cur.cap." name="CRCAP"  type="text" escapeHTML="true"      canEdit="true" length="1" width="70" align="left" cellAlign="left" detail="true">
           <valueMap>
				<value ID="H">Sup.cap.</value>
				<value ID="L">Inf.cap.</value>
				<value ID="D">Der.cap.</value>
			</valueMap>
		</field>
		 <field title="An.cap." name="ANCAP"  type="text" escapeHTML="true"      canEdit="true" length="1" width="70" align="left" cellAlign="left" detail="true">
           <valueMap>
				<value ID="H">Sup.cap.</value>
				<value ID="L">Inf.cap.</value>
				<value ID="D">Der.cap.</value>
			</valueMap>
		</field>
   	</fields>
  	<serverObject lookupStyle="new" className="it.ccg.pamp.server.dmi.StandardDMI"/>
  	<operationBindings>
	<operationBinding operationType="update" requiresRole="user"></operationBinding>
	<operationBinding operationType="delete" requiresRole="user"></operationBinding>
	<operationBinding operationType="add" requiresRole="user"></operationBinding>
  
   <operationBinding operationType="fetch" 
      customValueFields="INSTRNAME,DIVISCODE,CHMAR,CHMINMAR,CHANMAR,CHUSRMAR,WORKMINMAR,WORKFROMDT,WORKMAR,ISINCODE,CLASSCODE"
       customCriteriaFields="INSTRNAME,DIVISCODE,CHANMAR,CHUSRMAR,WORKMAR,ISINCODE,CLASSCODE,WORKMINMAR,WORKFROMDT,CHMAR,CHMINMAR">  
       <selectClause>pmptmar.*,
       pmpvmar.WORKMAR, pmpvmar.WORKMINMAR,pmpvmar.WORKFROMDT,pmpvmar.CHMAR,pmpvmar.CHMINMAR,pmpvmar.CHANMAR as CHANMAR, pmpvmar.CHUSRMAR as CHUSRMAR,
       pmpvmar.CLASSCODE as CLASSCODE,pmpvmar.ISINCODE as ISINCODE,pmpvmar.DIVISCODE as DIVISCODE, pmpvmar.INSTRNAME AS INSTRNAME</selectClause>
       <tableClause>pmptmar, pmpvmar as pmpvmar</tableClause>  
       <whereClause><![CDATA[ pmpvmar.DIVISCODE = 'D' AND pmpvmar.INSTRID = pmptmar.INSTRID
       AND $defaultWhereClause]]></whereClause>  
    </operationBinding>           
       <operationBinding operationId="pmptmar_update_all_ed" operationType="update" requiresRole="user">  
         <whereClause><![CDATA[ instrid in (select instrid from pmptinstr where diviscode='D')]]></whereClause>  
    </operationBinding> 
 </operationBindings>  	
  
</DataSource>