 <DataSource 
	  
	tableName="pmptsstbip"
	ID="pmptsstbip"
	dataSourceVersion="1"
	serverType="sql"
>
	<fields>
	     <field title="Iteration num." name="ITER" type="integer" primaryKey="true" width="90" canEdit="false" canFilter="true" align="left" cellAlign="left" detail="false"></field>
		<field title="Instr. type" name="INSTRTYPE"  type="text" escapeHTML="true" primaryKey="true"  width="100%"   canEdit="false"  length="30"  align="left" cellAlign="left" detail="false"></field>
		 <field title="Stress test ID" name="STID" required="true" length="50" type="integer" filterOperator="equals" canEdit="true" filterEditorType="TextItem" width="80"  align="left" cellAlign="left" detail="false"></field>
	    <field title="Scenario" name="SCENARIO" required="true"  type="text" escapeHTML="true"      length="1"  canEdit="true" width="80" filterEditorType="SelectItem" align="left" cellAlign="left" detail="false">
	     <valueMap>
				<value ID="I">Increase</value>
				<value ID="D">Decrease</value>
			</valueMap>
	    </field>	
		 <field title="Stress Var. Coeff." name="VARCOEFF" required="true" type="float" filterOperator="equals" width="120"  align="left" cellAlign="left" canEdit="true" detail="false"></field>
		 <field title="XCOM haircut mult." name="XCMHCTMUL" required="true" type="float" filterOperator="equals" width="120"  align="left" cellAlign="left" canEdit="true" detail="false"></field>
	    <field title="Confidence offset" name="CONFOFF" required="true" type="float" filterOperator="equals" width="120" align="left" cellAlign="left"  canEdit="true" detail="false"></field>
	    <field title="Date to stress" name="HISTUPDDAY" type="date" customSelectExpression="CAST(HISTUPDDAY as DATE)" required="true" canEdit="true" customUpdateExpression="$values.HISTUPDDAY" width="110" align="left" cellAlign="left" detail="false"></field>
		<field title="Stress the most recent price" name="HISTUPDLST"   type="text" escapeHTML="true"  required="true"    canEdit="true" length="1" width="150" align="left" cellAlign="left" detail="false">
		 <valueMap>
				<value ID="T">True</value>
				<value ID="F">False</value>
			</valueMap>
		</field>
		<field title="Add. HP" name="ADDNV" required="true" length="50" type="integer" filterOperator="equals" canEdit="true" filterEditorType="TextItem" width="80"  align="left" cellAlign="left" detail="false"></field>
		<field title="Update date" name="UPDDATE" type="datetime" displayFormat="toEuropeanShortDateTime"  editorType="TextItem" align="left" cellAlign="left" canEdit="false" detail="true"></field>
		<field title="Update type" name="UPDTYPE"  type="text" escapeHTML="true"      canEdit="false" length="1"  align="left" cellAlign="left" detail="true">
           <valueMap>
				<value ID="C">Create</value>
				<value ID="U">Update</value>
			</valueMap>
		</field>
		<field title="Update user" name="UPDUSR" length="30"  type="text" escapeHTML="true"      canEdit="false"  align="left" cellAlign="left" detail="true"></field>
</fields>
	<serverObject lookupStyle="new" className="it.ccg.pamp.server.dmi.StandardDMI"/>
   <operationBindings>
	<operationBinding operationType="update" requiresRole="user"></operationBinding>
	<operationBinding operationType="delete" requiresRole="user"></operationBinding>
	<operationBinding operationType="add" requiresRole="user"></operationBinding>
	 <operationBinding operationId="pmptsstbip_fetch_desc_bo" operationType="fetch">  
       <orderClause>ITER DESC </orderClause> 
      </operationBinding>  
	 <operationBinding operationId="pmptsstbip_fetch_asc_bo" operationType="fetch">  
       <orderClause>ITER ASC </orderClause> 
      </operationBinding>  
      <operationBinding operationId="pmptsstbip_update_iteration" operationType="update">  
       <customSQL><![CDATA[
				UPDATE pmptsstbip i
                SET ITER=(select count(i1.iter) from pmptsstbip i1   where i1.ITER<=i.iter and i1.INSTRTYPE=i.INSTRTYPE group by i1.instrtype)
		 ]]> </customSQL>
      </operationBinding>   
    
	</operationBindings>
	
</DataSource>