<DataSource 
	  
	tableName="pmptmar"
	ID="pmptmar_bo"
	dataSourceVersion="1"
	serverType="sql"
>
	<fields>
	<field title="Instrument name" customSQL="true" tableName="pmptinstr" name="INSTRNAME"  type="text" escapeHTML="true"      canFilter="true" width="100" align="left" cellAlign="left" detail="false" canEdit="false"></field>
		<field title="Instrument ID" name="INSTRID" type="integer" filterOperator="equals" primaryKey="true" width="80"  canEdit="false" align="left" cellAlign="left" detail="true"></field>
		<field title="Class ID" name="CLASSID" type="integer" filterOperator="equals" cellAlign="left" width="100" align="left" detail="true"></field>
		<field title="Class" customSQL="true" tableName="pmptclass" name="CLASSDESC"  type="text" escapeHTML="true"      canFilter="true" width="70" align="left" cellAlign="left" detail="false" canEdit="false"></field>
		<field title="Valid date" name="INIVDATE"  type="datetime" displayFormat="toEuropeanShortDate"  width="60" canEdit="true" align="left" cellAlign="left" detail="false"></field>
		<field title="End date" name="ENDVDATE"  type="datetime" displayFormat="toEuropeanShortDate"  width="60" canEdit="true" align="left" cellAlign="left" detail="false"></field>
		<field title="Send date" name="SENDDATE"  type="datetime" displayFormat="toEuropeanShortDateTime"  width="100" canEdit="true" align="left" cellAlign="left" detail="false"></field>
		<field title="Status" name="STATUS" length="1" type="enum" width="50" canEdit="true" align="left" cellAlign="left" detail="false">
	        <valueMap>  
				<value ID="E">Enabled</value>  
				<value ID="D">Disabled</value> 
 			</valueMap> 
   		</field>
   		<field title="Curr.var.type" name="CURRVARTYPE" primaryKey="true" type="enum" editorType="ComboBoxItem" length="1" width="70"  canEdit="false" align="left" cellAlign="left" detail="true">
				<valueMap>  
				<value ID="L">Logarithmic</value>
				<value ID="P">Percentual</value> 
				</valueMap> 
		</field>
   		<field title="Curr. HP" name="CURRNV" type="integer" filterOperator="equals" width="50"  canEdit="false" align="left" cellAlign="left" detail="true"></field>
   		<field title="Cur.per(days)" name="CURRNDAYSPER" type="integer" filterOperator="equals" width="80"  canEdit="false" align="left" cellAlign="left" detail="true"></field>
   		<field title="Curr.cover" name="CURRCOVER" type="float" filterOperator="equals" width="70" canEdit="false" align="left" cellAlign="left" detail="true"></field>
		<field title="Cur.mar." name="CURRMARGIN" type="float" filterOperator="equals" width="70" canEdit="false" align="left" cellAlign="left" detail="true"></field>
		<field title="An.mar." name="ANMARGIN" type="float" filterOperator="equals" width="70" canEdit="false" align="left" cellAlign="left" detail="false"></field>
		<field title="An.cov." name="ANCOVER" type="float" filterOperator="equals" width="70" canEdit="false" align="left" cellAlign="left" detail="false"></field>
		<field title="An.per(days)" name="ANNDAYSPER" type="integer" filterOperator="equals" width="80"  canEdit="false" align="left" cellAlign="left" detail="true"></field>
		<field title="An. HP" name="ANNV" type="integer" filterOperator="equals" width="50"  canEdit="false" align="left" cellAlign="left" detail="true"></field>
		<field title="An.var.type" name="ANVARTYPE" primaryKey="true" type="enum" editorType="ComboBoxItem" length="1" width="70"  canEdit="false" align="left" cellAlign="left" detail="true">
		        <valueMap>  
				<value ID="L">Logarithmic</value>
				<value ID="P">Percentual</value> 
				</valueMap> 
		</field>
		<field title="User mar." name="USERMARGIN" type="float" filterOperator="equals" width="60" canEdit="true" editorType="TextItem" filterEditorType="SpinnerItem" required="true" align="left" cellAlign="left" detail="false">
		<validators>
				<validator type="floatRange" min="0" max="1" errorMessage="Must be between 0 and 1. Ex. 99.5% is 0.995"/>
		</validators>
		</field>
		<field title="Curr.min." name="CURRMINMAR" type="float" filterOperator="equals" width="80" canEdit="false" align="left" cellAlign="left" detail="true"></field>
		<field title="An.min.mar." name="ANMINMAR" type="float" filterOperator="equals" width="50" canEdit="false" align="left" cellAlign="left" detail="false"></field>
		<field title="User.min." name="USERMINMAR" type="float" filterOperator="equals" editorType="TextItem" filterEditorType="SpinnerItem" width="50" canEdit="true" required="true" align="left" cellAlign="left" detail="false">
		<validators>
				<validator type="isFloat" errorMessage="Must be a valid decimal" />
			</validators>
		</field>
		<field title="Analysis date" name="ANDATE"  type="datetime" displayFormat="toEuropeanShortDate"  width="80" canEdit="true" align="left" cellAlign="left" detail="false"></field>
		<field title="Prop.cov." name="PROPCOVER" type="float" filterOperator="equals" width="80" canEdit="false"  align="left" cellAlign="left" detail="false"></field>
		<field title="Prop.mar." name="PROPMARGIN" type="float" filterOperator="equals" width="80" canEdit="false"  align="left" cellAlign="left" detail="false"></field>			
		<field title="Prop.min.mar." name="PROPMINMAR" type="float" filterOperator="equals" width="80" canEdit="false"  align="left" cellAlign="left" detail="false"></field>	
		<field title="Approval" name="APPROVAL" length="1" type="enum" width="65" canEdit="false" align="left" cellAlign="left" detail="false">
	         <valueMap>  
				<value ID="A">Subm. for appr.</value>  
				<value ID="W">Working</value>
				<value ID="R">Rejected</value>     
 			</valueMap> 
   		</field>	
   		<field title="Motivation" name="RCCODE" type="integer" filterOperator="equals" editorType="SelectItem" filterEditorType="SelectItem" width="100%"  canEdit="true" align="left" cellAlign="left" detail="true"></field>
   		<field title="Propose" name="PROPOSE" length="1" type="enum" width="55" canEdit="false" align="left" cellAlign="left" detail="false">
	        <valueMap>  
				<value ID="C">Change</value>  
				<value ID="L">Leave</value>     
 			</valueMap> 
   		</field>	
   		<field title="Comment" name="COMMENT" length="500"  type="text" escapeHTML="true"      canEdit="true" align="left" cellAlign="left" detail="true"></field>
   		<field title="Update date" name="UPDDATE" type="datetime" displayFormat="toEuropeanShortDateTime" width="100" editorType="TextItem" align="left" cellAlign="left" canEdit="false" detail="true"></field>
		<field title="Update type" name="UPDTYPE"  type="text" escapeHTML="true"      canEdit="false" length="1" width="100" align="left" cellAlign="left" detail="true">
           <valueMap>
				<value ID="C">Create</value>
				<value ID="U">Update</value>
			</valueMap>
		</field>
		<field title="Update user" name="UPDUSR" length="30"  type="text" escapeHTML="true"      canEdit="false" width="100" align="left" cellAlign="left" detail="true"></field>
	     <field customSQL="true" tableName="pmptinstr" title="Division" name="DIVISCODE" length="30"  type="text" escapeHTML="true"      width="100" align="left" cellAlign="left" detail="true">
	      <valueMap>
			<value ID="E">Equities</value>
				<value ID="D">Eq.derivates</value>
				<value ID="I">Infl.bond</value>
				<value ID="O">Bond</value> 
				 <value ID="B">I.R. Nodes</value>
				<value ID="L">Elect.derivates</value>
				<value ID="X">Indices</value>
				<value ID="C">Currency</value>
<value ID="Y">Comparable</value>
<value ID="H">Haircut</value>
			</valueMap>
	     </field>
        <field title="Curr. log." name="CRLOG" length="200"  type="text" escapeHTML="true"      canEdit="true" align="left" cellAlign="left" detail="true"></field>
        <field title="An. log." name="ANLOG" length="200"  type="text" escapeHTML="true"      canEdit="true" align="left" cellAlign="left" detail="true"></field>
        <field title="Prop. log." name="PROPLOG" length="200"  type="text" escapeHTML="true"      canEdit="true" align="left" cellAlign="left" detail="true"></field>
  	
  	</fields>
  	<serverObject lookupStyle="new" className="it.ccg.pamp.server.dmi.StandardDMI"/>
  	<operationBindings>
	<operationBinding operationType="update" requiresRole="user"></operationBinding>
	<operationBinding operationType="delete" requiresRole="user"></operationBinding>
	<operationBinding operationType="add" requiresRole="user"></operationBinding>
  
      <operationBinding operationType="fetch" 
      customValueFields="INSTRNAME,DIVISCODE" customCriteriaFields="INSTRNAME,DIVISCODE">  
       <selectClause>pmptmar.*, pmptinstr.DIVISCODE as DIVISCODE, pmptinstr.INSTRNAME AS INSTRNAME,pmptclass.CLASSDESC AS CLASSDESC</selectClause>
       <tableClause>pmptmar, pmptinstr ,pmptclass</tableClause>  
       <whereClause><![CDATA[pmptinstr.INSTRID = pmptmar.INSTRID AND pmptinstr.DIVISCODE = 'B' AND pmptmar.CLASSID=	pmptclass.CLASSID AND $defaultWhereClause]]></whereClause>  
    </operationBinding>       
 </operationBindings>  	
  
</DataSource>