<DataSource 
	  
	tableName="pmptanreg"
	ID="pmptan"
	dataSourceVersion="1"
	serverType="sql"
>
	<fields>
	<field title="Analysis date" name="ANDATE" type="datetime"  width="120" displayFormat= "toEuropeanShortDateTime" canEdit="false" align="left" cellAlign="left" detail="false"></field>
		<field title="Analysis id" name="ANCODE" type="sequence" primaryKey="true" canEdit="false"  width="120" align="left" cellAlign="left" detail="true"></field>
	 	<field title="Comment" name="COMMENT" length="600"  type="text" escapeHTML="true"      width="100%" canEdit="true" align="left" cellAlign="left" detail="false"></field>
	    <field title="Update date" name="UPDDATE" type="datetime" displayFormat="toEuropeanShortDateTime" width="100" editorType="TextItem" align="left" cellAlign="left" canEdit="false" detail="true"></field>
		<field title="Update type" name="UPDTYPE"  type="text" escapeHTML="true"      canEdit="false" length="1" width="100" align="left" cellAlign="left" detail="true">
           <valueMap>
				<value ID="C">Create</value>
				<value ID="U">Update</value>
			</valueMap>
		</field>
		<field title="Update user" name="UPDUSR" length="30"  type="text" escapeHTML="true"      canEdit="false" width="100" align="left" cellAlign="left" detail="true"></field>
</fields>
  	 <serverObject lookupStyle="new" className="it.ccg.pamp.server.dmi.StandardDMI"/>
  	 <operationBindings>
	<operationBinding operationType="update" requiresRole="user"></operationBinding>
	<operationBinding operationType="delete" requiresRole="user"></operationBinding>
	<operationBinding operationType="add" requiresRole="user"></operationBinding>
 </operationBindings>  	
</DataSource>