<DataSource 
	  
	tableName="pmpthisvol"
	ID="pmpthisvol_eq_selector"
	dataSourceVersion="1"
	serverType="sql"
>
	<fields>
		<field title="Instrument ID" name="INSTRID" type="integer" filterOperator="equals" width="100" detail="true"></field>
		<field  title="Instrument name" name="INSTRNAME"  length="255"  type="text" escapeHTML="true"      detail="false"></field>
		<field title="Instr. code" name="CLASSCODE" length="30"  type="text" escapeHTML="true"      width="100" detail="false"></field>
		<field title="Reuters code" name="RICCODE" length="30"  type="text" escapeHTML="true"      width="100" detail="true"></field>
		<field title="ISIN code" name="ISINCODE" length="12"  type="text" escapeHTML="true"      width="100" detail="true"></field>
		<field title="N.Days" name="MEMBERS" type="integer" filterOperator="equals" width="60" detail="false"></field>
		<field title="First date" name="FIRSTDATE" type="datetime" displayFormat= "toEuropeanShortDate" width="70" detail="false"></field>
		<field title="Last date" name="LASTDATE" type="datetime" displayFormat= "toEuropeanShortDate" width="70" detail="false"></field>
  </fields>
  	<operationBindings>
	<operationBinding operationType="update" requiresRole="user"></operationBinding>
	<operationBinding operationType="delete" requiresRole="user"></operationBinding>
	<operationBinding operationType="add" requiresRole="user"></operationBinding>

		<operationBinding operationType="fetch">
		  <customSQL>
			SELECT S.INSTRID, S.INSTRNAME, S.CLASSCODE, S.RICCODE, S.ISINCODE,
			COUNT(H.VOLADATE) AS MEMBERS, MIN(H.VOLADATE) AS FIRSTDATE,
			MAX(H.VOLADATE) AS LASTDATE
			FROM PMPTINSTR S 
			LEFT OUTER JOIN PMPTHISVOL H ON S.INSTRID = H.INSTRID
			WHERE S.DIVISCODE='E' 
			AND H.PROGEXP=1
			AND PC='C'
			GROUP BY S.INSTRID, S.INSTRNAME, S.CLASSCODE, S.RICCODE, S.ISINCODE
		  </customSQL>
		</operationBinding>		
	</operationBindings>
</DataSource>







