<DataSource 
	  
	tableName="pmpttyp"
	ID="pmpttyp"
	dataSourceVersion="1"
	serverType="sql">
	<fields>
		<field title="Instr. type" name="INSTRTYPE" canEdit="true" required="true" primaryKey="true" length="30"  type="text" escapeHTML="true"      width="100" detail="false"></field>
		<field title="Type description" name="TYPEDESC" canEdit="true" length="255"  type="text" escapeHTML="true"      detail="false"></field>
		<field title="Update date" name="UPDDATE" type="datetime"  width="100" editorType="TextItem" align="left" cellAlign="left" canEdit="false" detail="true"></field>
		<field title="Update type" name="UPDTYPE"  type="text" escapeHTML="true"      canEdit="false" length="1" width="100" align="left" cellAlign="left" detail="true">
           <valueMap>
				<value ID="C">Create</value>
				<value ID="U">Update</value>
			</valueMap>
		</field>
		<field title="Update user" name="UPDUSR" length="30"  type="text" escapeHTML="true"      canEdit="false" width="100" align="left" cellAlign="left" detail="true"></field>
	</fields>
  	<serverObject lookupStyle="new" className="it.ccg.pamp.server.dmi.StandardDMI"/>
  	<operationBindings>
	<operationBinding operationType="update" requiresRole="user"></operationBinding>
	<operationBinding operationType="delete" requiresRole="user"></operationBinding>
	<operationBinding operationType="add" requiresRole="user"></operationBinding>
	<operationBinding operationId="pmpttyp_fetch_ssdf" operationType="fetch" >
     <selectClause>distinct pmpttyp.INSTRTYPE, pmpttyp.TYPEDESC</selectClause>  
       <tableClause>pmpttyp as pmpttyp, pmptinstr as pmptinstr</tableClause>  
       <whereClause><![CDATA[(pmptinstr.diviscode='D') and pmpttyp.INSTRTYPE = pmptinstr.INSTRTYPE 
       and pmpttyp.INSTRTYPE='FE'
       AND $defaultWhereClause]]></whereClause>  
    </operationBinding>
	<operationBinding operationId="pmpttyp_fetch_boselection" operationType="fetch" >
	 <selectClause>distinct pmpttyp.INSTRTYPE, 
     case pmpttyp.TYPEDESC when 'Retail' then 'Retail-XCOM' when 'Govies ITA' then 'Govies ITA-XCOM' else pmpttyp.TYPEDESC END as TYPEDESC</selectClause>  
       <tableClause>pmpttyp as pmpttyp, pmptinstr as pmptinstr</tableClause>  
       <whereClause><![CDATA[(pmptinstr.diviscode='B'  or pmptinstr.DIVISCODE='O')  and pmpttyp.INSTRTYPE = pmptinstr.INSTRTYPE
       AND $defaultWhereClause]]></whereClause>  
    </operationBinding>
    <operationBinding operationId="pmpttyp_fetch_oboselection" operationType="fetch" >
     <selectClause>distinct pmpttyp.INSTRTYPE, 
     case pmpttyp.TYPEDESC when 'Retail' then 'Retail-XCOM' when 'Govies ITA' then 'Govies ITA-XCOM' else pmpttyp.TYPEDESC END as TYPEDESC</selectClause>  
       <tableClause>pmpttyp as pmpttyp, pmptinstr as pmptinstr</tableClause>  
       <whereClause><![CDATA[(pmptinstr.diviscode='O') and pmpttyp.INSTRTYPE = pmptinstr.INSTRTYPE
       AND $defaultWhereClause]]></whereClause>  
    </operationBinding>
    <operationBinding operationId="pmpttyp_fetch_micselection" operationType="fetch" >
	 <selectClause>distinct pmpttyp.INSTRTYPE, pmpttyp.TYPEDESC</selectClause>  
       <tableClause>pmpttyp as pmpttyp, pmptinstr as pmptinstr</tableClause>  
       <whereClause><![CDATA[pmptinstr.diviscode='M' and pmpttyp.INSTRTYPE = pmptinstr.INSTRTYPE
       AND $defaultWhereClause]]></whereClause>  
    </operationBinding>
	<operationBinding operationId="pmpttyp_fetch_eqselection" operationType="fetch" >
	 <selectClause>distinct pmpttyp.INSTRTYPE, pmpttyp.TYPEDESC</selectClause>  
       <tableClause>pmpttyp as pmpttyp, pmptinstr as pmptinstr</tableClause>  
       <whereClause><![CDATA[pmptinstr.diviscode='E' and pmpttyp.INSTRTYPE = pmptinstr.INSTRTYPE
       AND $defaultWhereClause]]></whereClause>  
    </operationBinding>
    <operationBinding operationId="pmpttyp_fetch_elselection" operationType="fetch" >
	 <selectClause>distinct pmpttyp.INSTRTYPE, pmpttyp.TYPEDESC</selectClause>  
       <tableClause>pmpttyp as pmpttyp, pmptinstr as pmptinstr</tableClause>  
       <whereClause><![CDATA[pmptinstr.diviscode='L' and pmpttyp.INSTRTYPE = pmptinstr.INSTRTYPE
       AND $defaultWhereClause]]></whereClause>  
    </operationBinding>
    <operationBinding operationId="pmpttyp_fetch_agxselection" operationType="fetch" >
	 <selectClause>distinct pmpttyp.INSTRTYPE, pmpttyp.TYPEDESC</selectClause>  
       <tableClause>pmpttyp as pmpttyp, pmptinstr as pmptinstr, pmptststp as pmptststp</tableClause>  
       <whereClause><![CDATA[pmptinstr.diviscode='W' and pmpttyp.INSTRTYPE = pmptinstr.INSTRTYPE and pmptststp.INSTRTYPE = pmpttyp.INSTRTYPE 
       AND $defaultWhereClause]]></whereClause>  
    </operationBinding>
    <operationBinding operationId="pmpttyp_fetch_eqeqderselection" operationType="fetch" >
	 <selectClause>distinct pmpttyp.INSTRTYPE, pmpttyp.TYPEDESC</selectClause>  
       <tableClause>pmpttyp as pmpttyp, pmptinstr as pmptinstr</tableClause>  
       <whereClause><![CDATA[(pmptinstr.diviscode='E' or pmptinstr.diviscode='D') and pmpttyp.INSTRTYPE = pmptinstr.INSTRTYPE
       AND $defaultWhereClause]]></whereClause>  
    </operationBinding>
     <operationBinding operationId="pmpttyp_fetch_eqindexselection" operationType="fetch" >
	 <selectClause>distinct pmpttyp.INSTRTYPE, pmpttyp.TYPEDESC</selectClause>  
       <tableClause>pmpttyp as pmpttyp, pmptinstr as pmptinstr</tableClause>  
       <whereClause><![CDATA[(pmptinstr.diviscode='E' or pmptinstr.diviscode='X') and pmpttyp.INSTRTYPE = pmptinstr.INSTRTYPE
       AND $defaultWhereClause]]></whereClause>  
    </operationBinding>
    <operationBinding operationId="pmpttyp_fetch_eqderindexselection" operationType="fetch" >
	 <selectClause>distinct pmpttyp.INSTRTYPE, pmpttyp.TYPEDESC</selectClause>  
       <tableClause>pmpttyp as pmpttyp, pmptinstr as pmptinstr</tableClause>  
       <whereClause><![CDATA[(pmptinstr.diviscode='D' or pmptinstr.diviscode='E' or pmptinstr.diviscode='X') and pmpttyp.INSTRTYPE = pmptinstr.INSTRTYPE
       AND $defaultWhereClause]]></whereClause>  
    </operationBinding>
	 <operationBinding operationId="pmpttyp_fetch_eqselection_OEKB" operationType="fetch" >
	 <selectClause>distinct pmpttyp.INSTRTYPE, pmpttyp.TYPEDESC</selectClause>  
       <tableClause>pmpttyp as pmpttyp, pmptinstr as pmptinstr</tableClause>  
       <whereClause><![CDATA[pmpttyp.INSTRTYPE='A'
       AND $defaultWhereClause]]></whereClause>  
    </operationBinding>
     <operationBinding operationId="pmpttyp_fetch_hcoekbselection" operationType="fetch" >
	 <selectClause>distinct pmpttyp.INSTRTYPE, pmpttyp.TYPEDESC</selectClause>  
       <tableClause>pmpttyp as pmpttyp</tableClause>  
       <whereClause><![CDATA[pmpttyp.INSTRTYPE='C'
       AND $defaultWhereClause]]></whereClause>  
    </operationBinding>
    <operationBinding operationId="pmpttyp_fetch_all" operationType="fetch" >
	 <selectClause>distinct pmpttyp.INSTRTYPE, pmpttyp.TYPEDESC</selectClause>  
       <tableClause>pmpttyp as pmpttyp, pmptinstr as pmptinstr</tableClause>  
       <whereClause><![CDATA[pmptinstr.instrtype=pmpttyp.instrtype AND $defaultWhereClause]]></whereClause>  
    </operationBinding>
    <operationBinding operationId="pmpttyp_fetch_hc" operationType="fetch" >
	 <selectClause>distinct pmpttyp.INSTRTYPE, pmpttyp.TYPEDESC</selectClause>  
       <tableClause>pmpttyp as pmpttyp, pmptinstr as pmptinstr</tableClause>  
       <whereClause><![CDATA[pmptinstr.instrtype=pmpttyp.instrtype AND pmptinstr.diviscode='H' and  $defaultWhereClause]]></whereClause>  
    </operationBinding>
 </operationBindings>  	
</DataSource>




