<DataSource    
tableName="pmpthiserr" 
ID="pmpthiserr" 
dataSourceVersion="1" 
serverType="sql">
	
	<fields>
		<field title="Instrument ID" name="INSTRID" type="integer"  canEdit="false" primaryKey="true" width="90" align="left" cellAlign="left" detail="false"></field>
		<field title="Price date" name="PRICEDATE" type="datetime" canEdit="false" primaryKey="true" width="90" align="left" cellAlign="left" detail="false"></field>
		<field title="Error type" name="ERRTYPE"  type="text" escapeHTML="true"  canEdit="false" primaryKey="true" length="1" width="100" align="left" cellAlign="left" detail="false">
			<valueMap>
				<value ID="MISS">Missing price</value> 
				<value ID="FLATPRICE">Same price</value>
				<value ID="LARGEVAR">Large variation</value>
			</valueMap>
		</field>
		<field title="Instrument name" name="INSTRNAME" customSQL="true" tableName="pmptinstr" length="80"  type="text" escapeHTML="true"  width="118" canEdit="false" detail="false" align="left" cellAlign="left"></field>
	 	<field title="Price" name="CLOSEPR" type="float" filterOperator="equals" width="60" canEdit="false" align="left" cellAlign="left" detail="false">
			<validators>
					<validator type="floatRange" min="0" errorMessage="Please enter a positive value"/>
	        </validators>
	    </field>
	 	<field title="Zscore" name="ZSCORE" type="float" filterOperator="equals" width="60" canEdit="false" align="left" cellAlign="left" detail="false"></field>
	 	<field title="Note" name="NOTE"  type="text" escapeHTML="true"  canEdit="true" length="255" width="80" align="left" cellAlign="left" detail="true"></field>
	 	<field title="Flat days" name="DAYSFLAT" type="integer"  canEdit="false" width="60" detail="false" align="left" cellAlign="left"></field>
		<field title="Accepted" name="ACCEPTED"  type="text" escapeHTML="true" canEdit="true" length="1" width="60" align="left" cellAlign="left" detail="false">
           <valueMap>
				<value ID="Y">Yes</value>
				<value ID="N">No</value>
			</valueMap>
		</field>	 
		<field title="Update date" name="UPDDATE" type="datetime" displayFormat="toEuropeanShortDateTime" width="100" editorType="TextItem" align="left" cellAlign="left" canEdit="false" detail="true"></field>
		<field title="Update type" name="UPDTYPE"  type="text" escapeHTML="true"      canEdit="false" length="1" width="100" align="left" cellAlign="left" detail="true">
           <valueMap>
				<value ID="C">Create</value>
				<value ID="U">Update</value>
			</valueMap>
		</field>
		<field title="Update user" name="UPDUSR" length="30"  type="text" escapeHTML="true"      canEdit="false" width="100" align="left" cellAlign="left" detail="true"></field>
	</fields>
	<serverObject lookupStyle="new" className="it.ccg.pamp.server.dmi.StandardDMI"/>
   <operationBindings>
	<operationBinding operationType="update" requiresRole="user"></operationBinding>
	<operationBinding operationType="delete" requiresRole="user"></operationBinding>
	<operationBinding operationType="add" requiresRole="user"></operationBinding>
	
     <operationBinding operationType="fetch" 
      customValueFields="INSTRNAME" 
      customCriteriaFields="INSTRNAME">  
       <selectClause>pmpthiserr.*,pmptinstr.INSTRNAME</selectClause>
       <tableClause>pmpthiserr, pmptinstr</tableClause>  
       <whereClause><![CDATA[pmpthiserr.instrid = pmptinstr.instrid
       AND $defaultWhereClause]]></whereClause>  
    </operationBinding>     
	</operationBindings>
	
</DataSource>