<DataSource 
	  
	tableName="pmptinstr"
	ID="pmptinstr_bo_bocov"
	serverType="sql"
>
	<fields>
		<field title="Instrument ID" name="INSTRID" type="integer" filterOperator="equals" primaryKey="true" canEdit="false"  width="100" detail="true"></field>
		<field  title="Instrument name" name="INSTRNAME"  length="255"  type="text" escapeHTML="true"      width="160" detail="false"></field>
		<field title="Instr. code" name="CLASSCODE" length="30"  type="text" escapeHTML="true"      width="70" detail="false"></field>
		<field title="Reuters code" name="RICCODE" length="30"  type="text" escapeHTML="true"      width="100" detail="true"></field>	
		<field title="ISIN code" name="ISINCODE" length="12"  type="text" escapeHTML="true"      width="100" detail="true"></field>
		<field title="Bloomberg code" name="BLOOMBCODE" length="30"  type="text" escapeHTML="true"      width="100" detail="true"></field>	
		<field title="Market" name="MARKETCODE" length="30"  type="text" escapeHTML="true"      width="70" editorType="ComboBoxItem" detail="false"></field>
		<field title="I.R.Node(days)" name="IRNODE" type="integer" filterOperator="equals" editorType="TextItem" filterEditorType="SpinnerItem" width="100" canEdit="true" align="left" cellAlign="left" detail="false">
		<validators>
				<validator type="isInteger" errorMessage="Must be a valid number" />
			</validators>
		</field>
  		<field title="I.R.Node desc." name="IRNODEDESC" length="3"  type="text" escapeHTML="true"      width="100" canEdit="true" align="left" cellAlign="left" detail="false"></field>
  		<field title="Segment" name="SGMCODE" length="24"  type="text" escapeHTML="true"      editorType="ComboBoxItem" width="70" detail="false"></field>
		<field title="List Name" name="LISTNAME" length="255"  type="text" escapeHTML="true"      width="100" detail="true"></field>
		<field title="Instr. type" name="INSTRTYPE" canEdit="true" editorType="ComboBoxItem" length="30" type="enum" width="70" detail="false"></field> 
  		<field title="Instr. sub-type" name="INSTRSTYPE"  type="text" escapeHTML="true"      canEdit="true" length="30"  width="100" detail="true"/> 
  		<field title="Currency" name="CURRENCY"  type="text" escapeHTML="true"      canEdit="true" length="3"  width="60" detail="true"/>
  		<field title="Division" name="DIVISCODE" length="30"  type="text" escapeHTML="true"      width="100" detail="true"> 
  		   <valueMap>  
				<value ID="E">Equities</value>
				<value ID="D">Eq.derivates</value>
				<value ID="I">Infl.bond</value>
				<value ID="O">Bond</value> 
				 <value ID="B">I.R. Nodes</value>
				<value ID="L">Elect.derivates</value>
				<value ID="X">Indices</value>
				<value ID="C">Currency</value>
<value ID="Y">Comparable</value>
<value ID="H">Haircut</value>
 			</valueMap> 
   		</field>		
   		<field title="Status" name="STATUS" length="1"  type="text" escapeHTML="true"      width="70" detail="false">
	        <valueMap>  
				<value ID="E">Enabled</value>  
				<value ID="A">Analysis only</value>   
				<value ID="D">Disabled</value>  
				<value ID="S">Delisted</value>
 			</valueMap> 
   		</field>   		
   		<field title="Note" name="NOTE" length="255"  type="text" escapeHTML="true"      detail="false"></field>
	</fields>
	
 <operationBindings>
	<operationBinding operationType="update" requiresRole="user"></operationBinding>
	<operationBinding operationType="delete" requiresRole="user"></operationBinding>
	<operationBinding operationType="add" requiresRole="user"></operationBinding>
  
      <operationBinding   
          operationId="pmptinstrbobocov_fetch"  operationType="fetch">  
          <tableClause>pmptinstr, pmptconf</tableClause>  
          <whereClause><![CDATA[pmptinstr.INSTRID = pmptconf.INSTRID 
                                AND	pmptinstr.DIVISCODE ='B'
	                            AND $criteria.filtercustom != pmptconf.DEFCONF
	                            AND($defaultWhereClause)]]>  
          </whereClause>  
          <groupClause>$defaultSelectClause</groupClause>  
          </operationBinding>  
          
     <operationBinding operationId="updatecovpanel" operationType="update" requiresRole="user">
		 <customSQL>
           UPDATE PMPTCONF AS C   
           SET 
           CONFIDENCE=(SELECT DEFCONFID  FROM PMPVCONFDF AS T1 WHERE C.NV=T1.NV AND C.NDAYSPER=T1.NDAYSPER AND C.INSTRID=T1.INSTRID),
           STATUS=(SELECT DEFSTATUS  FROM PMPVCONFDF  AS T2 WHERE  C.NV=T2.NV AND C.NDAYSPER=T2.NDAYSPER AND C.INSTRID=T2.INSTRID),
          DEFCONF='T'
          WHERE C.INSTRID=$values.INSTRID
         </customSQL>
	</operationBinding>
		
  </operationBindings>  	
	
</DataSource>