<DataSource 
	  
	tableName="pmptelstat"
	ID="pmptelstat"
	dataSourceVersion="1"
	serverType="sql"
>
	<fields>
	<field title="Instrument name" customSQL="true" tableName="pmptinstr" name="INSTRNAME"  type="text" escapeHTML="true"      editorType="ComboBoxItem" length="255" width="100%" align="left" cellAlign="left" detail="false" canEdit="false"></field>
	<field title="Instrument ID" name="INSTRID" primaryKey="true" type="integer" filterOperator="equals" editorType="TextItem" width="80" canEdit="false" align="left" cellAlign="left" detail="true"></field>
	<field title="Status" name="STATUS" length="1"  type="text" escapeHTML="true"      width="70" detail="false">
	        <valueMap>  
				<value ID="E">Enabled</value>  
				<value ID="A">Analysis only</value>   
				<value ID="D">Disabled</value>
 			</valueMap> 
   		</field>   		
	<field title="Var. type" name="VARTYPE" primaryKey="true"  type="text" escapeHTML="true"      editorType="ComboBoxItem" length="1" width="75"  canEdit="false" align="left" cellAlign="left" detail="false">
		       <valueMap>  
				<value ID="L">Logarithmic</value>
				<value ID="P">Percentual</value> 
				</valueMap> 
		</field>
		<field title="Mode" name="MODE" type="integer" filterOperator="equals" primaryKey="true" editorType="ComboBoxItem" width="100" canEdit="false" align="left" cellAlign="left" detail="false">
		 <valueMap>  
				<value ID="1">Last computation</value>
				<value ID="2">Last analysis</value> 
		</valueMap> 
		</field>
		<field title="Active" name="ACTIVE" type="integer" filterOperator="equals"  editorType="TextItem" filterEditorType="SpinnerItem"  width="64" canEdit="false" align="left" cellAlign="left" hidden="true"></field>
		<field title="Month" name="MONTH" type="integer" filterOperator="equals" primaryKey="true"  editorType="TextItem" filterEditorType="SpinnerItem"  width="64" canEdit="false" align="left" cellAlign="left" detail="false"></field>
		<field title="Average" name="AVERAGE" type="float" filterOperator="equals"  editorType="TextItem" filterEditorType="SpinnerItem"  width="70" canEdit="true" align="left" cellAlign="left" detail="false"></field>
		
		<field title="Prop. var." name="PROPVAR" type="float" filterOperator="equals"  editorType="TextItem" width="65" canEdit="false" align="left" cellAlign="left" detail="false"></field>
		<field title="Prop. year" name="PROPYEAR" type="integer" filterOperator="equals"  editorType="TextItem" width="65" canEdit="false" align="left" cellAlign="left" detail="false"></field>
		<field title="Nth. max. var." name="NTHMAX" type="integer" filterOperator="equals"  editorType="TextItem"  width="80" canEdit="false" align="left" cellAlign="left" detail="false"></field>
		
		<field title="St. dev." name="STDEV" type="float" filterOperator="equals"  editorType="TextItem" filterEditorType="SpinnerItem"  width="70" canEdit="true" align="left" cellAlign="left" detail="false"></field>
		<field title="Max." name="MAX" type="float" filterOperator="equals"  editorType="TextItem" filterEditorType="SpinnerItem"  width="66" canEdit="true" align="left" cellAlign="left" detail="false"></field>
		<field title="Min." name="MIN" type="float" filterOperator="equals"  editorType="TextItem" filterEditorType="SpinnerItem"  width="66" canEdit="true" align="left" cellAlign="left" detail="false"></field>
		<field title="Max.Year" name="MAXYEAR" type="integer" filterOperator="equals"  editorType="TextItem" filterEditorType="SpinnerItem"  width="64" canEdit="false" align="left" cellAlign="left" detail="false"></field>
		<field title="Numb. of years month maximum" name="CNTMAXEVNT" type="integer" filterOperator="equals"  editorType="TextItem" filterEditorType="SpinnerItem"  width="100" canEdit="false" align="left" cellAlign="left" detail="false"></field>
		<field title="Update date" name="UPDDATE" type="datetime" width="100" editorType="TextItem" align="left" cellAlign="left" canEdit="false" detail="true"></field>
		<field title="Update type" name="UPDTYPE"  type="text" escapeHTML="true"      canEdit="false" length="1" width="100" align="left" cellAlign="left" detail="true">
           <valueMap>
				<value ID="C">Create</value>
				<value ID="U">Update</value>
			</valueMap>
		</field>
		<field title="Update user" name="UPDUSR" length="30"  type="text" escapeHTML="true"      canEdit="false" width="100" align="left" cellAlign="left" detail="true"></field>
</fields>	    
<serverObject lookupStyle="new" className="it.ccg.pamp.server.dmi.StandardDMI"/>
	<operationBindings>
	<operationBinding operationType="update" requiresRole="user"></operationBinding>
	<operationBinding operationType="delete" requiresRole="user"></operationBinding>
	<operationBinding operationType="add" requiresRole="user"></operationBinding>
  
        <operationBinding operationType="fetch" 
         customValueFields="INSTRNAME" 
         customCriteriaFields="INSTRNAME">  
        <selectClause>
          pmptelstat.*, pmptinstr.INSTRNAME AS INSTRNAME
        </selectClause>
        <tableClause>pmptelstat, pmptinstr</tableClause>  
          <whereClause><![CDATA[
          pmptelstat.INSTRID=pmptinstr.INSTRID AND
           pmptinstr.DIVISCODE='L' AND
           ($defaultWhereClause)
          ]]>  
          </whereClause>  
     </operationBinding>  
  </operationBindings>  	    
	</DataSource>