<DataSource 
	  
	tableName="pmptminmar"
	ID="pmptminmar_elec"
	dataSourceVersion="1"
	serverType="sql"
>
	<fields>
	<field title="Instrument name" customSQL="true" tableName="pmptinstr" name="INSTRNAME"  type="text" escapeHTML="true"      canFilter="true" width="120" align="left" cellAlign="left" detail="false" canEdit="false"></field>
	<field title="Instrument ID" name="INSTRID" type="integer" filterOperator="equals" primaryKey="true" width="80"  canEdit="false" align="left" cellAlign="left" detail="true"></field>
	 <field title="Class" customSQL="true" tableName="pmptinstr" name="CLASSCODE"  type="text" escapeHTML="true"      canFilter="true" width="120" align="left" cellAlign="left" detail="false" canEdit="false"></field>
		<field title="Valid date" name="INIVDATE"  type="datetime"   width="100" canEdit="false" detail="false" align="left" cellAlign="left" hidden="true"></field>
		<field title="End date" name="ENDVDATE"  type="datetime"   width="90" canEdit="false" align="left" cellAlign="left" detail="false" hidden="true"></field>
		<field title="Send date" name="SENDDATE"  type="datetime"   width="100" canEdit="false" align="left" cellAlign="left" detail="false" hidden="true"></field>
		<field title="Status" name="STATUS" length="1" type="enum" width="60" canEdit="false" align="left" cellAlign="left" detail="false">
	        <valueMap>  
				<value ID="E">Enabled</value>  
				<value ID="X">Error</value>
				<value ID="D">Disabled</value> 
 			</valueMap> 
   		</field>
   		<!--<field title="Cur.min.mar." name="CRMINMARC" type="float" filterOperator="equals" width="70" canEdit="false"  editorType="TextItem" filterEditorType="SpinnerItem"  align="left" cellAlign="left" detail="false"></field>
   		--><field title="Math.min.mar." name="CRMINMARM" type="float" filterOperator="equals" width="75" canEdit="false"  editorType="TextItem" filterEditorType="SpinnerItem"  align="left" cellAlign="left" detail="true"></field>
   		<field title="An.min.mar." name="ANMINMAR" type="float" filterOperator="equals" width="70" canEdit="false"  editorType="TextItem" filterEditorType="SpinnerItem"  align="left" cellAlign="left" detail="false"></field>
   		<field title="Usr.min.mar." name="USRMINMAR" type="float" filterOperator="equals" width="70" canEdit="true"  editorType="TextItem" filterEditorType="SpinnerItem"  align="left" cellAlign="left" detail="false"></field>
   		<field title="Prop.min.mar." name="PROPMINMAR" type="float" filterOperator="equals" width="75" canEdit="false"  editorType="TextItem" filterEditorType="SpinnerItem"  align="left" cellAlign="left" detail="false"></field>
   		<field title="Analysis date" name="ANDATE"  type="datetime"   width="100" canEdit="false" align="left" cellAlign="left" detail="false"></field>
    	<field title="Approval" name="APPROVAL" length="1" type="enum" width="100" canEdit="false" align="left" cellAlign="left" detail="false">
	        <valueMap>  
				<value ID="A">Subm. for appr.</value>  
				<value ID="W">Working</value>
				<value ID="R">Rejected</value>     
 			</valueMap> 
   		</field>	
   		<field title="Propose" name="PROPOSE" length="1" type="enum" width="85" canEdit="true" align="left" cellAlign="left" detail="false">
	        <valueMap>  
				<value ID="C">Change</value>  
				<value ID="L">Leave</value>     
 			</valueMap> 
   		</field>	
   		 <field title="Custom" name="CUSTOM"  type="text" escapeHTML="true"      canEdit="true" length="1" width="70" align="left" cellAlign="left" detail="true">
           <valueMap>
				<value ID="T">True</value>
				<value ID="F">False</value>
			</valueMap>
		</field>
   		<field title="Motivation" name="RCCODE"  type="integer" filterOperator="equals" width="90" editorType="SelectItem"  filterEditorType="SelectItem"  canEdit="false" align="left" cellAlign="left" detail="false" ></field>
   		<field title="Comment" name="COMMENT" length="500"  type="text" escapeHTML="true"      canEdit="true" align="left" cellAlign="left" detail="false"></field>
   		<field title="Curr. log." name="CRLOG" length="200"  type="text" escapeHTML="true"      canEdit="true" align="left" cellAlign="left" detail="true"></field>
        <field title="An. log." name="ANLOG" length="200"  type="text" escapeHTML="true"      canEdit="false" align="left" cellAlign="left" detail="true"></field>
        <field title="Prop. log." name="PROPLOG" length="200"  type="text" escapeHTML="true"      canEdit="false" align="left" cellAlign="left" detail="true"></field>
        <field title="Update date" name="UPDDATE" type="datetime" displayFormat="toEuropeanShortDateTime" width="100" editorType="TextItem" align="left" cellAlign="left" canEdit="false" detail="true"></field>
		<field title="Update type" name="UPDTYPE"  type="text" escapeHTML="true"      canEdit="false" length="1" width="100" align="left" cellAlign="left" detail="true">
           <valueMap>
				<value ID="C">Create</value>
				<value ID="U">Update</value>
			</valueMap>
		</field>
		<field title="Update user" name="UPDUSR" length="30"  type="text" escapeHTML="true"      canEdit="false" width="100" align="left" cellAlign="left" detail="true"></field>
	    <field title="Working min. mar." name="WORKMINMAR" customSQL="true" tableName="pmpvminmar" type="float"  editorType="TextItem" filterEditorType="SpinnerItem"  filterOperator="equals" width="93" canEdit="false" align="left" cellAlign="left" detail="false" ></field>
		<field title="User diff." name="CHUSRMMAR" type="float"  tableName="pmpvminmar" customSQL="true" filterOperator="equals"   editorType="TextItem" filterEditorType="SpinnerItem"  width="65" canEdit="false" align="left" cellAlign="left" detail="false" ></field>
		<field title="An. diff." name="CHANMMAR" type="float" tableName="pmpvminmar"  customSQL="true" filterOperator="equals"  editorType="TextItem" filterEditorType="SpinnerItem"  width="65" canEdit="false" align="left" cellAlign="left" detail="false" ></field>
		<field title="Min. mar. change" name="CHMINMAR" type="float" tableName="pmpvminmar"  customSQL="true" filterOperator="equals"  editorType="TextItem" filterEditorType="SpinnerItem"  width="90" canEdit="false" align="left" cellAlign="left" detail="false" ></field>
		<field title="Curr. first hist. date" name="CRFRSTHISD" type="datetime"  width="100" editorType="TextItem" align="left" cellAlign="left" canEdit="false" detail="true"></field>
        <field title="An. first hist. date" name="ANFRSTHISD" type="datetime"  width="100" editorType="TextItem" align="left" cellAlign="left" canEdit="false" detail="false"></field>
        <field title="Curr. last hist. date" name="CRLASTHISD" type="datetime"  width="100" editorType="TextItem" align="left" cellAlign="left" canEdit="false" detail="true"></field>
        <field title="An. last hist. date" name="ANLASTHISD" type="datetime"  width="100" editorType="TextItem" align="left" cellAlign="left" canEdit="false" detail="true"></field>
</fields>
 	<serverObject lookupStyle="new" className="it.ccg.pamp.server.dmi.StandardDMI"/>
 <operationBindings>
	<operationBinding operationType="update" requiresRole="user"></operationBinding>
	<operationBinding operationType="delete" requiresRole="user"></operationBinding>
	<operationBinding operationType="add" requiresRole="user"></operationBinding>
  
     <operationBinding operationType="fetch" 
      customValueFields="INSTRNAME, CHANMMAR,CHUSRMMAR,WORKMINMAR,CLASSCODE,CHMINMAR" 
      customCriteriaFields="INSTRNAME, CHANMMAR,CHUSRMMAR,WORKMINMAR,CLASSCODE,CHMINMAR">  
       <selectClause>pmptminmar.*,
       pmpvminmar.WORKMINMAR AS WORKMINMAR,pmpvminmar.CHMINMAR, CHANMMAR,CHUSRMMAR,
        pmptinstr.INSTRNAME AS INSTRNAME,pmptinstr.CLASSCODE as CLASSCODE</selectClause>
       <tableClause>pmptminmar,pmptinstr as pmptinstr, pmpvminmar as pmpvminmar</tableClause>  
       <whereClause><![CDATA[pmpvminmar.INSTRID = pmptminmar.INSTRID AND 
       pmptinstr.INSTRID = pmptminmar.INSTRID AND
       pmptinstr.DIVISCODE = 'L' AND $defaultWhereClause
       ]]></whereClause>  
    </operationBinding>   
           
    <operationBinding operationId="pmptminmar_update_all" operationType="update" requiresRole="user">  
         <whereClause><![CDATA[ instrid in (select instrid from pmptinstr where diviscode='D')]]></whereClause>  
    </operationBinding>    
     <operationBinding operationId="pmptminmar_update_all_elec" operationType="update" requiresRole="user">  
         <whereClause><![CDATA[ instrid in (select instrid from pmptinstr where diviscode='L')]]></whereClause>  
    </operationBinding>    
  </operationBindings>  	
</DataSource>