<DataSource 
	  
	tableName="pmptststp"
	ID="pmptststp_agx"
	dataSourceVersion="1"
	serverType="sql"
>
	<fields>
		<field title="First date" name="HISTUPDDAY" type="datetime" displayFormat= "toEuropeanShortDateTime" width="110" detail="false"></field>
		<field title="Last date" name="HISTUPDLST"   type="text" escapeHTML="true"      canEdit="false" length="1" width="100" align="left" cellAlign="left" detail="false"></field>
		<field title="Var. type" name="INSTRTYPE"  type="text" escapeHTML="true"      canEdit="false" primaryKey="true" length="30" width="100" align="left" cellAlign="left" detail="false"></field>
		<field title="typedesc" name="TYPEDESC" customSQL="true" tableName="pmpttyp" length="50"  type="text" escapeHTML="true"      width="110" canEdit="false" detail="true" align="left" cellAlign="left"></field>
	   <field title="Pos. neg. var." name="PERIOD" type="integer" filterOperator="equals" width="80"  canEdit="false" detail="false"></field>
	    <field title="Pos. neg. var." name="LSTMNTREP" type="integer" filterOperator="equals" width="80"  canEdit="false" detail="false"></field>
		<field title="HP" name="NVVEC"  type="text" escapeHTML="true"       length="1000" canEdit="false" width="150" detail="false"></field>
		<field title="Min.corr.to purp." name="STDEVMULP" type="float" required="true" filterOperator="equals" width="80"  canEdit="false" detail="false"></field>
		<field title="Min.corr.to purp." name="MARMULP" type="float" required="true" filterOperator="equals" width="80"  canEdit="false" detail="false"></field>
		<field title="Pos. neg. var." name="EXTRSP" type="integer" required="true" filterOperator="equals" width="80"  canEdit="false" detail="false"></field>
		<field title="Pos. neg. var." name="EXTRNP" type="integer" required="true" filterOperator="equals" width="80"  canEdit="false" detail="false"></field>
		<field title="Gr.round.type" name="MARDERP"  type="text" escapeHTML="true"       length="1" canEdit="false" width="150" detail="false"></field>
		<field title="Gr.round.type" name="MARPROPP"  type="text" escapeHTML="true"      length="1" canEdit="false" width="150" detail="false"></field>
		<field title="Gr.round.type" name="METHOD"  type="text" escapeHTML="true"      length="100" canEdit="false" width="150" detail="false"></field>
		<field title="Min.corr.to purp." name="STDEVMULN" type="float" required="true" filterOperator="equals" width="80"  canEdit="false" detail="false"></field>
		<field title="Min.corr.to purp." name="VOLACOEFF" type="float" required="true" filterOperator="equals" width="80"  canEdit="false" detail="false"></field>
		<field title="Min.corr.to purp." name="MARMULN" type="float" required="true" filterOperator="equals" width="80"  canEdit="false" detail="false"></field>
		<field title="Pos. neg. var." name="EXTRSN" type="integer" required="true" filterOperator="equals" width="80"  canEdit="false" detail="false"></field>
		<field title="Pos. neg. var." name="EXTRNN" type="integer" required="true" filterOperator="equals" width="80"  canEdit="false" detail="false"></field>
		<field title="Gr.round.type" name="MARDERN"  type="text" escapeHTML="true"      length="1" canEdit="false" width="150" detail="false"></field>
		<field title="Gr.round.type" name="MARPROPN"  type="text" escapeHTML="true"      length="1" canEdit="false" width="150" detail="false"></field>
		<field title="Update date" name="UPDDATE" type="datetime" displayFormat="toEuropeanShortDateTime" width="100" editorType="TextItem" align="left" cellAlign="left" canEdit="false" detail="true"></field>
		<field title="Update type" name="UPDTYPE"  type="text" escapeHTML="true"      canEdit="false" length="1" width="100" align="left" cellAlign="left" detail="true">
           <valueMap>
				<value ID="C">Create</value>
				<value ID="U">Update</value>
			</valueMap>
		</field>
		<field title="Update user" name="UPDUSR" length="30"  type="text" escapeHTML="true"      canEdit="false" width="100" align="left" cellAlign="left" detail="true"></field>
		<field title="Pos. neg. var." name="IDXEXTRNP" type="integer" filterOperator="equals" width="80"  canEdit="false" detail="false"></field>
	    <field title="Pos. neg. var." name="IDXEXTRNN" type="integer" filterOperator="equals" width="80"  canEdit="false" detail="false"></field>
	    <field title="Pos. neg. var." name="IDXEXTRSN" type="integer" filterOperator="equals" width="80"  canEdit="false" detail="false"></field>
	    <field title="Pos. neg. var." name="IDXEXTRSP" type="integer" filterOperator="equals" width="80"  canEdit="false" detail="false"></field>
	    <field title="Pos. neg. var." name="IDXPERIOD" type="integer" filterOperator="equals" width="80"  canEdit="false" detail="false"></field>
		<field title="HP" name="IDXMETHOD"  type="text" escapeHTML="true"       length="1000" canEdit="false" width="150" detail="false"></field>
		<field title="HP" name="IDXNVVEC"  type="text" escapeHTML="true"       length="1000" canEdit="false" width="150" detail="false"></field>
		<field title="HP" name="IDXDISVAR"  type="text" escapeHTML="true"       length="1000" canEdit="false" width="150" detail="false"></field>
		<field title="Min.corr.to purp." name="IDXINCDLT" type="float" required="true" filterOperator="equals" width="80"  canEdit="false" detail="false"></field>
		<field title="Min.corr.to purp." name="IDXDECDLT" type="float" required="true" filterOperator="equals" width="80"  canEdit="false" detail="false"></field>
		
		
	</fields>
	<serverObject lookupStyle="new" className="it.ccg.pamp.server.dmi.StandardDMI"/>
   <operationBindings>
	<operationBinding operationType="update" requiresRole="user"></operationBinding>
	<operationBinding operationType="delete" requiresRole="user"></operationBinding>
	<operationBinding operationType="add" requiresRole="user"></operationBinding>
	
    <operationBinding operationType="fetch" 
      customValueFields="TYPEDESC" 
      customCriteriaFields="TYPEDESC">  
       <selectClause>distinct pmpttyp.typedesc,pmptststp.*</selectClause>
       <tableClause>pmptststp, pmpttyp as pmpttyp, pmptinstr as pmptinstr</tableClause>  
       <whereClause><![CDATA[pmptststp.instrtype = pmpttyp.instrtype 
       AND pmptinstr.instrtype=pmpttyp.instrtype AND 
       (pmptinstr.diviscode='W')
       AND $defaultWhereClause]]></whereClause>  
    </operationBinding>  
     <operationBinding operationId="pmptsetup_update_alltype_stress_agx" operationType="update" requiresRole="user">  
         <whereClause><![CDATA[ pmptststp.INSTRTYPE in 
         (select pmptinstr.INSTRTYPE 
         from pmptinstr
         where diviscode in('W'))]]></whereClause>  
    </operationBinding>        
	</operationBindings>
</DataSource>
