<DataSource 
	  
	tableName="pmptlogact"
	ID="pmptlogact"
	dataSourceVersion="1"
	serverType="sql"
>
	<fields>
		<field title="Activity ID" name="ACTID" type="sequence" primaryKey="true" canEdit="false"  width="100" align="left" detail="false"></field>
		<field title="Activity date" name="ACTDATE" type="datetime"  width="100" editorType="TextItem" align="left" cellAlign="left" canEdit="false" detail="false"></field>
		<field title="Update user" name="UPDUSR"  type="text" escapeHTML="true"      canEdit="false" length="30" width="100" align="left" cellAlign="left" detail="false"/>
		<field title="Activity description" name="ACTDESC"  type="text" escapeHTML="true"      canEdit="false" length="500" align="left" cellAlign="left" detail="false"/>
		<field title="Activity details" name="NOTE"  type="text" escapeHTML="true"      canEdit="false" length="1000" align="left" cellAlign="left" detail="false"/>
	<field title="Update date" name="UPDDATE" type="datetime"  width="100" editorType="TextItem" align="left" cellAlign="left" canEdit="false" detail="true"></field>
		<field title="Update type" name="UPDTYPE"  type="text" escapeHTML="true"      canEdit="false" length="1" width="100" align="left" cellAlign="left" detail="true">
           <valueMap>
				<value ID="C">Create</value>
				<value ID="U">Update</value>
			</valueMap>
		</field>
		<field title="Update user" name="UPDUSR" length="30"  type="text" escapeHTML="true"      canEdit="false" width="100" align="left" cellAlign="left" detail="true"></field>
</fields>	    
<serverObject lookupStyle="new" className="it.ccg.pamp.server.dmi.StandardDMI"/>
	 <operationBindings>
	<operationBinding operationType="update" requiresRole="user"></operationBinding>
	<operationBinding operationType="delete" requiresRole="user"></operationBinding>
	<operationBinding operationType="add" requiresRole="user"></operationBinding>
  
	  <operationBinding operationId="operationwindowfetch" operationType="fetch">  
          <orderClause><![CDATA[ACTID desc]]></orderClause>  
      </operationBinding> 
      <operationBinding operationId="operationpanelfetch" operationType="fetch">  
          <orderClause><![CDATA[ACTID desc]]></orderClause>  
      </operationBinding>  
  </operationBindings>  
</DataSource>