<DataSource
	  
	tableName="pmptconfdf"
	ID="pmptconfdf"
	serverType="sql"
>
	<fields>
		<field title="Instr. type" name="INSTRTYPE" length="80"  type="text" escapeHTML="true"      primaryKey="true" editorType="ComboBoxItem" canEdit="false" width="90"  detail="false"></field>
		<field title="HP" name="NV" type="integer" filterOperator="equals" width="100" primaryKey="true" cellAlign="left" align="left" canEdit="false"  detail="false"></field>
		<field title="Period" name="NDAYSPER" type="integer" filterOperator="equals" primaryKey="true" width="100" cellAlign="left" align="left" canEdit="false"></field>
		<field title="Confidence" name="CONFIDDF" required="true" type="float" filterOperator="equals" align="left" cellAlign="left" detail="false" canEdit="true">
		<validators>
				<validator type="floatRange" min="0" max="1" errorMessage="Must be between 0 and 1. Ex. 99.5% is 0.995"/>
		</validators>
		</field>
   		<field title="Update date" name="UPDDATE" type="datetime" width="100" editorType="TextItem" align="left" cellAlign="left" canEdit="false" detail="true"></field>
		<field title="Update type" name="UPDTYPE"  type="text" escapeHTML="true"      canEdit="false" length="1" width="100" align="left" cellAlign="left" detail="true">
           <valueMap>
				<value ID="C">Create</value>
				<value ID="U">Update</value>
			</valueMap>
		</field>
		<field title="Update user" name="UPDUSR" length="30"  type="text" escapeHTML="true"      canEdit="false" width="100" align="left" cellAlign="left" detail="true"></field>
		</fields>
	 <serverObject lookupStyle="new" className="it.ccg.pamp.server.dmi.StandardDMI"/>
	 <operationBindings>
	<operationBinding operationType="update" requiresRole="user"></operationBinding>
	<operationBinding operationType="delete" requiresRole="user"></operationBinding>
	<operationBinding operationType="add" requiresRole="user"></operationBinding>
 </operationBindings>  	
</DataSource>
