<!-- Auto-generated from database table STATISTICS -->

<DataSource 
	  
	tableName="pmptstats"
	ID="pmptstats_bo"
	dataSourceVersion="1"
	serverType="sql"
>
	<fields>
		<field title="Instrument name" customSQL="true" tableName="pmptinstr" name="INSTRNAME"  type="text" escapeHTML="true"      editorType="ComboBoxItem" length="255" width="100%" align="left" cellAlign="left" detail="false" canEdit="false"></field>
	<field title="I.R. Curve Name" customSQL="true" tableName="pmptinstr" name="LISTNAME" length="255"  type="text" escapeHTML="true"      width="100" canEdit="false" detail="false"></field>
	<field title="Instr. code" customSQL="true" tableName="pmptinstr" name="CLASSCODE"  type="text" escapeHTML="true"      width="75" align="left" cellAlign="left" detail="false" canEdit="false"></field>
	<field title="Bond class" customSQL="true" tableName="pmptinstr"  name="BNDCLASSID" type="integer" filterOperator="equals" canEdit="true" width="80" editorType="ComboBoxItem" filterEditorType="SelectItem" detail="false" align="left" cellAlign="left"></field>
	<field title="Period" customSQL="true" tableName="pmptper" name="NDAYSDESC"  type="text" escapeHTML="true"      editorType="ComboBoxItem" width="75" align="left" cellAlign="left" detail="false" canEdit="false"></field>
	<field title="Period (days)" name="NDAYSPER" primaryKey="true" type="integer" filterOperator="equals" editorType="ComboBoxItem" width="80" canEdit="false" align="left" cellAlign="left" detail="false"></field>
	<field title="Instrument ID" name="INSTRID" primaryKey="true" type="integer" filterOperator="equals" editorType="TextItem" width="80" canEdit="false" align="left" cellAlign="left" detail="true"></field>
	<field title="HP" name="NV" primaryKey="true" type="integer" filterOperator="equals" editorType="ComboBoxItem" width="50" canEdit="false" align="left" cellAlign="left" detail="false"></field>
	<field title="Status" name="STATUS" length="1"  type="text" escapeHTML="true"      width="70" detail="false">
	        <valueMap>  
				<value ID="E">Enabled</value>  
				<value ID="A">Analysis only</value>   
				<value ID="D">Disabled</value>
 			</valueMap> 
   		</field>   		
	<field title="Var. type" name="VARTYPE" primaryKey="true"  type="text" escapeHTML="true"      editorType="ComboBoxItem" length="1" width="75"  canEdit="false" align="left" cellAlign="left" detail="false">
		       <valueMap>  
				<value ID="L">Logarithmic</value>
				<value ID="P">Percentual</value> 
				</valueMap> 
		</field>
		<field title="Mode" name="MODE" type="integer" filterOperator="equals" primaryKey="true" editorType="ComboBoxItem" width="100" canEdit="false" align="left" cellAlign="left" detail="true">
		 <valueMap>  
				<value ID="1">Last computation</value>
				<value ID="2">Last analysis</value> 
		</valueMap> 
		</field>
		<field title="Confidence" name="CONFIDENCE" type="float"  editorType="TextItem" filterEditorType="SpinnerItem"  filterOperator="equals" width="70" canEdit="true" align="left" cellAlign="left" detail="false"></field>
		 
		 <field title="Math Mar.(Price)" name="PRICEMARGIN" type="float" filterOperator="equals"  editorType="TextItem" filterEditorType="SpinnerItem"  width="100%" canEdit="true" align="left" cellAlign="left" detail="false"></field> 
		<field title="Average" name="AVERAGE" type="float" filterOperator="equals"  editorType="TextItem" filterEditorType="SpinnerItem"  width="70" canEdit="true" align="left" cellAlign="left" detail="false"></field>
		<field title="St. dev." name="STDEV" type="float" filterOperator="equals"  editorType="TextItem" filterEditorType="SpinnerItem"  width="70" canEdit="true" align="left" cellAlign="left" detail="false"></field>
		<field title="Asymm." name="ASY" type="float" filterOperator="equals"  editorType="TextItem" filterEditorType="SpinnerItem"  width="66" canEdit="true" align="left" cellAlign="left" detail="true"></field>
		<field title="Kurtosis" name="KURTOSIS" type="float" filterOperator="equals"  editorType="TextItem" filterEditorType="SpinnerItem"  width="66" canEdit="true" align="left" cellAlign="left" detail="true"></field>
		<field title="Perf." name="PERF" type="float" filterOperator="equals"  editorType="TextItem" filterEditorType="SpinnerItem"  width="66" canEdit="true" align="left" cellAlign="left" detail="true"></field>
		<field title="Perf. y." name="PERYEAR" type="float" filterOperator="equals"  editorType="TextItem" filterEditorType="SpinnerItem"  width="66" canEdit="true" align="left" cellAlign="left" detail="false"></field>
		<field title="Vola" name="VOLADAY" type="float" filterOperator="equals"  editorType="TextItem" filterEditorType="SpinnerItem"  width="66" canEdit="true" align="left" cellAlign="left" detail="true"></field>		
		<field title="Cov. days" name="NDAYS" type="integer" filterOperator="equals"  editorType="TextItem" filterEditorType="SpinnerItem"  width="66" canEdit="true" align="left" cellAlign="left" detail="false"></field>
		<field title="Events in" name="EVENTSIN" type="integer" filterOperator="equals"  editorType="TextItem" filterEditorType="SpinnerItem"  width="66" canEdit="true" align="left" cellAlign="left" detail="false"></field>
		<field title="Events out" name="EVENTSOUT" type="integer" filterOperator="equals"  editorType="TextItem" filterEditorType="SpinnerItem"  width="66" canEdit="true" align="left" cellAlign="left" detail="false"></field>
		<field title="Norm. marg.(yield)" name="NORMMAR" type="float" filterOperator="equals"  editorType="TextItem" filterEditorType="SpinnerItem"  width="100" canEdit="true" align="left" cellAlign="left" detail="false"></field>
		<field title="Norm. cov" name="NORMMARCOV" type="float" filterOperator="equals"  editorType="TextItem" filterEditorType="SpinnerItem"  width="66" canEdit="true" align="left" cellAlign="left" detail="false"></field>
		<field title="Norm. stdev." name="NORMMARSD" type="float" filterOperator="equals"  editorType="TextItem" filterEditorType="SpinnerItem"  width="66" canEdit="true" align="left" cellAlign="left" detail="true"></field>
		<field title="Max. marg.(yield)" name="MAXMARGIN" type="float" filterOperator="equals"  editorType="TextItem" filterEditorType="SpinnerItem"  width="100" canEdit="true" align="left" cellAlign="left" detail="true"></field>
		<field title="Max. stdev." name="MAXMARSD" type="float" filterOperator="equals"  editorType="TextItem" filterEditorType="SpinnerItem"  width="66" canEdit="true" align="left" cellAlign="left" detail="true"></field>
		<field title="Max. cov." name="MAXMARCOV" type="float" filterOperator="equals"  editorType="TextItem" filterEditorType="SpinnerItem"  width="66" canEdit="true" align="left" cellAlign="left" detail="true"></field>
		<field title="Math. marg.(yield)" name="MATHMAR" type="float" filterOperator="equals"  editorType="TextItem" filterEditorType="SpinnerItem"  width="100" canEdit="true" align="left" cellAlign="left" detail="false"></field>
		<field title="Math. stdev." name="MATHMARSD" type="float" filterOperator="equals"  editorType="TextItem" filterEditorType="SpinnerItem"  width="66" canEdit="true" align="left" cellAlign="left" detail="true"></field>
		<field title="Math. cov." name="MATHMARCOV" type="float" filterOperator="equals"  editorType="TextItem" filterEditorType="SpinnerItem"  width="66" canEdit="true" align="left" cellAlign="left" detail="false"></field>
		<field title="Min. marg.(yield)" name="MINMAR" type="float" filterOperator="equals"  editorType="TextItem" filterEditorType="SpinnerItem"  width="100" canEdit="true" align="left" cellAlign="left" detail="false"></field>
		<field title="Min. stdev." name="MINMARSD" type="float" filterOperator="equals"  editorType="TextItem" filterEditorType="SpinnerItem"  width="66" canEdit="true" align="left" cellAlign="left" detail="true"></field>
		<field title="Min. cov." name="MINMARCOV" type="float" filterOperator="equals"  editorType="TextItem" filterEditorType="SpinnerItem"  width="100" canEdit="true" align="left" cellAlign="left" detail="false"></field>
		<field title="Ave. marg.(yield)" name="AVEMAR" type="float" filterOperator="equals"  editorType="TextItem" filterEditorType="SpinnerItem"  width="66" canEdit="true" align="left" cellAlign="left" detail="true"></field>
		<field title="Ave. stdev." name="AVEMARSD" type="float" filterOperator="equals"  editorType="TextItem" filterEditorType="SpinnerItem"  width="66" canEdit="true" align="left" cellAlign="left" detail="true"></field>
		<field title="Ave. cov." name="AVEMARCOV" type="float" filterOperator="equals"  editorType="TextItem" filterEditorType="SpinnerItem"  width="66" canEdit="true" align="left" cellAlign="left" detail="true"></field>
		<field title="Curr. stdev." name="CURRMARSD" type="float" filterOperator="equals"  editorType="TextItem" filterEditorType="SpinnerItem"  width="66" canEdit="true" align="left" cellAlign="left" detail="true"></field>
		<field title="Curr. cov." name="CURRMARCOV" type="float" filterOperator="equals"  editorType="TextItem" filterEditorType="SpinnerItem"  canEdit="true" align="left" cellAlign="left" detail="true"></field>
<field title="Update date" name="UPDDATE" type="datetime"  width="100" editorType="TextItem" align="left" cellAlign="left" canEdit="false" detail="true"></field>
		<field title="Update type" name="UPDTYPE"  type="text" escapeHTML="true"      canEdit="false" length="1" width="100" align="left" cellAlign="left" detail="true">
           <valueMap>
				<value ID="C">Create</value>
				<value ID="U">Update</value>
			</valueMap>
		</field>
		<field title="Update user" name="UPDUSR" length="30"  type="text" escapeHTML="true"      canEdit="false" width="100" align="left" cellAlign="left" detail="true"></field>
</fields>	    
<serverObject lookupStyle="new" className="it.ccg.pamp.server.dmi.StandardDMI"/>
 <operationBindings>
	<operationBinding operationType="update" requiresRole="user"></operationBinding>
	<operationBinding operationType="delete" requiresRole="user"></operationBinding>
	<operationBinding operationType="add" requiresRole="user"></operationBinding>
  
      <operationBinding operationId="bostatistics" operationType="fetch" 
       customValueFields="NDAYSDESC,INSTRNAME,CLASSCODE,BNDCLASSID,LISTNAME" 
        customCriteriaFields="NDAYSDESC,INSTRNAME,CLASSCODE,BNDCLASSID,LISTNAME"
       >  
       <selectClause>
          pmptstats.*, (pmptstats.MATHMAR*pmptmoddur.MODDUR) AS PRICEMARGIN, pmptper.NDAYSDESC AS NDAYSDESC, pmptinstr.INSTRNAME AS INSTRNAME,pmptinstr.BNDCLASSID AS BNDCLASSID, pmptinstr.LISTNAME as LISTNAME
          </selectClause>
        <tableClause>pmptstats, pmptper, pmptinstr, pmptmoddur</tableClause>  
          <whereClause><![CDATA[
           pmptstats.NDAYSPER = pmptper.NDAYSPER AND
           pmptstats.INSTRID=pmptinstr.INSTRID AND
           pmptmoddur.INSTRID=pmptstats.INSTRID AND
           pmptinstr.DIVISCODE='B' AND
           ($defaultWhereClause)
          ]]>  
          </whereClause>  
           <orderClause>pmptstats.NDAYSPER,pmptstats.NV</orderClause> 
      </operationBinding>  
       <operationBinding operationId="pmptstats_fetch_hc" operationType="fetch" 
       customValueFields="NDAYSDESC,INSTRNAME,CLASSCODE,BNDCLASSID,LISTNAME" 
        customCriteriaFields="NDAYSDESC,INSTRNAME,CLASSCODE,BNDCLASSID,LISTNAME"
       >  
       <selectClause>
          pmptstats.*, pmptper.NDAYSDESC AS NDAYSDESC, pmptinstr.INSTRNAME AS INSTRNAME,pmptinstr.BNDCLASSID AS BNDCLASSID, pmptinstr.LISTNAME as LISTNAME
          </selectClause>
        <tableClause>pmptstats, pmptper, pmptinstr</tableClause>  
          <whereClause><![CDATA[
           pmptstats.NDAYSPER = pmptper.NDAYSPER AND
           pmptstats.INSTRID=pmptinstr.INSTRID AND
           pmptinstr.DIVISCODE='H' AND
           ($defaultWhereClause)
          ]]>  
          </whereClause>  
           <orderClause>pmptstats.NDAYSPER,pmptstats.NV</orderClause> 
      </operationBinding>  
        <operationBinding operationId="ibostatistics" operationType="fetch" 
       customValueFields="NDAYSDESC,INSTRNAME,CLASSCODE,BNDCLASSID" 
        customCriteriaFields="NDAYSDESC,INSTRNAME,CLASSCODE,BNDCLASSID"
       >  
       <selectClause>
          pmptstats.*, pmptper.NDAYSDESC AS NDAYSDESC, pmptinstr.INSTRNAME AS INSTRNAME,pmptinstr.BNDCLASSID AS BNDCLASSID
          </selectClause>
        <tableClause>pmptstats, pmptper, pmptinstr</tableClause>  
          <whereClause><![CDATA[
           pmptstats.NDAYSPER = pmptper.NDAYSPER AND
           pmptstats.INSTRID=pmptinstr.INSTRID AND
           pmptinstr.DIVISCODE='I' AND
           ($defaultWhereClause)
          ]]>  
          </whereClause>  
           <orderClause>pmptstats.NDAYSPER,pmptstats.NV</orderClause> 
      </operationBinding>  
  </operationBindings>  	
</DataSource>