<DataSource 
	  
	tableName="pmptmarlim"
	ID="pmptmarlim_exprules"
	dataSourceVersion="1"
	serverType="sql"
>
	<fields>
	<field title="Instr. subtype" name="INSTRSTYPE"  type="text" escapeHTML="true"      primaryKey="true" required="true" filterEditorType="SelectItem" canEdit="false" length="255"  width="100%" detail="false">
		<validators>
				<validator type="hasRelatedRecord"  
                               relatedDataSource="pmptsubtyp" relatedField="INSTRSTYPE"  
                               errorMessage="Instrument subtype not available" />  
			</validators>
	</field>
		<field title="Instr. type" name="INSTRTYPE"  type="text" escapeHTML="true"      primaryKey="true" required="true"  filterEditorType="SelectItem" canEdit="false" width="120"  detail="false">
		<validators>
				<validator type="hasRelatedRecord"  
                               relatedDataSource="pmpttyp" relatedField="INSTRTYPE"  
                               errorMessage="Instrument type not available" />  
			</validators>
		</field>
		<field title="Disabled days on Exp." name="DAYTORMV" type="integer" filterOperator="equals"  width="130"  required="true" canEdit="true" align="left" cellAlign="left" detail="false" >
		<validators>
				<validator type="integerRange" min="1" errorMessage="At least one liquid expiration." />
		</validators>
		
		</field>
	<field title="Exp. month" name="DERFRSTMNT" type="integer" filterOperator="equals" width="80"  required="true" canEdit="true" align="left" cellAlign="left" detail="false" >
	 <valueMap>
				<value ID="1">January</value>
				<value ID="2">February</value>
				<value ID="3">March</value>
				<value ID="4">April</value>
				<value ID="5">May</value>
				<value ID="6">June</value>
				<value ID="7">July</value>
				<value ID="8">August</value>
				<value ID="9">September</value>
				<value ID="10">October</value>
				<value ID="11">November</value>
				<value ID="12">December</value>
	</valueMap>
	</field>
	<field title="Liquid exipirations" name="MKTMAKEXP" type="integer" filterOperator="equals"  width="100"  required="true" canEdit="true" align="left" cellAlign="left" detail="false" ></field>
		<field title="Periodicity" name="DERPER"  type="text" escapeHTML="true"    required="true"  canEdit="true" length="1" width="70" align="left" cellAlign="left" detail="false">
         <valueMap>
				<value ID="M">Monthly</value>
				<value ID="T">Quarterly</value>
				<value ID="Y">Annual</value>

			</valueMap>      
		</field>
		
	  <field title="Update date" name="UPDDATE" type="datetime"  width="100" editorType="TextItem" align="left" cellAlign="left" canEdit="false" detail="true"></field>
		<field title="Update type" name="UPDTYPE"  type="text" escapeHTML="true"      canEdit="false" length="1" width="100" align="left" cellAlign="left" detail="true">
           <valueMap>
				<value ID="C">Create</value>
				<value ID="U">Update</value>
			</valueMap>
		</field>
		<field title="Update user" name="UPDUSR" length="30"  type="text" escapeHTML="true"      canEdit="false" width="100" align="left" cellAlign="left" detail="true"></field>
	
	
	</fields>
  	<serverObject lookupStyle="new" className="it.ccg.pamp.server.dmi.StandardDMI"/>
  	<operationBindings>
	<operationBinding operationType="update" requiresRole="user"></operationBinding>
	<operationBinding operationType="delete" requiresRole="user"></operationBinding>
	<operationBinding operationType="add" requiresRole="user"></operationBinding>
  	
  <operationBinding operationId="pmptmarlim_fetch_alltype" operationType="fetch">  
       <whereClause><![CDATA[INSTRTYPE!='C' and $defaultWhereClause]]></whereClause>  
    </operationBinding>        
    <operationBinding operationId="pmptmarlim_fetch_haircut" operationType="fetch"> 
       <whereClause><![CDATA[INSTRTYPE='C' and $defaultWhereClause]]></whereClause>  
    </operationBinding>      
    </operationBindings> 
</DataSource>
