 <DataSource 
	  
	tableName="pmpvchkcst"
	ID="pmptmar_sched"
	dataSourceVersion="1"
	serverType="sql"
>
	<fields>
	<field title="Instrument name" name="INSTRNAME"  type="text" escapeHTML="true"      align="left" cellAlign="left" editorType="ComboBoxItem" detail="false" canEdit="false"></field>
		<field title="Instrument ID" name="INSTRID" type="integer" filterOperator="equals" primaryKey="true" width="80"  canEdit="false" align="left" cellAlign="left" detail="true"></field>
		 <field title="Division"  name="DIVISCODE" length="30"  type="text" escapeHTML="true"      width="100" align="left" cellAlign="left" detail="false">
	    <valueMap>
				<value ID="E">Equities</value>
				<value ID="D">Eq.derivates</value>
			</valueMap>
	    </field>
        <field title="Susp." name="SUSP"  type="text" escapeHTML="true"      canEdit="true" length="1" width="70" align="left" cellAlign="left" detail="false">
           <valueMap>
				<value ID="T">Susp.</value>
				<value ID="F"> </value>
			</valueMap>
		</field>
		<field title="Custom margin" name="MARCUSTOM"  type="text" escapeHTML="true"      canEdit="true" length="1" width="90" align="left" cellAlign="left" detail="false">
           <valueMap>
				<value ID="T">True</value>
				<value ID="F">False</value>
			</valueMap>
		</field>
		<field title="Custom minimum" name="MINCUSTOM"  type="text" escapeHTML="true"      canEdit="true" length="1" width="90" align="left" cellAlign="left" detail="false">
           <valueMap>
				<value ID="T">True</value>
				<value ID="F">False</value>
			</valueMap>
		</field>
		<field title="Custom straddle" name="STRACUSTOM"  type="text" escapeHTML="true"      canEdit="true" length="1" width="90" align="left" cellAlign="left" detail="false">
           <valueMap>
				<value ID="T">True</value>
				<value ID="F">False</value>
			</valueMap>
		</field>
		<field title="Mkt list. Date" name="MKTLSTDATE" type="datetime"  width="90" canEdit="true" detail="true" align="left" cellAlign="left"></field>
		<field title="Instr. sub-type" name="INSTRSTYPE" required="true"  type="text" escapeHTML="true"      editorType="ComboBoxItem"  filterEditorType="SelectItem" canEdit="true" length="30" width="120" detail="true"></field>	
		<field title="Instr. type" name="INSTRTYPE"  length="30"  type="text" escapeHTML="true"      width="120" canEdit="false" detail="true" align="left" cellAlign="left"></field>
		<field title="Instr. code" name="CLASSCODE"   length="30"  type="text" escapeHTML="true"      width="70" canEdit="false" detail="false"></field>
	<field title="CCP date" name="CCPLSTDATE"  type="datetime"  width="90" canEdit="false" detail="false" align="left" cellAlign="left"></field>
	<field title="Market" name="MARKETCODE"  length="30"  type="text" escapeHTML="true"      width="70"  filterEditorType="SelectItem" canEdit="false" detail="true"></field>
	<field title="Segment" name="SGMCODE"  length="30"  type="text" escapeHTML="true"      width="100"  filterEditorType="SelectItem" canEdit="false" detail="true"></field>
	  <field title="Instr.note" name="NOTE"   type="text" escapeHTML="true"      canEdit="false" length="500" align="left" cellAlign="left" detail="true"></field>
	<field title="Valid date" name="INIVDATE"  type="datetime"   width="100" canEdit="true" detail="true" align="left" cellAlign="left"></field>
		<field title="End date" name="ENDVDATE"  required="true" type="datetime"  width="90" canEdit="true" align="left" cellAlign="left" detail="true"></field>
		<field title="Send date" name="SENDDATE" required="true"  type="datetime"  width="100" canEdit="true" align="left" cellAlign="left" detail="true"></field>
	<field title="Marg.comment" name="COMMENT"   type="text" escapeHTML="true"      canEdit="false" length="500" align="left" cellAlign="left" detail="false"></field>		 
	</fields>
		
  	<serverObject lookupStyle="new" className="it.ccg.pamp.server.dmi.StandardDMI"/>
  	<operationBindings>
	<operationBinding operationType="update" requiresRole="user"></operationBinding>
	<operationBinding operationType="delete" requiresRole="user"></operationBinding>
	<operationBinding operationType="add" requiresRole="user"></operationBinding>
  
      <operationBinding operationType="fetch">  
       <whereClause><![CDATA[
       (SUSP ='T' or MARCUSTOM='T' OR MINCUSTOM='T' OR STRACUSTOM='T')
       AND STATUS='E'
       AND $defaultWhereClause]]></whereClause>  
    </operationBinding>   
 </operationBindings>  	
  
</DataSource>