 <DataSource 
	  
	tableName="pmptbtmlpc"
	ID="pmptbtmlpc"
	dataSourceVersion="1"
	serverType="sql"
>
	<fields>
	     <field title="Instr. type" name="INSTRTYPE"  type="text" escapeHTML="true"      canEdit="false" primaryKey="true" length="30" width="100" align="left" cellAlign="left" detail="true"></field>
		<field title="Holding Period" name="DAYNUMB" type="integer" filterOperator="equals" primaryKey="true" required="true" canEdit="true" filterEditorType="SelectItem" width="100%"  align="left" cellAlign="left" detail="false">
		<validators>
				<validator type="integerRange" min="1" max="9" errorMessage="Must be between 1 and 9."/>
		</validators>
		</field>
		 <field title="Liquidation perc." name="LIQPERC" type="float" filterOperator="equals"  canEdit="true" width="120" align="left"  editorType="TextItem" filterEditorType="SpinnerItem"  cellAlign="left" detail="false">
		 <validators>
				<validator type="floatRange" min="0" max="1" errorMessage="Must be between 0 and 1. Ex. 99.5% is 0.995"/>
			</validators>
		 </field>
		
   		<field title="Update date" name="UPDDATE" type="datetime"  width="100" editorType="TextItem" align="left" cellAlign="left" canEdit="false" detail="true"></field>
		<field title="Update type" name="UPDTYPE"  type="text" escapeHTML="true"      canEdit="false" length="1" width="100" align="left" cellAlign="left" detail="true">
           <valueMap>
				<value ID="C">Create</value>
				<value ID="U">Update</value>
			</valueMap>
		</field>
		<field title="Update user" name="UPDUSR" length="30"  type="text" escapeHTML="true"    canEdit="false" width="100" align="left" cellAlign="left" detail="true"></field>
	    
	</fields>
  	<serverObject lookupStyle="new" className="it.ccg.pamp.server.dmi.StandardDMI"/>
  	<operationBindings>
	<operationBinding operationType="update" requiresRole="user"></operationBinding>
	<operationBinding operationType="delete" requiresRole="user"></operationBinding>
	<operationBinding operationType="add" requiresRole="user"></operationBinding>
	 <operationBinding operationType="fetch" >  
       <whereClause><![CDATA[$defaultWhereClause]]></whereClause>  
      <orderClause>DAYNUMB ASC</orderClause> 
    </operationBinding>        
	<operationBinding operationId="pmptbtmlpc_update_alltype_eqeqder" operationType="update" requiresRole="user">  
         <whereClause><![CDATA[ pmptbtmlpc.INSTRTYPE in 
         (select pmptinstr.INSTRTYPE 
         from pmptinstr
         where diviscode in('E','D'))]]></whereClause>  
         
    </operationBinding>        
 </operationBindings>  	
  
</DataSource>