 <DataSource 
	  
	tableName="pmptelshft"
	ID="pmptelshft"
	dataSourceVersion="1"
	serverType="sql"
>
	<fields>
		<field title="Instr. Shift1" name="INSTRID" required="true" primaryKey="true" length="30"  type="text" escapeHTML="true" editorType="ComboBoxItem"  filterEditorType="SelectItem" width="30%" canEdit="false" detail="false"></field>
	    <!-- <field title="Instr. name" customSQL="true" tableName="pmptinstr" name="INSTRNAME"  type="text" escapeHTML="true"      canFilter="true" width="40%" align="left" cellAlign="left" detail="false" canEdit="false"></field>
	    <field title="Instr. code" customSQL="true" tableName="pmptinstr" name="CLASSCODE"  type="text" escapeHTML="true"      canFilter="true" width="30%" align="left" cellAlign="left" detail="false" canEdit="false"></field>
		<field title="Instrument ID" customSQL="true" tableName="pmptinstr" name="INSTRID1" length="30"  type="text" escapeHTML="true" editorType="ComboBoxItem"  filterEditorType="SelectItem" width="30%" canEdit="false" detail="false"></field>
		 -->
		<field title="Instr. Shift2" name="SHFTINSTR1" length="30"  type="text" escapeHTML="true"  editorType="ComboBoxItem"  filterEditorType="SelectItem" width="30%" canEdit="true" detail="false"></field>
		<field title="Instr. Shift3" name="SHFTINSTR2"   length="30"  type="text" escapeHTML="true"  editorType="ComboBoxItem"  filterEditorType="SelectItem" width="30%" canEdit="true" detail="false"></field>
	    <field title="Update date" name="UPDDATE" type="datetime"  width="100" editorType="TextItem" align="left" cellAlign="left" canEdit="false" detail="true"></field>
		<field title="Update type" name="UPDTYPE"  type="text" escapeHTML="true"      canEdit="false" length="1" width="100" align="left" cellAlign="left" detail="true">
           <valueMap>
				<value ID="C">Create</value>
				<value ID="U">Update</value>
			</valueMap>
		</field>
		<field title="Update user" name="UPDUSR" length="30"  type="text" escapeHTML="true"      canEdit="false" width="100" align="left" cellAlign="left" detail="true"></field>
    </fields>
  	<serverObject lookupStyle="new" className="it.ccg.pamp.server.dmi.StandardDMI"/>
  	<operationBindings>
	<operationBinding operationType="update" requiresRole="user"></operationBinding>
	<operationBinding operationType="delete" requiresRole="user"></operationBinding>
	<operationBinding operationType="add" requiresRole="user"></operationBinding>	
	<operationBinding operationId="pmptelshft_fetch" operationType="fetch"
  	 	     customValueFields="INSTRID1,INSTRNAME,CLASSCODE"
       		customCriteriaFields="INSTRID1,INSTRNAME,CLASSCODE">
  	 	   	<selectClause>pmptelshft.*,pmptinstr.INSTRID AS INSTRID1,pmptinstr.INSTRNAME AS INSTRNAME,pmptinstr.CLASSCODE AS CLASSCODE</selectClause>
       		<tableClause>pmptelshft, pmptinstr</tableClause>  
            <whereClause><![CDATA[pmptelshft.INSTRID = pmptinstr.INSTRID AND $defaultWhereClause]]></whereClause>
      </operationBinding>
 </operationBindings>  	
</DataSource>