<DataSource 
	  
	tableName="pmptstopsc"
	ID="pmptstopsc"
	dataSourceVersion="1"
	serverType="sql"
>
	<fields>
		  <field title="Division" name="DIVISCODE"  primaryKey="true" required="true" length="20" type="enum" width="100" canEdit="true" detail="true">
			<valueMap>
				<value ID="E">Equities</value>
				<value ID="O">Bond</value> 
				<value ID="L">Elect.derivates</value> 
			</valueMap>
		</field>
		<field title="Calculate" name="STEPACT" length="1" type="enum" width="100" canEdit="true" detail="false">
			<valueMap>
				<value ID="T">True</value>
				<value ID="F">False</value>
			</valueMap>
		</field>
		<field title="Calculate" name="FLATACT" length="1" type="enum" width="100" canEdit="true" detail="false">
			<valueMap>
				<value ID="T">True</value>
				<value ID="F">False</value>
			</valueMap>
		</field>
		<field title="Calculate" name="PARINCACT" length="1" type="enum" width="100" canEdit="true" detail="false">
			<valueMap>
				<value ID="T">True</value>
				<value ID="F">False</value>
			</valueMap>
		</field>
		<field title="Calculate" name="PARDECACT" length="1" type="enum" width="100" canEdit="true" detail="false">
			<valueMap>
				<value ID="T">True</value>
				<value ID="F">False</value>
			</valueMap>
		</field>
		<field title="Higher" name="HIGHERACT" length="1" type="enum" width="100" canEdit="true" detail="false">
			<valueMap>
				<value ID="T">True</value>
				<value ID="F">False</value>
			</valueMap>
		</field>
		<field title="Lower" name="LOWERACT" length="1" type="enum" width="100" canEdit="true" detail="false">
			<valueMap>
				<value ID="T">True</value>
				<value ID="F">False</value>
			</valueMap>
		</field>
		<field title="Lower" name="INCACT" length="1" type="enum" width="100" canEdit="true" detail="false">
			<valueMap>
				<value ID="T">True</value>
				<value ID="F">False</value>
			</valueMap>
		</field>
		<field title="Lower" name="DECACT" length="1" type="enum" width="100" canEdit="true" detail="false">
			<valueMap>
				<value ID="T">True</value>
				<value ID="F">False</value>
			</valueMap>
		</field>
		<field title="Lower" name="INCHVOLACT" length="1" type="enum" width="100" canEdit="true" detail="false">
			<valueMap>
				<value ID="T">True</value>
				<value ID="F">False</value>
			</valueMap>
		</field>
		<field title="Country Correlation" name="CTRYCORACT" length="1" type="enum" width="100" canEdit="true" detail="false">
			<valueMap>
				<value ID="T">True</value>
				<value ID="F">False</value>
			</valueMap>
		</field>
		<field title="Lower" name="DECHVOLACT" length="1" type="enum" width="100" canEdit="true" detail="false">
			<valueMap>
				<value ID="T">True</value>
				<value ID="F">False</value>
			</valueMap>
		</field>
		<field title="Increase Bank Groups" name="BNKGRINCAC" length="1" type="enum" width="100" canEdit="true" detail="false">
			<valueMap>
				<value ID="T">True</value>
				<value ID="F">False</value>
			</valueMap>
		</field>
		<field title="Decrease Bank Groups" name="BNKGRDECAC" length="1" type="enum" width="100" canEdit="true" detail="false">
			<valueMap>
				<value ID="T">True</value>
				<value ID="F">False</value>
			</valueMap>
		</field>
		<field title="Custom Bank Groups" name="CSTBNKGRAC" length="1" type="enum" width="100" canEdit="true" detail="false">
			<valueMap>
				<value ID="T">True</value>
				<value ID="F">False</value>
			</valueMap>
		</field>
		<field title="Update date" name="UPDDATE" type="datetime" displayFormat="toEuropeanShortDateTime" width="100" editorType="TextItem" align="left" cellAlign="left" canEdit="false" detail="true"></field>
		<field title="Update type" name="UPDTYPE"  type="text" escapeHTML="true"      canEdit="false" length="1" width="100" align="left" cellAlign="left" detail="true">
           <valueMap>
				<value ID="C">Create</value>
				<value ID="U">Update</value>
			</valueMap>
		</field>
		<field title="Update user" name="UPDUSR" length="30"  type="text" escapeHTML="true"      canEdit="false" width="100" align="left" cellAlign="left" detail="true"></field>
	</fields>
	<serverObject lookupStyle="new" className="it.ccg.pamp.server.dmi.StandardDMI"/>
   <operationBindings>
	<operationBinding operationType="update" requiresRole="user"></operationBinding>
	<operationBinding operationType="delete" requiresRole="user"></operationBinding>
	<operationBinding operationType="add" requiresRole="user"></operationBinding>
	
	 <operationBinding operationId="pmptstopsc_fetch_eq" operationType="fetch">  
       <whereClause><![CDATA[DIVISCODE = 'E' AND $defaultWhereClause]]></whereClause>  
    </operationBinding>
     <operationBinding operationId="pmptstopsc_fetch_bo" operationType="fetch">  
       <whereClause><![CDATA[DIVISCODE = 'O' AND $defaultWhereClause]]></whereClause>  
    </operationBinding>       
	</operationBindings>
</DataSource>
