 <DataSource 
	  
	tableName="pmptmxbtst"
	ID="pmptmxbtst"
	dataSourceVersion="1"
	serverType="sql"
>
	<fields>
		<field title="Class ID" name="CLASSID" type="integer"  width="70" primaryKey="true" detail="false"></field>
		<field title="Back test ID" name="BTID" type="integer" width="110" primaryKey="true" detail="true"></field>
		<field title="Working breach" name="WRKBRCH"   type="integer" escapeHTML="true"   canEdit="false"  width="90" align="left" cellAlign="left" detail="false"></field>
		<field title="Working cov." name="WRKCOV"   type="float" escapeHTML="true"   canEdit="false" width="90" align="left" cellAlign="left" detail="false"></field>
		<field title="On date breach" name="ONDATEBRCH"  type="integer" escapeHTML="true"      canEdit="false"   width="100" align="left" cellAlign="left" detail="false"></field>
		<field title="On date cov." name="ONDATECOV" length="50"  type="float" escapeHTML="true"      width="90" canEdit="false" detail="false" align="left" cellAlign="left"></field>
	    <field title="Hist. update date" name="HISTUPDDAY" type="datetime" displayFormat="toEuropeanShortDateTime" width="100%" editorType="TextItem" align="left" cellAlign="left" canEdit="false" detail="false"></field>
	    <field title="Log" name="LOG" type="text" width="80"  canEdit="false" detail="true"></field>
	    <field title="NDAYSPER" name="NDAYSPER" type="integer" width="80"  canEdit="false" detail="true" hidden="true"></field>
	    <field title="NVARS" name="NVARS" type="integer" width="80"  canEdit="false" detail="true" hidden="true"></field>
	  <field title="Status" name="STATUS"   type="text" escapeHTML="true"  canEdit="true" length="1" width="80" align="left" cellAlign="left" detail="false">
		 <valueMap>  
				<value ID="E">Enabled</value>  
				<value ID="D">Disabled</value> 
 			</valueMap>
		</field>
		<field title="Division" name="DIVISCODE" required="true" length="1"  type="text" escapeHTML="true"      width="100" canEdit="true" detail="true">
			<valueMap>
				<!-- <value ID="">Bond</value>  -->
				<value ID="M">New Mic</value>
			</valueMap>
		</field>
	  	
	  	<field title="Adj. working breach" name="WRKADJBRCH"   type="integer" escapeHTML="true"   canEdit="false"  width="120" align="left" cellAlign="left" detail="false"></field>
		<!-- <field title="Adj. working cov." name="WRKADJCOV"   type="float" escapeHTML="true"   canEdit="false"  width="100" align="left" cellAlign="left" detail="false"></field>
		<field title="Adj. on date cov." name="ONDADJCOV" length="50"  type="float" escapeHTML="true"      width="100" canEdit="false" detail="false" align="left" cellAlign="left"></field> -->
		<field title="Adj. on date breach" name="ONDADJBRCH"  type="integer" escapeHTML="true"      canEdit="false"   width="105" align="left" cellAlign="left" detail="false"></field>
		
		<field title="Pre-haircut work." name="WRKFBRCH"   type="float" escapeHTML="true"   canEdit="false"  width="100" align="left" cellAlign="left" detail="false"></field>
		<field title="Pre-haircut on date" name="ONDFBRCH" length="50"  type="float" escapeHTML="true"      width="120" canEdit="false" detail="false" align="left" cellAlign="left"></field>
	  	
		<field title="Update date" name="UPDDATE" type="datetime" displayFormat="toEuropeanShortDateTime" width="100" editorType="TextItem" align="left" cellAlign="left" canEdit="false" detail="true"></field>
		<field title="Update type" name="UPDTYPE"  type="text" escapeHTML="true"      canEdit="false" length="1" width="100" align="left" cellAlign="left" detail="true">
           <valueMap>
				<value ID="C">Create</value>
				<value ID="U">Update</value>
			</valueMap>
		</field>
		<field title="Update user" name="UPDUSR" length="30"  type="text" escapeHTML="true"      canEdit="false" width="100" align="left" cellAlign="left" detail="true"></field>
	</fields>
	<serverObject lookupStyle="new" className="it.ccg.pamp.server.dmi.StandardDMI"/>
   <operationBindings>
	<operationBinding operationType="update" requiresRole="user"></operationBinding>
	<operationBinding operationType="delete" requiresRole="user"></operationBinding>
	<operationBinding operationType="add" requiresRole="user"></operationBinding>
	
	 <operationBinding  operationType="fetch" operationId="pmptmxbtst_fetch_mic">  
      <whereClause><![CDATA[pmptmxbtst.DIVISCODE='M' AND ($defaultWhereClause)]]></whereClause>
		</operationBinding>
		<operationBinding  operationType="fetch" operationId="pmptmxbtst_fetch_xcom">  
      <whereClause><![CDATA[pmptmxbtst.DIVISCODE='S' AND ($defaultWhereClause)]]></whereClause>
		</operationBinding>
	</operationBindings>
</DataSource>