<DataSource 
	  
	tableName="pmptnotusr"
	ID="pmptnotusr"
	dataSourceVersion="1"
	serverType="sql"
>
	<fields>
	<field title="User" name="USERNAME"  type="text" escapeHTML="true"      primaryKey="true" canEdit="false" length="30" width="100" align="left" cellAlign="left" detail="true"/>
	<field title="Notify ID" name="NOTIFYID" type="integer" filterOperator="equals" primaryKey="true" canEdit="false" width="100" align="left" cellAlign="left" detail="true"/>
	<field title="Update date" name="UPDDATE" type="datetime" displayFormat="toEuropeanShortDateTime" width="100" editorType="TextItem" align="left" cellAlign="left" canEdit="false" detail="true"></field>
		<field title="Update type" name="UPDTYPE"  type="text" escapeHTML="true"      canEdit="false" length="1" width="100" align="left" cellAlign="left" detail="true">
           <valueMap>
				<value ID="C">Create</value>
				<value ID="U">Update</value>
			</valueMap>
		</field>
		<field title="Update user" name="UPDUSR" length="30"  type="text" escapeHTML="true"      canEdit="false" width="100" align="left" cellAlign="left" detail="true"></field>
</fields>	    
<serverObject lookupStyle="new" className="it.ccg.pamp.server.dmi.StandardDMI"/>
<operationBindings>
	<operationBinding operationType="update" requiresRole="user"></operationBinding>
	<operationBinding operationType="delete" requiresRole="user"></operationBinding>
	<operationBinding operationType="add" requiresRole="user"></operationBinding>
 </operationBindings>  	

</DataSource>
