<DataSource 
	  
	tableName="pmpvcstcnf"
	ID="pmpvcstcnf"
	dataSourceVersion="1"
	generatedBy="7.1-Evaluation/Enterprise Deployment 2009-08-23"
	serverType="sql"
>
	<fields>
		<field title="Instrument ID" name="INSTRID" type="integer" filterOperator="equals" primaryKey="true" canEdit="false"  width="100" detail="true"></field>
		<field  title="Instrument name" name="INSTRNAME"  length="255"  type="text" escapeHTML="true"      width="160" detail="false"></field>
		<field title="Instr. code" name="CLASSCODE" length="30"  type="text" escapeHTML="true"      width="70" detail="false"></field>
		<field title="Reuters code" name="RICCODE" length="30"  type="text" escapeHTML="true"      width="100" detail="true"></field>	
		<field title="ISIN code" name="ISINCODE" length="12"  type="text" escapeHTML="true"      width="100" detail="true"></field>
		<field title="Bloomberg code" name="BLOOMBCODE" length="30"  type="text" escapeHTML="true"      width="100" detail="true"></field>	
		<field title="Market" name="MARKETCODE" length="30"  type="text" escapeHTML="true"      width="70" editorType="ComboBoxItem" detail="false"></field>
		<field title="Segment" name="SGMCODE" length="30"  type="text" escapeHTML="true"      editorType="ComboBoxItem" width="70" detail="false"></field>
		<field title="List Name" name="LISTNAME" length="255"  type="text" escapeHTML="true"      width="100" detail="true"></field>
		<field title="Instr. type" name="INSTRTYPE" canEdit="true" editorType="ComboBoxItem" length="30" type="enum" width="70" detail="false"></field> 
  		<field title="Instr. sub-type" name="INSTRSTYPE"  type="text" escapeHTML="true"      canEdit="true" length="30"  width="100" detail="true"/> 
  		<field title="Currency" name="CURRENCY"  type="text" escapeHTML="true"      canEdit="true" length="3"  width="60" detail="true"/>
  		<field title="Ref. Agrex Instrument" name="UNDINSTRID" type="integer" filterOperator="equals" editorType="ComboBoxItem" filterEditorType="SelectItem" width="180"  canEdit="true" align="left" cellAlign="left" detail="false"></field>
  		<field title="Division" name="DIVISCODE" length="30"  type="text" escapeHTML="true"      width="100" detail="true">
  		<valueMap>
				<value ID="E">Equities</value>
				<value ID="D">Eq.derivates</value>
				<value ID="I">Infl.bond</value>
				<value ID="O">Bond</value> 
				 <value ID="B">I.R. Nodes</value>
				<value ID="L">Elect.derivates</value>
				<value ID="X">Indices</value>
				<value ID="C">Currency</value>
<value ID="Y">Comparable</value>
<value ID="H">Haircut</value>
			</valueMap>
  		</field>
   		<field title="Status" name="STATUS" length="1"  type="text" escapeHTML="true"      width="70" detail="false"> 
	        <valueMap>  
				<value ID="U">Enabled</value>    
				<value ID="D">Disabled</value>  
 			</valueMap> 
   		</field>   		
   		<field title="Note" name="NOTE" length="120"  type="text" escapeHTML="true"      detail="false"></field>
   		<field title="Def.confid." name="DEFCONF"  type="text" escapeHTML="true"      width="75" detail="true">
   		<valueMap>  
				<value ID="T">Default</value>  
				<value ID="F">Customized</value>  
 			</valueMap> 
   		</field>
	</fields>
	
 <operationBindings>
	<operationBinding operationType="update" requiresRole="user"></operationBinding>
	<operationBinding operationType="delete" requiresRole="user"></operationBinding>
	<operationBinding operationType="add" requiresRole="user"></operationBinding>
  
      <operationBinding  operationId="pmpvcstcnf_fetch_eq" operationType="fetch" >  
          <whereClause><![CDATA[pmpvcstcnf.DIVISCODE ='E'
	                            AND($defaultWhereClause)
	                            ]]>  
          </whereClause>  
          </operationBinding>  
           <operationBinding  operationId="pmpvcstcnf_fetch_forcomparable" operationType="fetch" >  
          <whereClause><![CDATA[pmpvcstcnf.DIVISCODE ='Y'
	                            AND($defaultWhereClause)
	                            ]]>  
          </whereClause>  
          </operationBinding>  
           <operationBinding  operationId="pmpvcstcnf_fetch_ix" operationType="fetch" >  
          <whereClause><![CDATA[pmpvcstcnf.DIVISCODE ='X'
	                            AND($defaultWhereClause)
	                            ]]>  
          </whereClause>  
          </operationBinding>  
           <operationBinding  operationId="pmpvcstcnf_fetch_curr" operationType="fetch" >  
          <whereClause><![CDATA[pmpvcstcnf.DIVISCODE ='C'
	                            AND($defaultWhereClause)
	                            ]]>  
          </whereClause>  
          </operationBinding>  
            <operationBinding   operationId="pmpvcstcnf_fetch_ed" operationType="fetch" >  
          <whereClause><![CDATA[pmpvcstcnf.DIVISCODE ='D'
	                            AND($defaultWhereClause)
	                            ]]>  
          </whereClause>  
          </operationBinding>  
          <operationBinding   operationId="pmpvcstcnf_fetch_agx" operationType="fetch" >  
          <whereClause><![CDATA[pmpvcstcnf.DIVISCODE ='W'
	                            AND($defaultWhereClause)
	                            ]]>  
          </whereClause>  
          </operationBinding> 
          <operationBinding   operationId="pmpvcstcnf_fetch_agx_new" operationType="fetch" >  
          <whereClause><![CDATA[pmpvcstcnf.DIVISCODE ='W'
          						AND pmpvcstcnf.STATUS='U'
	                            AND($defaultWhereClause)
	                            ]]>  
          </whereClause>  
          </operationBinding> 
          <operationBinding   operationId="pmpvcstcnf_fetch_bo" operationType="fetch" >  
          <whereClause><![CDATA[pmpvcstcnf.DIVISCODE ='B'
	                            AND($defaultWhereClause)
	                            ]]>  
          </whereClause>  
          </operationBinding>  
           <operationBinding   operationId="pmpvcstcnf_fetch_ibo" operationType="fetch" >  
          <whereClause><![CDATA[pmpvcstcnf.DIVISCODE ='I'
	                            AND($defaultWhereClause)
	                            ]]>  
          </whereClause>  
          </operationBinding>  
           <operationBinding   operationId="pmpvcstcnf_fetch_elec" operationType="fetch" >  
          <whereClause><![CDATA[pmpvcstcnf.DIVISCODE ='L'
	                            AND($defaultWhereClause)
	                            ]]>  
          </whereClause>  
          </operationBinding>  
           <operationBinding   operationId="pmpvcstcnf_fetch_hc" operationType="fetch" >  
          <whereClause><![CDATA[pmpvcstcnf.DIVISCODE ='H'
	                            AND($defaultWhereClause)
	                            ]]>  
          </whereClause>  
          </operationBinding>  
     <operationBinding operationId="updatecovpanel" operationType="update" requiresRole="user">
		 <customSQL>
           UPDATE PMPTCONF AS C   
           SET 
           CONFIDENCE=(SELECT DEFCONFID  FROM PMPVCONFDF AS T1 WHERE C.NV=T1.NV AND C.NDAYSPER=T1.NDAYSPER AND C.INSTRID=T1.INSTRID),
           STATUS=(SELECT DEFSTATUS  FROM PMPVCONFDF  AS T2 WHERE  C.NV=T2.NV AND C.NDAYSPER=T2.NDAYSPER AND C.INSTRID=T2.INSTRID),
          DEFCONF='T'
          WHERE C.INSTRID=$values.INSTRID
         </customSQL>
	</operationBinding>
		
  </operationBindings>  	
	
</DataSource>