
<DataSource 
	  
	tableName="pmpvbtbrch"
	ID="pmpvbtbrch"
	dataSourceVersion="1"
	serverType="sql"
>
	<fields>	
	  <field title="Back Test ID" name="BTID" primaryKey="true" type="integer" filterOperator="equals"  width="100" editorType="SelectItem" canEdit="false" align="left" cellAlign="left" detail="true"></field>
	  <field title="Class" name="CLASSID" primaryKey="true" type="integer" filterOperator="equals"  width="70"  canEdit="false" align="left" cellAlign="left" detail="true"></field>
	 
	<field title="Instrument name" customSQL="true" tableName="pmptinstr" name="INSTRNAME"  type="text" escapeHTML="true"      canFilter="true" width="100%" align="left" cellAlign="left" detail="false" canEdit="false"></field>
		<field title="Instrument ID" name="INSTRID" primaryKey="true" type="integer" filterOperator="equals"  width="80"  canEdit="false" align="left" cellAlign="left" detail="true"></field>
	  <field title="Status" name="STATUS" length="1" type="enum" width="100" canEdit="false" align="left" cellAlign="left" detail="false">
	        <valueMap>  
				<value ID="E">Enabled</value>  
				<value ID="D">Disabled</value> 
 			</valueMap> 
   		 </field>
   		<field title="HP" name="NV" primaryKey="true" type="text" escapeHTML="true"      canEdit="false" length="50" editorType="SelectItem" align="left" width="50" cellAlign="left" detail="false"></field>
	    <field title="Sim. mar." name="SIMMAR" type="float" filterOperator="equals"  editorType="TextItem" filterEditorType="SpinnerItem"  width="100" canEdit="false" align="left" cellAlign="left" detail="false"></field>
	    <field title="Breach Var." name="BREACHVAR" type="integer" filterOperator="equals"  editorType="TextItem" filterEditorType="SpinnerItem"  width="85" canEdit="false" align="left" cellAlign="left" detail="false"></field>
   		<field title="Usr. breach" name="USRBRCH" type="integer" filterOperator="equals"  editorType="TextItem" filterEditorType="SpinnerItem"  width="80" canEdit="false" align="left" cellAlign="left" detail="false"></field>
   		<field title="Price" name="CLPRICE" type="float" filterOperator="equals" editorType="TextItem" filterEditorType="SpinnerItem" width="85" canEdit="false"  align="left" cellAlign="left" detail="false"></field>
	    <field title="Prev. price" name="PCLPRICE" type="float" filterOperator="equals" editorType="TextItem" filterEditorType="SpinnerItem" canEdit="false"  align="left" cellAlign="left" detail="false"></field>
	   <field title="Date" name="PRICEDATE" type="datetime"  required="true"  primaryKey="true" width="85" canEdit="true" align="left" cellAlign="left" detail="false"></field>
		<field title="Cov. days" name="USRDAYS" type="integer" filterOperator="equals"  editorType="TextItem" filterEditorType="SpinnerItem"  width="100" canEdit="false" align="left" cellAlign="left" detail="true"></field>
   		  <field title="Cov. up to breach" name="USRCOV" type="float" filterOperator="equals" editorType="TextItem" filterEditorType="SpinnerItem" canEdit="false"  align="left" cellAlign="left" detail="true"></field>
	 <field title="Class" name="CLASSDESC" type="text" customSQL="true"  width="100%"   canEdit="false" align="left" cellAlign="left" detail="false"></field>
	 
</fields>	    
<serverObject lookupStyle="new" className="it.ccg.pamp.server.dmi.StandardDMI"/>
<operationBindings>
	<operationBinding operationType="update" requiresRole="user"></operationBinding>
	<operationBinding operationType="delete" requiresRole="user"></operationBinding>
	<operationBinding operationType="add" requiresRole="user"></operationBinding>
	  <operationBinding operationType="fetch" 
      customValueFields="INSTRNAME" 
      customCriteriaFields="INSTRNAME">  
       <selectClause>pmpvbtbrch.*,pmptinstr.instrname</selectClause>
       <tableClause>pmpvbtbrch, pmptinstr</tableClause>  
       <whereClause><![CDATA[pmpvbtbrch.instrid=pmptinstr.instrid and pmpvbtbrch.USRBRCH!=0
       AND $defaultWhereClause]]></whereClause>      
    </operationBinding>         
	 <operationBinding operationId="pmpvbtsmcl_fetch_forchart" operationType="fetch">  
       <customSQL>
	<![CDATA[ select a.classdesc, a.CLASSID,sum(a.BREACHES) as BREACHES
             from (SELECT c.classdesc, c.CLASSID, 
             (select  count(*)
             from pmptbtbrch b
             where i.INSTRID = b.INSTRID
             and c.classid=b.CLASSID
            and  b.PRICEDATE >= $criteria.firstDate and b.PRICEDATE < $criteria.lastDate) as BREACHES
      FROM  PMPTINSTR i ,pmptclass c
      where (i.diviscode='O' or i.diviscode='I' ) 
      and i.marketcode = 'MTS' and c.CLASSID<=12 ) as a
      group by a.classdesc, a.CLASSID
      order by a.classid asc]]>
		  </customSQL>
      </operationBinding>
      <operationBinding operationId="pmpvbtsmcl_fetch_forchart_MOT" operationType="fetch">  
       <customSQL>
	<![CDATA[ select a.classdesc, a.CLASSID,sum(a.BREACHES) as BREACHES
             from (SELECT c.classdesc, c.CLASSID, 
             (select  count(*)
             from pmptbtbrch b
             where i.INSTRID = b.INSTRID
             and c.classid=b.CLASSID
            and  b.PRICEDATE >= $criteria.firstDate and b.PRICEDATE < $criteria.lastDate) as BREACHES
      FROM  PMPTINSTR i ,pmptclass c
      where (i.diviscode='O' or i.diviscode='I' ) 
      and i.marketcode = 'MTS' and c.CLASSID>12 ) as a
      group by a.classdesc, a.CLASSID
      order by a.classid asc]]>
		  </customSQL>
      </operationBinding>
 </operationBindings>  	
</DataSource>
