 <DataSource 
	  
	tableName="pmpvmar"
	ID="pmpvmar_eq_lastrev"
	dataSourceVersion="1"
	serverType="sql"
>
	<fields>
	<field title="Instrument name"  name="INSTRNAME"  type="text" escapeHTML="true"      canFilter="true" width="170" align="left" cellAlign="left" detail="false" canEdit="false"  editRequiresAuthentication ="true" editRequiresRole="nobody"></field>
		<field title="Instrument ID" name="INSTRID" type="integer" filterOperator="equals" primaryKey="true" width="80"  canEdit="false" align="left" cellAlign="left" detail="true" editRequiresAuthentication ="true" editRequiresRole="nobody"></field>
		<field title="Instr. code" name="CLASSCODE" length="30"  type="text" escapeHTML="true"      width="70" canEdit="false" detail="true" editRequiresAuthentication ="true" editRequiresRole="nobody"></field>
		<field title="Valid date" name="INIVDATE"  required="true" type="datetime" displayFormat="toEuropeanShortDate"  width="63" canEdit="false" align="left" cellAlign="left" detail="false" editRequiresAuthentication ="true" editRequiresRole="nobody"></field>
		<field title="End date" name="ENDVDATE"  required="true" type="datetime" displayFormat="toEuropeanShortDate"  width="60" canEdit="false" align="left" cellAlign="left" detail="false" editRequiresAuthentication ="true" editRequiresRole="nobody"></field>
		<field title="Send date" name="SENDDATE" required="true" type="datetime" displayFormat="toEuropeanShortDateTime"  width="100" canEdit="false" align="left" cellAlign="left" detail="false" editRequiresAuthentication ="true" editRequiresRole="nobody"></field>
		<field title="Status" name="STATUS" length="1" type="enum" width="60" canEdit="false" align="left" cellAlign="left" detail="false" editRequiresAuthentication ="true" editRequiresRole="nobody">
	        <valueMap>  
				<value ID="E">Enabled</value>  
				<value ID="D">Disabled</value> 
 			</valueMap> 
   		</field>
   		<field title="Curr.var.type" name="CRVARTYPE" type="enum" editorType="ComboBoxItem" length="1" width="70"  canEdit="false" align="left" cellAlign="left" detail="true" editRequiresAuthentication ="true" editRequiresRole="nobody">
		       <valueMap>  
				<value ID="L">Logarithmic</value>
				<value ID="P">Percentual</value> 
				</valueMap> 
		</field>
   		<field title="Curr. HP" name="CRNV" type="integer" filterOperator="equals" width="50"  canEdit="false" align="left" cellAlign="left" detail="true" editRequiresAuthentication ="true" editRequiresRole="nobody"></field>
   		<field title="Cur.per(days)" name="CRNDAYSPER" type="integer" filterOperator="equals" width="80"  canEdit="false" align="left" cellAlign="left" detail="true" editRequiresAuthentication ="true" editRequiresRole="nobody"></field>
   		<field title="Cur.cover" name="CRCOVER" type="float" filterOperator="equals" width="63" canEdit="false" align="left" cellAlign="left" detail="false" editRequiresAuthentication ="true" editRequiresRole="nobody"></field>
		<field title="Cur.mar." name="CRMARGIN" type="float" filterOperator="equals" width="63" canEdit="false" align="left" cellAlign="left" detail="false" editRequiresAuthentication ="true" editRequiresRole="nobody"></field>
		<field title="An.mar." name="ANMARGIN" type="float" filterOperator="equals" width="50" canEdit="false" align="left" cellAlign="left" detail="false" editRequiresAuthentication ="true" editRequiresRole="nobody"></field>
		<field title="An.cov." name="ANCOVER" type="float" filterOperator="equals" width="60" canEdit="false" align="left" cellAlign="left" detail="false" editRequiresAuthentication ="true" editRequiresRole="nobody"></field>
		<field title="An.per(days)" name="ANNDAYSPER" type="integer" filterOperator="equals" width="80"  canEdit="false" align="left" cellAlign="left" detail="true" editRequiresAuthentication ="true" editRequiresRole="nobody"></field>
		<field title="An. HP" name="ANNV" type="integer" filterOperator="equals" width="50"  canEdit="false" align="left" cellAlign="left" detail="true" editRequiresAuthentication ="true" editRequiresRole="nobody"></field>
		<field title="An.var.type" name="ANVARTYPE" type="enum" editorType="ComboBoxItem" length="1" width="70"  canEdit="false" align="left" cellAlign="left" detail="true" editRequiresAuthentication ="true" editRequiresRole="nobody">
		       <valueMap>  
				<value ID="L">Logarithmic</value>
				<value ID="P">Percentual</value> 
				</valueMap> 
		</field>
		<field title="User mar." name="USERMARGIN" type="float" filterOperator="equals" width="50" canEdit="false" required="true" align="left" cellAlign="left" detail="false" editRequiresAuthentication ="true" editRequiresRole="nobody">
		<validators>
				<validator type="floatRange" min="0" max="1" errorMessage="Must be between 0 and 1. Ex. 99.5% is 0.995"/>
			</validators>
		</field>
		<field title="Curr.min." name="CRMINMAR" type="float" filterOperator="equals" width="65" canEdit="false" align="left" cellAlign="left" detail="true" hidden="true" editRequiresAuthentication ="true" editRequiresRole="nobody"></field>
		<field title="An.min.mar." name="ANMINMAR" type="float" filterOperator="equals" width="65" canEdit="false" align="left" cellAlign="left" detail="true" hidden="true" editRequiresAuthentication ="true" editRequiresRole="nobody"></field>
		<field title="User.min." name="USERMINMAR" type="float" filterOperator="equals" width="65" canEdit="false" required="true" align="left" cellAlign="left" detail="true"  hidden="true" editRequiresAuthentication ="true" editRequiresRole="nobody"></field>
		<field title="Analysis date" name="ANDATE"  type="datetime" displayFormat="toEuropeanShortDate"  width="80" canEdit="false" align="left" cellAlign="left" detail="false" editRequiresAuthentication ="true" editRequiresRole="nobody"></field>
		<field title="Prop.cov." name="PROPCOVER" type="float" filterOperator="equals" width="65" canEdit="false"  align="left" cellAlign="left" detail="false" editRequiresAuthentication ="true" editRequiresRole="nobody"></field>
		<field title="Prop.mar." name="PROPMARGIN" type="float" filterOperator="equals" width="65" canEdit="false"  align="left" cellAlign="left" detail="false" editRequiresAuthentication ="true" editRequiresRole="nobody"></field>			
		<field title="Prop.min.mar." name="PROPMINMAR" type="float" filterOperator="equals" width="72" canEdit="false"  align="left" cellAlign="left" detail="true" editRequiresAuthentication ="true" editRequiresRole="nobody"></field>	
		<field title="Working mar." name="WORKMAR" type="float" filterOperator="equals" width="95" canEdit="false" align="left" cellAlign="left" detail="true"  editRequiresAuthentication ="true" editRequiresRole="nobody"></field>
		<field title="Working min. mar." name="WORKMINMAR" type="float" filterOperator="equals" width="92" canEdit="false" align="left" cellAlign="left" detail="true"  editRequiresAuthentication ="true" editRequiresRole="nobody"></field>
		<field title="Working from" name="WORKFROMDT" type="datetime" displayFormat="toEuropeanShortDateTime" width="100" editorType="TextItem" align="left" cellAlign="left" canEdit="false" detail="true" editRequiresAuthentication ="true" editRequiresRole="nobody"></field>
		<field title="Mar. change" name="CHMAR" type="float" filterOperator="equals" width="72" canEdit="false" align="left" cellAlign="left" detail="true"  editRequiresAuthentication ="true" editRequiresRole="nobody"></field>
		<field title="Min. mar. change" name="CHMINMAR" type="float" filterOperator="equals" width="90" canEdit="false" align="left" cellAlign="left" detail="true"  editRequiresAuthentication ="true" editRequiresRole="nobody"></field>
		<field title="Approval" name="APPROVAL" length="1" type="enum" width="100" canEdit="false" align="left" cellAlign="left" detail="false" editRequiresAuthentication ="true" editRequiresRole="manager">
	        <valueMap>  
				<value ID="A">Subm. for appr.</value>  
				<value ID="W">Working</value>
				<value ID="R">Rejected</value>     
 			</valueMap> 
   		</field>	
   		<field title="Propose" name="PROPOSE" length="1" type="enum" width="60" canEdit="false" align="left" cellAlign="left" detail="false">
	        <valueMap>  
				<value ID="C">Change</value>  
				<value ID="L">Leave</value>     
 			</valueMap> 
   		</field>	
   		<field title="Motivation" name="RCCODE" type="integer" filterOperator="equals" width="100%"  canEdit="false" align="left" cellAlign="left" detail="false" editRequiresAuthentication ="true" editRequiresRole="nobody"></field>
   		<field title="Comment" name="COMMENT" length="500"  type="text" escapeHTML="true"      canEdit="false" align="left" cellAlign="left" detail="true" editRequiresAuthentication ="true" editRequiresRole="nobody"></field>
   		<field title="Update date" name="UPDDATE" type="datetime" displayFormat="toEuropeanShortDateTime" width="100" editorType="TextItem" align="left" cellAlign="left" canEdit="false" detail="true" editRequiresAuthentication ="true" editRequiresRole="manager"></field>
		<field title="Update type" name="UPDTYPE"  type="text" escapeHTML="true"      canEdit="false" length="1" width="100" align="left" cellAlign="left" detail="true" editRequiresAuthentication ="true" editRequiresRole="manager">
           <valueMap>
				<value ID="C">Create</value>
				<value ID="U">Update</value>
			</valueMap>
		</field>
		<field title="Update user" name="UPDUSR" length="30"  type="text" escapeHTML="true"      canEdit="false" width="100" align="left" cellAlign="left" detail="true" editRequiresAuthentication ="true" editRequiresRole="manager"></field>
	    <field title="Division" name="DIVISCODE" length="30"  type="text" escapeHTML="true"      width="100" align="left" cellAlign="left" detail="true" editRequiresAuthentication ="true" editRequiresRole="nobody">
	    <valueMap>
				<value ID="E">Equities</value>
				<value ID="D">Eq.derivates</value>
				<value ID="I">Infl.bond</value>
				<value ID="O">Bond</value> 
				 <value ID="B">I.R. Nodes</value>
				<value ID="L">Elect.derivates</value>
				<value ID="X">Indices</value>
				<value ID="C">Currency</value>
<value ID="Y">Comparable</value>
<value ID="H">Haircut</value>
			</valueMap>
	    </field>
        <field title="Curr. log." name="CRLOG" length="200"  type="text" escapeHTML="true"      canEdit="false" align="left" cellAlign="left" detail="true" editRequiresAuthentication ="true" editRequiresRole="nobody"></field>
        <field title="An. log." name="ANLOG" length="200"  type="text" escapeHTML="true"      canEdit="false" align="left" cellAlign="left" detail="true" editRequiresAuthentication ="true" editRequiresRole="nobody"></field>
        <field title="Prop. log." name="PROPLOG" length="200"  type="text" escapeHTML="true"      canEdit="false" align="left" cellAlign="left" detail="true" editRequiresAuthentication ="true" editRequiresRole="nobody"></field>
  	</fields>
  	<serverObject lookupStyle="new" className="it.ccg.pamp.server.dmi.StandardDMI"/>
  	<operationBindings>
 	<operationBinding operationType="delete" requiresRole="nobody"></operationBinding>
	<operationBinding operationType="add" requiresRole="nobody"></operationBinding>
  
       	<operationBinding operationId="pmpvmareqlastreview_fetch_" operationType="fetch">
       		<whereClause><![CDATA[DIVISCODE = 'E'AND APPROVAL !='W' AND pmpvmar.STATUS='E' AND $defaultWhereClause]]></whereClause>  
    	</operationBinding>       
    	<!-- 19380  AGGIUNTA MODIFICA-->
    		<operationBinding operationId="pmpvmareqlastreview_fetch_minmarch" operationType="fetch">
       		<whereClause><![CDATA[DIVISCODE = 'E'AND APPROVAL !='W' AND pmpvmar.STATUS='E' 
       		AND ((PROPMINMAR!=WORKMINMAR AND PROPMINMAR!=0)OR (WORKMINMAR IS NULL AND PROPMINMAR IS NOT NULL  AND PROPMINMAR!=0))
       		AND $defaultWhereClause]]></whereClause>  
    	</operationBinding>     
    	<operationBinding operationId="pmpvmareqlastreview_fetch_forcurrency" operationType="fetch">
       		<whereClause><![CDATA[DIVISCODE = 'C'AND APPROVAL !='W' AND pmpvmar.STATUS='E' AND $defaultWhereClause]]></whereClause>  
    	</operationBinding> 
 	</operationBindings>  	
  
</DataSource>