<DataSource 
	  
	tableName="pmpvzscore"
	ID="pmpvzscore"
	dataSourceVersion="1"
	serverType="sql"
>
	<fields>
		<field title="Instrument ID" name="INSTRID" type="integer" filterOperator="equals" canEdit="false" length="30"  width="175" align="left" cellAlign="left" detail="true"/>
  		<field title="Date" name="PRICEDATE" type="datetime"  canEdit="true" align="left" cellAlign="left" detail="false"></field>
  		<field title="Zscore" name="ZSCORE" type="float" filterOperator="equals" canEdit="false" length="30"  align="left" cellAlign="left" detail="false"/>
  	</fields>   	  	
  	<operationBindings>
	<operationBinding operationType="update" requiresRole="user"></operationBinding>
	<operationBinding operationType="delete" requiresRole="user"></operationBinding>
	<operationBinding operationType="add" requiresRole="user"></operationBinding>
 </operationBindings>  	
</DataSource>