<DataSource 
	  
	tableName="pmpvststad"
	ID="pmpvststad"
	dataSourceVersion="1"
	serverType="sql"
>

	<fields>
		<field title="Instrument ID" name="INSTRID" type="integer" filterOperator="equals" primaryKey="true" canEdit="false" filterEditorType="ComboBoxItem" width="100%" align="left" cellAlign="left" detail="true"></field>
		<field title="Instrument name" name="INSTRNAME"  type="text" escapeHTML="true"      editorType="TextItem" length="255" width="100%" align="left" cellAlign="left" detail="false" canEdit="false"></field>
	     <field title="Division" name="DIVISCODE" length="20" type="enum" width="100" canEdit="false" detail="true">
			<valueMap>
				<value ID="E">Equities</value>
				<value ID="D">Eq.derivates</value>
			</valueMap>
		</field>
		<field title="Instr. type" name="INSTRTYPE"  canEdit="false" editorType="SelectItem"  filterEditorType="SelectItem" length="30"  type="text" escapeHTML="true"      width="120" detail="true"></field>
		<field title="Instr. sub-type" name="INSTRSTYPE"  type="text" escapeHTML="true"      editorType="SelectItem"  filterEditorType="SelectItem" canEdit="false" length="30" width="120" detail="true"></field>	
		<field title="I.R. curve" name="IRCURVEID" type="integer" filterOperator="equals" canEdit="false" filterEditorType="ComboBoxItem" width="100%" align="left" cellAlign="left" detail="true"></field>
		<field title="Status" name="STATUS" length="1"  type="text" escapeHTML="true"      width="100" canEdit="true" detail="true">
			<valueMap>
				<value ID="E">Enabled</value>
				<value ID="D">Disabled</value>
			</valueMap>
		</field>
		<field title="Instr. code" name="CLASSCODE"  length="30"  type="text" escapeHTML="true"      width="70" canEdit="true" detail="false"></field>
	    <field title="Price" name="CLOSEPR" type="float" filterOperator="equals"  canEdit="false" align="left" width="70"  editorType="TextItem" filterEditorType="SpinnerItem"  cellAlign="left" detail="false"></field>
		<field title="Stressed price" name="CLOSEPRST" type="float" filterOperator="equals"  canEdit="false" width="80" align="left"  editorType="TextItem" filterEditorType="SpinnerItem"  cellAlign="left" detail="false"></field>
	    <field title="Stress test ID" name="STID" length="50" type="integer" filterOperator="equals" primaryKey="true" canEdit="false" filterEditorType="TextItem" width="80"  align="left" cellAlign="left" detail="false"></field>
	    <field title="Scenario" name="SCENARIO"  type="text" escapeHTML="true"      length="1" primaryKey="true" canEdit="false" width="80" filterEditorType="SelectItem" align="left" cellAlign="left" detail="false">
	     <valueMap>
				<value ID="I">Increase</value>
				<value ID="D">Decrease</value>
				<value ID="M">Higher</value>
				<value ID="W">Lower</value>
			</valueMap>
	    </field>
		<field title="Hist. Data upd.Day" name="HISTUPDDAY" type="datetime" primaryKey="true"   width="100" canEdit="false" align="left" cellAlign="left" detail="false"></field>
		<field title="Hp filter" name="NVVEC"  type="text" escapeHTML="true"       length="50" canEdit="false" width="150" align="left" cellAlign="left" detail="true"></field>
		<field title="Period" name="NDAYSPER" type="integer" filterOperator="equals" filterEditorType="SelectItem" canEdit="false" width="60" editorType="TextItem" align="left" cellAlign="left" detail="true"></field>
		<field title="Margin" name="MARUSED" type="float" filterOperator="equals"  canEdit="false" align="left" width="80"  editorType="TextItem" filterEditorType="SpinnerItem"  cellAlign="left" detail="false"></field>
		 <field title="Used derivative margin" name="MARDER" length="1"  type="text" escapeHTML="true"      width="120" align="left" canEdit="false" cellAlign="left" detail="true">
		  <valueMap>
				<value ID="D">True</value>
				<value ID="C">False</value>
			</valueMap>
		 </field>
   		<field title="Used margin type" name="MARPROP" length="1"  type="text" escapeHTML="true"      width="100" align="left" canEdit="false" cellAlign="left" detail="true">
   		 <valueMap>
				<value ID="P">Proposed</value>
				<value ID="W">Working</value>
			</valueMap>
   		</field>
   		 <field title="Margin log" name="MARLOG"   type="text" escapeHTML="true"      width="150" length="1000" align="left" cellAlign="left" canEdit="false" detail="true"></field>
   		<field title="Var.(Mar. method)" name="MARRES" type="float" filterOperator="equals"  canEdit="false" width="100" align="left"  editorType="TextItem" filterEditorType="SpinnerItem"  cellAlign="left" detail="false"></field>
   		<field title="St. deviation" name="STDEV" type="float" filterOperator="equals"  canEdit="false" width="90" align="left"  editorType="TextItem" filterEditorType="SpinnerItem"  cellAlign="left" detail="false"></field>
   		<field title="Var.(St.dev. method)" name="STDEVRES" type="float" filterOperator="equals"  canEdit="false" width="110" align="left"  editorType="TextItem" filterEditorType="SpinnerItem"  cellAlign="left" detail="false"></field>
   		<field title="Extreme num." name="EXTRN" type="integer" filterOperator="equals" canEdit="false" width="90" editorType="TextItem" align="left" cellAlign="left" detail="true"></field>
		 <field title="Extreme sign" name="EXTRS" length="1"  type="text" escapeHTML="true"      width="110" align="left" canEdit="false" cellAlign="left" detail="true"></field>
   		 <field title="Extreme HP" name="EXTRNV" type="integer" filterOperator="equals" width="80" align="left" canEdit="false" cellAlign="left" detail="true"></field>
   		<field title="Var.(Extr.method)" name="EXTRRES" type="float" filterOperator="equals"  canEdit="false" width="100" align="left"  editorType="TextItem" filterEditorType="SpinnerItem"  cellAlign="left" detail="false"></field>
   		<field title="St. Test. Var." name="SCRES" type="float" filterOperator="equals"  canEdit="false" width="90" align="left"  editorType="TextItem" filterEditorType="SpinnerItem"  cellAlign="left" detail="false"></field>
   		 <field title="Chosen method" name="CHOOSENFUN" length="50"  type="text" escapeHTML="true"      width="100" align="left" canEdit="false" cellAlign="left" detail="true"></field>
   		<field title="Log" name="LOG"   type="text" escapeHTML="true"      width="150" length="1000" align="left" cellAlign="left" canEdit="false" detail="true"></field>
		<field title="Update date" name="UPDDATE" type="datetime"  width="100" editorType="TextItem" align="left" cellAlign="left" canEdit="false" detail="true"></field>
		<field title="Update type" name="UPDTYPE"  type="text" escapeHTML="true"      canEdit="false" length="1" width="100" align="left" cellAlign="left" detail="true">
           <valueMap>
				<value ID="C">Create</value>
				<value ID="U">Update</value>
			</valueMap>
		</field>
		<field title="Update user" name="UPDUSR" length="30"  type="text" escapeHTML="true"      canEdit="false" width="100" align="left" cellAlign="left" detail="true"></field>
		
		<field title="R.S.T ID" name="RSTID" type="integer" customSQL="true" tableName="pmptrstpah" filterOperator="equals" width="72" canEdit="false" align="left" cellAlign="left" detail="false" ></field>
		
		<field title="Index Ext.Cust.Method" name="IDXCUSTRES" type="float" filterOperator="equals"  canEdit="false" width="95" align="left"  editorType="TextItem" filterEditorType="SpinnerItem"  cellAlign="left" detail="false"></field>
		<field title="Index Ext.Method" name="IDXEXTRRES" type="float" filterOperator="equals"  canEdit="false" width="105" align="left"  editorType="TextItem" filterEditorType="SpinnerItem"  cellAlign="left" detail="false"></field>
		 <field title="Index Ext.Sign" name="IDXEXTRS" type="integer" filterOperator="equals" width="80" align="left" canEdit="false" cellAlign="left" detail="true"></field>
		  <field title="Index Ext.HP" name="IDXEXTRNV" type="integer" filterOperator="equals" width="80" align="left" canEdit="false" cellAlign="left" detail="true"></field>
		   <field title="Index Ext." name="IDXEXTRN" type="integer" filterOperator="equals" width="80" align="left" canEdit="false" cellAlign="left" detail="true"></field>
		<field title="Index HP" name="IDXNVVEC"   type="text" escapeHTML="true"      width="150" length="1000" align="left" cellAlign="left" canEdit="false" detail="true"></field>
		
    </fields>
	<serverObject lookupStyle="new" className="it.ccg.pamp.server.dmi.StandardDMI"/>
	  <operationBindings>
	<operationBinding operationType="update" requiresRole="user"></operationBinding>
	<operationBinding operationType="delete" requiresRole="user"></operationBinding>
	<operationBinding operationType="add" requiresRole="user"></operationBinding>
  
       <operationBinding operationId="pmpvststad_fetch_eq" operationType="fetch" >
	 <selectClause>pmpvststad.*</selectClause>  
       <tableClause>pmpvststad as pmpvststad, pmptst as pmptst</tableClause>  
       <whereClause><![CDATA[pmpvststad.stid=pmptst.stid and pmptst.status!='R' AND 
       (pmpvststad.DIVISCODE = 'E' OR pmpvststad.DIVISCODE = 'D') and  $defaultWhereClause]]></whereClause>  
    </operationBinding>   
    <operationBinding operationId="pmpvststad_fetch_agx" operationType="fetch" >
	 <selectClause>pmpvststad.*</selectClause>  
       <tableClause>pmpvststad as pmpvststad, pmptst as pmptst</tableClause>  
       <whereClause><![CDATA[pmpvststad.stid=pmptst.stid and pmptst.status!='R' AND 
       (pmpvststad.DIVISCODE = 'W') and  $defaultWhereClause]]></whereClause>  
    </operationBinding>   
       <operationBinding operationId="pmpvststad_fetch_eqreverse" operationType="fetch"  
       customValueFields="RSTID" 
      customCriteriaFields="RSTID">
	 <selectClause>pmpvststad.*,pmptrstpah.RSTID</selectClause>  
       <tableClause>pmpvststad as pmpvststad, pmptrstpah as pmptrstpah</tableClause>  
       <whereClause><![CDATA[pmpvststad.stid=pmptrstpah.stid and (pmpvststad.DIVISCODE = 'E' OR pmpvststad.DIVISCODE = 'D') and $defaultWhereClause]]></whereClause>  
    </operationBinding>   
    <operationBinding operationId="pmpvststad_fetch_elecreverse" operationType="fetch"  
       customValueFields="RSTID" 
      customCriteriaFields="RSTID">
	 <selectClause>pmpvststad.*,pmptrstpah.RSTID</selectClause>  
       <tableClause>pmpvststad as pmpvststad, pmptrstpah as pmptrstpah</tableClause>  
       <whereClause><![CDATA[pmpvststad.stid=pmptrstpah.stid and (pmpvststad.DIVISCODE = 'L') and $defaultWhereClause]]></whereClause>  
    </operationBinding>
    <operationBinding operationId="pmpvststad_fetch_agxreverse" operationType="fetch"  
       customValueFields="RSTID" 
      customCriteriaFields="RSTID">
	 <selectClause>pmpvststad.*,pmptrstpah.RSTID</selectClause>  
       <tableClause>pmpvststad as pmpvststad, pmptrstpah as pmptrstpah</tableClause>  
       <whereClause><![CDATA[pmpvststad.stid=pmptrstpah.stid and (pmpvststad.DIVISCODE = 'W') and $defaultWhereClause]]></whereClause>  
    </operationBinding>
     <operationBinding operationId="pmpvststad_fetch_boreverse" operationType="fetch"  
       customValueFields="RSTID" 
      customCriteriaFields="RSTID">
	 <selectClause>pmpvststad.*,pmptrstpah.RSTID</selectClause>  
       <tableClause>pmpvststad as pmpvststad, pmptrstpah as pmptrstpah</tableClause>  
       <whereClause><![CDATA[pmpvststad.stid=pmptrstpah.stid and (pmpvststad.DIVISCODE = 'O') and $defaultWhereClause]]></whereClause>  
    </operationBinding>  
      </operationBindings>  
</DataSource>
