 <DataSource 
	  
	tableName="pmpvclmar"
	ID="pmpvclmar"
	dataSourceVersion="1"
	serverType="sql"
>
	<fields>
	<field title="Bond class" name="CLASSID" type="integer" filterOperator="equals" primaryKey="true" canEdit="false" filterEditorType="SelectItem" width="100" align="left" cellAlign="left" detail="false"></field>
	<field title="Curr. node" name="CRNODEID" type="integer" filterOperator="equals" width="100"  filterEditorType="SelectItem" canEdit="false" align="left" cellAlign="left" detail="false" ></field>
		<field title="Valid date" name="INIVDATE"  required="true" type="datetime" displayFormat="toEuropeanShortDate"  width="100" canEdit="true" align="left" cellAlign="left" detail="false"></field>
		<field title="End date" name="ENDVDATE"  required="true" type="datetime" displayFormat="toEuropeanShortDate"  width="100" canEdit="true" align="left" cellAlign="left" detail="false"></field>
		<field title="Send date" name="SENDDATE" required="true" type="datetime" displayFormat="toEuropeanShortDateTime"  width="100" canEdit="true" align="left" cellAlign="left" detail="false"></field>
		<field title="Status" name="STATUS" length="1" type="enum" width="60" canEdit="true" align="left" cellAlign="left" detail="false">
	        <valueMap>  
				<value ID="E">Enabled</value>  
				<value ID="D">Disabled</value> 
 			</valueMap> 
   		</field>
   		<field title="Curr. HP" name="CRNV" type="integer" filterOperator="equals" width="50"  canEdit="false" align="left" cellAlign="left" detail="true"></field>
   		<field title="Cur.per(days)" name="CRNDAYSPER" type="integer" filterOperator="equals" width="80"  canEdit="false" align="left" cellAlign="left" detail="true"></field>
   		<field title="Cur.cover" name="CRCOVER" type="float" filterOperator="equals" width="63" canEdit="false" align="left" cellAlign="left" detail="false"></field>
		<field title="Cur.mar." name="CRMARGIN" type="float" filterOperator="equals" width="63" canEdit="false" align="left" cellAlign="left" detail="false"></field>
		<field title="An.mar." name="ANMARGIN" type="float" filterOperator="equals" width="50" canEdit="false" align="left" cellAlign="left" detail="false"></field>
		<field title="An.cov." name="ANCOVER" type="float" filterOperator="equals" width="60" canEdit="false" align="left" cellAlign="left" detail="false"></field>
		<field title="An.per(days)" name="ANNDAYSPER" type="integer" filterOperator="equals" width="80"  canEdit="false" align="left" cellAlign="left" detail="true"></field>
		<field title="An. HP" name="ANNV" type="integer" filterOperator="equals" width="50"  canEdit="false" align="left" cellAlign="left" detail="true"></field>
		<field title="User mar." name="USERMARGIN" type="float" filterOperator="equals" width="50" canEdit="true" required="true" align="left" cellAlign="left" detail="false">
		<validators>
				<validator type="floatRange" min="0" max="1" errorMessage="Must be between 0 and 1. Ex. 99.5% is 0.995"/>
			</validators>
		</field>
		<field title="Analysis date" name="ANDATE"  type="datetime" displayFormat="toEuropeanShortDate"  width="100" canEdit="false" align="left" cellAlign="left" detail="false"></field>
		<field title="Prop.cov." name="PROPCOVER" type="float" filterOperator="equals" width="65" canEdit="false"  align="left" cellAlign="left" detail="false"></field>
		<field title="Prop.mar." name="PROPMARGIN" type="float" filterOperator="equals" width="65" canEdit="false"  align="left" cellAlign="left" detail="false"></field>			
		<field title="Working mar." name="WORKMAR" type="float" filterOperator="equals" width="85" canEdit="false" align="left" cellAlign="left" detail="true" ></field>
		<field title="Working from" name="WORKFROMDT" type="datetime" displayFormat="toEuropeanShortDateTime" width="100" editorType="TextItem" align="left" cellAlign="left" canEdit="false" detail="true"></field>
		<field title="Mar. change" name="CHMAR" type="float" filterOperator="equals" width="72" canEdit="false" align="left" cellAlign="left" detail="true" ></field>
		<field title="Approval" name="APPROVAL" length="1" type="enum" width="100" canEdit="false" align="left" cellAlign="left" detail="false">
	        <valueMap>  
				<value ID="A">Subm. for appr.</value>  
				<value ID="W">Working</value>
				<value ID="R">Rejected</value>     
 			</valueMap> 
   		</field>	
   		<field title="Propose" name="PROPOSE" length="1" type="enum" width="60" canEdit="true" align="left" cellAlign="left" detail="false">
	        <valueMap>  
				<value ID="C">Change</value>  
				<value ID="L">Leave</value>     
 			</valueMap> 
   		</field>	
   		<field title="Motivation" name="RCCODE" type="integer" filterOperator="equals"  editorType="SelectItem"  filterEditorType="SelectItem" width="100%"  canEdit="true" align="left" cellAlign="left" detail="true"></field>
   		<field title="Comment" name="COMMENT" length="500"  type="text" escapeHTML="true" width="100%" canEdit="true" align="left" cellAlign="left" detail="false"></field>
   		<field title="Update date" name="UPDDATE" type="datetime" displayFormat="toEuropeanShortDateTime" width="100" editorType="TextItem" align="left" cellAlign="left" canEdit="false" detail="true"></field>
		<field title="Update type" name="UPDTYPE"  type="text" escapeHTML="true"      canEdit="false" length="1" width="100" align="left" cellAlign="left" detail="true">
           <valueMap>
				<value ID="C">Create</value>
				<value ID="U">Update</value>
			</valueMap>
		</field>
		<field title="Update user" name="UPDUSR" length="30"  type="text" escapeHTML="true"      canEdit="false" width="100" align="left" cellAlign="left" detail="true"></field>
	    <field title="Division" name="DIVISCODE" length="30"  type="text" escapeHTML="true"      width="100" align="left" cellAlign="left" detail="true">
	    <valueMap>
				<value ID="E">Equities</value>
				<value ID="D">Eq.derivates</value>
				<value ID="I">Infl.bond</value>
				<value ID="O">Bond</value> 
				 <value ID="B">I.R. Nodes</value>
				<value ID="L">Elect.derivates</value>
				<value ID="X">Indices</value>
				<value ID="C">Currency</value>
<value ID="Y">Comparable</value>
<value ID="H">Haircut</value>
			</valueMap>
	    </field>
        <field title="Curr. log." name="CRLOG" length="200"  type="text" escapeHTML="true"      canEdit="false" align="left" cellAlign="left" detail="true"></field>
        <field title="An. log." name="ANLOG" length="200"  type="text" escapeHTML="true"      canEdit="false" align="left" cellAlign="left" detail="true"></field>
        <field title="Prop. log." name="PROPLOG" length="200"  type="text" escapeHTML="true"      canEdit="false" align="left" cellAlign="left" detail="true"></field>
        <field title="Curr. first hist. date" name="CRFRSTHISD" type="datetime" width="100" editorType="TextItem" align="left" cellAlign="left" canEdit="false" detail="true"></field>
  	    <field title="An. first hist. date" name="ANFRSTHISD" type="datetime" width="100" editorType="TextItem" align="left" cellAlign="left" canEdit="false" detail="true"></field>
  	    <field title="Curr. last hist. date" name="CRLASTHISD" type="datetime" width="100" editorType="TextItem" align="left" cellAlign="left" canEdit="false" detail="true"></field>
  	    <field title="An. last hist. date" name="ANLASTHISD" type="datetime" width="100" editorType="TextItem" align="left" cellAlign="left" canEdit="false" detail="true"></field>
        <field title="Susp." name="SUSP"  type="text" escapeHTML="true"      canEdit="true" length="1" width="70" align="left" cellAlign="left" detail="false">
           <valueMap>
				<value ID="T">Susp.</value>
				<value ID="F"> </value>
			</valueMap>
		</field>
		 <field title="Custom" name="CUSTOM"  type="text" escapeHTML="true"      canEdit="true" length="1" width="70" align="left" cellAlign="left" detail="false">
           <valueMap>
				<value ID="T">True</value>
				<value ID="F">False</value>
			</valueMap>
		</field>
		<field title="An. node id" name="ANNODEID" type="integer" filterOperator="equals" width="80"  canEdit="false" align="left" cellAlign="left" detail="false"></field>
		 <field title="Working mar." name="WORKMAR" type="float" filterOperator="equals" width="85" canEdit="false" align="left" cellAlign="left" detail="false" ></field>
  	</fields>
  	<serverObject lookupStyle="new" className="it.ccg.pamp.server.dmi.StandardDMI"/>
  <operationBindings>
	<operationBinding operationType="update" requiresRole="user"></operationBinding>
	<operationBinding operationType="delete" requiresRole="user"></operationBinding>
	<operationBinding operationType="add" requiresRole="user"></operationBinding>

     <operationBinding operationId="pmpvclmar_update_all_bo" operationType="update" requiresRole="user">  
         <whereClause><![CDATA[CLASSID in (select CLASSID from pmptclmar where diviscode='B')]]></whereClause>  
    </operationBinding>  
      <operationBinding operationId="pmpvclmar_update_all_ibo" operationType="update" requiresRole="user">  
         <whereClause><![CDATA[CLASSID in (select CLASSID from pmptclmar where diviscode='I')]]></whereClause>  
    </operationBinding>  
     <operationBinding operationId="pmpvclmar_update_all_hc" operationType="update" requiresRole="user">  
         <whereClause><![CDATA[CLASSID in (select CLASSID from pmptclmar where diviscode='H')]]></whereClause>  
    </operationBinding> 

   <operationBinding operationId="pmpvclmar__last_review_bo" operationType="fetch">  
         <whereClause><![CDATA[APPROVAL !='W' AND diviscode='B' and ($defaultWhereClause)]]></whereClause>  
    </operationBinding>  
     <operationBinding operationId="pmpvclmar__last_review_ibo" operationType="fetch">  
         <whereClause><![CDATA[APPROVAL !='W' AND diviscode='I' and ($defaultWhereClause)]]></whereClause>  
    </operationBinding>  
</operationBindings>
</DataSource>