 <DataSource 
	  
	tableName="pmptbtcl"
	ID="pmpvbtsmcl"
	dataSourceVersion="1"
	serverType="sql"
>
	<fields> 
	<field title="Back Test ID" name="BTID" type="integer" customSQL="true" tableName="pmpvbtsmcl"  filterOperator="equals"  width="100"  canEdit="false" align="left" cellAlign="left" detail="true"></field>
	<field title="Class" name="CLASSID" type="integer"  filterOperator="equals"  width="100%"  primaryKey="true" canEdit="false" align="left" cellAlign="left" detail="false"></field>
   		<field title="Sim. mar." name="USRMAR" type="float"  filterOperator="equals"  editorType="TextItem" filterEditorType="SpinnerItem"  width="80" canEdit="true" align="left" cellAlign="left" detail="false"></field>
		 <field title="Usr. breach" name="BREACHES" type="integer" customSQL="true" tableName="pmpvbtsmcl" filterOperator="equals"  editorType="TextItem" filterEditorType="SpinnerItem"  width="80" canEdit="false" align="left" cellAlign="left" detail="false"></field>
		<field title="Coverage" name="COVERAGE" type="float" customSQL="true" tableName="pmpvbtsmcl" filterOperator="equals"  filterEditorType="SpinnerItem"  width="80" canEdit="false" align="left" cellAlign="left" detail="false"></field>
		<field title="Variat. numb." name="USRDAYS" type="integer" customSQL="true" tableName="pmpvbtsmcl" filterOperator="equals"  filterEditorType="SpinnerItem"  width="80" canEdit="false" align="left" cellAlign="left" detail="false"></field>
		<field title="An. margin" name="ANMARGIN"  type="float" customSQL="true" tableName="PMPTCLMAR" filterOperator="equals"  filterEditorType="SpinnerItem"  width="80" canEdit="false" align="left" cellAlign="left" detail="false"></field>
		<field title="Working mar." name="MARGIN"  type="float" customSQL="true" tableName="PMPTCLMARH" filterOperator="equals"  filterEditorType="SpinnerItem"  width="80" canEdit="false" align="left" cellAlign="left" detail="false"></field>
</fields>
  	<serverObject lookupStyle="new" className="it.ccg.pamp.server.dmi.StandardDMI"/>
  	<operationBindings>
	   <operationBinding operationType="update" requiresRole="user"></operationBinding>
	   <operationBinding operationType="delete" requiresRole="user"></operationBinding>
	   <operationBinding operationType="add" requiresRole="user"></operationBinding>
	   
	     <operationBinding operationType="fetch" 
      customValueFields="BTID,BREACHES,USRDAYS,COVERAGE,ANMARGIN,MARGIN" 
      customCriteriaFields="BTID,BREACHES,USRDAYS,COVERAGE,ANMARGIN,MARGIN">  
       <customSQL><![CDATA[
select c.USRMAR,c.CLASSID,h.MARGIN,m.ANMARGIN,s.*
from pmpvbtsmcl s,pmptbtcl c,PMPTCLMARH h, PMPTCLMAR m
where s.classid=c.classid 
and m.CLASSID=c.CLASSID
and h.CLASSID=c.CLASSID
and not exists (select h1.INIVDATE
                from pmptclmarh h1
                where h1.INIVDATE>h.INIVDATE
                and h.CLASSID=h1.CLASSID)]]>
		  </customSQL>
   </operationBinding>  
	</operationBindings>  	
  
</DataSource>