<DataSource 
	  
	tableName="pmpvkststa"
	ID="pmpvkststa"
	dataSourceVersion="1"
	serverType="sql"
>
	<fields>
		<field title="Instrument ID" name="INSTRID" type="integer" filterOperator="equals" primaryKey="true" canEdit="false" filterEditorType="ComboBoxItem" width="100%" align="left" cellAlign="left" detail="true"></field>
		<field title="Instrument name"  name="INSTRNAME"  type="text" escapeHTML="true"      editorType="TextItem" length="255" width="100%" align="left" cellAlign="left" detail="false" canEdit="false"></field>
	     <field title="Haircut Class"  name="CLASSDESC"  type="text" escapeHTML="true"      editorType="TextItem" length="255" width="100%" align="left" cellAlign="left" detail="true" canEdit="false"></field>
		 <field title="Country"  name="COUNTRY"  type="text" escapeHTML="true"      editorType="TextItem" length="255" width="100%" align="left" cellAlign="left" detail="true" canEdit="false"></field>
		 <field title="Intracs ClassID" name="SICCLASSID" type="integer" filterOperator="equals" canEdit="false" filterEditorType="TextItem" width="80"  align="left" cellAlign="left" detail="true"></field>
		 <field title="Duration" name="DURATION" type="float" filterOperator="equals" canEdit="false" filterEditorType="TextItem" width="80"  align="left" cellAlign="left" detail="true"></field>
	    <field title="Stress test ID" name="STID" type="integer" filterOperator="equals" primaryKey="true" canEdit="false" filterEditorType="TextItem" width="80"  align="left" cellAlign="left" detail="false"></field>
	   <field title="Instr. type" name="INSTRTYPE"  canEdit="false" editorType="SelectItem"  filterEditorType="SelectItem" length="30"  type="text" escapeHTML="true"      width="120" detail="false"></field>
		<field title="Instr. sub-type" name="INSTRSTYPE"  type="text" escapeHTML="true"      editorType="SelectItem"  filterEditorType="SelectItem" canEdit="false" length="30" width="120" detail="false"></field>	
		<field title="I.R. curve" name="IRCURVEID" type="integer" filterOperator="equals" canEdit="false" filterEditorType="ComboBoxItem" width="100%" align="left" cellAlign="left" detail="true"></field>
		<field title="Status" name="STATUS" length="1"  type="text" escapeHTML="true"      width="100" canEdit="true" detail="true">
			<valueMap>
				<value ID="E">Enabled</value>
				<value ID="D">Disabled</value>
			</valueMap>
		</field>
		
	   <field title="ISIN code" name="CLASSCODE"  length="30"  type="text" escapeHTML="true"      width="100" canEdit="true" detail="false"></field>
	    <field title="Price" name="CLOSEPR" type="float" filterOperator="equals"  canEdit="false" align="left" width="70"  editorType="TextItem" filterEditorType="SpinnerItem"  cellAlign="left" detail="false"></field>
		<field title="Str. price" name="CLOSEPRST" type="float" filterOperator="equals"  canEdit="false" width="80" align="left"  editorType="TextItem" filterEditorType="SpinnerItem"  cellAlign="left" detail="false"></field>
	    <field title="Scenario" name="SCENARIO"  type="text" escapeHTML="true"      length="1" primaryKey="true" canEdit="false" width="80" filterEditorType="SelectItem" align="left" cellAlign="left" detail="false">
	     <valueMap>
				<value ID="I">Increase</value>
				<value ID="D">Decrease</value>
				<value ID="H">Parallel Inc.</value>
				<value ID="L">Parallel Dec.</value>
				<value ID="S">Steepening</value>
				<value ID="F">Flattening</value>
			</valueMap>
	    </field>
		<field title="Hist. Data upd.Day" name="HISTUPDDAY" type="datetime" primaryKey="true"   width="100" canEdit="false" align="left" cellAlign="left" detail="false"></field>
		<field title="Hp filter" name="NVVEC"  type="text" escapeHTML="true"       length="50" canEdit="false" width="150" align="left" cellAlign="left" detail="true" ></field>
		<field title="Period" name="NDAYSPER" type="integer" filterOperator="equals" filterEditorType="SelectItem" canEdit="false" width="60" editorType="TextItem" align="left" cellAlign="left" detail="true"></field>
		<field title="Margin" name="MARUSED" type="float" filterOperator="equals"  canEdit="false" align="left" width="80"  editorType="TextItem" filterEditorType="SpinnerItem"  cellAlign="left" detail="false"></field>
   		<field title="Used margin type" name="MARPROP" length="1"  type="text" escapeHTML="true"      width="100" align="left" canEdit="false" cellAlign="left" detail="true">
   		 <valueMap>
				<value ID="P">Proposed</value>
				<value ID="W">Working</value>
			</valueMap>
   		</field>
   		 <field title="I.R. Curve" name="IRCURVEID" type="integer" filterOperator="equals" canEdit="false" width="80"  align="left" cellAlign="left" detail="true" ></field>
	     <field title="Margin log" name="MARLOG"   type="text" escapeHTML="true"      width="150" length="1000" align="left" cellAlign="left" canEdit="false" detail="true" hidden="true"></field>
   		<field title="Var.(Mar. method)" name="MARRES" type="float" filterOperator="equals"  canEdit="false" width="100" align="left"  editorType="TextItem" filterEditorType="SpinnerItem"  cellAlign="left" detail="false"></field>
   		<field title="St. deviation" name="STDEV" type="float" filterOperator="equals"  canEdit="false" width="90" align="left"  editorType="TextItem" filterEditorType="SpinnerItem"  cellAlign="left" detail="false" hidden="true"></field>
   		<field title="Var.(St.dev. method)" name="STDEVRES" type="float" filterOperator="equals"  canEdit="false" width="110" align="left"  editorType="TextItem" filterEditorType="SpinnerItem"  cellAlign="left" detail="false" hidden="true"></field>
   		<field title="Extreme num." name="EXTRN" type="integer" filterOperator="equals" canEdit="false" width="90" editorType="TextItem" align="left" cellAlign="left" detail="true"></field>
		 <field title="Extreme sign" name="EXTRS" length="1"  type="text" escapeHTML="true"      width="110" align="left" canEdit="false" cellAlign="left" detail="true"></field>
   		 <field title="Extreme HP" name="EXTRNV" type="integer" filterOperator="equals" width="80" align="left" canEdit="false" cellAlign="left" detail="true"></field>
   		<field title="Var.(Extr.method)" name="EXTRRES" type="float" filterOperator="equals"  canEdit="false" width="100" align="left"  editorType="TextItem" filterEditorType="SpinnerItem"  cellAlign="left" detail="false"></field>
   		<field title="St. Test. Var." name="SCRES" type="float" filterOperator="equals"  canEdit="false" width="90" align="left"  editorType="TextItem" filterEditorType="SpinnerItem"  cellAlign="left" detail="false"></field>
   		 <field title="Chosen method" name="CHOOSENFUN" length="50"  type="text" escapeHTML="true"      width="110" align="left" canEdit="false" cellAlign="left" detail="false"></field>
   		<field title="Log" name="LOG"   type="text" escapeHTML="true"      width="150" length="1000" align="left" cellAlign="left" canEdit="false" detail="true"></field>
		<field title="Update date" name="UPDDATE" type="datetime"  width="100" editorType="TextItem" align="left" cellAlign="left" canEdit="false" detail="true"></field>
		<field title="Update type" name="UPDTYPE"  type="text" escapeHTML="true"      canEdit="false" length="1" width="100" align="left" cellAlign="left" detail="true">
           <valueMap>
				<value ID="C">Create</value>
				<value ID="U">Update</value>
			</valueMap>
		</field>
		<field title="Update user" name="UPDUSR" length="30"  type="text" escapeHTML="true"      canEdit="false" width="100" align="left" cellAlign="left" detail="true"></field>
    </fields>
	<serverObject lookupStyle="new" className="it.ccg.pamp.server.dmi.StandardDMI"/>
	  <operationBindings>
	<operationBinding operationType="update" requiresRole="user"></operationBinding>
	<operationBinding operationType="delete" requiresRole="user"></operationBinding>
	<operationBinding operationType="add" requiresRole="user"></operationBinding>
   
      </operationBindings>  
</DataSource>
