<DataSource 
	  
	tableName="pmpvsetcmp"
	ID="pmpvsetcmp"
	dataSourceVersion="1"
	serverType="sql"
>
	<fields>
	    <field  title="Instrument name" name="INSTRNAME"  length="255"  type="text" escapeHTML="true"      width="100%" detail="false"></field>
		<field title="Reuters code" name="RICCODE" length="30"  type="text" escapeHTML="true"      width="100" detail="false"></field>
		<field title="Instr. code" name="CLASSCODE" length="30"  type="text" escapeHTML="true"      width="100" detail="false"></field>
		<field title="Bloomberg code" name="BLOOMBCODE" length="30"  type="text" escapeHTML="true"       width="100" detail="true"></field>
		<field title="ISIN code" name="ISINCODE" length="12"  type="text" escapeHTML="true"      width="100"  detail="false"></field>
		<field title="Status" name="STATUS" length="1"  type="text" escapeHTML="true"      width="100" canEdit="true" detail="false">
			<valueMap>
				<value ID="E">Enabled</value>
				<value ID="D">Disabled</value>
				<value ID="S">Delisted</value>
			</valueMap>
		</field>
		<field title="Currency" name="CURRENCY" length="3"  type="text" escapeHTML="true"      width="65" detail="false"></field>
		<field title="Market" name="MARKETCODE" length="30"  type="text" escapeHTML="true"       width="50" detail="false"></field>
		<field title="Instr. type" name="INSTRTYPE" length="30"  type="text" escapeHTML="true"       width="65" detail="false"></field>
		<field title="Segment" name="SGMCODE" length="30"  type="text" escapeHTML="true"      width="100" detail="true"></field>
		<field title="Division" name="DIVISCODE" length="30"  type="text" escapeHTML="true"      width="100" detail="true">
		<valueMap>
				<value ID="E">Equities</value>
				<value ID="D">Eq.derivates</value>
				<value ID="I">Infl.bond</value>
				<value ID="O">Bond</value> 
				 <value ID="B">I.R. Nodes</value>
				<value ID="L">Elect.derivates</value>
				<value ID="X">Indices</value>
				<value ID="C">Currency</value>
<value ID="Y">Comparable</value>
<value ID="H">Haircut</value>
			</valueMap>
		</field>
		<field title="Super sector" name="SUPERSECT" length="30"  type="text" escapeHTML="true"      width="250" detail="false"></field>
		<field title="Industry" name="INDUSTRY" length="30"  type="text" escapeHTML="true"      width="250" detail="false"></field>
	
		<field title="Set ID" name="SETID" type="integer" filterOperator="equals" primaryKey="true" canEdit="false"  width="120" align="left" cellAlign="left" detail="true"></field>
	    <field title="Instrument ID" name="INSTRID" type="integer" filterOperator="equals" primaryKey="true" canEdit="false"  width="100" detail="true"></field>
	   <field title="Update date" name="UPDDATE" type="datetime"  width="100" editorType="TextItem" align="left" cellAlign="left" canEdit="false" detail="true"></field>
		<field title="Update type" name="UPDTYPE"  type="text" escapeHTML="true"      canEdit="false" length="1" width="100" align="left" cellAlign="left" detail="true">
           <valueMap>
				<value ID="C">Create</value>
				<value ID="U">Update</value>
			</valueMap>
		</field>
		<field title="Update user" name="UPDUSR" length="30"  type="text" escapeHTML="true"      canEdit="false" width="100" align="left" cellAlign="left" detail="true"></field>
	</fields>
	<serverObject lookupStyle="new" className="it.ccg.pamp.server.dmi.StandardDMI"/>
	<operationBindings>
	<operationBinding operationType="update" requiresRole="user"></operationBinding>
	<operationBinding operationType="delete" requiresRole="user"></operationBinding>
	<operationBinding operationType="add" requiresRole="user"></operationBinding>

	
	 <operationBinding operationId="eqsetcmpfetch" operationType="fetch">    
          <whereClause>
          	<![CDATA[diviscode='E'
          		AND($defaultWhereClause)]]>  
          </whereClause>  
       </operationBinding>  
	 <operationBinding operationId="edsetcmpfetch" operationType="fetch" >   
          <whereClause>
          	<![CDATA[diviscode='D'
          		AND($defaultWhereClause)
	         ]]>  
          </whereClause>  
       </operationBinding>  
	 <operationBinding operationId="elecsetcmpfetch" operationType="fetch" >   
          <whereClause>
          	<![CDATA[diviscode='L'
          		AND($defaultWhereClause)
	         ]]>  
          </whereClause>  
       </operationBinding>  
        <operationBinding operationId="compsetcmpfetch" operationType="fetch">    
          <whereClause>
          	<![CDATA[diviscode='Y'
          		AND($defaultWhereClause)]]>  
          </whereClause>  
       </operationBinding>  
	</operationBindings>
</DataSource>