<DataSource 
	  
	tableName="pmpvgrstat"
	ID="pmpvgrstat"
	dataSourceVersion="1"
	serverType="sql"
>
	<fields>
	    <field title="Set" name="SETNAME"  type="text" escapeHTML="true"      width="120" align="left" cellAlign="left" editorType="ComboBoxItem" canFilter="true" detail="false" ></field>
	    <field title="Instrument 1" name="INSTRNAME1"  type="text" escapeHTML="true"      width="120" align="left" editorType="ComboBoxItem" canFilter="true" cellAlign="left" detail="false" ></field>
	    <field title="Instrument 2" name="INSTRNAME2"  type="text" escapeHTML="true"      width="120" align="left" editorType="ComboBoxItem" canFilter="true" cellAlign="left" detail="false" ></field>
	    <field title="Division" name="DIVISCODE" required="true" length="20" type="enum" width="100" canEdit="true" detail="true">
			<valueMap>
				<value ID="E">Equities</value>
				<value ID="D">Eq.derivates</value>
				<value ID="I">Infl.bond</value>
				<value ID="O">Bond</value> 
				 <value ID="B">I.R. Nodes</value>
				<value ID="L">Elect.derivates</value>
				<value ID="X">Indices</value>
				<value ID="C">Currency</value>
<value ID="Y">Comparable</value>
<value ID="H">Haircut</value>
			</valueMap>
		</field>
	    <field title="Period" name="NDAYSDESC"  type="text" escapeHTML="true"      width="100" align="left" editorType="ComboBoxItem" canFilter="true" cellAlign="left" detail="false" ></field>
	    <field title="Set id" name="SETID" type="integer" filterOperator="equals" width="70" align="left" editorType="TextItem" cellAlign="left" detail="true" ></field>
		<field title="Instrument ID 1" name="INSTRID1" type="integer" filterOperator="equals" width="100"  primaryKey="true" editorType="ComboBoxItem" align="left" cellAlign="left" detail="true"></field>
		<field title="Instrument ID 2" name="INSTRID2" type="integer" filterOperator="equals" width="100"  primaryKey="true" align="left" editorType="ComboBoxItem" cellAlign="left" detail="true"></field>
		<field title="Period (days)" name="NDAYSPER" type="integer" filterOperator="equals" editorType="ComboBoxItem" width="80"  primaryKey="true" align="left" cellAlign="left" detail="false" ></field>
		<field title="HP" name="NV" type="integer" filterOperator="equals" width="80" primaryKey="true" editorType="ComboBoxItem" align="left" cellAlign="left" detail="false"></field>
		<field title="Var. type" name="VARTYPE" primaryKey="true"  type="text" escapeHTML="true"      length="1" width="100"  canEdit="false" align="left" cellAlign="left" detail="false">
		       <valueMap>  
				<value ID="L">Logarithmic</value>
				<value ID="P">Percentual</value> 
				</valueMap> 
		</field>
		<field title="Correlation" name="CORREL" type="float" filterOperator="equals"  editorType="TextItem" filterEditorType="SpinnerItem"  width="100" align="left" cellAlign="left" detail="false"></field>
		<field title="Pearson" name="PEARSON" type="float" filterOperator="equals"  editorType="TextItem" filterEditorType="SpinnerItem"  width="70" align="left" cellAlign="left" detail="false"></field>
		<field title="Mode" name="MODE" type="integer" filterOperator="equals" primaryKey="true" editorType="ComboBoxItem" width="80" canEdit="false" align="left" cellAlign="left" detail="true">
		 <valueMap>  
				<value ID="1">Last computation</value>
				<value ID="2">Last analysis</value> 
		</valueMap> 
		</field>
		<field title="Status" name="STATUS" length="1"  type="text" escapeHTML="true"      width="70" detail="false">
	        <valueMap>  
				<value ID="E">Enabled</value>  
				<value ID="A">Analysis only</value>   
				<value ID="D">Disabled</value>
 			</valueMap> 
   		</field>   		
		<field title="Active" name="ACTIVE" type="integer" filterOperator="equals" width="80" canEdit="false" align="left" editorType="ComboBoxItem" cellAlign="left" detail="true"></field>
		<field title="Div undiv" name="DIVUNDIV" type="float" filterOperator="equals"  editorType="TextItem" filterEditorType="SpinnerItem"  width="70" align="left" cellAlign="left" detail="false"></field>
		<field title="Slope" name="SLOPE" type="float" filterOperator="equals"  editorType="TextItem" filterEditorType="SpinnerItem"  width="70" align="left" cellAlign="left" detail="false"></field>
		<field title="Rel. Perf." name="RELPERF" type="float" filterOperator="equals"  editorType="TextItem" filterEditorType="SpinnerItem"  align="left" cellAlign="left" width="70" detail="false"></field>
		<field title="Tracking err." name="TRACKERR" type="float" filterOperator="equals"  editorType="TextItem" filterEditorType="SpinnerItem"  width="70" align="left" cellAlign="left" detail="false"></field>
		<field title="Historical days" name="HISTDAYS" type="integer" filterOperator="equals" editorType="TextItem" canEdit="false" align="left" cellAlign="left" detail="false"></field>
		<field title="Update date" name="UPDDATE" type="datetime" width="100" editorType="TextItem" align="left" cellAlign="left" canEdit="false" detail="true"></field>
		<field title="Update type" name="UPDTYPE"  type="text" escapeHTML="true"      canEdit="false" length="1" width="100" align="left" cellAlign="left" detail="true">
           <valueMap>
				<value ID="C">Create</value>
				<value ID="U">Update</value>
			</valueMap>
		</field>
		<field title="Update user" name="UPDUSR" length="30"  type="text" escapeHTML="true"      canEdit="false" width="100" align="left" cellAlign="left" detail="true"></field>
	    
	</fields>
	<operationBindings>
	<operationBinding operationType="update" requiresRole="user"></operationBinding>
	<operationBinding operationType="delete" requiresRole="user"></operationBinding>
	<operationBinding operationType="add" requiresRole="user"></operationBinding>
  
      <operationBinding operationId="gridcrit" operationType="fetch">  
       <customSQL>
       select distinct INSTRID1,INSTRID2,DIVISCODE, INSTRNAME1, INSTRNAME2, 
       NDAYSPER, NDAYSDESC, NV, VARTYPE, MODE, ACTIVE, CORREL, PEARSON, DIVUNDIV, SLOPE,
       RELPERF, TRACKERR, HISTDAYS,  STATUS 
       from pmpvgrstat 
       where pmpvgrstat.INSTRID1 in (SELECT INSTRID FROM pmptgrcmp WHERE GRID=$criteria.grid) AND
	         pmpvgrstat.INSTRID2 in (SELECT INSTRID FROM pmptgrcmp WHERE GRID=$criteria.grid) 
          	 AND pmpvgrstat.DIVISCODE='E'AND($defaultWhereClause) 
       </customSQL>
       </operationBinding>  
       <operationBinding operationId="pmpvgrstat_fetch_ed" operationType="fetch">  
         <tableClause>pmpvgrstat</tableClause>  
          <whereClause>
          	<![CDATA[
          		pmpvgrstat.INSTRID1 in (SELECT INSTRID FROM pmptgrcmp WHERE GRID=$criteria.grid) AND
	            pmpvgrstat.INSTRID2 in (SELECT INSTRID FROM pmptgrcmp WHERE GRID=$criteria.grid) 
          		AND pmpvgrstat.DIVISCODE='D'AND($defaultWhereClause)
	         ]]>  
          </whereClause>  
       </operationBinding>  
        <operationBinding operationId="pmpvgrstat_fetch_elec" operationType="fetch">  
         <tableClause>pmpvgrstat</tableClause>  
          <whereClause>
          	<![CDATA[
          		pmpvgrstat.INSTRID1 in (SELECT INSTRID FROM pmptgrcmp WHERE GRID=$criteria.grid) AND
	            pmpvgrstat.INSTRID2 in (SELECT INSTRID FROM pmptgrcmp WHERE GRID=$criteria.grid) 
          		AND pmpvgrstat.DIVISCODE='L'AND($defaultWhereClause)
	         ]]>  
          </whereClause>  
       </operationBinding>  
        <operationBinding operationId="eqgrstatfetch" operationType="fetch">  
          <tableClause>pmpvgrstat</tableClause>  
          <whereClause>
          	<![CDATA[
          		pmpvgrstat.DIVISCODE='E'AND ($defaultWhereClause)
	         ]]>  
          </whereClause>  
       </operationBinding>
       <operationBinding operationId="elecgrstatfetch" operationType="fetch">  
          <tableClause>pmpvgrstat</tableClause>  
          <whereClause>
          	<![CDATA[
          		pmpvgrstat.DIVISCODE='L'AND ($defaultWhereClause)
	         ]]>  
          </whereClause>  
       </operationBinding>      
        <operationBinding operationId="compgrstatfetch" operationType="fetch">  
          <tableClause>pmpvgrstat</tableClause>  
          <whereClause>
          	<![CDATA[
          		pmpvgrstat.DIVISCODE='Y'AND ($defaultWhereClause)
	         ]]>  
          </whereClause>  
       </operationBinding>    
         <operationBinding operationId="edgrstatfetch" operationType="fetch">  
          <tableClause>pmpvgrstat</tableClause>  
          <whereClause>
          	<![CDATA[
          		pmpvgrstat.DIVISCODE='D'AND ($defaultWhereClause)
	         ]]>  
          </whereClause>  
       </operationBinding>    
  </operationBindings>  	  

</DataSource>
