
<DataSource 
	  
	tableName="pmpvchkcpr"
	ID="pmpvchkcpr"
	serverType="sql"
>
	<fields>
		<field title="Date" name="DATE" type="datetime"  canEdit="true" align="left" cellAlign="left" detail="false"></field>
		<field title="Instrument ID" name="INSTRID" type="integer" filterOperator="equals" canEdit="false" length="30"  width="175" align="left" cellAlign="left" detail="true"/>
		<field title="Market" name="MARKETCODE"  type="text" escapeHTML="true"      required="true" canEdit="true" length="30"  align="left" cellAlign="left" detail="false"/> 
  	</fields>
  	<operationBindings>
	<operationBinding operationType="update" requiresRole="user"></operationBinding>
	<operationBinding operationType="delete" requiresRole="user"></operationBinding>
	<operationBinding operationType="add" requiresRole="user"></operationBinding>
 </operationBindings>  	
</DataSource>
