<DataSource 
	  
	tableName="pmpvextrpr"
	ID="pmpvextrpr"
	dataSourceVersion="1"
	serverType="sql"
>
	<fields>
		<field title="Instrument name" customSQL="true" tableName="pmptinstr" name="INSTRNAME" editorType="ComboBoxItem"  type="text" escapeHTML="true"      length="255" canFilter="true" align="left" cellAlign="left" detail="false"></field>
		<field title="Instrument ID" name="INSTRID" type="integer" filterOperator="equals" editorType="ComboBoxItem"  filterEditorType="SelectItem" width="80" align="left" cellAlign="left" detail="true"></field>
		  <field title="Division" name="DIVISCODE"  customSQL="true" tableName="pmptinstr" length="20" type="enum" width="100" canEdit="true" detail="false">
			<valueMap>
				<value ID="E">Equities</value>
				<value ID="D">Eq.derivates</value>
				<value ID="I">Infl.bond</value>
				<value ID="O">Bond</value> 
				 <value ID="B">I.R. Nodes</value>
				<value ID="L">Elect.derivates</value>
				<value ID="X">Indices</value>
				<value ID="C">Currency</value>
<value ID="Y">Comparable</value>
<value ID="H">Haircut</value>
			</valueMap>
		</field>
		<field title="First date" name="FIRSTDATE" type="datetime"  width="70"  align="left" cellAlign="left" detail="false"></field>
		<field title="Last date" name="LASTDATE" type="datetime"  width="70"  align="left" cellAlign="left" detail="false"></field>
		<field title="Daily sessions" name="NUM" type="integer" filterOperator="equals" width="90" align="left" cellAlign="left" detail="false"></field>
	</fields>
	<operationBindings>
	<operationBinding operationType="update" requiresRole="user"></operationBinding>
	<operationBinding operationType="delete" requiresRole="user"></operationBinding>
	<operationBinding operationType="add" requiresRole="user"></operationBinding>
  
      
       <operationBinding operationType="fetch" 
       customValueFields="INSTRNAME,DIVISCODE" 
        customCriteriaFields="INSTRNAME,DIVISCODE"
       >  
       <selectClause>
          pmpvextrpr.*,pmptinstr.INSTRNAME AS INSTRNAME,pmptinstr.DIVISCODE
          </selectClause>
        <tableClause>(SElECT * FROM PMPVEXTRPR UNION SELECT * FROM PMPVEXTRDE) as PMPVEXTRPR, pmptsetup, pmptinstr</tableClause>  
          <whereClause><![CDATA[
           pmptinstr.INSTRID = pmpvextrpr.INSTRID 
           AND pmptinstr.DIVISCODE=pmptsetup.diviscode 
           AND (pmptinstr.STATUS='E' OR pmptinstr.STATUS='U')
           AND pmpvextrpr.LASTDATE < case dayofweek(pmptsetup.HISLDATE) when 1 then pmptsetup.HISLDATE - 2 days when 2 then pmptsetup.HISLDATE - 3 days else pmptsetup.HISLDATE - 1 days end    
           AND pmptsetup.HISLDATEN='T' 
           AND ($defaultWhereClause)
          ]]>  
          </whereClause>  
      </operationBinding>  
 </operationBindings>  	
	
</DataSource>