<DataSource 
	  
	tableName="pmpvmichisthc"
	ID="pmpvmichisthc"
	dataSourceVersion="1"
	serverType="sql"
>
	<fields>
		<field title="Instrument name" name="INSTRNAME"  type="text" escapeHTML="true"  width="100%" editorType="ComboBoxItem" align="left" cellAlign="left" detail="false" canEdit="false"></field>
	    <field title="Instrument ID" name="INSTRID" escapeHTML="true" type="integer" filterOperator="equals" primaryKey="true" canEdit="false" width="200"  align="left" cellAlign="left" detail="false"></field>
		<field title="Price date" name="PRICEDATE" type="datetime" primaryKey="true"   width="100" canEdit="false" align="left" cellAlign="left" detail="false"></field>
		<field title="Haircut" name="HAIRCUT" type="float" filterOperator="equals" canEdit="false" align="left" width="100"  editorType="TextItem" filterEditorType="SpinnerItem"  cellAlign="left" detail="false"></field>
		<field title="Duration" name="DURATION" type="float"  filterOperator="equals"  canEdit="false" align="left" width="100"  editorType="TextItem" filterEditorType="SpinnerItem"  cellAlign="left" detail="false"></field>
	</fields>
  <serverObject lookupStyle="new" className="it.ccg.pamp.server.dmi.StandardDMI"/>
  <operationBindings>
	<operationBinding operationType="update" requiresRole="user"></operationBinding>
	<operationBinding operationType="delete" requiresRole="user"></operationBinding>
	<operationBinding operationType="add" requiresRole="user"></operationBinding>
  
     <operationBinding operationId="pmpvmichisthc_distinct" operationType="fetch" >  
       <selectClause> distinct pmpvmichisthc.INSTRID, pmpvmichisthc.INSTRNAME </selectClause>
        <tableClause>pmpvmichisthc</tableClause>
        <whereClause><![CDATA[$defaultWhereClause]]></whereClause>  
       <orderClause><![CDATA[pmpvmichisthc.INSTRID asc]]></orderClause> 
    </operationBinding>  
    
    <operationBinding operationId="pmpvmichisthc_fetch" operationType="fetch" >  
       <whereClause><![CDATA[$defaultWhereClause]]></whereClause>  
       <orderClause><![CDATA[pmpvmichisthc.INSTRID, pmpvmichisthc.PRICEDATE asc]]></orderClause> 
    </operationBinding>    
      
</operationBindings>  	
</DataSource>
