<DataSource    tableName="pmpvsmconf" ID="pmpvsmconf"
	dataSourceVersion="1" serverType="sql">
	<fields>
		<field title="Instrument ID" name="INSTRID" type="integer" filterOperator="equals" width="90" primaryKey="true" canEdit="false" detail="true"></field>
		<field title="HP" name="NV" type="integer" filterOperator="equals" primaryKey="true" canEdit="false" width="100%" align="left" cellAlign="left" detail="false"></field>
		<field title="Period" name="NDAYSDESC"  type="text" escapeHTML="true"      canFilter="true" width="100%" align="left" cellAlign="left" detail="false" canEdit="false"></field>
		<field title="Period(days)" name="NDAYSPER" type="integer" filterOperator="equals" primaryKey="true" canEdit="false" width="100%" align="left" cellAlign="left" detail="false"></field>
		<field title="Status" name="STATUS" length="13" canEdit="true" width="70" detail="false">
			<valueMap>
				<value ID="E">Enabled</value>
				<value ID="D">Disabled</value>
				<value ID="A">Analysis only</value>
			</valueMap>
		</field>
		<field title="Confidence" name="CONFIDENCE" required="true" type="float" filterOperator="equals" filterEditorType="SpinnerItem" canEdit="true" width="80" align="left" cellAlign="left" detail="false">
			<validators>
				<validator type="floatRange" min="0" max="1" errorMessage="Must be between 0 and 1. Ex. 99.5% is 0.995"/>
			</validators>
		</field>
		<field title="Uncovered events" name="UNCEV" type="integer" filterOperator="equals" canEdit="true" width="100"  filterEditorType="SpinnerItem" align="left" cellAlign="left" detail="false">
		<validators>
				<validator type="integerRange" min="0" errorMessage="Must be greater than 0"/>
		</validators>
		</field>
		<field title="Total events" name="COVPERC" type="float" filterOperator="equals" canEdit="false" width="100" align="left" filterEditorType="SpinnerItem" cellAlign="left" detail="false"></field>
	   <field title="Update date" name="UPDDATE" type="datetime" displayFormat="toEuropeanShortDateTime" width="100" editorType="TextItem" align="left" cellAlign="left" canEdit="false" detail="true"></field>
		<field title="Update type" name="UPDTYPE"  type="text" escapeHTML="true"      canEdit="false" length="1" width="100" align="left" cellAlign="left" detail="true">
           <valueMap>
				<value ID="C">Create</value>
				<value ID="U">Update</value>
			</valueMap>
		</field>
		<field title="Update user" name="UPDUSR" primaryKey="true"  length="30"  type="text" escapeHTML="true"      canEdit="false" width="100" align="left" cellAlign="left" detail="true"></field>
	</fields>
		<serverObject lookupStyle="new" className="it.ccg.pamp.server.dmi.UserDMI"/>
	 <operationBindings>
	<operationBinding operationType="update" requiresRole="user"></operationBinding>
	<operationBinding operationType="delete" requiresRole="user"></operationBinding>
	<operationBinding operationType="add" requiresRole="user"></operationBinding>
    
	 <operationBinding operationId="pmptsmconffetch" operationType="fetch">  
          <whereClause><![CDATA[(pmpvsmconf.UPDUSR=$criteria.USER) AND ($defaultWhereClause)]]></whereClause>  
     </operationBinding>  
</operationBindings>  
</DataSource>