<DataSource    
tableName="pmpvbtcoll" 
	ID="pmpvbtcoll" 
dataSourceVersion="1" 
serverType="sql"> 
	<fields>
		<field title="Back Test ID" name="BTID"  type="integer" filterOperator="equals"  width="100" editorType="SelectItem" canEdit="false" align="left" cellAlign="left" detail="false"></field>
		<field title="Breach Date" name="BTDATE" type="datetime"    width="200" canEdit="false" align="left" cellAlign="left" detail="false"></field>
		<field title="Start date" name="STARTDATE" type="datetime"    width="200" canEdit="false" align="left" cellAlign="left" detail="false"></field>
		<field title="End date" name="ENDDATE" type="datetime"    width="200" canEdit="false" align="left" cellAlign="left" detail="false"></field>
		<field title="HP" name="HPARR" type="text" escapeHTML="true"  canEdit="false" editorType="SelectItem" align="left" width="200" cellAlign="left" detail="false"></field>
		<field title="Breach" name="BREACHNUMB" type="integer" filterOperator="equals"  width="100%"  canEdit="false" align="left" cellAlign="left" detail="false"></field>
		<field title="Status" name="STATUS" length="1"  type="text" escapeHTML="true"      width="200" canEdit="true" detail="false">
			<valueMap>
				<value ID="T">True</value>
				<value ID="F">False</value>
			</valueMap>
		</field>
	</fields>
	<serverObject lookupStyle="new" className="it.ccg.pamp.server.dmi.StandardDMI"/>
	<operationBindings>
	<operationBinding operationType="fetch" >  
	 <whereClause><![CDATA[ $defaultWhereClause]]></whereClause>  
       <orderClause><![CDATA[BTID DESC]]></orderClause>  
   </operationBinding>        
 </operationBindings> 
</DataSource>