<DataSource 
	  
	tableName="pmpvrvar"
	ID="pmpvrvar"
	dataSourceVersion="1"
	serverType="sql"
>
	<fields>
		<field title="Instrument name" customSQL="true" tableName="pmptinstr" name="INSTRNAME" editorType="TextItem"  type="text" escapeHTML="true"      length="255"  align="left" cellAlign="left" detail="false"></field>
		<field title="Instr. code" customSQL="true" tableName="pmptinstr" name="CLASSCODE"  type="text" escapeHTML="true"      length="30" canFilter="true" width="80" align="left" cellAlign="left" detail="false" canEdit="false"></field>
		<field title="I.R. Curve Name" customSQL="true" tableName="pmptinstr" name="LISTNAME" length="255"  type="text" escapeHTML="true"      width="100" canEdit="false" detail="false"></field>
		<field title="Bond class" customSQL="true" tableName="pmptinstr"  name="BNDCLASSID" type="integer" filterOperator="equals" canEdit="true" width="100" editorType="ComboBoxItem" filterEditorType="SelectItem" detail="false" align="left" cellAlign="left"></field>
		<field title="Period" customSQL="true" tableName="pmptper" name="NDAYSDESC"  type="text" escapeHTML="true"      length="30" canFilter="true" editorType="ComboBoxItem" width="70" align="left" cellAlign="left" detail="false"></field>
		<field title="Instrument ID" name="INSTRID" type="integer" filterOperator="equals" width="80" align="left" cellAlign="left" detail="true"></field>
		<field title="HP" name="NV" type="integer" filterOperator="equals" width="40" editorType="ComboBoxItem"  filterEditorType="SelectItem" align="left" cellAlign="left" detail="false"></field>
		<field title="Period (days)" name="NDAYSPER" type="integer" filterOperator="equals" editorType="ComboBoxItem" width="73"  align="left" cellAlign="left" detail="false" ></field>
		<field title="Var. type" name="VARTYPE"   type="text" escapeHTML="true"      length="1" width="70"  align="left" cellAlign="left" detail="true">
		       <valueMap>  
				<value ID="L">Logarithmic</value>
				<value ID="P">Percentual</value> 
				</valueMap> 
		</field>
	<field title="Mode" name="MODE" type="integer" primaryKey="true" editorType="ComboBoxItem" width="70" canEdit="false" align="left" cellAlign="left" detail="true">
		 <valueMap>  
				<value ID="1">Last computation</value>
				<value ID="2">Last analysis</value>
		</valueMap> 
		</field>
		<field title="Status" name="STATUS" length="1"  type="text" escapeHTML="true"      width="70" detail="true">
	        <valueMap>  
				<value ID="E">Enabled</value>    
				<value ID="D">Disabled</value>
 			</valueMap> 
   		</field>   		
		<field title="MinDate1" name="ND10" type="date" customSelectExpression="CAST(ND10 as DATE)"  width="70"  align="left" cellAlign="left" detail="false"></field>
		<field title="Min1" name="NV10" type="float" filterOperator="equals" width="60"   editorType="TextItem" filterEditorType="SpinnerItem"  align="left" cellAlign="left" detail="false"></field>
	    <field title="MinDate2" name="ND9" type="date" customSelectExpression="CAST(ND9 as DATE)"  width="70"  align="left" cellAlign="left" detail="true"></field>
		<field title="Min2" name="NV9" type="float" filterOperator="equals" width="60"   editorType="TextItem" filterEditorType="SpinnerItem"  align="left" cellAlign="left" detail="false"></field>
	    <field title="MinDate3" name="ND8" type="date" customSelectExpression="CAST(ND8 as DATE)"  width="70"  align="left" cellAlign="left" detail="true"></field>
		<field title="Min3" name="NV8" type="float" filterOperator="equals" width="60"   editorType="TextItem" filterEditorType="SpinnerItem"  align="left" cellAlign="left" detail="false"></field>
	    <field title="MinDate4" name="ND7" type="date" customSelectExpression="CAST(ND7 as DATE)"  width="70"  align="left" cellAlign="left" detail="true"></field>
		<field title="Min4" name="NV7" type="float" filterOperator="equals" width="60"   editorType="TextItem" filterEditorType="SpinnerItem"  align="left" cellAlign="left" detail="false"></field>
	    <field title="MinDate5" name="ND6" type="date" customSelectExpression="CAST(ND6 as DATE)"  width="70"  align="left" cellAlign="left" detail="true"></field>
		<field title="Min5" name="NV6" type="float" filterOperator="equals" width="60"   editorType="TextItem" filterEditorType="SpinnerItem"  align="left" cellAlign="left" detail="false"></field>
	    <field title="MinDate6" name="ND5" type="date" customSelectExpression="CAST(ND5 as DATE)"  width="70"  align="left" cellAlign="left" detail="true"></field>
		<field title="Min6" name="NV5" type="float" filterOperator="equals" width="60"   editorType="TextItem" filterEditorType="SpinnerItem"  align="left" cellAlign="left" detail="false"></field>
	    <field title="MinDate7" name="ND4" type="date" customSelectExpression="CAST(ND4 as DATE)"  width="70"  align="left" cellAlign="left" detail="true"></field>
	    <field title="Min7" name="NV4" type="float" filterOperator="equals" width="60"   editorType="TextItem" filterEditorType="SpinnerItem"  align="left" cellAlign="left" detail="false"></field>
		<field title="MinDate8" name="ND3" type="date" customSelectExpression="CAST(ND3 as DATE)"  width="70"  align="left" cellAlign="left" detail="true"></field>
		<field title="Min8" name="NV3" type="float" filterOperator="equals" width="60"   editorType="TextItem" filterEditorType="SpinnerItem"  align="left" cellAlign="left" detail="true"></field>
		<field title="MinDate9" name="ND2" type="date" customSelectExpression="CAST(ND2 as DATE)"  width="70"  align="left" cellAlign="left" detail="true"></field>
		<field title="Min9" name="NV2" type="float" filterOperator="equals" width="60"   editorType="TextItem" filterEditorType="SpinnerItem"  align="left" cellAlign="left" detail="true"></field>
		<field title="MinDate10" name="ND1" type="date" customSelectExpression="CAST(ND1 as DATE)"  width="70"  align="left" cellAlign="left" detail="true"></field>
		<field title="Min10" name="NV1" type="float" filterOperator="equals" width="60"  editorType="TextItem" filterEditorType="SpinnerItem"  align="left" cellAlign="left" detail="true"></field>
		
		<field title="MaxDate10" name="D1" type="date" customSelectExpression="CAST(D1 as DATE)"  width="70"  align="left" cellAlign="left" detail="true"></field>
		<field title="Max10" name="V1" type="float" filterOperator="equals" width="60"   editorType="TextItem" filterEditorType="SpinnerItem"  align="left" cellAlign="left" detail="true"></field>
		<field title="MaxDate9" name="D2" type="date" customSelectExpression="CAST(D2 as DATE)"  width="70"  align="left" cellAlign="left" detail="true"></field>
		<field title="Max9" name="V2" type="float" filterOperator="equals" width="60"   editorType="TextItem" filterEditorType="SpinnerItem"  align="left" cellAlign="left" detail="true"></field>
		<field title="MaxDate8" name="D3" type="date" customSelectExpression="CAST(D3 as DATE)"  width="70"  align="left" cellAlign="left" detail="true"></field>
		<field title="Max8" name="V3" type="float" filterOperator="equals" width="60"   editorType="TextItem" filterEditorType="SpinnerItem"  align="left" cellAlign="left" detail="true"></field>
		<field title="MaxDate7" name="D4" type="date" customSelectExpression="CAST(D4 as DATE)"  width="70"  align="left" cellAlign="left" detail="true"></field>
		<field title="Max7" name="V4" type="float" filterOperator="equals" width="60"   editorType="TextItem" filterEditorType="SpinnerItem"  align="left" cellAlign="left" detail="false"></field>
		<field title="MaxDate6" name="D5" type="date" customSelectExpression="CAST(D5 as DATE)"  width="70"  align="left" cellAlign="left" detail="true"></field>
		<field title="Max6" name="V5" type="float" filterOperator="equals" width="60"   editorType="TextItem" filterEditorType="SpinnerItem"  align="left" cellAlign="left" detail="false"></field>
		<field title="MaxDate5" name="D6" type="date" customSelectExpression="CAST(D6 as DATE)"  width="70"  align="left" cellAlign="left" detail="true"></field>
		<field title="Max5" name="V6" type="float" filterOperator="equals" width="60"   editorType="TextItem" filterEditorType="SpinnerItem"  align="left" cellAlign="left" detail="false"></field>
	    <field title="MaxDate4" name="D7" type="date" customSelectExpression="CAST(D7 as DATE)"  width="70"  align="left" cellAlign="left" detail="true"></field>
		<field title="Max4" name="V7" type="float" filterOperator="equals" width="60"   editorType="TextItem" filterEditorType="SpinnerItem"  align="left" cellAlign="left" detail="false"></field>
	    <field title="MaxDate3" name="D8" type="date" customSelectExpression="CAST(D8 as DATE)"  width="70"  align="left" cellAlign="left" detail="true"></field>
		<field title="Max3" name="V8" type="float" filterOperator="equals" width="60"   editorType="TextItem" filterEditorType="SpinnerItem"  align="left" cellAlign="left" detail="false"></field>
	    <field title="MaxDate2" name="D9" type="date" customSelectExpression="CAST(N9 as DATE)"  width="70"  align="left" cellAlign="left" detail="true"></field>
		<field title="Max2" name="V9" type="float" filterOperator="equals" width="60"   editorType="TextItem" filterEditorType="SpinnerItem"  align="left" cellAlign="left" detail="false"></field>
	    <field title="MaxDate1" name="D10" type="date" customSelectExpression="CAST(D10 as DATE)"  width="70"  align="left" cellAlign="left" detail="false"></field>
		<field title="Max1" name="V10" type="float" filterOperator="equals" width="60"   editorType="TextItem" filterEditorType="SpinnerItem"  align="left" cellAlign="left" detail="false"></field>
	</fields>
	<operationBindings>
	<operationBinding operationType="update" requiresRole="user"></operationBinding>
	<operationBinding operationType="delete" requiresRole="user"></operationBinding>
	<operationBinding operationType="add" requiresRole="user"></operationBinding>
  
       <operationBinding operationType="fetch" >  
       <orderClause><![CDATA[NV desc,NDAYSPER desc]]></orderClause>
      </operationBinding>  
      <operationBinding operationId="perinstridfieldjoin" operationType="fetch" 
       customValueFields="NDAYSDESC,INSTRNAME,CLASSCODE,LISTNAME" 
        customCriteriaFields="NDAYSDESC,INSTRNAME,CLASSCODE,LISTNAME"
       >  
       <selectClause>
          pmpvrvar.*, pmptper.NDAYSDESC AS NDAYSDESC, pmptinstr.INSTRNAME AS INSTRNAME, pmptinstr.CLASSCODE AS CLASSCODE, pmptinstr.LISTNAME as LISTNAME
          </selectClause>
        <tableClause>pmpvrvar, pmptper, pmptinstr</tableClause>  
          <whereClause><![CDATA[
           pmpvrvar.NDAYSPER = pmptper.NDAYSPER AND
           pmptinstr.INSTRID = pmpvrvar.INSTRID AND
           pmptinstr.DIVISCODE='E' AND
          ($defaultWhereClause)
          ]]>  
          </whereClause>  
          <orderClause>pmpvrvar.NDAYSPER,pmpvrvar.NV</orderClause>
      </operationBinding>  
       <operationBinding operationId="pmpvrvar_fetch_forcurrency" operationType="fetch" 
       customValueFields="NDAYSDESC,INSTRNAME,CLASSCODE,LISTNAME" 
        customCriteriaFields="NDAYSDESC,INSTRNAME,CLASSCODE,LISTNAME"
       >  
       <selectClause>
          pmpvrvar.*, pmptper.NDAYSDESC AS NDAYSDESC, pmptinstr.INSTRNAME AS INSTRNAME, pmptinstr.CLASSCODE AS CLASSCODE, pmptinstr.LISTNAME as LISTNAME
          </selectClause>
        <tableClause>pmpvrvar, pmptper, pmptinstr</tableClause>  
          <whereClause><![CDATA[
           pmpvrvar.NDAYSPER = pmptper.NDAYSPER AND
           pmptinstr.INSTRID = pmpvrvar.INSTRID AND
           pmptinstr.DIVISCODE='C' AND
          ($defaultWhereClause)
          ]]>  
          </whereClause>  
          <orderClause>pmpvrvar.NDAYSPER,pmpvrvar.NV</orderClause>
      </operationBinding>  
       <operationBinding operationId="pmpvrvar_fetch_forcomparable" operationType="fetch" 
       customValueFields="NDAYSDESC,INSTRNAME,CLASSCODE,LISTNAME" 
        customCriteriaFields="NDAYSDESC,INSTRNAME,CLASSCODE,LISTNAME"
       >  
       <selectClause>
          pmpvrvar.*, pmptper.NDAYSDESC AS NDAYSDESC, pmptinstr.INSTRNAME AS INSTRNAME, pmptinstr.CLASSCODE AS CLASSCODE, pmptinstr.LISTNAME as LISTNAME
          </selectClause>
        <tableClause>pmpvrvar, pmptper, pmptinstr</tableClause>  
          <whereClause><![CDATA[
           pmpvrvar.NDAYSPER = pmptper.NDAYSPER AND
           pmptinstr.INSTRID = pmpvrvar.INSTRID AND
           pmptinstr.DIVISCODE='Y' AND
          ($defaultWhereClause)
          ]]>  
          </whereClause>  
          <orderClause>pmpvrvar.NDAYSPER,pmpvrvar.NV</orderClause>
      </operationBinding>  
       <operationBinding operationId="pmpvrvar_fetch_curr" operationType="fetch" 
       customValueFields="NDAYSDESC,INSTRNAME,CLASSCODE" 
        customCriteriaFields="NDAYSDESC,INSTRNAME,CLASSCODE"
       >  
       <selectClause>
          pmpvrvar.*, pmptper.NDAYSDESC AS NDAYSDESC, pmptinstr.INSTRNAME AS INSTRNAME, pmptinstr.CLASSCODE AS CLASSCODE
          </selectClause>
        <tableClause>pmpvrvar, pmptper, pmptinstr</tableClause>  
          <whereClause><![CDATA[
           pmpvrvar.NDAYSPER = pmptper.NDAYSPER AND
           pmptinstr.INSTRID = pmpvrvar.INSTRID AND
           pmptinstr.DIVISCODE='C' AND
          ($defaultWhereClause)
          ]]>  
          </whereClause> 
          <orderClause>pmpvrvar.NDAYSPER,pmpvrvar.NV</orderClause> 
      </operationBinding>  
      <operationBinding operationId="pmpvrvar_fetch_ix" operationType="fetch" 
       customValueFields="NDAYSDESC,INSTRNAME,CLASSCODE" 
        customCriteriaFields="NDAYSDESC,INSTRNAME,CLASSCODE"
       >  
       <selectClause>
          pmpvrvar.*, pmptper.NDAYSDESC AS NDAYSDESC, pmptinstr.INSTRNAME AS INSTRNAME, pmptinstr.CLASSCODE AS CLASSCODE
          </selectClause>
        <tableClause>pmpvrvar, pmptper, pmptinstr</tableClause>  
          <whereClause><![CDATA[
           pmpvrvar.NDAYSPER = pmptper.NDAYSPER AND
           pmptinstr.INSTRID = pmpvrvar.INSTRID AND
           pmptinstr.DIVISCODE='X' AND
          ($defaultWhereClause)
          ]]>  
          </whereClause> 
          <orderClause>pmpvrvar.NDAYSPER,pmpvrvar.NV</orderClause> 
      </operationBinding>  
       <operationBinding operationId="pmpvrvar_fetch_ed" operationType="fetch" 
       customValueFields="NDAYSDESC,INSTRNAME,CLASSCODE" 
        customCriteriaFields="NDAYSDESC,INSTRNAME,CLASSCODE"
       >  
       <selectClause>
          pmpvrvar.*, pmptper.NDAYSDESC AS NDAYSDESC, pmptinstr.INSTRNAME AS INSTRNAME, pmptinstr.CLASSCODE AS CLASSCODE
          </selectClause>
        <tableClause>pmpvrvar, pmptper, pmptinstr</tableClause>  
          <whereClause><![CDATA[
           pmpvrvar.NDAYSPER = pmptper.NDAYSPER AND
           pmptinstr.INSTRID = pmpvrvar.INSTRID AND
           pmptinstr.DIVISCODE='D' AND
          ($defaultWhereClause)
          ]]>  
          </whereClause> 
          <orderClause>pmpvrvar.NDAYSPER,pmpvrvar.NV</orderClause> 
      </operationBinding>  
      <operationBinding operationId="pmpvrvar_fetch_agx" operationType="fetch" 
       customValueFields="NDAYSDESC,INSTRNAME,CLASSCODE" 
        customCriteriaFields="NDAYSDESC,INSTRNAME,CLASSCODE"
       >  
       <selectClause>
          pmpvrvar.*, pmptper.NDAYSDESC AS NDAYSDESC, pmptinstr.INSTRNAME AS INSTRNAME, pmptinstr.CLASSCODE AS CLASSCODE
          </selectClause>
        <tableClause>pmpvrvar, pmptper, pmptinstr</tableClause>  
          <whereClause><![CDATA[
           pmpvrvar.NDAYSPER = pmptper.NDAYSPER AND
           pmptinstr.INSTRID = pmpvrvar.INSTRID AND
           pmptinstr.DIVISCODE='W' AND
          ($defaultWhereClause)
          ]]>  
          </whereClause> 
          <orderClause>pmpvrvar.NDAYSPER,pmpvrvar.NV</orderClause> 
      </operationBinding>  
        <operationBinding operationId="pmpvrvar_fetch_bo" operationType="fetch" 
       customValueFields="NDAYSDESC,INSTRNAME,CLASSCODE,BNDCLASSID" 
        customCriteriaFields="NDAYSDESC,INSTRNAME,CLASSCODE,BNDCLASSID"
       >  
       <selectClause>
          pmpvrvar.*, pmptper.NDAYSDESC AS NDAYSDESC, pmptinstr.INSTRNAME AS INSTRNAME, pmptinstr.BNDCLASSID AS BNDCLASSID
          </selectClause>
        <tableClause>pmpvrvar, pmptper, pmptinstr</tableClause>  
          <whereClause><![CDATA[
          ($defaultWhereClause) AND
           pmpvrvar.NDAYSPER = pmptper.NDAYSPER AND
           pmptinstr.INSTRID = pmpvrvar.INSTRID AND
           pmptinstr.DIVISCODE='B'
          ]]>  
          </whereClause>  
          <orderClause>pmpvrvar.NDAYSPER,pmpvrvar.NV</orderClause>
      </operationBinding>  
      <operationBinding operationId="pmpvrvar_fetch_hc" operationType="fetch" 
       customValueFields="NDAYSDESC,INSTRNAME,CLASSCODE,BNDCLASSID" 
        customCriteriaFields="NDAYSDESC,INSTRNAME,CLASSCODE,BNDCLASSID"
       >  
       <selectClause>
          pmpvrvar.*, pmptper.NDAYSDESC AS NDAYSDESC, pmptinstr.INSTRNAME AS INSTRNAME, pmptinstr.BNDCLASSID AS BNDCLASSID
          </selectClause>
        <tableClause>pmpvrvar, pmptper, pmptinstr</tableClause>  
          <whereClause><![CDATA[
          ($defaultWhereClause) AND
           pmpvrvar.NDAYSPER = pmptper.NDAYSPER AND
           pmptinstr.INSTRID = pmpvrvar.INSTRID AND
           pmptinstr.DIVISCODE='H'
          ]]>  
          </whereClause>  
          <orderClause>pmpvrvar.NDAYSPER,pmpvrvar.NV</orderClause>
      </operationBinding>  
       <operationBinding operationId="pmpvrvar_fetch_ibo" operationType="fetch" 
       customValueFields="NDAYSDESC,INSTRNAME,CLASSCODE,BNDCLASSID" 
        customCriteriaFields="NDAYSDESC,INSTRNAME,CLASSCODE,BNDCLASSID"
       >  
       <selectClause>
          pmpvrvar.*, pmptper.NDAYSDESC AS NDAYSDESC, pmptinstr.INSTRNAME AS INSTRNAME, pmptinstr.BNDCLASSID AS BNDCLASSID
          </selectClause>
        <tableClause>pmpvrvar, pmptper, pmptinstr</tableClause>  
          <whereClause><![CDATA[
          ($defaultWhereClause) AND
           pmpvrvar.NDAYSPER = pmptper.NDAYSPER AND
           pmptinstr.INSTRID = pmpvrvar.INSTRID AND
           pmptinstr.DIVISCODE='I'
          ]]>  
          </whereClause>  
          <orderClause>pmpvrvar.NDAYSPER,pmpvrvar.NV</orderClause>
      </operationBinding>  
        <operationBinding operationId="pmpvrvar_fetch_elec" operationType="fetch" 
       customValueFields="NDAYSDESC,INSTRNAME,CLASSCODE" 
        customCriteriaFields="NDAYSDESC,INSTRNAME,CLASSCODE"
       >  
       <selectClause>
          pmpvrvar.*, pmptper.NDAYSDESC AS NDAYSDESC, pmptinstr.INSTRNAME AS INSTRNAME, pmptinstr.CLASSCODE AS CLASSCODE
          </selectClause>
        <tableClause>pmpvrvar, pmptper, pmptinstr</tableClause>  
          <whereClause><![CDATA[
          ($defaultWhereClause) AND
           pmpvrvar.NDAYSPER = pmptper.NDAYSPER AND
           pmptinstr.INSTRID = pmpvrvar.INSTRID AND
           pmptinstr.DIVISCODE='L'
          ]]>  
          </whereClause>  
          <orderClause>pmpvrvar.NDAYSPER,pmpvrvar.NV</orderClause>
      </operationBinding>  
 </operationBindings>  	
	
</DataSource>