 <DataSource 
	  
	tableName="pmpvbtmsta"
	ID="pmpvbtmsta"
	dataSourceVersion="1"
	serverType="sql"
>
	<fields>
	  <field title="Observ. Date" name="OBSERVDATE"  type="date" customSelectExpression="CAST(OBSERVDATE as DATE)"  customUpdateExpression="$values.OBSERVDATE" width="100%" canEdit="false" detail="false" align="left" cellAlign="left" ></field>
	  <field title="Back test" name="BTID" type="integer" filterOperator="equals" width="100%"  canEdit="false" align="left" cellAlign="left" detail="true"></field>
	   <field title="Division" name="DIVISCODE" required="true" length="20" type="enum" width="100" canEdit="true" detail="true">
			<valueMap>
				<value ID="E">Equities</value>
				<value ID="O">Bond</value> 
			</valueMap>
		</field>
	    <field title="Observ. number" name="OBSERVNUMB" type="integer" filterOperator="equals" canEdit="false" width="100"  align="left" cellAlign="left" detail="false"></field>
	    <field title="Breach number" name="BREACHNUMB" type="integer" filterOperator="equals" canEdit="false" width="100"  align="left" cellAlign="left" detail="false"></field>
	   <field title="Coverage" name="CNFCOVERAGE" type="float" filterOperator="equals"  canEdit="false" width="100" align="left"   cellAlign="left" detail="false"></field>
	   <field title="Min.conf.lev." name="DEFMINCNF" type="float" filterOperator="equals"  canEdit="false" width="100" align="left"   cellAlign="left" detail="false"></field>
	   <field title="Covered" name="CNFCOVERED"  type="text" escapeHTML="true"      length="1" canEdit="false" width="100" filterEditorType="SelectItem" align="left" cellAlign="left" detail="false">
	     <valueMap>
				<value ID="T">True</value>
				<value ID="F">False</value>
			</valueMap>
	    </field>
	</fields>
	
  	<serverObject lookupStyle="new" className="it.ccg.pamp.server.dmi.StandardDMI"/>
  	<operationBindings>
	<operationBinding operationType="update" requiresRole="user"></operationBinding>
	<operationBinding operationType="delete" requiresRole="user"></operationBinding>
	<operationBinding operationType="add" requiresRole="user"></operationBinding>
  
 <operationBinding  operationType="fetch">                  
       <selectClause>pmpvbtmsta.*</selectClause>
       <tableClause>pmpvbtmsta,pmptbtm</tableClause>  
       <whereClause><![CDATA[pmpvbtmsta.btid=pmptbtm.btid AND pmptbtm.STATUS='E' AND $defaultWhereClause]]></whereClause>  
		</operationBinding>
 </operationBindings>  	
  
</DataSource>