<DataSource 
	  
	tableName="pmpvsmrvar"
	ID="pmpvsmrvar"
	dataSourceVersion="1"
	serverType="sql"
>
	<fields>
		<field title="Instrument name" customSQL="true" tableName="pmptinstr" name="INSTRNAME"  type="text" escapeHTML="true"      canFilter="true" width="150" align="left" cellAlign="left" detail="false" canEdit="false"></field>
		<field title="Instr. code" customSQL="true" tableName="pmptinstr" name="CLASSCODE"  type="text" escapeHTML="true"      canFilter="true" width="80" align="left" cellAlign="left" detail="true" canEdit="false"></field>
		<field title="Period" customSQL="true" tableName="pmptper" name="NDAYSDESC"  type="text" escapeHTML="true"      canFilter="true" editorType="ComboBoxItem" width="70" align="left" cellAlign="left" detail="false" canEdit="false"></field>
		<field title="Instrument ID" name="INSTRID" primaryKey="true" type="integer" filterOperator="equals" width="80" canEdit="false" align="left" cellAlign="left" detail="true"></field>
		<field title="HP" name="NV" primaryKey="true" type="integer" filterOperator="equals" width="100%"  canEdit="false" align="left" cellAlign="left" detail="false"></field>
		<field title="Period (days)" name="NDAYSPER" type="integer" filterOperator="equals" editorType="ComboBoxItem" width="100%"  canEdit="false" align="left" cellAlign="left" detail="true" ></field>
		<field title="Var. type" name="VARTYPE"   type="text" escapeHTML="true"      editorType="ComboBoxItem" length="1" width="70"  canEdit="false" align="left" cellAlign="left" detail="true">
		       <valueMap>  
				<value ID="L">Logarithmic</value>
				<value ID="P">Percentual</value> 
				</valueMap> 
		</field>
		<field title="Mode" name="MODE" type="enum" editorType="ComboBoxItem" width="70" canEdit="false" align="left" cellAlign="left" detail="true" hidden="true">
		 <valueMap>  
				<value ID="1">Last statistics</value>
				<value ID="2">Analisys statistics</value>
		</valueMap> 
		</field>
		<field title="MinDate1" name="ND10" type="datetime" displayFormat= "toEuropeanShortDate" width="70"  align="left" cellAlign="left" detail="false"></field>
		<field title="Min1" name="NV10" type="float" filterOperator="equals" width="60"   editorType="TextItem" filterEditorType="SpinnerItem"  align="left" cellAlign="left" detail="false"></field>
	    <field title="MinDate2" name="ND9" type="datetime" displayFormat= "toEuropeanShortDate" width="70"  align="left" cellAlign="left" detail="true"></field>
		<field title="Min2" name="NV9" type="float" filterOperator="equals" width="60"   editorType="TextItem" filterEditorType="SpinnerItem"  align="left" cellAlign="left" detail="false"></field>
	    <field title="MinDate3" name="ND8" type="datetime" displayFormat= "toEuropeanShortDate" width="70"  align="left" cellAlign="left" detail="true"></field>
		<field title="Min3" name="NV8" type="float" filterOperator="equals" width="60"   editorType="TextItem" filterEditorType="SpinnerItem"  align="left" cellAlign="left" detail="false"></field>
	    <field title="MinDate4" name="ND7" type="datetime" displayFormat= "toEuropeanShortDate" width="70"  align="left" cellAlign="left" detail="true"></field>
		<field title="Min4" name="NV7" type="float" filterOperator="equals" width="60"   editorType="TextItem" filterEditorType="SpinnerItem"  align="left" cellAlign="left" detail="false"></field>
	    <field title="MinDate5" name="ND6" type="datetime" displayFormat= "toEuropeanShortDate" width="70"  align="left" cellAlign="left" detail="true"></field>
		<field title="Min5" name="NV6" type="float" filterOperator="equals" width="60"   editorType="TextItem" filterEditorType="SpinnerItem"  align="left" cellAlign="left" detail="false"></field>
	    <field title="MinDate6" name="ND5" type="datetime" displayFormat= "toEuropeanShortDate" width="70"  align="left" cellAlign="left" detail="true"></field>
		<field title="Min6" name="NV5" type="float" filterOperator="equals" width="60"   editorType="TextItem" filterEditorType="SpinnerItem"  align="left" cellAlign="left" detail="false"></field>
	    <field title="MinDate7" name="ND4" type="datetime" displayFormat= "toEuropeanShortDate" width="70"  align="left" cellAlign="left" detail="true"></field>
	    <field title="Min7" name="NV4" type="float" filterOperator="equals" width="60"   editorType="TextItem" filterEditorType="SpinnerItem"  align="left" cellAlign="left" detail="false"></field>
		<field title="MinDate8" name="ND3" type="datetime" displayFormat= "toEuropeanShortDate" width="70"  align="left" cellAlign="left" detail="true"></field>
		<field title="Min8" name="NV3" type="float" filterOperator="equals" width="60"   editorType="TextItem" filterEditorType="SpinnerItem"  align="left" cellAlign="left" detail="true"></field>
		<field title="MinDate9" name="ND2" type="datetime" displayFormat= "toEuropeanShortDate" width="70"  align="left" cellAlign="left" detail="true"></field>
		<field title="Min9" name="NV2" type="float" filterOperator="equals" width="60"   editorType="TextItem" filterEditorType="SpinnerItem"  align="left" cellAlign="left" detail="true"></field>
		<field title="MinDate10" name="ND1" type="datetime" displayFormat= "toEuropeanShortDate" width="70"  align="left" cellAlign="left" detail="true"></field>
		<field title="Min10" name="NV1" type="float" filterOperator="equals" width="60"  editorType="TextItem" filterEditorType="SpinnerItem"  align="left" cellAlign="left" detail="true"></field>
		
		<field title="MaxDate10" name="D1" type="datetime" displayFormat= "toEuropeanShortDate" width="70"  align="left" cellAlign="left" detail="true"></field>
		<field title="Max10" name="V1" type="float" filterOperator="equals" width="60"   editorType="TextItem" filterEditorType="SpinnerItem"  align="left" cellAlign="left" detail="true"></field>
		<field title="MaxDate9" name="D2" type="datetime" displayFormat= "toEuropeanShortDate" width="70"  align="left" cellAlign="left" detail="true"></field>
		<field title="Max9" name="V2" type="float" filterOperator="equals" width="60"   editorType="TextItem" filterEditorType="SpinnerItem"  align="left" cellAlign="left" detail="true"></field>
		<field title="MaxDate8" name="D3" type="datetime" displayFormat= "toEuropeanShortDate" width="70"  align="left" cellAlign="left" detail="true"></field>
		<field title="Max8" name="V3" type="float" filterOperator="equals" width="60"   editorType="TextItem" filterEditorType="SpinnerItem"  align="left" cellAlign="left" detail="true"></field>
		<field title="MaxDate7" name="D4" type="datetime" displayFormat= "toEuropeanShortDate" width="70"  align="left" cellAlign="left" detail="true"></field>
		<field title="Max7" name="V4" type="float" filterOperator="equals" width="60"   editorType="TextItem" filterEditorType="SpinnerItem"  align="left" cellAlign="left" detail="false"></field>
		<field title="MaxDate6" name="D5" type="datetime" displayFormat= "toEuropeanShortDate" width="70"  align="left" cellAlign="left" detail="true"></field>
		<field title="Max6" name="V5" type="float" filterOperator="equals" width="60"   editorType="TextItem" filterEditorType="SpinnerItem"  align="left" cellAlign="left" detail="false"></field>
		<field title="MaxDate5" name="D6" type="datetime" displayFormat= "toEuropeanShortDate" width="70"  align="left" cellAlign="left" detail="true"></field>
		<field title="Max5" name="V6" type="float" filterOperator="equals" width="60"   editorType="TextItem" filterEditorType="SpinnerItem"  align="left" cellAlign="left" detail="false"></field>
	    <field title="MaxDate4" name="D7" type="datetime" displayFormat= "toEuropeanShortDate" width="70"  align="left" cellAlign="left" detail="true"></field>
		<field title="Max4" name="V7" type="float" filterOperator="equals" width="60"   editorType="TextItem" filterEditorType="SpinnerItem"  align="left" cellAlign="left" detail="false"></field>
	    <field title="MaxDate3" name="D8" type="datetime" displayFormat= "toEuropeanShortDate" width="70"  align="left" cellAlign="left" detail="true"></field>
		<field title="Max3" name="V8" type="float" filterOperator="equals" width="60"   editorType="TextItem" filterEditorType="SpinnerItem"  align="left" cellAlign="left" detail="false"></field>
	    <field title="MaxDate2" name="D9" type="datetime" displayFormat= "toEuropeanShortDate" width="70"  align="left" cellAlign="left" detail="true"></field>
		<field title="Max2" name="V9" type="float" filterOperator="equals" width="60"   editorType="TextItem" filterEditorType="SpinnerItem"  align="left" cellAlign="left" detail="false"></field>
	    <field title="MaxDate1" name="D10" type="datetime" displayFormat= "toEuropeanShortDate" width="70"  align="left" cellAlign="left" detail="false"></field>
		<field title="Max1" name="V10" type="float" filterOperator="equals" width="60"   editorType="TextItem" filterEditorType="SpinnerItem"  align="left" cellAlign="left" detail="false"></field>
		<field title="Update date" name="UPDDATE" type="datetime" displayFormat="toEuropeanShortDateTime" width="100" align="left" cellAlign="left" canEdit="false" detail="true"></field>
		<field title="Update type" name="UPDTYPE"  type="text" escapeHTML="true"      canEdit="false" length="1" width="100" align="left" cellAlign="left" detail="true">
           <valueMap>
				<value ID="C">Create</value>
				<value ID="U">Update</value>
			</valueMap>
		</field>
		<field title="Update user" name="UPDUSR" length="30"  type="text" escapeHTML="true"      canEdit="false" width="100" align="left" cellAlign="left" detail="true"></field>
	</fields>
		<serverObject lookupStyle="new" className="it.ccg.pamp.server.dmi.UserDMI"/>
		<operationBindings>
	<operationBinding operationType="update" requiresRole="user"></operationBinding>
	<operationBinding operationType="delete" requiresRole="user"></operationBinding>
	<operationBinding operationType="add" requiresRole="user"></operationBinding>
  
         <operationBinding operationType="fetch" customValueFields="NDAYSDESC" customCriteriaFields="NDAYSDESC">  
	       <selectClause>
	          pmpvsmrvar.*, pmptper.NDAYSDESC AS NDAYSDESC
	          </selectClause>
	        <tableClause>pmpvsmrvar, pmptper</tableClause>  
	          <whereClause><![CDATA[
	           pmpvsmrvar.NDAYSPER = pmptper.NDAYSPER AND (pmpvsmrvar.UPDUSR=$criteria.USER) AND ($defaultWhereClause)
	          ]]>  
	          </whereClause>  
      </operationBinding>  
  </operationBindings>  
</DataSource>