<DataSource 
	  
	tableName="pmpxsets"
	ID="pmpxsets"
	dataSourceVersion="1"
	generatedBy="7.1-Evaluation/Enterprise Deployment 2009-08-23"
	serverType="sql"
>
	<fields> 
	    <field title="Update id" name="UPDID" primaryKey="true" type="sequence" canEdit="false" length="1" width="100" align="left" cellAlign="left" detail="true"></field>
		
		<field title="Set ID" name="SETID" type="sequence"  canEdit="false"  width="120" align="left" cellAlign="left" detail="true"></field>
		<field title="Set Name" name="SETNAME"  length="30"  type="text" escapeHTML="true"      width="200" canEdit="false" align="left" cellAlign="left" detail="false"></field>
		<field title="Status" name="STATUS"  length="1" type="enum" width="150" canEdit="false" align="left" cellAlign="left" detail="false">
	        <valueMap>  
				<value ID="E">Enabled</value>
				<value ID="A">Analysis only</value>  
				<value ID="D">Disabled</value> 
 			</valueMap> 
   		</field>
   		<field title="Division" name="DIVISCODE" length="1"  type="text" escapeHTML="true"      width="200"  align="left" cellAlign="left" detail="true">
   		<valueMap>
				<value ID="E">Equities</value>
				<value ID="D">Eq.derivates</value>
				<value ID="I">Infl.bond</value>
				<value ID="O">Bond</value> 
				 <value ID="B">I.R. Nodes</value>
				<value ID="X">Elect.derivates</value>
			</valueMap>
   		</field>
	 <field title="Note" name="NOTE"  type="text" escapeHTML="true"      canEdit="false" length="500" align="left" cellAlign="left" detail="false"/>
	   <field title="Update note" name="UPDNOTE" length="255"  type="text" escapeHTML="true"      canEdit="true"  detail="false" align="left" cellAlign="left"></field>
	   <field title="Update date"  name="UPDDATE"    type="datetime" displayFormat="toEuropeanShortDateTime" width="100"  align="left" cellAlign="left" canEdit="false" detail="false"></field>
		<field title="Update type" name="UPDTYPE"  type="text" escapeHTML="true"      canEdit="false" length="1" width="100" align="left" cellAlign="left" detail="false">
           <valueMap>
				<value ID="C">Create</value>
				<value ID="U">Update</value>
				<value ID="D">Delete</value>
			</valueMap>
		</field>
		<field title="Update user" name="UPDUSR" length="30"  type="text" escapeHTML="true"      canEdit="false" width="100" align="left" cellAlign="left" detail="false"></field>
	  
	</fields>
	<serverObject lookupStyle="new" className="it.ccg.pamp.server.dmi.LogOnlyDMI"/>
	<operationBindings>
	<operationBinding operationType="update" requiresRole="user"></operationBinding>
	<operationBinding operationType="delete" requiresRole="user"></operationBinding>
	<operationBinding operationType="add" requiresRole="user"></operationBinding>
  
         <operationBinding operationId="pmpxsets-summary" operationType="fetch">  
          <whereClause><![CDATA[
           pmpxsets.DIVISCODE='E' 
          AND (pmpxsets.updusr NOT IN ('system','System','SYSTEM')) and   ($defaultWhereClause)
          ]]>  
          </whereClause>  
            
      </operationBinding> 
       <operationBinding operationId="pmpxsets-ed-summary" operationType="fetch">  
          <whereClause><![CDATA[
           pmpxsets.DIVISCODE='D' 
           AND (pmpxsets.updusr NOT IN ('system','System','SYSTEM')) and  ($defaultWhereClause)
          ]]>  
          </whereClause>  
            
      </operationBinding> 
       <operationBinding operationId="pmpxsets-ibo-summary" operationType="fetch">  
          <whereClause><![CDATA[
           pmpxsets.DIVISCODE='I' 
          AND (pmpxsets.updusr NOT IN ('system','System','SYSTEM')) and  ($defaultWhereClause)]]>  
          </whereClause>  
            
      </operationBinding> 
       <operationBinding operationId="pmpxsets-elec-summary" operationType="fetch">  
          <whereClause><![CDATA[
           pmpxsets.DIVISCODE='L' 
           AND (pmpxsets.updusr NOT IN ('system','System','SYSTEM')) and  ($defaultWhereClause)]]>  
          </whereClause>  
            
      </operationBinding> 
  </operationBindings>  	    
</DataSource>