<DataSource    
tableName="pmpxinstr" 
	ID="pmpxinstr_hcoekb" 
dataSourceVersion="1" 
serverType="sql">
	<fields> 
	    <field title="Update id" name="UPDID" primaryKey="true" type="sequence" canEdit="false" length="1" width="100" align="left" cellAlign="left" detail="true"></field>
		<field title="Instrument ID" name="INSTRID" type="sequence" primaryKey="true" canEdit="false" canFilter="true" width="100" detail="true"></field>
		<field  title="Instrument name" name="INSTRNAME"  required="true" canFilter="true" length="255" editorType="TextItem" canEdit="false"  type="text" escapeHTML="true"      width="200" detail="false"></field>
		<field title="Haircut class" name="BNDCLASSID" type="integer"  canEdit="false" width="100" editorType="ComboBoxItem" filterEditorType="SelectItem" detail="false" align="left" cellAlign="left"></field>
		<field title="Instr. code" name="CLASSCODE" required="true" length="30"  type="text" escapeHTML="true"      width="70" canEdit="false" detail="true"></field>
		<field title="Reuters code" name="RICCODE" length="30"  type="text" escapeHTML="true"      width="100" canEdit="false" detail="true"></field>
		<field title="ISIN code" name="ISINCODE" length="12"  type="text" escapeHTML="true"      required="true" width="110" canEdit="false" detail="false"></field>
		<field title="Bloomberg code" name="BLOOMBCODE" length="30"  type="text" escapeHTML="true"      width="100" canEdit="false" detail="true"></field>
		<field title="Market" name="MARKETCODE" required="true" length="30"  type="text" escapeHTML="true"      width="70" editorType="ComboBoxItem"  filterEditorType="SelectItem" canEdit="false" detail="false"></field>
		<field title="Currency" name="CURRENCY" required="true" length="10"  type="text" escapeHTML="true"      editorType="SelectItem" width="80" canEdit="false" detail="false">
			<valueMap>
				<value ID="LIT">ITL</value>	
				<value ID="USD ">USD </value>	
				<value ID="EUR">EUR</value>	
				<value ID="GBP">GBP</value>	
				<value ID="NOK">NOK</value>	
				<value ID="SEK">SEK</value>	
				<value ID="CHF">CHF</value>	
				<value ID="DKK">DKK</value>	
				<value ID="CAD">CAD</value>	
				<value ID="JPY">JPY</value>	
				<value ID="ISK">ISK</value>	
				<value ID="CZK">CZK</value>	
				<value ID="HUF">HUF</value>	
				<value ID="RON">RON</value>	
				<value ID="ATS">ATS</value>	
				<value ID="TRY">TRY</value>
<value ID="CNY">CNY</value> 
 <value ID="RSD">RSD</value> 
 <value ID="ZAR">ZAR</value>	
			</valueMap>
			</field>
		<field title="List Name" name="LISTNAME" length="255"  type="text" escapeHTML="true"      width="100" canEdit="false" detail="true"></field>
		<field title="Instr. type" name="INSTRTYPE" required="true" canEdit="false" editorType="ComboBoxItem"  filterEditorType="SelectItem" length="30"  type="text" escapeHTML="true"      width="120" detail="false"></field>
		<field title="Instr. sub-type" name="INSTRSTYPE" required="true"  type="text" escapeHTML="true"      editorType="ComboBoxItem"  filterEditorType="SelectItem" canEdit="false" length="30" width="120" detail="false"></field>	
		<field title="Segment" name="SGMCODE" length="24"  type="text" escapeHTML="true"      width="100" editorType="ComboBoxItem"  filterEditorType="SelectItem" canEdit="false" detail="false"></field>
	    <field title="Division" name="DIVISCODE" required="true" length="20" type="enum" width="100" canEdit="false" detail="true">
			<valueMap>
				<value ID="E">Equities</value>
				<value ID="D">Eq.derivates</value>
				<value ID="I">Infl.bond</value>
				<value ID="O">Bond</value> 
				 <value ID="B">I.R. Nodes</value>
				<value ID="L">Elect.derivates</value>
				<value ID="X">Indices</value>
				<value ID="C">Currency</value>
<value ID="Y">Comparable</value>
<value ID="H">Haircut</value>
			</valueMap>
		</field>
		<field title="Motivation" name="RCCODE" type="integer" filterOperator="equals" editorType="SelectItem"  filterEditorType="SelectItem" width="180"  canEdit="false" align="left" cellAlign="left" detail="true"></field>
   		<field title="Status" name="STATUS" length="1"  type="text" escapeHTML="true"      width="100" canEdit="false" detail="true">
			<valueMap>
				<value ID="E">Enabled</value>
				<value ID="D">Disabled</value>
				<value ID="S">Delisted</value>
				<value ID="U">Underlying</value>
			</valueMap>
		</field>
		<field title="Delisting date" name="DELISTDATE" type="datetime" useTextField="true" width="90" canEdit="false" detail="true"></field>
		<field title="Mkt. list. Date" name="MKTLSTDATE" type="datetime" useTextField="true" width="90" canEdit="false" detail="true"></field>
		<field title="CCP date" name="CCPLSTDATE" type="datetime" useTextField="true"  width="90" canEdit="false" detail="true"></field>
		<field title="Delisting reason" name="DELISTREAS" length="255"  type="text" escapeHTML="true"      canEdit="false" detail="true"></field>
		
		<field title="Duration" name="DURATION" type="float" filterOperator="equals" editorType="TextItem" filterEditorType="SpinnerItem" width="64" canEdit="false" align="left" cellAlign="left" detail="false"></field>
		<field title="Disable Reason" name="DISABREAS" length="255"  type="text" escapeHTML="true"      canEdit="false" detail="true"></field>
	<field title="Note" name="NOTE"  type="text" escapeHTML="true"      canEdit="false" length="500" align="left" cellAlign="left" detail="false"></field>
		
		<field title="Expiry" name="EXPIRY" type="datetime" useTextField="true" width="90" canEdit="false" detail="true"></field>
		<field title="Duration" name="DURATION" type="float" filterOperator="equals" editorType="TextItem" filterEditorType="SpinnerItem" width="64" canEdit="false" align="left" cellAlign="left" detail="false"></field>
		<field title="Update note" name="UPDNOTE" length="255"  type="text" escapeHTML="true"      canEdit="true"  detail="false" align="left" cellAlign="left"></field>
		<field title="Update date"  name="UPDDATE"    type="datetime" displayFormat="toEuropeanShortDateTime" width="100" align="left" cellAlign="left" canEdit="false" detail="false"></field>
		<field title="Update type" name="UPDTYPE"  type="text" escapeHTML="true"      canEdit="false" length="1" width="100" align="left" cellAlign="left" detail="false">
           <valueMap>
				<value ID="C">Create</value>
				<value ID="U">Update</value>
				<value ID="D">Delete</value>
			</valueMap>
		</field>
		<field title="Update user" name="UPDUSR" length="30"  type="text" escapeHTML="true"      canEdit="false" width="100" align="left" cellAlign="left" detail="false"></field>
		
	</fields>
	<serverObject lookupStyle="new" className="it.ccg.pamp.server.dmi.LogOnlyDMI"/>
  <operationBindings>
	<operationBinding operationType="update" requiresRole="user"></operationBinding>
	<operationBinding operationType="delete" requiresRole="user"></operationBinding>
	<operationBinding operationType="add" requiresRole="user"></operationBinding>
       
      <operationBinding operationId="pmpxinstr-hcoekb-hc-summary" operationType="fetch">    
          <whereClause><![CDATA[pmpxinstr.DIVISCODE='H' AND (pmpxinstr.updusr NOT IN ('system','System','SYSTEM')) and    $defaultWhereClause]]></whereClause>  
           
      </operationBinding>  
  </operationBindings>  
</DataSource>