<DataSource
	  
	tableName="pmpxconfdf"
	ID="pmpxconfdf"
	dataSourceVersion="1"
	generatedBy="7.1-Evaluation/Enterprise Deployment 2009-08-23"
	serverType="sql"
>
	<fields> 
	    <field title="Update id" name="UPDID" primaryKey="true" type="sequence" canEdit="false" length="1" width="100" align="left" cellAlign="left" detail="true"></field>
		
		<field title="Instr. type" name="INSTRTYPE" length="80"  type="text" escapeHTML="true"        canEdit="false" width="90"  detail="false"></field>
		<field title="HP" name="NV" type="integer" filterOperator="equals" width="100"  cellAlign="left" align="left" canEdit="false"  detail="false"></field>
		<field title="Period(days)" name="NDAYSPER" type="integer" filterOperator="equals"  width="100" cellAlign="left" align="left" canEdit="false"></field>
		<field title="Confidence" name="CONFIDDF"  type="float" filterOperator="equals" align="left" width="100" cellAlign="left" detail="false" canEdit="false">
		<validators>
				<validator type="floatRange" min="0" max="1" errorMessage="Must be between 0 and 1. Ex. 99.5% is 0.995"/>
		</validators>
		</field>
   		<field title="Update note" name="UPDNOTE" length="255"  type="text" escapeHTML="true"      canEdit="true"  detail="false" align="left" cellAlign="left"></field>
   		<field title="Update date"  name="UPDDATE"    type="datetime" displayFormat="toEuropeanShortDateTime" width="100"  align="left" cellAlign="left" canEdit="false" detail="false"></field>
		<field title="Update type" name="UPDTYPE"  type="text" escapeHTML="true"      canEdit="false" length="1" width="100" align="left" cellAlign="left" detail="false">
           <valueMap>
				<value ID="C">Create</value>
				<value ID="U">Update</value>
				<value ID="D">Delete</value>
			</valueMap>
		</field>
		<field title="Update user" name="UPDUSR" length="30"  type="text" escapeHTML="true"      canEdit="false" width="100" align="left" cellAlign="left" detail="false"></field>
		
		</fields>
	 <serverObject lookupStyle="new" className="it.ccg.pamp.server.dmi.LogOnlyDMI"/>
	 <operationBindings>
	<operationBinding operationType="update" requiresRole="user"></operationBinding>
	<operationBinding operationType="delete" requiresRole="user"></operationBinding>
	<operationBinding operationType="add" requiresRole="user"></operationBinding>
    
	    <operationBinding operationId="pmpxconfdf-ed-summary" operationType="fetch">
	    <selectClause>distinct(pmptinstr.DIVISCODE),pmpxconfdf.* </selectClause>
       <tableClause>pmpxconfdf, pmptinstr</tableClause> 
	    <whereClause><![CDATA[pmpxconfdf.instrtype = pmptinstr.instrtype and pmptinstr.DIVISCODE = 'D' and 
	    (pmpxconfdf.updusr NOT IN ('system','System','SYSTEM')) and $defaultWhereClause]]></whereClause>
	    </operationBinding>  
        <operationBinding operationId="pmpxconfdf-summary" operationType="fetch">
	    <selectClause>distinct(pmptinstr.DIVISCODE),pmpxconfdf.* </selectClause>
       <tableClause>pmpxconfdf, pmptinstr</tableClause> 
	    <whereClause><![CDATA[pmpxconfdf.instrtype = pmptinstr.instrtype and pmptinstr.DIVISCODE = 'E' and 
	    (pmpxconfdf.updusr NOT IN ('system','System','SYSTEM')) and $defaultWhereClause]]></whereClause>
	    </operationBinding>  
	     <operationBinding operationId="pmpxconfdf-curr-summary" operationType="fetch">
	     <selectClause>distinct(pmptinstr.DIVISCODE),pmpxconfdf.* </selectClause>
       <tableClause>pmpxconfdf, pmptinstr</tableClause> 
	    <whereClause><![CDATA[pmpxconfdf.instrtype = pmptinstr.instrtype and pmptinstr.DIVISCODE = 'C' and 
	    (pmpxconfdf.updusr NOT IN ('system','System','SYSTEM')) and $defaultWhereClause]]></whereClause>
	    </operationBinding>  
         <operationBinding operationId="pmpxconfdf-ibo-summary" operationType="fetch">
	     <selectClause>distinct(pmptinstr.DIVISCODE),pmpxconfdf.* </selectClause>
       <tableClause>pmpxconfdf, pmptinstr</tableClause> 
	    <whereClause><![CDATA[pmpxconfdf.instrtype = pmptinstr.instrtype and pmptinstr.DIVISCODE = 'I' and 
	    (pmpxconfdf.updusr NOT IN ('system','System','SYSTEM')) and $defaultWhereClause]]></whereClause>
	    </operationBinding>  
           <operationBinding operationId="pmpxconfdf-elec-summary" operationType="fetch">
	     <selectClause>distinct(pmptinstr.DIVISCODE),pmpxconfdf.* </selectClause>
       <tableClause>pmpxconfdf, pmptinstr</tableClause> 
	    <whereClause><![CDATA[pmpxconfdf.instrtype = pmptinstr.instrtype and pmptinstr.DIVISCODE = 'L' and 
	    (pmpxconfdf.updusr NOT IN ('system','System','SYSTEM')) and $defaultWhereClause]]></whereClause>
        </operationBinding> 
     </operationBindings>  
</DataSource>
