<DataSource    
tableName="pmpxspread" 
ID="pmpxspread" 
dataSourceVersion="1" 
serverType="sql">

	<fields> 
	    <field title="Update id" name="UPDID" primaryKey="true" type="sequence" canEdit="false" length="1" width="100" align="left" cellAlign="left" detail="true"></field>
		<field title="Mark.Maker Table Code" name="MMTABLE"  type="text" escapeHTML="true"      canEdit="false" align="left" cellAlign="left" detail="false"></field>
		<field title="Price from" name="PRICEFROM" type="float" filterOperator="equals"      filterEditorType="SpinnerItem"  width="150" canEdit="false" align="left" cellAlign="left" detail="false">
    	    <validators>
					<validator type="floatRange" min="0" max="10000" errorMessage="Please enter a positive value"/>
	        </validators>
    	</field>
    	<field title="Price to" name="PRICETO" type="float" filterOperator="equals"    filterEditorType="SpinnerItem"   width="150" canEdit="false" align="left" cellAlign="left" detail="false">
    	    <validators>
					<validator type="floatRange" min="0" max="10000" errorMessage="Please enter a positive value"/>
	        </validators>
    	</field>
    	<field title="Spread" name="SPREAD" type="float" filterOperator="equals"    filterEditorType="SpinnerItem"  width="110" canEdit="false" align="left" cellAlign="left" detail="false">
    	    <validators>
					<validator type="floatRange" min="0" max="10000" errorMessage="Please enter a positive value"/>
	        </validators>
    	</field>
    	<field title="Update note" name="UPDNOTE" length="255"  type="text" escapeHTML="true"      canEdit="true"  detail="false" align="left" cellAlign="left"></field>
    	 <field title="Update date"  name="UPDDATE"    type="datetime" displayFormat="toEuropeanShortDateTime" width="100"  align="left" cellAlign="left" canEdit="false" detail="false"></field>
		<field title="Update type" name="UPDTYPE"  type="text" escapeHTML="true"      canEdit="false" length="1" width="100" align="left" cellAlign="left" detail="false">
           <valueMap>
				<value ID="C">Create</value>
				<value ID="U">Update</value>
				<value ID="D">Delete</value>
			</valueMap>
		</field>
		<field title="Update user" name="UPDUSR" length="30"  type="text" escapeHTML="true"      canEdit="false" width="100" align="left" cellAlign="left" detail="false"></field>
	
	</fields>
		<serverObject lookupStyle="new" className="it.ccg.pamp.server.dmi.LogOnlyDMI"/>	
	<operationBindings>
	<operationBinding operationType="update" requiresRole="user"></operationBinding>
	<operationBinding operationType="delete" requiresRole="user"></operationBinding>
	<operationBinding operationType="add" requiresRole="user"></operationBinding>
    
	 <operationBinding operationId="pmpxspread-ed-summary" operationType="fetch">  
    <whereClause><![CDATA[ (pmpxspread.updusr NOT IN ('system','System','SYSTEM')) and   $defaultWhereClause]]></whereClause>  
       </operationBinding>
</operationBindings>  
</DataSource>