<DataSource 
	  
	tableName="pmpxdelta"
	ID="pmpxdelta"
	dataSourceVersion="1"
	generatedBy="7.1-Evaluation/Enterprise Deployment 2009-08-23"
	serverType="sql"
>
	<fields> 
	    <field title="Update id" name="UPDID" primaryKey="true" type="sequence" canEdit="false" length="1" width="100" align="left" cellAlign="left" detail="true"></field>
		
		<field title="HP" name="NV" type="integer" filterOperator="equals" width="100"  cellAlign="left" canEdit="false" align="left" detail="false">
		        <validators>
				<validator type="isInteger" expression="[0-9]" errorMessage="Must be a valid number" />
				</validators>
		</field>
		<field title="Update note" name="UPDNOTE" length="255"  type="text" escapeHTML="true"      canEdit="true"  detail="false" align="left" cellAlign="left"></field>
		<field title="Update date"  name="UPDDATE"    type="datetime" displayFormat="toEuropeanShortDateTime" width="100"  align="left" cellAlign="left" canEdit="false" detail="false"></field>
		<field title="Update type" name="UPDTYPE"  type="text" escapeHTML="true"      canEdit="false" length="1" width="100" align="left" cellAlign="left" detail="false">
           <valueMap>
				<value ID="C">Create</value>
				<value ID="U">Update</value>
				<value ID="D">Delete</value>
			</valueMap>
		</field>
		<field title="Update user" name="UPDUSR" length="30"  type="text" escapeHTML="true"      canEdit="false" width="100" align="left" cellAlign="left" detail="false"></field>
		
	</fields>
  <serverObject lookupStyle="new" className="it.ccg.pamp.server.dmi.LogOnlyDMI"/>
  	 <operationBindings>
	<operationBinding operationType="update" requiresRole="user"></operationBinding>
	<operationBinding operationType="delete" requiresRole="user"></operationBinding>
	<operationBinding operationType="add" requiresRole="user"></operationBinding>
    
	    <operationBinding operationId="pmpxdelta-ed-summary" operationType="fetch">
	    <whereClause><![CDATA[(pmpxdelta.updusr NOT IN ('system','System','SYSTEM')) and $defaultWhereClause]]></whereClause>
	    </operationBinding>  
        <operationBinding operationId="pmpxdelta-summary" operationType="fetch">
	    <whereClause><![CDATA[(pmpxdelta.updusr NOT IN ('system','System','SYSTEM')) and $defaultWhereClause]]></whereClause>
        </operationBinding>  
        <operationBinding operationId="pmpxdelta-curr-summary" operationType="fetch">
	    <whereClause><![CDATA[(pmpxdelta.updusr NOT IN ('system','System','SYSTEM')) and $defaultWhereClause]]></whereClause>
        </operationBinding> 
        <operationBinding operationId="pmpxdelta-bo-summary" operationType="fetch">
	    <whereClause><![CDATA[(pmpxdelta.updusr NOT IN ('system','System','SYSTEM')) and $defaultWhereClause]]></whereClause>
	    </operationBinding>  
	    <operationBinding operationId="pmpxdelta-ibo-summary" operationType="fetch">
	    <whereClause><![CDATA[(pmpxdelta.updusr NOT IN ('system','System','SYSTEM')) and $defaultWhereClause]]></whereClause>
	    </operationBinding>  
	      <operationBinding operationId="pmpxdelta-elec-summary" operationType="fetch">
	    <whereClause><![CDATA[(pmpxdelta.updusr NOT IN ('system','System','SYSTEM')) and $defaultWhereClause]]></whereClause>
	    </operationBinding>  
     </operationBindings>  
</DataSource>
