<DataSource 
	testFileName="corpactions.data.xml"
	  
	tableName="pmpxcorpac"
	ID="pmpxcorpac"
	dataSourceVersion="1"
	serverType="sql"
>
	<fields> 
	    <field title="Update id" name="UPDID" primaryKey="true" type="sequence" canEdit="false" length="1" width="100" align="left" cellAlign="left" detail="true"></field>
		<field title="Instrument ID" name="INSTRID" type="integer" filterOperator="equals" width="80"  canEdit="false"  align="left" cellAlign="left" detail="true"></field>
		<field title="Corporate ID" name="CAID" type="sequence" width="80"  align="left" cellAlign="left" canEdit="false" detail="true"></field>
		<field title="Instrument name" customSQL="true" tableName="pmptinstr" name="INSTRNAME"  type="text" escapeHTML="true"        width="120" align="left" cellAlign="left" detail="false" canEdit="false"></field>
		<field title="Type" name="CATYPE"   width="150" length="30"  type="text" escapeHTML="true"      ></field>
		<field title="Date" name="CADATE" type="datetime" displayFormat= "toEuropeanShortDate"  width="100"  align="left" cellAlign="left" detail="false"></field>
		<field title="First date ex" name="FRSTEXDATE" type="datetime"  displayFormat= "toEuropeanShortDate" align="left" cellAlign="left" width="100" detail="false"></field>
		<field title="Old instrument" name="OLDINSTRID" type="integer" filterOperator="equals" width="100" align="left"  cellAlign="left" detail="false"></field>
		<field title="Inv. k" name="INVK" type="char" width="80"  align="left" cellAlign="left" detail="false" >
		<valueMap>
				<value ID="T">True</value>
				<value ID="F">False</value>
		</valueMap>
		</field>
		<field title="Value" name="CAVALUE"  type="float" filterOperator="equals" width="50" detail="false"></field>
		<field title="K Coeff" name="KCOEFF"  type="float" filterOperator="equals" width="75" detail="false"></field>
		<field title="Update note" name="UPDNOTE" length="255"  type="text" escapeHTML="true"      canEdit="true"  detail="false" align="left" cellAlign="left"></field>
		<field title="Update date"  name="UPDDATE"    type="datetime" displayFormat="toEuropeanShortDateTime" width="100"  align="left" cellAlign="left" canEdit="false" detail="false"></field>
		<field title="Update type" name="UPDTYPE"  type="text" escapeHTML="true"      canEdit="false" length="1" width="100" align="left" cellAlign="left" detail="false">
           <valueMap>
				<value ID="C">Create</value>
				<value ID="U">Update</value>
				<value ID="D">Delete</value>
			</valueMap>
		</field>
		<field title="Update user" name="UPDUSR" length="30"  type="text" escapeHTML="true"      canEdit="false" width="100" align="left" cellAlign="left" detail="false"></field>
		
	</fields>
  	 <serverObject lookupStyle="new" className="it.ccg.pamp.server.dmi.LogOnlyDMI"/> 
  	 <operationBindings>
	<operationBinding operationType="update" requiresRole="user"></operationBinding>
	<operationBinding operationType="delete" requiresRole="user"></operationBinding>
	<operationBinding operationType="add" requiresRole="user"></operationBinding>
    
	    <operationBinding operationId="pmpxcorpac-ed-summary" operationType="fetch"
	 customValueFields="INSTRNAME" customCriteriaFields="INSTRNAME">  
      <selectClause>pmpxcorpac.*, pmptinstr.INSTRNAME AS INSTRNAME</selectClause>
         <tableClause>pmpxcorpac, pmptinstr</tableClause>  
       <whereClause><![CDATA[pmptinstr.INSTRID = pmpxcorpac.INSTRID 
       AND pmptinstr.DIVISCODE='D' AND (pmpxcorpac.updusr NOT IN ('system','System','SYSTEM')) and $defaultWhereClause]]></whereClause> 
	    </operationBinding>  
        <operationBinding operationId="pmpxcorpac-summary" operationType="fetch"
	 customValueFields="INSTRNAME" customCriteriaFields="INSTRNAME">  
      <selectClause>pmpxcorpac.*, pmptinstr.INSTRNAME AS INSTRNAME</selectClause>
         <tableClause>pmpxcorpac, pmptinstr</tableClause>  
       <whereClause><![CDATA[pmptinstr.INSTRID = pmpxcorpac.INSTRID 
       AND pmptinstr.DIVISCODE='E' AND (pmpxcorpac.updusr NOT IN ('system','System','SYSTEM')) and $defaultWhereClause]]></whereClause> 
        </operationBinding>  
     </operationBindings>  
</DataSource>
