<DataSource 
	  
	tableName="pmpxstra"
	ID="pmpxstra"
	dataSourceVersion="1"
	serverType="sql"
>
	<fields> 
	    <field title="Update id" name="UPDID" primaryKey="true" type="sequence" canEdit="false" length="1" width="100" align="left" cellAlign="left" detail="true"></field>
		<field title="Instrument name" customSQL="true" tableName="pmptinstr" name="INSTRNAME"  type="text" escapeHTML="true"        width="120" align="left" cellAlign="left" detail="false" canEdit="false"></field>
		<field title="Instrument ID" name="INSTRID" type="integer" filterOperator="equals"  width="80"  canEdit="false" align="left" cellAlign="left" detail="true"></field>
		<field title="Valid date" name="INIVDATE"  type="datetime" displayFormat="toEuropeanShortDate"  width="63" canEdit="false" align="left" cellAlign="left" detail="false" hidden="true"></field>
		<field title="End date" name="ENDVDATE"  type="datetime" displayFormat="toEuropeanShortDate"  width="60" canEdit="false" align="left" cellAlign="left" detail="false" hidden="true"></field>
		<field title="Send date" name="SENDDATE" type="datetime" displayFormat="toEuropeanShortDateTime"  width="100" canEdit="false" align="left" cellAlign="left" detail="false" hidden="true"></field>
		<field title="Status" name="STATUS" length="1" type="enum" width="60" canEdit="false" align="left" cellAlign="left" detail="false">
	        <valueMap>  
				<value ID="E">Enabled</value>  
				<value ID="X">Error</value>
				<value ID="D">Disabled</value> 
 			</valueMap> 
   		</field>
   		<field title="Curr. method" name="CRSTRTYPE" type="enum" width="70" canEdit="false" align="left" cellAlign="left" detail="false">
		 <valueMap>  
				<value ID="V">Variations</value> 
				<value ID="C">Correlations</value> 
		</valueMap> 
		</field>
		<field title="An. method" name="ANSTRTYPE" type="enum" width="70" canEdit="false" align="left" cellAlign="left" detail="false">
		 <valueMap>  
				<value ID="V">Variations</value> 
				<value ID="C">Correlations</value> 
		</valueMap> 
		</field>
		 <field title="Custom" name="CUSTOM"  type="text" escapeHTML="true"      canEdit="false" length="1" width="70" align="left" cellAlign="left" detail="true">
           <valueMap>
				<value ID="T">True</value>
				<value ID="F">False</value>
			</valueMap>
		</field>
   		<field title="Cur.stra." name="CRSTRAC" type="float" filterOperator="equals" width="67"    filterEditorType="SpinnerItem"   canEdit="false" align="left" cellAlign="left" detail="false"></field>
   		<field title="Cur.straddle" name="CRSTRAM" type="float" filterOperator="equals" width="67"    filterEditorType="SpinnerItem"   canEdit="false" align="left" cellAlign="left" detail="false"></field>
   		<field title="An.straddle" name="ANSTRA" type="float" filterOperator="equals" width="67"    filterEditorType="SpinnerItem"  canEdit="false" align="left" cellAlign="left" detail="false"></field>
   		<field title="Usr.straddle" name="USRSTRA" type="float" filterOperator="equals" width="67"    filterEditorType="SpinnerItem"  canEdit="false" align="left" cellAlign="left" detail="false"></field>
   		<field title="Prop.straddle" name="PROPSTRA" type="float" filterOperator="equals" width="67"    filterEditorType="SpinnerItem"   canEdit="false" align="left" cellAlign="left" detail="false"></field>
   		<field title="Analysis date" name="ANDATE"  type="datetime" displayFormat="toEuropeanShortDateTime"  width="100" canEdit="false" align="left" cellAlign="left" detail="false"></field>
    	<field title="Cur.mult." name="CRMUL" type="integer" filterOperator="equals" width="50"     filterEditorType="SpinnerItem"   canEdit="false" align="left" cellAlign="left" detail="true"></field>
   	    <field title="An.mult." name="ANMUL" type="integer" filterOperator="equals" width="50"  canEdit="false" align="left" cellAlign="left" detail="true"></field>
   	    <field title="Usr.mult." name="USRMUL" type="integer" filterOperator="equals" width="50"  canEdit="false" align="left" cellAlign="left" detail="true"></field>
   	    <field title="Prop.mul." name="PROPMUL" type="integer" filterOperator="equals" width="50"  canEdit="false" align="left" cellAlign="left" detail="true"></field>
   		<field title="Cur.spread" name="CRSPREAD" type="float" filterOperator="equals" width="67" canEdit="false" align="left" cellAlign="left" detail="false"></field>
   		<field title="An.spread" name="ANSPREAD" type="float" filterOperator="equals" width="67" canEdit="false" align="left" cellAlign="left" detail="false"></field>
   		<field title="Usr.spread" name="USRSPREAD" type="float" filterOperator="equals" width="67" canEdit="false" align="left" cellAlign="left" detail="false"></field>
   		<field title="Prop.spread" name="PROPSPREAD" type="float" filterOperator="equals" width="70" canEdit="false" align="left" cellAlign="left" detail="false"></field>
   		<field title="Approval" name="APPROVAL" length="1" type="enum" width="100" canEdit="false" align="left" cellAlign="left" detail="false">
	        <valueMap>  
				<value ID="A">Subm. for appr.</value>  
				<value ID="W">Working</value>
				<value ID="R">Rejected</value>     
 			</valueMap> 
   		</field>	
   		<field title="Propose" name="PROPOSE" length="1" type="enum" width="60" canEdit="false" align="left" cellAlign="left" detail="false">
	        <valueMap>  
				<value ID="C">Change</value>  
				<value ID="L">Leave</value>     
 			</valueMap> 
   		</field>	
   		<field title="Motivation code" name="RCCODE" type="integer" filterOperator="equals" width="55"  canEdit="false" align="left" cellAlign="left" detail="true"></field>
   		<field title="Comment" name="COMMENT" length="500"  type="text" escapeHTML="true"      canEdit="false" align="left" cellAlign="left" detail="false"></field>
   		<field title="Curr. log." name="CRLOG" length="200"  type="text" escapeHTML="true"      canEdit="false" align="left" cellAlign="left" detail="true"></field>
        <field title="An. log." name="ANLOG" length="200"  type="text" escapeHTML="true"      canEdit="false" align="left" cellAlign="left" detail="true"></field>
        <field title="Prop. log." name="PROPLOG" length="200"  type="text" escapeHTML="true"      canEdit="false" align="left" cellAlign="left" detail="true"></field>
      <field title="Update note" name="UPDNOTE" length="255"  type="text" escapeHTML="true"      canEdit="true"  detail="false" align="left" cellAlign="left"></field>
       <field title="Update date"  name="UPDDATE"    type="datetime" displayFormat="toEuropeanShortDateTime" width="100"  align="left" cellAlign="left" canEdit="false" detail="false"></field>
		<field title="Update type" name="UPDTYPE"  type="text" escapeHTML="true"      canEdit="false" length="1" width="100" align="left" cellAlign="left" detail="false">
           <valueMap>
				<value ID="C">Create</value>
				<value ID="U">Update</value>
				<value ID="D">Delete</value>
			</valueMap>
		</field>
		<field title="Update user" name="UPDUSR" length="30"  type="text" escapeHTML="true"      canEdit="false" width="100" align="left" cellAlign="left" detail="false"></field>
 	
 	</fields>
 	<serverObject lookupStyle="new" className="it.ccg.pamp.server.dmi.LogOnlyDMI"/>	
 	<operationBindings>
	<operationBinding operationType="update" requiresRole="user"></operationBinding>
	<operationBinding operationType="delete" requiresRole="user"></operationBinding>
	<operationBinding operationType="add" requiresRole="user"></operationBinding>
    
	  <operationBinding operationId="pmpxstra-ed-summary" operationType="fetch"
	  customValueFields="INSTRNAME" customCriteriaFields="INSTRNAME">  
      <selectClause>pmpxstra.*, pmptinstr.INSTRNAME AS INSTRNAME</selectClause>
         <tableClause>pmpxstra, pmptinstr</tableClause>  
          <whereClause><![CDATA[pmptinstr.INSTRID = pmpxstra.INSTRID 
          AND pmptinstr.DIVISCODE='D' 
          AND (pmpxstra.updusr NOT IN ('system','System','SYSTEM')) and  $defaultWhereClause]]></whereClause>  
      </operationBinding>  
     </operationBindings>  
</DataSource>