<DataSource 
	  
	tableName="pmpxhisde"
	ID="pmpxhisde"
	dataSourceVersion="1"
	serverType="sql"
>
	<fields> 
	    <field title="Update id" name="UPDID" primaryKey="true" type="sequence" canEdit="false" length="1" width="100" align="left" cellAlign="left" detail="true"></field>
		<field title="Instrument ID" name="INSTRID" type="integer" filterOperator="equals"  canEdit="false"  width="100" align="left" cellAlign="left" detail="true"></field>
		<field title="Instrument name" customSQL="true" tableName="pmptinstr" name="INSTRNAME"  type="text" escapeHTML="true"        width="120" align="left" cellAlign="left" detail="false" canEdit="false"></field>
		<field title="Price date" name="PRICEDATE"  type="datetime"  canEdit="false" displayFormat= "toEuropeanShortDate" align="left" cellAlign="left" detail="false"></field>
		<field title="Strike" name="STRIKE" type="float" filterOperator="equals"   canEdit="false" width="100" align="left" cellAlign="left" detail="false" ></field>
		<field title="Exp." name="EXPIRY" type="integer" filterOperator="equals" canEdit="false"   width="100" align="left" cellAlign="left" detail="false">
		<validators>
					<validator type="integerRange" min="195001" max="210001" errorMessage="Write the expiration using the following format 'yyyymm'"/>
	    </validators>
		</field>
	    <field title="Put/Call" name="PC"  type="text" escapeHTML="true"      length="1"    canEdit="false" width="80" align="left" cellAlign="left" detail="false">
	      <valueMap>  
				<value ID="C">Call</value>  
				<value ID="P">Put</value>		  
				<value ID="F">Futures</value>		       
 			</valueMap>
 		 </field>
 		  <field title="Code" name="CODE"  type="text" escapeHTML="true"      length="12"   align="left" cellAlign="left" canEdit="false" width="90" detail="false"></field>
 		 <field title="Imp.vola." name="IMPVOLA" type="float" filterOperator="equals"  width="80"  align="left" cellAlign="left" canEdit="false" detail="false" >
			<validators>
					<validator type="floatRange" min="0" errorMessage="Please enter a positive value"/>
	        </validators>
	    </field>
	   <field title="Close pr." name="CLOSEPR" type="float" filterOperator="equals" width="100"  canEdit="false" align="left" cellAlign="left" detail="false" >
 			<validators>
					<validator type="floatRange" min="0" errorMessage="Please enter a positive value"/>
	        </validators>
	    </field>
	    <field title="Status" name="STATUS" length="1" canEdit="false" type="enum" align="left" cellAlign="left" width="50" detail="false">
	        <valueMap>  
				<value ID="E">Enabled</value>  
				<value ID="D">Disabled</value>  
 			</valueMap> 
   		</field>
 	<field title="Update note" name="UPDNOTE" length="255"  type="text" escapeHTML="true"      canEdit="true"  detail="false" align="left" cellAlign="left"></field>
 	<field title="Update date"  name="UPDDATE"    type="datetime" displayFormat="toEuropeanShortDateTime" width="100"   align="left" cellAlign="left" canEdit="false" detail="false"></field>
		<field title="Update type" name="UPDTYPE"  type="text" escapeHTML="true"      canEdit="false" length="1" width="100" align="left" cellAlign="left" detail="false">
           <valueMap>
				<value ID="C">Create</value>
				<value ID="U">Update</value>
				<value ID="D">Delete</value>
			</valueMap>
		</field>
		<field title="Update user" name="UPDUSR" length="30"  type="text" escapeHTML="true"      canEdit="false" width="100" align="left" cellAlign="left" detail="false"></field>
		
	</fields>
  <serverObject lookupStyle="new" className="it.ccg.pamp.server.dmi.LogOnlyDMI"/>
    <operationBindings>
	<operationBinding operationType="update" requiresRole="user"></operationBinding>
	<operationBinding operationType="delete" requiresRole="user"></operationBinding>
	<operationBinding operationType="add" requiresRole="user"></operationBinding>
    
	  <operationBinding operationId="pmpxhisde-ed-summary" operationType="fetch"
	  customValueFields="INSTRNAME" customCriteriaFields="INSTRNAME">  
      <selectClause>pmpxhisde.*, pmptinstr.INSTRNAME AS INSTRNAME</selectClause>
         <tableClause>pmpxhisde, pmptinstr</tableClause>  
          <whereClause><![CDATA[pmptinstr.INSTRID = pmpxhisde.INSTRID 
          AND pmptinstr.DIVISCODE='D' AND (pmpxhisde.updusr NOT IN ('system','System','SYSTEM')) and  $defaultWhereClause]]></whereClause>  
      </operationBinding>  
      <operationBinding operationId="pmpxhisde-elec-summary" operationType="fetch"
	  customValueFields="INSTRNAME" customCriteriaFields="INSTRNAME">  
      <selectClause>pmpxhisde.*, pmptinstr.INSTRNAME AS INSTRNAME</selectClause>
         <tableClause>pmpxhisde, pmptinstr</tableClause>  
          <whereClause><![CDATA[pmptinstr.INSTRID = pmpxhisde.INSTRID 
          AND pmptinstr.DIVISCODE='L' AND (pmpxhisde.updusr NOT IN ('system','System','SYSTEM')) and  $defaultWhereClause]]></whereClause>  
      </operationBinding>  
     </operationBindings>  
</DataSource>
