<DataSource 
   
tableName="pmpxconf" 
ID="pmpxconf" 
dataSourceVersion="1" 
serverType="sql">
	<fields> 
	    <field title="Update id" name="UPDID" primaryKey="true" type="sequence" canEdit="false" length="1" width="100" align="left" cellAlign="left" detail="true"></field>
		<field title="Instrument ID" name="INSTRID"  type="integer" filterOperator="equals" canEdit="false"  width="100" align="left" cellAlign="left" detail="true"></field>
		<field title="Instrument name" customSQL="true" tableName="pmptinstr" name="INSTRNAME"  type="text" escapeHTML="true"        width="120" align="left" cellAlign="left" detail="false" canEdit="false"></field>
		<field title="Period (days)" name="NDAYSPER"  canEdit="false" type="integer" filterOperator="equals" length="255" width="80" align="left" cellAlign="left" detail="false"></field>
		<field title="HP" name="NV"  canEdit="false" type="integer" filterOperator="equals" length="30" width="50" align="left" cellAlign="left" detail="false"></field>
		<field title="Confidence" name="CONFIDENCE"  type="float" filterOperator="equals" canEdit="false" width="80" align="left" cellAlign="left" detail="false">
			<validators>
				<validator type="floatRange" min="0" max="1" errorMessage="Must be between 0 and 1. Ex. 99.5% is 0.995"/>
			</validators>
		</field>
		<field title="Def. confidence" customSQL="true" tableName="pmpvconfdf" name="DEFCONFID" type="float" filterOperator="equals"   width="100" align="left" cellAlign="left" detail="false" canEdit="false"></field>
		<field title="Def. status" customSQL="true" tableName="pmpvconfdf"  name="DEFSTATUS"  type="text" escapeHTML="true"        width="90" align="left" cellAlign="left" detail="false" canEdit="false">
		<valueMap>
				<value ID="E">Enabled</value>
				<value ID="A">Analysis only</value>
				<value ID="D">Disabled</value>
			</valueMap>
		</field>	
		<field title="Default enable" name="DEFCONF"  type="text" escapeHTML="true"      canEdit="false" length="1" width="90" align="left" cellAlign="left" detail="false">
			<valueMap>
				<value ID="T">Default</value>
				<value ID="F">Customized</value>
			</valueMap>
		</field>
		<field title="Status" name="STATUS" length="1"  type="text" escapeHTML="true"      canEdit="false"  width="80" align="left" cellAlign="left" detail="false">
			<valueMap>
				<value ID="E">Enabled</value>
				<value ID="A">Analysis only</value>
				<value ID="D">Disabled</value>
			</valueMap>
		</field>
		<field title="Update note" name="UPDNOTE" length="255"  type="text" escapeHTML="true"      canEdit="true"  detail="false" align="left" cellAlign="left"></field>
		<field title="Update date"  name="UPDDATE"    type="datetime" displayFormat="toEuropeanShortDateTime" width="100"   align="left" cellAlign="left" canEdit="false" detail="false"></field>
		<field title="Update type" name="UPDTYPE"  type="text" escapeHTML="true"      canEdit="false" length="1" width="100" align="left" cellAlign="left" detail="false">
           <valueMap>
				<value ID="C">Create</value>
				<value ID="U">Update</value>
				<value ID="D">Delete</value>
			</valueMap>
		</field>
		<field title="Update user" name="UPDUSR" length="30"  type="text" escapeHTML="true"      canEdit="false" width="100" align="left" cellAlign="left" detail="false"></field>
		
	</fields>
	 <serverObject lookupStyle="new" className="it.ccg.pamp.server.dmi.LogOnlyDMI"/>
	 <operationBindings>
	<operationBinding operationType="update" requiresRole="user"></operationBinding>
	<operationBinding operationType="delete" requiresRole="user"></operationBinding>
	<operationBinding operationType="add" requiresRole="user"></operationBinding>
    
	 <operationBinding operationId="pmpxconf-ed-summary" operationType="fetch"
	 customValueFields="INSTRNAME" customCriteriaFields="INSTRNAME">  
      <selectClause>pmpxconf.*, pmptinstr.INSTRNAME AS INSTRNAME</selectClause>
          <tableClause>pmpxconf, pmptinstr</tableClause>  
          <whereClause><![CDATA[pmptinstr.INSTRID = pmpxconf.INSTRID and (pmpxconf.updusr NOT IN ('system','System','SYSTEM'))
          AND pmptinstr.DIVISCODE='D' AND $defaultWhereClause]]></whereClause>  
      </operationBinding>  
       <operationBinding operationId="pmpxconf-curr-summary" operationType="fetch"
	 customValueFields="INSTRNAME" customCriteriaFields="INSTRNAME">  
      <selectClause>pmpxconf.*, pmptinstr.INSTRNAME AS INSTRNAME</selectClause>
          <tableClause>pmpxconf, pmptinstr</tableClause>  
          <whereClause><![CDATA[pmptinstr.INSTRID = pmpxconf.INSTRID and (pmpxconf.updusr NOT IN ('system','System','SYSTEM'))
          AND pmptinstr.DIVISCODE='C'  AND $defaultWhereClause]]></whereClause>  
      </operationBinding>  
	  <operationBinding operationId="pmpxconf-bo-summary" operationType="fetch"
	  customValueFields="INSTRNAME" customCriteriaFields="INSTRNAME">  
      <selectClause>pmpxconf.*, pmptinstr.INSTRNAME AS INSTRNAME</selectClause>
         <tableClause>pmpxconf, pmptinstr</tableClause>  
          <whereClause><![CDATA[pmptinstr.INSTRID = pmpxconf.INSTRID and (pmpxconf.updusr NOT IN ('system','System','SYSTEM'))
          AND pmptinstr.DIVISCODE='B' AND $defaultWhereClause]]></whereClause> 
      </operationBinding>  
      <operationBinding operationId="pmpxconf-summary" operationType="fetch"
        customValueFields="INSTRNAME" customCriteriaFields="INSTRNAME">  
      <selectClause>pmpxconf.*, pmptinstr.INSTRNAME AS INSTRNAME</selectClause>
         <tableClause>pmpxconf, pmptinstr</tableClause>  
          <whereClause><![CDATA[pmptinstr.INSTRID = pmpxconf.INSTRID and (pmpxconf.updusr NOT IN ('system','System','SYSTEM'))
          AND pmptinstr.DIVISCODE='E' AND $defaultWhereClause]]></whereClause> 
      </operationBinding>  
      <operationBinding operationId="pmpxconf-ibo-summary" operationType="fetch"
        customValueFields="INSTRNAME" customCriteriaFields="INSTRNAME">  
      <selectClause>pmpxconf.*, pmptinstr.INSTRNAME AS INSTRNAME</selectClause>
         <tableClause>pmpxconf, pmptinstr</tableClause>  
          <whereClause><![CDATA[(pmptinstr.INSTRID = pmpxconf.INSTRID  and (pmpxconf.updusr NOT IN ('system','System','SYSTEM'))
          AND pmptinstr.DIVISCODE='I') AND $defaultWhereClause]]></whereClause> 
      </operationBinding>  
       <operationBinding operationId="pmpxconf-elec-summary" operationType="fetch"
        customValueFields="INSTRNAME" customCriteriaFields="INSTRNAME">  
      <selectClause>pmpxconf.*, pmptinstr.INSTRNAME AS INSTRNAME</selectClause>
         <tableClause>pmpxconf, pmptinstr</tableClause>  
          <whereClause><![CDATA[pmptinstr.INSTRID = pmpxconf.INSTRID and (pmpxconf.updusr NOT IN ('system','System','SYSTEM'))
          AND pmptinstr.DIVISCODE='L' AND $defaultWhereClause]]></whereClause> 
      </operationBinding>  
     </operationBindings>  
</DataSource>