<DataSource 
	  
	tableName="pmpxsetpar"
	ID="pmpxsetpar"
	dataSourceVersion="1"
	serverType="sql"
>
	<fields> 
	    <field title="Update id" name="UPDID" primaryKey="true" type="sequence" canEdit="false" length="1" width="100" align="left" cellAlign="left" detail="true"></field>
		<field title="HP" name="NV"  type="integer" filterOperator="equals" canEdit="false"  length="60"  width="100" align="left" cellAlign="left" detail="false"/>
  		<field title="Period (days)" name="NDAYSPER"  type="integer" filterOperator="equals" canEdit="false" align="left" cellAlign="left" length="255"  width="100" detail="false"/> 
  		<field title="Period" customSQL="true" tableName="pmpxper" name="NDAYSDESC"  type="text" escapeHTML="true"         width="100" align="left" cellAlign="left" detail="false" canEdit="false"></field>
  		<field title="Set ID" name="SETID"  type="integer" filterOperator="equals" canEdit="false"  length="30"  width="100" align="left" cellAlign="left" detail="true"/>
  		<field title="Status" name="PSTATUS"  type="text" escapeHTML="true"      canEdit="false" length="1"  width="100" align="left" cellAlign="left" detail="false">
	        <valueMap>  
				<value ID="E">Enabled</value>
				<value ID="A">Analysis only</value>  
				<value ID="D">Disabled</value>    
 			</valueMap> 
   		</field>
  		
  	<field title="Update note" name="UPDNOTE" length="255"  type="text" escapeHTML="true"      canEdit="true"  detail="false" align="left" cellAlign="left"></field>
  		<field title="Update date"  name="UPDDATE"    type="datetime" displayFormat="toEuropeanShortDateTime" width="100"   align="left" cellAlign="left" canEdit="false" detail="false"></field>
		<field title="Update type" name="UPDTYPE"  type="text" escapeHTML="true"      canEdit="false" length="1" width="100" align="left" cellAlign="left" detail="false">
           <valueMap>
				<value ID="C">Create</value>
				<value ID="U">Update</value>
				<value ID="D">Delete</value>
			</valueMap>
		</field>
		<field title="Update user" name="UPDUSR" length="30"  type="text" escapeHTML="true"      canEdit="false" width="100" align="left" cellAlign="left" detail="false"></field>
	
	</fields>
  	<serverObject lookupStyle="new" className="it.ccg.pamp.server.dmi.LogOnlyDMI"/>	
  	<operationBindings>
	<operationBinding operationType="update" requiresRole="user"></operationBinding>
	<operationBinding operationType="delete" requiresRole="user"></operationBinding>
	<operationBinding operationType="add" requiresRole="user"></operationBinding>
  
	  <operationBinding operationId="pmpxsetpar-summary" operationType="fetch"  
	     customValueFields="SETNAME" customCriteriaFields="SETNAME">  
      <selectClause>pmpxsetpar.*, pmptsets.SETNAME AS SETNAME</selectClause>
         <tableClause>pmpxsetpar, pmptsets</tableClause>  
          <whereClause><![CDATA[pmptsets.SETID = pmpxsetpar.SETID 
          AND pmptsets.DIVISCODE='E' 
         AND (pmpxsetpar.updusr NOT IN ('system','System','SYSTEM')) and  $defaultWhereClause]]></whereClause>  
            
      </operationBinding>  
       <operationBinding operationId="pmpxsetpar-ed-summary" operationType="fetch"
	  customValueFields="SETNAME" customCriteriaFields="SETNAME">  
      <selectClause>pmpxsetpar.*, pmptsets.SETNAME AS SETNAME</selectClause>
         <tableClause>pmpxsetpar, pmptsets</tableClause>  
          <whereClause><![CDATA[pmptsets.SETID = pmpxsetpar.SETID 
          AND pmptsets.DIVISCODE='D' 
          AND (pmpxsetpar.updusr NOT IN ('system','System','SYSTEM')) and $defaultWhereClause]]></whereClause>  
            
      </operationBinding>  
        <operationBinding operationId="pmpxsetpar-ibo-summary" operationType="fetch"
	  customValueFields="SETNAME" customCriteriaFields="SETNAME">  
      <selectClause>pmpxsetpar.*, pmptsets.SETNAME AS SETNAME</selectClause>
         <tableClause>pmpxsetpar, pmptsets</tableClause>  
          <whereClause><![CDATA[pmptsets.SETID = pmpxsetpar.SETID 
          AND pmptsets.DIVISCODE='I' 
         AND (pmpxsetpar.updusr NOT IN ('system','System','SYSTEM')) and  $defaultWhereClause]]></whereClause>  
            
      </operationBinding>  
         <operationBinding operationId="pmpxsetpar-elec-summary" operationType="fetch"
	  customValueFields="SETNAME" customCriteriaFields="SETNAME">  
      <selectClause>pmpxsetpar.*, pmptsets.SETNAME AS SETNAME</selectClause>
         <tableClause>pmpxsetpar, pmptsets</tableClause>  
          <whereClause><![CDATA[pmptsets.SETID = pmpxsetpar.SETID 
          AND pmptsets.DIVISCODE='L' 
          AND (pmpxsetpar.updusr NOT IN ('system','System','SYSTEM')) and  $defaultWhereClause]]></whereClause>  
            
      </operationBinding>  
  </operationBindings>  
</DataSource>
