<DataSource 
	  
	tableName="pmpxsched"
	ID="pmpxsched"
	dataSourceVersion="1"
	serverType="sql"
>
	<fields> 
	    <field title="Update id" name="UPDID" primaryKey="true" type="sequence" canEdit="false" length="1" width="100" align="left" cellAlign="left" detail="true"></field>
		
		<field title="Schedule name" name="PRCNAME"  type="text" escapeHTML="true"       canEdit="false"  width="180" align="left" cellAlign="left" detail="false"></field>
		<field title="Schedule status" name="ENABLED" length="1"  type="text" escapeHTML="true"      width="70" canEdit="false" align="left" cellAlign="left" detail="false">
		<valueMap>  
				<value ID="T">Running</value>  
				<value ID="F">Stopped</value>  
		</valueMap> 
		</field>
		<field title="Prc ID" name="PRCID" type="sequence"  canEdit="false" width="120" align="left" cellAlign="left" detail="true"></field>
		<field title="Batch" name="BATCHID" type="integer" filterOperator="equals" canEdit="false"  width="250" align="left" cellAlign="left" detail="false"></field>
		<field title="Frequency" name="FREQUENCY" length="1" type="enum" width="70" canEdit="false" align="left" cellAlign="left" detail="false">
		<valueMap>  
				<value ID="M">Monthly</value>  
				<value ID="O">One shot</value>
				<value ID="D">Daily</value>  
		</valueMap> 
		</field>
		<field title="Only market dates" name="ATTMKTDATE" length="1" type="enum" width="100" canEdit="false" align="left" cellAlign="left" detail="false">
		<valueMap>  
				<value ID="T">True</value>  
				<value ID="F">False</value>  
		</valueMap> 
		</field>
		<field title="Sched. date/time" name="FIXEDTIME" type="datetime" displayFormat= "toEuropeanShortDateTime" width="150" canEdit="false" align="left" cellAlign="left" detail="false"></field>
		<field title="Last scheduled execution" name="LASTEXEC" type="datetime" displayFormat= "toEuropeanShortDateTime" width="150" canEdit="false" align="left" cellAlign="left" detail="false"></field>
		<field title="Update note" name="UPDNOTE" length="255"  type="text" escapeHTML="true"      canEdit="true"  detail="false" align="left" cellAlign="left"></field>
		 <field title="Update date"  name="UPDDATE"    type="datetime" displayFormat="toEuropeanShortDateTime" width="100"  align="left" cellAlign="left" canEdit="false" detail="false"></field>
		<field title="Update type" name="UPDTYPE"  type="text" escapeHTML="true"      canEdit="false" length="1" width="100" align="left" cellAlign="left" detail="false">
           <valueMap>
				<value ID="C">Create</value>
				<value ID="U">Update</value>
				<value ID="D">Delete</value>
			</valueMap>
		</field>
		<field title="Update user" name="UPDUSR" length="30"  type="text" escapeHTML="true"      canEdit="false" width="100" align="left" cellAlign="left" detail="false"></field>
	
	</fields>
		<serverObject lookupStyle="new" className="it.ccg.pamp.server.dmi.LogOnlyDMI"/>	
  	 <operationBindings>
	<operationBinding operationType="update" requiresRole="user"></operationBinding>
	<operationBinding operationType="delete" requiresRole="user"></operationBinding>
	<operationBinding operationType="add" requiresRole="user"></operationBinding>
    
	    <operationBinding operationId="pmpxsched-ed-summary" operationType="fetch">
	    <whereClause><![CDATA[(pmpxsched.updusr NOT IN ('system','System','SYSTEM')) and $defaultWhereClause]]></whereClause>
	      
	    </operationBinding>  
        <operationBinding operationId="pmpxsched-summary" operationType="fetch">
	    <whereClause><![CDATA[(pmpxsched.updusr NOT IN ('system','System','SYSTEM')) and $defaultWhereClause]]></whereClause>
          
        </operationBinding>  
          <operationBinding operationId="pmpxsched-ibo-summary" operationType="fetch">
	    <whereClause><![CDATA[(pmpxsched.updusr NOT IN ('system','System','SYSTEM')) and $defaultWhereClause]]></whereClause>
          
        </operationBinding>  
          <operationBinding operationId="pmpxsched-sched-summary" operationType="fetch">
	    <whereClause><![CDATA[(pmpxsched.updusr NOT IN ('system','System','SYSTEM')) and $defaultWhereClause]]></whereClause>
          
        </operationBinding>  
          <operationBinding operationId="pmpxsched-elec-summary" operationType="fetch">
	    <whereClause><![CDATA[(pmpxsched.updusr NOT IN ('system','System','SYSTEM')) and $defaultWhereClause]]></whereClause>
          
        </operationBinding>  
     </operationBindings> 
</DataSource>