<DataSource 
	  
	tableName="pmpxminmar"
	ID="pmpxminmar"
	dataSourceVersion="1"
	serverType="sql"
>
	<fields> 
	    <field title="Update id" name="UPDID" primaryKey="true" type="sequence" canEdit="false" length="1" width="100" align="left" cellAlign="left" detail="true"></field>
		<field title="Instrument name" customSQL="true" tableName="pmptinstr" name="INSTRNAME"  type="text" escapeHTML="true"        width="120" align="left" cellAlign="left" detail="false" canEdit="false"></field>
	    <field title="Instrument ID" name="INSTRID" type="integer" filterOperator="equals"  width="80"  canEdit="false" align="left" cellAlign="left" detail="true"></field>
		<field title="Valid date" name="INIVDATE"  type="datetime" displayFormat="toEuropeanShortDate"  width="63" canEdit="false" align="left" cellAlign="left" detail="false"  hidden="true"></field>
		<field title="End date" name="ENDVDATE"   type="datetime" displayFormat="toEuropeanShortDate"  width="60" canEdit="false" align="left" cellAlign="left" detail="false" hidden="true"></field>
		<field title="Send date" name="SENDDATE" type="datetime" displayFormat="toEuropeanShortDateTime"  width="100" canEdit="false" align="left" cellAlign="left" detail="false" hidden="true"></field>
		<field title="Status" name="STATUS" length="1" type="enum" width="60" canEdit="false" align="left" cellAlign="left" detail="false">
	        <valueMap>  
				<value ID="E">Enabled</value>  
				<value ID="X">Error</value>
				<value ID="D">Disabled</value> 
 			</valueMap> 
   		</field>
   		<!--<field title="Cur.min.mar." name="CRMINMARC" type="float" filterOperator="equals" width="70" canEdit="false"    filterEditorType="SpinnerItem"  align="left" cellAlign="left" detail="false"></field>
   		--><field title="Math.min.mar." name="CRMINMARM" type="float" filterOperator="equals" width="75" canEdit="false"    filterEditorType="SpinnerItem"  align="left" cellAlign="left" detail="false"></field>
   		<field title="An.min.mar." name="ANMINMAR" type="float" filterOperator="equals" width="70" canEdit="false"    filterEditorType="SpinnerItem"  align="left" cellAlign="left" detail="false"></field>
   		<field title="Usr.min.mar." name="USRMINMAR" type="float" filterOperator="equals" width="70" canEdit="false"    filterEditorType="SpinnerItem"  align="left" cellAlign="left" detail="false"></field>
   		<field title="Prop.min.mar." name="PROPMINMAR" type="float" filterOperator="equals" width="75" canEdit="false"    filterEditorType="SpinnerItem"  align="left" cellAlign="left" detail="false"></field>
   		<field title="Analysis date" name="ANDATE"  type="datetime" displayFormat="toEuropeanShortDateTime"  width="100" canEdit="false" align="left" cellAlign="left" detail="false"></field>
    	<field title="Approval" name="APPROVAL" length="1" type="enum" width="100" canEdit="false" align="left" cellAlign="left" detail="false">
	        <valueMap>  
				<value ID="A">Subm. for appr.</value>  
				<value ID="W">Working</value>
				<value ID="R">Rejected</value>     
 			</valueMap> 
   		</field>	
   		<field title="Propose" name="PROPOSE" length="1" type="enum" width="60" canEdit="false" align="left" cellAlign="left" detail="false">
	        <valueMap>  
				<value ID="C">Change</value>  
				<value ID="L">Leave</value>     
 			</valueMap> 
   		</field>	
   		 <field title="Custom" name="CUSTOM"  type="text" escapeHTML="true"      canEdit="false" length="1" width="70" align="left" cellAlign="left" detail="true">
           <valueMap>
				<value ID="T">True</value>
				<value ID="F">False</value>
			</valueMap>
		</field>
   		<field title="Motivation code" name="RCCODE" type="integer" filterOperator="equals" width="55"  canEdit="false" align="left" cellAlign="left" detail="true"></field>
   		<field title="Comment" name="COMMENT" length="500"  type="text" escapeHTML="true"      canEdit="false" align="left" cellAlign="left" detail="false"></field>
   		<field title="Curr. log." name="CRLOG" length="200"  type="text" escapeHTML="true"      canEdit="false" align="left" cellAlign="left" detail="true"></field>
        <field title="An. log." name="ANLOG" length="200"  type="text" escapeHTML="true"      canEdit="false" align="left" cellAlign="left" detail="true"></field>
        <field title="Prop. log." name="PROPLOG" length="200"  type="text" escapeHTML="true"      canEdit="false" align="left" cellAlign="left" detail="true"></field>
       <field title="Update note" name="UPDNOTE" length="255"  type="text" escapeHTML="true"      canEdit="true"  detail="false" align="left" cellAlign="left"></field>
        <field title="Update date"  name="UPDDATE"    type="datetime" displayFormat="toEuropeanShortDateTime" width="100"  align="left" cellAlign="left" canEdit="false" detail="false"></field>
		<field title="Update type" name="UPDTYPE"  type="text" escapeHTML="true"      canEdit="false" length="1" width="100" align="left" cellAlign="left" detail="false">
           <valueMap>
				<value ID="C">Create</value>
				<value ID="U">Update</value>
				<value ID="D">Delete</value>
			</valueMap>
		</field>
		<field title="Update user" name="UPDUSR" length="30"  type="text" escapeHTML="true"      canEdit="false" width="100" align="left" cellAlign="left" detail="false"></field>
	
 	</fields>
 	<serverObject lookupStyle="new" className="it.ccg.pamp.server.dmi.LogOnlyDMI"/>	
 	 <operationBindings>
	<operationBinding operationType="update" requiresRole="user"></operationBinding>
	<operationBinding operationType="delete" requiresRole="user"></operationBinding>
	<operationBinding operationType="add" requiresRole="user"></operationBinding>
    
	  <operationBinding operationId="pmpxminmar-ed-summary" operationType="fetch"
	  customValueFields="INSTRNAME" customCriteriaFields="INSTRNAME">  
      <selectClause>pmpxminmar.*, pmptinstr.INSTRNAME AS INSTRNAME</selectClause>
         <tableClause>pmpxminmar, pmptinstr</tableClause>  
          <whereClause><![CDATA[pmptinstr.INSTRID = pmpxminmar.INSTRID 
          AND pmptinstr.DIVISCODE='D' 
         AND  (pmpxminmar.updusr NOT IN ('system','System','SYSTEM')) and  $defaultWhereClause]]></whereClause>  
            
      </operationBinding>  
     </operationBindings>  
</DataSource>