<DataSource 
	  
	tableName="pmpxhispr"
	ID="pmpxhispr"
	dataSourceVersion="1"
	serverType="sql"
>
	<fields> 
	    <field title="Update id" name="UPDID" primaryKey="true" type="sequence" canEdit="false" length="1" width="100" align="left" cellAlign="left" detail="true"></field>
		<field title="Instrument ID" name="INSTRID" type="integer" filterOperator="equals"  canEdit="false" width="100"   align="left" cellAlign="left" detail="true"></field>
		<field title="Instrument name" customSQL="true" tableName="pmptinstr" name="INSTRNAME"  type="text" escapeHTML="true"        width="120" align="left" cellAlign="left" detail="false" canEdit="false"></field>
		<field title="Session date" name="PRICEDATE" type="datetime"   displayFormat= "toEuropeanShortDate"  width="100" canEdit="false" align="left" cellAlign="left" detail="false"></field>
		<field title="Close pr." name="CLOSEPR" type="float" filterOperator="equals"  canEdit="false"  width="100" align="left" cellAlign="left" detail="false">
			<validators>
					<validator type="floatRange" min="0" errorMessage="Please enter a positive value"/>
	        </validators>
	    </field>
	    <field title="Status" name="STATUS" length="1"  type="text" escapeHTML="true"      width="60" align="left" canEdit="false" cellAlign="left" detail="false">
	        <valueMap>  
				<value ID="E">Enabled</value>  
				<value ID="D">Disabled</value>  
 			</valueMap> 
   		</field>
	  <field title="Update note" name="UPDNOTE" length="255"  type="text" escapeHTML="true"      canEdit="true"  detail="false" align="left" cellAlign="left"></field>
	  <field title="Update date"  name="UPDDATE"   type="datetime"  width="100"   align="left" cellAlign="left" canEdit="false" detail="false"></field>
		<field title="Update type" name="UPDTYPE"  type="text" escapeHTML="true"      canEdit="false" length="1" width="100" align="left" cellAlign="left" detail="false">
           <valueMap>
				<value ID="C">Create</value>
				<value ID="U">Update</value>
				<value ID="D">Delete</value>
			</valueMap>
		</field>
		<field title="Update user" name="UPDUSR" length="30"  type="text" escapeHTML="true"      canEdit="false" width="100" align="left" cellAlign="left" detail="false"></field>
		
	</fields>
  <serverObject lookupStyle="new" className="it.ccg.pamp.server.dmi.LogOnlyDMI"/>
  <operationBindings>
	<operationBinding operationType="update" requiresRole="user"></operationBinding>
	<operationBinding operationType="delete" requiresRole="user"></operationBinding>
	<operationBinding operationType="add" requiresRole="user"></operationBinding>
    
	  <operationBinding operationId="pmpxhispr-summary" operationType="fetch"
	  customValueFields="INSTRNAME" customCriteriaFields="INSTRNAME">  
      <selectClause>pmpxhispr.*, pmptinstr.INSTRNAME AS INSTRNAME</selectClause>
         <tableClause>pmpxhispr, pmptinstr</tableClause>  
          <whereClause><![CDATA[pmptinstr.INSTRID = pmpxhispr.INSTRID 
          AND pmptinstr.DIVISCODE='E' AND (pmpxhispr.updusr NOT IN ('system','System','SYSTEM')) and   $defaultWhereClause]]></whereClause>  
      </operationBinding>  
      <operationBinding operationId="pmpxhispr-curr-summary" operationType="fetch"
	  customValueFields="INSTRNAME" customCriteriaFields="INSTRNAME">  
      <selectClause>pmpxhispr.*, pmptinstr.INSTRNAME AS INSTRNAME</selectClause>
         <tableClause>pmpxhispr, pmptinstr</tableClause>  
          <whereClause><![CDATA[pmptinstr.INSTRID = pmpxhispr.INSTRID 
          AND pmptinstr.DIVISCODE='C' AND (pmpxhispr.updusr NOT IN ('system','System','SYSTEM')) and   $defaultWhereClause]]></whereClause>  
      </operationBinding>  
       <operationBinding operationId="pmpxhispr-ibo-summary" operationType="fetch"
	  customValueFields="INSTRNAME" customCriteriaFields="INSTRNAME">  
      <selectClause>pmpxhispr.*, pmptinstr.INSTRNAME AS INSTRNAME</selectClause>
         <tableClause>pmpxhispr, pmptinstr</tableClause>  
          <whereClause><![CDATA[pmptinstr.INSTRID = pmpxhispr.INSTRID 
          AND pmptinstr.DIVISCODE='I' AND (pmpxhispr.updusr NOT IN ('system','System','SYSTEM')) and   $defaultWhereClause]]></whereClause>  
      </operationBinding>  
</operationBindings>  
</DataSource>
