<DataSource 
	  
	tableName="pmpxperdf"
	ID="pmpxperdf"
	dataSourceVersion="1"
	generatedBy="7.1-Evaluation/Enterprise Deployment 2009-08-23"
	serverType="sql"
>
	<fields> 
	    <field title="Update id" name="UPDID" primaryKey="true" type="sequence" canEdit="false" length="1" width="100" align="left" cellAlign="left" detail="true"></field>
		
	    <field title="Instr. type" name="INSTRTYPE" canEdit="false"   length="30"  type="text" escapeHTML="true"      width="100" detail="false"></field>
		<field title="Period" customSQL="true" tableName="pmpxperdf" name="NDAYSDESC"  type="text" escapeHTML="true"        width="100" align="left" cellAlign="left" detail="false" canEdit="false"></field>
		<field title="Period(days)" name="NDAYSPER" type="integer" canEdit="false"   width="100" cellAlign="left" align="left"></field>
		<field title="Status" name="PSTATUS"  type="text" escapeHTML="true"      canEdit="false" length="1" align="left" width="120" cellAlign="left" detail="false">
		 <valueMap>  
				<value ID="E">Enabled</value>  
				<value ID="A">Analysis only</value>   
				<value ID="D">Disabled</value>  
 			</valueMap> 
		</field>
		<field title="Update note" name="UPDNOTE" length="255"  type="text" escapeHTML="true"      canEdit="true"  detail="false" align="left" cellAlign="left"></field>
		<field title="Update date"  name="UPDDATE"    type="datetime" displayFormat="toEuropeanShortDateTime" width="100"  align="left" cellAlign="left" canEdit="false" detail="false"></field>
		<field title="Update type" name="UPDTYPE"  type="text" escapeHTML="true"      canEdit="false" length="1" width="100" align="left" cellAlign="left" detail="false">
           <valueMap>
				<value ID="C">Create</value>
				<value ID="U">Update</value>
				<value ID="D">Delete</value>
			</valueMap>
		</field>
		<field title="Update user" name="UPDUSR" length="30"  type="text" escapeHTML="true"      canEdit="false" width="100" align="left" cellAlign="left" detail="false"></field>
		
	</fields>
	<serverObject lookupStyle="new" className="it.ccg.pamp.server.dmi.LogOnlyDMI"/>	
  	 <operationBindings>
	<operationBinding operationType="update" requiresRole="user"></operationBinding>
	<operationBinding operationType="delete" requiresRole="user"></operationBinding>
	<operationBinding operationType="add" requiresRole="user"></operationBinding>
    
	    <operationBinding operationId="pmpxperdfdf-ed-summary" operationType="fetch">
	    <whereClause><![CDATA[(pmpxperdf.updusr NOT IN ('system','System','SYSTEM')) and $defaultWhereClause]]></whereClause>
	      
	    </operationBinding> 
	    <operationBinding operationId="pmpxperdfdf-bo-summary" operationType="fetch">
	    <whereClause><![CDATA[(pmpxperdf.updusr NOT IN ('system','System','SYSTEM')) and $defaultWhereClause]]></whereClause>
	      
	    </operationBinding>  
	     <operationBinding operationId="pmpxperdfdf-curr-summary" operationType="fetch">
	    <whereClause><![CDATA[(pmpxperdf.updusr NOT IN ('system','System','SYSTEM')) and $defaultWhereClause]]></whereClause>
	      
	    </operationBinding>  
        <operationBinding operationId="pmpxperdfdf-summary" operationType="fetch">
	    <whereClause><![CDATA[(pmpxperdf.updusr NOT IN ('system','System','SYSTEM')) and $defaultWhereClause]]></whereClause>
          
        </operationBinding>  
         <operationBinding operationId="pmpxperdfdf-ibo-summary" operationType="fetch">
	    <whereClause><![CDATA[(pmpxperdf.updusr NOT IN ('system','System','SYSTEM')) and $defaultWhereClause]]></whereClause>
          
        </operationBinding>  
          <operationBinding operationId="pmpxperdfdf-elec-summary" operationType="fetch">
	    <whereClause><![CDATA[(pmpxperdf.updusr NOT IN ('system','System','SYSTEM')) and $defaultWhereClause]]></whereClause>
          
        </operationBinding>  
     </operationBindings>  
</DataSource>
