 <DataSource 
	  
	tableName="pmpxmar"
	ID="pmpxmar_eq"
	dataSourceVersion="1"
	serverType="sql"
>
	<fields> 
	    <field title="Update id" name="UPDID" primaryKey="true" type="sequence" canEdit="false" length="1" width="100" align="left" cellAlign="left" detail="true"></field>
		<field title="Instrument name" customSQL="true" tableName="pmpvmar" name="INSTRNAME"  type="text" escapeHTML="true"      canFilter="true" width="100" align="left" cellAlign="left" detail="false" canEdit="false"></field>
		<field title="Instrument ID" name="INSTRID" type="integer" filterOperator="equals"  width="80"  canEdit="false" align="left" cellAlign="left" detail="true"></field>
		<field title="Valid date" name="INIVDATE"   type="datetime" displayFormat="toEuropeanShortDate"  width="63" canEdit="false" align="left" cellAlign="left" detail="false"></field>
		<field title="End date" name="ENDVDATE"   type="datetime" displayFormat="toEuropeanShortDate"  width="60" canEdit="false" align="left" cellAlign="left" detail="true"></field>
		<field title="Send date" name="SENDDATE"  type="datetime" displayFormat="toEuropeanShortDateTime"  width="60" canEdit="false" align="left" cellAlign="left" detail="false"></field>
		<field title="Status" name="STATUS" length="1" type="enum" width="60" canEdit="false" align="left" cellAlign="left" detail="false">
	        <valueMap>  
				<value ID="E">Enabled</value>  
				<value ID="X">Error</value>  
				<value ID="D">Disabled</value> 
 			</valueMap> 
   		</field>
   		<field title="Curr.var.type" name="CRVARTYPE" type="enum"  length="1" width="70"  canEdit="false" align="left" cellAlign="left" detail="true">
		       <valueMap>  
				<value ID="L">Logarithmic</value>
				<value ID="P">Percentual</value> 
				</valueMap> 
		</field>
   		<field title="Curr. HP" name="CRNV" type="integer" filterOperator="equals" width="50"  canEdit="false" align="left" cellAlign="left" detail="true"></field>
   		<field title="Cur.per(days)" name="CRNDAYSPER" type="integer" filterOperator="equals" width="80"  canEdit="false" align="left" cellAlign="left" detail="true"></field>
   		<field title="Cur.cover" name="CRCOVER" type="float" filterOperator="equals" width="63" canEdit="false" align="left" cellAlign="left" detail="true"></field>
		<field title="Cur.mar." name="CRMARGIN" type="float" filterOperator="equals" width="63" canEdit="false" align="left" cellAlign="left" detail="false"></field>
		<field title="An.mar." name="ANMARGIN" type="float" filterOperator="equals" width="60" canEdit="false" align="left" cellAlign="left" detail="false"></field>
		<field title="An.cov." name="ANCOVER" type="float" filterOperator="equals" width="60" canEdit="false" align="left" cellAlign="left" detail="false"></field>
		<field title="An.per(days)" name="ANNDAYSPER" type="integer" filterOperator="equals" width="80"  canEdit="false" align="left" cellAlign="left" detail="true"></field>
		<field title="An. HP" name="ANNV" type="integer" filterOperator="equals" width="50"  canEdit="false" align="left" cellAlign="left" detail="true"></field>
		<field title="An.var.type" name="ANVARTYPE" type="enum"  length="1" width="70"  canEdit="false" align="left" cellAlign="left" detail="true">
		       <valueMap>  
				<value ID="L">Logarithmic</value>
				<value ID="P">Percentual</value> 
				</valueMap> 
		</field>
		<field title="User mar." name="USERMARGIN" type="float" filterOperator="equals" width="60" canEdit="false"  align="left" cellAlign="left" detail="false">
		<validators>
				<validator type="floatRange" min="0" max="1" errorMessage="Must be between 0 and 1. Ex. 99.5% is 0.995"/>
			</validators>
		</field>
		<field title="Curr.min." name="CRMINMAR" type="float" filterOperator="equals" width="65" canEdit="false" align="left" cellAlign="left" detail="true" hidden="true"></field>
		<field title="An.min.mar." name="ANMINMAR" type="float" filterOperator="equals" width="65" canEdit="false" align="left" cellAlign="left" detail="true" hidden="true"></field>
		<field title="User.min." name="USERMINMAR" type="float" filterOperator="equals" width="65" canEdit="false"  align="left" cellAlign="left" detail="true"  hidden="true"></field>
		<field title="Analysis date" name="ANDATE"  type="datetime" displayFormat="toEuropeanShortDate"  width="80" canEdit="false" align="left" cellAlign="left" detail="false"></field>
		<field title="Prop.cov." name="PROPCOVER" type="float" filterOperator="equals" width="65" canEdit="false"  align="left" cellAlign="left" detail="false"></field>
		<field title="Prop.mar." name="PROPMARGIN" type="float" filterOperator="equals" width="65" canEdit="false"  align="left" cellAlign="left" detail="false"></field>			
		<field title="Prop.min.mar." name="PROPMINMAR" type="float" filterOperator="equals" width="72" canEdit="false"  align="left" cellAlign="left" detail="true"></field>	
		<field title="Working min. mar." name="WORKMINMAR" type="float" customSQL="true" tableName="pmpvmar"  filterOperator="equals" width="92" canEdit="false" align="left" cellAlign="left" detail="true" ></field>
		<field title="Working from" name="WORKFROMDT" type="datetime" customSQL="true" tableName="pmpvmar"  displayFormat="toEuropeanShortDateTime" width="100"  align="left" cellAlign="left" canEdit="false" detail="true"></field>
		<field title="Mar. change" name="CHMAR" type="float" customSQL="true" tableName="pmpvmar"  filterOperator="equals" width="72" canEdit="false" align="left" cellAlign="left" detail="true" ></field>
		<field title="Min. mar. change" name="CHMINMAR" type="float" customSQL="true" tableName="pmpvmar"  filterOperator="equals" width="90" canEdit="false" align="left" cellAlign="left" detail="true" ></field>
		<field title="Approval" name="APPROVAL" length="1" type="enum" width="100" canEdit="false" align="left" cellAlign="left" detail="false">
	        <valueMap>  
				<value ID="A">Subm. for appr.</value>  
				<value ID="W">Working</value>
				<value ID="R">Rejected</value>     
 			</valueMap> 
   		</field>	
   		<field title="Propose" name="PROPOSE" length="1" type="enum" width="60" canEdit="false" align="left" cellAlign="left" detail="false">
	        <valueMap>  
				<value ID="C">Change</value>  
				<value ID="L">Leave</value>     
 			</valueMap> 
   		</field>	
   		<field title="Motivation code" name="RCCODE" type="integer" filterOperator="equals" width="90"  canEdit="false" align="left" cellAlign="left" detail="true"></field>
   		<field customSQL="true" tableName="pmpvmar" title="Division" name="DIVISCODE" length="30"  type="text" escapeHTML="true"      width="100" align="left" cellAlign="left" detail="true">
	    <valueMap>
				<value ID="E">Equities</value>
				<value ID="D">Eq.derivates</value>
				<value ID="I">Infl.bond</value>
				<value ID="O">Bond</value> 
				 <value ID="B">I.R. Nodes</value>
				<value ID="X">Elect.derivates</value>
			</valueMap>
	    </field>
        <field title="Curr. log." name="CRLOG" length="200"  type="text" escapeHTML="true"      canEdit="false" align="left" cellAlign="left" detail="true"></field>
        <field title="An. log." name="ANLOG" length="200"  type="text" escapeHTML="true"      canEdit="false" align="left" cellAlign="left" detail="true"></field>
        <field title="Prop. log." name="PROPLOG" length="200"  type="text" escapeHTML="true"      canEdit="false" align="left" cellAlign="left" detail="true"></field>
  	    <field title="Curr. first hist. date" name="CRFRSTHISD" type="datetime" displayFormat="toEuropeanShortDate" width="100"  align="left" cellAlign="left" canEdit="false" detail="true"></field>
  	    <field title="An. first hist. date" name="ANFRSTHISD" type="datetime" displayFormat="toEuropeanShortDate" width="100"  align="left" cellAlign="left" canEdit="false" detail="false"></field>
  	    <field title="Curr. last hist. date" name="CRLASTHISD" type="datetime" displayFormat="toEuropeanShortDate" width="100"  align="left" cellAlign="left" canEdit="false" detail="true"></field>
  	    <field title="An. last hist. date" name="ANLASTHISD" type="datetime" displayFormat="toEuropeanShortDate" width="100"  align="left" cellAlign="left" canEdit="false" detail="true"></field>
        <field title="Susp." name="SUSP"  type="text" escapeHTML="true"      canEdit="false" length="1" width="70" align="left" cellAlign="left" detail="false">
           <valueMap>
				<value ID="T">Susp.</value>
				<value ID="F"> </value>
			</valueMap>
		</field>
		 <field title="Custom" name="CUSTOM"  type="text" escapeHTML="true"      canEdit="false" length="1" width="70" align="left" cellAlign="left" detail="false">
           <valueMap>
				<value ID="T">True</value>
				<value ID="F">False</value>
			</valueMap>
		</field>
		<field title="Working mar." name="WORKMAR" customSQL="true" tableName="pmpvmar" type="float" filterOperator="equals" width="85" canEdit="false" align="left" cellAlign="left" detail="false" ></field>
		 <field title="User diff." name="CHUSRMAR" type="float"  tableName="pmpvmar" customSQL="true" filterOperator="equals" width="65" canEdit="false" align="left" cellAlign="left" detail="false" ></field>
		<field title="An. diff." name="CHANMAR" type="float"  tableName="pmpvmar" customSQL="true" filterOperator="equals" width="65" canEdit="false" align="left" cellAlign="left" detail="false" ></field>
		<field title="Instr. code" name="CLASSCODE" customSQL="true" tableName="pmpvmar"  length="30"  type="text" escapeHTML="true"      width="70" canEdit="false" detail="true" align="left" cellAlign="left"></field>
		<field title="ISIN code" name="ISINCODE" length="12" customSQL="true" tableName="pmpvmar"   type="text" escapeHTML="true"      width="110" canEdit="false" detail="true" align="left" cellAlign="left"></field>
		<field title="Comment" name="COMMENT" length="500"  type="text" escapeHTML="true"      canEdit="false" align="left" cellAlign="left" detail="false"></field>
		<field title="Update note" name="UPDNOTE" length="255"  type="text" escapeHTML="true"      canEdit="true"  detail="false" align="left" cellAlign="left"></field>
		<field title="Update date"  name="UPDDATE"    type="datetime" displayFormat="toEuropeanShortDateTime" width="100"  align="left" cellAlign="left" canEdit="false" detail="false"></field>
		<field title="Update type" name="UPDTYPE"  type="text" escapeHTML="true"      canEdit="false" length="1" width="100" align="left" cellAlign="left" detail="false">
           <valueMap>
				<value ID="C">Create</value>
				<value ID="U">Update</value>
				<value ID="D">Delete</value>
			</valueMap>
		</field>
		<field title="Update user" name="UPDUSR" length="30"  type="text" escapeHTML="true"      canEdit="false" width="100" align="left" cellAlign="left" detail="false"></field>
	    
		
	</fields>
  	<serverObject lookupStyle="new" className="it.ccg.pamp.server.dmi.LogOnlyDMI"/>
<operationBindings>
	<operationBinding operationType="update" requiresRole="user"></operationBinding>
	<operationBinding operationType="delete" requiresRole="user"></operationBinding>
	<operationBinding operationType="add" requiresRole="user"></operationBinding>
  
    <operationBinding operationId="pmpxmar-eq-summary" operationType="fetch" 
      customValueFields="INSTRNAME,DIVISCODE,CHMAR,CHMINMAR,CHANMAR,CHUSRMAR,WORKMINMAR,WORKFROMDT,WORKMAR,ISINCODE,CLASSCODE,SUPERSECT,INDUSTRY" 
      customCriteriaFields="INSTRNAME,DIVISCODE,CHMAR,CHMINMAR,CHANMAR,CHUSRMAR,WORKMINMAR,WORKFROMDT,WORKMAR,ISINCODE,CLASSCODE,SUPERSECT,INDUSTRY">  
       <selectClause>pmpxmar.*,pmpvmar.WORKMAR AS WORKMAR, 
        pmpvmar.WORKMAR, pmpvmar.WORKMINMAR,pmpvmar.WORKFROMDT,pmpvmar.CHMAR,pmpvmar.CHMINMAR,pmpvmar.CHANMAR as CHANMAR, pmpvmar.CHUSRMAR as CHUSRMAR,
       pmpvmar.CLASSCODE as CLASSCODE,pmpvmar.ISINCODE as ISINCODE,pmpvmar.DIVISCODE as DIVISCODE, pmpvmar.INSTRNAME AS INSTRNAME,
       pmpvmar.SUPERSECT as SUPERSECT,pmpvmar.INDUSTRY as INDUSTRY</selectClause>
       <tableClause>pmpxmar, pmpvmar as pmpvmar</tableClause>  
       <whereClause><![CDATA[ pmpvmar.DIVISCODE = 'E' 
       AND pmpvmar.INSTRID = pmpxmar.INSTRID and (pmpxmar.updusr NOT IN ('system','System','SYSTEM'))
       AND  (pmpxmar.updusr NOT IN ('system','System','SYSTEM')) and  $defaultWhereClause]]></whereClause>  
    </operationBinding>     
</operationBindings>  
</DataSource>