<DataSource 
	  
	tableName="pmpxhispr"
	ID="pmpxhispr_bo"
	dataSourceVersion="1"
	serverType="sql"
>
	<fields> 
	    <field title="Update id" name="UPDID" primaryKey="true" type="sequence" canEdit="false" length="1" width="100" align="left" cellAlign="left" detail="true"></field>
		<field title="Instrument ID" name="INSTRID" type="integer" filterOperator="equals" primaryKey="true" editorType="ComboBoxItem" canEdit="false" width="100" align="left" cellAlign="left" detail="true"></field>
		<field title="Session date" name="PRICEDATE" type="datetime" displayFormat="toEuropeanShortDate" required="true" primaryKey="true" width="100" canEdit="true" align="left" cellAlign="left" detail="false"></field>
		<field title="I.Rate" name="CLOSEPR" type="float" filterOperator="equals"  canEdit="true" required="true" align="left" cellAlign="left" detail="false">
			<validators>
					<validator type="floatRange" min="0" errorMessage="Please enter a positive value"/>
	        </validators>
	    </field>
	    <field title="Status" name="STATUS" length="1"  type="text" escapeHTML="true"      width="50" canEdit="true" align="left" cellAlign="left" detail="false">
	        <valueMap>  
				<value ID="E">Enabled</value>   
				<value ID="D">Disabled</value>  
 			</valueMap> 
   		</field>
	  <field title="Update note" name="UPDNOTE" length="255"  type="text" escapeHTML="true"      canEdit="true"  detail="false" align="left" cellAlign="left"></field>
	  <field title="Update date"  name="UPDDATE"    type="datetime" displayFormat="toEuropeanShortDateTime" width="100" editorType="TextItem" align="left" cellAlign="left" canEdit="false" detail="false"></field>
		<field title="Update type" name="UPDTYPE"  type="text" escapeHTML="true"      canEdit="false" length="1" width="100" align="left" cellAlign="left" detail="false">
           <valueMap>
				<value ID="C">Create</value>
				<value ID="U">Update</value>
				<value ID="D">Delete</value>
			</valueMap>
		</field>
		<field title="Update user" name="UPDUSR" length="30"  type="text" escapeHTML="true"      canEdit="false" width="100" align="left" cellAlign="left" detail="false"></field>
		
	</fields>
  <serverObject lookupStyle="new" className="it.ccg.pamp.server.dmi.LogOnlyDMI"/>
  <operationBindings>
	<operationBinding operationType="update" requiresRole="user"></operationBinding>
	<operationBinding operationType="delete" requiresRole="user"></operationBinding>
	<operationBinding operationType="add" requiresRole="user"></operationBinding>
    
	  <operationBinding operationId="pmpxhispr-bo-bo-summary" operationType="fetch"
	  customValueFields="INSTRNAME" customCriteriaFields="INSTRNAME">  
      <selectClause>pmpxhispr.*, pmptinstr.INSTRNAME AS INSTRNAME</selectClause>
         <tableClause>pmpxhispr, pmptinstr</tableClause>  
          <whereClause><![CDATA[pmptinstr.INSTRID = pmpxhispr.INSTRID 
          AND pmptinstr.DIVISCODE='B' AND (pmpxhispr.updusr NOT IN ('system','System','SYSTEM')) and    $defaultWhereClause]]></whereClause>  
            
      </operationBinding>  
       <operationBinding operationId="pmpxhispr-bo-hc-summary" operationType="fetch"
	  customValueFields="INSTRNAME" customCriteriaFields="INSTRNAME">  
      <selectClause>pmpxhispr.*, pmptinstr.INSTRNAME AS INSTRNAME</selectClause>
         <tableClause>pmpxhispr, pmptinstr</tableClause>  
          <whereClause><![CDATA[pmptinstr.INSTRID = pmpxhispr.INSTRID 
          AND pmptinstr.DIVISCODE='H' AND (pmpxhispr.updusr NOT IN ('system','System','SYSTEM')) and    $defaultWhereClause]]></whereClause>  
            
      </operationBinding>  
</operationBindings>  
</DataSource>
