<DataSource 
	  
	tableName="pmpxsetup"
	ID="pmpxsetup"
	dataSourceVersion="1"
	serverType="sql"
>
	<fields> 
	    <field title="Update id" name="UPDID" primaryKey="true" type="sequence" canEdit="false" length="1" width="100" align="left" cellAlign="left" detail="true"></field>
		<field title="Division" name="DIVISCODE"  type="text" escapeHTML="true"      width="80" align="left" cellAlign="left" length="1" canEdit="false" detail="false">
		<valueMap>
				<value ID="E">Equities</value>
				<value ID="D">Eq.derivates</value>
				<value ID="I">Infl.bond</value>
				<value ID="O">Bond</value> 
				 <value ID="B">I.R. Nodes</value>
				<value ID="X">Elect.derivates</value>
		</valueMap>
		</field>
		<field title="First date" name="HISFDATE" type="datetime" displayFormat= "toEuropeanShortDateTime" align="left" cellAlign="left" width="110" canEdit="false" detail="false"></field>
		<field title="First date check" name="HISFDATEN"  type="text" escapeHTML="true"      canEdit="false" length="1" width="80" align="left" cellAlign="left" detail="true">
		<valueMap>  
				<value ID="T">True</value>
				<value ID="F">False</value>   
 		</valueMap> 
		</field>
		<field title="Last date" name="HISLDATE" type="datetime" displayFormat= "toEuropeanShortDateTime" align="left" cellAlign="left" canEdit="false" width="110" detail="false"></field>
		<field title="Last date check" name="HISLDATEN"  type="text" escapeHTML="true"      canEdit="false" length="1" width="80" align="left" cellAlign="left" detail="true">
		<valueMap>  
				<value ID="T">True</value>
				<value ID="F">False</value>   
 		</valueMap> 
		</field>
		<field title="Var. type" name="VARTYPE"  type="text" escapeHTML="true"      canEdit="false" length="1" width="100" align="left" cellAlign="left" detail="false">
		<valueMap>  
				<value ID="P">Percentual</value>
				<value ID="L">Logarithmic</value>   
 		</valueMap> 
		</field>
		<field title="Mar.round.type" name="MARROUNDTY"  type="text" escapeHTML="true"      canEdit="false" length="1" width="80" align="left" cellAlign="left" detail="false">
		<valueMap>  
				<value ID="N">Nearest</value>
				<value ID="F">Floor</value>
				<value ID="C">Ceiling</value>   
 		</valueMap> 
		</field>
		<field title="Mar.round.prec." name="MARROUNDTV" type="float" filterOperator="equals" width="80"  canEdit="false" align="left" cellAlign="left" detail="false"></field>
	    <field title="Mar. min.days" name="HISMINMAR" type="integer" filterOperator="equals" width="80"  canEdit="false" align="left" cellAlign="left" detail="true"></field>
		<field title="Min mar.change" name="MARMINCH" type="float" filterOperator="equals" width="70"  canEdit="false" align="left" cellAlign="left" detail="true"></field>
		<field title="Mar. sign of value" name="POSNEGEVAR" type="integer" filterOperator="equals" width="80"  align="left" cellAlign="left" canEdit="false" detail="false">
		<valueMap>  
				<value ID="0">All variations</value>
				<value ID="-1">Negative variations</value>
				<value ID="1">Positive variations</value>   
 		</valueMap> 
		</field>
		<field title="Mar. extreme value" name="REALMARGT"  type="text" escapeHTML="true"      canEdit="false" width="150" length="1" align="left" cellAlign="left" detail="false">
		<valueMap>  
				<value ID="H">Highest module</value>
				<value ID="S">Second highest module</value>
				<value ID="A">Aver. between highest and sec. highest</value>   
 		</valueMap> 
		</field>
		<field title="Min. perc. link der." name="MARTIEDMIN" type="float" filterOperator="equals" width="80"  canEdit="false" detail="true"></field>
		<field title="Volatility days" name="VOLAPER" type="integer" filterOperator="equals" width="80"  align="left" cellAlign="left" canEdit="false" detail="false"></field>
		<field title="Cut mar. if 1y hist." name="MARCUTHIS"  type="text" escapeHTML="true"      length="1" canEdit="false" width="150" detail="true"></field>
	    <field title="Cut mar. if susp." name="MARCUTSUSP"  type="text" escapeHTML="true"      length="1" canEdit="false" width="150" detail="true"></field>
	  	
		<field title="Gr.round.prec" name="GRROUNDTV" type="float" filterOperator="equals" width="80" align="left" cellAlign="left"  canEdit="false" detail="false"></field>
		<field title="Gr.round.type" name="GRROUNDTY"  type="text" escapeHTML="true"      length="1" align="left" cellAlign="left" canEdit="false" width="100" detail="false">
		<valueMap>  
				<value ID="N">Nearest</value>
				<value ID="F">Floor</value>
				<value ID="C">Ceiling</value>   
 		</valueMap> 
		</field>
		<field title="Gr.min.days" name="HISMINGR" type="integer" filterOperator="equals" width="80" align="left" cellAlign="left"  canEdit="false" detail="true"></field>
		<field title="Min.corr.to purp." name="GROUPTH" type="float" filterOperator="equals" width="100" align="left" cellAlign="left"  canEdit="false" detail="false"></field>
		<field title="Gr. correlat. type" name="GRCORRTYPE"  type="text" escapeHTML="true"      canEdit="false" length="1" width="120" align="left" cellAlign="left" detail="false">
		<valueMap>  
				<value ID="C">Standard correlation</value>
				<value ID="P">Pearson</value>
				<value ID="D">Div-Undiv</value>   
 		</valueMap> 
		</field>
		<field title="Gr. min change" name="GRMINCH" type="float" filterOperator="equals" width="80"  canEdit="false" detail="true"></field>
		<field title="Min. income to prop. rett." name="ETFTH" type="float" filterOperator="equals" width="50"  canEdit="false" align="left" cellAlign="left" detail="true"></field>
	    <field title="Update note" name="UPDNOTE" length="255"  type="text" escapeHTML="true"      canEdit="true"  detail="false" align="left" cellAlign="left"></field>
	    <field title="Update user" name="UPDUSR" length="30"  type="text" escapeHTML="true"      canEdit="false" width="100" align="left" cellAlign="left" detail="false"></field>
	    <field title="Update type" name="UPDTYPE"  type="text" escapeHTML="true"      canEdit="false" length="1" width="100" align="left" cellAlign="left" detail="false">
           <valueMap>
				<value ID="C">Create</value>
				<value ID="U">Update</value>
				<value ID="D">Delete</value>
			</valueMap>
		</field>
	     <field title="Update date"  name="UPDDATE"    type="datetime" displayFormat="toEuropeanShortDateTime" width="100"   align="left" cellAlign="left" canEdit="false" detail="false"></field>
		
	   
	</fields>
	<serverObject lookupStyle="new" className="it.ccg.pamp.server.dmi.LogOnlyDMI"/>
	
  	 <operationBindings>
	<operationBinding operationType="update" requiresRole="user"></operationBinding>
	<operationBinding operationType="delete" requiresRole="user"></operationBinding>
	<operationBinding operationType="add" requiresRole="user"></operationBinding>
  
	  <operationBinding operationId="pmpxsetup-summary" operationType="fetch">    
          <whereClause><![CDATA[pmpxsetup.DIVISCODE='E' 
          AND (pmpxsetup.updusr NOT IN ('system','System','SYSTEM')) and   $defaultWhereClause]]></whereClause>    
      </operationBinding> 
       <operationBinding operationId="pmpxsetup-curr-summary" operationType="fetch">    
          <whereClause><![CDATA[pmpxsetup.DIVISCODE='C' 
          AND (pmpxsetup.updusr NOT IN ('system','System','SYSTEM')) and   $defaultWhereClause]]></whereClause>    
      </operationBinding> 
  </operationBindings>  
</DataSource>
