<DataSource 
	  
	tableName="pmpxgroup"
	ID="pmpxgroup"
	dataSourceVersion="1"
	serverType="sql"
>
	<fields>
	    <field title="Update id" name="UPDID" primaryKey="true" type="sequence" canEdit="false" length="1" width="100" align="left" cellAlign="left" detail="true"></field>
		<field title="Group ID" name="GRID" type="sequence"  canEdit="false" width="100" detail="true" align="left" cellAlign="left"></field>
		<field title="Group Name" name="GRNAME" length="300"  type="text" escapeHTML="true"      width="170" canEdit="false"  detail="false" align="left" cellAlign="left"></field>
		<field title="Division" name="DIVISCODE"  length="20" type="enum" width="100" canEdit="false" detail="true" align="left" cellAlign="left">
			<valueMap>
				<value ID="E">Equities</value>
				<value ID="D">Eq.derivates</value>
				<value ID="I">Infl.bond</value>
				<value ID="O">Bond</value> 
				 <value ID="B">I.R. Nodes</value>
				<value ID="X">Elect.derivates</value>
			</valueMap>
		</field>
		<field title="Accepted" name="STATUS" length="1"  type="text" escapeHTML="true"      width="80" canEdit="false" detail="false" align="left" cellAlign="left">
	        <valueMap>  
				<value ID="E">True</value>  
				<value ID="C">False</value> 
 			</valueMap> 
   		</field>
   		<field title="Propose" name="PROPOSE" length="1"  type="text" escapeHTML="true"      width="80" canEdit="false" detail="false" align="left" cellAlign="left">
	        <valueMap>  
				<value ID="A">Activate</value>  
				<value ID="D">Deactivate</value>
				<value ID="L">Leave</value> 
				<value ID="C">Change coeff.</value>  
 			</valueMap> 
   		</field>
   		<field title="Approval" name="APPROVAL" length="1" type="enum" width="100" canEdit="false" detail="false" align="left" cellAlign="left">
	        <valueMap>  
				<value ID="A">Subm. for appr.</value>  
				<value ID="W">Working</value>
				<value ID="R">Rejected</value>     
 			</valueMap> 
   		</field>		
   		<field title="Valid date" name="INIVDATE"  type="datetime" displayFormat="toEuropeanShortDate"  width="80" canEdit="false" detail="false" align="left" cellAlign="left"></field>
		<field title="End date" name="ENDVDATE"  type="datetime" displayFormat="toEuropeanShortDate"  width="80" canEdit="false" detail="false" align="left" cellAlign="left"></field>
		<field title="Send date" name="SENDDATE"  type="datetime" displayFormat="toEuropeanShortDateTime"  width="100" canEdit="false" detail="false" align="left" cellAlign="left"></field>
		<field title="Curr. offset" name="CRCOEFF" type="float" filterOperator="equals" width="70" canEdit="false" detail="false" align="left" cellAlign="left"></field>
		<field title="An. offset" name="ANCOEFF" type="float" filterOperator="equals" width="70"  canEdit="false" detail="false" align="left" cellAlign="left"></field>
		<field title="An.per(days)" name="ANNDAYSPER" type="integer" filterOperator="equals" width="70"  canEdit="false" align="left" cellAlign="left" detail="true" ></field>
		<field title="An. HP" name="ANNV" type="integer" filterOperator="equals" width="70"  canEdit="false" align="left" cellAlign="left" detail="true" ></field>
		<field title="An.var.type"  name="ANVARTYPE"  length="1"  type="text" escapeHTML="true"        width="90" align="left" cellAlign="left" detail="true" canEdit="false">
		  <valueMap>  
				<value ID="P">Percentual</value>  
				<value ID="L">Logarithmic</value>
			</valueMap> 
   		</field>		
		<field title="User offset" name="USERCOEFF" type="float" filterOperator="equals" width="70"  canEdit="false" detail="false" align="left" cellAlign="left"></field>
		<field title="Prop. offset" name="PROPCOEFF" type="float" filterOperator="equals" width="70"  canEdit="false" detail="false" align="left" cellAlign="left"></field>
		<field title="Analysis date" name="ANDATE"  type="datetime" displayFormat="toEuropeanShortDate" canEdit="false" width="80" detail="false" align="left" cellAlign="left"></field>
		<field title="Cur.per(days)" name="CRNDAYSPER" type="integer" filterOperator="equals" width="70"  canEdit="false" align="left" cellAlign="left" detail="true" ></field>
		<field title="Curr. HP" name="CRNV" type="integer" filterOperator="equals" width="70"  canEdit="false" align="left" cellAlign="left" detail="true" ></field>
		<field title="Curr. var.type" name="CRVARTYPE" type="integer" filterOperator="equals" width="70"  canEdit="false" align="left" cellAlign="left" detail="true" ></field>
		<field title="Comment" name="COMMENT" length="500"  type="text" escapeHTML="true"      canEdit="false" detail="false" align="left" cellAlign="left"></field>
   		<field title="Curr. log." name="CRLOG" length="200"  type="text" escapeHTML="true"      canEdit="false" align="left" cellAlign="left" detail="true"></field>
        <field title="An. log." name="ANLOG" length="200"  type="text" escapeHTML="true"      canEdit="false" align="left" cellAlign="left" detail="true"></field>
        <field title="Motivation code" name="RCCODE" type="integer" filterOperator="equals" width="70"  canEdit="false" align="left" cellAlign="left" detail="true" ></field>
        <field title="Prop. log." name="PROPLOG" length="200"  type="text" escapeHTML="true"      canEdit="false" align="left" cellAlign="left" detail="true"></field>
        <field title="Update note" name="UPDNOTE" length="255"  type="text" escapeHTML="true"      canEdit="true"  detail="false" align="left" cellAlign="left"></field>
        <field title="Update date"  name="UPDDATE"    type="datetime" displayFormat="toEuropeanShortDateTime" width="100"  align="left" cellAlign="left" canEdit="false" detail="false"></field>
		<field title="Update type" name="UPDTYPE"  type="text" escapeHTML="true"      canEdit="false" length="1" width="100" align="left" cellAlign="left" detail="false">
           <valueMap>
				<value ID="C">Create</value>
				<value ID="U">Update</value>
				<value ID="D">Delete</value>
			</valueMap>
		</field>
		<field title="Update user" name="UPDUSR" length="30"  type="text" escapeHTML="true"      canEdit="false" width="100" align="left" cellAlign="left" detail="false"></field>
	    
  	</fields>
  	<serverObject lookupStyle="new" className="it.ccg.pamp.server.dmi.LogOnlyDMI"/>
  	<operationBindings>
	<operationBinding operationType="update" requiresRole="user"></operationBinding>
	<operationBinding operationType="delete" requiresRole="user"></operationBinding>
	<operationBinding operationType="add" requiresRole="user"></operationBinding>
    
	 <operationBinding operationId="pmpxgroup-ed-summary" operationType="fetch">
          <whereClause><![CDATA[pmpxgroup.DIVISCODE='D' AND (pmpxgroup.updusr NOT IN ('system','System','SYSTEM')) and $defaultWhereClause]]></whereClause>  
      </operationBinding>  
      <operationBinding operationId="pmpxgroup-summary" operationType="fetch">  
        <whereClause><![CDATA[pmpxgroup.DIVISCODE='E' AND (pmpxgroup.updusr NOT IN ('system','System','SYSTEM')) and $defaultWhereClause]]></whereClause>  
      </operationBinding>  
     </operationBindings>  
</DataSource>