<DataSource    
tableName="pmpxinstr" 
	ID="pmpxinstr_agx" 
dataSourceVersion="1" 
serverType="sql">
	<fields> 
	    <field title="Update id" name="UPDID" primaryKey="true" type="sequence" canEdit="false" length="1" width="100" align="left" cellAlign="left" detail="true"></field>
		<field title="Instrument ID" name="INSTRID" type="sequence"  canEdit="false" canFilter="true" width="100" detail="true"></field>
		<field  title="Instrument name" name="INSTRNAME"   canFilter="true" length="255" canEdit="false"  type="text" escapeHTML="true"      width="190" detail="false"></field>
		<field title="Instr. code" name="CLASSCODE"  length="30"  type="text" escapeHTML="true"      width="70" canEdit="false" detail="false"></field>
		<field title="Reuters code" name="RICCODE" length="30"  type="text" escapeHTML="true"      width="100" canEdit="false" detail="true"></field>
		<field title="ISIN code" name="ISINCODE" length="12"  type="text" escapeHTML="true"       width="110" canEdit="false" detail="false">
			<validators>
				<validator type="regex" expression="[A-Za-z]{2}[A-Za-z0-9]{10}" errorMessage="ISIN code not valid" />
			</validators>
		</field>
		<field title="Bloomberg code" name="BLOOMBCODE" length="30"  type="text" escapeHTML="true"      width="100" canEdit="false" detail="true"></field>
		<field title="Market" name="MARKETCODE"  length="30"  type="text" escapeHTML="true"      width="70"  canEdit="false" detail="false"></field>
		<field title="Currency" name="CURRENCY"  length="10"  type="text" escapeHTML="true"      width="80" canEdit="false" detail="false">
			<valueMap>
			<value ID="LIT">ITL</value>	
				<value ID="USD ">USD </value>	
				<value ID="EUR">EUR</value>	
				<value ID="GBP">GBP</value>	
				<value ID="NOK">NOK</value>	
				<value ID="SEK">SEK</value>	
				<value ID="CHF">CHF</value>	
				<value ID="DKK">DKK</value>	
				<value ID="CAD">CAD</value>	
				<value ID="JPY">JPY</value>	
				<value ID="ISK">ISK</value>	
				<value ID="CZK">CZK</value>	
				<value ID="HUF">HUF</value>	
				<value ID="RON">RON</value>	
				<value ID="ATS">ATS</value>	
				<value ID="TRY">TRY</value>
<value ID="CNY">CNY</value> 
 <value ID="RSD">RSD</value> 
 <value ID="ZAR">ZAR</value>	
			</valueMap>
			<validators>
				<validator type="regex" expression="[A-Za-z]{3}" errorMessage="Not valid currency: write the 3 letters symbol of the currency (Ex. EUR, USD, GBP)." />
			</validators>
		</field>
		<field title="List Name" name="LISTNAME" length="255"  type="text" escapeHTML="true"      width="100" canEdit="false" detail="true"></field>
		<field title="Instr. type" name="INSTRTYPE"  canEdit="false"  length="30"  type="text" escapeHTML="true"      width="70" detail="false"></field>
		<field title="Instr. sub-type" name="INSTRSTYPE"   type="text" escapeHTML="true"       canEdit="false" length="30" width="120" detail="false" />
		<field title="Segment" name="SGMCODE"  length="30"  type="text" escapeHTML="true"      width="80"  canEdit="false" detail="false"></field>
	    <field title="Division" name="DIVISCODE"  length="20"  type="text" escapeHTML="true"      width="100" canEdit="false" detail="true">
			<valueMap>
				<value ID="E">Equities</value>
				<value ID="D">Eq.derivates</value>
				<value ID="I">Infl.bond</value>
				<value ID="O">Bond</value> 
				 <value ID="B">I.R. Nodes</value>
				<value ID="L">Elect.derivates</value>
				<value ID="X">Indices</value>
				<value ID="C">Currency</value>
<value ID="Y">Comparable</value>
<value ID="H">Haircut</value>
			</valueMap>
		</field>
		<field title="Disable Reason" name="DISABREAS" length="255"  type="text" escapeHTML="true"      canEdit="false" detail="true"></field>
		<field title="Delisting Reason" name="DELISTREAS" length="255"  type="text" escapeHTML="true"      canEdit="false" detail="true"></field>
		<field title="Status" name="STATUS" length="1"  type="text" escapeHTML="true"      width="100" canEdit="false" detail="true">
			<valueMap>
				<value ID="E">Enabled</value>
				<value ID="D">Disabled</value>
				<value ID="S">Delisted</value>
			</valueMap>
		</field>
		<field title="Industry" name="INDUSTRY" length="30"  type="text" escapeHTML="true"      width="100" canEdit="false" detail="true"></field>
		<field title="Super sector" name="SUPERSECT" length="30"  type="text" escapeHTML="true"      width="100" canEdit="false" detail="true"></field>
		<field title="Short term future" name="SHORTTFUT" length="20" type="enum" width="100" canEdit="false" detail="true">
			<valueMap>
				<value ID="T">True</value>
				<value ID="F">False</value>
			</valueMap>
		</field>
		<field title="Long term options" name="LONGTOPT" length="20" type="enum" width="100" canEdit="false" detail="true">
			<valueMap>
				<value ID="T">True</value>
				<value ID="F">False</value>
			</valueMap>
		</field>
		<field title="Fut. exp. number" name="FUTEXPNUMB" type="integer" filterOperator="equals" width="100"  editorType="TextItem" filterEditorType="SpinnerItem"  canEdit="false" detail="true">
			<validators>
				<validator type="isInteger" errorMessage="Must be a valid number of future expirations" />
			</validators>
		</field>
		<field title="Opt. exp. number" name="OPTEXPNUMB" type="integer" filterOperator="equals" width="100"  editorType="TextItem" filterEditorType="SpinnerItem"  canEdit="false" detail="true">
			<validators>
				<validator type="isInteger" errorMessage="Must be a valid number of option expirations" />
			</validators>
		</field>
		<field title="Multiplier" name="MULT" type="float" filterOperator="equals"  editorType="TextItem" filterEditorType="SpinnerItem"  width="64" canEdit="false" align="left" cellAlign="left" detail="false"></field>
		<field title="Short op. adj." name="SHORTOPADJ" type="float" filterOperator="equals"  editorType="TextItem" filterEditorType="SpinnerItem"  width="64" canEdit="false" align="left" cellAlign="left" detail="true"></field>
		<field title="Days to delivery" name="DELDAYS"  editorType="TextItem" filterEditorType="SpinnerItem"  width="64" type="integer" filterOperator="equals" canEdit="false" detail="true">
			<validators>
				<validator type="isInteger" errorMessage="Must be a valid number" />
			</validators>
		</field>
		<field title="Mkt list. Date" name="MKTLSTDATE" type="datetime" displayFormat="toEuropeanShortDate" width="90" canEdit="false" detail="true"></field>
		<field title="Ccp Date" name="CCPLSTDATE" type="datetime" displayFormat="toEuropeanShortDate" width="90" canEdit="false" detail="true"></field>
		<field title="Straddle method" name="STRATYPE" length="20"  type="enum" width="100" canEdit="false" detail="true">
			<valueMap>
				<value ID="N">None</value>
				<value ID="V">Variations</value>
				<value ID="C">Correlations</value>
			</valueMap>
		</field>
		<field title="Min. margin type" name="MINMARTYPE" length="20"  type="enum" width="100" canEdit="false" detail="true">
			<valueMap>
				<value ID="N">None</value>
				<value ID="S">Standard</value>
			</valueMap>
		</field>
		<field title="Underlying" name="UNDINSTRID" length="255" type="integer" filterOperator="equals" canEdit="false" detail="true">
			<validators>
				<validator type="isInteger" errorMessage="Must be a valid number" />
			</validators>
		</field>
		<field title="Underlying" name="UNDINSTRID" type="integer" filterOperator="equals"  canEdit="false" length="1" width="180" align="left" cellAlign="left" detail="true"></field>
      	<field title="Margin Threshold" name="MARGINTH" length="255" type="float" filterOperator="equals" canEdit="false"   editorType="TextItem" filterEditorType="SpinnerItem"  align="left" cellAlign="left" detail="true">
		<validators>
				<validator type="floatRange" min="0" max="10" errorMessage="Insert a number between 0 and 10 (0.5 is 50%)" /></validators>
		</field>
       	<field title="Hist. prices" name="DERHIST"  type="text" escapeHTML="true"      canEdit="false" length="1" width="100" align="left" cellAlign="left" detail="false">
			<valueMap>
				<value ID="T">Own</value>
				<value ID="F">Underlying</value>
			</valueMap>
		</field>
		<field title="Def. expiration" name="DEFHISTSER" width="100" type="integer" filterOperator="equals"  canEdit="false" align="left" cellAlign="left" detail="false">
			<valueMap>
				<value ID="1">First</value>
				<value ID="2">Second</value>
				<value ID="3">Third</value>
				<value ID="4">Fourth</value>
				<value ID="5">Fifth</value>
				<value ID="6">Sixth</value>
			</valueMap>
		</field><field title="Def.Margin" name="DEFMARG" type="float" filterOperator="equals"  editorType="TextItem" filterEditorType="SpinnerItem"  width="64" canEdit="false" align="left" cellAlign="left" detail="true"></field>
		<field title="Def.Min.Mar." name="DEFMINMAR" type="float" filterOperator="equals"  editorType="TextItem" filterEditorType="SpinnerItem"  width="70" canEdit="false" align="left" cellAlign="left" detail="true"></field>
		<field title="Def.Straddle" name="DEFSTRADD" type="float" filterOperator="equals"  editorType="TextItem" filterEditorType="SpinnerItem"  width="70" canEdit="false" align="left" cellAlign="left" detail="true"></field>
		<field title="Note" name="NOTE"  type="text" escapeHTML="true"      canEdit="false" length="500" align="left" cellAlign="left" detail="false"></field>
	    <field title="Update note" name="UPDNOTE" length="255"  type="text" escapeHTML="true"      canEdit="true"  detail="false" align="left" cellAlign="left"></field>
	    <field title="Update date"  name="UPDDATE"    type="datetime" displayFormat="toEuropeanShortDateTime" width="100" align="left" cellAlign="left" canEdit="false" detail="false"></field>
		<field title="Update type" name="UPDTYPE"  type="text" escapeHTML="true"      canEdit="false" length="1" width="100" align="left" cellAlign="left" detail="false">
           <valueMap>
				<value ID="C">Create</value>
				<value ID="U">Update</value>
				<value ID="D">Delete</value>
			</valueMap>
		</field>
		<field title="Update user" name="UPDUSR" length="30"  type="text" escapeHTML="true"      canEdit="false" width="100" align="left" cellAlign="left" detail="false"></field>
	    
 </fields>
 <serverObject lookupStyle="new" className="it.ccg.pamp.server.dmi.LogOnlyDMI"/>
  <operationBindings>
	<operationBinding operationType="update" requiresRole="user"></operationBinding>
	<operationBinding operationType="delete" requiresRole="user"></operationBinding>
	<operationBinding operationType="add" requiresRole="user"></operationBinding>
  
	
      <operationBinding operationId="pmpxinstr-agx-agx-summary" operationType="fetch">    
          <whereClause><![CDATA[pmpxinstr.DIVISCODE='W' AND (pmpxinstr.updusr NOT IN ('system','System','SYSTEM')) and    $defaultWhereClause]]></whereClause>  
            
      </operationBinding>  
  </operationBindings>  
</DataSource>