<DataSource 
	  
	tableName="pmpxdeltdf"
	ID="pmpxdeltdf"
	dataSourceVersion="1"
	serverType="sql"
>
	<fields> 
	    <field title="Update id" name="UPDID" primaryKey="true" type="sequence" canEdit="false" length="1" width="100" align="left" cellAlign="left" detail="true"></field>
		
		<field title="Instr. type" name="INSTRTYPE"  type="text" escapeHTML="true"        canEdit="false" width="90"  detail="false"></field>
		<field title="HP" name="NV" type="integer" filterOperator="equals" width="80"  canEdit="false" cellAlign="left" align="left"></field>
		<field title="Status" name="DSTATUS" length="13"  type="text" escapeHTML="true"      width="150" canEdit="false" detail="false">
	        <valueMap>  
				<value ID="E">Enabled</value>
				<value ID="D">Disabled</value>    
 			</valueMap> 
   		</field>
		<field title="Update note" name="UPDNOTE" length="255"  type="text" escapeHTML="true"      canEdit="true"  detail="false" align="left" cellAlign="left"></field>
		<field title="Update date"  name="UPDDATE"    type="datetime" displayFormat="toEuropeanShortDateTime" width="100"  align="left" cellAlign="left" canEdit="false" detail="false"></field>
		<field title="Update type" name="UPDTYPE"  type="text" escapeHTML="true"      canEdit="false" length="1" width="100" align="left" cellAlign="left" detail="false">
           <valueMap>
				<value ID="C">Create</value>
				<value ID="U">Update</value>
				<value ID="D">Delete</value>
			</valueMap>
		</field>
		<field title="Update user" name="UPDUSR" length="30"  type="text" escapeHTML="true"      canEdit="false" width="100" align="left" cellAlign="left" detail="false"></field>
		
	 	</fields>
  	<serverObject lookupStyle="new" className="it.ccg.pamp.server.dmi.LogOnlyDMI"/>
  	 <operationBindings>
	<operationBinding operationType="update" requiresRole="user"></operationBinding>
	<operationBinding operationType="delete" requiresRole="user"></operationBinding>
	<operationBinding operationType="add" requiresRole="user"></operationBinding>
    
	    <operationBinding operationId="pmpxdeltdf-ed-summary" operationType="fetch">
	    <whereClause><![CDATA[(pmpxdeltdf.updusr NOT IN ('system','System','SYSTEM')) and $defaultWhereClause]]></whereClause>
	    </operationBinding>  
        <operationBinding operationId="pmpxdeltdf-summary" operationType="fetch">
	    <whereClause><![CDATA[(pmpxdeltdf.updusr NOT IN ('system','System','SYSTEM')) and $defaultWhereClause]]></whereClause>
        </operationBinding>  
         <operationBinding operationId="pmpxdeltdf-curr-summary" operationType="fetch">
	    <whereClause><![CDATA[(pmpxdeltdf.updusr NOT IN ('system','System','SYSTEM')) and $defaultWhereClause]]></whereClause>
        </operationBinding>  
         <operationBinding operationId="pmpxdeltdf-bo-summary" operationType="fetch">
	    <whereClause><![CDATA[(pmpxdeltdf.updusr NOT IN ('system','System','SYSTEM')) and $defaultWhereClause]]></whereClause>
        </operationBinding>  
         <operationBinding operationId="pmpxdeltdf-ibo-summary" operationType="fetch">
	    <whereClause><![CDATA[(pmpxdeltdf.updusr NOT IN ('system','System','SYSTEM')) and $defaultWhereClause]]></whereClause>
        </operationBinding>  
          <operationBinding operationId="pmpxdeltdf-elec-summary" operationType="fetch">
	    <whereClause><![CDATA[(pmpxdeltdf.updusr NOT IN ('system','System','SYSTEM')) and $defaultWhereClause]]></whereClause>
        </operationBinding>
     </operationBindings>  
</DataSource>
