<DataSource 
	  
	tableName="veqsetcmb"
	ID="veqsetcmb"
	dataSourceVersion="1"
	generatedBy="7.1-Evaluation/Enterprise Deployment 2009-08-23"
	serverType="sql"
>
	<fields>
		<field title="Set ID" name="SETID" type="integer" filterOperator="equals"   width="100" detail="true"></field>
		<field title="Set Name" name="SETNAME" length="30"  type="text" escapeHTML="true"      width="200" detail="false" primaryKey="true"></field>
		<field title="Members" name="MEMBERS" type="integer" filterOperator="equals" width="100" detail="false"></field>
	</fields>
	<operationBindings>
	<operationBinding operationType="update" requiresRole="user"></operationBinding>
	<operationBinding operationType="delete" requiresRole="user"></operationBinding>
	<operationBinding operationType="add" requiresRole="user"></operationBinding>
 </operationBindings>  	
</DataSource>