<DataSource 
	  
	tableName="vstathistp"
	ID="vstathistp"
	dataSourceVersion="1"
	generatedBy="7.1-Evaluation/Enterprise Deployment 2009-08-23"
	serverType="sql">
	<fields>
		<field title="Instrument ID" name="INSTRID" type="integer" filterOperator="equals" width="100" detail="true" primaryKey="true"></field>
		<field  title="Instrument name" name="INSTRNAME"  length="255"  type="text" escapeHTML="true"      detail="false"></field>
		<field title="Instr. code" name="CLASSCODE" length="30"  type="text" escapeHTML="true"      width="100" detail="false"></field>
		<field title="Reuters code" name="RICCODE" length="30"  type="text" escapeHTML="true"      width="100" detail="true"></field>
		<field title="ISIN code" name="ISINCODE" length="12"  type="text" escapeHTML="true"      width="100" detail="true"></field>
		<field title="N.Days" name="MEMBERS" type="integer" filterOperator="equals" width="60" detail="false"></field>
		<field title="First date" name="FIRSTDATE" type="datetime" displayFormat= "toEuropeanShortDate" width="70" detail="false"></field>
		<field title="Last date" name="LASTDATE" type="datetime" displayFormat= "toEuropeanShortDate" width="70" detail="false"></field>
	</fields>
	<operationBindings>
	<operationBinding operationType="update" requiresRole="user"></operationBinding>
	<operationBinding operationType="delete" requiresRole="user"></operationBinding>
	<operationBinding operationType="add" requiresRole="user"></operationBinding>
 </operationBindings>  	
</DataSource>




