Suite/Test/Step Name,Browser,Description,Start time,End time,Duration,Status
Test Suite_ver2.62 - Firefox,Firefox 60.0,PAMP_IT Test Suite_ver2.62,2019-06-28 15:01:05,2019-06-28 15:23:46,22m - 41.448s,FAILED
,,,,,,
Test Cases/Imported from Selenium IDE Scripts/ver. 2.62/Firefox/RU02/RU02-NUC03-T02,Firefox 60.0,PAMP -  Portfolio B. T.  Eq./Der. -  Member Results - View,2019-06-28 15:01:06,2019-06-28 15:03:42,2m - 35.763s,FAILED
"Comment - ""----------------------------------------------------""",Firefox 60.0,,2019-06-28 15:01:08,2019-06-28 15:01:08,0.000s,PASSED
"Comment - ""This test case script is generated by Katalon Studio""",Firefox 60.0,,2019-06-28 15:01:08,2019-06-28 15:01:08,0.015s,PASSED
"Comment - ""Generated date: 09-Oct-2018 09:59:22 AM""",Firefox 60.0,,2019-06-28 15:01:08,2019-06-28 15:01:08,0.000s,PASSED
"Comment - ""File path: H:\Desktop\PAMP_2.62\PAMP_2.62\CdT\RUN_1\RU03\RU02-NUC03-T02.rctest""",Firefox 60.0,,2019-06-28 15:01:08,2019-06-28 15:01:08,0.000s,PASSED
"Comment - ""Generated by: masspetracca@gmail.com""",Firefox 60.0,,2019-06-28 15:01:08,2019-06-28 15:01:08,0.016s,PASSED
openBrowser,Firefox 60.0,----------------------------------------------------,2019-06-28 15:01:08,2019-06-28 15:01:34,25.318s,PASSED
"Comment - ""TC >> RU02-NUC03-T02.rctest""",Firefox 60.0,,2019-06-28 15:01:34,2019-06-28 15:01:34,0.021s,PASSED
navigateToUrl,Firefox 60.0,PAMP -  Equity Derivatives  - E.D. Price/Volatility series - Filters,2019-06-28 15:01:34,2019-06-28 15:01:34,0.501s,PASSED
setText,Firefox 60.0,,2019-06-28 15:01:34,2019-06-28 15:01:34,0.253s,PASSED
setText,Firefox 60.0,,2019-06-28 15:01:34,2019-06-28 15:01:35,0.124s,PASSED
click,Firefox 60.0,,2019-06-28 15:01:35,2019-06-28 15:01:42,7.805s,PASSED
navigateToUrl,Firefox 60.0,,2019-06-28 15:01:42,2019-06-28 15:01:52,9.333s,PASSED
click,Firefox 60.0,,2019-06-28 15:01:52,2019-06-28 15:01:53,0.804s,PASSED
click,Firefox 60.0,,2019-06-28 15:01:53,2019-06-28 15:01:53,0.347s,PASSED
click,Firefox 60.0,,2019-06-28 15:01:53,2019-06-28 15:03:39,1m - 46.418s,FAILED
,,,,,,
Test Cases/Imported from Selenium IDE Scripts/ver. 2.62/Firefox/RU02/RU02-NUC08-T02,Firefox 60.0,PAMP -  Portfolio B. T.  Eq./Der. -  Member Results - View,2019-06-28 15:03:42,2019-06-28 15:03:44,2.694s,FAILED
"Comment - ""----------------------------------------------------""",Firefox 60.0,,2019-06-28 15:03:42,2019-06-28 15:03:42,0.001s,PASSED
"Comment - ""This test case script is generated by Katalon Studio""",Firefox 60.0,,2019-06-28 15:03:42,2019-06-28 15:03:42,0.002s,PASSED
"Comment - ""Generated date: 09-Oct-2018 09:59:22 AM""",Firefox 60.0,,2019-06-28 15:03:42,2019-06-28 15:03:42,0.000s,PASSED
"Comment - ""File path: H:\Desktop\PAMP_2.62\PAMP_2.62\CdT\RUN_1\RU07\RU02-NUC08-T02.rctest""",Firefox 60.0,,2019-06-28 15:03:42,2019-06-28 15:03:42,0.002s,PASSED
"Comment - ""Generated by: masspetracca@gmail.com""",Firefox 60.0,,2019-06-28 15:03:42,2019-06-28 15:03:42,0.001s,PASSED
openBrowser,Firefox 60.0,----------------------------------------------------,2019-06-28 15:03:42,2019-06-28 15:03:42,0.081s,FAILED
,,,,,,
Test Cases/Imported from Selenium IDE Scripts/ver. 2.62/Firefox/RU03/RU03-NUC04-T01,Firefox 60.0,PAMP -  Portfolio B. T.  Eq./Der. -  Member Results - View,2019-06-28 15:03:44,2019-06-28 15:03:54,10.052s,FAILED
"Comment - ""----------------------------------------------------""",Firefox 60.0,,2019-06-28 15:03:45,2019-06-28 15:03:45,0.017s,PASSED
"Comment - ""This test case script is generated by Katalon Studio""",Firefox 60.0,,2019-06-28 15:03:45,2019-06-28 15:03:45,0.000s,PASSED
"Comment - ""Generated date: 09-Oct-2018 09:59:22 AM""",Firefox 60.0,,2019-06-28 15:03:45,2019-06-28 15:03:45,0.002s,PASSED
"Comment - ""File path: H:\Desktop\PAMP_2.62\PAMP_2.62\CdT\RUN_1\RU03\RU03-NUC05-T01.rctest""",Firefox 60.0,,2019-06-28 15:03:45,2019-06-28 15:03:45,0.001s,PASSED
"Comment - ""Generated by: masspetracca@gmail.com""",Firefox 60.0,,2019-06-28 15:03:45,2019-06-28 15:03:45,0.000s,PASSED
openBrowser,Firefox 60.0,----------------------------------------------------,2019-06-28 15:03:45,2019-06-28 15:03:51,6.542s,PASSED
"Comment - ""TC >> RU03-NUC05-T01.rctest""",Firefox 60.0,,2019-06-28 15:03:51,2019-06-28 15:03:51,0.000s,PASSED
navigateToUrl,Firefox 60.0,PAMP -  Bond HistoricalView - Filters,2019-06-28 15:03:51,2019-06-28 15:03:52,0.828s,PASSED
setText,Firefox 60.0,,2019-06-28 15:03:52,2019-06-28 15:03:52,0.251s,FAILED
,,,,,,
Test Cases/Imported from Selenium IDE Scripts/ver. 2.62/Firefox/RU03/RU03-NUC05-T01,Firefox 60.0,PAMP -  Portfolio B. T.  Eq./Der. -  Member Results - View,2019-06-28 15:03:54,2019-06-28 15:05:49,1m - 54.731s,FAILED
"Comment - ""----------------------------------------------------""",Firefox 60.0,,2019-06-28 15:03:55,2019-06-28 15:03:55,0.001s,PASSED
"Comment - ""This test case script is generated by Katalon Studio""",Firefox 60.0,,2019-06-28 15:03:55,2019-06-28 15:03:55,0.000s,PASSED
"Comment - ""Generated date: 09-Oct-2018 09:59:22 AM""",Firefox 60.0,,2019-06-28 15:03:55,2019-06-28 15:03:55,0.009s,PASSED
"Comment - ""File path: H:\Desktop\PAMP_2.62\PAMP_2.62\CdT\RUN_1\RU03\RU03-NUC05-T01.rctest""",Firefox 60.0,,2019-06-28 15:03:55,2019-06-28 15:03:55,0.000s,PASSED
"Comment - ""Generated by: masspetracca@gmail.com""",Firefox 60.0,,2019-06-28 15:03:55,2019-06-28 15:03:55,0.001s,PASSED
openBrowser,Firefox 60.0,----------------------------------------------------,2019-06-28 15:03:55,2019-06-28 15:04:00,5.603s,PASSED
navigateToUrl,Firefox 60.0,TC >> RU03-NUC05-T01.rctest,2019-06-28 15:04:00,2019-06-28 15:04:01,0.578s,PASSED
setText,Firefox 60.0,,2019-06-28 15:04:01,2019-06-28 15:04:01,0.241s,PASSED
setText,Firefox 60.0,,2019-06-28 15:04:01,2019-06-28 15:04:02,0.200s,PASSED
click,Firefox 60.0,,2019-06-28 15:04:02,2019-06-28 15:04:09,7.613s,PASSED
navigateToUrl,Firefox 60.0,,2019-06-28 15:04:09,2019-06-28 15:04:17,7.721s,PASSED
click,Firefox 60.0,,2019-06-28 15:04:17,2019-06-28 15:04:18,0.708s,PASSED
click,Firefox 60.0,,2019-06-28 15:04:18,2019-06-28 15:04:18,0.479s,PASSED
click,Firefox 60.0,,2019-06-28 15:04:18,2019-06-28 15:05:47,1m - 28.898s,FAILED
,,,,,,
Test Cases/Imported from Selenium IDE Scripts/ver. 2.62/Firefox/RU03/RU03-NUC05-T02,Firefox 60.0,PAMP -  Portfolio B. T.  Eq./Der. -  Member Results - View,2019-06-28 15:05:49,2019-06-28 15:05:52,2.726s,FAILED
"Comment - ""----------------------------------------------------""",Firefox 60.0,,2019-06-28 15:05:50,2019-06-28 15:05:50,0.002s,PASSED
"Comment - ""This test case script is generated by Katalon Studio""",Firefox 60.0,,2019-06-28 15:05:50,2019-06-28 15:05:50,0.000s,PASSED
"Comment - ""Generated date: 09-Oct-2018 09:59:22 AM""",Firefox 60.0,,2019-06-28 15:05:50,2019-06-28 15:05:50,0.001s,PASSED
"Comment - ""File path: H:\Desktop\PAMP_2.62\PAMP_2.62\CdT\RUN_1\RU05\RU03-NUC05-T02.rctest""",Firefox 60.0,,2019-06-28 15:05:50,2019-06-28 15:05:50,0.000s,PASSED
"Comment - ""Generated by: masspetracca@gmail.com""",Firefox 60.0,,2019-06-28 15:05:50,2019-06-28 15:05:50,0.001s,PASSED
openBrowser,Firefox 60.0,----------------------------------------------------,2019-06-28 15:05:50,2019-06-28 15:05:50,0.142s,FAILED
,,,,,,
Test Cases/Imported from Selenium IDE Scripts/ver. 2.62/Firefox/RU04/RU04-NUC05-T01,Firefox 60.0,PAMP -  Portfolio B. T.  Eq./Der. -  Member Results - View,2019-06-28 15:05:52,2019-06-28 15:06:01,9.228s,FAILED
"Comment - ""----------------------------------------------------""",Firefox 60.0,,2019-06-28 15:05:52,2019-06-28 15:05:52,0.002s,PASSED
"Comment - ""This test case script is generated by Katalon Studio""",Firefox 60.0,,2019-06-28 15:05:52,2019-06-28 15:05:52,0.000s,PASSED
"Comment - ""Generated date: 09-Oct-2018 09:59:22 AM""",Firefox 60.0,,2019-06-28 15:05:52,2019-06-28 15:05:52,0.001s,PASSED
"Comment - ""File path: H:\Desktop\PAMP_2.62\PAMP_2.62\CdT\RUN_1\RU04\RU04-NUC05-T01.rctest""",Firefox 60.0,,2019-06-28 15:05:52,2019-06-28 15:05:52,0.000s,PASSED
"Comment - ""Generated by: masspetracca@gmail.com""",Firefox 60.0,,2019-06-28 15:05:52,2019-06-28 15:05:52,0.001s,PASSED
openBrowser,Firefox 60.0,----------------------------------------------------,2019-06-28 15:05:52,2019-06-28 15:05:58,6.209s,PASSED
"Comment - ""TC >> RU04-NUC05-T01.rctest""",Firefox 60.0,,2019-06-28 15:05:58,2019-06-28 15:05:58,0.001s,PASSED
navigateToUrl,Firefox 60.0,PAMP - Haircut,2019-06-28 15:05:58,2019-06-28 15:05:59,0.446s,PASSED
setText,Firefox 60.0,,2019-06-28 15:05:59,2019-06-28 15:05:59,0.195s,FAILED
,,,,,,
Test Cases/Imported from Selenium IDE Scripts/ver. 2.62/Firefox/RU04/RU04-NUC05-T02,Firefox 60.0,PAMP -  Portfolio B. T.  Eq./Der. -  Member Results - View,2019-06-28 15:06:01,2019-06-28 15:06:10,9.048s,FAILED
"Comment - ""----------------------------------------------------""",Firefox 60.0,,2019-06-28 15:06:01,2019-06-28 15:06:01,0.001s,PASSED
"Comment - ""This test case script is generated by Katalon Studio""",Firefox 60.0,,2019-06-28 15:06:01,2019-06-28 15:06:01,0.000s,PASSED
"Comment - ""Generated date: 09-Oct-2018 09:59:22 AM""",Firefox 60.0,,2019-06-28 15:06:01,2019-06-28 15:06:01,0.004s,PASSED
"Comment - ""File path: H:\Desktop\PAMP_2.62\PAMP_2.62\CdT\RUN_1\RU04\RU04-NUC05-T02.rctest""",Firefox 60.0,,2019-06-28 15:06:01,2019-06-28 15:06:01,0.000s,PASSED
"Comment - ""Generated by: masspetracca@gmail.com""",Firefox 60.0,,2019-06-28 15:06:01,2019-06-28 15:06:01,0.001s,PASSED
openBrowser,Firefox 60.0,----------------------------------------------------,2019-06-28 15:06:01,2019-06-28 15:06:07,5.917s,PASSED
"Comment - ""TC >> RU04-NUC05-T02.rctest""",Firefox 60.0,,2019-06-28 15:06:07,2019-06-28 15:06:07,0.001s,PASSED
navigateToUrl,Firefox 60.0,"""PAMP - Refactoring pannello ""HC HistoricalView"" - Filters",2019-06-28 15:06:07,2019-06-28 15:06:08,0.560s,PASSED
setText,Firefox 60.0,,2019-06-28 15:06:08,2019-06-28 15:06:08,0.155s,FAILED
,,,,,,
Test Cases/Imported from Selenium IDE Scripts/ver. 2.62/Firefox/RU05/RU05-NUC01-T01,Firefox 60.0,PAMP -  Portfolio B. T.  Eq./Der. -  Member Results - View,2019-06-28 15:06:10,2019-06-28 15:06:39,28.411s,FAILED
"Comment - ""----------------------------------------------------""",Firefox 60.0,,2019-06-28 15:06:11,2019-06-28 15:06:11,0.001s,PASSED
"Comment - ""This test case script is generated by Katalon Studio""",Firefox 60.0,,2019-06-28 15:06:11,2019-06-28 15:06:11,0.001s,PASSED
"Comment - ""Generated date: 09-Oct-2018 09:59:22 AM""",Firefox 60.0,,2019-06-28 15:06:11,2019-06-28 15:06:11,0.000s,PASSED
"Comment - ""File path: H:\Desktop\PAMP_2.62\PAMP_2.62\CdT\RUN_1\RU05\RU05-NUC01-T01.rctest""",Firefox 60.0,,2019-06-28 15:06:11,2019-06-28 15:06:11,0.000s,PASSED
"Comment - ""Generated by: masspetracca@gmail.com""",Firefox 60.0,,2019-06-28 15:06:11,2019-06-28 15:06:11,0.003s,PASSED
openBrowser,Firefox 60.0,----------------------------------------------------,2019-06-28 15:06:11,2019-06-28 15:06:18,7.360s,PASSED
"Comment - ""TC >> RU05-NUC01-T01.rctest""",Firefox 60.0,,2019-06-28 15:06:18,2019-06-28 15:06:18,0.000s,PASSED
navigateToUrl,Firefox 60.0,PAMP - Haircut,2019-06-28 15:06:18,2019-06-28 15:06:18,0.439s,PASSED
setText,Firefox 60.0,,2019-06-28 15:06:18,2019-06-28 15:06:19,1.052s,PASSED
setText,Firefox 60.0,,2019-06-28 15:06:19,2019-06-28 15:06:19,0.104s,PASSED
click,Firefox 60.0,,2019-06-28 15:06:19,2019-06-28 15:06:26,7.000s,PASSED
navigateToUrl,Firefox 60.0,,2019-06-28 15:06:26,2019-06-28 15:06:36,9.972s,PASSED
click,Firefox 60.0,,2019-06-28 15:06:36,2019-06-28 15:06:37,0.063s,FAILED
,,,,,,
Test Cases/Imported from Selenium IDE Scripts/ver. 2.62/Firefox/RU05/RU05-NUC04-T02,Firefox 60.0,PAMP -  Portfolio B. T.  Eq./Der. -  Member Results - View,2019-06-28 15:06:39,2019-06-28 15:08:36,1m - 57.103s,FAILED
"Comment - ""----------------------------------------------------""",Firefox 60.0,,2019-06-28 15:06:39,2019-06-28 15:06:39,0.001s,PASSED
"Comment - ""This test case script is generated by Katalon Studio""",Firefox 60.0,,2019-06-28 15:06:39,2019-06-28 15:06:39,0.000s,PASSED
"Comment - ""Generated date: 09-Oct-2018 09:59:22 AM""",Firefox 60.0,,2019-06-28 15:06:39,2019-06-28 15:06:39,0.000s,PASSED
"Comment - ""File path: H:\Desktop\PAMP_2.62\PAMP_2.62\CdT\RUN_1\RU05\RU05-NUC04-T02.rctest""",Firefox 60.0,,2019-06-28 15:06:39,2019-06-28 15:06:39,0.000s,PASSED
"Comment - ""Generated by: masspetracca@gmail.com""",Firefox 60.0,,2019-06-28 15:06:39,2019-06-28 15:06:39,0.000s,PASSED
openBrowser,Firefox 60.0,----------------------------------------------------,2019-06-28 15:06:39,2019-06-28 15:06:47,7.098s,PASSED
"Comment - ""TC >> RU05-NUC04-T02.rctest""",Firefox 60.0,,2019-06-28 15:06:47,2019-06-28 15:06:47,0.003s,PASSED
navigateToUrl,Firefox 60.0,"""PAMP - Refactoring pannello ""HC HistoricalView"" - Filters",2019-06-28 15:06:47,2019-06-28 15:06:47,0.490s,PASSED
setText,Firefox 60.0,,2019-06-28 15:06:47,2019-06-28 15:06:47,0.098s,PASSED
setText,Firefox 60.0,,2019-06-28 15:06:47,2019-06-28 15:06:47,0.084s,PASSED
click,Firefox 60.0,,2019-06-28 15:06:47,2019-06-28 15:06:55,7.374s,PASSED
navigateToUrl,Firefox 60.0,,2019-06-28 15:06:55,2019-06-28 15:07:03,8.768s,PASSED
click,Firefox 60.0,,2019-06-28 15:07:03,2019-06-28 15:07:04,0.549s,PASSED
click,Firefox 60.0,,2019-06-28 15:07:04,2019-06-28 15:07:05,0.993s,PASSED
click,Firefox 60.0,,2019-06-28 15:07:05,2019-06-28 15:08:34,1m - 29.195s,FAILED
,,,,,,
Test Cases/Imported from Selenium IDE Scripts/ver. 2.62/Firefox/RU06/RU06-NUC01-T02,Firefox 60.0,PAMP -  Portfolio B. T.  Eq./Der. -  Member Results - View,2019-06-28 15:08:36,2019-06-28 15:08:39,2.432s,FAILED
"Comment - ""----------------------------------------------------""",Firefox 60.0,,2019-06-28 15:08:37,2019-06-28 15:08:37,0.002s,PASSED
"Comment - ""This test case script is generated by Katalon Studio""",Firefox 60.0,,2019-06-28 15:08:37,2019-06-28 15:08:37,0.000s,PASSED
"Comment - ""Generated date: 09-Oct-2018 09:59:22 AM""",Firefox 60.0,,2019-06-28 15:08:37,2019-06-28 15:08:37,0.000s,PASSED
"Comment - ""File path: H:\Desktop\PAMP_2.62\PAMP_2.62\CdT\RUN_1\RU01\RU06-NUC01-T02.rctest""",Firefox 60.0,,2019-06-28 15:08:37,2019-06-28 15:08:37,0.000s,PASSED
"Comment - ""Generated by: masspetracca@gmail.com""",Firefox 60.0,,2019-06-28 15:08:37,2019-06-28 15:08:37,0.001s,PASSED
openBrowser,Firefox 60.0,----------------------------------------------------,2019-06-28 15:08:37,2019-06-28 15:08:37,0.067s,FAILED
,,,,,,
Test Cases/Imported from Selenium IDE Scripts/ver. 2.62/Firefox/RU06/RU06-NUC02-T01,Firefox 60.0,PAMP -  Portfolio B. T.  Eq./Der. -  Member Results - View,2019-06-28 15:08:39,2019-06-28 15:10:22,1m - 43.202s,FAILED
"Comment - ""----------------------------------------------------""",Firefox 60.0,,2019-06-28 15:08:39,2019-06-28 15:08:39,0.001s,PASSED
"Comment - ""This test case script is generated by Katalon Studio""",Firefox 60.0,,2019-06-28 15:08:39,2019-06-28 15:08:39,0.001s,PASSED
"Comment - ""Generated date: 09-Oct-2018 09:59:22 AM""",Firefox 60.0,,2019-06-28 15:08:39,2019-06-28 15:08:39,0.000s,PASSED
"Comment - ""File path: H:\Desktop\PAMP_2.62\PAMP_2.62\CdT\RUN_1\RU02\RU06-NUC02-T01.rctest""",Firefox 60.0,,2019-06-28 15:08:39,2019-06-28 15:08:39,0.000s,PASSED
"Comment - ""Generated by: masspetracca@gmail.com""",Firefox 60.0,,2019-06-28 15:08:39,2019-06-28 15:08:39,0.000s,PASSED
openBrowser,Firefox 60.0,----------------------------------------------------,2019-06-28 15:08:39,2019-06-28 15:08:44,5.317s,PASSED
"Comment - ""TC >> RU06-NUC01-T01.rctest""",Firefox 60.0,,2019-06-28 15:08:44,2019-06-28 15:08:44,0.000s,PASSED
navigateToUrl,Firefox 60.0,PAMP - Corporate Bond - Corporate Curves - View,2019-06-28 15:08:44,2019-06-28 15:08:45,0.417s,PASSED
setText,Firefox 60.0,,2019-06-28 15:08:45,2019-06-28 15:08:45,0.169s,PASSED
setText,Firefox 60.0,,2019-06-28 15:08:45,2019-06-28 15:08:45,0.133s,PASSED
click,Firefox 60.0,,2019-06-28 15:08:45,2019-06-28 15:08:53,8.090s,PASSED
navigateToUrl,Firefox 60.0,,2019-06-28 15:08:53,2019-06-28 15:09:03,9.804s,PASSED
click,Firefox 60.0,,2019-06-28 15:09:03,2019-06-28 15:09:03,0.515s,PASSED
click,Firefox 60.0,,2019-06-28 15:09:03,2019-06-28 15:09:04,0.394s,PASSED
click,Firefox 60.0,,2019-06-28 15:09:04,2019-06-28 15:10:20,1m - 15.962s,FAILED
,,,,,,
Test Cases/Imported from Selenium IDE Scripts/ver. 2.62/Firefox/RU06/RU06-NUC03-T01,Firefox 60.0,PAMP -  Portfolio B. T.  Eq./Der. -  Member Results - View,2019-06-28 15:10:22,2019-06-28 15:10:24,2.448s,FAILED
"Comment - ""----------------------------------------------------""",Firefox 60.0,,2019-06-28 15:10:22,2019-06-28 15:10:22,0.003s,PASSED
"Comment - ""This test case script is generated by Katalon Studio""",Firefox 60.0,,2019-06-28 15:10:22,2019-06-28 15:10:22,0.000s,PASSED
"Comment - ""Generated date: 09-Oct-2018 09:59:22 AM""",Firefox 60.0,,2019-06-28 15:10:22,2019-06-28 15:10:22,0.001s,PASSED
"Comment - ""File path: H:\Desktop\PAMP_2.62\PAMP_2.62\CdT\RUN_1\RU03\RU06-NUC03-T01.rctest""",Firefox 60.0,,2019-06-28 15:10:22,2019-06-28 15:10:22,0.000s,PASSED
"Comment - ""Generated by: masspetracca@gmail.com""",Firefox 60.0,,2019-06-28 15:10:22,2019-06-28 15:10:22,0.001s,PASSED
openBrowser,Firefox 60.0,----------------------------------------------------,2019-06-28 15:10:22,2019-06-28 15:10:22,0.061s,FAILED
,,,,,,
Test Cases/Imported from Selenium IDE Scripts/ver. 2.62/Firefox/RU06/RU06-NUC05-T01,Firefox 60.0,PAMP -  Portfolio B. T.  Eq./Der. -  Member Results - View,2019-06-28 15:10:24,2019-06-28 15:12:13,1m - 49.005s,FAILED
"Comment - ""----------------------------------------------------""",Firefox 60.0,,2019-06-28 15:10:25,2019-06-28 15:10:25,0.002s,PASSED
"Comment - ""This test case script is generated by Katalon Studio""",Firefox 60.0,,2019-06-28 15:10:25,2019-06-28 15:10:25,0.000s,PASSED
"Comment - ""Generated date: 09-Oct-2018 09:59:22 AM""",Firefox 60.0,,2019-06-28 15:10:25,2019-06-28 15:10:25,0.000s,PASSED
"Comment - ""File path: H:\Desktop\PAMP_2.62\PAMP_2.62\CdT\RUN_1\RU01\RU06-NUC05-T01.rctest""",Firefox 60.0,,2019-06-28 15:10:25,2019-06-28 15:10:25,0.000s,PASSED
"Comment - ""Generated by: masspetracca@gmail.com""",Firefox 60.0,,2019-06-28 15:10:25,2019-06-28 15:10:25,0.001s,PASSED
openBrowser,Firefox 60.0,----------------------------------------------------,2019-06-28 15:10:25,2019-06-28 15:10:31,5.811s,PASSED
"Comment - ""TC >> RU06-NUC05-T01.rctest""",Firefox 60.0,,2019-06-28 15:10:31,2019-06-28 15:10:31,0.001s,PASSED
navigateToUrl,Firefox 60.0,PAMP - Corporate Bond - Corporate historical - View,2019-06-28 15:10:31,2019-06-28 15:10:31,0.422s,PASSED
setText,Firefox 60.0,,2019-06-28 15:10:31,2019-06-28 15:10:31,0.158s,PASSED
setText,Firefox 60.0,,2019-06-28 15:10:31,2019-06-28 15:10:31,0.085s,PASSED
click,Firefox 60.0,,2019-06-28 15:10:31,2019-06-28 15:10:39,7.366s,PASSED
navigateToUrl,Firefox 60.0,,2019-06-28 15:10:39,2019-06-28 15:10:48,8.960s,PASSED
click,Firefox 60.0,,2019-06-28 15:10:48,2019-06-28 15:10:48,0.464s,PASSED
click,Firefox 60.0,,2019-06-28 15:10:48,2019-06-28 15:10:48,0.291s,PASSED
click,Firefox 60.0,,2019-06-28 15:10:48,2019-06-28 15:12:11,1m - 22.879s,FAILED
,,,,,,
Test Cases/Imported from Selenium IDE Scripts/ver. 2.62/Firefox/RU06/RU06-NUC06-T01,Firefox 60.0,PAMP -  Portfolio B. T.  Eq./Der. -  Member Results - View,2019-06-28 15:12:14,2019-06-28 15:12:16,2.764s,FAILED
"Comment - ""----------------------------------------------------""",Firefox 60.0,,2019-06-28 15:12:14,2019-06-28 15:12:14,0.002s,PASSED
"Comment - ""This test case script is generated by Katalon Studio""",Firefox 60.0,,2019-06-28 15:12:14,2019-06-28 15:12:14,0.001s,PASSED
"Comment - ""Generated date: 09-Oct-2018 09:59:22 AM""",Firefox 60.0,,2019-06-28 15:12:14,2019-06-28 15:12:14,0.000s,PASSED
"Comment - ""File path: H:\Desktop\PAMP_2.62\PAMP_2.62\CdT\RUN_1\RU06\RU06-NUC06-T01.rctest""",Firefox 60.0,,2019-06-28 15:12:14,2019-06-28 15:12:14,0.001s,PASSED
"Comment - ""Generated by: masspetracca@gmail.com""",Firefox 60.0,,2019-06-28 15:12:14,2019-06-28 15:12:14,0.000s,PASSED
openBrowser,Firefox 60.0,----------------------------------------------------,2019-06-28 15:12:14,2019-06-28 15:12:14,0.272s,FAILED
,,,,,,
Test Cases/Imported from Selenium IDE Scripts/ver. 2.62/Firefox/RU06/RU06-NUC07-T01,Firefox 60.0,PAMP -  Portfolio B. T.  Eq./Der. -  Member Results - View,2019-06-28 15:12:16,2019-06-28 15:14:32,2m - 15.444s,FAILED
"Comment - ""----------------------------------------------------""",Firefox 60.0,,2019-06-28 15:12:17,2019-06-28 15:12:17,0.001s,PASSED
"Comment - ""This test case script is generated by Katalon Studio""",Firefox 60.0,,2019-06-28 15:12:17,2019-06-28 15:12:17,0.000s,PASSED
"Comment - ""Generated date: 09-Oct-2018 09:59:22 AM""",Firefox 60.0,,2019-06-28 15:12:17,2019-06-28 15:12:17,0.000s,PASSED
"Comment - ""File path: H:\Desktop\PAMP_2.62\PAMP_2.62\CdT\RUN_1\RU07\RU06-NUC07-T01.rctest""",Firefox 60.0,,2019-06-28 15:12:17,2019-06-28 15:12:17,0.004s,PASSED
"Comment - ""Generated by: masspetracca@gmail.com""",Firefox 60.0,,2019-06-28 15:12:17,2019-06-28 15:12:17,0.000s,PASSED
openBrowser,Firefox 60.0,----------------------------------------------------,2019-06-28 15:12:17,2019-06-28 15:12:22,4.957s,PASSED
"Comment - ""TC >> RU06-NUC07-T01.rctest""",Firefox 60.0,,2019-06-28 15:12:22,2019-06-28 15:12:22,0.000s,PASSED
navigateToUrl,Firefox 60.0,PAMP - Corporate Bond -  Corporate Extreme variations - View,2019-06-28 15:12:22,2019-06-28 15:12:22,0.402s,PASSED
setText,Firefox 60.0,,2019-06-28 15:12:22,2019-06-28 15:12:22,0.115s,PASSED
setText,Firefox 60.0,,2019-06-28 15:12:22,2019-06-28 15:12:22,0.094s,PASSED
click,Firefox 60.0,,2019-06-28 15:12:22,2019-06-28 15:12:29,7.244s,PASSED
navigateToUrl,Firefox 60.0,,2019-06-28 15:12:29,2019-06-28 15:12:39,9.762s,PASSED
click,Firefox 60.0,,2019-06-28 15:12:39,2019-06-28 15:12:40,0.984s,PASSED
click,Firefox 60.0,,2019-06-28 15:12:40,2019-06-28 15:12:41,0.350s,PASSED
click,Firefox 60.0,,2019-06-28 15:12:41,2019-06-28 15:14:30,1m - 49.034s,FAILED
,,,,,,
Test Cases/Imported from Selenium IDE Scripts/ver. 2.62/Firefox/RU06/RU06-NUC09-T01,Firefox 60.0,PAMP -  Portfolio B. T.  Eq./Der. -  Member Results - View,2019-06-28 15:14:32,2019-06-28 15:14:35,2.475s,FAILED
"Comment - ""----------------------------------------------------""",Firefox 60.0,,2019-06-28 15:14:32,2019-06-28 15:14:33,0.029s,PASSED
"Comment - ""This test case script is generated by Katalon Studio""",Firefox 60.0,,2019-06-28 15:14:33,2019-06-28 15:14:33,0.000s,PASSED
"Comment - ""Generated date: 09-Oct-2018 09:59:22 AM""",Firefox 60.0,,2019-06-28 15:14:33,2019-06-28 15:14:33,0.000s,PASSED
"Comment - ""File path: H:\Desktop\PAMP_2.62\PAMP_2.62\CdT\RUN_1\RU09\RU06-NUC09-T09.rctest""",Firefox 60.0,,2019-06-28 15:14:33,2019-06-28 15:14:33,0.000s,PASSED
"Comment - ""Generated by: masspetracca@gmail.com""",Firefox 60.0,,2019-06-28 15:14:33,2019-06-28 15:14:33,0.000s,PASSED
openBrowser,Firefox 60.0,----------------------------------------------------,2019-06-28 15:14:33,2019-06-28 15:14:33,0.059s,FAILED
,,,,,,
Test Cases/Imported from Selenium IDE Scripts/ver. 2.62/Firefox/RU06/RU06-NUC10-T01,Firefox 60.0,PAMP -  Portfolio B. T.  Eq./Der. -  Member Results - View,2019-06-28 15:14:35,2019-06-28 15:16:34,1m - 58.872s,FAILED
"Comment - ""----------------------------------------------------""",Firefox 60.0,,2019-06-28 15:14:35,2019-06-28 15:14:35,0.002s,PASSED
"Comment - ""This test case script is generated by Katalon Studio""",Firefox 60.0,,2019-06-28 15:14:35,2019-06-28 15:14:35,0.000s,PASSED
"Comment - ""Generated date: 09-Oct-2018 09:59:22 AM""",Firefox 60.0,,2019-06-28 15:14:35,2019-06-28 15:14:35,0.001s,PASSED
"Comment - ""File path: H:\Desktop\PAMP_2.62\PAMP_2.62\CdT\RUN_1\RU10\RU06-NUC10-T01.rctest""",Firefox 60.0,,2019-06-28 15:14:35,2019-06-28 15:14:35,0.000s,PASSED
"Comment - ""Generated by: masspetracca@gmail.com""",Firefox 60.0,,2019-06-28 15:14:35,2019-06-28 15:14:35,0.000s,PASSED
openBrowser,Firefox 60.0,----------------------------------------------------,2019-06-28 15:14:35,2019-06-28 15:14:41,5.865s,PASSED
"Comment - ""TC >> RU06-NUC10-T01.rctest""",Firefox 60.0,,2019-06-28 15:14:41,2019-06-28 15:14:41,0.000s,PASSED
navigateToUrl,Firefox 60.0,PAMP - Corporate Class margin check/update - View,2019-06-28 15:14:41,2019-06-28 15:14:41,0.420s,PASSED
setText,Firefox 60.0,,2019-06-28 15:14:41,2019-06-28 15:14:41,0.134s,PASSED
setText,Firefox 60.0,,2019-06-28 15:14:41,2019-06-28 15:14:42,0.121s,PASSED
click,Firefox 60.0,,2019-06-28 15:14:42,2019-06-28 15:14:49,7.699s,PASSED
navigateToUrl,Firefox 60.0,,2019-06-28 15:14:49,2019-06-28 15:14:58,9.253s,PASSED
click,Firefox 60.0,,2019-06-28 15:14:58,2019-06-28 15:14:59,0.406s,PASSED
doubleClick,Firefox 60.0,,2019-06-28 15:14:59,2019-06-28 15:16:31,1m - 32.522s,FAILED
,,,,,,
Test Cases/Imported from Selenium IDE Scripts/ver. 2.62/Firefox/RU06/RU06-NUC11-T01,Firefox 60.0,PAMP -  Portfolio B. T.  Eq./Der. -  Member Results - View,2019-06-28 15:16:34,2019-06-28 15:16:36,2.478s,FAILED
"Comment - ""----------------------------------------------------""",Firefox 60.0,,2019-06-28 15:16:34,2019-06-28 15:16:34,0.001s,PASSED
"Comment - ""This test case script is generated by Katalon Studio""",Firefox 60.0,,2019-06-28 15:16:34,2019-06-28 15:16:34,0.000s,PASSED
"Comment - ""Generated date: 09-Oct-2018 09:59:22 AM""",Firefox 60.0,,2019-06-28 15:16:34,2019-06-28 15:16:34,0.000s,PASSED
"Comment - ""File path: H:\Desktop\PAMP_2.62\PAMP_2.62\CdT\RUN_1\RU11\RU06-NUC11-T01.rctest""",Firefox 60.0,,2019-06-28 15:16:34,2019-06-28 15:16:34,0.001s,PASSED
"Comment - ""Generated by: masspetracca@gmail.com""",Firefox 60.0,,2019-06-28 15:16:34,2019-06-28 15:16:34,0.000s,PASSED
openBrowser,Firefox 60.0,----------------------------------------------------,2019-06-28 15:16:34,2019-06-28 15:16:34,0.063s,FAILED
,,,,,,
Test Cases/Imported from Selenium IDE Scripts/ver. 2.62/Firefox/RU06/RU06-NUC12-T01,Firefox 60.0,PAMP -  Portfolio B. T.  Eq./Der. -  Member Results - View,2019-06-28 15:16:36,2019-06-28 15:18:16,1m - 39.799s,FAILED
"Comment - ""----------------------------------------------------""",Firefox 60.0,,2019-06-28 15:16:36,2019-06-28 15:16:36,0.001s,PASSED
"Comment - ""This test case script is generated by Katalon Studio""",Firefox 60.0,,2019-06-28 15:16:36,2019-06-28 15:16:36,0.000s,PASSED
"Comment - ""Generated date: 09-Oct-2018 09:59:22 AM""",Firefox 60.0,,2019-06-28 15:16:36,2019-06-28 15:16:36,0.000s,PASSED
"Comment - ""File path: H:\Desktop\PAMP_2.62\PAMP_2.62\CdT\RUN_1\RU11\RU06-NUC12-T01.rctest""",Firefox 60.0,,2019-06-28 15:16:36,2019-06-28 15:16:36,0.000s,PASSED
"Comment - ""Generated by: masspetracca@gmail.com""",Firefox 60.0,,2019-06-28 15:16:36,2019-06-28 15:16:36,0.000s,PASSED
openBrowser,Firefox 60.0,----------------------------------------------------,2019-06-28 15:16:36,2019-06-28 15:16:42,5.214s,PASSED
"Comment - ""TC >> RU06-NUC12-T01.rctest""",Firefox 60.0,,2019-06-28 15:16:42,2019-06-28 15:16:42,0.000s,PASSED
navigateToUrl,Firefox 60.0,PAMP - Corporate Bond - Corporate Settings - View,2019-06-28 15:16:42,2019-06-28 15:16:42,0.386s,PASSED
setText,Firefox 60.0,,2019-06-28 15:16:42,2019-06-28 15:16:42,0.142s,PASSED
setText,Firefox 60.0,,2019-06-28 15:16:42,2019-06-28 15:16:42,0.105s,PASSED
click,Firefox 60.0,,2019-06-28 15:16:42,2019-06-28 15:16:50,7.352s,PASSED
navigateToUrl,Firefox 60.0,,2019-06-28 15:16:50,2019-06-28 15:16:58,8.735s,PASSED
click,Firefox 60.0,,2019-06-28 15:16:58,2019-06-28 15:16:59,0.433s,PASSED
click,Firefox 60.0,,2019-06-28 15:16:59,2019-06-28 15:16:59,0.254s,PASSED
click,Firefox 60.0,,2019-06-28 15:16:59,2019-06-28 15:18:14,1m - 14.734s,FAILED
,,,,,,
Test Cases/Imported from Selenium IDE Scripts/ver. 2.62/Firefox/RU17/RU17-NUC01-T01,Firefox 60.0,PAMP -  Portfolio B. T.  Eq./Der. -  Member Results - View,2019-06-28 15:18:16,2019-06-28 15:18:18,2.458s,FAILED
"Comment - ""----------------------------------------------------""",Firefox 60.0,,2019-06-28 15:18:16,2019-06-28 15:18:16,0.001s,PASSED
"Comment - ""This test case script is generated by Katalon Studio""",Firefox 60.0,,2019-06-28 15:18:16,2019-06-28 15:18:16,0.000s,PASSED
"Comment - ""Generated date: 09-Oct-2018 09:59:22 AM""",Firefox 60.0,,2019-06-28 15:18:16,2019-06-28 15:18:16,0.000s,PASSED
"Comment - ""File path: H:\Desktop\PAMP_2.62\PAMP_2.62\CdT\RUN_1\RU22\RU17-NUC01-T01.rctest""",Firefox 60.0,,2019-06-28 15:18:16,2019-06-28 15:18:16,0.001s,PASSED
"Comment - ""Generated by: masspetracca@gmail.com""",Firefox 60.0,,2019-06-28 15:18:16,2019-06-28 15:18:16,0.000s,PASSED
openBrowser,Firefox 60.0,----------------------------------------------------,2019-06-28 15:18:16,2019-06-28 15:18:16,0.137s,FAILED
,,,,,,
Test Cases/Imported from Selenium IDE Scripts/ver. 2.62/Firefox/RU17/RU17-NUC01-T02,Firefox 60.0,PAMP -  Portfolio B. T.  Eq./Der. -  Member Results - View,2019-06-28 15:18:19,2019-06-28 15:19:34,1m - 15.499s,FAILED
"Comment - ""----------------------------------------------------""",Firefox 60.0,,2019-06-28 15:18:19,2019-06-28 15:18:19,0.003s,PASSED
"Comment - ""This test case script is generated by Katalon Studio""",Firefox 60.0,,2019-06-28 15:18:19,2019-06-28 15:18:19,0.001s,PASSED
"Comment - ""Generated date: 09-Oct-2018 09:59:22 AM""",Firefox 60.0,,2019-06-28 15:18:19,2019-06-28 15:18:19,0.000s,PASSED
"Comment - ""File path: H:\Desktop\PAMP_2.62\PAMP_2.62\CdT\RUN_1\RU22\RU17-NUC01-T02.rctest""",Firefox 60.0,,2019-06-28 15:18:19,2019-06-28 15:18:19,0.000s,PASSED
"Comment - ""Generated by: masspetracca@gmail.com""",Firefox 60.0,,2019-06-28 15:18:19,2019-06-28 15:18:19,0.000s,PASSED
openBrowser,Firefox 60.0,----------------------------------------------------,2019-06-28 15:18:19,2019-06-28 15:18:24,4.676s,PASSED
"Comment - ""TC >> RU17-NUC01-T02.rctest""",Firefox 60.0,,2019-06-28 15:18:24,2019-06-28 15:18:24,0.000s,PASSED
navigateToUrl,Firefox 60.0,PAMP -  Portfolio Back Test - Test Results - Filters,2019-06-28 15:18:24,2019-06-28 15:18:24,0.372s,PASSED
setText,Firefox 60.0,,2019-06-28 15:18:24,2019-06-28 15:18:24,0.111s,PASSED
setText,Firefox 60.0,,2019-06-28 15:18:24,2019-06-28 15:18:25,0.076s,PASSED
click,Firefox 60.0,,2019-06-28 15:18:25,2019-06-28 15:18:32,7.277s,PASSED
navigateToUrl,Firefox 60.0,,2019-06-28 15:18:32,2019-06-28 15:18:40,8.149s,PASSED
click,Firefox 60.0,,2019-06-28 15:18:40,2019-06-28 15:18:41,0.587s,PASSED
click,Firefox 60.0,,2019-06-28 15:18:41,2019-06-28 15:18:41,0.224s,PASSED
click,Firefox 60.0,,2019-06-28 15:18:41,2019-06-28 15:18:44,3.014s,PASSED
click,Firefox 60.0,,2019-06-28 15:18:44,2019-06-28 15:18:45,1.174s,PASSED
click,Firefox 60.0,,2019-06-28 15:18:45,2019-06-28 15:18:46,1.410s,PASSED
click,Firefox 60.0,,2019-06-28 15:18:46,2019-06-28 15:18:47,0.404s,PASSED
click,Firefox 60.0,,2019-06-28 15:18:47,2019-06-28 15:19:32,45.545s,FAILED
,,,,,,
Test Cases/Imported from Selenium IDE Scripts/ver. 2.62/Firefox/RU17/RU17-NUC02-T01,Firefox 60.0,PAMP -  Portfolio B. T.  Eq./Der. -  Member Results - View,2019-06-28 15:19:35,2019-06-28 15:19:37,2.433s,FAILED
"Comment - ""----------------------------------------------------""",Firefox 60.0,,2019-06-28 15:19:35,2019-06-28 15:19:35,0.002s,PASSED
"Comment - ""This test case script is generated by Katalon Studio""",Firefox 60.0,,2019-06-28 15:19:35,2019-06-28 15:19:35,0.000s,PASSED
"Comment - ""Generated date: 09-Oct-2018 09:59:22 AM""",Firefox 60.0,,2019-06-28 15:19:35,2019-06-28 15:19:35,0.002s,PASSED
"Comment - ""File path: H:\Desktop\PAMP_2.62\PAMP_2.62\CdT\RUN_1\RU22\RU17-NUC02-T01.rctest""",Firefox 60.0,,2019-06-28 15:19:35,2019-06-28 15:19:35,0.000s,PASSED
"Comment - ""Generated by: masspetracca@gmail.com""",Firefox 60.0,,2019-06-28 15:19:35,2019-06-28 15:19:35,0.003s,PASSED
openBrowser,Firefox 60.0,----------------------------------------------------,2019-06-28 15:19:35,2019-06-28 15:19:35,0.077s,FAILED
,,,,,,
Test Cases/Imported from Selenium IDE Scripts/ver. 2.62/Firefox/RU17/RU17-NUC02-T02,Firefox 60.0,PAMP -  Portfolio B. T.  Eq./Der. -  Member Results - View,2019-06-28 15:19:37,2019-06-28 15:21:14,1m - 36.813s,FAILED
"Comment - ""----------------------------------------------------""",Firefox 60.0,,2019-06-28 15:19:38,2019-06-28 15:19:38,0.001s,PASSED
"Comment - ""This test case script is generated by Katalon Studio""",Firefox 60.0,,2019-06-28 15:19:38,2019-06-28 15:19:38,0.000s,PASSED
"Comment - ""Generated date: 09-Oct-2018 09:59:22 AM""",Firefox 60.0,,2019-06-28 15:19:38,2019-06-28 15:19:38,0.002s,PASSED
"Comment - ""File path: H:\Desktop\PAMP_2.62\PAMP_2.62\CdT\RUN_1\RU22\RU17-NUC02-T02.rctest""",Firefox 60.0,,2019-06-28 15:19:38,2019-06-28 15:19:38,0.000s,PASSED
"Comment - ""Generated by: masspetracca@gmail.com""",Firefox 60.0,,2019-06-28 15:19:38,2019-06-28 15:19:38,0.001s,PASSED
openBrowser,Firefox 60.0,----------------------------------------------------,2019-06-28 15:19:38,2019-06-28 15:19:42,4.823s,PASSED
"Comment - ""TC >> RU17-NUC02-T02.rctest""",Firefox 60.0,,2019-06-28 15:19:42,2019-06-28 15:19:42,0.001s,PASSED
navigateToUrl,Firefox 60.0,PAMP -  Portfolio Back Test - P.B.T. Coverage Statistics - Filters,2019-06-28 15:19:42,2019-06-28 15:19:43,0.425s,PASSED
setText,Firefox 60.0,,2019-06-28 15:19:43,2019-06-28 15:19:43,0.612s,PASSED
setText,Firefox 60.0,,2019-06-28 15:19:43,2019-06-28 15:19:44,0.702s,PASSED
click,Firefox 60.0,,2019-06-28 15:19:44,2019-06-28 15:19:52,7.400s,PASSED
navigateToUrl,Firefox 60.0,,2019-06-28 15:19:52,2019-06-28 15:20:01,9.149s,PASSED
click,Firefox 60.0,,2019-06-28 15:20:01,2019-06-28 15:20:01,0.346s,PASSED
click,Firefox 60.0,,2019-06-28 15:20:01,2019-06-28 15:20:01,0.420s,PASSED
click,Firefox 60.0,,2019-06-28 15:20:01,2019-06-28 15:20:02,0.219s,PASSED
click,Firefox 60.0,,2019-06-28 15:20:02,2019-06-28 15:21:12,1m - 10.275s,FAILED
,,,,,,
Test Cases/Imported from Selenium IDE Scripts/ver. 2.62/Firefox/RU17/RU17-NUC03-T01,Firefox 60.0,PAMP -  Portfolio B. T.  Eq./Der. -  Member Results - View,2019-06-28 15:21:14,2019-06-28 15:21:17,2.386s,FAILED
"Comment - ""----------------------------------------------------""",Firefox 60.0,,2019-06-28 15:21:15,2019-06-28 15:21:15,0.001s,PASSED
"Comment - ""This test case script is generated by Katalon Studio""",Firefox 60.0,,2019-06-28 15:21:15,2019-06-28 15:21:15,0.001s,PASSED
"Comment - ""Generated date: 09-Oct-2018 09:59:22 AM""",Firefox 60.0,,2019-06-28 15:21:15,2019-06-28 15:21:15,0.000s,PASSED
"Comment - ""File path: H:\Desktop\PAMP_2.62\PAMP_2.62\CdT\RUN_1\RU22\RU17-NUC03-T01.rctest""",Firefox 60.0,,2019-06-28 15:21:15,2019-06-28 15:21:15,0.001s,PASSED
"Comment - ""Generated by: masspetracca@gmail.com""",Firefox 60.0,,2019-06-28 15:21:15,2019-06-28 15:21:15,0.000s,PASSED
openBrowser,Firefox 60.0,----------------------------------------------------,2019-06-28 15:21:15,2019-06-28 15:21:15,0.062s,FAILED
,,,,,,
Test Cases/Imported from Selenium IDE Scripts/ver. 2.62/Firefox/RU17/RU17-NUC04-T01,Firefox 60.0,PAMP -  Portfolio B. T.  Eq./Der. -  Member Results - View,2019-06-28 15:21:17,2019-06-28 15:21:24,7.763s,FAILED
"Comment - ""----------------------------------------------------""",Firefox 60.0,,2019-06-28 15:21:17,2019-06-28 15:21:17,0.001s,PASSED
"Comment - ""This test case script is generated by Katalon Studio""",Firefox 60.0,,2019-06-28 15:21:17,2019-06-28 15:21:17,0.003s,PASSED
"Comment - ""Generated date: 09-Oct-2018 09:59:22 AM""",Firefox 60.0,,2019-06-28 15:21:17,2019-06-28 15:21:17,0.000s,PASSED
"Comment - ""File path: H:\Desktop\PAMP_2.62\PAMP_2.62\CdT\RUN_1\RU22\RU17-NUC04-T01.rctest""",Firefox 60.0,,2019-06-28 15:21:17,2019-06-28 15:21:17,0.001s,PASSED
"Comment - ""Generated by: masspetracca@gmail.com""",Firefox 60.0,,2019-06-28 15:21:17,2019-06-28 15:21:17,0.000s,PASSED
openBrowser,Firefox 60.0,----------------------------------------------------,2019-06-28 15:21:17,2019-06-28 15:21:22,4.858s,PASSED
"Comment - ""TC >> RU17-NUC04-T01.rctest""",Firefox 60.0,,2019-06-28 15:21:22,2019-06-28 15:21:22,0.000s,PASSED
navigateToUrl,Firefox 60.0,PAMP -  Portfolio Back Test - P.B.T. Bo. Settings - Save,2019-06-28 15:21:22,2019-06-28 15:21:22,0.391s,PASSED
setText,Firefox 60.0,,2019-06-28 15:21:22,2019-06-28 15:21:22,0.097s,FAILED
,,,,,,
Test Cases/Imported from Selenium IDE Scripts/ver. 2.62/Firefox/RU17/RU17-NUC04-T02,Firefox 60.0,PAMP -  Portfolio B. T.  Eq./Der. -  Member Results - View,2019-06-28 15:21:25,2019-06-28 15:21:52,27.480s,FAILED
"Comment - ""----------------------------------------------------""",Firefox 60.0,,2019-06-28 15:21:25,2019-06-28 15:21:25,0.001s,PASSED
"Comment - ""This test case script is generated by Katalon Studio""",Firefox 60.0,,2019-06-28 15:21:25,2019-06-28 15:21:25,0.000s,PASSED
"Comment - ""Generated date: 09-Oct-2018 09:59:22 AM""",Firefox 60.0,,2019-06-28 15:21:25,2019-06-28 15:21:25,0.000s,PASSED
"Comment - ""File path: H:\Desktop\PAMP_2.62\PAMP_2.62\CdT\RUN_1\RU22\RU17-NUC04-T02.rctest""",Firefox 60.0,,2019-06-28 15:21:25,2019-06-28 15:21:25,0.001s,PASSED
"Comment - ""Generated by: masspetracca@gmail.com""",Firefox 60.0,,2019-06-28 15:21:25,2019-06-28 15:21:25,0.001s,PASSED
openBrowser,Firefox 60.0,----------------------------------------------------,2019-06-28 15:21:25,2019-06-28 15:21:32,6.346s,PASSED
"Comment - ""TC >> RU17-NUC04-T02.rctest""",Firefox 60.0,,2019-06-28 15:21:32,2019-06-28 15:21:32,0.000s,PASSED
navigateToUrl,Firefox 60.0,PAMP -  Portfolio Back Test - P.B.T. Bo. Settings - Discard,2019-06-28 15:21:32,2019-06-28 15:21:32,0.435s,PASSED
setText,Firefox 60.0,,2019-06-28 15:21:32,2019-06-28 15:21:32,0.146s,PASSED
setText,Firefox 60.0,,2019-06-28 15:21:32,2019-06-28 15:21:32,0.107s,PASSED
click,Firefox 60.0,,2019-06-28 15:21:32,2019-06-28 15:21:40,7.381s,PASSED
navigateToUrl,Firefox 60.0,,2019-06-28 15:21:40,2019-06-28 15:21:50,10.055s,PASSED
click,Firefox 60.0,,2019-06-28 15:21:50,2019-06-28 15:21:50,0.594s,PASSED
click,Firefox 60.0,,2019-06-28 15:21:50,2019-06-28 15:21:50,0.030s,FAILED
,,,,,,
Test Cases/Imported from Selenium IDE Scripts/ver. 2.62/Firefox/RU17/RU17-NUC05-T01,Firefox 60.0,PAMP -  Portfolio B. T.  Eq./Der. -  Member Results - View,2019-06-28 15:21:52,2019-06-28 15:22:01,8.779s,FAILED
"Comment - ""----------------------------------------------------""",Firefox 60.0,,2019-06-28 15:21:53,2019-06-28 15:21:53,0.001s,PASSED
"Comment - ""This test case script is generated by Katalon Studio""",Firefox 60.0,,2019-06-28 15:21:53,2019-06-28 15:21:53,0.000s,PASSED
"Comment - ""Generated date: 09-Oct-2018 09:59:22 AM""",Firefox 60.0,,2019-06-28 15:21:53,2019-06-28 15:21:53,0.000s,PASSED
"Comment - ""File path: H:\Desktop\PAMP_2.62\PAMP_2.62\CdT\RUN_1\RU22\Object Repository/ver 2.62/Object Repository/ver 2.62/Page_CCG Portal/RU17-NUC05/RU17-NUC05-T01/Page_CCG Portal/RU17-NUC05/RU17-NUC05-T01.rctest""",Firefox 60.0,,2019-06-28 15:21:53,2019-06-28 15:21:53,0.001s,PASSED
"Comment - ""Generated by: masspetracca@gmail.com""",Firefox 60.0,,2019-06-28 15:21:53,2019-06-28 15:21:53,0.000s,PASSED
openBrowser,Firefox 60.0,----------------------------------------------------,2019-06-28 15:21:53,2019-06-28 15:21:59,5.928s,PASSED
"Comment - ""TC >> Object Repository/ver 2.62/Object Repository/ver 2.62/Page_CCG Portal/RU17-NUC05/RU17-NUC05-T01/Page_CCG Portal/RU17-NUC05/RU17-NUC05-T01.rctest""",Firefox 60.0,,2019-06-28 15:21:59,2019-06-28 15:21:59,0.000s,PASSED
navigateToUrl,Firefox 60.0,PAMP -  Portfolio Back Test -  P.B.T. Eq. Elect. Settings - Save,2019-06-28 15:21:59,2019-06-28 15:21:59,0.425s,PASSED
setText,Firefox 60.0,,2019-06-28 15:21:59,2019-06-28 15:21:59,0.085s,FAILED
,,,,,,
Test Cases/Imported from Selenium IDE Scripts/ver. 2.62/Firefox/RU17/RU17-NUC05-T02,Firefox 60.0,PAMP -  Portfolio B. T.  Eq./Der. -  Member Results - View,2019-06-28 15:22:01,2019-06-28 15:22:11,10.200s,FAILED
"Comment - ""----------------------------------------------------""",Firefox 60.0,,2019-06-28 15:22:02,2019-06-28 15:22:02,0.001s,PASSED
"Comment - ""This test case script is generated by Katalon Studio""",Firefox 60.0,,2019-06-28 15:22:02,2019-06-28 15:22:02,0.000s,PASSED
"Comment - ""Generated date: 09-Oct-2018 09:59:22 AM""",Firefox 60.0,,2019-06-28 15:22:02,2019-06-28 15:22:02,0.000s,PASSED
"Comment - ""File path: H:\Desktop\PAMP_2.62\PAMP_2.62\CdT\RUN_1\RU22\RU17-NUC05-T02.rctest""",Firefox 60.0,,2019-06-28 15:22:02,2019-06-28 15:22:02,0.001s,PASSED
"Comment - ""Generated by: masspetracca@gmail.com""",Firefox 60.0,,2019-06-28 15:22:02,2019-06-28 15:22:02,0.000s,PASSED
openBrowser,Firefox 60.0,----------------------------------------------------,2019-06-28 15:22:02,2019-06-28 15:22:09,7.303s,PASSED
"Comment - ""TC >> RU17-NUC05-T02.rctest""",Firefox 60.0,,2019-06-28 15:22:09,2019-06-28 15:22:09,0.000s,PASSED
navigateToUrl,Firefox 60.0,PAMP -  Portfolio Back Test -  P.B.T. Eq. Elect. Settings - Discard,2019-06-28 15:22:09,2019-06-28 15:22:09,0.380s,PASSED
setText,Firefox 60.0,,2019-06-28 15:22:09,2019-06-28 15:22:09,0.101s,FAILED
,,,,,,
Test Cases/Imported from Selenium IDE Scripts/ver. 2.62/Firefox/RU17/RU17-NUC06-T01,Firefox 60.0,PAMP -  Portfolio B. T.  Eq./Der. -  Member Results - View,2019-06-28 15:22:12,2019-06-28 15:23:05,53.126s,FAILED
"Comment - ""----------------------------------------------------""",Firefox 60.0,,2019-06-28 15:22:12,2019-06-28 15:22:12,0.002s,PASSED
"Comment - ""This test case script is generated by Katalon Studio""",Firefox 60.0,,2019-06-28 15:22:12,2019-06-28 15:22:12,0.000s,PASSED
"Comment - ""Generated date: 09-Oct-2018 09:59:22 AM""",Firefox 60.0,,2019-06-28 15:22:12,2019-06-28 15:22:12,0.000s,PASSED
"Comment - ""File path: H:\Desktop\PAMP_2.62\PAMP_2.62\CdT\RUN_1\RU22\RU17-NUC06-T01.rctest""",Firefox 60.0,,2019-06-28 15:22:12,2019-06-28 15:22:12,0.000s,PASSED
"Comment - ""Generated by: masspetracca@gmail.com""",Firefox 60.0,,2019-06-28 15:22:12,2019-06-28 15:22:12,0.000s,PASSED
openBrowser,Firefox 60.0,----------------------------------------------------,2019-06-28 15:22:12,2019-06-28 15:22:17,5.212s,PASSED
"Comment - ""TC >> RU17-NUC06-T01.rctest""",Firefox 60.0,,2019-06-28 15:22:17,2019-06-28 15:22:17,0.000s,PASSED
navigateToUrl,Firefox 60.0,PAMP -  Portfolio Back Test - P.B.T. Bo. Settings - Save,2019-06-28 15:22:17,2019-06-28 15:22:18,0.397s,PASSED
setText,Firefox 60.0,,2019-06-28 15:22:18,2019-06-28 15:22:18,0.118s,PASSED
setText,Firefox 60.0,,2019-06-28 15:22:18,2019-06-28 15:22:18,0.069s,PASSED
click,Firefox 60.0,,2019-06-28 15:22:18,2019-06-28 15:22:25,7.383s,PASSED
navigateToUrl,Firefox 60.0,,2019-06-28 15:22:25,2019-06-28 15:22:35,9.993s,PASSED
click,Firefox 60.0,,2019-06-28 15:22:35,2019-06-28 15:22:36,0.437s,PASSED
click,Firefox 60.0,,2019-06-28 15:22:36,2019-06-28 15:22:36,0.248s,PASSED
click,Firefox 60.0,,2019-06-28 15:22:36,2019-06-28 15:23:03,26.846s,FAILED
,,,,,,
Test Cases/Imported from Selenium IDE Scripts/ver. 2.62/Firefox/RU17/RU17-NUC06-T02,Firefox 60.0,PAMP -  Portfolio B. T.  Eq./Der. -  Member Results - View,2019-06-28 15:23:05,2019-06-28 15:23:46,40.861s,FAILED
"Comment - ""----------------------------------------------------""",Firefox 60.0,,2019-06-28 15:23:05,2019-06-28 15:23:05,0.000s,PASSED
"Comment - ""This test case script is generated by Katalon Studio""",Firefox 60.0,,2019-06-28 15:23:05,2019-06-28 15:23:05,0.004s,PASSED
"Comment - ""Generated date: 09-Oct-2018 09:59:22 AM""",Firefox 60.0,,2019-06-28 15:23:05,2019-06-28 15:23:05,0.000s,PASSED
"Comment - ""File path: H:\Desktop\PAMP_2.62\PAMP_2.62\CdT\RUN_1\RU22\RU17-NUC06-T02.rctest""",Firefox 60.0,,2019-06-28 15:23:05,2019-06-28 15:23:05,0.000s,PASSED
"Comment - ""Generated by: masspetracca@gmail.com""",Firefox 60.0,,2019-06-28 15:23:05,2019-06-28 15:23:05,0.000s,PASSED
openBrowser,Firefox 60.0,----------------------------------------------------,2019-06-28 15:23:05,2019-06-28 15:23:25,20.037s,PASSED
"Comment - ""TC >> RU17-NUC06-T02.rctest""",Firefox 60.0,,2019-06-28 15:23:25,2019-06-28 15:23:25,0.000s,PASSED
navigateToUrl,Firefox 60.0,PAMP -  Portfolio Back Test - P.B.T. Bo. Settings - Discard,2019-06-28 15:23:25,2019-06-28 15:23:26,0.617s,PASSED
setText,Firefox 60.0,,2019-06-28 15:23:26,2019-06-28 15:23:26,0.095s,PASSED
setText,Firefox 60.0,,2019-06-28 15:23:26,2019-06-28 15:23:26,0.125s,PASSED
click,Firefox 60.0,,2019-06-28 15:23:26,2019-06-28 15:23:34,7.604s,PASSED
navigateToUrl,Firefox 60.0,,2019-06-28 15:23:34,2019-06-28 15:23:42,7.920s,PASSED
click,Firefox 60.0,,2019-06-28 15:23:42,2019-06-28 15:23:42,0.616s,PASSED
click,Firefox 60.0,,2019-06-28 15:23:42,2019-06-28 15:23:43,0.695s,PASSED
click,Firefox 60.0,,2019-06-28 15:23:43,2019-06-28 15:23:44,0.706s,FAILED
