<?xml version="1.0" encoding="UTF-8"?>
<TestCase seleniumIDEVersion="2.9.1" baseURL="https://10.0.10.230:10044/LiqPortalWEB/index.html">
<selenese>
	<command>echo</command>
	<target><![CDATA[]]></target>
	<value><![CDATA[RU02-NUC01-T02.rctest]]></value>
</selenese>
<selenese>
	<command>open</command>
	<target><![CDATA[/LiqPortalWEB/]]></target>
	<value><![CDATA[Liquidity Portal - Countries - Filters]]></value>
</selenese>
<selenese>
	<command>type</command>
	<target><![CDATA[id=Username]]></target>
	<value><![CDATA[mpetracc]]></value>
</selenese>
<selenese>
	<command>type</command>
	<target><![CDATA[id=Password]]></target>
	<value><![CDATA[.mpetrac00]]></value>
</selenese>
<selenese>
	<command>clickAndWait</command>
	<target><![CDATA[id=submitLabel]]></target>
	<value><![CDATA[]]></value>
</selenese>
<selenese>
	<command>waitForElementClickable</command>
	<target><![CDATA[scLocator=//Menu[level=1]/body/row[3]/col[fieldName=title||0]]]></target>
	<value><![CDATA[]]></value>
</selenese>
<selenese>
	<command>click</command>
	<target><![CDATA[scLocator=//Menu[level=1]/body/row[3]/col[fieldName=title||0]]]></target>
	<value><![CDATA[]]></value>
</selenese>
<selenese>
	<command>waitForElementClickable</command>
	<target><![CDATA[scLocator=//Portlet[ID="refdata_country_tab_0"]/]]></target>
	<value><![CDATA[]]></value>
</selenese>
<selenese>
	<command>click</command>
	<target><![CDATA[scLocator=//Portlet[ID="refdata_country_tab_0"]/]]></target>
	<value><![CDATA[]]></value>
</selenese>
<selenese>
	<command>waitForElementClickable</command>
	<target><![CDATA[scLocator=//Portlet[ID="refdata_country_tab_0"]/item[0][Class="ListGrid"]/filterEditor/editRowForm/item[name=COUNTRY_ISO2||title=Country%20ISO2||index=1||Class=TextItem]/element]]></target>
	<value><![CDATA[]]></value>
</selenese>
<selenese>
	<command>click</command>
	<target><![CDATA[scLocator=//Portlet[ID="refdata_country_tab_0"]/item[0][Class="ListGrid"]/filterEditor/editRowForm/item[name=COUNTRY_ISO2||title=Country%20ISO2||index=1||Class=TextItem]/element]]></target>
	<value><![CDATA[]]></value>
</selenese>
<selenese>
	<command>waitForElementReadyForKeyPresses</command>
	<target><![CDATA[scLocator=//Portlet[ID="refdata_country_tab_0"]/item[0][Class="ListGrid"]/filterEditor/editRowForm/item[name=COUNTRY_ISO2||title=Country%20ISO2||value=GN||index=1||Class=TextItem]/element]]></target>
	<value><![CDATA[]]></value>
</selenese>
<selenese>
	<command>sendKeys</command>
	<target><![CDATA[scLocator=//Portlet[ID="refdata_country_tab_0"]/item[0][Class="ListGrid"]/filterEditor/editRowForm/item[name=COUNTRY_ISO2||title=Country%20ISO2||value=GN||index=1||Class=TextItem]/element]]></target>
	<value><![CDATA[${KEY_ENTER}]]></value>
</selenese>
<selenese>
	<command>waitForElementClickable</command>
	<target><![CDATA[scLocator=//Portlet[ID="refdata_country_tab_0"]/item[0][Class="ListGrid"]/filterEditor/editRowForm/item[name=COUNTRY_ISO2||title=Country%20ISO2||value=GN||index=1||Class=TextItem]/element]]></target>
	<value><![CDATA[]]></value>
</selenese>
<selenese>
	<command>type</command>
	<target><![CDATA[scLocator=//Portlet[ID="refdata_country_tab_0"]/item[0][Class="ListGrid"]/filterEditor/editRowForm/item[name=COUNTRY_ISO2||title=Country%20ISO2||value=GN||index=1||Class=TextItem]/element]]></target>
	<value><![CDATA[GN]]></value>
</selenese>
<selenese>
	<command>waitForElementClickable</command>
	<target><![CDATA[scLocator=//Portlet[ID="refdata_country_tab_0"]/item[0][Class="ListGrid"]/filterEditor/editRowForm/item[name=COUNTRY_ISO2||title=Country%20ISO2||value=GN||index=1||Class=TextItem]/element]]></target>
	<value><![CDATA[]]></value>
</selenese>
<selenese>
	<command>click</command>
	<target><![CDATA[scLocator=//Portlet[ID="refdata_country_tab_0"]/item[0][Class="ListGrid"]/filterEditor/editRowForm/item[name=COUNTRY_ISO2||title=Country%20ISO2||value=GN||index=1||Class=TextItem]/element]]></target>
	<value><![CDATA[]]></value>
</selenese>
<selenese>
	<command>waitForElementClickable</command>
	<target><![CDATA[scLocator=//Portlet[ID="refdata_country_tab_0"]/item[0][Class="ListGrid"]/filterEditor/editRowForm/item[name=COUNTRY_ISO2||title=Country%20ISO2||index=1||Class=TextItem]/element]]></target>
	<value><![CDATA[]]></value>
</selenese>
<selenese>
	<command>type</command>
	<target><![CDATA[scLocator=//Portlet[ID="refdata_country_tab_0"]/item[0][Class="ListGrid"]/filterEditor/editRowForm/item[name=COUNTRY_ISO2||title=Country%20ISO2||index=1||Class=TextItem]/element]]></target>
	<value><![CDATA[]]></value>
</selenese>
<selenese>
	<command>waitForElementClickable</command>
	<target><![CDATA[scLocator=//Portlet[ID="refdata_country_tab_0"]/item[0][Class="ListGrid"]/filterEditor/editRowForm/item[name=COUNTRY_ZONE||title=Country%20zone||index=3||Class=TextItem]/element]]></target>
	<value><![CDATA[]]></value>
</selenese>
<selenese>
	<command>click</command>
	<target><![CDATA[scLocator=//Portlet[ID="refdata_country_tab_0"]/item[0][Class="ListGrid"]/filterEditor/editRowForm/item[name=COUNTRY_ZONE||title=Country%20zone||index=3||Class=TextItem]/element]]></target>
	<value><![CDATA[]]></value>
</selenese>
<selenese>
	<command>waitForElementReadyForKeyPresses</command>
	<target><![CDATA[scLocator=//Portlet[ID="refdata_country_tab_0"]/item[0][Class="ListGrid"]/filterEditor/editRowForm/item[name=COUNTRY_ZONE||title=Country%20zone||value=Africa||index=3||Class=TextItem]/element]]></target>
	<value><![CDATA[]]></value>
</selenese>
<selenese>
	<command>sendKeys</command>
	<target><![CDATA[scLocator=//Portlet[ID="refdata_country_tab_0"]/item[0][Class="ListGrid"]/filterEditor/editRowForm/item[name=COUNTRY_ZONE||title=Country%20zone||value=Africa||index=3||Class=TextItem]/element]]></target>
	<value><![CDATA[${KEY_ENTER}]]></value>
</selenese>
<selenese>
	<command>waitForElementClickable</command>
	<target><![CDATA[scLocator=//Portlet[ID="refdata_country_tab_0"]/item[0][Class="ListGrid"]/filterEditor/editRowForm/item[name=COUNTRY_ZONE||title=Country%20zone||value=Africa||index=3||Class=TextItem]/element]]></target>
	<value><![CDATA[]]></value>
</selenese>
<selenese>
	<command>type</command>
	<target><![CDATA[scLocator=//Portlet[ID="refdata_country_tab_0"]/item[0][Class="ListGrid"]/filterEditor/editRowForm/item[name=COUNTRY_ZONE||title=Country%20zone||value=Africa||index=3||Class=TextItem]/element]]></target>
	<value><![CDATA[Africa]]></value>
</selenese>
<selenese>
	<command>waitForElementClickable</command>
	<target><![CDATA[scLocator=//Portlet[ID="refdata_country_tab_0"]/item[0][Class="ListGrid"]/body/vscrollbar/peer[Class=SpritedVSimpleScrollThumb||index=0||length=1||classIndex=0||classLength=1||title=%26nbsp%3B||name=main]/]]></target>
	<value><![CDATA[]]></value>
</selenese>
<selenese>
	<command>dragAndDrop</command>
	<target><![CDATA[scLocator=//Portlet[ID="refdata_country_tab_0"]/item[0][Class="ListGrid"]/body/vscrollbar/peer[Class=SpritedVSimpleScrollThumb||index=0||length=1||classIndex=0||classLength=1||title=%26nbsp%3B||name=main]/]]></target>
	<value><![CDATA[-4,+448]]></value>
</selenese>
<selenese>
	<command>waitForElementClickable</command>
	<target><![CDATA[scLocator=//Portlet[ID="refdata_country_tab_0"]/item[0][Class="ListGrid"]/filterEditor/editRowForm/item[name=COUNTRY_NAME||title=Country%20name||index=2||Class=TextItem]/element]]></target>
	<value><![CDATA[]]></value>
</selenese>
<selenese>
	<command>click</command>
	<target><![CDATA[scLocator=//Portlet[ID="refdata_country_tab_0"]/item[0][Class="ListGrid"]/filterEditor/editRowForm/item[name=COUNTRY_NAME||title=Country%20name||index=2||Class=TextItem]/element]]></target>
	<value><![CDATA[]]></value>
</selenese>
<selenese>
	<command>waitForElementReadyForKeyPresses</command>
	<target><![CDATA[scLocator=//Portlet[ID="refdata_country_tab_0"]/item[0][Class="ListGrid"]/filterEditor/editRowForm/item[name=COUNTRY_NAME||title=Country%20name||value=Mauritania||index=2||Class=TextItem]/element]]></target>
	<value><![CDATA[]]></value>
</selenese>
<selenese>
	<command>sendKeys</command>
	<target><![CDATA[scLocator=//Portlet[ID="refdata_country_tab_0"]/item[0][Class="ListGrid"]/filterEditor/editRowForm/item[name=COUNTRY_NAME||title=Country%20name||value=Mauritania||index=2||Class=TextItem]/element]]></target>
	<value><![CDATA[${KEY_ENTER}]]></value>
</selenese>
<selenese>
	<command>waitForElementClickable</command>
	<target><![CDATA[scLocator=//Portlet[ID="refdata_country_tab_0"]/item[0][Class="ListGrid"]/filterEditor/editRowForm/item[name=COUNTRY_NAME||title=Country%20name||value=Mauritania||index=2||Class=TextItem]/element]]></target>
	<value><![CDATA[]]></value>
</selenese>
<selenese>
	<command>click</command>
	<target><![CDATA[scLocator=//Portlet[ID="refdata_country_tab_0"]/item[0][Class="ListGrid"]/filterEditor/editRowForm/item[name=COUNTRY_NAME||title=Country%20name||value=Mauritania||index=2||Class=TextItem]/element]]></target>
	<value><![CDATA[]]></value>
</selenese>
<selenese>
	<command>waitForElementClickable</command>
	<target><![CDATA[scLocator=//Portlet[ID="refdata_country_tab_0"]/item[0][Class="ListGrid"]/filterEditor/editRowForm/item[name=COUNTRY_NAME||title=Country%20name||value=Mauritania||index=2||Class=TextItem]/element]]></target>
	<value><![CDATA[]]></value>
</selenese>
<selenese>
	<command>type</command>
	<target><![CDATA[scLocator=//Portlet[ID="refdata_country_tab_0"]/item[0][Class="ListGrid"]/filterEditor/editRowForm/item[name=COUNTRY_NAME||title=Country%20name||value=Mauritania||index=2||Class=TextItem]/element]]></target>
	<value><![CDATA[Mauritania]]></value>
</selenese>
<selenese>
	<command>waitForElementClickable</command>
	<target><![CDATA[scLocator=//Portlet[ID="refdata_country_tab_0"]/item[0][Class="ListGrid"]/filterEditor/editRowForm/item[name=COUNTRY_ZONE||title=Country%20zone||value=Africa||index=3||Class=TextItem]/element]]></target>
	<value><![CDATA[]]></value>
</selenese>
<selenese>
	<command>click</command>
	<target><![CDATA[scLocator=//Portlet[ID="refdata_country_tab_0"]/item[0][Class="ListGrid"]/filterEditor/editRowForm/item[name=COUNTRY_ZONE||title=Country%20zone||value=Africa||index=3||Class=TextItem]/element]]></target>
	<value><![CDATA[]]></value>
</selenese>
<selenese>
	<command>waitForElementReadyForKeyPresses</command>
	<target><![CDATA[scLocator=//Portlet[ID="refdata_country_tab_0"]/item[0][Class="ListGrid"]/filterEditor/editRowForm/item[name=COUNTRY_ZONE||title=Country%20zone||index=3||Class=TextItem]/element]]></target>
	<value><![CDATA[]]></value>
</selenese>
<selenese>
	<command>sendKeys</command>
	<target><![CDATA[scLocator=//Portlet[ID="refdata_country_tab_0"]/item[0][Class="ListGrid"]/filterEditor/editRowForm/item[name=COUNTRY_ZONE||title=Country%20zone||index=3||Class=TextItem]/element]]></target>
	<value><![CDATA[${KEY_ENTER}]]></value>
</selenese>
<selenese>
	<command>waitForElementClickable</command>
	<target><![CDATA[scLocator=//Portlet[ID="refdata_country_tab_0"]/item[0][Class="ListGrid"]/filterEditor/editRowForm/item[name=COUNTRY_ZONE||title=Country%20zone||index=3||Class=TextItem]/element]]></target>
	<value><![CDATA[]]></value>
</selenese>
<selenese>
	<command>type</command>
	<target><![CDATA[scLocator=//Portlet[ID="refdata_country_tab_0"]/item[0][Class="ListGrid"]/filterEditor/editRowForm/item[name=COUNTRY_ZONE||title=Country%20zone||index=3||Class=TextItem]/element]]></target>
	<value><![CDATA[]]></value>
</selenese>
<selenese>
	<command>waitForElementClickable</command>
	<target><![CDATA[scLocator=//Portlet[ID="refdata_country_tab_0"]/item[0][Class="ListGrid"]/filterEditor/editRowForm/item[name=COUNTRY_NAME||title=Country%20name||value=Mauritania||index=2||Class=TextItem]/element]]></target>
	<value><![CDATA[]]></value>
</selenese>
<selenese>
	<command>click</command>
	<target><![CDATA[scLocator=//Portlet[ID="refdata_country_tab_0"]/item[0][Class="ListGrid"]/filterEditor/editRowForm/item[name=COUNTRY_NAME||title=Country%20name||value=Mauritania||index=2||Class=TextItem]/element]]></target>
	<value><![CDATA[]]></value>
</selenese>
<selenese>
	<command>waitForElementReadyForKeyPresses</command>
	<target><![CDATA[scLocator=//Portlet[ID="refdata_country_tab_0"]/item[0][Class="ListGrid"]/filterEditor/editRowForm/item[name=COUNTRY_NAME||title=Country%20name||index=2||Class=TextItem]/element]]></target>
	<value><![CDATA[]]></value>
</selenese>
<selenese>
	<command>sendKeys</command>
	<target><![CDATA[scLocator=//Portlet[ID="refdata_country_tab_0"]/item[0][Class="ListGrid"]/filterEditor/editRowForm/item[name=COUNTRY_NAME||title=Country%20name||index=2||Class=TextItem]/element]]></target>
	<value><![CDATA[${KEY_ENTER}]]></value>
</selenese>
<selenese>
	<command>waitForElementClickable</command>
	<target><![CDATA[scLocator=//Portlet[ID="refdata_country_tab_0"]/item[0][Class="ListGrid"]/filterEditor/editRowForm/item[name=COUNTRY_NAME||title=Country%20name||index=2||Class=TextItem]/element]]></target>
	<value><![CDATA[]]></value>
</selenese>
<selenese>
	<command>type</command>
	<target><![CDATA[scLocator=//Portlet[ID="refdata_country_tab_0"]/item[0][Class="ListGrid"]/filterEditor/editRowForm/item[name=COUNTRY_NAME||title=Country%20name||index=2||Class=TextItem]/element]]></target>
	<value><![CDATA[]]></value>
</selenese>
<selenese>
	<command>waitForElementClickable</command>
	<target><![CDATA[scLocator=//Portlet[ID="refdata_country_tab_0"]/item[0][Class="ListGrid"]/body/vscrollbar/peer[Class=SpritedVSimpleScrollThumb||index=0||length=1||classIndex=0||classLength=1||title=%26nbsp%3B||name=main]/]]></target>
	<value><![CDATA[]]></value>
</selenese>
<selenese>
	<command>dragAndDrop</command>
	<target><![CDATA[scLocator=//Portlet[ID="refdata_country_tab_0"]/item[0][Class="ListGrid"]/body/vscrollbar/peer[Class=SpritedVSimpleScrollThumb||index=0||length=1||classIndex=0||classLength=1||title=%26nbsp%3B||name=main]/]]></target>
	<value><![CDATA[-9,-247]]></value>
</selenese>
<selenese>
	<command>waitForElementClickable</command>
	<target><![CDATA[scLocator=//Portlet[ID="refdata_country_tab_0"]/item[0][Class="ListGrid"]/filterEditor/editRowForm/item[name=COUNTRY_ZONE||title=Country%20zone||value=Africa||index=3||Class=TextItem]/element]]></target>
	<value><![CDATA[]]></value>
</selenese>
<selenese>
	<command>click</command>
	<target><![CDATA[scLocator=//Portlet[ID="refdata_country_tab_0"]/item[0][Class="ListGrid"]/filterEditor/editRowForm/item[name=COUNTRY_ZONE||title=Country%20zone||value=Africa||index=3||Class=TextItem]/element]]></target>
	<value><![CDATA[]]></value>
</selenese>
<selenese>
	<command>waitForElementReadyForKeyPresses</command>
	<target><![CDATA[scLocator=//Portlet[ID="refdata_country_tab_0"]/item[0][Class="ListGrid"]/filterEditor/editRowForm/item[name=COUNTRY_ZONE||title=Country%20zone||index=3||Class=TextItem]/element]]></target>
	<value><![CDATA[]]></value>
</selenese>
<selenese>
	<command>sendKeys</command>
	<target><![CDATA[scLocator=//Portlet[ID="refdata_country_tab_0"]/item[0][Class="ListGrid"]/filterEditor/editRowForm/item[name=COUNTRY_ZONE||title=Country%20zone||index=3||Class=TextItem]/element]]></target>
	<value><![CDATA[${KEY_ENTER}]]></value>
</selenese>
<selenese>
	<command>waitForElementClickable</command>
	<target><![CDATA[scLocator=//Portlet[ID="refdata_country_tab_0"]/item[0][Class="ListGrid"]/filterEditor/editRowForm/item[name=COUNTRY_ZONE||title=Country%20zone||index=3||Class=TextItem]/element]]></target>
	<value><![CDATA[]]></value>
</selenese>
<selenese>
	<command>type</command>
	<target><![CDATA[scLocator=//Portlet[ID="refdata_country_tab_0"]/item[0][Class="ListGrid"]/filterEditor/editRowForm/item[name=COUNTRY_ZONE||title=Country%20zone||index=3||Class=TextItem]/element]]></target>
	<value><![CDATA[]]></value>
</selenese>
<selenese>
	<command>waitForElementClickable</command>
	<target><![CDATA[scLocator=//Portlet[ID="refdata_country_tab_0"]/item[0][Class="ListGrid"]/body/vscrollbar/peer[Class=SpritedVSimpleScrollThumb||index=0||length=1||classIndex=0||classLength=1||title=%26nbsp%3B||name=main]/]]></target>
	<value><![CDATA[]]></value>
</selenese>
<selenese>
	<command>dragAndDrop</command>
	<target><![CDATA[scLocator=//Portlet[ID="refdata_country_tab_0"]/item[0][Class="ListGrid"]/body/vscrollbar/peer[Class=SpritedVSimpleScrollThumb||index=0||length=1||classIndex=0||classLength=1||title=%26nbsp%3B||name=main]/]]></target>
	<value><![CDATA[-31,+750]]></value>
</selenese>
</TestCase>