<?xml version="1.0" encoding="UTF-8"?>
<TestCase seleniumIDEVersion="2.9.1" baseURL="https://10.0.10.230:10044/LiqPortalWEB/index.html">
<selenese>
	<command>echo</command>
	<target><![CDATA[]]></target>
	<value><![CDATA[RU03-NUC01-T03.rctest]]></value>
</selenese>
<selenese>
	<command>open</command>
	<target><![CDATA[/LiqPortalWEB/]]></target>
	<value><![CDATA[Liquidity Portal - Liq. Items - Grouping]]></value>
</selenese>
<selenese>
	<command>type</command>
	<target><![CDATA[id=Username]]></target>
	<value><![CDATA[mpetracc]]></value>
</selenese>
<selenese>
	<command>type</command>
	<target><![CDATA[id=Password]]></target>
	<value><![CDATA[.mpetrac00]]></value>
</selenese>
<selenese>
	<command>clickAndWait</command>
	<target><![CDATA[id=submitLabel]]></target>
	<value><![CDATA[]]></value>
</selenese>
<selenese>
	<command>waitForElementClickable</command>
	<target><![CDATA[scLocator=//Menu[level=1]/body/row[2]/col[fieldName=title||0]]]></target>
	<value><![CDATA[]]></value>
</selenese>
<selenese>
	<command>click</command>
	<target><![CDATA[scLocator=//Menu[level=1]/body/row[2]/col[fieldName=title||0]]]></target>
	<value><![CDATA[]]></value>
</selenese>
<selenese>
	<command>waitForElementClickable</command>
	<target><![CDATA[scLocator=//Portlet[ID="liquidity_items_tab_0"]/item[0][Class="ListGrid"]/filterEditor/editRowForm/item[name=ITEM_NAME||title=Item%20name||index=0||Class=TextItem]/element]]></target>
	<value><![CDATA[]]></value>
</selenese>
<selenese>
	<command>click</command>
	<target><![CDATA[scLocator=//Portlet[ID="liquidity_items_tab_0"]/item[0][Class="ListGrid"]/filterEditor/editRowForm/item[name=ITEM_NAME||title=Item%20name||index=0||Class=TextItem]/element]]></target>
	<value><![CDATA[]]></value>
</selenese>
<selenese>
	<command>waitForElementReadyForKeyPresses</command>
	<target><![CDATA[scLocator=//Portlet[ID="liquidity_items_tab_0"]/item[0][Class="ListGrid"]/filterEditor/editRowForm/item[name=ITEM_NAME||title=Item%20name||value=LCH||index=0||Class=TextItem]/element]]></target>
	<value><![CDATA[]]></value>
</selenese>
<selenese>
	<command>sendKeys</command>
	<target><![CDATA[scLocator=//Portlet[ID="liquidity_items_tab_0"]/item[0][Class="ListGrid"]/filterEditor/editRowForm/item[name=ITEM_NAME||title=Item%20name||value=LCH||index=0||Class=TextItem]/element]]></target>
	<value><![CDATA[${KEY_ENTER}]]></value>
</selenese>
<selenese>
	<command>waitForElementClickable</command>
	<target><![CDATA[scLocator=//Portlet[ID="liquidity_items_tab_0"]/item[0][Class="ListGrid"]/filterEditor/editRowForm/item[name=ITEM_NAME||title=Item%20name||value=LCH||index=0||Class=TextItem]/element]]></target>
	<value><![CDATA[]]></value>
</selenese>
<selenese>
	<command>type</command>
	<target><![CDATA[scLocator=//Portlet[ID="liquidity_items_tab_0"]/item[0][Class="ListGrid"]/filterEditor/editRowForm/item[name=ITEM_NAME||title=Item%20name||value=LCH||index=0||Class=TextItem]/element]]></target>
	<value><![CDATA[LCH]]></value>
</selenese>
<selenese>
	<command>waitForElementClickable</command>
	<target><![CDATA[scLocator=//Portlet[ID="liquidity_items_tab_0"]/item[0][Class="ListGrid"]/filterEditor/editRowForm/item[name=CASH_AMNT||title=Cash%20amount||value=%3E37000000||index=2||Class=FloatItem]/element]]></target>
	<value><![CDATA[]]></value>
</selenese>
<selenese>
	<command>type</command>
	<target><![CDATA[scLocator=//Portlet[ID="liquidity_items_tab_0"]/item[0][Class="ListGrid"]/filterEditor/editRowForm/item[name=CASH_AMNT||title=Cash%20amount||value=%3E37000000||index=2||Class=FloatItem]/element]]></target>
	<value><![CDATA[>37000000]]></value>
</selenese>
<selenese>
	<command>waitForElementClickable</command>
	<target><![CDATA[scLocator=//Portlet[ID="liquidity_items_tab_0"]/item[0][Class="ListGrid"]/filterEditor/actionButton/icon]]></target>
	<value><![CDATA[]]></value>
</selenese>
<selenese>
	<command>click</command>
	<target><![CDATA[scLocator=//Portlet[ID="liquidity_items_tab_0"]/item[0][Class="ListGrid"]/filterEditor/actionButton/icon]]></target>
	<value><![CDATA[]]></value>
</selenese>
<selenese>
	<command>waitForElementClickable</command>
	<target><![CDATA[scLocator=//Portlet[ID="liquidity_items_tab_0"]/item[0][Class="ListGrid"]/filterEditor/editRowForm/item[name=ITEM_NAME||title=Item%20name||value=LCH||index=0||Class=TextItem]/element]]></target>
	<value><![CDATA[]]></value>
</selenese>
<selenese>
	<command>click</command>
	<target><![CDATA[scLocator=//Portlet[ID="liquidity_items_tab_0"]/item[0][Class="ListGrid"]/filterEditor/editRowForm/item[name=ITEM_NAME||title=Item%20name||value=LCH||index=0||Class=TextItem]/element]]></target>
	<value><![CDATA[]]></value>
</selenese>
<selenese>
	<command>waitForElementReadyForKeyPresses</command>
	<target><![CDATA[scLocator=//Portlet[ID="liquidity_items_tab_0"]/item[0][Class="ListGrid"]/filterEditor/editRowForm/item[name=ITEM_NAME||title=Item%20name||index=0||Class=TextItem]/element]]></target>
	<value><![CDATA[]]></value>
</selenese>
<selenese>
	<command>sendKeys</command>
	<target><![CDATA[scLocator=//Portlet[ID="liquidity_items_tab_0"]/item[0][Class="ListGrid"]/filterEditor/editRowForm/item[name=ITEM_NAME||title=Item%20name||index=0||Class=TextItem]/element]]></target>
	<value><![CDATA[${KEY_ENTER}]]></value>
</selenese>
<selenese>
	<command>waitForElementClickable</command>
	<target><![CDATA[scLocator=//Portlet[ID="liquidity_items_tab_0"]/item[0][Class="ListGrid"]/filterEditor/editRowForm/item[name=ITEM_NAME||title=Item%20name||index=0||Class=TextItem]/element]]></target>
	<value><![CDATA[]]></value>
</selenese>
<selenese>
	<command>type</command>
	<target><![CDATA[scLocator=//Portlet[ID="liquidity_items_tab_0"]/item[0][Class="ListGrid"]/filterEditor/editRowForm/item[name=ITEM_NAME||title=Item%20name||index=0||Class=TextItem]/element]]></target>
	<value><![CDATA[]]></value>
</selenese>
<selenese>
	<command>waitForElementClickable</command>
	<target><![CDATA[scLocator=//Portlet[ID="liquidity_items_tab_0"]/item[0][Class="ListGrid"]/filterEditor/editRowForm/item[name=ITEM_GR_ID||title=Item%20group%20ID||value=Test||index=3||Class=TextItem]/element]]></target>
	<value><![CDATA[]]></value>
</selenese>
<selenese>
	<command>type</command>
	<target><![CDATA[scLocator=//Portlet[ID="liquidity_items_tab_0"]/item[0][Class="ListGrid"]/filterEditor/editRowForm/item[name=ITEM_GR_ID||title=Item%20group%20ID||value=Test||index=3||Class=TextItem]/element]]></target>
	<value><![CDATA[Test]]></value>
</selenese>
<selenese>
	<command>waitForElementClickable</command>
	<target><![CDATA[scLocator=//autoID[Class=VLayout||index=6||length=13||classIndex=0||classLength=1]/member[Class=HLayout||index=2||length=4||classIndex=2||classLength=4]/member[Class=HLayout||index=0||length=1||classIndex=0||classLength=1]/member[Class=TabSet||index=0||length=1||classIndex=0||classLength=1]/]]></target>
	<value><![CDATA[]]></value>
</selenese>
<selenese>
	<command>click</command>
	<target><![CDATA[scLocator=//autoID[Class=VLayout||index=6||length=13||classIndex=0||classLength=1]/member[Class=HLayout||index=2||length=4||classIndex=2||classLength=4]/member[Class=HLayout||index=0||length=1||classIndex=0||classLength=1]/member[Class=TabSet||index=0||length=1||classIndex=0||classLength=1]/]]></target>
	<value><![CDATA[]]></value>
</selenese>
<selenese>
	<command>waitForElementClickable</command>
	<target><![CDATA[scLocator=//Portlet[ID="liquidity_items_tab_0"]/item[0][Class="ListGrid"]/filterEditor/editRowForm/item[name=CASH_AMNT||title=Cash%20amount||value=%3E37000000||index=2||Class=FloatItem]/element]]></target>
	<value><![CDATA[]]></value>
</selenese>
<selenese>
	<command>click</command>
	<target><![CDATA[scLocator=//Portlet[ID="liquidity_items_tab_0"]/item[0][Class="ListGrid"]/filterEditor/editRowForm/item[name=CASH_AMNT||title=Cash%20amount||value=%3E37000000||index=2||Class=FloatItem]/element]]></target>
	<value><![CDATA[]]></value>
</selenese>
<selenese>
	<command>waitForElementReadyForKeyPresses</command>
	<target><![CDATA[scLocator=//Portlet[ID="liquidity_items_tab_0"]/item[0][Class="ListGrid"]/filterEditor/editRowForm/item[name=CASH_AMNT||title=Cash%20amount||index=2||Class=FloatItem]/element]]></target>
	<value><![CDATA[]]></value>
</selenese>
<selenese>
	<command>sendKeys</command>
	<target><![CDATA[scLocator=//Portlet[ID="liquidity_items_tab_0"]/item[0][Class="ListGrid"]/filterEditor/editRowForm/item[name=CASH_AMNT||title=Cash%20amount||index=2||Class=FloatItem]/element]]></target>
	<value><![CDATA[${KEY_ENTER}]]></value>
</selenese>
<selenese>
	<command>waitForElementClickable</command>
	<target><![CDATA[scLocator=//Portlet[ID="liquidity_items_tab_0"]/item[0][Class="ListGrid"]/filterEditor/editRowForm/item[name=CASH_AMNT||title=Cash%20amount||index=2||Class=FloatItem]/element]]></target>
	<value><![CDATA[]]></value>
</selenese>
<selenese>
	<command>type</command>
	<target><![CDATA[scLocator=//Portlet[ID="liquidity_items_tab_0"]/item[0][Class="ListGrid"]/filterEditor/editRowForm/item[name=CASH_AMNT||title=Cash%20amount||index=2||Class=FloatItem]/element]]></target>
	<value><![CDATA[]]></value>
</selenese>
<selenese>
	<command>waitForElementClickable</command>
	<target><![CDATA[scLocator=//Portlet[ID="liquidity_items_tab_0"]/item[0][Class="ListGrid"]/filterEditor/editRowForm/item[name=ITEM_GR_ID||title=Item%20group%20ID||value=Test||index=3||Class=TextItem]/element]]></target>
	<value><![CDATA[]]></value>
</selenese>
<selenese>
	<command>click</command>
	<target><![CDATA[scLocator=//Portlet[ID="liquidity_items_tab_0"]/item[0][Class="ListGrid"]/filterEditor/editRowForm/item[name=ITEM_GR_ID||title=Item%20group%20ID||value=Test||index=3||Class=TextItem]/element]]></target>
	<value><![CDATA[]]></value>
</selenese>
<selenese>
	<command>waitForElementReadyForKeyPresses</command>
	<target><![CDATA[scLocator=//Portlet[ID="liquidity_items_tab_0"]/item[0][Class="ListGrid"]/filterEditor/editRowForm/item[name=ITEM_GR_ID||title=Item%20group%20ID||index=3||Class=TextItem]/element]]></target>
	<value><![CDATA[]]></value>
</selenese>
<selenese>
	<command>sendKeys</command>
	<target><![CDATA[scLocator=//Portlet[ID="liquidity_items_tab_0"]/item[0][Class="ListGrid"]/filterEditor/editRowForm/item[name=ITEM_GR_ID||title=Item%20group%20ID||index=3||Class=TextItem]/element]]></target>
	<value><![CDATA[${KEY_ENTER}]]></value>
</selenese>
<selenese>
	<command>waitForElementClickable</command>
	<target><![CDATA[scLocator=//Portlet[ID="liquidity_items_tab_0"]/item[0][Class="ListGrid"]/filterEditor/editRowForm/item[name=ITEM_GR_ID||title=Item%20group%20ID||index=3||Class=TextItem]/element]]></target>
	<value><![CDATA[]]></value>
</selenese>
<selenese>
	<command>type</command>
	<target><![CDATA[scLocator=//Portlet[ID="liquidity_items_tab_0"]/item[0][Class="ListGrid"]/filterEditor/editRowForm/item[name=ITEM_GR_ID||title=Item%20group%20ID||index=3||Class=TextItem]/element]]></target>
	<value><![CDATA[]]></value>
</selenese>
<selenese>
	<command>waitForElementClickable</command>
	<target><![CDATA[scLocator=//Portlet[ID="liquidity_items_tab_0"]/item[0][Class="ListGrid"]/filterEditor/body/]]></target>
	<value><![CDATA[]]></value>
</selenese>
<selenese>
	<command>sendKeys</command>
	<target><![CDATA[scLocator=//Portlet[ID="liquidity_items_tab_0"]/item[0][Class="ListGrid"]/filterEditor/body/]]></target>
	<value><![CDATA[${KEY_ENTER}]]></value>
</selenese>
<selenese>
	<command>waitForElementClickable</command>
	<target><![CDATA[scLocator=//Portlet[ID="liquidity_items_tab_0"]/item[0][Class="ListGrid"]/filterEditor/actionButton/icon]]></target>
	<value><![CDATA[]]></value>
</selenese>
<selenese>
	<command>click</command>
	<target><![CDATA[scLocator=//Portlet[ID="liquidity_items_tab_0"]/item[0][Class="ListGrid"]/filterEditor/actionButton/icon]]></target>
	<value><![CDATA[]]></value>
</selenese>
<selenese>
	<command>waitForElementClickable</command>
	<target><![CDATA[scLocator=//autoID[Class=VLayout||index=6||length=7||classIndex=0||classLength=1]/member[Class=HLayout||index=2||length=4||classIndex=2||classLength=4]/member[Class=HLayout||index=0||length=1||classIndex=0||classLength=1]/member[Class=TabSet||index=0||length=1||classIndex=0||classLength=1]/tabPane[title=Liq.%20Standard%20Market%20Conditions||ID=tab_0||index=0]/member[Class=PortalLayout||index=0||length=1||classIndex=0||classLength=1]/column[Class=PortalColumn||index=0||length=2||classIndex=0||classLength=2]/rowLayout/R]]></target>
	<value><![CDATA[]]></value>
</selenese>
<selenese>
	<command>dragAndDrop</command>
	<target><![CDATA[scLocator=//autoID[Class=VLayout||index=6||length=7||classIndex=0||classLength=1]/member[Class=HLayout||index=2||length=4||classIndex=2||classLength=4]/member[Class=HLayout||index=0||length=1||classIndex=0||classLength=1]/member[Class=TabSet||index=0||length=1||classIndex=0||classLength=1]/tabPane[title=Liq.%20Standard%20Market%20Conditions||ID=tab_0||index=0]/member[Class=PortalLayout||index=0||length=1||classIndex=0||classLength=1]/column[Class=PortalColumn||index=0||length=2||classIndex=0||classLength=2]/rowLayout/R]]></target>
	<value><![CDATA[+340,-58]]></value>
</selenese>
<selenese>
	<command>waitForElementClickable</command>
	<target><![CDATA[scLocator=//Portlet[ID="liquidity_items_tab_0"]/item[0][Class="ListGrid"]/header/headerButton[fieldName=ITEM_GR_ID]/L]]></target>
	<value><![CDATA[]]></value>
</selenese>
<selenese>
	<command>dragAndDrop</command>
	<target><![CDATA[scLocator=//Portlet[ID="liquidity_items_tab_0"]/item[0][Class="ListGrid"]/header/headerButton[fieldName=ITEM_GR_ID]/L]]></target>
	<value><![CDATA[-74,-6]]></value>
</selenese>
<selenese>
	<command>waitForElementClickable</command>
	<target><![CDATA[scLocator=//Portlet[ID="liquidity_items_tab_0"]/item[0][Class="ListGrid"]/headerMenuButton/]]></target>
	<value><![CDATA[]]></value>
</selenese>
<selenese>
	<command>click</command>
	<target><![CDATA[scLocator=//Portlet[ID="liquidity_items_tab_0"]/item[0][Class="ListGrid"]/headerMenuButton/]]></target>
	<value><![CDATA[]]></value>
</selenese>
<selenese>
	<command>waitForElementClickable</command>
	<target><![CDATA[scLocator=//Portlet[ID="liquidity_items_tab_0"]/item[0][Class="ListGrid"]/headerContextMenu[Class=Menu||index=0||length=1||classIndex=0||classLength=1||roleIndex=0||roleLength=1||scRole=menu]/body/row[title=Group%20by%20Item%20group%20ID||9]/col[fieldName=title||1]]]></target>
	<value><![CDATA[]]></value>
</selenese>
<selenese>
	<command>click</command>
	<target><![CDATA[scLocator=//Portlet[ID="liquidity_items_tab_0"]/item[0][Class="ListGrid"]/headerContextMenu[Class=Menu||index=0||length=1||classIndex=0||classLength=1||roleIndex=0||roleLength=1||scRole=menu]/body/row[title=Group%20by%20Item%20group%20ID||9]/col[fieldName=title||1]]]></target>
	<value><![CDATA[]]></value>
</selenese>
</TestCase>