<?xml version="1.0" encoding="UTF-8"?>
<TestCase seleniumIDEVersion="2.9.1" baseURL="https://10.0.10.230:10044/LiqPortalWEB/index.html">
<selenese>
	<command>echo</command>
	<target><![CDATA[]]></target>
	<value><![CDATA[RU07-NUC01-T03.rctest]]></value>
</selenese>
<selenese>
	<command>open</command>
	<target><![CDATA[/LiqPortalWEB/]]></target>
	<value><![CDATA[Liquidity Portal - Data Stage - EOD margins stg. - Grouping]]></value>
</selenese>
<selenese>
	<command>type</command>
	<target><![CDATA[id=Username]]></target>
	<value><![CDATA[mpetracc]]></value>
</selenese>
<selenese>
	<command>type</command>
	<target><![CDATA[id=Password]]></target>
	<value><![CDATA[.mpetrac00]]></value>
</selenese>
<selenese>
	<command>clickAndWait</command>
	<target><![CDATA[id=submitLabel]]></target>
	<value><![CDATA[]]></value>
</selenese>
<selenese>
	<command>waitForElementClickable</command>
	<target><![CDATA[scLocator=//Menu[level=1]/body/row[4]/col[fieldName=title||0]]]></target>
	<value><![CDATA[]]></value>
</selenese>
<selenese>
	<command>click</command>
	<target><![CDATA[scLocator=//Menu[level=1]/body/row[4]/col[fieldName=title||0]]]></target>
	<value><![CDATA[]]></value>
</selenese>
<selenese>
	<command>waitForElementClickable</command>
	<target><![CDATA[scLocator=//Portlet[ID="datastaging_eodmarg_tab_0"]/]]></target>
	<value><![CDATA[]]></value>
</selenese>
<selenese>
	<command>click</command>
	<target><![CDATA[scLocator=//Portlet[ID="datastaging_eodmarg_tab_0"]/]]></target>
	<value><![CDATA[]]></value>
</selenese>
<selenese>
	<command>waitForElementClickable</command>
	<target><![CDATA[scLocator=//Portlet[ID="datastaging_eodmarg_tab_0"]/item[0][Class="ListGrid"]/filterEditor/editRowForm/item[title=Calc.%20date||index=0||Class=MiniDateRangeItem]/[icon="showDateRange"]]]></target>
	<value><![CDATA[]]></value>
</selenese>
<selenese>
	<command>click</command>
	<target><![CDATA[scLocator=//Portlet[ID="datastaging_eodmarg_tab_0"]/item[0][Class="ListGrid"]/filterEditor/editRowForm/item[title=Calc.%20date||index=0||Class=MiniDateRangeItem]/[icon="showDateRange"]]]></target>
	<value><![CDATA[]]></value>
</selenese>
<selenese>
	<command>waitForElementClickable</command>
	<target><![CDATA[scLocator=//Portlet[ID="datastaging_eodmarg_tab_0"]/item[0][Class="ListGrid"]/filterEditor/editRowForm/item[title=Calc.%20date||index=0||Class=MiniDateRangeItem]/rangeDialog/rangeForm/item[name=CALC_DT||title=CALC_DT||index=0||Class=DateRangeItem]/dateRangeForm/item[name=fromField||title=From||index=0||Class=RelativeDateItem]/editor/item[name=iconPlaceholder||title=iconPlaceholder||index=2||Class=StaticTextItem]/[icon="chooserIcon"]]]></target>
	<value><![CDATA[]]></value>
</selenese>
<selenese>
	<command>click</command>
	<target><![CDATA[scLocator=//Portlet[ID="datastaging_eodmarg_tab_0"]/item[0][Class="ListGrid"]/filterEditor/editRowForm/item[title=Calc.%20date||index=0||Class=MiniDateRangeItem]/rangeDialog/rangeForm/item[name=CALC_DT||title=CALC_DT||index=0||Class=DateRangeItem]/dateRangeForm/item[name=fromField||title=From||index=0||Class=RelativeDateItem]/editor/item[name=iconPlaceholder||title=iconPlaceholder||index=2||Class=StaticTextItem]/[icon="chooserIcon"]]]></target>
	<value><![CDATA[]]></value>
</selenese>
<selenese>
	<command>waitForElementClickable</command>
	<target><![CDATA[scLocator=//autoID[Class=DateChooser||index=30||length=33||classIndex=0||classLength=1]/previousYearButton/]]></target>
	<value><![CDATA[]]></value>
</selenese>
<selenese>
	<command>click</command>
	<target><![CDATA[scLocator=//autoID[Class=DateChooser||index=30||length=33||classIndex=0||classLength=1]/previousYearButton/]]></target>
	<value><![CDATA[]]></value>
</selenese>
<selenese>
	<command>waitForElementClickable</command>
	<target><![CDATA[scLocator=//Portlet[ID="datastaging_eodmarg_tab_0"]/item[0][Class="ListGrid"]/filterEditor/editRowForm/item[title=Ref.%20date||value=[object Object]||index=0||Class=MiniDateRangeItem]/[icon="showDateRange"]]]></target>
	<value><![CDATA[]]></value>
</selenese>
<selenese>
	<command>click</command>
	<target><![CDATA[scLocator=//Portlet[ID="datastaging_eodmarg_tab_0"]/item[0][Class="ListGrid"]/filterEditor/editRowForm/item[title=Ref.%20date||value=[object Object]||index=0||Class=MiniDateRangeItem]/[icon="showDateRange"]]]></target>
	<value><![CDATA[]]></value>
</selenese>
<selenese>
	<command>waitForElementClickable</command>
	<target><![CDATA[scLocator=//Portlet[ID="datastaging_eodmarg_tab_0"]/item[0][Class="ListGrid"]/filterEditor/editRowForm/item[title=Ref.%20date||value=[object Object]||index=0||Class=MiniDateRangeItem]/rangeDialog/okButton/]]></target>
	<value><![CDATA[]]></value>
</selenese>
<selenese>
	<command>click</command>
	<target><![CDATA[scLocator=//Portlet[ID="datastaging_eodmarg_tab_0"]/item[0][Class="ListGrid"]/filterEditor/editRowForm/item[title=Ref.%20date||value=[object Object]||index=0||Class=MiniDateRangeItem]/rangeDialog/okButton/]]></target>
	<value><![CDATA[]]></value>
</selenese>
<selenese>
	<command>waitForElementClickable</command>
	<target><![CDATA[scLocator=//Portlet[ID="datastaging_eodmarg_tab_0"]/item[0][Class="ListGrid"]/filterEditor/editRowForm/item[title=Ref.%20date||value=[object Object]||index=0||Class=MiniDateRangeItem]/[icon="showDateRange"]]]></target>
	<value><![CDATA[]]></value>
</selenese>
<selenese>
	<command>click</command>
	<target><![CDATA[scLocator=//Portlet[ID="datastaging_eodmarg_tab_0"]/item[0][Class="ListGrid"]/filterEditor/editRowForm/item[title=Ref.%20date||value=[object Object]||index=0||Class=MiniDateRangeItem]/[icon="showDateRange"]]]></target>
	<value><![CDATA[]]></value>
</selenese>
<selenese>
	<command>waitForElementClickable</command>
	<target><![CDATA[scLocator=//Portlet[ID="datastaging_eodmarg_tab_0"]/item[0][Class="ListGrid"]/filterEditor/editRowForm/item[title=Ref.%20date||value=[object Object]||index=0||Class=MiniDateRangeItem]/rangeDialog/rangeForm/item[name=CALC_DT||title=CALC_DT||value=[object Object]||index=0||Class=DateRangeItem]/dateRangeForm/item[name=toField||title=To||index=1||Class=RelativeDateItem]/editor/item[name=valueField||title=valueField||index=0||Class=ComboBoxItem]/[icon="picker"]]]></target>
	<value><![CDATA[]]></value>
</selenese>
<selenese>
	<command>click</command>
	<target><![CDATA[scLocator=//Portlet[ID="datastaging_eodmarg_tab_0"]/item[0][Class="ListGrid"]/filterEditor/editRowForm/item[title=Ref.%20date||value=[object Object]||index=0||Class=MiniDateRangeItem]/rangeDialog/rangeForm/item[name=CALC_DT||title=CALC_DT||value=[object Object]||index=0||Class=DateRangeItem]/dateRangeForm/item[name=toField||title=To||index=1||Class=RelativeDateItem]/editor/item[name=valueField||title=valueField||index=0||Class=ComboBoxItem]/[icon="picker"]]]></target>
	<value><![CDATA[]]></value>
</selenese>
<selenese>
	<command>waitForElementClickable</command>
	<target><![CDATA[scLocator=//Portlet[ID="datastaging_eodmarg_tab_0"]/item[0][Class="ListGrid"]/filterEditor/editRowForm/item[title=Ref.%20date||value=[object Object]||index=0||Class=MiniDateRangeItem]/rangeDialog/rangeForm/item[name=CALC_DT||title=CALC_DT||value=[object Object]||index=0||Class=DateRangeItem]/dateRangeForm/item[name=toField||title=To||index=1||Class=RelativeDateItem]/editor/item[name=valueField||title=valueField||index=0||Class=ComboBoxItem]/pickList/body/row[valueField=%24today||0]/col[fieldName=valueField||0]]]></target>
	<value><![CDATA[]]></value>
</selenese>
<selenese>
	<command>click</command>
	<target><![CDATA[scLocator=//Portlet[ID="datastaging_eodmarg_tab_0"]/item[0][Class="ListGrid"]/filterEditor/editRowForm/item[title=Ref.%20date||value=[object Object]||index=0||Class=MiniDateRangeItem]/rangeDialog/rangeForm/item[name=CALC_DT||title=CALC_DT||value=[object Object]||index=0||Class=DateRangeItem]/dateRangeForm/item[name=toField||title=To||index=1||Class=RelativeDateItem]/editor/item[name=valueField||title=valueField||index=0||Class=ComboBoxItem]/pickList/body/row[valueField=%24today||0]/col[fieldName=valueField||0]]]></target>
	<value><![CDATA[]]></value>
</selenese>
<selenese>
	<command>waitForElementClickable</command>
	<target><![CDATA[scLocator=//Portlet[ID="datastaging_eodmarg_tab_0"]/item[0][Class="ListGrid"]/filterEditor/editRowForm/item[title=Ref.%20date||value=[object Object]||index=0||Class=MiniDateRangeItem]/rangeDialog/okButton/]]></target>
	<value><![CDATA[]]></value>
</selenese>
<selenese>
	<command>click</command>
	<target><![CDATA[scLocator=//Portlet[ID="datastaging_eodmarg_tab_0"]/item[0][Class="ListGrid"]/filterEditor/editRowForm/item[title=Ref.%20date||value=[object Object]||index=0||Class=MiniDateRangeItem]/rangeDialog/okButton/]]></target>
	<value><![CDATA[]]></value>
</selenese>
<selenese>
	<command>waitForElementClickable</command>
	<target><![CDATA[scLocator=//Portlet[ID="datastaging_eodmarg_tab_0"]/item[0][Class="ListGrid"]/filterEditor/editRowForm/item[title=Ref.%20date||value=[object Object]||index=0||Class=MiniDateRangeItem]/[icon="showDateRange"]]]></target>
	<value><![CDATA[]]></value>
</selenese>
<selenese>
	<command>sendKeys</command>
	<target><![CDATA[scLocator=//Portlet[ID="datastaging_eodmarg_tab_0"]/item[0][Class="ListGrid"]/filterEditor/editRowForm/item[title=Ref.%20date||value=[object Object]||index=0||Class=MiniDateRangeItem]/[icon="showDateRange"]]]></target>
	<value><![CDATA[${KEY_ENTER}]]></value>
</selenese>
<selenese>
	<command>waitForElementClickable</command>
	<target><![CDATA[scLocator=//Portlet[ID="datastaging_eodmarg_tab_0"]/item[0][Class="ListGrid"]/filterEditor/editRowForm/item[title=Ref.%20date||value=[object Object]||index=0||Class=MiniDateRangeItem]/rangeDialog/closeButton/]]></target>
	<value><![CDATA[]]></value>
</selenese>
<selenese>
	<command>click</command>
	<target><![CDATA[scLocator=//Portlet[ID="datastaging_eodmarg_tab_0"]/item[0][Class="ListGrid"]/filterEditor/editRowForm/item[title=Ref.%20date||value=[object Object]||index=0||Class=MiniDateRangeItem]/rangeDialog/closeButton/]]></target>
	<value><![CDATA[]]></value>
</selenese>
<selenese>
	<command>waitForElementClickable</command>
	<target><![CDATA[scLocator=//Portlet[ID="datastaging_eodmarg_tab_0"]/item[0][Class="ListGrid"]/headerMenuButton/icon]]></target>
	<value><![CDATA[]]></value>
</selenese>
<selenese>
	<command>click</command>
	<target><![CDATA[scLocator=//Portlet[ID="datastaging_eodmarg_tab_0"]/item[0][Class="ListGrid"]/headerMenuButton/icon]]></target>
	<value><![CDATA[]]></value>
</selenese>
<selenese>
	<command>waitForElementClickable</command>
	<target><![CDATA[scLocator=//Portlet[ID="datastaging_eodmarg_tab_0"]/item[0][Class="ListGrid"]/filterEditor/editRowForm/item[name=CM_CS_ID||title=Clearing%20member%20ID||index=1||Class=TextItem]/element]]></target>
	<value><![CDATA[]]></value>
</selenese>
<selenese>
	<command>click</command>
	<target><![CDATA[scLocator=//Portlet[ID="datastaging_eodmarg_tab_0"]/item[0][Class="ListGrid"]/filterEditor/editRowForm/item[name=CM_CS_ID||title=Clearing%20member%20ID||index=1||Class=TextItem]/element]]></target>
	<value><![CDATA[]]></value>
</selenese>
<selenese>
	<command>waitForElementReadyForKeyPresses</command>
	<target><![CDATA[scLocator=//Portlet[ID="datastaging_eodmarg_tab_0"]/item[0][Class="ListGrid"]/filterEditor/editRowForm/item[name=CM_CS_ID||title=Clearing%20member%20ID||value=%3E1000||index=1||Class=TextItem]/element]]></target>
	<value><![CDATA[]]></value>
</selenese>
<selenese>
	<command>sendKeys</command>
	<target><![CDATA[scLocator=//Portlet[ID="datastaging_eodmarg_tab_0"]/item[0][Class="ListGrid"]/filterEditor/editRowForm/item[name=CM_CS_ID||title=Clearing%20member%20ID||value=%3E1000||index=1||Class=TextItem]/element]]></target>
	<value><![CDATA[${KEY_ENTER}]]></value>
</selenese>
<selenese>
	<command>waitForElementClickable</command>
	<target><![CDATA[scLocator=//Portlet[ID="datastaging_eodmarg_tab_0"]/item[0][Class="ListGrid"]/filterEditor/editRowForm/item[name=CM_CS_ID||title=Clearing%20member%20ID||value=%3E1000||index=1||Class=TextItem]/element]]></target>
	<value><![CDATA[]]></value>
</selenese>
<selenese>
	<command>type</command>
	<target><![CDATA[scLocator=//Portlet[ID="datastaging_eodmarg_tab_0"]/item[0][Class="ListGrid"]/filterEditor/editRowForm/item[name=CM_CS_ID||title=Clearing%20member%20ID||value=%3E1000||index=1||Class=TextItem]/element]]></target>
	<value><![CDATA[>1000]]></value>
</selenese>
<selenese>
	<command>waitForElementClickable</command>
	<target><![CDATA[scLocator=//Portlet[ID="datastaging_eodmarg_tab_0"]/item[0][Class="ListGrid"]/filterEditor/editRowForm/item[name=CM_CS_ID||title=Clearing%20member%20ID||value=%3E1000||index=1||Class=TextItem]/element]]></target>
	<value><![CDATA[]]></value>
</selenese>
<selenese>
	<command>click</command>
	<target><![CDATA[scLocator=//Portlet[ID="datastaging_eodmarg_tab_0"]/item[0][Class="ListGrid"]/filterEditor/editRowForm/item[name=CM_CS_ID||title=Clearing%20member%20ID||value=%3E1000||index=1||Class=TextItem]/element]]></target>
	<value><![CDATA[]]></value>
</selenese>
<selenese>
	<command>waitForElementReadyForKeyPresses</command>
	<target><![CDATA[scLocator=//Portlet[ID="datastaging_eodmarg_tab_0"]/item[0][Class="ListGrid"]/filterEditor/editRowForm/item[name=CM_CS_ID||title=Clearing%20member%20ID||value=%3C1000||index=1||Class=TextItem]/element]]></target>
	<value><![CDATA[]]></value>
</selenese>
<selenese>
	<command>sendKeys</command>
	<target><![CDATA[scLocator=//Portlet[ID="datastaging_eodmarg_tab_0"]/item[0][Class="ListGrid"]/filterEditor/editRowForm/item[name=CM_CS_ID||title=Clearing%20member%20ID||value=%3C1000||index=1||Class=TextItem]/element]]></target>
	<value><![CDATA[${KEY_ENTER}]]></value>
</selenese>
<selenese>
	<command>waitForElementClickable</command>
	<target><![CDATA[scLocator=//Portlet[ID="datastaging_eodmarg_tab_0"]/item[0][Class="ListGrid"]/filterEditor/editRowForm/item[name=CM_CS_ID||title=Clearing%20member%20ID||value=%3C1000||index=1||Class=TextItem]/element]]></target>
	<value><![CDATA[]]></value>
</selenese>
<selenese>
	<command>type</command>
	<target><![CDATA[scLocator=//Portlet[ID="datastaging_eodmarg_tab_0"]/item[0][Class="ListGrid"]/filterEditor/editRowForm/item[name=CM_CS_ID||title=Clearing%20member%20ID||value=%3C1000||index=1||Class=TextItem]/element]]></target>
	<value><![CDATA[<1000]]></value>
</selenese>
<selenese>
	<command>waitForElementClickable</command>
	<target><![CDATA[scLocator=//Portlet[ID="datastaging_eodmarg_tab_0"]/item[0][Class="ListGrid"]/filterEditor/editRowForm/item[name=CM_CS_ID||title=Clearing%20member%20ID||index=1||Class=TextItem]/element]]></target>
	<value><![CDATA[]]></value>
</selenese>
<selenese>
	<command>type</command>
	<target><![CDATA[scLocator=//Portlet[ID="datastaging_eodmarg_tab_0"]/item[0][Class="ListGrid"]/filterEditor/editRowForm/item[name=CM_CS_ID||title=Clearing%20member%20ID||index=1||Class=TextItem]/element]]></target>
	<value><![CDATA[]]></value>
</selenese>
<selenese>
	<command>waitForElementReadyForKeyPresses</command>
	<target><![CDATA[scLocator=//Portlet[ID="datastaging_eodmarg_tab_0"]/item[0][Class="ListGrid"]/filterEditor/editRowForm/item[name=CM_CS_ID||title=Clearing%20member%20ID||index=1||Class=TextItem]/element]]></target>
	<value><![CDATA[]]></value>
</selenese>
<selenese>
	<command>sendKeys</command>
	<target><![CDATA[scLocator=//Portlet[ID="datastaging_eodmarg_tab_0"]/item[0][Class="ListGrid"]/filterEditor/editRowForm/item[name=CM_CS_ID||title=Clearing%20member%20ID||index=1||Class=TextItem]/element]]></target>
	<value><![CDATA[${KEY_TAB}]]></value>
</selenese>
<selenese>
	<command>blur</command>
	<target><![CDATA[scLocator=//Portlet[ID="datastaging_eodmarg_tab_0"]/item[0][Class="ListGrid"]/filterEditor/editRowForm/item[name=CM_CS_ID||title=Clearing%20member%20ID||index=1||Class=TextItem]/element]]></target>
	<value><![CDATA[]]></value>
</selenese>
<selenese>
	<command>waitForElementClickable</command>
	<target><![CDATA[scLocator=//Portlet[ID="datastaging_eodmarg_tab_0"]/item[0][Class="ListGrid"]/filterEditor/editRowForm/item[name=LEGAL_NAME||title=Clearing%20Member||index=2||Class=TextItem]/element]]></target>
	<value><![CDATA[]]></value>
</selenese>
<selenese>
	<command>focus</command>
	<target><![CDATA[scLocator=//Portlet[ID="datastaging_eodmarg_tab_0"]/item[0][Class="ListGrid"]/filterEditor/editRowForm/item[name=LEGAL_NAME||title=Clearing%20Member||index=2||Class=TextItem]/element]]></target>
	<value><![CDATA[true]]></value>
</selenese>
<selenese>
	<command>waitForElementClickable</command>
	<target><![CDATA[scLocator=//Portlet[ID="datastaging_eodmarg_tab_0"]/item[0][Class="ListGrid"]/filterEditor/editRowForm/item[name=LEGAL_NAME||title=Clearing%20Member||index=2||Class=TextItem]/element]]></target>
	<value><![CDATA[]]></value>
</selenese>
<selenese>
	<command>click</command>
	<target><![CDATA[scLocator=//Portlet[ID="datastaging_eodmarg_tab_0"]/item[0][Class="ListGrid"]/filterEditor/editRowForm/item[name=LEGAL_NAME||title=Clearing%20Member||index=2||Class=TextItem]/element]]></target>
	<value><![CDATA[]]></value>
</selenese>
<selenese>
	<command>waitForElementReadyForKeyPresses</command>
	<target><![CDATA[scLocator=//Portlet[ID="datastaging_eodmarg_tab_0"]/item[0][Class="ListGrid"]/filterEditor/editRowForm/item[name=LEGAL_NAME||title=Clearing%20Member||value=BO||index=2||Class=TextItem]/element]]></target>
	<value><![CDATA[]]></value>
</selenese>
<selenese>
	<command>sendKeys</command>
	<target><![CDATA[scLocator=//Portlet[ID="datastaging_eodmarg_tab_0"]/item[0][Class="ListGrid"]/filterEditor/editRowForm/item[name=LEGAL_NAME||title=Clearing%20Member||value=BO||index=2||Class=TextItem]/element]]></target>
	<value><![CDATA[${KEY_ENTER}]]></value>
</selenese>
<selenese>
	<command>waitForElementClickable</command>
	<target><![CDATA[scLocator=//Portlet[ID="datastaging_eodmarg_tab_0"]/item[0][Class="ListGrid"]/filterEditor/editRowForm/item[name=LEGAL_NAME||title=Clearing%20Member||value=BO||index=2||Class=TextItem]/element]]></target>
	<value><![CDATA[]]></value>
</selenese>
<selenese>
	<command>type</command>
	<target><![CDATA[scLocator=//Portlet[ID="datastaging_eodmarg_tab_0"]/item[0][Class="ListGrid"]/filterEditor/editRowForm/item[name=LEGAL_NAME||title=Clearing%20Member||value=BO||index=2||Class=TextItem]/element]]></target>
	<value><![CDATA[BO]]></value>
</selenese>
<selenese>
	<command>waitForElementClickable</command>
	<target><![CDATA[scLocator=//Portlet[ID="datastaging_eodmarg_tab_0"]/item[0][Class="ListGrid"]/filterEditor/editRowForm/item[name=LEGAL_NAME||title=Clearing%20Member||value=BO||index=2||Class=TextItem]/element]]></target>
	<value><![CDATA[]]></value>
</selenese>
<selenese>
	<command>click</command>
	<target><![CDATA[scLocator=//Portlet[ID="datastaging_eodmarg_tab_0"]/item[0][Class="ListGrid"]/filterEditor/editRowForm/item[name=LEGAL_NAME||title=Clearing%20Member||value=BO||index=2||Class=TextItem]/element]]></target>
	<value><![CDATA[]]></value>
</selenese>
<selenese>
	<command>waitForElementReadyForKeyPresses</command>
	<target><![CDATA[scLocator=//Portlet[ID="datastaging_eodmarg_tab_0"]/item[0][Class="ListGrid"]/filterEditor/editRowForm/item[name=LEGAL_NAME||title=Clearing%20Member||value=BORSA||index=2||Class=TextItem]/element]]></target>
	<value><![CDATA[]]></value>
</selenese>
<selenese>
	<command>sendKeys</command>
	<target><![CDATA[scLocator=//Portlet[ID="datastaging_eodmarg_tab_0"]/item[0][Class="ListGrid"]/filterEditor/editRowForm/item[name=LEGAL_NAME||title=Clearing%20Member||value=BORSA||index=2||Class=TextItem]/element]]></target>
	<value><![CDATA[${KEY_ENTER}]]></value>
</selenese>
<selenese>
	<command>waitForElementClickable</command>
	<target><![CDATA[scLocator=//Portlet[ID="datastaging_eodmarg_tab_0"]/item[0][Class="ListGrid"]/filterEditor/editRowForm/item[name=LEGAL_NAME||title=Clearing%20Member||value=BORSA||index=2||Class=TextItem]/element]]></target>
	<value><![CDATA[]]></value>
</selenese>
<selenese>
	<command>type</command>
	<target><![CDATA[scLocator=//Portlet[ID="datastaging_eodmarg_tab_0"]/item[0][Class="ListGrid"]/filterEditor/editRowForm/item[name=LEGAL_NAME||title=Clearing%20Member||value=BORSA||index=2||Class=TextItem]/element]]></target>
	<value><![CDATA[BORSA]]></value>
</selenese>
<selenese>
	<command>waitForElementClickable</command>
	<target><![CDATA[scLocator=//Portlet[ID="datastaging_eodmarg_tab_0"]/item[0][Class="ListGrid"]/filterEditor/editRowForm/item[name=LEGAL_NAME||title=Clearing%20Member||value=BORSA||index=2||Class=TextItem]/element]]></target>
	<value><![CDATA[]]></value>
</selenese>
<selenese>
	<command>click</command>
	<target><![CDATA[scLocator=//Portlet[ID="datastaging_eodmarg_tab_0"]/item[0][Class="ListGrid"]/filterEditor/editRowForm/item[name=LEGAL_NAME||title=Clearing%20Member||value=BORSA||index=2||Class=TextItem]/element]]></target>
	<value><![CDATA[]]></value>
</selenese>
<selenese>
	<command>waitForElementReadyForKeyPresses</command>
	<target><![CDATA[scLocator=//Portlet[ID="datastaging_eodmarg_tab_0"]/item[0][Class="ListGrid"]/filterEditor/editRowForm/item[name=LEGAL_NAME||title=Clearing%20Member||value=BORSA||index=2||Class=TextItem]/element]]></target>
	<value><![CDATA[]]></value>
</selenese>
<selenese>
	<command>sendKeys</command>
	<target><![CDATA[scLocator=//Portlet[ID="datastaging_eodmarg_tab_0"]/item[0][Class="ListGrid"]/filterEditor/editRowForm/item[name=LEGAL_NAME||title=Clearing%20Member||value=BORSA||index=2||Class=TextItem]/element]]></target>
	<value><![CDATA[${KEY_ENTER}]]></value>
</selenese>
<selenese>
	<command>waitForElementClickable</command>
	<target><![CDATA[scLocator=//Portlet[ID="datastaging_eodmarg_tab_0"]/item[0][Class="ListGrid"]/filterEditor/editRowForm/item[name=LEGAL_NAME||title=Clearing%20Member||index=2||Class=TextItem]/element]]></target>
	<value><![CDATA[]]></value>
</selenese>
<selenese>
	<command>type</command>
	<target><![CDATA[scLocator=//Portlet[ID="datastaging_eodmarg_tab_0"]/item[0][Class="ListGrid"]/filterEditor/editRowForm/item[name=LEGAL_NAME||title=Clearing%20Member||index=2||Class=TextItem]/element]]></target>
	<value><![CDATA[]]></value>
</selenese>
<selenese>
	<command>waitForElementClickable</command>
	<target><![CDATA[scLocator=//Portlet[ID="datastaging_eodmarg_tab_0"]/item[0][Class="ListGrid"]/filterEditor/editRowForm/item[name=ACC_TYPE||title=Account||index=3||Class=SelectItem]/[icon="picker"]]]></target>
	<value><![CDATA[]]></value>
</selenese>
<selenese>
	<command>click</command>
	<target><![CDATA[scLocator=//Portlet[ID="datastaging_eodmarg_tab_0"]/item[0][Class="ListGrid"]/filterEditor/editRowForm/item[name=ACC_TYPE||title=Account||index=3||Class=SelectItem]/[icon="picker"]]]></target>
	<value><![CDATA[]]></value>
</selenese>
<selenese>
	<command>waitForElementClickable</command>
	<target><![CDATA[scLocator=//Portlet[ID="datastaging_eodmarg_tab_0"]/item[0][Class="ListGrid"]/filterEditor/editRowForm/item[name=ACC_TYPE||title=Account||index=3||Class=SelectItem]/pickList/body/row[ACC_TYPE=F||1]/col[fieldName=ACC_TYPE||0]]]></target>
	<value><![CDATA[]]></value>
</selenese>
<selenese>
	<command>click</command>
	<target><![CDATA[scLocator=//Portlet[ID="datastaging_eodmarg_tab_0"]/item[0][Class="ListGrid"]/filterEditor/editRowForm/item[name=ACC_TYPE||title=Account||index=3||Class=SelectItem]/pickList/body/row[ACC_TYPE=F||1]/col[fieldName=ACC_TYPE||0]]]></target>
	<value><![CDATA[]]></value>
</selenese>
<selenese>
	<command>waitForElementClickable</command>
	<target><![CDATA[scLocator=//Portlet[ID="datastaging_eodmarg_tab_0"]/item[0][Class="ListGrid"]/filterEditor/actionButton/icon]]></target>
	<value><![CDATA[]]></value>
</selenese>
<selenese>
	<command>click</command>
	<target><![CDATA[scLocator=//Portlet[ID="datastaging_eodmarg_tab_0"]/item[0][Class="ListGrid"]/filterEditor/actionButton/icon]]></target>
	<value><![CDATA[]]></value>
</selenese>
<selenese>
	<command>waitForElementClickable</command>
	<target><![CDATA[scLocator=//Portlet[ID="datastaging_eodmarg_tab_0"]/item[0][Class="ListGrid"]/filterEditor/editRowForm/item[name=ACC_TYPE||title=Account||value=F||index=3||Class=SelectItem]/[icon="picker"]]]></target>
	<value><![CDATA[]]></value>
</selenese>
<selenese>
	<command>click</command>
	<target><![CDATA[scLocator=//Portlet[ID="datastaging_eodmarg_tab_0"]/item[0][Class="ListGrid"]/filterEditor/editRowForm/item[name=ACC_TYPE||title=Account||value=F||index=3||Class=SelectItem]/[icon="picker"]]]></target>
	<value><![CDATA[]]></value>
</selenese>
<selenese>
	<command>waitForElementClickable</command>
	<target><![CDATA[scLocator=//Portlet[ID="datastaging_eodmarg_tab_0"]/item[0][Class="ListGrid"]/filterEditor/editRowForm/item[name=ACC_TYPE||title=Account||value=F||index=3||Class=SelectItem]/pickList/body/row[ACC_TYPE=C||2]/col[fieldName=ACC_TYPE||0]]]></target>
	<value><![CDATA[]]></value>
</selenese>
<selenese>
	<command>click</command>
	<target><![CDATA[scLocator=//Portlet[ID="datastaging_eodmarg_tab_0"]/item[0][Class="ListGrid"]/filterEditor/editRowForm/item[name=ACC_TYPE||title=Account||value=F||index=3||Class=SelectItem]/pickList/body/row[ACC_TYPE=C||2]/col[fieldName=ACC_TYPE||0]]]></target>
	<value><![CDATA[]]></value>
</selenese>
<selenese>
	<command>waitForElementClickable</command>
	<target><![CDATA[scLocator=//Portlet[ID="datastaging_eodmarg_tab_0"]/item[0][Class="ListGrid"]/filterEditor/editRowForm/item[name=ACC_TYPE||title=Account||value=C||index=3||Class=SelectItem]/textbox]]></target>
	<value><![CDATA[]]></value>
</selenese>
<selenese>
	<command>sendKeys</command>
	<target><![CDATA[scLocator=//Portlet[ID="datastaging_eodmarg_tab_0"]/item[0][Class="ListGrid"]/filterEditor/editRowForm/item[name=ACC_TYPE||title=Account||value=C||index=3||Class=SelectItem]/textbox]]></target>
	<value><![CDATA[${KEY_ENTER}]]></value>
</selenese>
<selenese>
	<command>waitForElementClickable</command>
	<target><![CDATA[scLocator=//Portlet[ID="datastaging_eodmarg_tab_0"]/item[0][Class="ListGrid"]/filterEditor/editRowForm/item[name=ACC_TYPE||title=Account||value=C||index=3||Class=SelectItem]/[icon="picker"]]]></target>
	<value><![CDATA[]]></value>
</selenese>
<selenese>
	<command>click</command>
	<target><![CDATA[scLocator=//Portlet[ID="datastaging_eodmarg_tab_0"]/item[0][Class="ListGrid"]/filterEditor/editRowForm/item[name=ACC_TYPE||title=Account||value=C||index=3||Class=SelectItem]/[icon="picker"]]]></target>
	<value><![CDATA[]]></value>
</selenese>
<selenese>
	<command>waitForElementClickable</command>
	<target><![CDATA[scLocator=//Portlet[ID="datastaging_eodmarg_tab_0"]/item[0][Class="ListGrid"]/filterEditor/editRowForm/item[name=ACC_TYPE||title=Account||value=C||index=3||Class=SelectItem]/pickList/body/row[0]/col[fieldName=ACC_TYPE||0]]]></target>
	<value><![CDATA[]]></value>
</selenese>
<selenese>
	<command>click</command>
	<target><![CDATA[scLocator=//Portlet[ID="datastaging_eodmarg_tab_0"]/item[0][Class="ListGrid"]/filterEditor/editRowForm/item[name=ACC_TYPE||title=Account||value=C||index=3||Class=SelectItem]/pickList/body/row[0]/col[fieldName=ACC_TYPE||0]]]></target>
	<value><![CDATA[]]></value>
</selenese>
<selenese>
	<command>waitForElementClickable</command>
	<target><![CDATA[scLocator=//Portlet[ID="datastaging_eodmarg_tab_0"]/item[0][Class="ListGrid"]/filterEditor/actionButton/icon]]></target>
	<value><![CDATA[]]></value>
</selenese>
<selenese>
	<command>click</command>
	<target><![CDATA[scLocator=//Portlet[ID="datastaging_eodmarg_tab_0"]/item[0][Class="ListGrid"]/filterEditor/actionButton/icon]]></target>
	<value><![CDATA[]]></value>
</selenese>
<selenese>
	<command>waitForElementClickable</command>
	<target><![CDATA[scLocator=//ScreenSpan[ID="isc_EH_screenSpan"]/]]></target>
	<value><![CDATA[]]></value>
</selenese>
<selenese>
	<command>secondClick</command>
	<target><![CDATA[scLocator=//ScreenSpan[ID="isc_EH_screenSpan"]/]]></target>
	<value><![CDATA[]]></value>
</selenese>
<selenese>
	<command>waitForElementClickable</command>
	<target><![CDATA[scLocator=//ScreenSpan[ID="isc_EH_screenSpan"]/]]></target>
	<value><![CDATA[]]></value>
</selenese>
<selenese>
	<command>click</command>
	<target><![CDATA[scLocator=//ScreenSpan[ID="isc_EH_screenSpan"]/]]></target>
	<value><![CDATA[]]></value>
</selenese>
<selenese>
	<command>waitForElementClickable</command>
	<target><![CDATA[scLocator=//Portlet[ID="datastaging_eodmarg_tab_0"]/item[0][Class="ListGrid"]/filterEditor/editRowForm/item[name=CASH_CALL||title=Cash%20call||index=4||Class=FloatItem]/element]]></target>
	<value><![CDATA[]]></value>
</selenese>
<selenese>
	<command>click</command>
	<target><![CDATA[scLocator=//Portlet[ID="datastaging_eodmarg_tab_0"]/item[0][Class="ListGrid"]/filterEditor/editRowForm/item[name=CASH_CALL||title=Cash%20call||index=4||Class=FloatItem]/element]]></target>
	<value><![CDATA[]]></value>
</selenese>
<selenese>
	<command>waitForElementClickable</command>
	<target><![CDATA[scLocator=//Portlet[ID="datastaging_eodmarg_tab_0"]/item[0][Class="ListGrid"]/filterEditor/editRowForm/item[name=CASH_CALL||title=Cash%20call||index=4||Class=FloatItem]/element]]></target>
	<value><![CDATA[]]></value>
</selenese>
<selenese>
	<command>click</command>
	<target><![CDATA[scLocator=//Portlet[ID="datastaging_eodmarg_tab_0"]/item[0][Class="ListGrid"]/filterEditor/editRowForm/item[name=CASH_CALL||title=Cash%20call||index=4||Class=FloatItem]/element]]></target>
	<value><![CDATA[]]></value>
</selenese>
<selenese>
	<command>waitForElementReadyForKeyPresses</command>
	<target><![CDATA[scLocator=//Portlet[ID="datastaging_eodmarg_tab_0"]/item[0][Class="ListGrid"]/filterEditor/editRowForm/item[name=CASH_CALL||title=Cash%20call||value=%3E-100||index=4||Class=FloatItem]/element]]></target>
	<value><![CDATA[]]></value>
</selenese>
<selenese>
	<command>sendKeys</command>
	<target><![CDATA[scLocator=//Portlet[ID="datastaging_eodmarg_tab_0"]/item[0][Class="ListGrid"]/filterEditor/editRowForm/item[name=CASH_CALL||title=Cash%20call||value=%3E-100||index=4||Class=FloatItem]/element]]></target>
	<value><![CDATA[${KEY_ENTER}]]></value>
</selenese>
<selenese>
	<command>waitForElementClickable</command>
	<target><![CDATA[scLocator=//Portlet[ID="datastaging_eodmarg_tab_0"]/item[0][Class="ListGrid"]/filterEditor/editRowForm/item[name=CASH_CALL||title=Cash%20call||value=%3E-100||index=4||Class=FloatItem]/element]]></target>
	<value><![CDATA[]]></value>
</selenese>
<selenese>
	<command>type</command>
	<target><![CDATA[scLocator=//Portlet[ID="datastaging_eodmarg_tab_0"]/item[0][Class="ListGrid"]/filterEditor/editRowForm/item[name=CASH_CALL||title=Cash%20call||value=%3E-100||index=4||Class=FloatItem]/element]]></target>
	<value><![CDATA[>-100]]></value>
</selenese>
<selenese>
	<command>waitForElementClickable</command>
	<target><![CDATA[scLocator=//Portlet[ID="datastaging_eodmarg_tab_0"]/item[0][Class="ListGrid"]/filterEditor/editRowForm/item[name=CASH_CALL||title=Cash%20call||value=%3E-100||index=4||Class=FloatItem]/element]]></target>
	<value><![CDATA[]]></value>
</selenese>
<selenese>
	<command>click</command>
	<target><![CDATA[scLocator=//Portlet[ID="datastaging_eodmarg_tab_0"]/item[0][Class="ListGrid"]/filterEditor/editRowForm/item[name=CASH_CALL||title=Cash%20call||value=%3E-100||index=4||Class=FloatItem]/element]]></target>
	<value><![CDATA[]]></value>
</selenese>
<selenese>
	<command>waitForElementReadyForKeyPresses</command>
	<target><![CDATA[scLocator=//Portlet[ID="datastaging_eodmarg_tab_0"]/item[0][Class="ListGrid"]/filterEditor/editRowForm/item[name=CASH_CALL||title=Cash%20call||value=%3E-100||index=4||Class=FloatItem]/element]]></target>
	<value><![CDATA[]]></value>
</selenese>
<selenese>
	<command>sendKeys</command>
	<target><![CDATA[scLocator=//Portlet[ID="datastaging_eodmarg_tab_0"]/item[0][Class="ListGrid"]/filterEditor/editRowForm/item[name=CASH_CALL||title=Cash%20call||value=%3E-100||index=4||Class=FloatItem]/element]]></target>
	<value><![CDATA[${KEY_LEFT}]]></value>
</selenese>
<selenese>
	<command>waitForElementReadyForKeyPresses</command>
	<target><![CDATA[scLocator=//Portlet[ID="datastaging_eodmarg_tab_0"]/item[0][Class="ListGrid"]/filterEditor/editRowForm/item[name=CASH_CALL||title=Cash%20call||value=-100||index=4||Class=FloatItem]/element]]></target>
	<value><![CDATA[]]></value>
</selenese>
<selenese>
	<command>sendKeys</command>
	<target><![CDATA[scLocator=//Portlet[ID="datastaging_eodmarg_tab_0"]/item[0][Class="ListGrid"]/filterEditor/editRowForm/item[name=CASH_CALL||title=Cash%20call||value=-100||index=4||Class=FloatItem]/element]]></target>
	<value><![CDATA[${KEY_RIGHT}]]></value>
</selenese>
<selenese>
	<command>waitForElementReadyForKeyPresses</command>
	<target><![CDATA[scLocator=//Portlet[ID="datastaging_eodmarg_tab_0"]/item[0][Class="ListGrid"]/filterEditor/editRowForm/item[name=CASH_CALL||title=Cash%20call||value=-0||index=4||Class=FloatItem]/element]]></target>
	<value><![CDATA[]]></value>
</selenese>
<selenese>
	<command>sendKeys</command>
	<target><![CDATA[scLocator=//Portlet[ID="datastaging_eodmarg_tab_0"]/item[0][Class="ListGrid"]/filterEditor/editRowForm/item[name=CASH_CALL||title=Cash%20call||value=-0||index=4||Class=FloatItem]/element]]></target>
	<value><![CDATA[${KEY_LEFT}]]></value>
</selenese>
<selenese>
	<command>waitForElementReadyForKeyPresses</command>
	<target><![CDATA[scLocator=//Portlet[ID="datastaging_eodmarg_tab_0"]/item[0][Class="ListGrid"]/filterEditor/editRowForm/item[name=CASH_CALL||title=Cash%20call||value=%3C0||index=4||Class=FloatItem]/element]]></target>
	<value><![CDATA[]]></value>
</selenese>
<selenese>
	<command>sendKeys</command>
	<target><![CDATA[scLocator=//Portlet[ID="datastaging_eodmarg_tab_0"]/item[0][Class="ListGrid"]/filterEditor/editRowForm/item[name=CASH_CALL||title=Cash%20call||value=%3C0||index=4||Class=FloatItem]/element]]></target>
	<value><![CDATA[${KEY_ENTER}]]></value>
</selenese>
<selenese>
	<command>waitForElementClickable</command>
	<target><![CDATA[scLocator=//Portlet[ID="datastaging_eodmarg_tab_0"]/item[0][Class="ListGrid"]/filterEditor/editRowForm/item[name=CASH_CALL||title=Cash%20call||value=%3C0||index=4||Class=FloatItem]/element]]></target>
	<value><![CDATA[]]></value>
</selenese>
<selenese>
	<command>type</command>
	<target><![CDATA[scLocator=//Portlet[ID="datastaging_eodmarg_tab_0"]/item[0][Class="ListGrid"]/filterEditor/editRowForm/item[name=CASH_CALL||title=Cash%20call||value=%3C0||index=4||Class=FloatItem]/element]]></target>
	<value><![CDATA[<0]]></value>
</selenese>
<selenese>
	<command>waitForElementClickable</command>
	<target><![CDATA[scLocator=//Portlet[ID="datastaging_eodmarg_tab_0"]/item[0][Class="ListGrid"]/headerMenuButton/icon]]></target>
	<value><![CDATA[]]></value>
</selenese>
<selenese>
	<command>click</command>
	<target><![CDATA[scLocator=//Portlet[ID="datastaging_eodmarg_tab_0"]/item[0][Class="ListGrid"]/headerMenuButton/icon]]></target>
	<value><![CDATA[]]></value>
</selenese>
<selenese>
	<command>waitForElementClickable</command>
	<target><![CDATA[scLocator=//Portlet[ID="datastaging_eodmarg_tab_0"]/item[0][Class="ListGrid"]/filterEditor/editRowForm/item[title=Ref.%20date||value=[object Object]||index=0||Class=MiniDateRangeItem]/[icon="showDateRange"]]]></target>
	<value><![CDATA[]]></value>
</selenese>
<selenese>
	<command>click</command>
	<target><![CDATA[scLocator=//Portlet[ID="datastaging_eodmarg_tab_0"]/item[0][Class="ListGrid"]/filterEditor/editRowForm/item[title=Ref.%20date||value=[object Object]||index=0||Class=MiniDateRangeItem]/[icon="showDateRange"]]]></target>
	<value><![CDATA[]]></value>
</selenese>
<selenese>
	<command>waitForElementClickable</command>
	<target><![CDATA[scLocator=//Portlet[ID="datastaging_eodmarg_tab_0"]/item[0][Class="ListGrid"]/filterEditor/editRowForm/item[title=Ref.%20date||value=[object Object]||index=0||Class=MiniDateRangeItem]/rangeDialog/rangeForm/item[name=CALC_DT||title=CALC_DT||value=[object Object]||index=0||Class=DateRangeItem]/dateRangeForm/item[name=fromField||title=From||index=0||Class=RelativeDateItem]/editor/item[name=valueField||title=valueField||index=0||Class=ComboBoxItem]/[icon="picker"]]]></target>
	<value><![CDATA[]]></value>
</selenese>
<selenese>
	<command>click</command>
	<target><![CDATA[scLocator=//Portlet[ID="datastaging_eodmarg_tab_0"]/item[0][Class="ListGrid"]/filterEditor/editRowForm/item[title=Ref.%20date||value=[object Object]||index=0||Class=MiniDateRangeItem]/rangeDialog/rangeForm/item[name=CALC_DT||title=CALC_DT||value=[object Object]||index=0||Class=DateRangeItem]/dateRangeForm/item[name=fromField||title=From||index=0||Class=RelativeDateItem]/editor/item[name=valueField||title=valueField||index=0||Class=ComboBoxItem]/[icon="picker"]]]></target>
	<value><![CDATA[]]></value>
</selenese>
<selenese>
	<command>waitForElementClickable</command>
	<target><![CDATA[scLocator=//Portlet[ID="datastaging_eodmarg_tab_0"]/item[0][Class="ListGrid"]/filterEditor/editRowForm/item[title=Ref.%20date||value=[object Object]||index=0||Class=MiniDateRangeItem]/rangeDialog/rangeForm/item[name=CALC_DT||title=CALC_DT||value=[object Object]||index=0||Class=DateRangeItem]/dateRangeForm/item[name=fromField||title=From||index=0||Class=RelativeDateItem]/editor/item[name=valueField||title=valueField||index=0||Class=ComboBoxItem]/pickList/body/row[valueField=%24yesterday||1]/col[fieldName=valueField||0]]]></target>
	<value><![CDATA[]]></value>
</selenese>
<selenese>
	<command>click</command>
	<target><![CDATA[scLocator=//Portlet[ID="datastaging_eodmarg_tab_0"]/item[0][Class="ListGrid"]/filterEditor/editRowForm/item[title=Ref.%20date||value=[object Object]||index=0||Class=MiniDateRangeItem]/rangeDialog/rangeForm/item[name=CALC_DT||title=CALC_DT||value=[object Object]||index=0||Class=DateRangeItem]/dateRangeForm/item[name=fromField||title=From||index=0||Class=RelativeDateItem]/editor/item[name=valueField||title=valueField||index=0||Class=ComboBoxItem]/pickList/body/row[valueField=%24yesterday||1]/col[fieldName=valueField||0]]]></target>
	<value><![CDATA[]]></value>
</selenese>
<selenese>
	<command>waitForElementClickable</command>
	<target><![CDATA[scLocator=//Portlet[ID="datastaging_eodmarg_tab_0"]/item[0][Class="ListGrid"]/filterEditor/editRowForm/item[title=Ref.%20date||value=[object Object]||index=0||Class=MiniDateRangeItem]/rangeDialog/rangeForm/item[name=CALC_DT||title=CALC_DT||value=[object Object]||index=0||Class=DateRangeItem]/dateRangeForm/item[name=fromField||title=From||value=Thu Jul 27 2017 12:00:00 GMT+0200 (W. Europe Standard Time)||index=0||Class=RelativeDateItem]/editor/item[name=valueField||title=valueField||value=%24today||index=0||Class=ComboBoxItem]/[icon="picker"]]]></target>
	<value><![CDATA[]]></value>
</selenese>
<selenese>
	<command>click</command>
	<target><![CDATA[scLocator=//Portlet[ID="datastaging_eodmarg_tab_0"]/item[0][Class="ListGrid"]/filterEditor/editRowForm/item[title=Ref.%20date||value=[object Object]||index=0||Class=MiniDateRangeItem]/rangeDialog/rangeForm/item[name=CALC_DT||title=CALC_DT||value=[object Object]||index=0||Class=DateRangeItem]/dateRangeForm/item[name=fromField||title=From||value=Thu Jul 27 2017 12:00:00 GMT+0200 (W. Europe Standard Time)||index=0||Class=RelativeDateItem]/editor/item[name=valueField||title=valueField||value=%24today||index=0||Class=ComboBoxItem]/[icon="picker"]]]></target>
	<value><![CDATA[]]></value>
</selenese>
<selenese>
	<command>waitForElementClickable</command>
	<target><![CDATA[scLocator=//Portlet[ID="datastaging_eodmarg_tab_0"]/item[0][Class="ListGrid"]/filterEditor/editRowForm/item[title=Ref.%20date||value=[object Object]||index=0||Class=MiniDateRangeItem]/rangeDialog/rangeForm/item[name=CALC_DT||title=CALC_DT||value=[object Object]||index=0||Class=DateRangeItem]/dateRangeForm/item[name=fromField||title=From||value=Thu Jul 27 2017 12:00:00 GMT+0200 (W. Europe Standard Time)||index=0||Class=RelativeDateItem]/editor/item[name=valueField||title=valueField||value=%24today||index=0||Class=ComboBoxItem]/pickList/body/row[valueField=%24yesterday||1]/col[fieldName=valueField||0]]]></target>
	<value><![CDATA[]]></value>
</selenese>
<selenese>
	<command>click</command>
	<target><![CDATA[scLocator=//Portlet[ID="datastaging_eodmarg_tab_0"]/item[0][Class="ListGrid"]/filterEditor/editRowForm/item[title=Ref.%20date||value=[object Object]||index=0||Class=MiniDateRangeItem]/rangeDialog/rangeForm/item[name=CALC_DT||title=CALC_DT||value=[object Object]||index=0||Class=DateRangeItem]/dateRangeForm/item[name=fromField||title=From||value=Thu Jul 27 2017 12:00:00 GMT+0200 (W. Europe Standard Time)||index=0||Class=RelativeDateItem]/editor/item[name=valueField||title=valueField||value=%24today||index=0||Class=ComboBoxItem]/pickList/body/row[valueField=%24yesterday||1]/col[fieldName=valueField||0]]]></target>
	<value><![CDATA[]]></value>
</selenese>
<selenese>
	<command>waitForElementClickable</command>
	<target><![CDATA[scLocator=//Portlet[ID="datastaging_eodmarg_tab_0"]/item[0][Class="ListGrid"]/filterEditor/editRowForm/item[title=Ref.%20date||value=[object Object]||index=0||Class=MiniDateRangeItem]/rangeDialog/okButton/]]></target>
	<value><![CDATA[]]></value>
</selenese>
<selenese>
	<command>click</command>
	<target><![CDATA[scLocator=//Portlet[ID="datastaging_eodmarg_tab_0"]/item[0][Class="ListGrid"]/filterEditor/editRowForm/item[title=Ref.%20date||value=[object Object]||index=0||Class=MiniDateRangeItem]/rangeDialog/okButton/]]></target>
	<value><![CDATA[]]></value>
</selenese>
<selenese>
	<command>waitForElementClickable</command>
	<target><![CDATA[scLocator=//Portlet[ID="datastaging_eodmarg_tab_0"]/item[0][Class="ListGrid"]/filterEditor/editRowForm/item[title=Ref.%20date||value=[object Object]||index=0||Class=MiniDateRangeItem]/[icon="showDateRange"]]]></target>
	<value><![CDATA[]]></value>
</selenese>
<selenese>
	<command>sendKeys</command>
	<target><![CDATA[scLocator=//Portlet[ID="datastaging_eodmarg_tab_0"]/item[0][Class="ListGrid"]/filterEditor/editRowForm/item[title=Ref.%20date||value=[object Object]||index=0||Class=MiniDateRangeItem]/[icon="showDateRange"]]]></target>
	<value><![CDATA[${KEY_ENTER}]]></value>
</selenese>
<selenese>
	<command>waitForElementClickable</command>
	<target><![CDATA[scLocator=//Portlet[ID="datastaging_eodmarg_tab_0"]/item[0][Class="ListGrid"]/filterEditor/editRowForm/item[title=Ref.%20date||value=[object Object]||index=0||Class=MiniDateRangeItem]/rangeDialog/closeButton/]]></target>
	<value><![CDATA[]]></value>
</selenese>
<selenese>
	<command>click</command>
	<target><![CDATA[scLocator=//Portlet[ID="datastaging_eodmarg_tab_0"]/item[0][Class="ListGrid"]/filterEditor/editRowForm/item[title=Ref.%20date||value=[object Object]||index=0||Class=MiniDateRangeItem]/rangeDialog/closeButton/]]></target>
	<value><![CDATA[]]></value>
</selenese>
<selenese>
	<command>waitForElementClickable</command>
	<target><![CDATA[scLocator=//Portlet[ID="datastaging_eodmarg_tab_0"]/item[0][Class="ListGrid"]/headerMenuButton/icon]]></target>
	<value><![CDATA[]]></value>
</selenese>
<selenese>
	<command>click</command>
	<target><![CDATA[scLocator=//Portlet[ID="datastaging_eodmarg_tab_0"]/item[0][Class="ListGrid"]/headerMenuButton/icon]]></target>
	<value><![CDATA[]]></value>
</selenese>
</TestCase>