<?xml version="1.0" encoding="UTF-8"?>
<TestCase seleniumIDEVersion="2.9.1" baseURL="https://10.0.10.230:10044/LiqPortalWEB/index.html">
<selenese>
	<command>echo</command>
	<target><![CDATA[]]></target>
	<value><![CDATA[RU11-NUC01-T02.rctest]]></value>
</selenese>
<selenese>
	<command>open</command>
	<target><![CDATA[/LiqPortalWEB/]]></target>
	<value><![CDATA[Data Staging Portal - Data Staging - Debit to/from LCH Clearnet  - Filters]]></value>
</selenese>
<selenese>
	<command>type</command>
	<target><![CDATA[id=Username]]></target>
	<value><![CDATA[mpetracc]]></value>
</selenese>
<selenese>
	<command>type</command>
	<target><![CDATA[id=Password]]></target>
	<value><![CDATA[.mpetrac00]]></value>
</selenese>
<selenese>
	<command>clickAndWait</command>
	<target><![CDATA[id=submitLabel]]></target>
	<value><![CDATA[]]></value>
</selenese>
<selenese>
	<command>waitForElementClickable</command>
	<target><![CDATA[scLocator=//Menu[level=1]/body/row[2]/col[fieldName=title||0]]]></target>
	<value><![CDATA[]]></value>
</selenese>
<selenese>
	<command>click</command>
	<target><![CDATA[scLocator=//Menu[level=1]/body/row[2]/col[fieldName=title||0]]]></target>
	<value><![CDATA[]]></value>
</selenese>
<selenese>
	<command>waitForElementClickable</command>
	<target><![CDATA[scLocator=//autoID[Class=DateChooser||index=19||length=22||classIndex=0||classLength=1]/previousYearButton/]]></target>
	<value><![CDATA[]]></value>
</selenese>
<selenese>
	<command>click</command>
	<target><![CDATA[scLocator=//autoID[Class=DateChooser||index=19||length=22||classIndex=0||classLength=1]/previousYearButton/]]></target>
	<value><![CDATA[]]></value>
</selenese>
<selenese>
	<command>waitForElementClickable</command>
	<target><![CDATA[scLocator=//autoID[Class=DateChooser||index=19||length=22||classIndex=0||classLength=1]/dateGrid/body/row[Mon=Mon Jul 04 2016 12:00:00 GMT+0200 (W. Europe Standard Time)||1]/col[fieldName=Mon||1]]]></target>
	<value><![CDATA[]]></value>
</selenese>
<selenese>
	<command>click</command>
	<target><![CDATA[scLocator=//autoID[Class=DateChooser||index=19||length=22||classIndex=0||classLength=1]/dateGrid/body/row[Mon=Mon Jul 04 2016 12:00:00 GMT+0200 (W. Europe Standard Time)||1]/col[fieldName=Mon||1]]]></target>
	<value><![CDATA[]]></value>
</selenese>
<selenese>
	<command>waitForElementClickable</command>
	<target><![CDATA[scLocator=//Portlet[ID="datastaging_interop_tab_0"]/item[0][Class="ListGrid"]/filterEditor/editRowForm/item[title=Ref.%20date||value=[object Object]||index=0||Class=MiniDateRangeItem]/rangeDialog/okButton/]]></target>
	<value><![CDATA[]]></value>
</selenese>
<selenese>
	<command>click</command>
	<target><![CDATA[scLocator=//Portlet[ID="datastaging_interop_tab_0"]/item[0][Class="ListGrid"]/filterEditor/editRowForm/item[title=Ref.%20date||value=[object Object]||index=0||Class=MiniDateRangeItem]/rangeDialog/okButton/]]></target>
	<value><![CDATA[]]></value>
</selenese>
<selenese>
	<command>waitForElementClickable</command>
	<target><![CDATA[scLocator=//Portlet[ID="datastaging_interop_tab_0"]/item[0][Class="ListGrid"]/filterEditor/actionButton/icon]]></target>
	<value><![CDATA[]]></value>
</selenese>
<selenese>
	<command>click</command>
	<target><![CDATA[scLocator=//Portlet[ID="datastaging_interop_tab_0"]/item[0][Class="ListGrid"]/filterEditor/actionButton/icon]]></target>
	<value><![CDATA[]]></value>
</selenese>
<selenese>
	<command>waitForElementClickable</command>
	<target><![CDATA[scLocator=//Portlet[ID="datastaging_interop_tab_0"]/item[0][Class="ListGrid"]/filterEditor/editRowForm/item[name=LCHPos||title=CCG%20Excess%20Cash||index=1||Class=TextItem]/element]]></target>
	<value><![CDATA[]]></value>
</selenese>
<selenese>
	<command>click</command>
	<target><![CDATA[scLocator=//Portlet[ID="datastaging_interop_tab_0"]/item[0][Class="ListGrid"]/filterEditor/editRowForm/item[name=LCHPos||title=CCG%20Excess%20Cash||index=1||Class=TextItem]/element]]></target>
	<value><![CDATA[]]></value>
</selenese>
<selenese>
	<command>waitForElementReadyForKeyPresses</command>
	<target><![CDATA[scLocator=//Portlet[ID="datastaging_interop_tab_0"]/item[0][Class="ListGrid"]/filterEditor/editRowForm/item[name=LCHPos||title=CCG%20Excess%20Cash||value=a||index=1||Class=TextItem]/element]]></target>
	<value><![CDATA[]]></value>
</selenese>
<selenese>
	<command>sendKeys</command>
	<target><![CDATA[scLocator=//Portlet[ID="datastaging_interop_tab_0"]/item[0][Class="ListGrid"]/filterEditor/editRowForm/item[name=LCHPos||title=CCG%20Excess%20Cash||value=a||index=1||Class=TextItem]/element]]></target>
	<value><![CDATA[${KEY_LEFT}]]></value>
</selenese>
<selenese>
	<command>waitForElementReadyForKeyPresses</command>
	<target><![CDATA[scLocator=//Portlet[ID="datastaging_interop_tab_0"]/item[0][Class="ListGrid"]/filterEditor/editRowForm/item[name=LCHPos||title=CCG%20Excess%20Cash||value=%3Ea||index=1||Class=TextItem]/element]]></target>
	<value><![CDATA[]]></value>
</selenese>
<selenese>
	<command>sendKeys</command>
	<target><![CDATA[scLocator=//Portlet[ID="datastaging_interop_tab_0"]/item[0][Class="ListGrid"]/filterEditor/editRowForm/item[name=LCHPos||title=CCG%20Excess%20Cash||value=%3Ea||index=1||Class=TextItem]/element]]></target>
	<value><![CDATA[${KEY_ENTER}]]></value>
</selenese>
<selenese>
	<command>waitForElementClickable</command>
	<target><![CDATA[scLocator=//Portlet[ID="datastaging_interop_tab_0"]/item[0][Class="ListGrid"]/filterEditor/editRowForm/item[name=LCHPos||title=CCG%20Excess%20Cash||value=%3Ea||index=1||Class=TextItem]/element]]></target>
	<value><![CDATA[]]></value>
</selenese>
<selenese>
	<command>click</command>
	<target><![CDATA[scLocator=//Portlet[ID="datastaging_interop_tab_0"]/item[0][Class="ListGrid"]/filterEditor/editRowForm/item[name=LCHPos||title=CCG%20Excess%20Cash||value=%3Ea||index=1||Class=TextItem]/element]]></target>
	<value><![CDATA[]]></value>
</selenese>
<selenese>
	<command>waitForElementClickable</command>
	<target><![CDATA[scLocator=//Portlet[ID="datastaging_interop_tab_0"]/item[0][Class="ListGrid"]/filterEditor/editRowForm/item[name=LCHPos||title=CCG%20Excess%20Cash||value=%3Ea||index=1||Class=TextItem]/element]]></target>
	<value><![CDATA[]]></value>
</selenese>
<selenese>
	<command>type</command>
	<target><![CDATA[scLocator=//Portlet[ID="datastaging_interop_tab_0"]/item[0][Class="ListGrid"]/filterEditor/editRowForm/item[name=LCHPos||title=CCG%20Excess%20Cash||value=%3Ea||index=1||Class=TextItem]/element]]></target>
	<value><![CDATA[>a]]></value>
</selenese>
<selenese>
	<command>waitForElementClickable</command>
	<target><![CDATA[scLocator=//Portlet[ID="datastaging_interop_tab_0"]/item[0][Class="ListGrid"]/filterEditor/actionButton/icon]]></target>
	<value><![CDATA[]]></value>
</selenese>
<selenese>
	<command>click</command>
	<target><![CDATA[scLocator=//Portlet[ID="datastaging_interop_tab_0"]/item[0][Class="ListGrid"]/filterEditor/actionButton/icon]]></target>
	<value><![CDATA[]]></value>
</selenese>
<selenese>
	<command>waitForElementClickable</command>
	<target><![CDATA[scLocator=//Portlet[ID="datastaging_interop_tab_0"]/item[0][Class="ListGrid"]/filterEditor/editRowForm/item[name=LCHPos||title=CCG%20Excess%20Cash||value=%3Ea||index=1||Class=TextItem]/element]]></target>
	<value><![CDATA[]]></value>
</selenese>
<selenese>
	<command>click</command>
	<target><![CDATA[scLocator=//Portlet[ID="datastaging_interop_tab_0"]/item[0][Class="ListGrid"]/filterEditor/editRowForm/item[name=LCHPos||title=CCG%20Excess%20Cash||value=%3Ea||index=1||Class=TextItem]/element]]></target>
	<value><![CDATA[]]></value>
</selenese>
<selenese>
	<command>waitForElementClickable</command>
	<target><![CDATA[scLocator=//Portlet[ID="datastaging_interop_tab_0"]/item[0][Class="ListGrid"]/filterEditor/editRowForm/item[name=LCHPos||title=CCG%20Excess%20Cash||index=1||Class=TextItem]/element]]></target>
	<value><![CDATA[]]></value>
</selenese>
<selenese>
	<command>type</command>
	<target><![CDATA[scLocator=//Portlet[ID="datastaging_interop_tab_0"]/item[0][Class="ListGrid"]/filterEditor/editRowForm/item[name=LCHPos||title=CCG%20Excess%20Cash||index=1||Class=TextItem]/element]]></target>
	<value><![CDATA[]]></value>
</selenese>
<selenese>
	<command>waitForElementReadyForKeyPresses</command>
	<target><![CDATA[scLocator=//Portlet[ID="datastaging_interop_tab_0"]/item[0][Class="ListGrid"]/filterEditor/editRowForm/item[name=LCHPos||title=CCG%20Excess%20Cash||index=1||Class=TextItem]/element]]></target>
	<value><![CDATA[]]></value>
</selenese>
<selenese>
	<command>sendKeys</command>
	<target><![CDATA[scLocator=//Portlet[ID="datastaging_interop_tab_0"]/item[0][Class="ListGrid"]/filterEditor/editRowForm/item[name=LCHPos||title=CCG%20Excess%20Cash||index=1||Class=TextItem]/element]]></target>
	<value><![CDATA[${KEY_TAB}]]></value>
</selenese>
<selenese>
	<command>blur</command>
	<target><![CDATA[scLocator=//Portlet[ID="datastaging_interop_tab_0"]/item[0][Class="ListGrid"]/filterEditor/editRowForm/item[name=LCHPos||title=CCG%20Excess%20Cash||index=1||Class=TextItem]/element]]></target>
	<value><![CDATA[]]></value>
</selenese>
<selenese>
	<command>waitForElementClickable</command>
	<target><![CDATA[scLocator=//Portlet[ID="datastaging_interop_tab_0"]/item[0][Class="ListGrid"]/filterEditor/editRowForm/item[name=LCHNeg||title=Cash%20Call%20to%20CCG||index=2||Class=FloatItem]/element]]></target>
	<value><![CDATA[]]></value>
</selenese>
<selenese>
	<command>focus</command>
	<target><![CDATA[scLocator=//Portlet[ID="datastaging_interop_tab_0"]/item[0][Class="ListGrid"]/filterEditor/editRowForm/item[name=LCHNeg||title=Cash%20Call%20to%20CCG||index=2||Class=FloatItem]/element]]></target>
	<value><![CDATA[true]]></value>
</selenese>
<selenese>
	<command>waitForElementReadyForKeyPresses</command>
	<target><![CDATA[scLocator=//Portlet[ID="datastaging_interop_tab_0"]/item[0][Class="ListGrid"]/filterEditor/editRowForm/item[name=LCHNeg||title=Cash%20Call%20to%20CCG||value=%3E100000000||index=2||Class=FloatItem]/element]]></target>
	<value><![CDATA[]]></value>
</selenese>
<selenese>
	<command>sendKeys</command>
	<target><![CDATA[scLocator=//Portlet[ID="datastaging_interop_tab_0"]/item[0][Class="ListGrid"]/filterEditor/editRowForm/item[name=LCHNeg||title=Cash%20Call%20to%20CCG||value=%3E100000000||index=2||Class=FloatItem]/element]]></target>
	<value><![CDATA[${KEY_ENTER}]]></value>
</selenese>
<selenese>
	<command>waitForElementReadyForKeyPresses</command>
	<target><![CDATA[scLocator=//Portlet[ID="datastaging_interop_tab_0"]/item[0][Class="ListGrid"]/filterEditor/editRowForm/item[name=LCHNeg||title=Cash%20Call%20to%20CCG||value=%3E1000000||index=2||Class=FloatItem]/element]]></target>
	<value><![CDATA[]]></value>
</selenese>
<selenese>
	<command>sendKeys</command>
	<target><![CDATA[scLocator=//Portlet[ID="datastaging_interop_tab_0"]/item[0][Class="ListGrid"]/filterEditor/editRowForm/item[name=LCHNeg||title=Cash%20Call%20to%20CCG||value=%3E1000000||index=2||Class=FloatItem]/element]]></target>
	<value><![CDATA[${KEY_ENTER}]]></value>
</selenese>
<selenese>
	<command>waitForElementReadyForKeyPresses</command>
	<target><![CDATA[scLocator=//Portlet[ID="datastaging_interop_tab_0"]/item[0][Class="ListGrid"]/filterEditor/editRowForm/item[name=LCHNeg||title=Cash%20Call%20to%20CCG||value=%3E100000||index=2||Class=FloatItem]/element]]></target>
	<value><![CDATA[]]></value>
</selenese>
<selenese>
	<command>sendKeys</command>
	<target><![CDATA[scLocator=//Portlet[ID="datastaging_interop_tab_0"]/item[0][Class="ListGrid"]/filterEditor/editRowForm/item[name=LCHNeg||title=Cash%20Call%20to%20CCG||value=%3E100000||index=2||Class=FloatItem]/element]]></target>
	<value><![CDATA[${KEY_ENTER}]]></value>
</selenese>
<selenese>
	<command>waitForElementReadyForKeyPresses</command>
	<target><![CDATA[scLocator=//Portlet[ID="datastaging_interop_tab_0"]/item[0][Class="ListGrid"]/filterEditor/editRowForm/item[name=LCHNeg||title=Cash%20Call%20to%20CCG||value=%3E1000||index=2||Class=FloatItem]/element]]></target>
	<value><![CDATA[]]></value>
</selenese>
<selenese>
	<command>sendKeys</command>
	<target><![CDATA[scLocator=//Portlet[ID="datastaging_interop_tab_0"]/item[0][Class="ListGrid"]/filterEditor/editRowForm/item[name=LCHNeg||title=Cash%20Call%20to%20CCG||value=%3E1000||index=2||Class=FloatItem]/element]]></target>
	<value><![CDATA[${KEY_ENTER}]]></value>
</selenese>
<selenese>
	<command>waitForElementReadyForKeyPresses</command>
	<target><![CDATA[scLocator=//Portlet[ID="datastaging_interop_tab_0"]/item[0][Class="ListGrid"]/filterEditor/editRowForm/item[name=LCHNeg||title=Cash%20Call%20to%20CCG||value=%3E10||index=2||Class=FloatItem]/element]]></target>
	<value><![CDATA[]]></value>
</selenese>
<selenese>
	<command>sendKeys</command>
	<target><![CDATA[scLocator=//Portlet[ID="datastaging_interop_tab_0"]/item[0][Class="ListGrid"]/filterEditor/editRowForm/item[name=LCHNeg||title=Cash%20Call%20to%20CCG||value=%3E10||index=2||Class=FloatItem]/element]]></target>
	<value><![CDATA[${KEY_ENTER}]]></value>
</selenese>
<selenese>
	<command>waitForElementReadyForKeyPresses</command>
	<target><![CDATA[scLocator=//Portlet[ID="datastaging_interop_tab_0"]/item[0][Class="ListGrid"]/filterEditor/editRowForm/item[name=LCHNeg||title=Cash%20Call%20to%20CCG||value=%3E10||index=2||Class=FloatItem]/element]]></target>
	<value><![CDATA[]]></value>
</selenese>
<selenese>
	<command>sendKeys</command>
	<target><![CDATA[scLocator=//Portlet[ID="datastaging_interop_tab_0"]/item[0][Class="ListGrid"]/filterEditor/editRowForm/item[name=LCHNeg||title=Cash%20Call%20to%20CCG||value=%3E10||index=2||Class=FloatItem]/element]]></target>
	<value><![CDATA[${KEY_LEFT}]]></value>
</selenese>
<selenese>
	<command>waitForElementReadyForKeyPresses</command>
	<target><![CDATA[scLocator=//Portlet[ID="datastaging_interop_tab_0"]/item[0][Class="ListGrid"]/filterEditor/editRowForm/item[name=LCHNeg||title=Cash%20Call%20to%20CCG||value=%3E%3C0||index=2||Class=FloatItem]/element]]></target>
	<value><![CDATA[]]></value>
</selenese>
<selenese>
	<command>sendKeys</command>
	<target><![CDATA[scLocator=//Portlet[ID="datastaging_interop_tab_0"]/item[0][Class="ListGrid"]/filterEditor/editRowForm/item[name=LCHNeg||title=Cash%20Call%20to%20CCG||value=%3E%3C0||index=2||Class=FloatItem]/element]]></target>
	<value><![CDATA[${KEY_LEFT}]]></value>
</selenese>
<selenese>
	<command>waitForElementReadyForKeyPresses</command>
	<target><![CDATA[scLocator=//Portlet[ID="datastaging_interop_tab_0"]/item[0][Class="ListGrid"]/filterEditor/editRowForm/item[name=LCHNeg||title=Cash%20Call%20to%20CCG||value=%3C0||index=2||Class=FloatItem]/element]]></target>
	<value><![CDATA[]]></value>
</selenese>
<selenese>
	<command>sendKeys</command>
	<target><![CDATA[scLocator=//Portlet[ID="datastaging_interop_tab_0"]/item[0][Class="ListGrid"]/filterEditor/editRowForm/item[name=LCHNeg||title=Cash%20Call%20to%20CCG||value=%3C0||index=2||Class=FloatItem]/element]]></target>
	<value><![CDATA[${KEY_RIGHT}]]></value>
</selenese>
<selenese>
	<command>waitForElementReadyForKeyPresses</command>
	<target><![CDATA[scLocator=//Portlet[ID="datastaging_interop_tab_0"]/item[0][Class="ListGrid"]/filterEditor/editRowForm/item[name=LCHNeg||title=Cash%20Call%20to%20CCG||value=%3C100||index=2||Class=FloatItem]/element]]></target>
	<value><![CDATA[]]></value>
</selenese>
<selenese>
	<command>sendKeys</command>
	<target><![CDATA[scLocator=//Portlet[ID="datastaging_interop_tab_0"]/item[0][Class="ListGrid"]/filterEditor/editRowForm/item[name=LCHNeg||title=Cash%20Call%20to%20CCG||value=%3C100||index=2||Class=FloatItem]/element]]></target>
	<value><![CDATA[${KEY_ENTER}]]></value>
</selenese>
<selenese>
	<command>waitForElementReadyForKeyPresses</command>
	<target><![CDATA[scLocator=//Portlet[ID="datastaging_interop_tab_0"]/item[0][Class="ListGrid"]/filterEditor/editRowForm/item[name=LCHNeg||title=Cash%20Call%20to%20CCG||value=%3C100||index=2||Class=FloatItem]/element]]></target>
	<value><![CDATA[]]></value>
</selenese>
<selenese>
	<command>sendKeys</command>
	<target><![CDATA[scLocator=//Portlet[ID="datastaging_interop_tab_0"]/item[0][Class="ListGrid"]/filterEditor/editRowForm/item[name=LCHNeg||title=Cash%20Call%20to%20CCG||value=%3C100||index=2||Class=FloatItem]/element]]></target>
	<value><![CDATA[${KEY_RIGHT}]]></value>
</selenese>
<selenese>
	<command>waitForElementReadyForKeyPresses</command>
	<target><![CDATA[scLocator=//Portlet[ID="datastaging_interop_tab_0"]/item[0][Class="ListGrid"]/filterEditor/editRowForm/item[name=LCHNeg||title=Cash%20Call%20to%20CCG||value=%3C100000000||index=2||Class=FloatItem]/element]]></target>
	<value><![CDATA[]]></value>
</selenese>
<selenese>
	<command>sendKeys</command>
	<target><![CDATA[scLocator=//Portlet[ID="datastaging_interop_tab_0"]/item[0][Class="ListGrid"]/filterEditor/editRowForm/item[name=LCHNeg||title=Cash%20Call%20to%20CCG||value=%3C100000000||index=2||Class=FloatItem]/element]]></target>
	<value><![CDATA[${KEY_ENTER}]]></value>
</selenese>
<selenese>
	<command>waitForElementReadyForKeyPresses</command>
	<target><![CDATA[scLocator=//Portlet[ID="datastaging_interop_tab_0"]/item[0][Class="ListGrid"]/filterEditor/editRowForm/item[name=LCHNeg||title=Cash%20Call%20to%20CCG||value=%3C100000000||index=2||Class=FloatItem]/element]]></target>
	<value><![CDATA[]]></value>
</selenese>
<selenese>
	<command>sendKeys</command>
	<target><![CDATA[scLocator=//Portlet[ID="datastaging_interop_tab_0"]/item[0][Class="ListGrid"]/filterEditor/editRowForm/item[name=LCHNeg||title=Cash%20Call%20to%20CCG||value=%3C100000000||index=2||Class=FloatItem]/element]]></target>
	<value><![CDATA[${KEY_ENTER}]]></value>
</selenese>
<selenese>
	<command>waitForElementClickable</command>
	<target><![CDATA[scLocator=//Portlet[ID="datastaging_interop_tab_0"]/item[0][Class="ListGrid"]/filterEditor/editRowForm/item[name=LCHNeg||title=Cash%20Call%20to%20CCG||value=%3C100000000||index=2||Class=FloatItem]/element]]></target>
	<value><![CDATA[]]></value>
</selenese>
<selenese>
	<command>click</command>
	<target><![CDATA[scLocator=//Portlet[ID="datastaging_interop_tab_0"]/item[0][Class="ListGrid"]/filterEditor/editRowForm/item[name=LCHNeg||title=Cash%20Call%20to%20CCG||value=%3C100000000||index=2||Class=FloatItem]/element]]></target>
	<value><![CDATA[]]></value>
</selenese>
<selenese>
	<command>waitForElementReadyForKeyPresses</command>
	<target><![CDATA[scLocator=//Portlet[ID="datastaging_interop_tab_0"]/item[0][Class="ListGrid"]/filterEditor/editRowForm/item[name=LCHNeg||title=Cash%20Call%20to%20CCG||value=%3C100000000||index=2||Class=FloatItem]/element]]></target>
	<value><![CDATA[]]></value>
</selenese>
<selenese>
	<command>sendKeys</command>
	<target><![CDATA[scLocator=//Portlet[ID="datastaging_interop_tab_0"]/item[0][Class="ListGrid"]/filterEditor/editRowForm/item[name=LCHNeg||title=Cash%20Call%20to%20CCG||value=%3C100000000||index=2||Class=FloatItem]/element]]></target>
	<value><![CDATA[${KEY_LEFT}]]></value>
</selenese>
<selenese>
	<command>waitForElementReadyForKeyPresses</command>
	<target><![CDATA[scLocator=//Portlet[ID="datastaging_interop_tab_0"]/item[0][Class="ListGrid"]/filterEditor/editRowForm/item[name=LCHNeg||title=Cash%20Call%20to%20CCG||value=%3C100000000||index=2||Class=FloatItem]/element]]></target>
	<value><![CDATA[]]></value>
</selenese>
<selenese>
	<command>sendKeys</command>
	<target><![CDATA[scLocator=//Portlet[ID="datastaging_interop_tab_0"]/item[0][Class="ListGrid"]/filterEditor/editRowForm/item[name=LCHNeg||title=Cash%20Call%20to%20CCG||value=%3C100000000||index=2||Class=FloatItem]/element]]></target>
	<value><![CDATA[${KEY_LEFT}]]></value>
</selenese>
<selenese>
	<command>waitForElementReadyForKeyPresses</command>
	<target><![CDATA[scLocator=//Portlet[ID="datastaging_interop_tab_0"]/item[0][Class="ListGrid"]/filterEditor/editRowForm/item[name=LCHNeg||title=Cash%20Call%20to%20CCG||value=%3C500000000||index=2||Class=FloatItem]/element]]></target>
	<value><![CDATA[]]></value>
</selenese>
<selenese>
	<command>sendKeys</command>
	<target><![CDATA[scLocator=//Portlet[ID="datastaging_interop_tab_0"]/item[0][Class="ListGrid"]/filterEditor/editRowForm/item[name=LCHNeg||title=Cash%20Call%20to%20CCG||value=%3C500000000||index=2||Class=FloatItem]/element]]></target>
	<value><![CDATA[${KEY_ENTER}]]></value>
</selenese>
<selenese>
	<command>waitForElementReadyForKeyPresses</command>
	<target><![CDATA[scLocator=//Portlet[ID="datastaging_interop_tab_0"]/item[0][Class="ListGrid"]/filterEditor/editRowForm/item[name=LCHNeg||title=Cash%20Call%20to%20CCG||value=%3C500000000||index=2||Class=FloatItem]/element]]></target>
	<value><![CDATA[]]></value>
</selenese>
<selenese>
	<command>sendKeys</command>
	<target><![CDATA[scLocator=//Portlet[ID="datastaging_interop_tab_0"]/item[0][Class="ListGrid"]/filterEditor/editRowForm/item[name=LCHNeg||title=Cash%20Call%20to%20CCG||value=%3C500000000||index=2||Class=FloatItem]/element]]></target>
	<value><![CDATA[${KEY_ENTER}]]></value>
</selenese>
<selenese>
	<command>waitForElementReadyForKeyPresses</command>
	<target><![CDATA[scLocator=//Portlet[ID="datastaging_interop_tab_0"]/item[0][Class="ListGrid"]/filterEditor/editRowForm/item[name=LCHNeg||title=Cash%20Call%20to%20CCG||value=%3C500000000||index=2||Class=FloatItem]/element]]></target>
	<value><![CDATA[]]></value>
</selenese>
<selenese>
	<command>sendKeys</command>
	<target><![CDATA[scLocator=//Portlet[ID="datastaging_interop_tab_0"]/item[0][Class="ListGrid"]/filterEditor/editRowForm/item[name=LCHNeg||title=Cash%20Call%20to%20CCG||value=%3C500000000||index=2||Class=FloatItem]/element]]></target>
	<value><![CDATA[${KEY_ENTER}]]></value>
</selenese>
<selenese>
	<command>waitForElementClickable</command>
	<target><![CDATA[scLocator=//Portlet[ID="datastaging_interop_tab_0"]/item[0][Class="ListGrid"]/filterEditor/editRowForm/item[name=LCHNeg||title=Cash%20Call%20to%20CCG||value=%3C500000000||index=2||Class=FloatItem]/element]]></target>
	<value><![CDATA[]]></value>
</selenese>
<selenese>
	<command>type</command>
	<target><![CDATA[scLocator=//Portlet[ID="datastaging_interop_tab_0"]/item[0][Class="ListGrid"]/filterEditor/editRowForm/item[name=LCHNeg||title=Cash%20Call%20to%20CCG||value=%3C500000000||index=2||Class=FloatItem]/element]]></target>
	<value><![CDATA[<500000000]]></value>
</selenese>
<selenese>
	<command>waitForElementClickable</command>
	<target><![CDATA[scLocator=//Portlet[ID="datastaging_interop_tab_0"]/item[0][Class="ListGrid"]/body/row[CALC_DT=Wed Oct 04 2017 12:00:00 GMT+0200 (W. Europe Standard Time)||LCHNeg=-104543237.84||0]/col[fieldName=LCHNeg||2]]]></target>
	<value><![CDATA[]]></value>
</selenese>
<selenese>
	<command>click</command>
	<target><![CDATA[scLocator=//Portlet[ID="datastaging_interop_tab_0"]/item[0][Class="ListGrid"]/body/row[CALC_DT=Wed Oct 04 2017 12:00:00 GMT+0200 (W. Europe Standard Time)||LCHNeg=-104543237.84||0]/col[fieldName=LCHNeg||2]]]></target>
	<value><![CDATA[]]></value>
</selenese>
<selenese>
	<command>waitForElementClickable</command>
	<target><![CDATA[scLocator=//Portlet[ID="datastaging_interop_tab_0"]/item[0][Class="ListGrid"]/body/row[CALC_DT=Wed Oct 04 2017 12:00:00 GMT+0200 (W. Europe Standard Time)||LCHNeg=-104543237.84||0]/col[fieldName=LCHNeg||2]]]></target>
	<value><![CDATA[]]></value>
</selenese>
<selenese>
	<command>contextMenu</command>
	<target><![CDATA[scLocator=//Portlet[ID="datastaging_interop_tab_0"]/item[0][Class="ListGrid"]/body/row[CALC_DT=Wed Oct 04 2017 12:00:00 GMT+0200 (W. Europe Standard Time)||LCHNeg=-104543237.84||0]/col[fieldName=LCHNeg||2]]]></target>
	<value><![CDATA[]]></value>
</selenese>
<selenese>
	<command>waitForElementClickable</command>
	<target><![CDATA[scLocator=//Menu[level=0]/body/row[title=Copy||0]/col[fieldName=title||1]]]></target>
	<value><![CDATA[]]></value>
</selenese>
<selenese>
	<command>click</command>
	<target><![CDATA[scLocator=//Menu[level=0]/body/row[title=Copy||0]/col[fieldName=title||1]]]></target>
	<value><![CDATA[]]></value>
</selenese>
<selenese>
	<command>waitForElementClickable</command>
	<target><![CDATA[scLocator=//autoID[Class=Dialog||index=93||length=95||classIndex=1||classLength=2||roleIndex=1||roleLength=2||title=Copy%20Cells||scRole=alertdialog]/item[0][Class="DynamicForm"]/item[name=done||title=Done||index=2||Class=ButtonItem]/button/]]></target>
	<value><![CDATA[]]></value>
</selenese>
<selenese>
	<command>click</command>
	<target><![CDATA[scLocator=//autoID[Class=Dialog||index=93||length=95||classIndex=1||classLength=2||roleIndex=1||roleLength=2||title=Copy%20Cells||scRole=alertdialog]/item[0][Class="DynamicForm"]/item[name=done||title=Done||index=2||Class=ButtonItem]/button/]]></target>
	<value><![CDATA[]]></value>
</selenese>
<selenese>
	<command>waitForElementClickable</command>
	<target><![CDATA[scLocator=//Portlet[ID="datastaging_interop_tab_0"]/item[0][Class="ListGrid"]/filterEditor/editRowForm/item[name=LCHNeg||title=Cash%20Call%20to%20CCG||value=%3C500000000||index=2||Class=FloatItem]/element]]></target>
	<value><![CDATA[]]></value>
</selenese>
<selenese>
	<command>click</command>
	<target><![CDATA[scLocator=//Portlet[ID="datastaging_interop_tab_0"]/item[0][Class="ListGrid"]/filterEditor/editRowForm/item[name=LCHNeg||title=Cash%20Call%20to%20CCG||value=%3C500000000||index=2||Class=FloatItem]/element]]></target>
	<value><![CDATA[]]></value>
</selenese>
<selenese>
	<command>waitForElementReadyForKeyPresses</command>
	<target><![CDATA[scLocator=//Portlet[ID="datastaging_interop_tab_0"]/item[0][Class="ListGrid"]/filterEditor/editRowForm/item[name=LCHNeg||title=Cash%20Call%20to%20CCG||value=%3C%22-104543237.84||index=2||Class=FloatItem]/element]]></target>
	<value><![CDATA[]]></value>
</selenese>
<selenese>
	<command>sendKeys</command>
	<target><![CDATA[scLocator=//Portlet[ID="datastaging_interop_tab_0"]/item[0][Class="ListGrid"]/filterEditor/editRowForm/item[name=LCHNeg||title=Cash%20Call%20to%20CCG||value=%3C%22-104543237.84||index=2||Class=FloatItem]/element]]></target>
	<value><![CDATA[${KEY_LEFT}]]></value>
</selenese>
<selenese>
	<command>waitForElementReadyForKeyPresses</command>
	<target><![CDATA[scLocator=//Portlet[ID="datastaging_interop_tab_0"]/item[0][Class="ListGrid"]/filterEditor/editRowForm/item[name=LCHNeg||title=Cash%20Call%20to%20CCG||value=%3C%22-104543237.84||index=2||Class=FloatItem]/element]]></target>
	<value><![CDATA[]]></value>
</selenese>
<selenese>
	<command>sendKeys</command>
	<target><![CDATA[scLocator=//Portlet[ID="datastaging_interop_tab_0"]/item[0][Class="ListGrid"]/filterEditor/editRowForm/item[name=LCHNeg||title=Cash%20Call%20to%20CCG||value=%3C%22-104543237.84||index=2||Class=FloatItem]/element]]></target>
	<value><![CDATA[${KEY_LEFT}]]></value>
</selenese>
<selenese>
	<command>waitForElementReadyForKeyPresses</command>
	<target><![CDATA[scLocator=//Portlet[ID="datastaging_interop_tab_0"]/item[0][Class="ListGrid"]/filterEditor/editRowForm/item[name=LCHNeg||title=Cash%20Call%20to%20CCG||value=%3C%22-104543237.84||index=2||Class=FloatItem]/element]]></target>
	<value><![CDATA[]]></value>
</selenese>
<selenese>
	<command>sendKeys</command>
	<target><![CDATA[scLocator=//Portlet[ID="datastaging_interop_tab_0"]/item[0][Class="ListGrid"]/filterEditor/editRowForm/item[name=LCHNeg||title=Cash%20Call%20to%20CCG||value=%3C%22-104543237.84||index=2||Class=FloatItem]/element]]></target>
	<value><![CDATA[${KEY_LEFT}]]></value>
</selenese>
<selenese>
	<command>waitForElementReadyForKeyPresses</command>
	<target><![CDATA[scLocator=//Portlet[ID="datastaging_interop_tab_0"]/item[0][Class="ListGrid"]/filterEditor/editRowForm/item[name=LCHNeg||title=Cash%20Call%20to%20CCG||value=%3C%22-104543237.84||index=2||Class=FloatItem]/element]]></target>
	<value><![CDATA[]]></value>
</selenese>
<selenese>
	<command>sendKeys</command>
	<target><![CDATA[scLocator=//Portlet[ID="datastaging_interop_tab_0"]/item[0][Class="ListGrid"]/filterEditor/editRowForm/item[name=LCHNeg||title=Cash%20Call%20to%20CCG||value=%3C%22-104543237.84||index=2||Class=FloatItem]/element]]></target>
	<value><![CDATA[${KEY_LEFT}]]></value>
</selenese>
<selenese>
	<command>waitForElementReadyForKeyPresses</command>
	<target><![CDATA[scLocator=//Portlet[ID="datastaging_interop_tab_0"]/item[0][Class="ListGrid"]/filterEditor/editRowForm/item[name=LCHNeg||title=Cash%20Call%20to%20CCG||value=%3C%22-104543237.84||index=2||Class=FloatItem]/element]]></target>
	<value><![CDATA[]]></value>
</selenese>
<selenese>
	<command>sendKeys</command>
	<target><![CDATA[scLocator=//Portlet[ID="datastaging_interop_tab_0"]/item[0][Class="ListGrid"]/filterEditor/editRowForm/item[name=LCHNeg||title=Cash%20Call%20to%20CCG||value=%3C%22-104543237.84||index=2||Class=FloatItem]/element]]></target>
	<value><![CDATA[${KEY_LEFT}]]></value>
</selenese>
<selenese>
	<command>waitForElementReadyForKeyPresses</command>
	<target><![CDATA[scLocator=//Portlet[ID="datastaging_interop_tab_0"]/item[0][Class="ListGrid"]/filterEditor/editRowForm/item[name=LCHNeg||title=Cash%20Call%20to%20CCG||value=%3C%22-104543237.84||index=2||Class=FloatItem]/element]]></target>
	<value><![CDATA[]]></value>
</selenese>
<selenese>
	<command>sendKeys</command>
	<target><![CDATA[scLocator=//Portlet[ID="datastaging_interop_tab_0"]/item[0][Class="ListGrid"]/filterEditor/editRowForm/item[name=LCHNeg||title=Cash%20Call%20to%20CCG||value=%3C%22-104543237.84||index=2||Class=FloatItem]/element]]></target>
	<value><![CDATA[${KEY_LEFT}]]></value>
</selenese>
<selenese>
	<command>waitForElementReadyForKeyPresses</command>
	<target><![CDATA[scLocator=//Portlet[ID="datastaging_interop_tab_0"]/item[0][Class="ListGrid"]/filterEditor/editRowForm/item[name=LCHNeg||title=Cash%20Call%20to%20CCG||value=%3C%22-104543237.84||index=2||Class=FloatItem]/element]]></target>
	<value><![CDATA[]]></value>
</selenese>
<selenese>
	<command>sendKeys</command>
	<target><![CDATA[scLocator=//Portlet[ID="datastaging_interop_tab_0"]/item[0][Class="ListGrid"]/filterEditor/editRowForm/item[name=LCHNeg||title=Cash%20Call%20to%20CCG||value=%3C%22-104543237.84||index=2||Class=FloatItem]/element]]></target>
	<value><![CDATA[${KEY_LEFT}]]></value>
</selenese>
<selenese>
	<command>waitForElementReadyForKeyPresses</command>
	<target><![CDATA[scLocator=//Portlet[ID="datastaging_interop_tab_0"]/item[0][Class="ListGrid"]/filterEditor/editRowForm/item[name=LCHNeg||title=Cash%20Call%20to%20CCG||value=%3C%22-104543237.84||index=2||Class=FloatItem]/element]]></target>
	<value><![CDATA[]]></value>
</selenese>
<selenese>
	<command>sendKeys</command>
	<target><![CDATA[scLocator=//Portlet[ID="datastaging_interop_tab_0"]/item[0][Class="ListGrid"]/filterEditor/editRowForm/item[name=LCHNeg||title=Cash%20Call%20to%20CCG||value=%3C%22-104543237.84||index=2||Class=FloatItem]/element]]></target>
	<value><![CDATA[${KEY_LEFT}]]></value>
</selenese>
<selenese>
	<command>waitForElementReadyForKeyPresses</command>
	<target><![CDATA[scLocator=//Portlet[ID="datastaging_interop_tab_0"]/item[0][Class="ListGrid"]/filterEditor/editRowForm/item[name=LCHNeg||title=Cash%20Call%20to%20CCG||value=%3C%22-104543237.84||index=2||Class=FloatItem]/element]]></target>
	<value><![CDATA[]]></value>
</selenese>
<selenese>
	<command>sendKeys</command>
	<target><![CDATA[scLocator=//Portlet[ID="datastaging_interop_tab_0"]/item[0][Class="ListGrid"]/filterEditor/editRowForm/item[name=LCHNeg||title=Cash%20Call%20to%20CCG||value=%3C%22-104543237.84||index=2||Class=FloatItem]/element]]></target>
	<value><![CDATA[${KEY_LEFT}]]></value>
</selenese>
<selenese>
	<command>waitForElementReadyForKeyPresses</command>
	<target><![CDATA[scLocator=//Portlet[ID="datastaging_interop_tab_0"]/item[0][Class="ListGrid"]/filterEditor/editRowForm/item[name=LCHNeg||title=Cash%20Call%20to%20CCG||value=%3C%22-104543237.84||index=2||Class=FloatItem]/element]]></target>
	<value><![CDATA[]]></value>
</selenese>
<selenese>
	<command>sendKeys</command>
	<target><![CDATA[scLocator=//Portlet[ID="datastaging_interop_tab_0"]/item[0][Class="ListGrid"]/filterEditor/editRowForm/item[name=LCHNeg||title=Cash%20Call%20to%20CCG||value=%3C%22-104543237.84||index=2||Class=FloatItem]/element]]></target>
	<value><![CDATA[${KEY_LEFT}]]></value>
</selenese>
<selenese>
	<command>waitForElementReadyForKeyPresses</command>
	<target><![CDATA[scLocator=//Portlet[ID="datastaging_interop_tab_0"]/item[0][Class="ListGrid"]/filterEditor/editRowForm/item[name=LCHNeg||title=Cash%20Call%20to%20CCG||value=%3C%22-104543237.84||index=2||Class=FloatItem]/element]]></target>
	<value><![CDATA[]]></value>
</selenese>
<selenese>
	<command>sendKeys</command>
	<target><![CDATA[scLocator=//Portlet[ID="datastaging_interop_tab_0"]/item[0][Class="ListGrid"]/filterEditor/editRowForm/item[name=LCHNeg||title=Cash%20Call%20to%20CCG||value=%3C%22-104543237.84||index=2||Class=FloatItem]/element]]></target>
	<value><![CDATA[${KEY_LEFT}]]></value>
</selenese>
<selenese>
	<command>waitForElementReadyForKeyPresses</command>
	<target><![CDATA[scLocator=//Portlet[ID="datastaging_interop_tab_0"]/item[0][Class="ListGrid"]/filterEditor/editRowForm/item[name=LCHNeg||title=Cash%20Call%20to%20CCG||value=%3C%22-104543237.84||index=2||Class=FloatItem]/element]]></target>
	<value><![CDATA[]]></value>
</selenese>
<selenese>
	<command>sendKeys</command>
	<target><![CDATA[scLocator=//Portlet[ID="datastaging_interop_tab_0"]/item[0][Class="ListGrid"]/filterEditor/editRowForm/item[name=LCHNeg||title=Cash%20Call%20to%20CCG||value=%3C%22-104543237.84||index=2||Class=FloatItem]/element]]></target>
	<value><![CDATA[${KEY_LEFT}]]></value>
</selenese>
<selenese>
	<command>waitForElementReadyForKeyPresses</command>
	<target><![CDATA[scLocator=//Portlet[ID="datastaging_interop_tab_0"]/item[0][Class="ListGrid"]/filterEditor/editRowForm/item[name=LCHNeg||title=Cash%20Call%20to%20CCG||value=%3C%22-104543237.84||index=2||Class=FloatItem]/element]]></target>
	<value><![CDATA[]]></value>
</selenese>
<selenese>
	<command>sendKeys</command>
	<target><![CDATA[scLocator=//Portlet[ID="datastaging_interop_tab_0"]/item[0][Class="ListGrid"]/filterEditor/editRowForm/item[name=LCHNeg||title=Cash%20Call%20to%20CCG||value=%3C%22-104543237.84||index=2||Class=FloatItem]/element]]></target>
	<value><![CDATA[${KEY_LEFT}]]></value>
</selenese>
<selenese>
	<command>waitForElementReadyForKeyPresses</command>
	<target><![CDATA[scLocator=//Portlet[ID="datastaging_interop_tab_0"]/item[0][Class="ListGrid"]/filterEditor/editRowForm/item[name=LCHNeg||title=Cash%20Call%20to%20CCG||value=%3C-104543237.84||index=2||Class=FloatItem]/element]]></target>
	<value><![CDATA[]]></value>
</selenese>
<selenese>
	<command>sendKeys</command>
	<target><![CDATA[scLocator=//Portlet[ID="datastaging_interop_tab_0"]/item[0][Class="ListGrid"]/filterEditor/editRowForm/item[name=LCHNeg||title=Cash%20Call%20to%20CCG||value=%3C-104543237.84||index=2||Class=FloatItem]/element]]></target>
	<value><![CDATA[${KEY_ENTER}]]></value>
</selenese>
<selenese>
	<command>waitForElementReadyForKeyPresses</command>
	<target><![CDATA[scLocator=//Portlet[ID="datastaging_interop_tab_0"]/item[0][Class="ListGrid"]/filterEditor/editRowForm/item[name=LCHNeg||title=Cash%20Call%20to%20CCG||value=%3C104543237.84||index=2||Class=FloatItem]/element]]></target>
	<value><![CDATA[]]></value>
</selenese>
<selenese>
	<command>sendKeys</command>
	<target><![CDATA[scLocator=//Portlet[ID="datastaging_interop_tab_0"]/item[0][Class="ListGrid"]/filterEditor/editRowForm/item[name=LCHNeg||title=Cash%20Call%20to%20CCG||value=%3C104543237.84||index=2||Class=FloatItem]/element]]></target>
	<value><![CDATA[${KEY_ENTER}]]></value>
</selenese>
<selenese>
	<command>waitForElementClickable</command>
	<target><![CDATA[scLocator=//Portlet[ID="datastaging_interop_tab_0"]/item[0][Class="ListGrid"]/filterEditor/editRowForm/item[name=LCHNeg||title=Cash%20Call%20to%20CCG||value=%3C104543237.84||index=2||Class=FloatItem]/element]]></target>
	<value><![CDATA[]]></value>
</selenese>
<selenese>
	<command>click</command>
	<target><![CDATA[scLocator=//Portlet[ID="datastaging_interop_tab_0"]/item[0][Class="ListGrid"]/filterEditor/editRowForm/item[name=LCHNeg||title=Cash%20Call%20to%20CCG||value=%3C104543237.84||index=2||Class=FloatItem]/element]]></target>
	<value><![CDATA[]]></value>
</selenese>
<selenese>
	<command>waitForElementClickable</command>
	<target><![CDATA[scLocator=//Portlet[ID="datastaging_interop_tab_0"]/item[0][Class="ListGrid"]/filterEditor/editRowForm/item[name=LCHNeg||title=Cash%20Call%20to%20CCG||index=2||Class=FloatItem]/element]]></target>
	<value><![CDATA[]]></value>
</selenese>
<selenese>
	<command>type</command>
	<target><![CDATA[scLocator=//Portlet[ID="datastaging_interop_tab_0"]/item[0][Class="ListGrid"]/filterEditor/editRowForm/item[name=LCHNeg||title=Cash%20Call%20to%20CCG||index=2||Class=FloatItem]/element]]></target>
	<value><![CDATA[]]></value>
</selenese>
<selenese>
	<command>waitForElementClickable</command>
	<target><![CDATA[scLocator=//Portlet[ID="datastaging_interop_tab_0"]/item[0][Class="ListGrid"]/filterEditor/editRowForm/item[name=CLE_CSH_CLL||title=Cash%20Call%20to%20LCH||index=3||Class=FloatItem]/element]]></target>
	<value><![CDATA[]]></value>
</selenese>
<selenese>
	<command>click</command>
	<target><![CDATA[scLocator=//Portlet[ID="datastaging_interop_tab_0"]/item[0][Class="ListGrid"]/filterEditor/editRowForm/item[name=CLE_CSH_CLL||title=Cash%20Call%20to%20LCH||index=3||Class=FloatItem]/element]]></target>
	<value><![CDATA[]]></value>
</selenese>
<selenese>
	<command>waitForElementClickable</command>
	<target><![CDATA[scLocator=//Portlet[ID="datastaging_interop_tab_0"]/item[0][Class="ListGrid"]/body/row[CALC_DT=Tue Sep 26 2017 12:00:00 GMT+0200 (W. Europe Standard Time)||CLE_CSH_CLL=112903280||6]/col[fieldName=CLE_CSH_CLL||3]]]></target>
	<value><![CDATA[]]></value>
</selenese>
<selenese>
	<command>click</command>
	<target><![CDATA[scLocator=//Portlet[ID="datastaging_interop_tab_0"]/item[0][Class="ListGrid"]/body/row[CALC_DT=Tue Sep 26 2017 12:00:00 GMT+0200 (W. Europe Standard Time)||CLE_CSH_CLL=112903280||6]/col[fieldName=CLE_CSH_CLL||3]]]></target>
	<value><![CDATA[]]></value>
</selenese>
<selenese>
	<command>waitForElementClickable</command>
	<target><![CDATA[scLocator=//Portlet[ID="datastaging_interop_tab_0"]/item[0][Class="ListGrid"]/filterEditor/editRowForm/item[name=CLE_CSH_CLL||title=Cash%20Call%20to%20LCH||index=3||Class=FloatItem]/element]]></target>
	<value><![CDATA[]]></value>
</selenese>
<selenese>
	<command>click</command>
	<target><![CDATA[scLocator=//Portlet[ID="datastaging_interop_tab_0"]/item[0][Class="ListGrid"]/filterEditor/editRowForm/item[name=CLE_CSH_CLL||title=Cash%20Call%20to%20LCH||index=3||Class=FloatItem]/element]]></target>
	<value><![CDATA[]]></value>
</selenese>
<selenese>
	<command>waitForElementReadyForKeyPresses</command>
	<target><![CDATA[scLocator=//Portlet[ID="datastaging_interop_tab_0"]/item[0][Class="ListGrid"]/filterEditor/editRowForm/item[name=CLE_CSH_CLL||title=Cash%20Call%20to%20LCH||value=%3E100||index=3||Class=FloatItem]/element]]></target>
	<value><![CDATA[]]></value>
</selenese>
<selenese>
	<command>sendKeys</command>
	<target><![CDATA[scLocator=//Portlet[ID="datastaging_interop_tab_0"]/item[0][Class="ListGrid"]/filterEditor/editRowForm/item[name=CLE_CSH_CLL||title=Cash%20Call%20to%20LCH||value=%3E100||index=3||Class=FloatItem]/element]]></target>
	<value><![CDATA[${KEY_ENTER}]]></value>
</selenese>
<selenese>
	<command>waitForElementClickable</command>
	<target><![CDATA[scLocator=//Portlet[ID="datastaging_interop_tab_0"]/item[0][Class="ListGrid"]/filterEditor/editRowForm/item[name=CLE_CSH_CLL||title=Cash%20Call%20to%20LCH||value=%3E100||index=3||Class=FloatItem]/element]]></target>
	<value><![CDATA[]]></value>
</selenese>
<selenese>
	<command>type</command>
	<target><![CDATA[scLocator=//Portlet[ID="datastaging_interop_tab_0"]/item[0][Class="ListGrid"]/filterEditor/editRowForm/item[name=CLE_CSH_CLL||title=Cash%20Call%20to%20LCH||value=%3E100||index=3||Class=FloatItem]/element]]></target>
	<value><![CDATA[>100]]></value>
</selenese>
<selenese>
	<command>waitForElementClickable</command>
	<target><![CDATA[scLocator=//Portlet[ID="datastaging_interop_tab_0"]/item[0][Class="ListGrid"]/filterEditor/editRowForm/item[name=SELLFAILS||title=Sell%20Fails||index=5||Class=FloatItem]/element]]></target>
	<value><![CDATA[]]></value>
</selenese>
<selenese>
	<command>click</command>
	<target><![CDATA[scLocator=//Portlet[ID="datastaging_interop_tab_0"]/item[0][Class="ListGrid"]/filterEditor/editRowForm/item[name=SELLFAILS||title=Sell%20Fails||index=5||Class=FloatItem]/element]]></target>
	<value><![CDATA[]]></value>
</selenese>
<selenese>
	<command>waitForElementClickable</command>
	<target><![CDATA[scLocator=//autoID[Class=VLayout||index=7||length=10||classIndex=0||classLength=1]/member[Class=HLayout||index=2||length=4||classIndex=2||classLength=4]/member[Class=HLayout||index=0||length=1||classIndex=0||classLength=1]/member[Class=TabSet||index=0||length=1||classIndex=0||classLength=1]/tabPane[title=Liq.%20Standard%20and%20Stressed%20Market%20Conditions||ID=tab_0||index=0]/member[Class=PortalLayout||index=0||length=1||classIndex=0||classLength=1]/column[Class=PortalColumn||index=0||length=2||classIndex=0||classLength=2]/R]]></target>
	<value><![CDATA[]]></value>
</selenese>
<selenese>
	<command>dragAndDrop</command>
	<target><![CDATA[scLocator=//autoID[Class=VLayout||index=7||length=10||classIndex=0||classLength=1]/member[Class=HLayout||index=2||length=4||classIndex=2||classLength=4]/member[Class=HLayout||index=0||length=1||classIndex=0||classLength=1]/member[Class=TabSet||index=0||length=1||classIndex=0||classLength=1]/tabPane[title=Liq.%20Standard%20and%20Stressed%20Market%20Conditions||ID=tab_0||index=0]/member[Class=PortalLayout||index=0||length=1||classIndex=0||classLength=1]/column[Class=PortalColumn||index=0||length=2||classIndex=0||classLength=2]/R]]></target>
	<value><![CDATA[+390,-161]]></value>
</selenese>
<selenese>
	<command>waitForElementClickable</command>
	<target><![CDATA[scLocator=//Portlet[ID="datastaging_interop_tab_0"]/item[0][Class="ListGrid"]/filterEditor/editRowForm/item[name=CLE_EX_CSH||title=LCH%20Excess%20Cash||index=4||Class=FloatItem]/element]]></target>
	<value><![CDATA[]]></value>
</selenese>
<selenese>
	<command>click</command>
	<target><![CDATA[scLocator=//Portlet[ID="datastaging_interop_tab_0"]/item[0][Class="ListGrid"]/filterEditor/editRowForm/item[name=CLE_EX_CSH||title=LCH%20Excess%20Cash||index=4||Class=FloatItem]/element]]></target>
	<value><![CDATA[]]></value>
</selenese>
<selenese>
	<command>waitForElementReadyForKeyPresses</command>
	<target><![CDATA[scLocator=//Portlet[ID="datastaging_interop_tab_0"]/item[0][Class="ListGrid"]/filterEditor/editRowForm/item[name=CLE_EX_CSH||title=LCH%20Excess%20Cash||value=%3E100||index=4||Class=FloatItem]/element]]></target>
	<value><![CDATA[]]></value>
</selenese>
<selenese>
	<command>sendKeys</command>
	<target><![CDATA[scLocator=//Portlet[ID="datastaging_interop_tab_0"]/item[0][Class="ListGrid"]/filterEditor/editRowForm/item[name=CLE_EX_CSH||title=LCH%20Excess%20Cash||value=%3E100||index=4||Class=FloatItem]/element]]></target>
	<value><![CDATA[${KEY_ENTER}]]></value>
</selenese>
<selenese>
	<command>waitForElementReadyForKeyPresses</command>
	<target><![CDATA[scLocator=//Portlet[ID="datastaging_interop_tab_0"]/item[0][Class="ListGrid"]/filterEditor/editRowForm/item[name=CLE_EX_CSH||title=LCH%20Excess%20Cash||value=%3E10||index=4||Class=FloatItem]/element]]></target>
	<value><![CDATA[]]></value>
</selenese>
<selenese>
	<command>sendKeys</command>
	<target><![CDATA[scLocator=//Portlet[ID="datastaging_interop_tab_0"]/item[0][Class="ListGrid"]/filterEditor/editRowForm/item[name=CLE_EX_CSH||title=LCH%20Excess%20Cash||value=%3E10||index=4||Class=FloatItem]/element]]></target>
	<value><![CDATA[${KEY_ENTER}]]></value>
</selenese>
<selenese>
	<command>waitForElementReadyForKeyPresses</command>
	<target><![CDATA[scLocator=//Portlet[ID="datastaging_interop_tab_0"]/item[0][Class="ListGrid"]/filterEditor/editRowForm/item[name=CLE_EX_CSH||title=LCH%20Excess%20Cash||value=%3E1||index=4||Class=FloatItem]/element]]></target>
	<value><![CDATA[]]></value>
</selenese>
<selenese>
	<command>sendKeys</command>
	<target><![CDATA[scLocator=//Portlet[ID="datastaging_interop_tab_0"]/item[0][Class="ListGrid"]/filterEditor/editRowForm/item[name=CLE_EX_CSH||title=LCH%20Excess%20Cash||value=%3E1||index=4||Class=FloatItem]/element]]></target>
	<value><![CDATA[${KEY_ENTER}]]></value>
</selenese>
<selenese>
	<command>waitForElementReadyForKeyPresses</command>
	<target><![CDATA[scLocator=//Portlet[ID="datastaging_interop_tab_0"]/item[0][Class="ListGrid"]/filterEditor/editRowForm/item[name=CLE_EX_CSH||title=LCH%20Excess%20Cash||value=%3E0||index=4||Class=FloatItem]/element]]></target>
	<value><![CDATA[]]></value>
</selenese>
<selenese>
	<command>sendKeys</command>
	<target><![CDATA[scLocator=//Portlet[ID="datastaging_interop_tab_0"]/item[0][Class="ListGrid"]/filterEditor/editRowForm/item[name=CLE_EX_CSH||title=LCH%20Excess%20Cash||value=%3E0||index=4||Class=FloatItem]/element]]></target>
	<value><![CDATA[${KEY_ENTER}]]></value>
</selenese>
<selenese>
	<command>waitForElementReadyForKeyPresses</command>
	<target><![CDATA[scLocator=//Portlet[ID="datastaging_interop_tab_0"]/item[0][Class="ListGrid"]/filterEditor/editRowForm/item[name=CLE_EX_CSH||title=LCH%20Excess%20Cash||index=4||Class=FloatItem]/element]]></target>
	<value><![CDATA[]]></value>
</selenese>
<selenese>
	<command>sendKeys</command>
	<target><![CDATA[scLocator=//Portlet[ID="datastaging_interop_tab_0"]/item[0][Class="ListGrid"]/filterEditor/editRowForm/item[name=CLE_EX_CSH||title=LCH%20Excess%20Cash||index=4||Class=FloatItem]/element]]></target>
	<value><![CDATA[${KEY_ENTER}]]></value>
</selenese>
<selenese>
	<command>waitForElementClickable</command>
	<target><![CDATA[scLocator=//Portlet[ID="datastaging_interop_tab_0"]/item[0][Class="ListGrid"]/filterEditor/editRowForm/item[name=SELLFAILS||title=Sell%20Fails||index=5||Class=FloatItem]/element]]></target>
	<value><![CDATA[]]></value>
</selenese>
<selenese>
	<command>click</command>
	<target><![CDATA[scLocator=//Portlet[ID="datastaging_interop_tab_0"]/item[0][Class="ListGrid"]/filterEditor/editRowForm/item[name=SELLFAILS||title=Sell%20Fails||index=5||Class=FloatItem]/element]]></target>
	<value><![CDATA[]]></value>
</selenese>
<selenese>
	<command>waitForElementReadyForKeyPresses</command>
	<target><![CDATA[scLocator=//Portlet[ID="datastaging_interop_tab_0"]/item[0][Class="ListGrid"]/filterEditor/editRowForm/item[name=SELLFAILS||title=Sell%20Fails||value=%3C10||index=5||Class=FloatItem]/element]]></target>
	<value><![CDATA[]]></value>
</selenese>
<selenese>
	<command>sendKeys</command>
	<target><![CDATA[scLocator=//Portlet[ID="datastaging_interop_tab_0"]/item[0][Class="ListGrid"]/filterEditor/editRowForm/item[name=SELLFAILS||title=Sell%20Fails||value=%3C10||index=5||Class=FloatItem]/element]]></target>
	<value><![CDATA[${KEY_ENTER}]]></value>
</selenese>
<selenese>
	<command>waitForElementReadyForKeyPresses</command>
	<target><![CDATA[scLocator=//Portlet[ID="datastaging_interop_tab_0"]/item[0][Class="ListGrid"]/filterEditor/editRowForm/item[name=SELLFAILS||title=Sell%20Fails||value=%3C100||index=5||Class=FloatItem]/element]]></target>
	<value><![CDATA[]]></value>
</selenese>
<selenese>
	<command>sendKeys</command>
	<target><![CDATA[scLocator=//Portlet[ID="datastaging_interop_tab_0"]/item[0][Class="ListGrid"]/filterEditor/editRowForm/item[name=SELLFAILS||title=Sell%20Fails||value=%3C100||index=5||Class=FloatItem]/element]]></target>
	<value><![CDATA[${KEY_ENTER}]]></value>
</selenese>
<selenese>
	<command>waitForElementClickable</command>
	<target><![CDATA[scLocator=//Portlet[ID="datastaging_interop_tab_0"]/item[0][Class="ListGrid"]/filterEditor/editRowForm/item[name=SELLFAILS||title=Sell%20Fails||value=%3C100||index=5||Class=FloatItem]/element]]></target>
	<value><![CDATA[]]></value>
</selenese>
<selenese>
	<command>click</command>
	<target><![CDATA[scLocator=//Portlet[ID="datastaging_interop_tab_0"]/item[0][Class="ListGrid"]/filterEditor/editRowForm/item[name=SELLFAILS||title=Sell%20Fails||value=%3C100||index=5||Class=FloatItem]/element]]></target>
	<value><![CDATA[]]></value>
</selenese>
<selenese>
	<command>waitForElementReadyForKeyPresses</command>
	<target><![CDATA[scLocator=//Portlet[ID="datastaging_interop_tab_0"]/item[0][Class="ListGrid"]/filterEditor/editRowForm/item[name=SELLFAILS||title=Sell%20Fails||value=%3C1000||index=5||Class=FloatItem]/element]]></target>
	<value><![CDATA[]]></value>
</selenese>
<selenese>
	<command>sendKeys</command>
	<target><![CDATA[scLocator=//Portlet[ID="datastaging_interop_tab_0"]/item[0][Class="ListGrid"]/filterEditor/editRowForm/item[name=SELLFAILS||title=Sell%20Fails||value=%3C1000||index=5||Class=FloatItem]/element]]></target>
	<value><![CDATA[${KEY_ENTER}]]></value>
</selenese>
<selenese>
	<command>waitForElementClickable</command>
	<target><![CDATA[scLocator=//Portlet[ID="datastaging_interop_tab_0"]/item[0][Class="ListGrid"]/filterEditor/editRowForm/item[name=SELLFAILS||title=Sell%20Fails||value=%3C1000||index=5||Class=FloatItem]/element]]></target>
	<value><![CDATA[]]></value>
</selenese>
<selenese>
	<command>click</command>
	<target><![CDATA[scLocator=//Portlet[ID="datastaging_interop_tab_0"]/item[0][Class="ListGrid"]/filterEditor/editRowForm/item[name=SELLFAILS||title=Sell%20Fails||value=%3C1000||index=5||Class=FloatItem]/element]]></target>
	<value><![CDATA[]]></value>
</selenese>
<selenese>
	<command>waitForElementReadyForKeyPresses</command>
	<target><![CDATA[scLocator=//Portlet[ID="datastaging_interop_tab_0"]/item[0][Class="ListGrid"]/filterEditor/editRowForm/item[name=SELLFAILS||title=Sell%20Fails||value=%3C-57.449||index=5||Class=FloatItem]/element]]></target>
	<value><![CDATA[]]></value>
</selenese>
<selenese>
	<command>sendKeys</command>
	<target><![CDATA[scLocator=//Portlet[ID="datastaging_interop_tab_0"]/item[0][Class="ListGrid"]/filterEditor/editRowForm/item[name=SELLFAILS||title=Sell%20Fails||value=%3C-57.449||index=5||Class=FloatItem]/element]]></target>
	<value><![CDATA[${KEY_ENTER}]]></value>
</selenese>
<selenese>
	<command>waitForElementReadyForKeyPresses</command>
	<target><![CDATA[scLocator=//Portlet[ID="datastaging_interop_tab_0"]/item[0][Class="ListGrid"]/filterEditor/editRowForm/item[name=SELLFAILS||title=Sell%20Fails||value=%3C-57%2C000||index=5||Class=FloatItem]/element]]></target>
	<value><![CDATA[]]></value>
</selenese>
<selenese>
	<command>sendKeys</command>
	<target><![CDATA[scLocator=//Portlet[ID="datastaging_interop_tab_0"]/item[0][Class="ListGrid"]/filterEditor/editRowForm/item[name=SELLFAILS||title=Sell%20Fails||value=%3C-57%2C000||index=5||Class=FloatItem]/element]]></target>
	<value><![CDATA[${KEY_ENTER}]]></value>
</selenese>
<selenese>
	<command>waitForElementReadyForKeyPresses</command>
	<target><![CDATA[scLocator=//Portlet[ID="datastaging_interop_tab_0"]/item[0][Class="ListGrid"]/filterEditor/editRowForm/item[name=SELLFAILS||title=Sell%20Fails||value=%3C-57000||index=5||Class=FloatItem]/element]]></target>
	<value><![CDATA[]]></value>
</selenese>
<selenese>
	<command>sendKeys</command>
	<target><![CDATA[scLocator=//Portlet[ID="datastaging_interop_tab_0"]/item[0][Class="ListGrid"]/filterEditor/editRowForm/item[name=SELLFAILS||title=Sell%20Fails||value=%3C-57000||index=5||Class=FloatItem]/element]]></target>
	<value><![CDATA[${KEY_ENTER}]]></value>
</selenese>
<selenese>
	<command>waitForElementReadyForKeyPresses</command>
	<target><![CDATA[scLocator=//Portlet[ID="datastaging_interop_tab_0"]/item[0][Class="ListGrid"]/filterEditor/editRowForm/item[name=SELLFAILS||title=Sell%20Fails||value=%3C-57||index=5||Class=FloatItem]/element]]></target>
	<value><![CDATA[]]></value>
</selenese>
<selenese>
	<command>sendKeys</command>
	<target><![CDATA[scLocator=//Portlet[ID="datastaging_interop_tab_0"]/item[0][Class="ListGrid"]/filterEditor/editRowForm/item[name=SELLFAILS||title=Sell%20Fails||value=%3C-57||index=5||Class=FloatItem]/element]]></target>
	<value><![CDATA[${KEY_ENTER}]]></value>
</selenese>
<selenese>
	<command>waitForElementReadyForKeyPresses</command>
	<target><![CDATA[scLocator=//Portlet[ID="datastaging_interop_tab_0"]/item[0][Class="ListGrid"]/filterEditor/editRowForm/item[name=SELLFAILS||title=Sell%20Fails||value=%3C-57%2C000||index=5||Class=FloatItem]/element]]></target>
	<value><![CDATA[]]></value>
</selenese>
<selenese>
	<command>sendKeys</command>
	<target><![CDATA[scLocator=//Portlet[ID="datastaging_interop_tab_0"]/item[0][Class="ListGrid"]/filterEditor/editRowForm/item[name=SELLFAILS||title=Sell%20Fails||value=%3C-57%2C000||index=5||Class=FloatItem]/element]]></target>
	<value><![CDATA[${KEY_ENTER}]]></value>
</selenese>
<selenese>
	<command>waitForElementClickable</command>
	<target><![CDATA[scLocator=//Portlet[ID="datastaging_interop_tab_0"]/item[0][Class="ListGrid"]/filterEditor/editRowForm/item[name=SELLFAILS||title=Sell%20Fails||value=%3C-57%2C000||index=5||Class=FloatItem]/element]]></target>
	<value><![CDATA[]]></value>
</selenese>
<selenese>
	<command>type</command>
	<target><![CDATA[scLocator=//Portlet[ID="datastaging_interop_tab_0"]/item[0][Class="ListGrid"]/filterEditor/editRowForm/item[name=SELLFAILS||title=Sell%20Fails||value=%3C-57%2C000||index=5||Class=FloatItem]/element]]></target>
	<value><![CDATA[<-57,000]]></value>
</selenese>
<selenese>
	<command>waitForElementClickable</command>
	<target><![CDATA[scLocator=//Portlet[ID="datastaging_interop_tab_0"]/item[0][Class="ListGrid"]/filterEditor/editRowForm/item[name=CLE_CSH_CLL||title=Cash%20Call%20to%20LCH||value=%3E100||index=3||Class=FloatItem]/element]]></target>
	<value><![CDATA[]]></value>
</selenese>
<selenese>
	<command>click</command>
	<target><![CDATA[scLocator=//Portlet[ID="datastaging_interop_tab_0"]/item[0][Class="ListGrid"]/filterEditor/editRowForm/item[name=CLE_CSH_CLL||title=Cash%20Call%20to%20LCH||value=%3E100||index=3||Class=FloatItem]/element]]></target>
	<value><![CDATA[]]></value>
</selenese>
<selenese>
	<command>waitForElementClickable</command>
	<target><![CDATA[scLocator=//Portlet[ID="datastaging_interop_tab_0"]/item[0][Class="ListGrid"]/filterEditor/editRowForm/item[name=CLE_CSH_CLL||title=Cash%20Call%20to%20LCH||value=%3E100||index=3||Class=FloatItem]/element]]></target>
	<value><![CDATA[]]></value>
</selenese>
<selenese>
	<command>click</command>
	<target><![CDATA[scLocator=//Portlet[ID="datastaging_interop_tab_0"]/item[0][Class="ListGrid"]/filterEditor/editRowForm/item[name=CLE_CSH_CLL||title=Cash%20Call%20to%20LCH||value=%3E100||index=3||Class=FloatItem]/element]]></target>
	<value><![CDATA[]]></value>
</selenese>
<selenese>
	<command>waitForElementReadyForKeyPresses</command>
	<target><![CDATA[scLocator=//Portlet[ID="datastaging_interop_tab_0"]/item[0][Class="ListGrid"]/filterEditor/editRowForm/item[name=CLE_CSH_CLL||title=Cash%20Call%20to%20LCH||value=%3E100%2C127%2C740||index=3||Class=FloatItem]/element]]></target>
	<value><![CDATA[]]></value>
</selenese>
<selenese>
	<command>sendKeys</command>
	<target><![CDATA[scLocator=//Portlet[ID="datastaging_interop_tab_0"]/item[0][Class="ListGrid"]/filterEditor/editRowForm/item[name=CLE_CSH_CLL||title=Cash%20Call%20to%20LCH||value=%3E100%2C127%2C740||index=3||Class=FloatItem]/element]]></target>
	<value><![CDATA[${KEY_LEFT}]]></value>
</selenese>
<selenese>
	<command>waitForElementReadyForKeyPresses</command>
	<target><![CDATA[scLocator=//Portlet[ID="datastaging_interop_tab_0"]/item[0][Class="ListGrid"]/filterEditor/editRowForm/item[name=CLE_CSH_CLL||title=Cash%20Call%20to%20LCH||value=%3E100%2C127%2C740||index=3||Class=FloatItem]/element]]></target>
	<value><![CDATA[]]></value>
</selenese>
<selenese>
	<command>sendKeys</command>
	<target><![CDATA[scLocator=//Portlet[ID="datastaging_interop_tab_0"]/item[0][Class="ListGrid"]/filterEditor/editRowForm/item[name=CLE_CSH_CLL||title=Cash%20Call%20to%20LCH||value=%3E100%2C127%2C740||index=3||Class=FloatItem]/element]]></target>
	<value><![CDATA[${KEY_LEFT}]]></value>
</selenese>
<selenese>
	<command>waitForElementReadyForKeyPresses</command>
	<target><![CDATA[scLocator=//Portlet[ID="datastaging_interop_tab_0"]/item[0][Class="ListGrid"]/filterEditor/editRowForm/item[name=CLE_CSH_CLL||title=Cash%20Call%20to%20LCH||value=%3E100%2C127%2C740||index=3||Class=FloatItem]/element]]></target>
	<value><![CDATA[]]></value>
</selenese>
<selenese>
	<command>sendKeys</command>
	<target><![CDATA[scLocator=//Portlet[ID="datastaging_interop_tab_0"]/item[0][Class="ListGrid"]/filterEditor/editRowForm/item[name=CLE_CSH_CLL||title=Cash%20Call%20to%20LCH||value=%3E100%2C127%2C740||index=3||Class=FloatItem]/element]]></target>
	<value><![CDATA[${KEY_LEFT}]]></value>
</selenese>
<selenese>
	<command>waitForElementReadyForKeyPresses</command>
	<target><![CDATA[scLocator=//Portlet[ID="datastaging_interop_tab_0"]/item[0][Class="ListGrid"]/filterEditor/editRowForm/item[name=CLE_CSH_CLL||title=Cash%20Call%20to%20LCH||value=%3E100%2C127%2C740||index=3||Class=FloatItem]/element]]></target>
	<value><![CDATA[]]></value>
</selenese>
<selenese>
	<command>sendKeys</command>
	<target><![CDATA[scLocator=//Portlet[ID="datastaging_interop_tab_0"]/item[0][Class="ListGrid"]/filterEditor/editRowForm/item[name=CLE_CSH_CLL||title=Cash%20Call%20to%20LCH||value=%3E100%2C127%2C740||index=3||Class=FloatItem]/element]]></target>
	<value><![CDATA[${KEY_LEFT}]]></value>
</selenese>
<selenese>
	<command>waitForElementReadyForKeyPresses</command>
	<target><![CDATA[scLocator=//Portlet[ID="datastaging_interop_tab_0"]/item[0][Class="ListGrid"]/filterEditor/editRowForm/item[name=CLE_CSH_CLL||title=Cash%20Call%20to%20LCH||value=%3E100%2C127%2C740||index=3||Class=FloatItem]/element]]></target>
	<value><![CDATA[]]></value>
</selenese>
<selenese>
	<command>sendKeys</command>
	<target><![CDATA[scLocator=//Portlet[ID="datastaging_interop_tab_0"]/item[0][Class="ListGrid"]/filterEditor/editRowForm/item[name=CLE_CSH_CLL||title=Cash%20Call%20to%20LCH||value=%3E100%2C127%2C740||index=3||Class=FloatItem]/element]]></target>
	<value><![CDATA[${KEY_LEFT}]]></value>
</selenese>
<selenese>
	<command>waitForElementReadyForKeyPresses</command>
	<target><![CDATA[scLocator=//Portlet[ID="datastaging_interop_tab_0"]/item[0][Class="ListGrid"]/filterEditor/editRowForm/item[name=CLE_CSH_CLL||title=Cash%20Call%20to%20LCH||value=%3E100%2C127%2C740||index=3||Class=FloatItem]/element]]></target>
	<value><![CDATA[]]></value>
</selenese>
<selenese>
	<command>sendKeys</command>
	<target><![CDATA[scLocator=//Portlet[ID="datastaging_interop_tab_0"]/item[0][Class="ListGrid"]/filterEditor/editRowForm/item[name=CLE_CSH_CLL||title=Cash%20Call%20to%20LCH||value=%3E100%2C127%2C740||index=3||Class=FloatItem]/element]]></target>
	<value><![CDATA[${KEY_LEFT}]]></value>
</selenese>
<selenese>
	<command>waitForElementReadyForKeyPresses</command>
	<target><![CDATA[scLocator=//Portlet[ID="datastaging_interop_tab_0"]/item[0][Class="ListGrid"]/filterEditor/editRowForm/item[name=CLE_CSH_CLL||title=Cash%20Call%20to%20LCH||value=%3E100%2C127%2C740||index=3||Class=FloatItem]/element]]></target>
	<value><![CDATA[]]></value>
</selenese>
<selenese>
	<command>sendKeys</command>
	<target><![CDATA[scLocator=//Portlet[ID="datastaging_interop_tab_0"]/item[0][Class="ListGrid"]/filterEditor/editRowForm/item[name=CLE_CSH_CLL||title=Cash%20Call%20to%20LCH||value=%3E100%2C127%2C740||index=3||Class=FloatItem]/element]]></target>
	<value><![CDATA[${KEY_LEFT}]]></value>
</selenese>
<selenese>
	<command>waitForElementReadyForKeyPresses</command>
	<target><![CDATA[scLocator=//Portlet[ID="datastaging_interop_tab_0"]/item[0][Class="ListGrid"]/filterEditor/editRowForm/item[name=CLE_CSH_CLL||title=Cash%20Call%20to%20LCH||value=%3E100%2C127%2C740||index=3||Class=FloatItem]/element]]></target>
	<value><![CDATA[]]></value>
</selenese>
<selenese>
	<command>sendKeys</command>
	<target><![CDATA[scLocator=//Portlet[ID="datastaging_interop_tab_0"]/item[0][Class="ListGrid"]/filterEditor/editRowForm/item[name=CLE_CSH_CLL||title=Cash%20Call%20to%20LCH||value=%3E100%2C127%2C740||index=3||Class=FloatItem]/element]]></target>
	<value><![CDATA[${KEY_LEFT}]]></value>
</selenese>
<selenese>
	<command>waitForElementReadyForKeyPresses</command>
	<target><![CDATA[scLocator=//Portlet[ID="datastaging_interop_tab_0"]/item[0][Class="ListGrid"]/filterEditor/editRowForm/item[name=CLE_CSH_CLL||title=Cash%20Call%20to%20LCH||value=%3E100%2C127%2C740||index=3||Class=FloatItem]/element]]></target>
	<value><![CDATA[]]></value>
</selenese>
<selenese>
	<command>sendKeys</command>
	<target><![CDATA[scLocator=//Portlet[ID="datastaging_interop_tab_0"]/item[0][Class="ListGrid"]/filterEditor/editRowForm/item[name=CLE_CSH_CLL||title=Cash%20Call%20to%20LCH||value=%3E100%2C127%2C740||index=3||Class=FloatItem]/element]]></target>
	<value><![CDATA[${KEY_LEFT}]]></value>
</selenese>
<selenese>
	<command>waitForElementReadyForKeyPresses</command>
	<target><![CDATA[scLocator=//Portlet[ID="datastaging_interop_tab_0"]/item[0][Class="ListGrid"]/filterEditor/editRowForm/item[name=CLE_CSH_CLL||title=Cash%20Call%20to%20LCH||value=%3E100%2C127%2C740||index=3||Class=FloatItem]/element]]></target>
	<value><![CDATA[]]></value>
</selenese>
<selenese>
	<command>sendKeys</command>
	<target><![CDATA[scLocator=//Portlet[ID="datastaging_interop_tab_0"]/item[0][Class="ListGrid"]/filterEditor/editRowForm/item[name=CLE_CSH_CLL||title=Cash%20Call%20to%20LCH||value=%3E100%2C127%2C740||index=3||Class=FloatItem]/element]]></target>
	<value><![CDATA[${KEY_LEFT}]]></value>
</selenese>
<selenese>
	<command>waitForElementReadyForKeyPresses</command>
	<target><![CDATA[scLocator=//Portlet[ID="datastaging_interop_tab_0"]/item[0][Class="ListGrid"]/filterEditor/editRowForm/item[name=CLE_CSH_CLL||title=Cash%20Call%20to%20LCH||value=%3E100%2C127%2C740||index=3||Class=FloatItem]/element]]></target>
	<value><![CDATA[]]></value>
</selenese>
<selenese>
	<command>sendKeys</command>
	<target><![CDATA[scLocator=//Portlet[ID="datastaging_interop_tab_0"]/item[0][Class="ListGrid"]/filterEditor/editRowForm/item[name=CLE_CSH_CLL||title=Cash%20Call%20to%20LCH||value=%3E100%2C127%2C740||index=3||Class=FloatItem]/element]]></target>
	<value><![CDATA[${KEY_LEFT}]]></value>
</selenese>
<selenese>
	<command>waitForElementReadyForKeyPresses</command>
	<target><![CDATA[scLocator=//Portlet[ID="datastaging_interop_tab_0"]/item[0][Class="ListGrid"]/filterEditor/editRowForm/item[name=CLE_CSH_CLL||title=Cash%20Call%20to%20LCH||value=%3D100%2C127%2C740||index=3||Class=FloatItem]/element]]></target>
	<value><![CDATA[]]></value>
</selenese>
<selenese>
	<command>sendKeys</command>
	<target><![CDATA[scLocator=//Portlet[ID="datastaging_interop_tab_0"]/item[0][Class="ListGrid"]/filterEditor/editRowForm/item[name=CLE_CSH_CLL||title=Cash%20Call%20to%20LCH||value=%3D100%2C127%2C740||index=3||Class=FloatItem]/element]]></target>
	<value><![CDATA[${KEY_ENTER}]]></value>
</selenese>
<selenese>
	<command>waitForElementClickable</command>
	<target><![CDATA[scLocator=//Portlet[ID="datastaging_interop_tab_0"]/item[0][Class="ListGrid"]/filterEditor/editRowForm/item[name=CLE_CSH_CLL||title=Cash%20Call%20to%20LCH||value=%3D100%2C127%2C740||index=3||Class=FloatItem]/element]]></target>
	<value><![CDATA[]]></value>
</selenese>
<selenese>
	<command>type</command>
	<target><![CDATA[scLocator=//Portlet[ID="datastaging_interop_tab_0"]/item[0][Class="ListGrid"]/filterEditor/editRowForm/item[name=CLE_CSH_CLL||title=Cash%20Call%20to%20LCH||value=%3D100%2C127%2C740||index=3||Class=FloatItem]/element]]></target>
	<value><![CDATA[=100,127,740]]></value>
</selenese>
<selenese>
	<command>waitForElementClickable</command>
	<target><![CDATA[scLocator=//Portlet[ID="datastaging_interop_tab_0"]/item[0][Class="ListGrid"]/filterEditor/editRowForm/item[name=SELLFAILS||title=Sell%20Fails||value=%3C-57%2C000||index=5||Class=FloatItem]/element]]></target>
	<value><![CDATA[]]></value>
</selenese>
<selenese>
	<command>click</command>
	<target><![CDATA[scLocator=//Portlet[ID="datastaging_interop_tab_0"]/item[0][Class="ListGrid"]/filterEditor/editRowForm/item[name=SELLFAILS||title=Sell%20Fails||value=%3C-57%2C000||index=5||Class=FloatItem]/element]]></target>
	<value><![CDATA[]]></value>
</selenese>
<selenese>
	<command>waitForElementReadyForKeyPresses</command>
	<target><![CDATA[scLocator=//Portlet[ID="datastaging_interop_tab_0"]/item[0][Class="ListGrid"]/filterEditor/editRowForm/item[name=SELLFAILS||title=Sell%20Fails||index=5||Class=FloatItem]/element]]></target>
	<value><![CDATA[]]></value>
</selenese>
<selenese>
	<command>sendKeys</command>
	<target><![CDATA[scLocator=//Portlet[ID="datastaging_interop_tab_0"]/item[0][Class="ListGrid"]/filterEditor/editRowForm/item[name=SELLFAILS||title=Sell%20Fails||index=5||Class=FloatItem]/element]]></target>
	<value><![CDATA[${KEY_ENTER}]]></value>
</selenese>
<selenese>
	<command>waitForElementClickable</command>
	<target><![CDATA[scLocator=//Portlet[ID="datastaging_interop_tab_0"]/item[0][Class="ListGrid"]/filterEditor/editRowForm/item[name=SELLFAILS||title=Sell%20Fails||index=5||Class=FloatItem]/element]]></target>
	<value><![CDATA[]]></value>
</selenese>
<selenese>
	<command>type</command>
	<target><![CDATA[scLocator=//Portlet[ID="datastaging_interop_tab_0"]/item[0][Class="ListGrid"]/filterEditor/editRowForm/item[name=SELLFAILS||title=Sell%20Fails||index=5||Class=FloatItem]/element]]></target>
	<value><![CDATA[]]></value>
</selenese>
<selenese>
	<command>waitForElementClickable</command>
	<target><![CDATA[scLocator=//Portlet[ID="datastaging_interop_tab_0"]/item[0][Class="ListGrid"]/filterEditor/editRowForm/item[name=CLE_CSH_CLL||title=Cash%20Call%20to%20LCH||value=%3D100%2C127%2C740||index=3||Class=FloatItem]/element]]></target>
	<value><![CDATA[]]></value>
</selenese>
<selenese>
	<command>click</command>
	<target><![CDATA[scLocator=//Portlet[ID="datastaging_interop_tab_0"]/item[0][Class="ListGrid"]/filterEditor/editRowForm/item[name=CLE_CSH_CLL||title=Cash%20Call%20to%20LCH||value=%3D100%2C127%2C740||index=3||Class=FloatItem]/element]]></target>
	<value><![CDATA[]]></value>
</selenese>
<selenese>
	<command>waitForElementReadyForKeyPresses</command>
	<target><![CDATA[scLocator=//Portlet[ID="datastaging_interop_tab_0"]/item[0][Class="ListGrid"]/filterEditor/editRowForm/item[name=CLE_CSH_CLL||title=Cash%20Call%20to%20LCH||value=%3D100%2C127%2C740||index=3||Class=FloatItem]/element]]></target>
	<value><![CDATA[]]></value>
</selenese>
<selenese>
	<command>sendKeys</command>
	<target><![CDATA[scLocator=//Portlet[ID="datastaging_interop_tab_0"]/item[0][Class="ListGrid"]/filterEditor/editRowForm/item[name=CLE_CSH_CLL||title=Cash%20Call%20to%20LCH||value=%3D100%2C127%2C740||index=3||Class=FloatItem]/element]]></target>
	<value><![CDATA[${KEY_RIGHT}]]></value>
</selenese>
<selenese>
	<command>waitForElementReadyForKeyPresses</command>
	<target><![CDATA[scLocator=//Portlet[ID="datastaging_interop_tab_0"]/item[0][Class="ListGrid"]/filterEditor/editRowForm/item[name=CLE_CSH_CLL||title=Cash%20Call%20to%20LCH||value=%3D100%2C127740||index=3||Class=FloatItem]/element]]></target>
	<value><![CDATA[]]></value>
</selenese>
<selenese>
	<command>sendKeys</command>
	<target><![CDATA[scLocator=//Portlet[ID="datastaging_interop_tab_0"]/item[0][Class="ListGrid"]/filterEditor/editRowForm/item[name=CLE_CSH_CLL||title=Cash%20Call%20to%20LCH||value=%3D100%2C127740||index=3||Class=FloatItem]/element]]></target>
	<value><![CDATA[${KEY_LEFT}]]></value>
</selenese>
<selenese>
	<command>waitForElementReadyForKeyPresses</command>
	<target><![CDATA[scLocator=//Portlet[ID="datastaging_interop_tab_0"]/item[0][Class="ListGrid"]/filterEditor/editRowForm/item[name=CLE_CSH_CLL||title=Cash%20Call%20to%20LCH||value=%3D100%2C127740||index=3||Class=FloatItem]/element]]></target>
	<value><![CDATA[]]></value>
</selenese>
<selenese>
	<command>sendKeys</command>
	<target><![CDATA[scLocator=//Portlet[ID="datastaging_interop_tab_0"]/item[0][Class="ListGrid"]/filterEditor/editRowForm/item[name=CLE_CSH_CLL||title=Cash%20Call%20to%20LCH||value=%3D100%2C127740||index=3||Class=FloatItem]/element]]></target>
	<value><![CDATA[${KEY_LEFT}]]></value>
</selenese>
<selenese>
	<command>waitForElementReadyForKeyPresses</command>
	<target><![CDATA[scLocator=//Portlet[ID="datastaging_interop_tab_0"]/item[0][Class="ListGrid"]/filterEditor/editRowForm/item[name=CLE_CSH_CLL||title=Cash%20Call%20to%20LCH||value=%3D100%2C127740||index=3||Class=FloatItem]/element]]></target>
	<value><![CDATA[]]></value>
</selenese>
<selenese>
	<command>sendKeys</command>
	<target><![CDATA[scLocator=//Portlet[ID="datastaging_interop_tab_0"]/item[0][Class="ListGrid"]/filterEditor/editRowForm/item[name=CLE_CSH_CLL||title=Cash%20Call%20to%20LCH||value=%3D100%2C127740||index=3||Class=FloatItem]/element]]></target>
	<value><![CDATA[${KEY_LEFT}]]></value>
</selenese>
<selenese>
	<command>waitForElementReadyForKeyPresses</command>
	<target><![CDATA[scLocator=//Portlet[ID="datastaging_interop_tab_0"]/item[0][Class="ListGrid"]/filterEditor/editRowForm/item[name=CLE_CSH_CLL||title=Cash%20Call%20to%20LCH||value=%3D100%2C127740||index=3||Class=FloatItem]/element]]></target>
	<value><![CDATA[]]></value>
</selenese>
<selenese>
	<command>sendKeys</command>
	<target><![CDATA[scLocator=//Portlet[ID="datastaging_interop_tab_0"]/item[0][Class="ListGrid"]/filterEditor/editRowForm/item[name=CLE_CSH_CLL||title=Cash%20Call%20to%20LCH||value=%3D100%2C127740||index=3||Class=FloatItem]/element]]></target>
	<value><![CDATA[${KEY_RIGHT}]]></value>
</selenese>
<selenese>
	<command>waitForElementReadyForKeyPresses</command>
	<target><![CDATA[scLocator=//Portlet[ID="datastaging_interop_tab_0"]/item[0][Class="ListGrid"]/filterEditor/editRowForm/item[name=CLE_CSH_CLL||title=Cash%20Call%20to%20LCH||value=%3D100%2C127740||index=3||Class=FloatItem]/element]]></target>
	<value><![CDATA[]]></value>
</selenese>
<selenese>
	<command>sendKeys</command>
	<target><![CDATA[scLocator=//Portlet[ID="datastaging_interop_tab_0"]/item[0][Class="ListGrid"]/filterEditor/editRowForm/item[name=CLE_CSH_CLL||title=Cash%20Call%20to%20LCH||value=%3D100%2C127740||index=3||Class=FloatItem]/element]]></target>
	<value><![CDATA[${KEY_LEFT}]]></value>
</selenese>
<selenese>
	<command>waitForElementReadyForKeyPresses</command>
	<target><![CDATA[scLocator=//Portlet[ID="datastaging_interop_tab_0"]/item[0][Class="ListGrid"]/filterEditor/editRowForm/item[name=CLE_CSH_CLL||title=Cash%20Call%20to%20LCH||value=%3D100127740||index=3||Class=FloatItem]/element]]></target>
	<value><![CDATA[]]></value>
</selenese>
<selenese>
	<command>sendKeys</command>
	<target><![CDATA[scLocator=//Portlet[ID="datastaging_interop_tab_0"]/item[0][Class="ListGrid"]/filterEditor/editRowForm/item[name=CLE_CSH_CLL||title=Cash%20Call%20to%20LCH||value=%3D100127740||index=3||Class=FloatItem]/element]]></target>
	<value><![CDATA[${KEY_ENTER}]]></value>
</selenese>
<selenese>
	<command>waitForElementClickable</command>
	<target><![CDATA[scLocator=//Portlet[ID="datastaging_interop_tab_0"]/item[0][Class="ListGrid"]/filterEditor/editRowForm/item[name=CLE_CSH_CLL||title=Cash%20Call%20to%20LCH||value=%3D100127740||index=3||Class=FloatItem]/element]]></target>
	<value><![CDATA[]]></value>
</selenese>
<selenese>
	<command>type</command>
	<target><![CDATA[scLocator=//Portlet[ID="datastaging_interop_tab_0"]/item[0][Class="ListGrid"]/filterEditor/editRowForm/item[name=CLE_CSH_CLL||title=Cash%20Call%20to%20LCH||value=%3D100127740||index=3||Class=FloatItem]/element]]></target>
	<value><![CDATA[=100127740]]></value>
</selenese>
<selenese>
	<command>waitForElementClickable</command>
	<target><![CDATA[scLocator=//Portlet[ID="datastaging_interop_tab_0"]/item[0][Class="ListGrid"]/filterEditor/actionButton/icon]]></target>
	<value><![CDATA[]]></value>
</selenese>
<selenese>
	<command>click</command>
	<target><![CDATA[scLocator=//Portlet[ID="datastaging_interop_tab_0"]/item[0][Class="ListGrid"]/filterEditor/actionButton/icon]]></target>
	<value><![CDATA[]]></value>
</selenese>
<selenese>
	<command>waitForElementClickable</command>
	<target><![CDATA[scLocator=//Portlet[ID="datastaging_interop_tab_0"]/item[0][Class="ListGrid"]/filterEditor/editRowForm/item[name=CLE_CSH_CLL||title=Cash%20Call%20to%20LCH||value=%3D100127740||index=3||Class=FloatItem]/element]]></target>
	<value><![CDATA[]]></value>
</selenese>
<selenese>
	<command>click</command>
	<target><![CDATA[scLocator=//Portlet[ID="datastaging_interop_tab_0"]/item[0][Class="ListGrid"]/filterEditor/editRowForm/item[name=CLE_CSH_CLL||title=Cash%20Call%20to%20LCH||value=%3D100127740||index=3||Class=FloatItem]/element]]></target>
	<value><![CDATA[]]></value>
</selenese>
<selenese>
	<command>waitForElementReadyForKeyPresses</command>
	<target><![CDATA[scLocator=//Portlet[ID="datastaging_interop_tab_0"]/item[0][Class="ListGrid"]/filterEditor/editRowForm/item[name=CLE_CSH_CLL||title=Cash%20Call%20to%20LCH||index=3||Class=FloatItem]/element]]></target>
	<value><![CDATA[]]></value>
</selenese>
<selenese>
	<command>sendKeys</command>
	<target><![CDATA[scLocator=//Portlet[ID="datastaging_interop_tab_0"]/item[0][Class="ListGrid"]/filterEditor/editRowForm/item[name=CLE_CSH_CLL||title=Cash%20Call%20to%20LCH||index=3||Class=FloatItem]/element]]></target>
	<value><![CDATA[${KEY_ENTER}]]></value>
</selenese>
<selenese>
	<command>waitForElementClickable</command>
	<target><![CDATA[scLocator=//Portlet[ID="datastaging_interop_tab_0"]/item[0][Class="ListGrid"]/filterEditor/editRowForm/item[name=CLE_CSH_CLL||title=Cash%20Call%20to%20LCH||index=3||Class=FloatItem]/element]]></target>
	<value><![CDATA[]]></value>
</selenese>
<selenese>
	<command>type</command>
	<target><![CDATA[scLocator=//Portlet[ID="datastaging_interop_tab_0"]/item[0][Class="ListGrid"]/filterEditor/editRowForm/item[name=CLE_CSH_CLL||title=Cash%20Call%20to%20LCH||index=3||Class=FloatItem]/element]]></target>
	<value><![CDATA[]]></value>
</selenese>
<selenese>
	<command>waitForElementClickable</command>
	<target><![CDATA[scLocator=//Portlet[ID="datastaging_interop_tab_0"]/item[0][Class="ListGrid"]/body/row[CALC_DT=Mon Sep 25 2017 12:00:00 GMT+0200 (W. Europe Standard Time)||CLE_CSH_CLL=106797995||7]/col[fieldName=CLE_CSH_CLL||3]]]></target>
	<value><![CDATA[]]></value>
</selenese>
<selenese>
	<command>click</command>
	<target><![CDATA[scLocator=//Portlet[ID="datastaging_interop_tab_0"]/item[0][Class="ListGrid"]/body/row[CALC_DT=Mon Sep 25 2017 12:00:00 GMT+0200 (W. Europe Standard Time)||CLE_CSH_CLL=106797995||7]/col[fieldName=CLE_CSH_CLL||3]]]></target>
	<value><![CDATA[]]></value>
</selenese>
<selenese>
	<command>waitForElementClickable</command>
	<target><![CDATA[scLocator=//Portlet[ID="datastaging_interop_tab_0"]/item[0][Class="ListGrid"]/body/row[CALC_DT=Mon Sep 25 2017 12:00:00 GMT+0200 (W. Europe Standard Time)||CLE_CSH_CLL=106797995||7]/col[fieldName=CLE_CSH_CLL||3]]]></target>
	<value><![CDATA[]]></value>
</selenese>
<selenese>
	<command>contextMenu</command>
	<target><![CDATA[scLocator=//Portlet[ID="datastaging_interop_tab_0"]/item[0][Class="ListGrid"]/body/row[CALC_DT=Mon Sep 25 2017 12:00:00 GMT+0200 (W. Europe Standard Time)||CLE_CSH_CLL=106797995||7]/col[fieldName=CLE_CSH_CLL||3]]]></target>
	<value><![CDATA[]]></value>
</selenese>
<selenese>
	<command>waitForElementClickable</command>
	<target><![CDATA[scLocator=//Portlet[ID="datastaging_interop_tab_0"]/item[0][Class="ListGrid"]/body/row[CALC_DT=Mon Sep 25 2017 12:00:00 GMT+0200 (W. Europe Standard Time)||CLE_CSH_CLL=106797995||7]/col[fieldName=CLE_CSH_CLL||3]]]></target>
	<value><![CDATA[]]></value>
</selenese>
<selenese>
	<command>click</command>
	<target><![CDATA[scLocator=//Portlet[ID="datastaging_interop_tab_0"]/item[0][Class="ListGrid"]/body/row[CALC_DT=Mon Sep 25 2017 12:00:00 GMT+0200 (W. Europe Standard Time)||CLE_CSH_CLL=106797995||7]/col[fieldName=CLE_CSH_CLL||3]]]></target>
	<value><![CDATA[]]></value>
</selenese>
<selenese>
	<command>waitForElementClickable</command>
	<target><![CDATA[scLocator=//Portlet[ID="datastaging_interop_tab_0"]/item[0][Class="ListGrid"]/body/]]></target>
	<value><![CDATA[]]></value>
</selenese>
<selenese>
	<command>sendKeys</command>
	<target><![CDATA[scLocator=//Portlet[ID="datastaging_interop_tab_0"]/item[0][Class="ListGrid"]/body/]]></target>
	<value><![CDATA[${KEY_CTRL}C${KEY_CTRL}]]></value>
</selenese>
<selenese>
	<command>waitForElementClickable</command>
	<target><![CDATA[scLocator=//Portlet[ID="datastaging_interop_tab_0"]/item[0][Class="ListGrid"]/filterEditor/editRowForm/item[name=CLE_CSH_CLL||title=Cash%20Call%20to%20LCH||index=3||Class=FloatItem]/element]]></target>
	<value><![CDATA[]]></value>
</selenese>
<selenese>
	<command>click</command>
	<target><![CDATA[scLocator=//Portlet[ID="datastaging_interop_tab_0"]/item[0][Class="ListGrid"]/filterEditor/editRowForm/item[name=CLE_CSH_CLL||title=Cash%20Call%20to%20LCH||index=3||Class=FloatItem]/element]]></target>
	<value><![CDATA[]]></value>
</selenese>
<selenese>
	<command>waitForElementReadyForKeyPresses</command>
	<target><![CDATA[scLocator=//Portlet[ID="datastaging_interop_tab_0"]/item[0][Class="ListGrid"]/filterEditor/editRowForm/item[name=CLE_CSH_CLL||title=Cash%20Call%20to%20LCH||value=%3D%3C104543237.84||index=3||Class=FloatItem]/element]]></target>
	<value><![CDATA[]]></value>
</selenese>
<selenese>
	<command>sendKeys</command>
	<target><![CDATA[scLocator=//Portlet[ID="datastaging_interop_tab_0"]/item[0][Class="ListGrid"]/filterEditor/editRowForm/item[name=CLE_CSH_CLL||title=Cash%20Call%20to%20LCH||value=%3D%3C104543237.84||index=3||Class=FloatItem]/element]]></target>
	<value><![CDATA[${KEY_ENTER}]]></value>
</selenese>
<selenese>
	<command>waitForElementReadyForKeyPresses</command>
	<target><![CDATA[scLocator=//Portlet[ID="datastaging_interop_tab_0"]/item[0][Class="ListGrid"]/filterEditor/editRowForm/item[name=CLE_CSH_CLL||title=Cash%20Call%20to%20LCH||value=%3D%3C104543237||index=3||Class=FloatItem]/element]]></target>
	<value><![CDATA[]]></value>
</selenese>
<selenese>
	<command>sendKeys</command>
	<target><![CDATA[scLocator=//Portlet[ID="datastaging_interop_tab_0"]/item[0][Class="ListGrid"]/filterEditor/editRowForm/item[name=CLE_CSH_CLL||title=Cash%20Call%20to%20LCH||value=%3D%3C104543237||index=3||Class=FloatItem]/element]]></target>
	<value><![CDATA[${KEY_ENTER}]]></value>
</selenese>
<selenese>
	<command>waitForElementReadyForKeyPresses</command>
	<target><![CDATA[scLocator=//Portlet[ID="datastaging_interop_tab_0"]/item[0][Class="ListGrid"]/filterEditor/editRowForm/item[name=CLE_CSH_CLL||title=Cash%20Call%20to%20LCH||value=%3D%3C104543237||index=3||Class=FloatItem]/element]]></target>
	<value><![CDATA[]]></value>
</selenese>
<selenese>
	<command>sendKeys</command>
	<target><![CDATA[scLocator=//Portlet[ID="datastaging_interop_tab_0"]/item[0][Class="ListGrid"]/filterEditor/editRowForm/item[name=CLE_CSH_CLL||title=Cash%20Call%20to%20LCH||value=%3D%3C104543237||index=3||Class=FloatItem]/element]]></target>
	<value><![CDATA[${KEY_LEFT}]]></value>
</selenese>
<selenese>
	<command>waitForElementReadyForKeyPresses</command>
	<target><![CDATA[scLocator=//Portlet[ID="datastaging_interop_tab_0"]/item[0][Class="ListGrid"]/filterEditor/editRowForm/item[name=CLE_CSH_CLL||title=Cash%20Call%20to%20LCH||value=%3D%3C104543237||index=3||Class=FloatItem]/element]]></target>
	<value><![CDATA[]]></value>
</selenese>
<selenese>
	<command>sendKeys</command>
	<target><![CDATA[scLocator=//Portlet[ID="datastaging_interop_tab_0"]/item[0][Class="ListGrid"]/filterEditor/editRowForm/item[name=CLE_CSH_CLL||title=Cash%20Call%20to%20LCH||value=%3D%3C104543237||index=3||Class=FloatItem]/element]]></target>
	<value><![CDATA[${KEY_LEFT}]]></value>
</selenese>
<selenese>
	<command>waitForElementReadyForKeyPresses</command>
	<target><![CDATA[scLocator=//Portlet[ID="datastaging_interop_tab_0"]/item[0][Class="ListGrid"]/filterEditor/editRowForm/item[name=CLE_CSH_CLL||title=Cash%20Call%20to%20LCH||value=%3D%3C104543237||index=3||Class=FloatItem]/element]]></target>
	<value><![CDATA[]]></value>
</selenese>
<selenese>
	<command>sendKeys</command>
	<target><![CDATA[scLocator=//Portlet[ID="datastaging_interop_tab_0"]/item[0][Class="ListGrid"]/filterEditor/editRowForm/item[name=CLE_CSH_CLL||title=Cash%20Call%20to%20LCH||value=%3D%3C104543237||index=3||Class=FloatItem]/element]]></target>
	<value><![CDATA[${KEY_LEFT}]]></value>
</selenese>
<selenese>
	<command>waitForElementReadyForKeyPresses</command>
	<target><![CDATA[scLocator=//Portlet[ID="datastaging_interop_tab_0"]/item[0][Class="ListGrid"]/filterEditor/editRowForm/item[name=CLE_CSH_CLL||title=Cash%20Call%20to%20LCH||value=%3D%3C104543237||index=3||Class=FloatItem]/element]]></target>
	<value><![CDATA[]]></value>
</selenese>
<selenese>
	<command>sendKeys</command>
	<target><![CDATA[scLocator=//Portlet[ID="datastaging_interop_tab_0"]/item[0][Class="ListGrid"]/filterEditor/editRowForm/item[name=CLE_CSH_CLL||title=Cash%20Call%20to%20LCH||value=%3D%3C104543237||index=3||Class=FloatItem]/element]]></target>
	<value><![CDATA[${KEY_LEFT}]]></value>
</selenese>
<selenese>
	<command>waitForElementReadyForKeyPresses</command>
	<target><![CDATA[scLocator=//Portlet[ID="datastaging_interop_tab_0"]/item[0][Class="ListGrid"]/filterEditor/editRowForm/item[name=CLE_CSH_CLL||title=Cash%20Call%20to%20LCH||value=%3D%3C104543237||index=3||Class=FloatItem]/element]]></target>
	<value><![CDATA[]]></value>
</selenese>
<selenese>
	<command>sendKeys</command>
	<target><![CDATA[scLocator=//Portlet[ID="datastaging_interop_tab_0"]/item[0][Class="ListGrid"]/filterEditor/editRowForm/item[name=CLE_CSH_CLL||title=Cash%20Call%20to%20LCH||value=%3D%3C104543237||index=3||Class=FloatItem]/element]]></target>
	<value><![CDATA[${KEY_LEFT}]]></value>
</selenese>
<selenese>
	<command>waitForElementReadyForKeyPresses</command>
	<target><![CDATA[scLocator=//Portlet[ID="datastaging_interop_tab_0"]/item[0][Class="ListGrid"]/filterEditor/editRowForm/item[name=CLE_CSH_CLL||title=Cash%20Call%20to%20LCH||value=%3D%3C104543237||index=3||Class=FloatItem]/element]]></target>
	<value><![CDATA[]]></value>
</selenese>
<selenese>
	<command>sendKeys</command>
	<target><![CDATA[scLocator=//Portlet[ID="datastaging_interop_tab_0"]/item[0][Class="ListGrid"]/filterEditor/editRowForm/item[name=CLE_CSH_CLL||title=Cash%20Call%20to%20LCH||value=%3D%3C104543237||index=3||Class=FloatItem]/element]]></target>
	<value><![CDATA[${KEY_LEFT}]]></value>
</selenese>
<selenese>
	<command>waitForElementReadyForKeyPresses</command>
	<target><![CDATA[scLocator=//Portlet[ID="datastaging_interop_tab_0"]/item[0][Class="ListGrid"]/filterEditor/editRowForm/item[name=CLE_CSH_CLL||title=Cash%20Call%20to%20LCH||value=%3D%3C104543237||index=3||Class=FloatItem]/element]]></target>
	<value><![CDATA[]]></value>
</selenese>
<selenese>
	<command>sendKeys</command>
	<target><![CDATA[scLocator=//Portlet[ID="datastaging_interop_tab_0"]/item[0][Class="ListGrid"]/filterEditor/editRowForm/item[name=CLE_CSH_CLL||title=Cash%20Call%20to%20LCH||value=%3D%3C104543237||index=3||Class=FloatItem]/element]]></target>
	<value><![CDATA[${KEY_LEFT}]]></value>
</selenese>
<selenese>
	<command>waitForElementReadyForKeyPresses</command>
	<target><![CDATA[scLocator=//Portlet[ID="datastaging_interop_tab_0"]/item[0][Class="ListGrid"]/filterEditor/editRowForm/item[name=CLE_CSH_CLL||title=Cash%20Call%20to%20LCH||value=%3D%3C104543237||index=3||Class=FloatItem]/element]]></target>
	<value><![CDATA[]]></value>
</selenese>
<selenese>
	<command>sendKeys</command>
	<target><![CDATA[scLocator=//Portlet[ID="datastaging_interop_tab_0"]/item[0][Class="ListGrid"]/filterEditor/editRowForm/item[name=CLE_CSH_CLL||title=Cash%20Call%20to%20LCH||value=%3D%3C104543237||index=3||Class=FloatItem]/element]]></target>
	<value><![CDATA[${KEY_LEFT}]]></value>
</selenese>
<selenese>
	<command>waitForElementReadyForKeyPresses</command>
	<target><![CDATA[scLocator=//Portlet[ID="datastaging_interop_tab_0"]/item[0][Class="ListGrid"]/filterEditor/editRowForm/item[name=CLE_CSH_CLL||title=Cash%20Call%20to%20LCH||value=%3D%3C104543237||index=3||Class=FloatItem]/element]]></target>
	<value><![CDATA[]]></value>
</selenese>
<selenese>
	<command>sendKeys</command>
	<target><![CDATA[scLocator=//Portlet[ID="datastaging_interop_tab_0"]/item[0][Class="ListGrid"]/filterEditor/editRowForm/item[name=CLE_CSH_CLL||title=Cash%20Call%20to%20LCH||value=%3D%3C104543237||index=3||Class=FloatItem]/element]]></target>
	<value><![CDATA[${KEY_LEFT}]]></value>
</selenese>
<selenese>
	<command>waitForElementReadyForKeyPresses</command>
	<target><![CDATA[scLocator=//Portlet[ID="datastaging_interop_tab_0"]/item[0][Class="ListGrid"]/filterEditor/editRowForm/item[name=CLE_CSH_CLL||title=Cash%20Call%20to%20LCH||value=%3D104543237||index=3||Class=FloatItem]/element]]></target>
	<value><![CDATA[]]></value>
</selenese>
<selenese>
	<command>sendKeys</command>
	<target><![CDATA[scLocator=//Portlet[ID="datastaging_interop_tab_0"]/item[0][Class="ListGrid"]/filterEditor/editRowForm/item[name=CLE_CSH_CLL||title=Cash%20Call%20to%20LCH||value=%3D104543237||index=3||Class=FloatItem]/element]]></target>
	<value><![CDATA[${KEY_ENTER}]]></value>
</selenese>
<selenese>
	<command>waitForElementReadyForKeyPresses</command>
	<target><![CDATA[scLocator=//Portlet[ID="datastaging_interop_tab_0"]/item[0][Class="ListGrid"]/filterEditor/editRowForm/item[name=CLE_CSH_CLL||title=Cash%20Call%20to%20LCH||value=%3D104543237||index=3||Class=FloatItem]/element]]></target>
	<value><![CDATA[]]></value>
</selenese>
<selenese>
	<command>sendKeys</command>
	<target><![CDATA[scLocator=//Portlet[ID="datastaging_interop_tab_0"]/item[0][Class="ListGrid"]/filterEditor/editRowForm/item[name=CLE_CSH_CLL||title=Cash%20Call%20to%20LCH||value=%3D104543237||index=3||Class=FloatItem]/element]]></target>
	<value><![CDATA[${KEY_ENTER}]]></value>
</selenese>
<selenese>
	<command>waitForElementReadyForKeyPresses</command>
	<target><![CDATA[scLocator=//Portlet[ID="datastaging_interop_tab_0"]/item[0][Class="ListGrid"]/filterEditor/editRowForm/item[name=CLE_CSH_CLL||title=Cash%20Call%20to%20LCH||value=%3D104543237||index=3||Class=FloatItem]/element]]></target>
	<value><![CDATA[]]></value>
</selenese>
<selenese>
	<command>sendKeys</command>
	<target><![CDATA[scLocator=//Portlet[ID="datastaging_interop_tab_0"]/item[0][Class="ListGrid"]/filterEditor/editRowForm/item[name=CLE_CSH_CLL||title=Cash%20Call%20to%20LCH||value=%3D104543237||index=3||Class=FloatItem]/element]]></target>
	<value><![CDATA[${KEY_ENTER}]]></value>
</selenese>
<selenese>
	<command>waitForElementReadyForKeyPresses</command>
	<target><![CDATA[scLocator=//Portlet[ID="datastaging_interop_tab_0"]/item[0][Class="ListGrid"]/filterEditor/editRowForm/item[name=CLE_CSH_CLL||title=Cash%20Call%20to%20LCH||value=%3D104543237||index=3||Class=FloatItem]/element]]></target>
	<value><![CDATA[]]></value>
</selenese>
<selenese>
	<command>sendKeys</command>
	<target><![CDATA[scLocator=//Portlet[ID="datastaging_interop_tab_0"]/item[0][Class="ListGrid"]/filterEditor/editRowForm/item[name=CLE_CSH_CLL||title=Cash%20Call%20to%20LCH||value=%3D104543237||index=3||Class=FloatItem]/element]]></target>
	<value><![CDATA[${KEY_ENTER}]]></value>
</selenese>
<selenese>
	<command>waitForElementReadyForKeyPresses</command>
	<target><![CDATA[scLocator=//Portlet[ID="datastaging_interop_tab_0"]/item[0][Class="ListGrid"]/filterEditor/editRowForm/item[name=CLE_CSH_CLL||title=Cash%20Call%20to%20LCH||value=%3D104543237||index=3||Class=FloatItem]/element]]></target>
	<value><![CDATA[]]></value>
</selenese>
<selenese>
	<command>sendKeys</command>
	<target><![CDATA[scLocator=//Portlet[ID="datastaging_interop_tab_0"]/item[0][Class="ListGrid"]/filterEditor/editRowForm/item[name=CLE_CSH_CLL||title=Cash%20Call%20to%20LCH||value=%3D104543237||index=3||Class=FloatItem]/element]]></target>
	<value><![CDATA[${KEY_RIGHT}]]></value>
</selenese>
<selenese>
	<command>waitForElementReadyForKeyPresses</command>
	<target><![CDATA[scLocator=//Portlet[ID="datastaging_interop_tab_0"]/item[0][Class="ListGrid"]/filterEditor/editRowForm/item[name=CLE_CSH_CLL||title=Cash%20Call%20to%20LCH||value=%3D104543237||index=3||Class=FloatItem]/element]]></target>
	<value><![CDATA[]]></value>
</selenese>
<selenese>
	<command>sendKeys</command>
	<target><![CDATA[scLocator=//Portlet[ID="datastaging_interop_tab_0"]/item[0][Class="ListGrid"]/filterEditor/editRowForm/item[name=CLE_CSH_CLL||title=Cash%20Call%20to%20LCH||value=%3D104543237||index=3||Class=FloatItem]/element]]></target>
	<value><![CDATA[${KEY_LEFT}]]></value>
</selenese>
<selenese>
	<command>waitForElementReadyForKeyPresses</command>
	<target><![CDATA[scLocator=//Portlet[ID="datastaging_interop_tab_0"]/item[0][Class="ListGrid"]/filterEditor/editRowForm/item[name=CLE_CSH_CLL||title=Cash%20Call%20to%20LCH||value=%3D104543237||index=3||Class=FloatItem]/element]]></target>
	<value><![CDATA[]]></value>
</selenese>
<selenese>
	<command>sendKeys</command>
	<target><![CDATA[scLocator=//Portlet[ID="datastaging_interop_tab_0"]/item[0][Class="ListGrid"]/filterEditor/editRowForm/item[name=CLE_CSH_CLL||title=Cash%20Call%20to%20LCH||value=%3D104543237||index=3||Class=FloatItem]/element]]></target>
	<value><![CDATA[${KEY_LEFT}]]></value>
</selenese>
<selenese>
	<command>waitForElementReadyForKeyPresses</command>
	<target><![CDATA[scLocator=//Portlet[ID="datastaging_interop_tab_0"]/item[0][Class="ListGrid"]/filterEditor/editRowForm/item[name=CLE_CSH_CLL||title=Cash%20Call%20to%20LCH||value=%3D104543237||index=3||Class=FloatItem]/element]]></target>
	<value><![CDATA[]]></value>
</selenese>
<selenese>
	<command>sendKeys</command>
	<target><![CDATA[scLocator=//Portlet[ID="datastaging_interop_tab_0"]/item[0][Class="ListGrid"]/filterEditor/editRowForm/item[name=CLE_CSH_CLL||title=Cash%20Call%20to%20LCH||value=%3D104543237||index=3||Class=FloatItem]/element]]></target>
	<value><![CDATA[${KEY_SHIFT}${KEY_CTRL}${KEY_RIGHT}${KEY_CTRL}${KEY_SHIFT}]]></value>
</selenese>
<selenese>
	<command>waitForElementReadyForKeyPresses</command>
	<target><![CDATA[scLocator=//Portlet[ID="datastaging_interop_tab_0"]/item[0][Class="ListGrid"]/filterEditor/editRowForm/item[name=CLE_CSH_CLL||title=Cash%20Call%20to%20LCH||value=%3D104543237||index=3||Class=FloatItem]/element]]></target>
	<value><![CDATA[]]></value>
</selenese>
<selenese>
	<command>sendKeys</command>
	<target><![CDATA[scLocator=//Portlet[ID="datastaging_interop_tab_0"]/item[0][Class="ListGrid"]/filterEditor/editRowForm/item[name=CLE_CSH_CLL||title=Cash%20Call%20to%20LCH||value=%3D104543237||index=3||Class=FloatItem]/element]]></target>
	<value><![CDATA[${KEY_SHIFT}${KEY_CTRL}${KEY_RIGHT}${KEY_CTRL}${KEY_SHIFT}]]></value>
</selenese>
<selenese>
	<command>waitForElementReadyForKeyPresses</command>
	<target><![CDATA[scLocator=//Portlet[ID="datastaging_interop_tab_0"]/item[0][Class="ListGrid"]/filterEditor/editRowForm/item[name=CLE_CSH_CLL||title=Cash%20Call%20to%20LCH||index=3||Class=FloatItem]/element]]></target>
	<value><![CDATA[]]></value>
</selenese>
<selenese>
	<command>sendKeys</command>
	<target><![CDATA[scLocator=//Portlet[ID="datastaging_interop_tab_0"]/item[0][Class="ListGrid"]/filterEditor/editRowForm/item[name=CLE_CSH_CLL||title=Cash%20Call%20to%20LCH||index=3||Class=FloatItem]/element]]></target>
	<value><![CDATA[${KEY_ENTER}]]></value>
</selenese>
</TestCase>