<?xml version="1.0" encoding="UTF-8"?>
<TestCase seleniumIDEVersion="2.9.1" baseURL="https://10.0.10.230:10044/LiqPortalWEB/index.html">
<selenese>
	<command>echo</command>
	<target><![CDATA[]]></target>
	<value><![CDATA[RU12-NUC01-T02.rctest]]></value>
</selenese>
<selenese>
	<command>open</command>
	<target><![CDATA[/LiqPortalWEB/]]></target>
	<value><![CDATA[Liquidity Portal - Data Staging - Repo Stg - Filters]]></value>
</selenese>
<selenese>
	<command>type</command>
	<target><![CDATA[id=Username]]></target>
	<value><![CDATA[mpetracc]]></value>
</selenese>
<selenese>
	<command>type</command>
	<target><![CDATA[id=Password]]></target>
	<value><![CDATA[.mpetrac00]]></value>
</selenese>
<selenese>
	<command>clickAndWait</command>
	<target><![CDATA[id=submitLabel]]></target>
	<value><![CDATA[]]></value>
</selenese>
<selenese>
	<command>waitForElementClickable</command>
	<target><![CDATA[scLocator=//autoID[Class=VLayout||index=6||length=9||classIndex=0||classLength=1]/member[Class=HLayout||index=1||length=4||classIndex=1||classLength=4]/member[Class=MenuButton||index=0||length=1||classIndex=0||classLength=1||roleIndex=0||roleLength=1||title=Menu||scRole=button]/]]></target>
	<value><![CDATA[]]></value>
</selenese>
<selenese>
	<command>click</command>
	<target><![CDATA[scLocator=//autoID[Class=VLayout||index=6||length=9||classIndex=0||classLength=1]/member[Class=HLayout||index=1||length=4||classIndex=1||classLength=4]/member[Class=MenuButton||index=0||length=1||classIndex=0||classLength=1||roleIndex=0||roleLength=1||title=Menu||scRole=button]/]]></target>
	<value><![CDATA[]]></value>
</selenese>
<selenese>
	<command>waitForElementClickable</command>
	<target><![CDATA[scLocator=//Menu[level=1]/body/row[7]/col[fieldName=title||0]]]></target>
	<value><![CDATA[]]></value>
</selenese>
<selenese>
	<command>click</command>
	<target><![CDATA[scLocator=//Menu[level=1]/body/row[7]/col[fieldName=title||0]]]></target>
	<value><![CDATA[]]></value>
</selenese>
<selenese>
	<command>waitForElementClickable</command>
	<target><![CDATA[scLocator=//autoID[Class=VLayout||index=7||length=8||classIndex=0||classLength=1]/member[Class=HLayout||index=2||length=4||classIndex=2||classLength=4]/member[Class=HLayout||index=0||length=1||classIndex=0||classLength=1]/member[Class=TabSet||index=0||length=1||classIndex=0||classLength=1]/tabPane[title=Liq.%20Standard%20and%20Stressed%20Market%20Conditions||ID=tab_0||index=0]/member[Class=PortalLayout||index=0||length=1||classIndex=0||classLength=1]/column[Class=PortalColumn||index=0||length=2||classIndex=0||classLength=2]/R]]></target>
	<value><![CDATA[]]></value>
</selenese>
<selenese>
	<command>dragAndDrop</command>
	<target><![CDATA[scLocator=//autoID[Class=VLayout||index=7||length=8||classIndex=0||classLength=1]/member[Class=HLayout||index=2||length=4||classIndex=2||classLength=4]/member[Class=HLayout||index=0||length=1||classIndex=0||classLength=1]/member[Class=TabSet||index=0||length=1||classIndex=0||classLength=1]/tabPane[title=Liq.%20Standard%20and%20Stressed%20Market%20Conditions||ID=tab_0||index=0]/member[Class=PortalLayout||index=0||length=1||classIndex=0||classLength=1]/column[Class=PortalColumn||index=0||length=2||classIndex=0||classLength=2]/R]]></target>
	<value><![CDATA[+400,-134]]></value>
</selenese>
<selenese>
	<command>waitForElementClickable</command>
	<target><![CDATA[scLocator=//Portlet[ID="stressdatastg_repo_tab_0"]/item[0][Class="ListGrid"]/filterEditor/editRowForm/item[title=Ref.%20date||index=0||Class=MiniDateRangeItem]/[icon="showDateRange"]]]></target>
	<value><![CDATA[]]></value>
</selenese>
<selenese>
	<command>click</command>
	<target><![CDATA[scLocator=//Portlet[ID="stressdatastg_repo_tab_0"]/item[0][Class="ListGrid"]/filterEditor/editRowForm/item[title=Ref.%20date||index=0||Class=MiniDateRangeItem]/[icon="showDateRange"]]]></target>
	<value><![CDATA[]]></value>
</selenese>
<selenese>
	<command>waitForElementClickable</command>
	<target><![CDATA[scLocator=//Portlet[ID="stressdatastg_repo_tab_0"]/item[0][Class="ListGrid"]/filterEditor/editRowForm/item[title=Ref.%20date||index=0||Class=MiniDateRangeItem]/rangeDialog/rangeForm/item[name=REF_DT||title=REF_DT||index=0||Class=DateRangeItem]/dateRangeForm/item[name=fromField||title=From||index=0||Class=RelativeDateItem]/editor/item[name=iconPlaceholder||title=iconPlaceholder||index=2||Class=StaticTextItem]/[icon="chooserIcon"]]]></target>
	<value><![CDATA[]]></value>
</selenese>
<selenese>
	<command>click</command>
	<target><![CDATA[scLocator=//Portlet[ID="stressdatastg_repo_tab_0"]/item[0][Class="ListGrid"]/filterEditor/editRowForm/item[title=Ref.%20date||index=0||Class=MiniDateRangeItem]/rangeDialog/rangeForm/item[name=REF_DT||title=REF_DT||index=0||Class=DateRangeItem]/dateRangeForm/item[name=fromField||title=From||index=0||Class=RelativeDateItem]/editor/item[name=iconPlaceholder||title=iconPlaceholder||index=2||Class=StaticTextItem]/[icon="chooserIcon"]]]></target>
	<value><![CDATA[]]></value>
</selenese>
<selenese>
	<command>waitForElementClickable</command>
	<target><![CDATA[scLocator=//autoID[Class=DateChooser||index=34||length=37||classIndex=0||classLength=1]/dateGrid/body/row[Mon=Mon Oct 02 2017 12:00:00 GMT+0200 (W. Europe Standard Time)||0]/col[fieldName=Mon||1]]]></target>
	<value><![CDATA[]]></value>
</selenese>
<selenese>
	<command>click</command>
	<target><![CDATA[scLocator=//autoID[Class=DateChooser||index=34||length=37||classIndex=0||classLength=1]/dateGrid/body/row[Mon=Mon Oct 02 2017 12:00:00 GMT+0200 (W. Europe Standard Time)||0]/col[fieldName=Mon||1]]]></target>
	<value><![CDATA[]]></value>
</selenese>
<selenese>
	<command>waitForElementClickable</command>
	<target><![CDATA[scLocator=//Portlet[ID="stressdatastg_repo_tab_0"]/item[0][Class="ListGrid"]/filterEditor/editRowForm/item[title=Ref.%20date||value=[object Object]||index=0||Class=MiniDateRangeItem]/rangeDialog/rangeForm/item[name=REF_DT||title=REF_DT||value=[object Object]||index=0||Class=DateRangeItem]/dateRangeForm/item[name=toField||title=To||index=1||Class=RelativeDateItem]/editor/item[name=valueField||title=valueField||index=0||Class=ComboBoxItem]/[icon="picker"]]]></target>
	<value><![CDATA[]]></value>
</selenese>
<selenese>
	<command>click</command>
	<target><![CDATA[scLocator=//Portlet[ID="stressdatastg_repo_tab_0"]/item[0][Class="ListGrid"]/filterEditor/editRowForm/item[title=Ref.%20date||value=[object Object]||index=0||Class=MiniDateRangeItem]/rangeDialog/rangeForm/item[name=REF_DT||title=REF_DT||value=[object Object]||index=0||Class=DateRangeItem]/dateRangeForm/item[name=toField||title=To||index=1||Class=RelativeDateItem]/editor/item[name=valueField||title=valueField||index=0||Class=ComboBoxItem]/[icon="picker"]]]></target>
	<value><![CDATA[]]></value>
</selenese>
<selenese>
	<command>waitForElementClickable</command>
	<target><![CDATA[scLocator=//Portlet[ID="stressdatastg_repo_tab_0"]/item[0][Class="ListGrid"]/filterEditor/editRowForm/item[title=Ref.%20date||value=[object Object]||index=0||Class=MiniDateRangeItem]/rangeDialog/rangeForm/item[name=REF_DT||title=REF_DT||value=[object Object]||index=0||Class=DateRangeItem]/dateRangeForm/item[name=toField||title=To||index=1||Class=RelativeDateItem]/editor/item[name=valueField||title=valueField||index=0||Class=ComboBoxItem]/pickList/body/row[valueField=%24today||0]/col[fieldName=valueField||0]]]></target>
	<value><![CDATA[]]></value>
</selenese>
<selenese>
	<command>click</command>
	<target><![CDATA[scLocator=//Portlet[ID="stressdatastg_repo_tab_0"]/item[0][Class="ListGrid"]/filterEditor/editRowForm/item[title=Ref.%20date||value=[object Object]||index=0||Class=MiniDateRangeItem]/rangeDialog/rangeForm/item[name=REF_DT||title=REF_DT||value=[object Object]||index=0||Class=DateRangeItem]/dateRangeForm/item[name=toField||title=To||index=1||Class=RelativeDateItem]/editor/item[name=valueField||title=valueField||index=0||Class=ComboBoxItem]/pickList/body/row[valueField=%24today||0]/col[fieldName=valueField||0]]]></target>
	<value><![CDATA[]]></value>
</selenese>
<selenese>
	<command>waitForElementClickable</command>
	<target><![CDATA[scLocator=//Portlet[ID="stressdatastg_repo_tab_0"]/item[0][Class="ListGrid"]/filterEditor/editRowForm/item[title=Ref.%20date||value=[object Object]||index=0||Class=MiniDateRangeItem]/rangeDialog/okButton/]]></target>
	<value><![CDATA[]]></value>
</selenese>
<selenese>
	<command>click</command>
	<target><![CDATA[scLocator=//Portlet[ID="stressdatastg_repo_tab_0"]/item[0][Class="ListGrid"]/filterEditor/editRowForm/item[title=Ref.%20date||value=[object Object]||index=0||Class=MiniDateRangeItem]/rangeDialog/okButton/]]></target>
	<value><![CDATA[]]></value>
</selenese>
<selenese>
	<command>waitForElementClickable</command>
	<target><![CDATA[scLocator=//Portlet[ID="stressdatastg_repo_tab_0"]/item[0][Class="ListGrid"]/filterEditor/editRowForm/item[title=Ref.%20date||value=[object Object]||index=0||Class=MiniDateRangeItem]/[icon="showDateRange"]]]></target>
	<value><![CDATA[]]></value>
</selenese>
<selenese>
	<command>sendKeys</command>
	<target><![CDATA[scLocator=//Portlet[ID="stressdatastg_repo_tab_0"]/item[0][Class="ListGrid"]/filterEditor/editRowForm/item[title=Ref.%20date||value=[object Object]||index=0||Class=MiniDateRangeItem]/[icon="showDateRange"]]]></target>
	<value><![CDATA[${KEY_ENTER}]]></value>
</selenese>
<selenese>
	<command>waitForElementClickable</command>
	<target><![CDATA[scLocator=//Portlet[ID="stressdatastg_repo_tab_0"]/item[0][Class="ListGrid"]/filterEditor/editRowForm/item[title=Ref.%20date||value=[object Object]||index=0||Class=MiniDateRangeItem]/rangeDialog/closeButton/]]></target>
	<value><![CDATA[]]></value>
</selenese>
<selenese>
	<command>click</command>
	<target><![CDATA[scLocator=//Portlet[ID="stressdatastg_repo_tab_0"]/item[0][Class="ListGrid"]/filterEditor/editRowForm/item[title=Ref.%20date||value=[object Object]||index=0||Class=MiniDateRangeItem]/rangeDialog/closeButton/]]></target>
	<value><![CDATA[]]></value>
</selenese>
<selenese>
	<command>waitForElementClickable</command>
	<target><![CDATA[scLocator=//Portlet[ID="stressdatastg_repo_tab_0"]/item[0][Class="ListGrid"]/filterEditor/editRowForm/item[name=REPO_NO||title=Repo%20num.||index=2||Class=TextItem]/element]]></target>
	<value><![CDATA[]]></value>
</selenese>
<selenese>
	<command>click</command>
	<target><![CDATA[scLocator=//Portlet[ID="stressdatastg_repo_tab_0"]/item[0][Class="ListGrid"]/filterEditor/editRowForm/item[name=REPO_NO||title=Repo%20num.||index=2||Class=TextItem]/element]]></target>
	<value><![CDATA[]]></value>
</selenese>
<selenese>
	<command>waitForElementReadyForKeyPresses</command>
	<target><![CDATA[scLocator=//Portlet[ID="stressdatastg_repo_tab_0"]/item[0][Class="ListGrid"]/filterEditor/editRowForm/item[name=REPO_NO||title=Repo%20num.||value=6450||index=2||Class=TextItem]/element]]></target>
	<value><![CDATA[]]></value>
</selenese>
<selenese>
	<command>sendKeys</command>
	<target><![CDATA[scLocator=//Portlet[ID="stressdatastg_repo_tab_0"]/item[0][Class="ListGrid"]/filterEditor/editRowForm/item[name=REPO_NO||title=Repo%20num.||value=6450||index=2||Class=TextItem]/element]]></target>
	<value><![CDATA[${KEY_CTRL}${KEY_LEFT}${KEY_CTRL}]]></value>
</selenese>
<selenese>
	<command>waitForElementReadyForKeyPresses</command>
	<target><![CDATA[scLocator=//Portlet[ID="stressdatastg_repo_tab_0"]/item[0][Class="ListGrid"]/filterEditor/editRowForm/item[name=REPO_NO||title=Repo%20num.||value=%3E6450||index=2||Class=TextItem]/element]]></target>
	<value><![CDATA[]]></value>
</selenese>
<selenese>
	<command>sendKeys</command>
	<target><![CDATA[scLocator=//Portlet[ID="stressdatastg_repo_tab_0"]/item[0][Class="ListGrid"]/filterEditor/editRowForm/item[name=REPO_NO||title=Repo%20num.||value=%3E6450||index=2||Class=TextItem]/element]]></target>
	<value><![CDATA[${KEY_ENTER}]]></value>
</selenese>
<selenese>
	<command>waitForElementClickable</command>
	<target><![CDATA[scLocator=//Portlet[ID="stressdatastg_repo_tab_0"]/item[0][Class="ListGrid"]/filterEditor/editRowForm/item[name=REPO_NO||title=Repo%20num.||value=%3E6450||index=2||Class=TextItem]/element]]></target>
	<value><![CDATA[]]></value>
</selenese>
<selenese>
	<command>type</command>
	<target><![CDATA[scLocator=//Portlet[ID="stressdatastg_repo_tab_0"]/item[0][Class="ListGrid"]/filterEditor/editRowForm/item[name=REPO_NO||title=Repo%20num.||value=%3E6450||index=2||Class=TextItem]/element]]></target>
	<value><![CDATA[>6450]]></value>
</selenese>
<selenese>
	<command>waitForElementClickable</command>
	<target><![CDATA[scLocator=//Portlet[ID="stressdatastg_repo_tab_0"]/item[0][Class="ListGrid"]/filterEditor/editRowForm/item[name=FACE_VAL||title=Face%20value||index=4||Class=FloatItem]/element]]></target>
	<value><![CDATA[]]></value>
</selenese>
<selenese>
	<command>click</command>
	<target><![CDATA[scLocator=//Portlet[ID="stressdatastg_repo_tab_0"]/item[0][Class="ListGrid"]/filterEditor/editRowForm/item[name=FACE_VAL||title=Face%20value||index=4||Class=FloatItem]/element]]></target>
	<value><![CDATA[]]></value>
</selenese>
<selenese>
	<command>waitForElementClickable</command>
	<target><![CDATA[scLocator=//Portlet[ID="stressdatastg_repo_tab_0"]/item[0][Class="ListGrid"]/filterEditor/editRowForm/item[name=FACE_VAL||title=Face%20value||value=100||index=4||Class=FloatItem]/element]]></target>
	<value><![CDATA[]]></value>
</selenese>
<selenese>
	<command>type</command>
	<target><![CDATA[scLocator=//Portlet[ID="stressdatastg_repo_tab_0"]/item[0][Class="ListGrid"]/filterEditor/editRowForm/item[name=FACE_VAL||title=Face%20value||value=100||index=4||Class=FloatItem]/element]]></target>
	<value><![CDATA[100]]></value>
</selenese>
<selenese>
	<command>waitForElementReadyForKeyPresses</command>
	<target><![CDATA[scLocator=//Portlet[ID="stressdatastg_repo_tab_0"]/item[0][Class="ListGrid"]/filterEditor/editRowForm/item[name=FACE_VAL||title=Face%20value||value=100||index=4||Class=FloatItem]/element]]></target>
	<value><![CDATA[]]></value>
</selenese>
<selenese>
	<command>sendKeys</command>
	<target><![CDATA[scLocator=//Portlet[ID="stressdatastg_repo_tab_0"]/item[0][Class="ListGrid"]/filterEditor/editRowForm/item[name=FACE_VAL||title=Face%20value||value=100||index=4||Class=FloatItem]/element]]></target>
	<value><![CDATA[${KEY_TAB}]]></value>
</selenese>
<selenese>
	<command>blur</command>
	<target><![CDATA[scLocator=//Portlet[ID="stressdatastg_repo_tab_0"]/item[0][Class="ListGrid"]/filterEditor/editRowForm/item[name=FACE_VAL||title=Face%20value||value=100||index=4||Class=FloatItem]/element]]></target>
	<value><![CDATA[]]></value>
</selenese>
<selenese>
	<command>waitForElementClickable</command>
	<target><![CDATA[scLocator=//Portlet[ID="stressdatastg_repo_tab_0"]/item[0][Class="ListGrid"]/filterEditor/editRowForm/item[name=RETURN_VAL||title=Return%20val.||index=5||Class=FloatItem]/element]]></target>
	<value><![CDATA[]]></value>
</selenese>
<selenese>
	<command>focus</command>
	<target><![CDATA[scLocator=//Portlet[ID="stressdatastg_repo_tab_0"]/item[0][Class="ListGrid"]/filterEditor/editRowForm/item[name=RETURN_VAL||title=Return%20val.||index=5||Class=FloatItem]/element]]></target>
	<value><![CDATA[true]]></value>
</selenese>
<selenese>
	<command>waitForElementReadyForKeyPresses</command>
	<target><![CDATA[scLocator=//Portlet[ID="stressdatastg_repo_tab_0"]/item[0][Class="ListGrid"]/filterEditor/editRowForm/item[name=RETURN_VAL||title=Return%20val.||index=5||Class=FloatItem]/element]]></target>
	<value><![CDATA[]]></value>
</selenese>
<selenese>
	<command>sendKeys</command>
	<target><![CDATA[scLocator=//Portlet[ID="stressdatastg_repo_tab_0"]/item[0][Class="ListGrid"]/filterEditor/editRowForm/item[name=RETURN_VAL||title=Return%20val.||index=5||Class=FloatItem]/element]]></target>
	<value><![CDATA[${KEY_TAB}]]></value>
</selenese>
<selenese>
	<command>blur</command>
	<target><![CDATA[scLocator=//Portlet[ID="stressdatastg_repo_tab_0"]/item[0][Class="ListGrid"]/filterEditor/editRowForm/item[name=RETURN_VAL||title=Return%20val.||index=5||Class=FloatItem]/element]]></target>
	<value><![CDATA[]]></value>
</selenese>
<selenese>
	<command>waitForElementClickable</command>
	<target><![CDATA[scLocator=//Portlet[ID="stressdatastg_repo_tab_0"]/item[0][Class="ListGrid"]/filterEditor/editRowForm/item[title=Settle.%20date||index=6||Class=MiniDateRangeItem]/[icon="showDateRange"]]]></target>
	<value><![CDATA[]]></value>
</selenese>
<selenese>
	<command>focus</command>
	<target><![CDATA[scLocator=//Portlet[ID="stressdatastg_repo_tab_0"]/item[0][Class="ListGrid"]/filterEditor/editRowForm/item[title=Settle.%20date||index=6||Class=MiniDateRangeItem]/[icon="showDateRange"]]]></target>
	<value><![CDATA[true]]></value>
</selenese>
<selenese>
	<command>waitForElementClickable</command>
	<target><![CDATA[scLocator=//Portlet[ID="stressdatastg_repo_tab_0"]/item[0][Class="ListGrid"]/filterEditor/editRowForm/item[title=Settle.%20date||index=6||Class=MiniDateRangeItem]/[icon="showDateRange"]]]></target>
	<value><![CDATA[]]></value>
</selenese>
<selenese>
	<command>click</command>
	<target><![CDATA[scLocator=//Portlet[ID="stressdatastg_repo_tab_0"]/item[0][Class="ListGrid"]/filterEditor/editRowForm/item[title=Settle.%20date||index=6||Class=MiniDateRangeItem]/[icon="showDateRange"]]]></target>
	<value><![CDATA[]]></value>
</selenese>
<selenese>
	<command>waitForElementClickable</command>
	<target><![CDATA[scLocator=//Portlet[ID="stressdatastg_repo_tab_0"]/item[0][Class="ListGrid"]/filterEditor/editRowForm/item[title=Settle.%20date||index=6||Class=MiniDateRangeItem]/rangeDialog/rangeForm/item[name=SETTLE_DT||title=SETTLE_DT||index=0||Class=DateRangeItem]/dateRangeForm/item[name=fromField||title=From||index=0||Class=RelativeDateItem]/editor/item[name=valueField||title=valueField||index=0||Class=ComboBoxItem]/[icon="picker"]]]></target>
	<value><![CDATA[]]></value>
</selenese>
<selenese>
	<command>click</command>
	<target><![CDATA[scLocator=//Portlet[ID="stressdatastg_repo_tab_0"]/item[0][Class="ListGrid"]/filterEditor/editRowForm/item[title=Settle.%20date||index=6||Class=MiniDateRangeItem]/rangeDialog/rangeForm/item[name=SETTLE_DT||title=SETTLE_DT||index=0||Class=DateRangeItem]/dateRangeForm/item[name=fromField||title=From||index=0||Class=RelativeDateItem]/editor/item[name=valueField||title=valueField||index=0||Class=ComboBoxItem]/[icon="picker"]]]></target>
	<value><![CDATA[]]></value>
</selenese>
<selenese>
	<command>waitForElementClickable</command>
	<target><![CDATA[scLocator=//Portlet[ID="stressdatastg_repo_tab_0"]/item[0][Class="ListGrid"]/filterEditor/editRowForm/item[title=Settle.%20date||index=6||Class=MiniDateRangeItem]/rangeDialog/rangeForm/item[name=SETTLE_DT||title=SETTLE_DT||index=0||Class=DateRangeItem]/dateRangeForm/item[name=fromField||title=From||index=0||Class=RelativeDateItem]/editor/item[name=valueField||title=valueField||index=0||Class=ComboBoxItem]/pickList/body/row[valueField=%24yesterday||1]/col[fieldName=valueField||0]]]></target>
	<value><![CDATA[]]></value>
</selenese>
<selenese>
	<command>click</command>
	<target><![CDATA[scLocator=//Portlet[ID="stressdatastg_repo_tab_0"]/item[0][Class="ListGrid"]/filterEditor/editRowForm/item[title=Settle.%20date||index=6||Class=MiniDateRangeItem]/rangeDialog/rangeForm/item[name=SETTLE_DT||title=SETTLE_DT||index=0||Class=DateRangeItem]/dateRangeForm/item[name=fromField||title=From||index=0||Class=RelativeDateItem]/editor/item[name=valueField||title=valueField||index=0||Class=ComboBoxItem]/pickList/body/row[valueField=%24yesterday||1]/col[fieldName=valueField||0]]]></target>
	<value><![CDATA[]]></value>
</selenese>
<selenese>
	<command>waitForElementClickable</command>
	<target><![CDATA[scLocator=//Portlet[ID="stressdatastg_repo_tab_0"]/item[0][Class="ListGrid"]/filterEditor/editRowForm/item[title=Settle.%20date||value=[object Object]||index=6||Class=MiniDateRangeItem]/rangeDialog/okButton/]]></target>
	<value><![CDATA[]]></value>
</selenese>
<selenese>
	<command>click</command>
	<target><![CDATA[scLocator=//Portlet[ID="stressdatastg_repo_tab_0"]/item[0][Class="ListGrid"]/filterEditor/editRowForm/item[title=Settle.%20date||value=[object Object]||index=6||Class=MiniDateRangeItem]/rangeDialog/okButton/]]></target>
	<value><![CDATA[]]></value>
</selenese>
<selenese>
	<command>waitForElementClickable</command>
	<target><![CDATA[scLocator=//Portlet[ID="stressdatastg_repo_tab_0"]/item[0][Class="ListGrid"]/filterEditor/editRowForm/item[title=Maturity%20date||index=7||Class=MiniDateRangeItem]/]]></target>
	<value><![CDATA[]]></value>
</selenese>
<selenese>
	<command>click</command>
	<target><![CDATA[scLocator=//Portlet[ID="stressdatastg_repo_tab_0"]/item[0][Class="ListGrid"]/filterEditor/editRowForm/item[title=Maturity%20date||index=7||Class=MiniDateRangeItem]/]]></target>
	<value><![CDATA[]]></value>
</selenese>
<selenese>
	<command>waitForElementClickable</command>
	<target><![CDATA[scLocator=//Portlet[ID="stressdatastg_repo_tab_0"]/item[0][Class="ListGrid"]/filterEditor/editRowForm/item[title=Maturity%20date||index=7||Class=MiniDateRangeItem]/[icon="showDateRange"]]]></target>
	<value><![CDATA[]]></value>
</selenese>
<selenese>
	<command>secondClick</command>
	<target><![CDATA[scLocator=//Portlet[ID="stressdatastg_repo_tab_0"]/item[0][Class="ListGrid"]/filterEditor/editRowForm/item[title=Maturity%20date||index=7||Class=MiniDateRangeItem]/[icon="showDateRange"]]]></target>
	<value><![CDATA[]]></value>
</selenese>
<selenese>
	<command>waitForElementClickable</command>
	<target><![CDATA[scLocator=//Portlet[ID="stressdatastg_repo_tab_0"]/item[0][Class="ListGrid"]/filterEditor/editRowForm/item[title=Maturity%20date||index=7||Class=MiniDateRangeItem]/rangeDialog/rangeForm/item[name=MATURE_DT||title=MATURE_DT||index=0||Class=DateRangeItem]/dateRangeForm/item[name=fromField||title=From||index=0||Class=RelativeDateItem]/editor/item[name=valueField||title=valueField||index=0||Class=ComboBoxItem]/[icon="picker"]]]></target>
	<value><![CDATA[]]></value>
</selenese>
<selenese>
	<command>click</command>
	<target><![CDATA[scLocator=//Portlet[ID="stressdatastg_repo_tab_0"]/item[0][Class="ListGrid"]/filterEditor/editRowForm/item[title=Maturity%20date||index=7||Class=MiniDateRangeItem]/rangeDialog/rangeForm/item[name=MATURE_DT||title=MATURE_DT||index=0||Class=DateRangeItem]/dateRangeForm/item[name=fromField||title=From||index=0||Class=RelativeDateItem]/editor/item[name=valueField||title=valueField||index=0||Class=ComboBoxItem]/[icon="picker"]]]></target>
	<value><![CDATA[]]></value>
</selenese>
<selenese>
	<command>waitForElementClickable</command>
	<target><![CDATA[scLocator=//Portlet[ID="stressdatastg_repo_tab_0"]/item[0][Class="ListGrid"]/filterEditor/editRowForm/item[title=Maturity%20date||index=7||Class=MiniDateRangeItem]/rangeDialog/rangeForm/item[name=MATURE_DT||title=MATURE_DT||index=0||Class=DateRangeItem]/dateRangeForm/item[name=fromField||title=From||index=0||Class=RelativeDateItem]/editor/item[name=valueField||title=valueField||index=0||Class=ComboBoxItem]/pickList/body/row[valueField=%24today||0]/col[fieldName=valueField||0]]]></target>
	<value><![CDATA[]]></value>
</selenese>
<selenese>
	<command>click</command>
	<target><![CDATA[scLocator=//Portlet[ID="stressdatastg_repo_tab_0"]/item[0][Class="ListGrid"]/filterEditor/editRowForm/item[title=Maturity%20date||index=7||Class=MiniDateRangeItem]/rangeDialog/rangeForm/item[name=MATURE_DT||title=MATURE_DT||index=0||Class=DateRangeItem]/dateRangeForm/item[name=fromField||title=From||index=0||Class=RelativeDateItem]/editor/item[name=valueField||title=valueField||index=0||Class=ComboBoxItem]/pickList/body/row[valueField=%24today||0]/col[fieldName=valueField||0]]]></target>
	<value><![CDATA[]]></value>
</selenese>
<selenese>
	<command>waitForElementClickable</command>
	<target><![CDATA[scLocator=//Portlet[ID="stressdatastg_repo_tab_0"]/item[0][Class="ListGrid"]/filterEditor/editRowForm/item[title=Settle.%20date||value=[object Object]||index=6||Class=MiniDateRangeItem]/[icon="showDateRange"]]]></target>
	<value><![CDATA[]]></value>
</selenese>
<selenese>
	<command>click</command>
	<target><![CDATA[scLocator=//Portlet[ID="stressdatastg_repo_tab_0"]/item[0][Class="ListGrid"]/filterEditor/editRowForm/item[title=Settle.%20date||value=[object Object]||index=6||Class=MiniDateRangeItem]/[icon="showDateRange"]]]></target>
	<value><![CDATA[]]></value>
</selenese>
<selenese>
	<command>waitForElementClickable</command>
	<target><![CDATA[scLocator=//Portlet[ID="stressdatastg_repo_tab_0"]/item[0][Class="ListGrid"]/filterEditor/editRowForm/item[title=Settle.%20date||value=[object Object]||index=6||Class=MiniDateRangeItem]/rangeDialog/clearButton/]]></target>
	<value><![CDATA[]]></value>
</selenese>
<selenese>
	<command>click</command>
	<target><![CDATA[scLocator=//Portlet[ID="stressdatastg_repo_tab_0"]/item[0][Class="ListGrid"]/filterEditor/editRowForm/item[title=Settle.%20date||value=[object Object]||index=6||Class=MiniDateRangeItem]/rangeDialog/clearButton/]]></target>
	<value><![CDATA[]]></value>
</selenese>
<selenese>
	<command>waitForElementClickable</command>
	<target><![CDATA[scLocator=//Portlet[ID="stressdatastg_repo_tab_0"]/item[0][Class="ListGrid"]/filterEditor/editRowForm/item[title=Settle.%20date||index=6||Class=MiniDateRangeItem]/rangeDialog/okButton/]]></target>
	<value><![CDATA[]]></value>
</selenese>
<selenese>
	<command>secondClick</command>
	<target><![CDATA[scLocator=//Portlet[ID="stressdatastg_repo_tab_0"]/item[0][Class="ListGrid"]/filterEditor/editRowForm/item[title=Settle.%20date||index=6||Class=MiniDateRangeItem]/rangeDialog/okButton/]]></target>
	<value><![CDATA[]]></value>
</selenese>
<selenese>
	<command>waitForElementClickable</command>
	<target><![CDATA[scLocator=//Portlet[ID="stressdatastg_repo_tab_0"]/item[0][Class="ListGrid"]/filterEditor/editRowForm/item[title=Maturity%20date||value=[object Object]||index=7||Class=MiniDateRangeItem]/[icon="showDateRange"]]]></target>
	<value><![CDATA[]]></value>
</selenese>
<selenese>
	<command>click</command>
	<target><![CDATA[scLocator=//Portlet[ID="stressdatastg_repo_tab_0"]/item[0][Class="ListGrid"]/filterEditor/editRowForm/item[title=Maturity%20date||value=[object Object]||index=7||Class=MiniDateRangeItem]/[icon="showDateRange"]]]></target>
	<value><![CDATA[]]></value>
</selenese>
<selenese>
	<command>waitForElementClickable</command>
	<target><![CDATA[scLocator=//Portlet[ID="stressdatastg_repo_tab_0"]/item[0][Class="ListGrid"]/filterEditor/editRowForm/item[title=Maturity%20date||value=[object Object]||index=7||Class=MiniDateRangeItem]/rangeDialog/clearButton/]]></target>
	<value><![CDATA[]]></value>
</selenese>
<selenese>
	<command>click</command>
	<target><![CDATA[scLocator=//Portlet[ID="stressdatastg_repo_tab_0"]/item[0][Class="ListGrid"]/filterEditor/editRowForm/item[title=Maturity%20date||value=[object Object]||index=7||Class=MiniDateRangeItem]/rangeDialog/clearButton/]]></target>
	<value><![CDATA[]]></value>
</selenese>
<selenese>
	<command>waitForElementClickable</command>
	<target><![CDATA[scLocator=//Portlet[ID="stressdatastg_repo_tab_0"]/item[0][Class="ListGrid"]/filterEditor/editRowForm/item[title=Maturity%20date||index=7||Class=MiniDateRangeItem]/rangeDialog/okButton/]]></target>
	<value><![CDATA[]]></value>
</selenese>
<selenese>
	<command>secondClick</command>
	<target><![CDATA[scLocator=//Portlet[ID="stressdatastg_repo_tab_0"]/item[0][Class="ListGrid"]/filterEditor/editRowForm/item[title=Maturity%20date||index=7||Class=MiniDateRangeItem]/rangeDialog/okButton/]]></target>
	<value><![CDATA[]]></value>
</selenese>
<selenese>
	<command>waitForElementClickable</command>
	<target><![CDATA[scLocator=//Portlet[ID="stressdatastg_repo_tab_0"]/item[0][Class="ListGrid"]/filterEditor/actionButton/icon]]></target>
	<value><![CDATA[]]></value>
</selenese>
<selenese>
	<command>click</command>
	<target><![CDATA[scLocator=//Portlet[ID="stressdatastg_repo_tab_0"]/item[0][Class="ListGrid"]/filterEditor/actionButton/icon]]></target>
	<value><![CDATA[]]></value>
</selenese>
<selenese>
	<command>waitForElementClickable</command>
	<target><![CDATA[scLocator=//Portlet[ID="stressdatastg_repo_tab_0"]/item[0][Class="ListGrid"]/filterEditor/editRowForm/item[name=FACE_VAL||title=Face%20value||index=4||Class=FloatItem]/element]]></target>
	<value><![CDATA[]]></value>
</selenese>
<selenese>
	<command>click</command>
	<target><![CDATA[scLocator=//Portlet[ID="stressdatastg_repo_tab_0"]/item[0][Class="ListGrid"]/filterEditor/editRowForm/item[name=FACE_VAL||title=Face%20value||index=4||Class=FloatItem]/element]]></target>
	<value><![CDATA[]]></value>
</selenese>
<selenese>
	<command>waitForElementReadyForKeyPresses</command>
	<target><![CDATA[scLocator=//Portlet[ID="stressdatastg_repo_tab_0"]/item[0][Class="ListGrid"]/filterEditor/editRowForm/item[name=FACE_VAL||title=Face%20value||value=%3E100.000||index=4||Class=FloatItem]/element]]></target>
	<value><![CDATA[]]></value>
</selenese>
<selenese>
	<command>sendKeys</command>
	<target><![CDATA[scLocator=//Portlet[ID="stressdatastg_repo_tab_0"]/item[0][Class="ListGrid"]/filterEditor/editRowForm/item[name=FACE_VAL||title=Face%20value||value=%3E100.000||index=4||Class=FloatItem]/element]]></target>
	<value><![CDATA[${KEY_ENTER}]]></value>
</selenese>
<selenese>
	<command>waitForElementClickable</command>
	<target><![CDATA[scLocator=//Portlet[ID="stressdatastg_repo_tab_0"]/item[0][Class="ListGrid"]/filterEditor/editRowForm/item[name=FACE_VAL||title=Face%20value||value=%3E100.000||index=4||Class=FloatItem]/element]]></target>
	<value><![CDATA[]]></value>
</selenese>
<selenese>
	<command>type</command>
	<target><![CDATA[scLocator=//Portlet[ID="stressdatastg_repo_tab_0"]/item[0][Class="ListGrid"]/filterEditor/editRowForm/item[name=FACE_VAL||title=Face%20value||value=%3E100.000||index=4||Class=FloatItem]/element]]></target>
	<value><![CDATA[>100.000]]></value>
</selenese>
<selenese>
	<command>waitForElementClickable</command>
	<target><![CDATA[scLocator=//Portlet[ID="stressdatastg_repo_tab_0"]/item[0][Class="ListGrid"]/body/row[REF_DT=Tue Oct 03 2017 12:00:00 GMT+0200 (W. Europe Standard Time)||DEAL_NO=64678||FACE_VAL=55000000||4]/col[fieldName=FACE_VAL||4]]]></target>
	<value><![CDATA[]]></value>
</selenese>
<selenese>
	<command>click</command>
	<target><![CDATA[scLocator=//Portlet[ID="stressdatastg_repo_tab_0"]/item[0][Class="ListGrid"]/body/row[REF_DT=Tue Oct 03 2017 12:00:00 GMT+0200 (W. Europe Standard Time)||DEAL_NO=64678||FACE_VAL=55000000||4]/col[fieldName=FACE_VAL||4]]]></target>
	<value><![CDATA[]]></value>
</selenese>
<selenese>
	<command>waitForElementClickable</command>
	<target><![CDATA[scLocator=//Portlet[ID="stressdatastg_repo_tab_0"]/item[0][Class="ListGrid"]/body/row[REF_DT=Tue Oct 03 2017 12:00:00 GMT+0200 (W. Europe Standard Time)||DEAL_NO=64678||FACE_VAL=55000000||4]/col[fieldName=FACE_VAL||4]]]></target>
	<value><![CDATA[]]></value>
</selenese>
<selenese>
	<command>contextMenu</command>
	<target><![CDATA[scLocator=//Portlet[ID="stressdatastg_repo_tab_0"]/item[0][Class="ListGrid"]/body/row[REF_DT=Tue Oct 03 2017 12:00:00 GMT+0200 (W. Europe Standard Time)||DEAL_NO=64678||FACE_VAL=55000000||4]/col[fieldName=FACE_VAL||4]]]></target>
	<value><![CDATA[]]></value>
</selenese>
<selenese>
	<command>waitForElementClickable</command>
	<target><![CDATA[scLocator=//autoID[Class=Dialog||index=46||length=48||classIndex=0||classLength=1||roleIndex=0||roleLength=1||title=Copy%20Cells||scRole=alertdialog]/item[0][Class="DynamicForm"]/item[name=done||title=Done||index=2||Class=ButtonItem]/button/]]></target>
	<value><![CDATA[]]></value>
</selenese>
<selenese>
	<command>click</command>
	<target><![CDATA[scLocator=//autoID[Class=Dialog||index=46||length=48||classIndex=0||classLength=1||roleIndex=0||roleLength=1||title=Copy%20Cells||scRole=alertdialog]/item[0][Class="DynamicForm"]/item[name=done||title=Done||index=2||Class=ButtonItem]/button/]]></target>
	<value><![CDATA[]]></value>
</selenese>
<selenese>
	<command>waitForElementClickable</command>
	<target><![CDATA[scLocator=//Portlet[ID="stressdatastg_repo_tab_0"]/item[0][Class="ListGrid"]/filterEditor/editRowForm/item[name=FACE_VAL||title=Face%20value||value=%3E100.000||index=4||Class=FloatItem]/element]]></target>
	<value><![CDATA[]]></value>
</selenese>
<selenese>
	<command>click</command>
	<target><![CDATA[scLocator=//Portlet[ID="stressdatastg_repo_tab_0"]/item[0][Class="ListGrid"]/filterEditor/editRowForm/item[name=FACE_VAL||title=Face%20value||value=%3E100.000||index=4||Class=FloatItem]/element]]></target>
	<value><![CDATA[]]></value>
</selenese>
<selenese>
	<command>waitForElementReadyForKeyPresses</command>
	<target><![CDATA[scLocator=//Portlet[ID="stressdatastg_repo_tab_0"]/item[0][Class="ListGrid"]/filterEditor/editRowForm/item[name=FACE_VAL||title=Face%20value||value=%3E100.000||index=4||Class=FloatItem]/element]]></target>
	<value><![CDATA[]]></value>
</selenese>
<selenese>
	<command>sendKeys</command>
	<target><![CDATA[scLocator=//Portlet[ID="stressdatastg_repo_tab_0"]/item[0][Class="ListGrid"]/filterEditor/editRowForm/item[name=FACE_VAL||title=Face%20value||value=%3E100.000||index=4||Class=FloatItem]/element]]></target>
	<value><![CDATA[${KEY_SHIFT}${KEY_CTRL}${KEY_RIGHT}${KEY_CTRL}${KEY_SHIFT}]]></value>
</selenese>
<selenese>
	<command>waitForElementReadyForKeyPresses</command>
	<target><![CDATA[scLocator=//Portlet[ID="stressdatastg_repo_tab_0"]/item[0][Class="ListGrid"]/filterEditor/editRowForm/item[name=FACE_VAL||title=Face%20value||value=%3E100.000||index=4||Class=FloatItem]/element]]></target>
	<value><![CDATA[]]></value>
</selenese>
<selenese>
	<command>sendKeys</command>
	<target><![CDATA[scLocator=//Portlet[ID="stressdatastg_repo_tab_0"]/item[0][Class="ListGrid"]/filterEditor/editRowForm/item[name=FACE_VAL||title=Face%20value||value=%3E100.000||index=4||Class=FloatItem]/element]]></target>
	<value><![CDATA[${KEY_SHIFT}${KEY_CTRL}${KEY_RIGHT}${KEY_CTRL}${KEY_SHIFT}]]></value>
</selenese>
<selenese>
	<command>waitForElementReadyForKeyPresses</command>
	<target><![CDATA[scLocator=//Portlet[ID="stressdatastg_repo_tab_0"]/item[0][Class="ListGrid"]/filterEditor/editRowForm/item[name=FACE_VAL||title=Face%20value||value=%3E100.000||index=4||Class=FloatItem]/element]]></target>
	<value><![CDATA[]]></value>
</selenese>
<selenese>
	<command>sendKeys</command>
	<target><![CDATA[scLocator=//Portlet[ID="stressdatastg_repo_tab_0"]/item[0][Class="ListGrid"]/filterEditor/editRowForm/item[name=FACE_VAL||title=Face%20value||value=%3E100.000||index=4||Class=FloatItem]/element]]></target>
	<value><![CDATA[${KEY_SHIFT}${KEY_CTRL}${KEY_RIGHT}${KEY_CTRL}${KEY_SHIFT}]]></value>
</selenese>
<selenese>
	<command>waitForElementReadyForKeyPresses</command>
	<target><![CDATA[scLocator=//Portlet[ID="stressdatastg_repo_tab_0"]/item[0][Class="ListGrid"]/filterEditor/editRowForm/item[name=FACE_VAL||title=Face%20value||value=%3E100.000||index=4||Class=FloatItem]/element]]></target>
	<value><![CDATA[]]></value>
</selenese>
<selenese>
	<command>sendKeys</command>
	<target><![CDATA[scLocator=//Portlet[ID="stressdatastg_repo_tab_0"]/item[0][Class="ListGrid"]/filterEditor/editRowForm/item[name=FACE_VAL||title=Face%20value||value=%3E100.000||index=4||Class=FloatItem]/element]]></target>
	<value><![CDATA[${KEY_SHIFT}${KEY_CTRL}${KEY_RIGHT}${KEY_CTRL}${KEY_SHIFT}]]></value>
</selenese>
<selenese>
	<command>waitForElementReadyForKeyPresses</command>
	<target><![CDATA[scLocator=//Portlet[ID="stressdatastg_repo_tab_0"]/item[0][Class="ListGrid"]/filterEditor/editRowForm/item[name=FACE_VAL||title=Face%20value||value=%3E%2255000000||index=4||Class=FloatItem]/element]]></target>
	<value><![CDATA[]]></value>
</selenese>
<selenese>
	<command>sendKeys</command>
	<target><![CDATA[scLocator=//Portlet[ID="stressdatastg_repo_tab_0"]/item[0][Class="ListGrid"]/filterEditor/editRowForm/item[name=FACE_VAL||title=Face%20value||value=%3E%2255000000||index=4||Class=FloatItem]/element]]></target>
	<value><![CDATA[${KEY_LEFT}]]></value>
</selenese>
<selenese>
	<command>waitForElementReadyForKeyPresses</command>
	<target><![CDATA[scLocator=//Portlet[ID="stressdatastg_repo_tab_0"]/item[0][Class="ListGrid"]/filterEditor/editRowForm/item[name=FACE_VAL||title=Face%20value||value=%3E%2255000000||index=4||Class=FloatItem]/element]]></target>
	<value><![CDATA[]]></value>
</selenese>
<selenese>
	<command>sendKeys</command>
	<target><![CDATA[scLocator=//Portlet[ID="stressdatastg_repo_tab_0"]/item[0][Class="ListGrid"]/filterEditor/editRowForm/item[name=FACE_VAL||title=Face%20value||value=%3E%2255000000||index=4||Class=FloatItem]/element]]></target>
	<value><![CDATA[${KEY_LEFT}]]></value>
</selenese>
<selenese>
	<command>waitForElementReadyForKeyPresses</command>
	<target><![CDATA[scLocator=//Portlet[ID="stressdatastg_repo_tab_0"]/item[0][Class="ListGrid"]/filterEditor/editRowForm/item[name=FACE_VAL||title=Face%20value||value=%3E%2255000000||index=4||Class=FloatItem]/element]]></target>
	<value><![CDATA[]]></value>
</selenese>
<selenese>
	<command>sendKeys</command>
	<target><![CDATA[scLocator=//Portlet[ID="stressdatastg_repo_tab_0"]/item[0][Class="ListGrid"]/filterEditor/editRowForm/item[name=FACE_VAL||title=Face%20value||value=%3E%2255000000||index=4||Class=FloatItem]/element]]></target>
	<value><![CDATA[${KEY_LEFT}]]></value>
</selenese>
<selenese>
	<command>waitForElementReadyForKeyPresses</command>
	<target><![CDATA[scLocator=//Portlet[ID="stressdatastg_repo_tab_0"]/item[0][Class="ListGrid"]/filterEditor/editRowForm/item[name=FACE_VAL||title=Face%20value||value=%3E%2255000000||index=4||Class=FloatItem]/element]]></target>
	<value><![CDATA[]]></value>
</selenese>
<selenese>
	<command>sendKeys</command>
	<target><![CDATA[scLocator=//Portlet[ID="stressdatastg_repo_tab_0"]/item[0][Class="ListGrid"]/filterEditor/editRowForm/item[name=FACE_VAL||title=Face%20value||value=%3E%2255000000||index=4||Class=FloatItem]/element]]></target>
	<value><![CDATA[${KEY_LEFT}]]></value>
</selenese>
<selenese>
	<command>waitForElementReadyForKeyPresses</command>
	<target><![CDATA[scLocator=//Portlet[ID="stressdatastg_repo_tab_0"]/item[0][Class="ListGrid"]/filterEditor/editRowForm/item[name=FACE_VAL||title=Face%20value||value=%3E%2255000000||index=4||Class=FloatItem]/element]]></target>
	<value><![CDATA[]]></value>
</selenese>
<selenese>
	<command>sendKeys</command>
	<target><![CDATA[scLocator=//Portlet[ID="stressdatastg_repo_tab_0"]/item[0][Class="ListGrid"]/filterEditor/editRowForm/item[name=FACE_VAL||title=Face%20value||value=%3E%2255000000||index=4||Class=FloatItem]/element]]></target>
	<value><![CDATA[${KEY_LEFT}]]></value>
</selenese>
<selenese>
	<command>waitForElementReadyForKeyPresses</command>
	<target><![CDATA[scLocator=//Portlet[ID="stressdatastg_repo_tab_0"]/item[0][Class="ListGrid"]/filterEditor/editRowForm/item[name=FACE_VAL||title=Face%20value||value=%3E%2255000000||index=4||Class=FloatItem]/element]]></target>
	<value><![CDATA[]]></value>
</selenese>
<selenese>
	<command>sendKeys</command>
	<target><![CDATA[scLocator=//Portlet[ID="stressdatastg_repo_tab_0"]/item[0][Class="ListGrid"]/filterEditor/editRowForm/item[name=FACE_VAL||title=Face%20value||value=%3E%2255000000||index=4||Class=FloatItem]/element]]></target>
	<value><![CDATA[${KEY_LEFT}]]></value>
</selenese>
<selenese>
	<command>waitForElementReadyForKeyPresses</command>
	<target><![CDATA[scLocator=//Portlet[ID="stressdatastg_repo_tab_0"]/item[0][Class="ListGrid"]/filterEditor/editRowForm/item[name=FACE_VAL||title=Face%20value||value=%3E%2255000000||index=4||Class=FloatItem]/element]]></target>
	<value><![CDATA[]]></value>
</selenese>
<selenese>
	<command>sendKeys</command>
	<target><![CDATA[scLocator=//Portlet[ID="stressdatastg_repo_tab_0"]/item[0][Class="ListGrid"]/filterEditor/editRowForm/item[name=FACE_VAL||title=Face%20value||value=%3E%2255000000||index=4||Class=FloatItem]/element]]></target>
	<value><![CDATA[${KEY_LEFT}]]></value>
</selenese>
<selenese>
	<command>waitForElementReadyForKeyPresses</command>
	<target><![CDATA[scLocator=//Portlet[ID="stressdatastg_repo_tab_0"]/item[0][Class="ListGrid"]/filterEditor/editRowForm/item[name=FACE_VAL||title=Face%20value||value=%3E%2255000000||index=4||Class=FloatItem]/element]]></target>
	<value><![CDATA[]]></value>
</selenese>
<selenese>
	<command>sendKeys</command>
	<target><![CDATA[scLocator=//Portlet[ID="stressdatastg_repo_tab_0"]/item[0][Class="ListGrid"]/filterEditor/editRowForm/item[name=FACE_VAL||title=Face%20value||value=%3E%2255000000||index=4||Class=FloatItem]/element]]></target>
	<value><![CDATA[${KEY_LEFT}]]></value>
</selenese>
<selenese>
	<command>waitForElementReadyForKeyPresses</command>
	<target><![CDATA[scLocator=//Portlet[ID="stressdatastg_repo_tab_0"]/item[0][Class="ListGrid"]/filterEditor/editRowForm/item[name=FACE_VAL||title=Face%20value||value=%3E55000000||index=4||Class=FloatItem]/element]]></target>
	<value><![CDATA[]]></value>
</selenese>
<selenese>
	<command>sendKeys</command>
	<target><![CDATA[scLocator=//Portlet[ID="stressdatastg_repo_tab_0"]/item[0][Class="ListGrid"]/filterEditor/editRowForm/item[name=FACE_VAL||title=Face%20value||value=%3E55000000||index=4||Class=FloatItem]/element]]></target>
	<value><![CDATA[${KEY_ENTER}]]></value>
</selenese>
<selenese>
	<command>waitForElementClickable</command>
	<target><![CDATA[scLocator=//Portlet[ID="stressdatastg_repo_tab_0"]/item[0][Class="ListGrid"]/filterEditor/editRowForm/item[name=FACE_VAL||title=Face%20value||value=%3E55000000||index=4||Class=FloatItem]/element]]></target>
	<value><![CDATA[]]></value>
</selenese>
<selenese>
	<command>type</command>
	<target><![CDATA[scLocator=//Portlet[ID="stressdatastg_repo_tab_0"]/item[0][Class="ListGrid"]/filterEditor/editRowForm/item[name=FACE_VAL||title=Face%20value||value=%3E55000000||index=4||Class=FloatItem]/element]]></target>
	<value><![CDATA[>55000000]]></value>
</selenese>
<selenese>
	<command>waitForElementClickable</command>
	<target><![CDATA[scLocator=//Portlet[ID="stressdatastg_repo_tab_0"]/item[0][Class="ListGrid"]/filterEditor/editRowForm/item[name=FACE_VAL||title=Face%20value||value=%3E55000000||index=4||Class=FloatItem]/element]]></target>
	<value><![CDATA[]]></value>
</selenese>
<selenese>
	<command>click</command>
	<target><![CDATA[scLocator=//Portlet[ID="stressdatastg_repo_tab_0"]/item[0][Class="ListGrid"]/filterEditor/editRowForm/item[name=FACE_VAL||title=Face%20value||value=%3E55000000||index=4||Class=FloatItem]/element]]></target>
	<value><![CDATA[]]></value>
</selenese>
<selenese>
	<command>waitForElementReadyForKeyPresses</command>
	<target><![CDATA[scLocator=//Portlet[ID="stressdatastg_repo_tab_0"]/item[0][Class="ListGrid"]/filterEditor/editRowForm/item[name=FACE_VAL||title=Face%20value||index=4||Class=FloatItem]/element]]></target>
	<value><![CDATA[]]></value>
</selenese>
<selenese>
	<command>sendKeys</command>
	<target><![CDATA[scLocator=//Portlet[ID="stressdatastg_repo_tab_0"]/item[0][Class="ListGrid"]/filterEditor/editRowForm/item[name=FACE_VAL||title=Face%20value||index=4||Class=FloatItem]/element]]></target>
	<value><![CDATA[${KEY_ENTER}]]></value>
</selenese>
<selenese>
	<command>waitForElementClickable</command>
	<target><![CDATA[scLocator=//Portlet[ID="stressdatastg_repo_tab_0"]/item[0][Class="ListGrid"]/filterEditor/editRowForm/item[name=FACE_VAL||title=Face%20value||index=4||Class=FloatItem]/element]]></target>
	<value><![CDATA[]]></value>
</selenese>
<selenese>
	<command>type</command>
	<target><![CDATA[scLocator=//Portlet[ID="stressdatastg_repo_tab_0"]/item[0][Class="ListGrid"]/filterEditor/editRowForm/item[name=FACE_VAL||title=Face%20value||index=4||Class=FloatItem]/element]]></target>
	<value><![CDATA[]]></value>
</selenese>
<selenese>
	<command>waitForElementClickable</command>
	<target><![CDATA[scLocator=//Portlet[ID="stressdatastg_repo_tab_0"]/item[0][Class="ListGrid"]/filterEditor/editRowForm/item[title=Ref.%20date||value=[object Object]||index=0||Class=MiniDateRangeItem]/[icon="showDateRange"]]]></target>
	<value><![CDATA[]]></value>
</selenese>
<selenese>
	<command>click</command>
	<target><![CDATA[scLocator=//Portlet[ID="stressdatastg_repo_tab_0"]/item[0][Class="ListGrid"]/filterEditor/editRowForm/item[title=Ref.%20date||value=[object Object]||index=0||Class=MiniDateRangeItem]/[icon="showDateRange"]]]></target>
	<value><![CDATA[]]></value>
</selenese>
<selenese>
	<command>waitForElementClickable</command>
	<target><![CDATA[scLocator=//Portlet[ID="stressdatastg_repo_tab_0"]/item[0][Class="ListGrid"]/filterEditor/editRowForm/item[title=Ref.%20date||value=[object Object]||index=0||Class=MiniDateRangeItem]/rangeDialog/clearButton/]]></target>
	<value><![CDATA[]]></value>
</selenese>
<selenese>
	<command>click</command>
	<target><![CDATA[scLocator=//Portlet[ID="stressdatastg_repo_tab_0"]/item[0][Class="ListGrid"]/filterEditor/editRowForm/item[title=Ref.%20date||value=[object Object]||index=0||Class=MiniDateRangeItem]/rangeDialog/clearButton/]]></target>
	<value><![CDATA[]]></value>
</selenese>
<selenese>
	<command>waitForElementClickable</command>
	<target><![CDATA[scLocator=//Portlet[ID="stressdatastg_repo_tab_0"]/item[0][Class="ListGrid"]/filterEditor/editRowForm/item[title=Ref.%20date||index=0||Class=MiniDateRangeItem]/rangeDialog/okButton/]]></target>
	<value><![CDATA[]]></value>
</selenese>
<selenese>
	<command>secondClick</command>
	<target><![CDATA[scLocator=//Portlet[ID="stressdatastg_repo_tab_0"]/item[0][Class="ListGrid"]/filterEditor/editRowForm/item[title=Ref.%20date||index=0||Class=MiniDateRangeItem]/rangeDialog/okButton/]]></target>
	<value><![CDATA[]]></value>
</selenese>
<selenese>
	<command>waitForElementClickable</command>
	<target><![CDATA[scLocator=//Portlet[ID="stressdatastg_repo_tab_0"]/item[0][Class="ListGrid"]/filterEditor/actionButton/icon]]></target>
	<value><![CDATA[]]></value>
</selenese>
<selenese>
	<command>click</command>
	<target><![CDATA[scLocator=//Portlet[ID="stressdatastg_repo_tab_0"]/item[0][Class="ListGrid"]/filterEditor/actionButton/icon]]></target>
	<value><![CDATA[]]></value>
</selenese>
</TestCase>