<?xml version="1.0" encoding="UTF-8"?>
<TestCase seleniumIDEVersion="2.9.1" baseURL="https://10.0.10.230:10044/LiqPortalWEB/index.html">
<selenese>
	<command>echo</command>
	<target><![CDATA[]]></target>
	<value><![CDATA[RU13-NUC01-T02.rctest]]></value>
</selenese>
<selenese>
	<command>open</command>
	<target><![CDATA[/LiqPortalWEB/]]></target>
	<value><![CDATA[Liquidity Portal - Data Staging - Sec Held AS - Filter]]></value>
</selenese>
<selenese>
	<command>type</command>
	<target><![CDATA[id=Username]]></target>
	<value><![CDATA[mpetracc]]></value>
</selenese>
<selenese>
	<command>type</command>
	<target><![CDATA[id=Password]]></target>
	<value><![CDATA[.mpetrac00]]></value>
</selenese>
<selenese>
	<command>clickAndWait</command>
	<target><![CDATA[id=submitLabel]]></target>
	<value><![CDATA[]]></value>
</selenese>
<selenese>
	<command>waitForElementClickable</command>
	<target><![CDATA[scLocator=//Menu[level=1]/body/row[1]/col[fieldName=title||0]]]></target>
	<value><![CDATA[]]></value>
</selenese>
<selenese>
	<command>click</command>
	<target><![CDATA[scLocator=//Menu[level=1]/body/row[1]/col[fieldName=title||0]]]></target>
	<value><![CDATA[]]></value>
</selenese>
<selenese>
	<command>waitForElementClickable</command>
	<target><![CDATA[scLocator=//Menu[level=1]/body/row[3]/col[fieldName=title||0]]]></target>
	<value><![CDATA[]]></value>
</selenese>
<selenese>
	<command>click</command>
	<target><![CDATA[scLocator=//Menu[level=1]/body/row[3]/col[fieldName=title||0]]]></target>
	<value><![CDATA[]]></value>
</selenese>
<selenese>
	<command>waitForElementClickable</command>
	<target><![CDATA[scLocator=//Portlet[ID="liquidity_ord_tab_0"]/closeButton/]]></target>
	<value><![CDATA[]]></value>
</selenese>
<selenese>
	<command>click</command>
	<target><![CDATA[scLocator=//Portlet[ID="liquidity_ord_tab_0"]/closeButton/]]></target>
	<value><![CDATA[]]></value>
</selenese>
<selenese>
	<command>waitForElementClickable</command>
	<target><![CDATA[scLocator=//Portlet[ID="liquiditystress_mkt_tab_0"]/closeButton/]]></target>
	<value><![CDATA[]]></value>
</selenese>
<selenese>
	<command>click</command>
	<target><![CDATA[scLocator=//Portlet[ID="liquiditystress_mkt_tab_0"]/closeButton/]]></target>
	<value><![CDATA[]]></value>
</selenese>
<selenese>
	<command>waitForElementClickable</command>
	<target><![CDATA[scLocator=//autoID[Class=VLayout||index=7||length=21||classIndex=0||classLength=1]/member[Class=HLayout||index=2||length=4||classIndex=2||classLength=4]/member[Class=HLayout||index=0||length=1||classIndex=0||classLength=1]/member[Class=TabSet||index=0||length=1||classIndex=0||classLength=1]/tabPane[title=Liq.%20Standard%20and%20Stressed%20Market%20Conditions||ID=tab_0||index=0]/member[Class=PortalLayout||index=0||length=1||classIndex=0||classLength=1]/column[Class=PortalColumn||index=1||length=2||classIndex=1||classLength=2]/rowLayout/L]]></target>
	<value><![CDATA[]]></value>
</selenese>
<selenese>
	<command>dragAndDrop</command>
	<target><![CDATA[scLocator=//autoID[Class=VLayout||index=7||length=21||classIndex=0||classLength=1]/member[Class=HLayout||index=2||length=4||classIndex=2||classLength=4]/member[Class=HLayout||index=0||length=1||classIndex=0||classLength=1]/member[Class=TabSet||index=0||length=1||classIndex=0||classLength=1]/tabPane[title=Liq.%20Standard%20and%20Stressed%20Market%20Conditions||ID=tab_0||index=0]/member[Class=PortalLayout||index=0||length=1||classIndex=0||classLength=1]/column[Class=PortalColumn||index=1||length=2||classIndex=1||classLength=2]/rowLayout/L]]></target>
	<value><![CDATA[+480,+15]]></value>
</selenese>
<selenese>
	<command>waitForElementClickable</command>
	<target><![CDATA[scLocator=//Portlet[ID="stressdatastg_secheldmarg_tab_0"]/item[0][Class="ListGrid"]/filterEditor/editRowForm/item[title=Calc.%20date||index=0||Class=MiniDateRangeItem]/[icon="showDateRange"]]]></target>
	<value><![CDATA[]]></value>
</selenese>
<selenese>
	<command>click</command>
	<target><![CDATA[scLocator=//Portlet[ID="stressdatastg_secheldmarg_tab_0"]/item[0][Class="ListGrid"]/filterEditor/editRowForm/item[title=Calc.%20date||index=0||Class=MiniDateRangeItem]/[icon="showDateRange"]]]></target>
	<value><![CDATA[]]></value>
</selenese>
<selenese>
	<command>waitForElementClickable</command>
	<target><![CDATA[scLocator=//Portlet[ID="stressdatastg_secheldmarg_tab_0"]/item[0][Class="ListGrid"]/filterEditor/editRowForm/item[title=Calc.%20date||index=0||Class=MiniDateRangeItem]/rangeDialog/rangeForm/item[name=CALC_DT||title=CALC_DT||index=0||Class=DateRangeItem]/dateRangeForm/item[name=fromField||title=From||index=0||Class=RelativeDateItem]/editor/item[name=valueField||title=valueField||index=0||Class=ComboBoxItem]/[icon="picker"]]]></target>
	<value><![CDATA[]]></value>
</selenese>
<selenese>
	<command>click</command>
	<target><![CDATA[scLocator=//Portlet[ID="stressdatastg_secheldmarg_tab_0"]/item[0][Class="ListGrid"]/filterEditor/editRowForm/item[title=Calc.%20date||index=0||Class=MiniDateRangeItem]/rangeDialog/rangeForm/item[name=CALC_DT||title=CALC_DT||index=0||Class=DateRangeItem]/dateRangeForm/item[name=fromField||title=From||index=0||Class=RelativeDateItem]/editor/item[name=valueField||title=valueField||index=0||Class=ComboBoxItem]/[icon="picker"]]]></target>
	<value><![CDATA[]]></value>
</selenese>
<selenese>
	<command>waitForElementClickable</command>
	<target><![CDATA[scLocator=//Portlet[ID="stressdatastg_secheldmarg_tab_0"]/item[0][Class="ListGrid"]/filterEditor/editRowForm/item[title=Calc.%20date||index=0||Class=MiniDateRangeItem]/rangeDialog/rangeForm/item[name=CALC_DT||title=CALC_DT||index=0||Class=DateRangeItem]/dateRangeForm/item[name=fromField||title=From||index=0||Class=RelativeDateItem]/editor/item[name=valueField||title=valueField||index=0||Class=ComboBoxItem]/pickList/body/row[valueField=%24today||0]/col[fieldName=valueField||0]]]></target>
	<value><![CDATA[]]></value>
</selenese>
<selenese>
	<command>click</command>
	<target><![CDATA[scLocator=//Portlet[ID="stressdatastg_secheldmarg_tab_0"]/item[0][Class="ListGrid"]/filterEditor/editRowForm/item[title=Calc.%20date||index=0||Class=MiniDateRangeItem]/rangeDialog/rangeForm/item[name=CALC_DT||title=CALC_DT||index=0||Class=DateRangeItem]/dateRangeForm/item[name=fromField||title=From||index=0||Class=RelativeDateItem]/editor/item[name=valueField||title=valueField||index=0||Class=ComboBoxItem]/pickList/body/row[valueField=%24today||0]/col[fieldName=valueField||0]]]></target>
	<value><![CDATA[]]></value>
</selenese>
<selenese>
	<command>waitForElementClickable</command>
	<target><![CDATA[scLocator=//Portlet[ID="stressdatastg_secheldmarg_tab_0"]/item[0][Class="ListGrid"]/filterEditor/editRowForm/item[title=Calc.%20date||value=[object Object]||index=0||Class=MiniDateRangeItem]/rangeDialog/okButton/]]></target>
	<value><![CDATA[]]></value>
</selenese>
<selenese>
	<command>click</command>
	<target><![CDATA[scLocator=//Portlet[ID="stressdatastg_secheldmarg_tab_0"]/item[0][Class="ListGrid"]/filterEditor/editRowForm/item[title=Calc.%20date||value=[object Object]||index=0||Class=MiniDateRangeItem]/rangeDialog/okButton/]]></target>
	<value><![CDATA[]]></value>
</selenese>
<selenese>
	<command>waitForElementClickable</command>
	<target><![CDATA[scLocator=//Portlet[ID="stressdatastg_secheldmarg_tab_0"]/item[0][Class="ListGrid"]/filterEditor/actionButton/icon]]></target>
	<value><![CDATA[]]></value>
</selenese>
<selenese>
	<command>click</command>
	<target><![CDATA[scLocator=//Portlet[ID="stressdatastg_secheldmarg_tab_0"]/item[0][Class="ListGrid"]/filterEditor/actionButton/icon]]></target>
	<value><![CDATA[]]></value>
</selenese>
<selenese>
	<command>waitForElementClickable</command>
	<target><![CDATA[scLocator=//Portlet[ID="stressdatastg_secheldmarg_tab_0"]/item[0][Class="ListGrid"]/filterEditor/editRowForm/item[name=ACCT||title=Account||index=2||Class=SelectItem]/[icon="picker"]]]></target>
	<value><![CDATA[]]></value>
</selenese>
<selenese>
	<command>click</command>
	<target><![CDATA[scLocator=//Portlet[ID="stressdatastg_secheldmarg_tab_0"]/item[0][Class="ListGrid"]/filterEditor/editRowForm/item[name=ACCT||title=Account||index=2||Class=SelectItem]/[icon="picker"]]]></target>
	<value><![CDATA[]]></value>
</selenese>
<selenese>
	<command>waitForElementClickable</command>
	<target><![CDATA[scLocator=//Portlet[ID="stressdatastg_secheldmarg_tab_0"]/item[0][Class="ListGrid"]/filterEditor/editRowForm/item[name=ACCT||title=Account||index=2||Class=SelectItem]/pickList/body/row[0]/col[fieldName=ACCT||0]]]></target>
	<value><![CDATA[]]></value>
</selenese>
<selenese>
	<command>click</command>
	<target><![CDATA[scLocator=//Portlet[ID="stressdatastg_secheldmarg_tab_0"]/item[0][Class="ListGrid"]/filterEditor/editRowForm/item[name=ACCT||title=Account||index=2||Class=SelectItem]/pickList/body/row[0]/col[fieldName=ACCT||0]]]></target>
	<value><![CDATA[]]></value>
</selenese>
<selenese>
	<command>waitForElementClickable</command>
	<target><![CDATA[scLocator=//Portlet[ID="stressdatastg_secheldmarg_tab_0"]/item[0][Class="ListGrid"]/filterEditor/actionButton/icon]]></target>
	<value><![CDATA[]]></value>
</selenese>
<selenese>
	<command>click</command>
	<target><![CDATA[scLocator=//Portlet[ID="stressdatastg_secheldmarg_tab_0"]/item[0][Class="ListGrid"]/filterEditor/actionButton/icon]]></target>
	<value><![CDATA[]]></value>
</selenese>
<selenese>
	<command>waitForElementClickable</command>
	<target><![CDATA[scLocator=//Portlet[ID="stressdatastg_secheldmarg_tab_0"]/item[0][Class="ListGrid"]/filterEditor/editRowForm/item[name=ACCT||title=Account||index=2||Class=SelectItem]/[icon="picker"]]]></target>
	<value><![CDATA[]]></value>
</selenese>
<selenese>
	<command>click</command>
	<target><![CDATA[scLocator=//Portlet[ID="stressdatastg_secheldmarg_tab_0"]/item[0][Class="ListGrid"]/filterEditor/editRowForm/item[name=ACCT||title=Account||index=2||Class=SelectItem]/[icon="picker"]]]></target>
	<value><![CDATA[]]></value>
</selenese>
<selenese>
	<command>waitForElementClickable</command>
	<target><![CDATA[scLocator=//Portlet[ID="stressdatastg_secheldmarg_tab_0"]/item[0][Class="ListGrid"]/filterEditor/editRowForm/item[name=ACCT||title=Account||index=2||Class=SelectItem]/pickList/body/row[0]/col[fieldName=ACCT||0]]]></target>
	<value><![CDATA[]]></value>
</selenese>
<selenese>
	<command>click</command>
	<target><![CDATA[scLocator=//Portlet[ID="stressdatastg_secheldmarg_tab_0"]/item[0][Class="ListGrid"]/filterEditor/editRowForm/item[name=ACCT||title=Account||index=2||Class=SelectItem]/pickList/body/row[0]/col[fieldName=ACCT||0]]]></target>
	<value><![CDATA[]]></value>
</selenese>
</TestCase>