<?xml version="1.0" encoding="UTF-8"?>
<TestCase seleniumIDEVersion="2.9.1" baseURL="https://10.0.10.230:10044/LiqPortalWEB/index.html">
<selenese>
	<command>echo</command>
	<target><![CDATA[]]></target>
	<value><![CDATA[RU14-NUC01-T03.rctest]]></value>
</selenese>
<selenese>
	<command>open</command>
	<target><![CDATA[/LiqPortalWEB/]]></target>
	<value><![CDATA[Liquidity Portal - Data Staging - Sec. Portfolio stg - Grouping]]></value>
</selenese>
<selenese>
	<command>type</command>
	<target><![CDATA[id=Username]]></target>
	<value><![CDATA[mpetracc]]></value>
</selenese>
<selenese>
	<command>type</command>
	<target><![CDATA[id=Password]]></target>
	<value><![CDATA[.mpetrac00]]></value>
</selenese>
<selenese>
	<command>clickAndWait</command>
	<target><![CDATA[id=submitLabel]]></target>
	<value><![CDATA[]]></value>
</selenese>
<selenese>
	<command>waitForElementClickable</command>
	<target><![CDATA[scLocator=//Menu[level=1]/body/row[2]/col[fieldName=title||0]]]></target>
	<value><![CDATA[]]></value>
</selenese>
<selenese>
	<command>click</command>
	<target><![CDATA[scLocator=//Menu[level=1]/body/row[2]/col[fieldName=title||0]]]></target>
	<value><![CDATA[]]></value>
</selenese>
<selenese>
	<command>waitForElementClickable</command>
	<target><![CDATA[scLocator=//Portlet[ID="stressdatastg_secportfolio_tab_0"]/]]></target>
	<value><![CDATA[]]></value>
</selenese>
<selenese>
	<command>click</command>
	<target><![CDATA[scLocator=//Portlet[ID="stressdatastg_secportfolio_tab_0"]/]]></target>
	<value><![CDATA[]]></value>
</selenese>
<selenese>
	<command>waitForElementClickable</command>
	<target><![CDATA[scLocator=//Portlet[ID="stressdatastg_secportfolio_tab_0"]/item[0][Class="ListGrid"]/filterEditor/editRowForm/item[title=Ref.%20date||index=0||Class=MiniDateRangeItem]/[icon="showDateRange"]]]></target>
	<value><![CDATA[]]></value>
</selenese>
<selenese>
	<command>click</command>
	<target><![CDATA[scLocator=//Portlet[ID="stressdatastg_secportfolio_tab_0"]/item[0][Class="ListGrid"]/filterEditor/editRowForm/item[title=Ref.%20date||index=0||Class=MiniDateRangeItem]/[icon="showDateRange"]]]></target>
	<value><![CDATA[]]></value>
</selenese>
<selenese>
	<command>waitForElementClickable</command>
	<target><![CDATA[scLocator=//Portlet[ID="stressdatastg_secportfolio_tab_0"]/item[0][Class="ListGrid"]/filterEditor/editRowForm/item[title=Ref.%20date||index=0||Class=MiniDateRangeItem]/rangeDialog/rangeForm/item[name=REF_DT||title=REF_DT||index=0||Class=DateRangeItem]/dateRangeForm/item[name=fromField||title=From||index=0||Class=RelativeDateItem]/editor/item[name=valueField||title=valueField||index=0||Class=ComboBoxItem]/[icon="picker"]]]></target>
	<value><![CDATA[]]></value>
</selenese>
<selenese>
	<command>click</command>
	<target><![CDATA[scLocator=//Portlet[ID="stressdatastg_secportfolio_tab_0"]/item[0][Class="ListGrid"]/filterEditor/editRowForm/item[title=Ref.%20date||index=0||Class=MiniDateRangeItem]/rangeDialog/rangeForm/item[name=REF_DT||title=REF_DT||index=0||Class=DateRangeItem]/dateRangeForm/item[name=fromField||title=From||index=0||Class=RelativeDateItem]/editor/item[name=valueField||title=valueField||index=0||Class=ComboBoxItem]/[icon="picker"]]]></target>
	<value><![CDATA[]]></value>
</selenese>
<selenese>
	<command>waitForElementClickable</command>
	<target><![CDATA[scLocator=//Portlet[ID="stressdatastg_secportfolio_tab_0"]/item[0][Class="ListGrid"]/filterEditor/editRowForm/item[title=Ref.%20date||index=0||Class=MiniDateRangeItem]/rangeDialog/rangeForm/item[name=REF_DT||title=REF_DT||index=0||Class=DateRangeItem]/dateRangeForm/item[name=fromField||title=From||index=0||Class=RelativeDateItem]/editor/item[name=valueField||title=valueField||index=0||Class=ComboBoxItem]/pickList/body/row[valueField=%24yesterday||1]/col[fieldName=valueField||0]]]></target>
	<value><![CDATA[]]></value>
</selenese>
<selenese>
	<command>click</command>
	<target><![CDATA[scLocator=//Portlet[ID="stressdatastg_secportfolio_tab_0"]/item[0][Class="ListGrid"]/filterEditor/editRowForm/item[title=Ref.%20date||index=0||Class=MiniDateRangeItem]/rangeDialog/rangeForm/item[name=REF_DT||title=REF_DT||index=0||Class=DateRangeItem]/dateRangeForm/item[name=fromField||title=From||index=0||Class=RelativeDateItem]/editor/item[name=valueField||title=valueField||index=0||Class=ComboBoxItem]/pickList/body/row[valueField=%24yesterday||1]/col[fieldName=valueField||0]]]></target>
	<value><![CDATA[]]></value>
</selenese>
<selenese>
	<command>waitForElementClickable</command>
	<target><![CDATA[scLocator=//Portlet[ID="stressdatastg_secportfolio_tab_0"]/item[0][Class="ListGrid"]/filterEditor/editRowForm/item[title=Ref.%20date||value=[object Object]||index=0||Class=MiniDateRangeItem]/rangeDialog/rangeForm/item[name=REF_DT||title=REF_DT||value=[object Object]||index=0||Class=DateRangeItem]/dateRangeForm/item[name=toField||title=To||index=1||Class=RelativeDateItem]/editor/item[name=valueField||title=valueField||index=0||Class=ComboBoxItem]/[icon="picker"]]]></target>
	<value><![CDATA[]]></value>
</selenese>
<selenese>
	<command>click</command>
	<target><![CDATA[scLocator=//Portlet[ID="stressdatastg_secportfolio_tab_0"]/item[0][Class="ListGrid"]/filterEditor/editRowForm/item[title=Ref.%20date||value=[object Object]||index=0||Class=MiniDateRangeItem]/rangeDialog/rangeForm/item[name=REF_DT||title=REF_DT||value=[object Object]||index=0||Class=DateRangeItem]/dateRangeForm/item[name=toField||title=To||index=1||Class=RelativeDateItem]/editor/item[name=valueField||title=valueField||index=0||Class=ComboBoxItem]/[icon="picker"]]]></target>
	<value><![CDATA[]]></value>
</selenese>
<selenese>
	<command>waitForElementClickable</command>
	<target><![CDATA[scLocator=//Portlet[ID="stressdatastg_secportfolio_tab_0"]/item[0][Class="ListGrid"]/filterEditor/editRowForm/item[title=Ref.%20date||value=[object Object]||index=0||Class=MiniDateRangeItem]/rangeDialog/rangeForm/item[name=REF_DT||title=REF_DT||value=[object Object]||index=0||Class=DateRangeItem]/dateRangeForm/item[name=toField||title=To||index=1||Class=RelativeDateItem]/editor/item[name=valueField||title=valueField||index=0||Class=ComboBoxItem]/pickList/body/row[valueField=%24today||0]/col[fieldName=valueField||0]]]></target>
	<value><![CDATA[]]></value>
</selenese>
<selenese>
	<command>click</command>
	<target><![CDATA[scLocator=//Portlet[ID="stressdatastg_secportfolio_tab_0"]/item[0][Class="ListGrid"]/filterEditor/editRowForm/item[title=Ref.%20date||value=[object Object]||index=0||Class=MiniDateRangeItem]/rangeDialog/rangeForm/item[name=REF_DT||title=REF_DT||value=[object Object]||index=0||Class=DateRangeItem]/dateRangeForm/item[name=toField||title=To||index=1||Class=RelativeDateItem]/editor/item[name=valueField||title=valueField||index=0||Class=ComboBoxItem]/pickList/body/row[valueField=%24today||0]/col[fieldName=valueField||0]]]></target>
	<value><![CDATA[]]></value>
</selenese>
<selenese>
	<command>waitForElementClickable</command>
	<target><![CDATA[scLocator=//Portlet[ID="stressdatastg_secportfolio_tab_0"]/item[0][Class="ListGrid"]/filterEditor/editRowForm/item[title=Ref.%20date||value=[object Object]||index=0||Class=MiniDateRangeItem]/rangeDialog/okButton/]]></target>
	<value><![CDATA[]]></value>
</selenese>
<selenese>
	<command>click</command>
	<target><![CDATA[scLocator=//Portlet[ID="stressdatastg_secportfolio_tab_0"]/item[0][Class="ListGrid"]/filterEditor/editRowForm/item[title=Ref.%20date||value=[object Object]||index=0||Class=MiniDateRangeItem]/rangeDialog/okButton/]]></target>
	<value><![CDATA[]]></value>
</selenese>
<selenese>
	<command>waitForElementClickable</command>
	<target><![CDATA[scLocator=//Portlet[ID="stressdatastg_secportfolio_tab_0"]/item[0][Class="ListGrid"]/filterEditor/editRowForm/item[title=Ref.%20date||value=[object Object]||index=0||Class=MiniDateRangeItem]/[icon="showDateRange"]]]></target>
	<value><![CDATA[]]></value>
</selenese>
<selenese>
	<command>sendKeys</command>
	<target><![CDATA[scLocator=//Portlet[ID="stressdatastg_secportfolio_tab_0"]/item[0][Class="ListGrid"]/filterEditor/editRowForm/item[title=Ref.%20date||value=[object Object]||index=0||Class=MiniDateRangeItem]/[icon="showDateRange"]]]></target>
	<value><![CDATA[${KEY_ENTER}]]></value>
</selenese>
<selenese>
	<command>waitForElementClickable</command>
	<target><![CDATA[scLocator=//Portlet[ID="stressdatastg_secportfolio_tab_0"]/item[0][Class="ListGrid"]/filterEditor/editRowForm/item[title=Ref.%20date||value=[object Object]||index=0||Class=MiniDateRangeItem]/rangeDialog/closeButton/]]></target>
	<value><![CDATA[]]></value>
</selenese>
<selenese>
	<command>click</command>
	<target><![CDATA[scLocator=//Portlet[ID="stressdatastg_secportfolio_tab_0"]/item[0][Class="ListGrid"]/filterEditor/editRowForm/item[title=Ref.%20date||value=[object Object]||index=0||Class=MiniDateRangeItem]/rangeDialog/closeButton/]]></target>
	<value><![CDATA[]]></value>
</selenese>
<selenese>
	<command>waitForElementClickable</command>
	<target><![CDATA[scLocator=//Portlet[ID="stressdatastg_secportfolio_tab_0"]/item[0][Class="ListGrid"]/filterEditor/editRowForm/item[title=Ref.%20date||value=[object Object]||index=0||Class=MiniDateRangeItem]/[icon="showDateRange"]]]></target>
	<value><![CDATA[]]></value>
</selenese>
<selenese>
	<command>click</command>
	<target><![CDATA[scLocator=//Portlet[ID="stressdatastg_secportfolio_tab_0"]/item[0][Class="ListGrid"]/filterEditor/editRowForm/item[title=Ref.%20date||value=[object Object]||index=0||Class=MiniDateRangeItem]/[icon="showDateRange"]]]></target>
	<value><![CDATA[]]></value>
</selenese>
<selenese>
	<command>waitForElementClickable</command>
	<target><![CDATA[scLocator=//ScreenSpan[ID="isc_EH_screenSpan"]/]]></target>
	<value><![CDATA[]]></value>
</selenese>
<selenese>
	<command>click</command>
	<target><![CDATA[scLocator=//ScreenSpan[ID="isc_EH_screenSpan"]/]]></target>
	<value><![CDATA[]]></value>
</selenese>
<selenese>
	<command>waitForElementClickable</command>
	<target><![CDATA[scLocator=//Portlet[ID="stressdatastg_secportfolio_tab_0"]/item[0][Class="ListGrid"]/filterEditor/editRowForm/item[title=Ref.%20date||value=[object Object]||index=0||Class=MiniDateRangeItem]/rangeDialog/rangeForm/item[name=REF_DT||title=REF_DT||value=[object Object]||index=0||Class=DateRangeItem]/dateRangeForm/item[name=fromField||title=From||value=Tue Jul 25 2017 12:00:00 GMT+0200 (W. Europe Standard Time)||index=0||Class=RelativeDateItem]/editor/item[name=valueField||title=valueField||value=%24yesterday||index=0||Class=ComboBoxItem]/[icon="picker"]]]></target>
	<value><![CDATA[]]></value>
</selenese>
<selenese>
	<command>click</command>
	<target><![CDATA[scLocator=//Portlet[ID="stressdatastg_secportfolio_tab_0"]/item[0][Class="ListGrid"]/filterEditor/editRowForm/item[title=Ref.%20date||value=[object Object]||index=0||Class=MiniDateRangeItem]/rangeDialog/rangeForm/item[name=REF_DT||title=REF_DT||value=[object Object]||index=0||Class=DateRangeItem]/dateRangeForm/item[name=fromField||title=From||value=Tue Jul 25 2017 12:00:00 GMT+0200 (W. Europe Standard Time)||index=0||Class=RelativeDateItem]/editor/item[name=valueField||title=valueField||value=%24yesterday||index=0||Class=ComboBoxItem]/[icon="picker"]]]></target>
	<value><![CDATA[]]></value>
</selenese>
<selenese>
	<command>waitForElementClickable</command>
	<target><![CDATA[scLocator=//Portlet[ID="stressdatastg_secportfolio_tab_0"]/item[0][Class="ListGrid"]/filterEditor/editRowForm/item[title=Ref.%20date||value=[object Object]||index=0||Class=MiniDateRangeItem]/rangeDialog/rangeForm/item[name=REF_DT||title=REF_DT||value=[object Object]||index=0||Class=DateRangeItem]/dateRangeForm/item[name=fromField||title=From||value=Tue Jul 25 2017 12:00:00 GMT+0200 (W. Europe Standard Time)||index=0||Class=RelativeDateItem]/editor/item[name=valueField||title=valueField||value=%24yesterday||index=0||Class=ComboBoxItem]/pickList/body/row[valueField=%24yesterday||1]/col[fieldName=valueField||0]]]></target>
	<value><![CDATA[]]></value>
</selenese>
<selenese>
	<command>click</command>
	<target><![CDATA[scLocator=//Portlet[ID="stressdatastg_secportfolio_tab_0"]/item[0][Class="ListGrid"]/filterEditor/editRowForm/item[title=Ref.%20date||value=[object Object]||index=0||Class=MiniDateRangeItem]/rangeDialog/rangeForm/item[name=REF_DT||title=REF_DT||value=[object Object]||index=0||Class=DateRangeItem]/dateRangeForm/item[name=fromField||title=From||value=Tue Jul 25 2017 12:00:00 GMT+0200 (W. Europe Standard Time)||index=0||Class=RelativeDateItem]/editor/item[name=valueField||title=valueField||value=%24yesterday||index=0||Class=ComboBoxItem]/pickList/body/row[valueField=%24yesterday||1]/col[fieldName=valueField||0]]]></target>
	<value><![CDATA[]]></value>
</selenese>
<selenese>
	<command>waitForElementClickable</command>
	<target><![CDATA[scLocator=//Portlet[ID="stressdatastg_secportfolio_tab_0"]/item[0][Class="ListGrid"]/filterEditor/editRowForm/item[title=Ref.%20date||value=[object Object]||index=0||Class=MiniDateRangeItem]/rangeDialog/rangeForm/item[name=REF_DT||title=REF_DT||value=[object Object]||index=0||Class=DateRangeItem]/dateRangeForm/item[name=toField||title=To||value=Wed Jul 26 2017 12:00:00 GMT+0200 (W. Europe Standard Time)||index=1||Class=RelativeDateItem]/editor/item[name=valueField||title=valueField||value=%24today||index=0||Class=ComboBoxItem]/[icon="picker"]]]></target>
	<value><![CDATA[]]></value>
</selenese>
<selenese>
	<command>click</command>
	<target><![CDATA[scLocator=//Portlet[ID="stressdatastg_secportfolio_tab_0"]/item[0][Class="ListGrid"]/filterEditor/editRowForm/item[title=Ref.%20date||value=[object Object]||index=0||Class=MiniDateRangeItem]/rangeDialog/rangeForm/item[name=REF_DT||title=REF_DT||value=[object Object]||index=0||Class=DateRangeItem]/dateRangeForm/item[name=toField||title=To||value=Wed Jul 26 2017 12:00:00 GMT+0200 (W. Europe Standard Time)||index=1||Class=RelativeDateItem]/editor/item[name=valueField||title=valueField||value=%24today||index=0||Class=ComboBoxItem]/[icon="picker"]]]></target>
	<value><![CDATA[]]></value>
</selenese>
<selenese>
	<command>waitForElementClickable</command>
	<target><![CDATA[scLocator=//Portlet[ID="stressdatastg_secportfolio_tab_0"]/item[0][Class="ListGrid"]/filterEditor/editRowForm/item[title=Ref.%20date||value=[object Object]||index=0||Class=MiniDateRangeItem]/rangeDialog/rangeForm/item[name=REF_DT||title=REF_DT||value=[object Object]||index=0||Class=DateRangeItem]/dateRangeForm/item[name=toField||title=To||value=Wed Jul 26 2017 12:00:00 GMT+0200 (W. Europe Standard Time)||index=1||Class=RelativeDateItem]/editor/item[name=valueField||title=valueField||value=%24today||index=0||Class=ComboBoxItem]/pickList/body/row[valueField=%24today||0]/col[fieldName=valueField||0]]]></target>
	<value><![CDATA[]]></value>
</selenese>
<selenese>
	<command>click</command>
	<target><![CDATA[scLocator=//Portlet[ID="stressdatastg_secportfolio_tab_0"]/item[0][Class="ListGrid"]/filterEditor/editRowForm/item[title=Ref.%20date||value=[object Object]||index=0||Class=MiniDateRangeItem]/rangeDialog/rangeForm/item[name=REF_DT||title=REF_DT||value=[object Object]||index=0||Class=DateRangeItem]/dateRangeForm/item[name=toField||title=To||value=Wed Jul 26 2017 12:00:00 GMT+0200 (W. Europe Standard Time)||index=1||Class=RelativeDateItem]/editor/item[name=valueField||title=valueField||value=%24today||index=0||Class=ComboBoxItem]/pickList/body/row[valueField=%24today||0]/col[fieldName=valueField||0]]]></target>
	<value><![CDATA[]]></value>
</selenese>
<selenese>
	<command>waitForElementClickable</command>
	<target><![CDATA[scLocator=//Portlet[ID="stressdatastg_secportfolio_tab_0"]/item[0][Class="ListGrid"]/filterEditor/editRowForm/item[title=Ref.%20date||value=[object Object]||index=0||Class=MiniDateRangeItem]/rangeDialog/okButton/]]></target>
	<value><![CDATA[]]></value>
</selenese>
<selenese>
	<command>click</command>
	<target><![CDATA[scLocator=//Portlet[ID="stressdatastg_secportfolio_tab_0"]/item[0][Class="ListGrid"]/filterEditor/editRowForm/item[title=Ref.%20date||value=[object Object]||index=0||Class=MiniDateRangeItem]/rangeDialog/okButton/]]></target>
	<value><![CDATA[]]></value>
</selenese>
<selenese>
	<command>waitForElementClickable</command>
	<target><![CDATA[scLocator=//Portlet[ID="stressdatastg_secportfolio_tab_0"]/item[0][Class="ListGrid"]/filterEditor/editRowForm/item[title=Ref.%20date||value=[object Object]||index=0||Class=MiniDateRangeItem]/[icon="showDateRange"]]]></target>
	<value><![CDATA[]]></value>
</selenese>
<selenese>
	<command>sendKeys</command>
	<target><![CDATA[scLocator=//Portlet[ID="stressdatastg_secportfolio_tab_0"]/item[0][Class="ListGrid"]/filterEditor/editRowForm/item[title=Ref.%20date||value=[object Object]||index=0||Class=MiniDateRangeItem]/[icon="showDateRange"]]]></target>
	<value><![CDATA[${KEY_ENTER}]]></value>
</selenese>
<selenese>
	<command>waitForElementClickable</command>
	<target><![CDATA[scLocator=//Portlet[ID="stressdatastg_secportfolio_tab_0"]/item[0][Class="ListGrid"]/filterEditor/editRowForm/item[title=Settle.%20date||index=1||Class=MiniDateRangeItem]/[icon="showDateRange"]]]></target>
	<value><![CDATA[]]></value>
</selenese>
<selenese>
	<command>click</command>
	<target><![CDATA[scLocator=//Portlet[ID="stressdatastg_secportfolio_tab_0"]/item[0][Class="ListGrid"]/filterEditor/editRowForm/item[title=Settle.%20date||index=1||Class=MiniDateRangeItem]/[icon="showDateRange"]]]></target>
	<value><![CDATA[]]></value>
</selenese>
<selenese>
	<command>waitForElementClickable</command>
	<target><![CDATA[scLocator=//Portlet[ID="stressdatastg_secportfolio_tab_0"]/item[0][Class="ListGrid"]/filterEditor/editRowForm/item[title=Settle.%20date||index=1||Class=MiniDateRangeItem]/rangeDialog/rangeForm/item[name=SETTLE_DT||title=SETTLE_DT||index=0||Class=DateRangeItem]/dateRangeForm/item[name=fromField||title=From||index=0||Class=RelativeDateItem]/editor/item[name=iconPlaceholder||title=iconPlaceholder||index=2||Class=StaticTextItem]/[icon="chooserIcon"]]]></target>
	<value><![CDATA[]]></value>
</selenese>
<selenese>
	<command>click</command>
	<target><![CDATA[scLocator=//Portlet[ID="stressdatastg_secportfolio_tab_0"]/item[0][Class="ListGrid"]/filterEditor/editRowForm/item[title=Settle.%20date||index=1||Class=MiniDateRangeItem]/rangeDialog/rangeForm/item[name=SETTLE_DT||title=SETTLE_DT||index=0||Class=DateRangeItem]/dateRangeForm/item[name=fromField||title=From||index=0||Class=RelativeDateItem]/editor/item[name=iconPlaceholder||title=iconPlaceholder||index=2||Class=StaticTextItem]/[icon="chooserIcon"]]]></target>
	<value><![CDATA[]]></value>
</selenese>
<selenese>
	<command>waitForElementClickable</command>
	<target><![CDATA[scLocator=//autoID[Class=DateChooser||index=31||length=34||classIndex=0||classLength=1]/dateGrid/body/row[Wed=Wed Jul 26 2017 12:00:00 GMT+0200 (W. Europe Standard Time)||4]/col[fieldName=Wed||3]]]></target>
	<value><![CDATA[]]></value>
</selenese>
<selenese>
	<command>click</command>
	<target><![CDATA[scLocator=//autoID[Class=DateChooser||index=31||length=34||classIndex=0||classLength=1]/dateGrid/body/row[Wed=Wed Jul 26 2017 12:00:00 GMT+0200 (W. Europe Standard Time)||4]/col[fieldName=Wed||3]]]></target>
	<value><![CDATA[]]></value>
</selenese>
<selenese>
	<command>waitForElementClickable</command>
	<target><![CDATA[scLocator=//Portlet[ID="stressdatastg_secportfolio_tab_0"]/item[0][Class="ListGrid"]/filterEditor/editRowForm/item[title=Settle.%20date||value=[object Object]||index=1||Class=MiniDateRangeItem]/rangeDialog/rangeForm/item[name=SETTLE_DT||title=SETTLE_DT||value=[object Object]||index=0||Class=DateRangeItem]/dateRangeForm/item[name=toField||title=To||index=1||Class=RelativeDateItem]/editor/item[name=valueField||title=valueField||index=0||Class=ComboBoxItem]/[icon="picker"]]]></target>
	<value><![CDATA[]]></value>
</selenese>
<selenese>
	<command>click</command>
	<target><![CDATA[scLocator=//Portlet[ID="stressdatastg_secportfolio_tab_0"]/item[0][Class="ListGrid"]/filterEditor/editRowForm/item[title=Settle.%20date||value=[object Object]||index=1||Class=MiniDateRangeItem]/rangeDialog/rangeForm/item[name=SETTLE_DT||title=SETTLE_DT||value=[object Object]||index=0||Class=DateRangeItem]/dateRangeForm/item[name=toField||title=To||index=1||Class=RelativeDateItem]/editor/item[name=valueField||title=valueField||index=0||Class=ComboBoxItem]/[icon="picker"]]]></target>
	<value><![CDATA[]]></value>
</selenese>
<selenese>
	<command>waitForElementClickable</command>
	<target><![CDATA[scLocator=//Portlet[ID="stressdatastg_secportfolio_tab_0"]/item[0][Class="ListGrid"]/filterEditor/editRowForm/item[title=Settle.%20date||value=[object Object]||index=1||Class=MiniDateRangeItem]/rangeDialog/rangeForm/item[name=SETTLE_DT||title=SETTLE_DT||value=[object Object]||index=0||Class=DateRangeItem]/dateRangeForm/item[name=toField||title=To||index=1||Class=RelativeDateItem]/editor/item[name=valueField||title=valueField||index=0||Class=ComboBoxItem]/pickList/body/row[valueField=%24today||0]/col[fieldName=valueField||0]]]></target>
	<value><![CDATA[]]></value>
</selenese>
<selenese>
	<command>click</command>
	<target><![CDATA[scLocator=//Portlet[ID="stressdatastg_secportfolio_tab_0"]/item[0][Class="ListGrid"]/filterEditor/editRowForm/item[title=Settle.%20date||value=[object Object]||index=1||Class=MiniDateRangeItem]/rangeDialog/rangeForm/item[name=SETTLE_DT||title=SETTLE_DT||value=[object Object]||index=0||Class=DateRangeItem]/dateRangeForm/item[name=toField||title=To||index=1||Class=RelativeDateItem]/editor/item[name=valueField||title=valueField||index=0||Class=ComboBoxItem]/pickList/body/row[valueField=%24today||0]/col[fieldName=valueField||0]]]></target>
	<value><![CDATA[]]></value>
</selenese>
<selenese>
	<command>waitForElementClickable</command>
	<target><![CDATA[scLocator=//Portlet[ID="stressdatastg_secportfolio_tab_0"]/item[0][Class="ListGrid"]/filterEditor/editRowForm/item[title=Settle.%20date||value=[object Object]||index=1||Class=MiniDateRangeItem]/rangeDialog/okButton/]]></target>
	<value><![CDATA[]]></value>
</selenese>
<selenese>
	<command>secondClick</command>
	<target><![CDATA[scLocator=//Portlet[ID="stressdatastg_secportfolio_tab_0"]/item[0][Class="ListGrid"]/filterEditor/editRowForm/item[title=Settle.%20date||value=[object Object]||index=1||Class=MiniDateRangeItem]/rangeDialog/okButton/]]></target>
	<value><![CDATA[]]></value>
</selenese>
<selenese>
	<command>waitForElementClickable</command>
	<target><![CDATA[scLocator=//Portlet[ID="stressdatastg_secportfolio_tab_0"]/item[0][Class="ListGrid"]/filterEditor/editRowForm/item[title=Settle.%20date||value=[object Object]||index=1||Class=MiniDateRangeItem]/[icon="showDateRange"]]]></target>
	<value><![CDATA[]]></value>
</selenese>
<selenese>
	<command>sendKeys</command>
	<target><![CDATA[scLocator=//Portlet[ID="stressdatastg_secportfolio_tab_0"]/item[0][Class="ListGrid"]/filterEditor/editRowForm/item[title=Settle.%20date||value=[object Object]||index=1||Class=MiniDateRangeItem]/[icon="showDateRange"]]]></target>
	<value><![CDATA[${KEY_ENTER}]]></value>
</selenese>
<selenese>
	<command>waitForElementClickable</command>
	<target><![CDATA[scLocator=//Portlet[ID="stressdatastg_secportfolio_tab_0"]/item[0][Class="ListGrid"]/filterEditor/editRowForm/item[title=Settle.%20date||value=[object Object]||index=1||Class=MiniDateRangeItem]/rangeDialog/closeButton/]]></target>
	<value><![CDATA[]]></value>
</selenese>
<selenese>
	<command>click</command>
	<target><![CDATA[scLocator=//Portlet[ID="stressdatastg_secportfolio_tab_0"]/item[0][Class="ListGrid"]/filterEditor/editRowForm/item[title=Settle.%20date||value=[object Object]||index=1||Class=MiniDateRangeItem]/rangeDialog/closeButton/]]></target>
	<value><![CDATA[]]></value>
</selenese>
<selenese>
	<command>waitForElementClickable</command>
	<target><![CDATA[scLocator=//Portlet[ID="stressdatastg_secportfolio_tab_0"]/item[0][Class="ListGrid"]/filterEditor/editRowForm/item[title=Settle.%20date||value=[object Object]||index=1||Class=MiniDateRangeItem]/[icon="showDateRange"]]]></target>
	<value><![CDATA[]]></value>
</selenese>
<selenese>
	<command>click</command>
	<target><![CDATA[scLocator=//Portlet[ID="stressdatastg_secportfolio_tab_0"]/item[0][Class="ListGrid"]/filterEditor/editRowForm/item[title=Settle.%20date||value=[object Object]||index=1||Class=MiniDateRangeItem]/[icon="showDateRange"]]]></target>
	<value><![CDATA[]]></value>
</selenese>
<selenese>
	<command>waitForElementClickable</command>
	<target><![CDATA[scLocator=//Portlet[ID="stressdatastg_secportfolio_tab_0"]/item[0][Class="ListGrid"]/filterEditor/editRowForm/item[title=Settle.%20date||value=[object Object]||index=1||Class=MiniDateRangeItem]/rangeDialog/clearButton/]]></target>
	<value><![CDATA[]]></value>
</selenese>
<selenese>
	<command>click</command>
	<target><![CDATA[scLocator=//Portlet[ID="stressdatastg_secportfolio_tab_0"]/item[0][Class="ListGrid"]/filterEditor/editRowForm/item[title=Settle.%20date||value=[object Object]||index=1||Class=MiniDateRangeItem]/rangeDialog/clearButton/]]></target>
	<value><![CDATA[]]></value>
</selenese>
<selenese>
	<command>waitForElementClickable</command>
	<target><![CDATA[scLocator=//Portlet[ID="stressdatastg_secportfolio_tab_0"]/item[0][Class="ListGrid"]/filterEditor/editRowForm/item[title=Settle.%20date||index=1||Class=MiniDateRangeItem]/rangeDialog/okButton/]]></target>
	<value><![CDATA[]]></value>
</selenese>
<selenese>
	<command>secondClick</command>
	<target><![CDATA[scLocator=//Portlet[ID="stressdatastg_secportfolio_tab_0"]/item[0][Class="ListGrid"]/filterEditor/editRowForm/item[title=Settle.%20date||index=1||Class=MiniDateRangeItem]/rangeDialog/okButton/]]></target>
	<value><![CDATA[]]></value>
</selenese>
<selenese>
	<command>waitForElementClickable</command>
	<target><![CDATA[scLocator=//Portlet[ID="stressdatastg_secportfolio_tab_0"]/item[0][Class="ListGrid"]/filterEditor/editRowForm/item[title=Settle.%20date||index=1||Class=MiniDateRangeItem]/[icon="showDateRange"]]]></target>
	<value><![CDATA[]]></value>
</selenese>
<selenese>
	<command>sendKeys</command>
	<target><![CDATA[scLocator=//Portlet[ID="stressdatastg_secportfolio_tab_0"]/item[0][Class="ListGrid"]/filterEditor/editRowForm/item[title=Settle.%20date||index=1||Class=MiniDateRangeItem]/[icon="showDateRange"]]]></target>
	<value><![CDATA[${KEY_ENTER}]]></value>
</selenese>
<selenese>
	<command>waitForElementClickable</command>
	<target><![CDATA[scLocator=//Portlet[ID="stressdatastg_secportfolio_tab_0"]/item[0][Class="ListGrid"]/filterEditor/editRowForm/item[title=Settle.%20date||index=1||Class=MiniDateRangeItem]/rangeDialog/closeButton/]]></target>
	<value><![CDATA[]]></value>
</selenese>
<selenese>
	<command>click</command>
	<target><![CDATA[scLocator=//Portlet[ID="stressdatastg_secportfolio_tab_0"]/item[0][Class="ListGrid"]/filterEditor/editRowForm/item[title=Settle.%20date||index=1||Class=MiniDateRangeItem]/rangeDialog/closeButton/]]></target>
	<value><![CDATA[]]></value>
</selenese>
<selenese>
	<command>waitForElementClickable</command>
	<target><![CDATA[scLocator=//Portlet[ID="stressdatastg_secportfolio_tab_0"]/item[0][Class="ListGrid"]/filterEditor/editRowForm/item[name=DEAL_NO||title=Deal%20num.||index=2||Class=TextItem]/element]]></target>
	<value><![CDATA[]]></value>
</selenese>
<selenese>
	<command>click</command>
	<target><![CDATA[scLocator=//Portlet[ID="stressdatastg_secportfolio_tab_0"]/item[0][Class="ListGrid"]/filterEditor/editRowForm/item[name=DEAL_NO||title=Deal%20num.||index=2||Class=TextItem]/element]]></target>
	<value><![CDATA[]]></value>
</selenese>
<selenese>
	<command>waitForElementClickable</command>
	<target><![CDATA[scLocator=//Portlet[ID="stressdatastg_secportfolio_tab_0"]/item[0][Class="ListGrid"]/filterEditor/editRowForm/item[title=Ref.%20date||value=[object Object]||index=0||Class=MiniDateRangeItem]/rangeDialog/closeButton/]]></target>
	<value><![CDATA[]]></value>
</selenese>
<selenese>
	<command>click</command>
	<target><![CDATA[scLocator=//Portlet[ID="stressdatastg_secportfolio_tab_0"]/item[0][Class="ListGrid"]/filterEditor/editRowForm/item[title=Ref.%20date||value=[object Object]||index=0||Class=MiniDateRangeItem]/rangeDialog/closeButton/]]></target>
	<value><![CDATA[]]></value>
</selenese>
<selenese>
	<command>waitForElementClickable</command>
	<target><![CDATA[scLocator=//Portlet[ID="stressdatastg_secportfolio_tab_0"]/item[0][Class="ListGrid"]/filterEditor/editRowForm/item[name=DEAL_NO||title=Deal%20num.||value=53||index=2||Class=TextItem]/element]]></target>
	<value><![CDATA[]]></value>
</selenese>
<selenese>
	<command>type</command>
	<target><![CDATA[scLocator=//Portlet[ID="stressdatastg_secportfolio_tab_0"]/item[0][Class="ListGrid"]/filterEditor/editRowForm/item[name=DEAL_NO||title=Deal%20num.||value=53||index=2||Class=TextItem]/element]]></target>
	<value><![CDATA[53]]></value>
</selenese>
<selenese>
	<command>waitForElementClickable</command>
	<target><![CDATA[scLocator=//Portlet[ID="stressdatastg_secportfolio_tab_0"]/item[0][Class="ListGrid"]/filterEditor/editRowForm/item[title=Ref.%20date||value=[object Object]||index=0||Class=MiniDateRangeItem]/[icon="showDateRange"]]]></target>
	<value><![CDATA[]]></value>
</selenese>
<selenese>
	<command>click</command>
	<target><![CDATA[scLocator=//Portlet[ID="stressdatastg_secportfolio_tab_0"]/item[0][Class="ListGrid"]/filterEditor/editRowForm/item[title=Ref.%20date||value=[object Object]||index=0||Class=MiniDateRangeItem]/[icon="showDateRange"]]]></target>
	<value><![CDATA[]]></value>
</selenese>
<selenese>
	<command>waitForElementReadyForKeyPresses</command>
	<target><![CDATA[scLocator=//Portlet[ID="stressdatastg_secportfolio_tab_0"]/item[0][Class="ListGrid"]/filterEditor/editRowForm/item[name=DEAL_NO||title=Deal%20num.||value=53||index=2||Class=TextItem]/element]]></target>
	<value><![CDATA[]]></value>
</selenese>
<selenese>
	<command>sendKeys</command>
	<target><![CDATA[scLocator=//Portlet[ID="stressdatastg_secportfolio_tab_0"]/item[0][Class="ListGrid"]/filterEditor/editRowForm/item[name=DEAL_NO||title=Deal%20num.||value=53||index=2||Class=TextItem]/element]]></target>
	<value><![CDATA[${KEY_ENTER}]]></value>
</selenese>
<selenese>
	<command>waitForElementClickable</command>
	<target><![CDATA[scLocator=//Portlet[ID="stressdatastg_secportfolio_tab_0"]/item[0][Class="ListGrid"]/filterEditor/editRowForm/item[title=Ref.%20date||value=[object Object]||index=0||Class=MiniDateRangeItem]/rangeDialog/okButton/]]></target>
	<value><![CDATA[]]></value>
</selenese>
<selenese>
	<command>click</command>
	<target><![CDATA[scLocator=//Portlet[ID="stressdatastg_secportfolio_tab_0"]/item[0][Class="ListGrid"]/filterEditor/editRowForm/item[title=Ref.%20date||value=[object Object]||index=0||Class=MiniDateRangeItem]/rangeDialog/okButton/]]></target>
	<value><![CDATA[]]></value>
</selenese>
<selenese>
	<command>waitForElementClickable</command>
	<target><![CDATA[scLocator=//Portlet[ID="stressdatastg_secportfolio_tab_0"]/item[0][Class="ListGrid"]/filterEditor/editRowForm/item[name=DEAL_NO||title=Deal%20num.||value=53||index=2||Class=TextItem]/element]]></target>
	<value><![CDATA[]]></value>
</selenese>
<selenese>
	<command>click</command>
	<target><![CDATA[scLocator=//Portlet[ID="stressdatastg_secportfolio_tab_0"]/item[0][Class="ListGrid"]/filterEditor/editRowForm/item[name=DEAL_NO||title=Deal%20num.||value=53||index=2||Class=TextItem]/element]]></target>
	<value><![CDATA[]]></value>
</selenese>
<selenese>
	<command>waitForElementReadyForKeyPresses</command>
	<target><![CDATA[scLocator=//Portlet[ID="stressdatastg_secportfolio_tab_0"]/item[0][Class="ListGrid"]/filterEditor/editRowForm/item[name=DEAL_NO||title=Deal%20num.||value=53||index=2||Class=TextItem]/element]]></target>
	<value><![CDATA[]]></value>
</selenese>
<selenese>
	<command>sendKeys</command>
	<target><![CDATA[scLocator=//Portlet[ID="stressdatastg_secportfolio_tab_0"]/item[0][Class="ListGrid"]/filterEditor/editRowForm/item[name=DEAL_NO||title=Deal%20num.||value=53||index=2||Class=TextItem]/element]]></target>
	<value><![CDATA[${KEY_CTRL}${KEY_LEFT}${KEY_CTRL}]]></value>
</selenese>
<selenese>
	<command>waitForElementReadyForKeyPresses</command>
	<target><![CDATA[scLocator=//Portlet[ID="stressdatastg_secportfolio_tab_0"]/item[0][Class="ListGrid"]/filterEditor/editRowForm/item[name=DEAL_NO||title=Deal%20num.||value=%3E53||index=2||Class=TextItem]/element]]></target>
	<value><![CDATA[]]></value>
</selenese>
<selenese>
	<command>sendKeys</command>
	<target><![CDATA[scLocator=//Portlet[ID="stressdatastg_secportfolio_tab_0"]/item[0][Class="ListGrid"]/filterEditor/editRowForm/item[name=DEAL_NO||title=Deal%20num.||value=%3E53||index=2||Class=TextItem]/element]]></target>
	<value><![CDATA[${KEY_RIGHT}]]></value>
</selenese>
<selenese>
	<command>waitForElementReadyForKeyPresses</command>
	<target><![CDATA[scLocator=//Portlet[ID="stressdatastg_secportfolio_tab_0"]/item[0][Class="ListGrid"]/filterEditor/editRowForm/item[name=DEAL_NO||title=Deal%20num.||value=%3E53||index=2||Class=TextItem]/element]]></target>
	<value><![CDATA[]]></value>
</selenese>
<selenese>
	<command>sendKeys</command>
	<target><![CDATA[scLocator=//Portlet[ID="stressdatastg_secportfolio_tab_0"]/item[0][Class="ListGrid"]/filterEditor/editRowForm/item[name=DEAL_NO||title=Deal%20num.||value=%3E53||index=2||Class=TextItem]/element]]></target>
	<value><![CDATA[${KEY_RIGHT}]]></value>
</selenese>
<selenese>
	<command>waitForElementReadyForKeyPresses</command>
	<target><![CDATA[scLocator=//Portlet[ID="stressdatastg_secportfolio_tab_0"]/item[0][Class="ListGrid"]/filterEditor/editRowForm/item[name=DEAL_NO||title=Deal%20num.||value=%3E5300||index=2||Class=TextItem]/element]]></target>
	<value><![CDATA[]]></value>
</selenese>
<selenese>
	<command>sendKeys</command>
	<target><![CDATA[scLocator=//Portlet[ID="stressdatastg_secportfolio_tab_0"]/item[0][Class="ListGrid"]/filterEditor/editRowForm/item[name=DEAL_NO||title=Deal%20num.||value=%3E5300||index=2||Class=TextItem]/element]]></target>
	<value><![CDATA[${KEY_ENTER}]]></value>
</selenese>
<selenese>
	<command>waitForElementClickable</command>
	<target><![CDATA[scLocator=//Portlet[ID="stressdatastg_secportfolio_tab_0"]/item[0][Class="ListGrid"]/filterEditor/editRowForm/item[name=DEAL_NO||title=Deal%20num.||value=%3E5300||index=2||Class=TextItem]/element]]></target>
	<value><![CDATA[]]></value>
</selenese>
<selenese>
	<command>type</command>
	<target><![CDATA[scLocator=//Portlet[ID="stressdatastg_secportfolio_tab_0"]/item[0][Class="ListGrid"]/filterEditor/editRowForm/item[name=DEAL_NO||title=Deal%20num.||value=%3E5300||index=2||Class=TextItem]/element]]></target>
	<value><![CDATA[>5300]]></value>
</selenese>
<selenese>
	<command>waitForElementClickable</command>
	<target><![CDATA[scLocator=//Portlet[ID="stressdatastg_secportfolio_tab_0"]/item[0][Class="ListGrid"]/filterEditor/editRowForm/item[name=DEAL_NO||title=Deal%20num.||value=%3E5300||index=2||Class=TextItem]/element]]></target>
	<value><![CDATA[]]></value>
</selenese>
<selenese>
	<command>click</command>
	<target><![CDATA[scLocator=//Portlet[ID="stressdatastg_secportfolio_tab_0"]/item[0][Class="ListGrid"]/filterEditor/editRowForm/item[name=DEAL_NO||title=Deal%20num.||value=%3E5300||index=2||Class=TextItem]/element]]></target>
	<value><![CDATA[]]></value>
</selenese>
<selenese>
	<command>waitForElementReadyForKeyPresses</command>
	<target><![CDATA[scLocator=//Portlet[ID="stressdatastg_secportfolio_tab_0"]/item[0][Class="ListGrid"]/filterEditor/editRowForm/item[name=DEAL_NO||title=Deal%20num.||value=%3C%3D5300||index=2||Class=TextItem]/element]]></target>
	<value><![CDATA[]]></value>
</selenese>
<selenese>
	<command>sendKeys</command>
	<target><![CDATA[scLocator=//Portlet[ID="stressdatastg_secportfolio_tab_0"]/item[0][Class="ListGrid"]/filterEditor/editRowForm/item[name=DEAL_NO||title=Deal%20num.||value=%3C%3D5300||index=2||Class=TextItem]/element]]></target>
	<value><![CDATA[${KEY_ENTER}]]></value>
</selenese>
<selenese>
	<command>waitForElementClickable</command>
	<target><![CDATA[scLocator=//Portlet[ID="stressdatastg_secportfolio_tab_0"]/item[0][Class="ListGrid"]/filterEditor/editRowForm/item[name=DEAL_NO||title=Deal%20num.||value=%3C%3D5300||index=2||Class=TextItem]/element]]></target>
	<value><![CDATA[]]></value>
</selenese>
<selenese>
	<command>type</command>
	<target><![CDATA[scLocator=//Portlet[ID="stressdatastg_secportfolio_tab_0"]/item[0][Class="ListGrid"]/filterEditor/editRowForm/item[name=DEAL_NO||title=Deal%20num.||value=%3C%3D5300||index=2||Class=TextItem]/element]]></target>
	<value><![CDATA[<=5300]]></value>
</selenese>
<selenese>
	<command>waitForElementClickable</command>
	<target><![CDATA[scLocator=//Portlet[ID="stressdatastg_secportfolio_tab_0"]/item[0][Class="ListGrid"]/filterEditor/editRowForm/item[name=DEAL_NO||title=Deal%20num.||value=%3C%3D5300||index=2||Class=TextItem]/element]]></target>
	<value><![CDATA[]]></value>
</selenese>
<selenese>
	<command>click</command>
	<target><![CDATA[scLocator=//Portlet[ID="stressdatastg_secportfolio_tab_0"]/item[0][Class="ListGrid"]/filterEditor/editRowForm/item[name=DEAL_NO||title=Deal%20num.||value=%3C%3D5300||index=2||Class=TextItem]/element]]></target>
	<value><![CDATA[]]></value>
</selenese>
<selenese>
	<command>waitForElementReadyForKeyPresses</command>
	<target><![CDATA[scLocator=//Portlet[ID="stressdatastg_secportfolio_tab_0"]/item[0][Class="ListGrid"]/filterEditor/editRowForm/item[name=DEAL_NO||title=Deal%20num.||value=%3C%3D5300||index=2||Class=TextItem]/element]]></target>
	<value><![CDATA[]]></value>
</selenese>
<selenese>
	<command>sendKeys</command>
	<target><![CDATA[scLocator=//Portlet[ID="stressdatastg_secportfolio_tab_0"]/item[0][Class="ListGrid"]/filterEditor/editRowForm/item[name=DEAL_NO||title=Deal%20num.||value=%3C%3D5300||index=2||Class=TextItem]/element]]></target>
	<value><![CDATA[${KEY_RIGHT}]]></value>
</selenese>
<selenese>
	<command>waitForElementReadyForKeyPresses</command>
	<target><![CDATA[scLocator=//Portlet[ID="stressdatastg_secportfolio_tab_0"]/item[0][Class="ListGrid"]/filterEditor/editRowForm/item[name=DEAL_NO||title=Deal%20num.||value=%3C%3D5300||index=2||Class=TextItem]/element]]></target>
	<value><![CDATA[]]></value>
</selenese>
<selenese>
	<command>sendKeys</command>
	<target><![CDATA[scLocator=//Portlet[ID="stressdatastg_secportfolio_tab_0"]/item[0][Class="ListGrid"]/filterEditor/editRowForm/item[name=DEAL_NO||title=Deal%20num.||value=%3C%3D5300||index=2||Class=TextItem]/element]]></target>
	<value><![CDATA[${KEY_RIGHT}]]></value>
</selenese>
<selenese>
	<command>waitForElementReadyForKeyPresses</command>
	<target><![CDATA[scLocator=//Portlet[ID="stressdatastg_secportfolio_tab_0"]/item[0][Class="ListGrid"]/filterEditor/editRowForm/item[name=DEAL_NO||title=Deal%20num.||value=%3C%3D5300||index=2||Class=TextItem]/element]]></target>
	<value><![CDATA[]]></value>
</selenese>
<selenese>
	<command>sendKeys</command>
	<target><![CDATA[scLocator=//Portlet[ID="stressdatastg_secportfolio_tab_0"]/item[0][Class="ListGrid"]/filterEditor/editRowForm/item[name=DEAL_NO||title=Deal%20num.||value=%3C%3D5300||index=2||Class=TextItem]/element]]></target>
	<value><![CDATA[${KEY_RIGHT}]]></value>
</selenese>
<selenese>
	<command>waitForElementReadyForKeyPresses</command>
	<target><![CDATA[scLocator=//Portlet[ID="stressdatastg_secportfolio_tab_0"]/item[0][Class="ListGrid"]/filterEditor/editRowForm/item[name=DEAL_NO||title=Deal%20num.||value=%3C%3D53000||index=2||Class=TextItem]/element]]></target>
	<value><![CDATA[]]></value>
</selenese>
<selenese>
	<command>sendKeys</command>
	<target><![CDATA[scLocator=//Portlet[ID="stressdatastg_secportfolio_tab_0"]/item[0][Class="ListGrid"]/filterEditor/editRowForm/item[name=DEAL_NO||title=Deal%20num.||value=%3C%3D53000||index=2||Class=TextItem]/element]]></target>
	<value><![CDATA[${KEY_ENTER}]]></value>
</selenese>
<selenese>
	<command>waitForElementClickable</command>
	<target><![CDATA[scLocator=//Portlet[ID="stressdatastg_secportfolio_tab_0"]/item[0][Class="ListGrid"]/filterEditor/editRowForm/item[name=DEAL_NO||title=Deal%20num.||value=%3C%3D53000||index=2||Class=TextItem]/element]]></target>
	<value><![CDATA[]]></value>
</selenese>
<selenese>
	<command>type</command>
	<target><![CDATA[scLocator=//Portlet[ID="stressdatastg_secportfolio_tab_0"]/item[0][Class="ListGrid"]/filterEditor/editRowForm/item[name=DEAL_NO||title=Deal%20num.||value=%3C%3D53000||index=2||Class=TextItem]/element]]></target>
	<value><![CDATA[<=53000]]></value>
</selenese>
<selenese>
	<command>waitForElementClickable</command>
	<target><![CDATA[scLocator=//Portlet[ID="stressdatastg_secportfolio_tab_0"]/item[0][Class="ListGrid"]/filterEditor/editRowForm/item[name=DEAL_NO||title=Deal%20num.||index=2||Class=TextItem]/element]]></target>
	<value><![CDATA[]]></value>
</selenese>
<selenese>
	<command>type</command>
	<target><![CDATA[scLocator=//Portlet[ID="stressdatastg_secportfolio_tab_0"]/item[0][Class="ListGrid"]/filterEditor/editRowForm/item[name=DEAL_NO||title=Deal%20num.||index=2||Class=TextItem]/element]]></target>
	<value><![CDATA[]]></value>
</selenese>
<selenese>
	<command>waitForElementClickable</command>
	<target><![CDATA[scLocator=//Portlet[ID="stressdatastg_secportfolio_tab_0"]/item[0][Class="ListGrid"]/filterEditor/editRowForm/item[name=ISIN||title=ISIN||index=3||Class=TextItem]/element]]></target>
	<value><![CDATA[]]></value>
</selenese>
<selenese>
	<command>click</command>
	<target><![CDATA[scLocator=//Portlet[ID="stressdatastg_secportfolio_tab_0"]/item[0][Class="ListGrid"]/filterEditor/editRowForm/item[name=ISIN||title=ISIN||index=3||Class=TextItem]/element]]></target>
	<value><![CDATA[]]></value>
</selenese>
<selenese>
	<command>waitForElementClickable</command>
	<target><![CDATA[scLocator=//Portlet[ID="stressdatastg_secportfolio_tab_0"]/item[0][Class="ListGrid"]/headerMenuButton/icon]]></target>
	<value><![CDATA[]]></value>
</selenese>
<selenese>
	<command>click</command>
	<target><![CDATA[scLocator=//Portlet[ID="stressdatastg_secportfolio_tab_0"]/item[0][Class="ListGrid"]/headerMenuButton/icon]]></target>
	<value><![CDATA[]]></value>
</selenese>
<selenese>
	<command>waitForElementClickable</command>
	<target><![CDATA[scLocator=//Portlet[ID="stressdatastg_secportfolio_tab_0"]/item[0][Class="ListGrid"]/headerContextMenu[Class=Menu||index=0||length=1||classIndex=0||classLength=1||roleIndex=0||roleLength=1||scRole=menu]/body/row[10]/col[fieldName=submenu||3]]]></target>
	<value><![CDATA[]]></value>
</selenese>
<selenese>
	<command>click</command>
	<target><![CDATA[scLocator=//Portlet[ID="stressdatastg_secportfolio_tab_0"]/item[0][Class="ListGrid"]/headerContextMenu[Class=Menu||index=0||length=1||classIndex=0||classLength=1||roleIndex=0||roleLength=1||scRole=menu]/body/row[10]/col[fieldName=submenu||3]]]></target>
	<value><![CDATA[]]></value>
</selenese>
<selenese>
	<command>waitForElementClickable</command>
	<target><![CDATA[scLocator=//Portlet[ID="stressdatastg_secportfolio_tab_0"]/item[0][Class="ListGrid"]/headerMenuButton/icon]]></target>
	<value><![CDATA[]]></value>
</selenese>
<selenese>
	<command>click</command>
	<target><![CDATA[scLocator=//Portlet[ID="stressdatastg_secportfolio_tab_0"]/item[0][Class="ListGrid"]/headerMenuButton/icon]]></target>
	<value><![CDATA[]]></value>
</selenese>
<selenese>
	<command>waitForElementClickable</command>
	<target><![CDATA[scLocator=//Portlet[ID="stressdatastg_secportfolio_tab_0"]/item[0][Class="ListGrid"]/headerContextMenu[Class=Menu||index=0||length=1||classIndex=0||classLength=1||roleIndex=0||roleLength=1||scRole=menu]/body/row[title=Group%20by%20Ref.%20date||8]/col[fieldName=title||1]]]></target>
	<value><![CDATA[echoGroupByRefDt1]]></value>
</selenese>
<selenese>
	<command>click</command>
	<target><![CDATA[scLocator=//Portlet[ID="stressdatastg_secportfolio_tab_0"]/item[0][Class="ListGrid"]/headerContextMenu[Class=Menu||index=0||length=1||classIndex=0||classLength=1||roleIndex=0||roleLength=1||scRole=menu]/body/row[title=Group%20by%20Ref.%20date||8]/col[fieldName=title||1]]]></target>
	<value><![CDATA[echoGroupByRefDt2]]></value>
</selenese>
<selenese>
	<command>waitForElementClickable</command>
	<target><![CDATA[scLocator=//Portlet[ID="stressdatastg_secportfolio_tab_0"]/item[0][Class="ListGrid"]/headerContextMenu[Class=Menu||index=0||length=1||classIndex=0||classLength=1||roleIndex=0||roleLength=1||scRole=menu]/body/row[title=Ungroup||9]/col[fieldName=title||1]]]></target>
	<value><![CDATA[]]></value>
</selenese>
<selenese>
	<command>click</command>
	<target><![CDATA[scLocator=//Portlet[ID="stressdatastg_secportfolio_tab_0"]/item[0][Class="ListGrid"]/headerContextMenu[Class=Menu||index=0||length=1||classIndex=0||classLength=1||roleIndex=0||roleLength=1||scRole=menu]/body/row[title=Ungroup||9]/col[fieldName=title||1]]]></target>
	<value><![CDATA[]]></value>
</selenese>
<selenese>
	<command>waitForElementClickable</command>
	<target><![CDATA[scLocator=//Portlet[ID="stressdatastg_secportfolio_tab_0"]/item[0][Class="ListGrid"]/headerContextMenu[Class=Menu||index=0||length=1||classIndex=0||classLength=1||roleIndex=0||roleLength=1||scRole=menu]/body/row[title=Group%20by%20Settle.%20date||8]/col[fieldName=title||1]]]></target>
	<value><![CDATA[]]></value>
</selenese>
<selenese>
	<command>click</command>
	<target><![CDATA[scLocator=//Portlet[ID="stressdatastg_secportfolio_tab_0"]/item[0][Class="ListGrid"]/headerContextMenu[Class=Menu||index=0||length=1||classIndex=0||classLength=1||roleIndex=0||roleLength=1||scRole=menu]/body/row[title=Group%20by%20Settle.%20date||8]/col[fieldName=title||1]]]></target>
	<value><![CDATA[]]></value>
</selenese>
<selenese>
	<command>waitForElementClickable</command>
	<target><![CDATA[scLocator=//Portlet[ID="stressdatastg_secportfolio_tab_0"]/item[0][Class="ListGrid"]/headerContextMenu[Class=Menu||index=0||length=1||classIndex=0||classLength=1||roleIndex=0||roleLength=1||scRole=menu]/body/row[title=Ungroup||9]/col[fieldName=title||1]]]></target>
	<value><![CDATA[]]></value>
</selenese>
<selenese>
	<command>click</command>
	<target><![CDATA[scLocator=//Portlet[ID="stressdatastg_secportfolio_tab_0"]/item[0][Class="ListGrid"]/headerContextMenu[Class=Menu||index=0||length=1||classIndex=0||classLength=1||roleIndex=0||roleLength=1||scRole=menu]/body/row[title=Ungroup||9]/col[fieldName=title||1]]]></target>
	<value><![CDATA[]]></value>
</selenese>
<selenese>
	<command>waitForElementClickable</command>
	<target><![CDATA[scLocator=//Portlet[ID="stressdatastg_secportfolio_tab_0"]/item[0][Class="ListGrid"]/headerContextMenu[Class=Menu||index=0||length=1||classIndex=0||classLength=1||roleIndex=0||roleLength=1||scRole=menu]/body/row[title=Group%20by%20Deal%20num.||8]/col[fieldName=title||1]]]></target>
	<value><![CDATA[]]></value>
</selenese>
<selenese>
	<command>click</command>
	<target><![CDATA[scLocator=//Portlet[ID="stressdatastg_secportfolio_tab_0"]/item[0][Class="ListGrid"]/headerContextMenu[Class=Menu||index=0||length=1||classIndex=0||classLength=1||roleIndex=0||roleLength=1||scRole=menu]/body/row[title=Group%20by%20Deal%20num.||8]/col[fieldName=title||1]]]></target>
	<value><![CDATA[]]></value>
</selenese>
<selenese>
	<command>waitForElementClickable</command>
	<target><![CDATA[scLocator=//Portlet[ID="stressdatastg_secportfolio_tab_0"]/item[0][Class="ListGrid"]/headerContextMenu[Class=Menu||index=0||length=1||classIndex=0||classLength=1||roleIndex=0||roleLength=1||scRole=menu]/body/row[title=Ungroup||9]/col[fieldName=title||1]]]></target>
	<value><![CDATA[]]></value>
</selenese>
<selenese>
	<command>click</command>
	<target><![CDATA[scLocator=//Portlet[ID="stressdatastg_secportfolio_tab_0"]/item[0][Class="ListGrid"]/headerContextMenu[Class=Menu||index=0||length=1||classIndex=0||classLength=1||roleIndex=0||roleLength=1||scRole=menu]/body/row[title=Ungroup||9]/col[fieldName=title||1]]]></target>
	<value><![CDATA[]]></value>
</selenese>
<selenese>
	<command>waitForElementClickable</command>
	<target><![CDATA[scLocator=//Portlet[ID="stressdatastg_secportfolio_tab_0"]/item[0][Class="ListGrid"]/headerContextMenu[Class=Menu||index=0||length=1||classIndex=0||classLength=1||roleIndex=0||roleLength=1||scRole=menu]/body/row[title=Group%20by%20ISIN||8]/col[fieldName=title||1]]]></target>
	<value><![CDATA[]]></value>
</selenese>
<selenese>
	<command>click</command>
	<target><![CDATA[scLocator=//Portlet[ID="stressdatastg_secportfolio_tab_0"]/item[0][Class="ListGrid"]/headerContextMenu[Class=Menu||index=0||length=1||classIndex=0||classLength=1||roleIndex=0||roleLength=1||scRole=menu]/body/row[title=Group%20by%20ISIN||8]/col[fieldName=title||1]]]></target>
	<value><![CDATA[]]></value>
</selenese>
<selenese>
	<command>waitForElementClickable</command>
	<target><![CDATA[scLocator=//Portlet[ID="stressdatastg_secportfolio_tab_0"]/item[0][Class="ListGrid"]/headerContextMenu[Class=Menu||index=0||length=1||classIndex=0||classLength=1||roleIndex=0||roleLength=1||scRole=menu]/body/row[title=Ungroup||9]/col[fieldName=title||1]]]></target>
	<value><![CDATA[]]></value>
</selenese>
<selenese>
	<command>click</command>
	<target><![CDATA[scLocator=//Portlet[ID="stressdatastg_secportfolio_tab_0"]/item[0][Class="ListGrid"]/headerContextMenu[Class=Menu||index=0||length=1||classIndex=0||classLength=1||roleIndex=0||roleLength=1||scRole=menu]/body/row[title=Ungroup||9]/col[fieldName=title||1]]]></target>
	<value><![CDATA[]]></value>
</selenese>
<selenese>
	<command>waitForElementClickable</command>
	<target><![CDATA[scLocator=//Portlet[ID="stressdatastg_secportfolio_tab_0"]/item[0][Class="ListGrid"]/headerContextMenu[Class=Menu||index=0||length=1||classIndex=0||classLength=1||roleIndex=0||roleLength=1||scRole=menu]/body/row[title=Group%20by%20Face%20Amount||8]/col[fieldName=title||1]]]></target>
	<value><![CDATA[]]></value>
</selenese>
<selenese>
	<command>click</command>
	<target><![CDATA[scLocator=//Portlet[ID="stressdatastg_secportfolio_tab_0"]/item[0][Class="ListGrid"]/headerContextMenu[Class=Menu||index=0||length=1||classIndex=0||classLength=1||roleIndex=0||roleLength=1||scRole=menu]/body/row[title=Group%20by%20Face%20Amount||8]/col[fieldName=title||1]]]></target>
	<value><![CDATA[]]></value>
</selenese>
<selenese>
	<command>waitForElementClickable</command>
	<target><![CDATA[scLocator=//Portlet[ID="stressdatastg_secportfolio_tab_0"]/item[0][Class="ListGrid"]/headerContextMenu[Class=Menu||index=0||length=1||classIndex=0||classLength=1||roleIndex=0||roleLength=1||scRole=menu]/body/row[title=Ungroup||9]/col[fieldName=title||1]]]></target>
	<value><![CDATA[]]></value>
</selenese>
<selenese>
	<command>click</command>
	<target><![CDATA[scLocator=//Portlet[ID="stressdatastg_secportfolio_tab_0"]/item[0][Class="ListGrid"]/headerContextMenu[Class=Menu||index=0||length=1||classIndex=0||classLength=1||roleIndex=0||roleLength=1||scRole=menu]/body/row[title=Ungroup||9]/col[fieldName=title||1]]]></target>
	<value><![CDATA[]]></value>
</selenese>
</TestCase>