<?xml version="1.0" encoding="UTF-8"?>
<TestCase seleniumIDEVersion="2.9.1" baseURL="https://10.0.10.230:10044/LiqPortalWEB/index.html">
<selenese>
	<command>echo</command>
	<target><![CDATA[]]></target>
	<value><![CDATA[RU15-NUC01-T02.rctest]]></value>
</selenese>
<selenese>
	<command>open</command>
	<target><![CDATA[/LiqPortalWEB/]]></target>
	<value><![CDATA[Liquidity Portal - Limits - Hard Soft - Filter]]></value>
</selenese>
<selenese>
	<command>type</command>
	<target><![CDATA[id=Username]]></target>
	<value><![CDATA[mpetracc]]></value>
</selenese>
<selenese>
	<command>type</command>
	<target><![CDATA[id=Password]]></target>
	<value><![CDATA[.mpetrac00]]></value>
</selenese>
<selenese>
	<command>clickAndWait</command>
	<target><![CDATA[id=submitLabel]]></target>
	<value><![CDATA[]]></value>
</selenese>
<selenese>
	<command>waitForElementClickable</command>
	<target><![CDATA[scLocator=//Menu[level=1]/body/row[1]/col[fieldName=title||0]]]></target>
	<value><![CDATA[]]></value>
</selenese>
<selenese>
	<command>click</command>
	<target><![CDATA[scLocator=//Menu[level=1]/body/row[1]/col[fieldName=title||0]]]></target>
	<value><![CDATA[]]></value>
</selenese>
<selenese>
	<command>waitForElementClickable</command>
	<target><![CDATA[scLocator=//Portlet[ID="limits_approve_tab_0"]/]]></target>
	<value><![CDATA[]]></value>
</selenese>
<selenese>
	<command>click</command>
	<target><![CDATA[scLocator=//Portlet[ID="limits_approve_tab_0"]/]]></target>
	<value><![CDATA[]]></value>
</selenese>
<selenese>
	<command>waitForElementClickable</command>
	<target><![CDATA[scLocator=//Portlet[ID="limits_approve_tab_0"]/]]></target>
	<value><![CDATA[]]></value>
</selenese>
<selenese>
	<command>click</command>
	<target><![CDATA[scLocator=//Portlet[ID="limits_approve_tab_0"]/]]></target>
	<value><![CDATA[]]></value>
</selenese>
<selenese>
	<command>waitForElementClickable</command>
	<target><![CDATA[scLocator=//Portlet[ID="limits_approve_tab_0"]/]]></target>
	<value><![CDATA[]]></value>
</selenese>
<selenese>
	<command>click</command>
	<target><![CDATA[scLocator=//Portlet[ID="limits_approve_tab_0"]/]]></target>
	<value><![CDATA[]]></value>
</selenese>
<selenese>
	<command>waitForElementClickable</command>
	<target><![CDATA[scLocator=//autoID[Class=VLayout||index=6||length=14||classIndex=0||classLength=1]/resizeBar[Class=Snapbar||index=0||length=1||classIndex=0||classLength=1]/]]></target>
	<value><![CDATA[]]></value>
</selenese>
<selenese>
	<command>dragAndDrop</command>
	<target><![CDATA[scLocator=//autoID[Class=VLayout||index=6||length=14||classIndex=0||classLength=1]/resizeBar[Class=Snapbar||index=0||length=1||classIndex=0||classLength=1]/]]></target>
	<value><![CDATA[-12,+171]]></value>
</selenese>
<selenese>
	<command>waitForElementClickable</command>
	<target><![CDATA[scLocator=//ListGrid[ID="limits_approve_tab_0_mainGrid"]/body/row[TYPE=HS||PROPOSE=C||0]/col[fieldName=%2472v||0]/valueicon]]></target>
	<value><![CDATA[]]></value>
</selenese>
<selenese>
	<command>click</command>
	<target><![CDATA[scLocator=//ListGrid[ID="limits_approve_tab_0_mainGrid"]/body/row[TYPE=HS||PROPOSE=C||0]/col[fieldName=%2472v||0]/valueicon]]></target>
	<value><![CDATA[]]></value>
</selenese>
<selenese>
	<command>waitForElementClickable</command>
	<target><![CDATA[scLocator=//Portlet[ID="limits_approve_tab_0"]/item[0][Class="VLayout"]/member[Class=VLayout||index=0||length=2||classIndex=0||classLength=2]/member[Class=HLayout||index=1||length=2||classIndex=0||classLength=1]/member[Class=IButton||index=0||length=7||classIndex=0||classLength=7||roleIndex=0||roleLength=7||title=Limits%20Sett.||scRole=button]/]]></target>
	<value><![CDATA[]]></value>
</selenese>
<selenese>
	<command>click</command>
	<target><![CDATA[scLocator=//Portlet[ID="limits_approve_tab_0"]/item[0][Class="VLayout"]/member[Class=VLayout||index=0||length=2||classIndex=0||classLength=2]/member[Class=HLayout||index=1||length=2||classIndex=0||classLength=1]/member[Class=IButton||index=0||length=7||classIndex=0||classLength=7||roleIndex=0||roleLength=7||title=Limits%20Sett.||scRole=button]/]]></target>
	<value><![CDATA[]]></value>
</selenese>
<selenese>
	<command>waitForElementClickable</command>
	<target><![CDATA[scLocator=//Portlet[ID="limits_par_tab_0"]/item[0][Class="ListGrid"]/body/row[settingName=Hard%24fs%24Soft%20limit||0]/col[fieldName=%2472v||0]/valueicon]]></target>
	<value><![CDATA[]]></value>
</selenese>
<selenese>
	<command>click</command>
	<target><![CDATA[scLocator=//Portlet[ID="limits_par_tab_0"]/item[0][Class="ListGrid"]/body/row[settingName=Hard%24fs%24Soft%20limit||0]/col[fieldName=%2472v||0]/valueicon]]></target>
	<value><![CDATA[]]></value>
</selenese>
</TestCase>