<?xml version="1.0" encoding="UTF-8"?>
<TestCase seleniumIDEVersion="2.9.1" baseURL="https://10.0.10.230:10044/LiqPortalWEB/index.html">
<selenese>
	<command>echo</command>
	<target><![CDATA[]]></target>
	<value><![CDATA[RU16-NUC01-T02.rctest]]></value>
</selenese>
<selenese>
	<command>open</command>
	<target><![CDATA[/LiqPortalWEB/]]></target>
	<value><![CDATA[Liquidity Portal - Scheduler - filters]]></value>
</selenese>
<selenese>
	<command>type</command>
	<target><![CDATA[id=Username]]></target>
	<value><![CDATA[mpetracc]]></value>
</selenese>
<selenese>
	<command>type</command>
	<target><![CDATA[id=Password]]></target>
	<value><![CDATA[.mpetrac00]]></value>
</selenese>
<selenese>
	<command>clickAndWait</command>
	<target><![CDATA[id=submitLabel]]></target>
	<value><![CDATA[]]></value>
</selenese>
<selenese>
	<command>waitForElementClickable</command>
	<target><![CDATA[scLocator=//Menu[level=1]/body/row[1]/col[fieldName=title||0]]]></target>
	<value><![CDATA[]]></value>
</selenese>
<selenese>
	<command>click</command>
	<target><![CDATA[scLocator=//Menu[level=1]/body/row[1]/col[fieldName=title||0]]]></target>
	<value><![CDATA[]]></value>
</selenese>
<selenese>
	<command>selectWindow</command>
	<target><![CDATA[null]]></target>
	<value><![CDATA[]]></value>
</selenese>
<selenese>
	<command>waitForElementClickable</command>
	<target><![CDATA[scLocator=//Portlet[ID="general_sched_tab_0"]/item[0][Class="ListGrid"]/filterEditor/editRowForm/item[name=SCHEDID||title=ID||index=0||Class=TextItem]/element]]></target>
	<value><![CDATA[]]></value>
</selenese>
<selenese>
	<command>click</command>
	<target><![CDATA[scLocator=//Portlet[ID="general_sched_tab_0"]/item[0][Class="ListGrid"]/filterEditor/editRowForm/item[name=SCHEDID||title=ID||index=0||Class=TextItem]/element]]></target>
	<value><![CDATA[]]></value>
</selenese>
<selenese>
	<command>waitForElementClickable</command>
	<target><![CDATA[scLocator=//Portlet[ID="general_sched_tab_0"]/item[0][Class="ListGrid"]/filterEditor/editRowForm/item[name=SCHEDID||title=ID||value=%3E10||index=0||Class=TextItem]/element]]></target>
	<value><![CDATA[]]></value>
</selenese>
<selenese>
	<command>type</command>
	<target><![CDATA[scLocator=//Portlet[ID="general_sched_tab_0"]/item[0][Class="ListGrid"]/filterEditor/editRowForm/item[name=SCHEDID||title=ID||value=%3E10||index=0||Class=TextItem]/element]]></target>
	<value><![CDATA[>10]]></value>
</selenese>
<selenese>
	<command>waitForElementClickable</command>
	<target><![CDATA[scLocator=//Portlet[ID="general_sched_tab_0"]/item[0][Class="ListGrid"]/filterEditor/editRowForm/item[name=SCHEDNAME||title=Schedule%20name||index=1||Class=TextItem]/element]]></target>
	<value><![CDATA[]]></value>
</selenese>
<selenese>
	<command>click</command>
	<target><![CDATA[scLocator=//Portlet[ID="general_sched_tab_0"]/item[0][Class="ListGrid"]/filterEditor/editRowForm/item[name=SCHEDNAME||title=Schedule%20name||index=1||Class=TextItem]/element]]></target>
	<value><![CDATA[]]></value>
</selenese>
<selenese>
	<command>waitForElementClickable</command>
	<target><![CDATA[scLocator=//Portlet[ID="general_sched_tab_0"]/item[0][Class="ListGrid"]/filterEditor/editRowForm/item[name=SCHEDNAME||title=Schedule%20name||value=Credit||index=1||Class=TextItem]/element]]></target>
	<value><![CDATA[]]></value>
</selenese>
<selenese>
	<command>type</command>
	<target><![CDATA[scLocator=//Portlet[ID="general_sched_tab_0"]/item[0][Class="ListGrid"]/filterEditor/editRowForm/item[name=SCHEDNAME||title=Schedule%20name||value=Credit||index=1||Class=TextItem]/element]]></target>
	<value><![CDATA[Credit]]></value>
</selenese>
<selenese>
	<command>waitForElementClickable</command>
	<target><![CDATA[scLocator=//Portlet[ID="general_sched_tab_0"]/item[0][Class="ListGrid"]/filterEditor/editRowForm/item[name=STATUS||title=Status||index=2||Class=SelectItem]/[icon="picker"]]]></target>
	<value><![CDATA[]]></value>
</selenese>
<selenese>
	<command>click</command>
	<target><![CDATA[scLocator=//Portlet[ID="general_sched_tab_0"]/item[0][Class="ListGrid"]/filterEditor/editRowForm/item[name=STATUS||title=Status||index=2||Class=SelectItem]/[icon="picker"]]]></target>
	<value><![CDATA[]]></value>
</selenese>
<selenese>
	<command>waitForElementClickable</command>
	<target><![CDATA[scLocator=//Portlet[ID="general_sched_tab_0"]/item[0][Class="ListGrid"]/filterEditor/editRowForm/item[name=STATUS||title=Status||index=2||Class=SelectItem]/pickList/body/row[STATUS=D||2]/col[fieldName=STATUS||0]]]></target>
	<value><![CDATA[]]></value>
</selenese>
<selenese>
	<command>click</command>
	<target><![CDATA[scLocator=//Portlet[ID="general_sched_tab_0"]/item[0][Class="ListGrid"]/filterEditor/editRowForm/item[name=STATUS||title=Status||index=2||Class=SelectItem]/pickList/body/row[STATUS=D||2]/col[fieldName=STATUS||0]]]></target>
	<value><![CDATA[]]></value>
</selenese>
<selenese>
	<command>waitForElementClickable</command>
	<target><![CDATA[scLocator=//Portlet[ID="general_sched_tab_0"]/item[0][Class="ListGrid"]/filterEditor/editRowForm/item[name=AT_MKT_DT||title=Mkt%20dates||index=4||Class=SelectItem]/textbox]]></target>
	<value><![CDATA[]]></value>
</selenese>
<selenese>
	<command>click</command>
	<target><![CDATA[scLocator=//Portlet[ID="general_sched_tab_0"]/item[0][Class="ListGrid"]/filterEditor/editRowForm/item[name=AT_MKT_DT||title=Mkt%20dates||index=4||Class=SelectItem]/textbox]]></target>
	<value><![CDATA[]]></value>
</selenese>
<selenese>
	<command>waitForElementClickable</command>
	<target><![CDATA[scLocator=//Portlet[ID="general_sched_tab_0"]/item[0][Class="ListGrid"]/filterEditor/editRowForm/item[name=AT_MKT_DT||title=Mkt%20dates||index=4||Class=SelectItem]/pickList/body/row[AT_MKT_DT=T||1]/col[fieldName=AT_MKT_DT||0]]]></target>
	<value><![CDATA[]]></value>
</selenese>
<selenese>
	<command>click</command>
	<target><![CDATA[scLocator=//Portlet[ID="general_sched_tab_0"]/item[0][Class="ListGrid"]/filterEditor/editRowForm/item[name=AT_MKT_DT||title=Mkt%20dates||index=4||Class=SelectItem]/pickList/body/row[AT_MKT_DT=T||1]/col[fieldName=AT_MKT_DT||0]]]></target>
	<value><![CDATA[]]></value>
</selenese>
<selenese>
	<command>waitForElementClickable</command>
	<target><![CDATA[scLocator=//Portlet[ID="general_sched_tab_0"]/item[0][Class="ListGrid"]/filterEditor/actionButton/icon]]></target>
	<value><![CDATA[]]></value>
</selenese>
<selenese>
	<command>click</command>
	<target><![CDATA[scLocator=//Portlet[ID="general_sched_tab_0"]/item[0][Class="ListGrid"]/filterEditor/actionButton/icon]]></target>
	<value><![CDATA[]]></value>
</selenese>
<selenese>
	<command>waitForElementClickable</command>
	<target><![CDATA[scLocator=//Portlet[ID="general_sched_tab_0"]/item[0][Class="ListGrid"]/filterEditor/editRowForm/item[name=STATUS||title=Status||value=D||index=2||Class=SelectItem]/[icon="picker"]]]></target>
	<value><![CDATA[]]></value>
</selenese>
<selenese>
	<command>click</command>
	<target><![CDATA[scLocator=//Portlet[ID="general_sched_tab_0"]/item[0][Class="ListGrid"]/filterEditor/editRowForm/item[name=STATUS||title=Status||value=D||index=2||Class=SelectItem]/[icon="picker"]]]></target>
	<value><![CDATA[]]></value>
</selenese>
<selenese>
	<command>waitForElementClickable</command>
	<target><![CDATA[scLocator=//Portlet[ID="general_sched_tab_0"]/item[0][Class="ListGrid"]/filterEditor/editRowForm/item[name=STATUS||title=Status||value=D||index=2||Class=SelectItem]/pickList/body/row[STATUS=E||1]/col[fieldName=STATUS||0]]]></target>
	<value><![CDATA[]]></value>
</selenese>
<selenese>
	<command>click</command>
	<target><![CDATA[scLocator=//Portlet[ID="general_sched_tab_0"]/item[0][Class="ListGrid"]/filterEditor/editRowForm/item[name=STATUS||title=Status||value=D||index=2||Class=SelectItem]/pickList/body/row[STATUS=E||1]/col[fieldName=STATUS||0]]]></target>
	<value><![CDATA[]]></value>
</selenese>
<selenese>
	<command>waitForElementClickable</command>
	<target><![CDATA[scLocator=//Portlet[ID="general_sched_tab_0"]/item[0][Class="ListGrid"]/filterEditor/editRowForm/item[name=STATUS||title=Status||index=2||Class=SelectItem]/[icon="picker"]]]></target>
	<value><![CDATA[]]></value>
</selenese>
<selenese>
	<command>click</command>
	<target><![CDATA[scLocator=//Portlet[ID="general_sched_tab_0"]/item[0][Class="ListGrid"]/filterEditor/editRowForm/item[name=STATUS||title=Status||index=2||Class=SelectItem]/[icon="picker"]]]></target>
	<value><![CDATA[]]></value>
</selenese>
<selenese>
	<command>waitForElementClickable</command>
	<target><![CDATA[scLocator=//Portlet[ID="general_sched_tab_0"]/item[0][Class="ListGrid"]/filterEditor/editRowForm/item[name=STATUS||title=Status||index=2||Class=SelectItem]/pickList/body/row[STATUS=E||1]/col[fieldName=STATUS||0]]]></target>
	<value><![CDATA[]]></value>
</selenese>
<selenese>
	<command>click</command>
	<target><![CDATA[scLocator=//Portlet[ID="general_sched_tab_0"]/item[0][Class="ListGrid"]/filterEditor/editRowForm/item[name=STATUS||title=Status||index=2||Class=SelectItem]/pickList/body/row[STATUS=E||1]/col[fieldName=STATUS||0]]]></target>
	<value><![CDATA[]]></value>
</selenese>
<selenese>
	<command>waitForElementClickable</command>
	<target><![CDATA[scLocator=//Portlet[ID="general_sched_tab_0"]/item[0][Class="ListGrid"]/filterEditor/actionButton/icon]]></target>
	<value><![CDATA[]]></value>
</selenese>
<selenese>
	<command>click</command>
	<target><![CDATA[scLocator=//Portlet[ID="general_sched_tab_0"]/item[0][Class="ListGrid"]/filterEditor/actionButton/icon]]></target>
	<value><![CDATA[]]></value>
</selenese>
<selenese>
	<command>waitForElementClickable</command>
	<target><![CDATA[scLocator=//Portlet[ID="general_sched_tab_0"]/item[0][Class="ListGrid"]/filterEditor/editRowForm/item[name=AT_MKT_DT||title=Mkt%20dates||value=T||index=4||Class=SelectItem]/textbox]]></target>
	<value><![CDATA[]]></value>
</selenese>
<selenese>
	<command>click</command>
	<target><![CDATA[scLocator=//Portlet[ID="general_sched_tab_0"]/item[0][Class="ListGrid"]/filterEditor/editRowForm/item[name=AT_MKT_DT||title=Mkt%20dates||value=T||index=4||Class=SelectItem]/textbox]]></target>
	<value><![CDATA[]]></value>
</selenese>
<selenese>
	<command>waitForElementClickable</command>
	<target><![CDATA[scLocator=//Portlet[ID="general_sched_tab_0"]/item[0][Class="ListGrid"]/filterEditor/editRowForm/item[name=AT_MKT_DT||title=Mkt%20dates||value=T||index=4||Class=SelectItem]/pickList/body/row[0]/col[fieldName=AT_MKT_DT||0]]]></target>
	<value><![CDATA[]]></value>
</selenese>
<selenese>
	<command>click</command>
	<target><![CDATA[scLocator=//Portlet[ID="general_sched_tab_0"]/item[0][Class="ListGrid"]/filterEditor/editRowForm/item[name=AT_MKT_DT||title=Mkt%20dates||value=T||index=4||Class=SelectItem]/pickList/body/row[0]/col[fieldName=AT_MKT_DT||0]]]></target>
	<value><![CDATA[]]></value>
</selenese>
<selenese>
	<command>waitForElementClickable</command>
	<target><![CDATA[scLocator=//Portlet[ID="general_sched_tab_0"]/item[0][Class="ListGrid"]/filterEditor/actionButton/icon]]></target>
	<value><![CDATA[]]></value>
</selenese>
<selenese>
	<command>click</command>
	<target><![CDATA[scLocator=//Portlet[ID="general_sched_tab_0"]/item[0][Class="ListGrid"]/filterEditor/actionButton/icon]]></target>
	<value><![CDATA[]]></value>
</selenese>
<selenese>
	<command>waitForElementClickable</command>
	<target><![CDATA[scLocator=//Portlet[ID="general_sched_tab_0"]/item[0][Class="ListGrid"]/filterEditor/actionButton/icon]]></target>
	<value><![CDATA[]]></value>
</selenese>
<selenese>
	<command>click</command>
	<target><![CDATA[scLocator=//Portlet[ID="general_sched_tab_0"]/item[0][Class="ListGrid"]/filterEditor/actionButton/icon]]></target>
	<value><![CDATA[]]></value>
</selenese>
<selenese>
	<command>waitForElementClickable</command>
	<target><![CDATA[scLocator=//Portlet[ID="general_sched_tab_0"]/item[0][Class="ListGrid"]/filterEditor/editRowForm/item[name=SCHEDNAME||title=Schedule%20name||value=Credit||index=1||Class=TextItem]/element]]></target>
	<value><![CDATA[]]></value>
</selenese>
<selenese>
	<command>click</command>
	<target><![CDATA[scLocator=//Portlet[ID="general_sched_tab_0"]/item[0][Class="ListGrid"]/filterEditor/editRowForm/item[name=SCHEDNAME||title=Schedule%20name||value=Credit||index=1||Class=TextItem]/element]]></target>
	<value><![CDATA[]]></value>
</selenese>
<selenese>
	<command>waitForElementReadyForKeyPresses</command>
	<target><![CDATA[scLocator=//Portlet[ID="general_sched_tab_0"]/item[0][Class="ListGrid"]/filterEditor/editRowForm/item[name=SCHEDNAME||title=Schedule%20name||index=1||Class=TextItem]/element]]></target>
	<value><![CDATA[]]></value>
</selenese>
<selenese>
	<command>sendKeys</command>
	<target><![CDATA[scLocator=//Portlet[ID="general_sched_tab_0"]/item[0][Class="ListGrid"]/filterEditor/editRowForm/item[name=SCHEDNAME||title=Schedule%20name||index=1||Class=TextItem]/element]]></target>
	<value><![CDATA[${KEY_ENTER}]]></value>
</selenese>
<selenese>
	<command>waitForElementClickable</command>
	<target><![CDATA[scLocator=//Portlet[ID="general_sched_tab_0"]/item[0][Class="ListGrid"]/filterEditor/editRowForm/item[name=SCHEDNAME||title=Schedule%20name||index=1||Class=TextItem]/element]]></target>
	<value><![CDATA[]]></value>
</selenese>
<selenese>
	<command>type</command>
	<target><![CDATA[scLocator=//Portlet[ID="general_sched_tab_0"]/item[0][Class="ListGrid"]/filterEditor/editRowForm/item[name=SCHEDNAME||title=Schedule%20name||index=1||Class=TextItem]/element]]></target>
	<value><![CDATA[]]></value>
</selenese>
<selenese>
	<command>waitForElementClickable</command>
	<target><![CDATA[scLocator=//Portlet[ID="general_sched_tab_0"]/item[0][Class="ListGrid"]/filterEditor/editRowForm/item[name=STATUS||title=Status||value=E||index=2||Class=SelectItem]/[icon="picker"]]]></target>
	<value><![CDATA[]]></value>
</selenese>
<selenese>
	<command>click</command>
	<target><![CDATA[scLocator=//Portlet[ID="general_sched_tab_0"]/item[0][Class="ListGrid"]/filterEditor/editRowForm/item[name=STATUS||title=Status||value=E||index=2||Class=SelectItem]/[icon="picker"]]]></target>
	<value><![CDATA[]]></value>
</selenese>
<selenese>
	<command>waitForElementClickable</command>
	<target><![CDATA[scLocator=//Portlet[ID="general_sched_tab_0"]/item[0][Class="ListGrid"]/filterEditor/editRowForm/item[name=STATUS||title=Status||value=E||index=2||Class=SelectItem]/pickList/body/row[0]/col[fieldName=STATUS||0]]]></target>
	<value><![CDATA[]]></value>
</selenese>
<selenese>
	<command>click</command>
	<target><![CDATA[scLocator=//Portlet[ID="general_sched_tab_0"]/item[0][Class="ListGrid"]/filterEditor/editRowForm/item[name=STATUS||title=Status||value=E||index=2||Class=SelectItem]/pickList/body/row[0]/col[fieldName=STATUS||0]]]></target>
	<value><![CDATA[]]></value>
</selenese>
<selenese>
	<command>waitForElementClickable</command>
	<target><![CDATA[scLocator=//Portlet[ID="general_sched_tab_0"]/item[0][Class="ListGrid"]/filterEditor/editRowForm/item[name=SCHEDID||title=ID||value=%3E10||index=0||Class=TextItem]/element]]></target>
	<value><![CDATA[]]></value>
</selenese>
<selenese>
	<command>click</command>
	<target><![CDATA[scLocator=//Portlet[ID="general_sched_tab_0"]/item[0][Class="ListGrid"]/filterEditor/editRowForm/item[name=SCHEDID||title=ID||value=%3E10||index=0||Class=TextItem]/element]]></target>
	<value><![CDATA[]]></value>
</selenese>
<selenese>
	<command>waitForElementClickable</command>
	<target><![CDATA[scLocator=//Portlet[ID="general_sched_tab_0"]/item[0][Class="ListGrid"]/filterEditor/editRowForm/item[name=SCHEDID||title=ID||index=0||Class=TextItem]/element]]></target>
	<value><![CDATA[]]></value>
</selenese>
<selenese>
	<command>type</command>
	<target><![CDATA[scLocator=//Portlet[ID="general_sched_tab_0"]/item[0][Class="ListGrid"]/filterEditor/editRowForm/item[name=SCHEDID||title=ID||index=0||Class=TextItem]/element]]></target>
	<value><![CDATA[]]></value>
</selenese>
<selenese>
	<command>waitForElementClickable</command>
	<target><![CDATA[scLocator=//Portlet[ID="general_sched_tab_0"]/item[0][Class="ListGrid"]/filterEditor/actionButton/icon]]></target>
	<value><![CDATA[]]></value>
</selenese>
<selenese>
	<command>click</command>
	<target><![CDATA[scLocator=//Portlet[ID="general_sched_tab_0"]/item[0][Class="ListGrid"]/filterEditor/actionButton/icon]]></target>
	<value><![CDATA[]]></value>
</selenese>
</TestCase>