<?xml version="1.0" encoding="UTF-8"?>
<TestCase seleniumIDEVersion="2.9.1" baseURL="https://10.0.10.230:10044/LiqPortalWEB/index.html">
<selenese>
	<command>echo</command>
	<target><![CDATA[]]></target>
	<value><![CDATA[RU18-NUC01-T02.rctest]]></value>
</selenese>
<selenese>
	<command>open</command>
	<target><![CDATA[/LiqPortalWEB/]]></target>
	<value><![CDATA[Liquidity Portal - Settings - Working Stress Settings - Editing]]></value>
</selenese>
<selenese>
	<command>type</command>
	<target><![CDATA[id=Username]]></target>
	<value><![CDATA[mpetracc]]></value>
</selenese>
<selenese>
	<command>type</command>
	<target><![CDATA[id=Password]]></target>
	<value><![CDATA[.mpetrac00]]></value>
</selenese>
<selenese>
	<command>clickAndWait</command>
	<target><![CDATA[id=submitLabel]]></target>
	<value><![CDATA[]]></value>
</selenese>
<selenese>
	<command>waitForElementClickable</command>
	<target><![CDATA[scLocator=//Menu[level=1]/body/row[1]/col[fieldName=title||0]]]></target>
	<value><![CDATA[]]></value>
</selenese>
<selenese>
	<command>click</command>
	<target><![CDATA[scLocator=//Menu[level=1]/body/row[1]/col[fieldName=title||0]]]></target>
	<value><![CDATA[]]></value>
</selenese>
<selenese>
	<command>waitForElementClickable</command>
	<target><![CDATA[scLocator=//Portlet[ID="settings_stpar_tab_0"]/item[0][Class="ListGrid"]/filterEditor/editRowForm/item[name=VALID_DT||title=Valid%20date||value=%3E2017||index=0||Class=TextItem]/element]]></target>
	<value><![CDATA[]]></value>
</selenese>
<selenese>
	<command>click</command>
	<target><![CDATA[scLocator=//Portlet[ID="settings_stpar_tab_0"]/item[0][Class="ListGrid"]/filterEditor/editRowForm/item[name=VALID_DT||title=Valid%20date||value=%3E2017||index=0||Class=TextItem]/element]]></target>
	<value><![CDATA[]]></value>
</selenese>
<selenese>
	<command>waitForElementClickable</command>
	<target><![CDATA[scLocator=//Portlet[ID="settings_stpar_tab_0"]/item[0][Class="ListGrid"]/filterEditor/editRowForm/item[name=VALID_DT||title=Valid%20date||value=%3C2017||index=0||Class=TextItem]/element]]></target>
	<value><![CDATA[]]></value>
</selenese>
<selenese>
	<command>click</command>
	<target><![CDATA[scLocator=//Portlet[ID="settings_stpar_tab_0"]/item[0][Class="ListGrid"]/filterEditor/editRowForm/item[name=VALID_DT||title=Valid%20date||value=%3C2017||index=0||Class=TextItem]/element]]></target>
	<value><![CDATA[]]></value>
</selenese>
<selenese>
	<command>waitForElementClickable</command>
	<target><![CDATA[scLocator=//Portlet[ID="settings_stpar_tab_0"]/item[0][Class="ListGrid"]/headerMenuButton/R]]></target>
	<value><![CDATA[]]></value>
</selenese>
<selenese>
	<command>click</command>
	<target><![CDATA[scLocator=//Portlet[ID="settings_stpar_tab_0"]/item[0][Class="ListGrid"]/headerMenuButton/R]]></target>
	<value><![CDATA[]]></value>
</selenese>
<selenese>
	<command>waitForElementClickable</command>
	<target><![CDATA[scLocator=//Portlet[ID="settings_stpar_tab_0"]/item[0][Class="ListGrid"]/filterEditor/editRowForm/item[name=SRC_BY_GRP||title=Search%20by%20group||index=1||Class=SelectItem]/textbox]]></target>
	<value><![CDATA[]]></value>
</selenese>
<selenese>
	<command>click</command>
	<target><![CDATA[scLocator=//Portlet[ID="settings_stpar_tab_0"]/item[0][Class="ListGrid"]/filterEditor/editRowForm/item[name=SRC_BY_GRP||title=Search%20by%20group||index=1||Class=SelectItem]/textbox]]></target>
	<value><![CDATA[]]></value>
</selenese>
<selenese>
	<command>waitForElementClickable</command>
	<target><![CDATA[scLocator=//Portlet[ID="settings_stpar_tab_0"]/item[0][Class="ListGrid"]/filterEditor/editRowForm/item[name=SRC_BY_GRP||title=Search%20by%20group||index=1||Class=SelectItem]/pickList/body/row[SRC_BY_GRP=T||1]/col[fieldName=SRC_BY_GRP||0]]]></target>
	<value><![CDATA[]]></value>
</selenese>
<selenese>
	<command>click</command>
	<target><![CDATA[scLocator=//Portlet[ID="settings_stpar_tab_0"]/item[0][Class="ListGrid"]/filterEditor/editRowForm/item[name=SRC_BY_GRP||title=Search%20by%20group||index=1||Class=SelectItem]/pickList/body/row[SRC_BY_GRP=T||1]/col[fieldName=SRC_BY_GRP||0]]]></target>
	<value><![CDATA[]]></value>
</selenese>
<selenese>
	<command>waitForElementClickable</command>
	<target><![CDATA[scLocator=//Portlet[ID="settings_stpar_tab_0"]/item[0][Class="ListGrid"]/filterEditor/actionButton/icon]]></target>
	<value><![CDATA[]]></value>
</selenese>
<selenese>
	<command>click</command>
	<target><![CDATA[scLocator=//Portlet[ID="settings_stpar_tab_0"]/item[0][Class="ListGrid"]/filterEditor/actionButton/icon]]></target>
	<value><![CDATA[]]></value>
</selenese>
<selenese>
	<command>waitForElementClickable</command>
	<target><![CDATA[scLocator=//Portlet[ID="settings_stpar_tab_0"]/item[0][Class="ListGrid"]/filterEditor/editRowForm/item[name=SRC_BY_GRP||title=Search%20by%20group||value=T||index=1||Class=SelectItem]/[icon="picker"]]]></target>
	<value><![CDATA[]]></value>
</selenese>
<selenese>
	<command>click</command>
	<target><![CDATA[scLocator=//Portlet[ID="settings_stpar_tab_0"]/item[0][Class="ListGrid"]/filterEditor/editRowForm/item[name=SRC_BY_GRP||title=Search%20by%20group||value=T||index=1||Class=SelectItem]/[icon="picker"]]]></target>
	<value><![CDATA[]]></value>
</selenese>
<selenese>
	<command>waitForElementClickable</command>
	<target><![CDATA[scLocator=//Portlet[ID="settings_stpar_tab_0"]/item[0][Class="ListGrid"]/filterEditor/editRowForm/item[name=SRC_BY_GRP||title=Search%20by%20group||value=T||index=1||Class=SelectItem]/pickList/body/row[SRC_BY_GRP=F||2]/col[fieldName=SRC_BY_GRP||0]]]></target>
	<value><![CDATA[]]></value>
</selenese>
<selenese>
	<command>click</command>
	<target><![CDATA[scLocator=//Portlet[ID="settings_stpar_tab_0"]/item[0][Class="ListGrid"]/filterEditor/editRowForm/item[name=SRC_BY_GRP||title=Search%20by%20group||value=T||index=1||Class=SelectItem]/pickList/body/row[SRC_BY_GRP=F||2]/col[fieldName=SRC_BY_GRP||0]]]></target>
	<value><![CDATA[]]></value>
</selenese>
<selenese>
	<command>waitForElementClickable</command>
	<target><![CDATA[scLocator=//Portlet[ID="settings_stpar_tab_0"]/item[0][Class="ListGrid"]/filterEditor/actionButton/icon]]></target>
	<value><![CDATA[]]></value>
</selenese>
<selenese>
	<command>click</command>
	<target><![CDATA[scLocator=//Portlet[ID="settings_stpar_tab_0"]/item[0][Class="ListGrid"]/filterEditor/actionButton/icon]]></target>
	<value><![CDATA[]]></value>
</selenese>
<selenese>
	<command>waitForElementClickable</command>
	<target><![CDATA[scLocator=//Portlet[ID="settings_stpar_tab_0"]/item[0][Class="ListGrid"]/filterEditor/editRowForm/item[name=VALID_DT||title=Valid%20date||value=%3E2017||index=0||Class=TextItem]/element]]></target>
	<value><![CDATA[]]></value>
</selenese>
<selenese>
	<command>click</command>
	<target><![CDATA[scLocator=//Portlet[ID="settings_stpar_tab_0"]/item[0][Class="ListGrid"]/filterEditor/editRowForm/item[name=VALID_DT||title=Valid%20date||value=%3E2017||index=0||Class=TextItem]/element]]></target>
	<value><![CDATA[]]></value>
</selenese>
<selenese>
	<command>waitForElementClickable</command>
	<target><![CDATA[scLocator=//Portlet[ID="settings_stpar_tab_0"]/item[0][Class="ListGrid"]/filterEditor/editRowForm/item[name=VALID_DT||title=Valid%20date||value=%3E2017103||index=0||Class=TextItem]/element]]></target>
	<value><![CDATA[]]></value>
</selenese>
<selenese>
	<command>type</command>
	<target><![CDATA[scLocator=//Portlet[ID="settings_stpar_tab_0"]/item[0][Class="ListGrid"]/filterEditor/editRowForm/item[name=VALID_DT||title=Valid%20date||value=%3E2017103||index=0||Class=TextItem]/element]]></target>
	<value><![CDATA[>2017103]]></value>
</selenese>
<selenese>
	<command>waitForElementClickable</command>
	<target><![CDATA[scLocator=//Portlet[ID="settings_stpar_tab_0"]/item[0][Class="ListGrid"]/filterEditor/actionButton/icon]]></target>
	<value><![CDATA[]]></value>
</selenese>
<selenese>
	<command>click</command>
	<target><![CDATA[scLocator=//Portlet[ID="settings_stpar_tab_0"]/item[0][Class="ListGrid"]/filterEditor/actionButton/icon]]></target>
	<value><![CDATA[]]></value>
</selenese>
<selenese>
	<command>waitForElementClickable</command>
	<target><![CDATA[scLocator=//Portlet[ID="settings_stpar_tab_0"]/item[0][Class="ListGrid"]/filterEditor/actionButton/icon]]></target>
	<value><![CDATA[]]></value>
</selenese>
<selenese>
	<command>click</command>
	<target><![CDATA[scLocator=//Portlet[ID="settings_stpar_tab_0"]/item[0][Class="ListGrid"]/filterEditor/actionButton/icon]]></target>
	<value><![CDATA[]]></value>
</selenese>
<selenese>
	<command>waitForElementClickable</command>
	<target><![CDATA[scLocator=//Portlet[ID="settings_stpar_tab_0"]/item[0][Class="ListGrid"]/filterEditor/editRowForm/item[name=VALID_DT||title=Valid%20date||value=%3E2017103||index=0||Class=TextItem]/element]]></target>
	<value><![CDATA[]]></value>
</selenese>
<selenese>
	<command>click</command>
	<target><![CDATA[scLocator=//Portlet[ID="settings_stpar_tab_0"]/item[0][Class="ListGrid"]/filterEditor/editRowForm/item[name=VALID_DT||title=Valid%20date||value=%3E2017103||index=0||Class=TextItem]/element]]></target>
	<value><![CDATA[]]></value>
</selenese>
<selenese>
	<command>waitForElementReadyForKeyPresses</command>
	<target><![CDATA[scLocator=//Portlet[ID="settings_stpar_tab_0"]/item[0][Class="ListGrid"]/filterEditor/editRowForm/item[name=VALID_DT||title=Valid%20date||value=%3C%3D2017103||index=0||Class=TextItem]/element]]></target>
	<value><![CDATA[]]></value>
</selenese>
<selenese>
	<command>sendKeys</command>
	<target><![CDATA[scLocator=//Portlet[ID="settings_stpar_tab_0"]/item[0][Class="ListGrid"]/filterEditor/editRowForm/item[name=VALID_DT||title=Valid%20date||value=%3C%3D2017103||index=0||Class=TextItem]/element]]></target>
	<value><![CDATA[${KEY_ENTER}]]></value>
</selenese>
<selenese>
	<command>waitForElementClickable</command>
	<target><![CDATA[scLocator=//Portlet[ID="settings_stpar_tab_0"]/item[0][Class="ListGrid"]/filterEditor/editRowForm/item[name=VALID_DT||title=Valid%20date||value=%3C%3D2017103||index=0||Class=TextItem]/element]]></target>
	<value><![CDATA[]]></value>
</selenese>
<selenese>
	<command>click</command>
	<target><![CDATA[scLocator=//Portlet[ID="settings_stpar_tab_0"]/item[0][Class="ListGrid"]/filterEditor/editRowForm/item[name=VALID_DT||title=Valid%20date||value=%3C%3D2017103||index=0||Class=TextItem]/element]]></target>
	<value><![CDATA[]]></value>
</selenese>
<selenese>
	<command>waitForElementReadyForKeyPresses</command>
	<target><![CDATA[scLocator=//Portlet[ID="settings_stpar_tab_0"]/item[0][Class="ListGrid"]/filterEditor/editRowForm/item[name=VALID_DT||title=Valid%20date||value=%3C%3D2017103||index=0||Class=TextItem]/element]]></target>
	<value><![CDATA[]]></value>
</selenese>
<selenese>
	<command>sendKeys</command>
	<target><![CDATA[scLocator=//Portlet[ID="settings_stpar_tab_0"]/item[0][Class="ListGrid"]/filterEditor/editRowForm/item[name=VALID_DT||title=Valid%20date||value=%3C%3D2017103||index=0||Class=TextItem]/element]]></target>
	<value><![CDATA[${KEY_LEFT}]]></value>
</selenese>
<selenese>
	<command>waitForElementReadyForKeyPresses</command>
	<target><![CDATA[scLocator=//Portlet[ID="settings_stpar_tab_0"]/item[0][Class="ListGrid"]/filterEditor/editRowForm/item[name=VALID_DT||title=Valid%20date||value=%3C%3D2017103||index=0||Class=TextItem]/element]]></target>
	<value><![CDATA[]]></value>
</selenese>
<selenese>
	<command>sendKeys</command>
	<target><![CDATA[scLocator=//Portlet[ID="settings_stpar_tab_0"]/item[0][Class="ListGrid"]/filterEditor/editRowForm/item[name=VALID_DT||title=Valid%20date||value=%3C%3D2017103||index=0||Class=TextItem]/element]]></target>
	<value><![CDATA[${KEY_LEFT}]]></value>
</selenese>
<selenese>
	<command>waitForElementReadyForKeyPresses</command>
	<target><![CDATA[scLocator=//Portlet[ID="settings_stpar_tab_0"]/item[0][Class="ListGrid"]/filterEditor/editRowForm/item[name=VALID_DT||title=Valid%20date||value=%3C%3D2017103||index=0||Class=TextItem]/element]]></target>
	<value><![CDATA[]]></value>
</selenese>
<selenese>
	<command>sendKeys</command>
	<target><![CDATA[scLocator=//Portlet[ID="settings_stpar_tab_0"]/item[0][Class="ListGrid"]/filterEditor/editRowForm/item[name=VALID_DT||title=Valid%20date||value=%3C%3D2017103||index=0||Class=TextItem]/element]]></target>
	<value><![CDATA[${KEY_LEFT}]]></value>
</selenese>
<selenese>
	<command>waitForElementReadyForKeyPresses</command>
	<target><![CDATA[scLocator=//Portlet[ID="settings_stpar_tab_0"]/item[0][Class="ListGrid"]/filterEditor/editRowForm/item[name=VALID_DT||title=Valid%20date||value=%3C%3D2017103||index=0||Class=TextItem]/element]]></target>
	<value><![CDATA[]]></value>
</selenese>
<selenese>
	<command>sendKeys</command>
	<target><![CDATA[scLocator=//Portlet[ID="settings_stpar_tab_0"]/item[0][Class="ListGrid"]/filterEditor/editRowForm/item[name=VALID_DT||title=Valid%20date||value=%3C%3D2017103||index=0||Class=TextItem]/element]]></target>
	<value><![CDATA[${KEY_LEFT}]]></value>
</selenese>
<selenese>
	<command>waitForElementReadyForKeyPresses</command>
	<target><![CDATA[scLocator=//Portlet[ID="settings_stpar_tab_0"]/item[0][Class="ListGrid"]/filterEditor/editRowForm/item[name=VALID_DT||title=Valid%20date||value=%3C%3D2017103||index=0||Class=TextItem]/element]]></target>
	<value><![CDATA[]]></value>
</selenese>
<selenese>
	<command>sendKeys</command>
	<target><![CDATA[scLocator=//Portlet[ID="settings_stpar_tab_0"]/item[0][Class="ListGrid"]/filterEditor/editRowForm/item[name=VALID_DT||title=Valid%20date||value=%3C%3D2017103||index=0||Class=TextItem]/element]]></target>
	<value><![CDATA[${KEY_LEFT}]]></value>
</selenese>
<selenese>
	<command>waitForElementReadyForKeyPresses</command>
	<target><![CDATA[scLocator=//Portlet[ID="settings_stpar_tab_0"]/item[0][Class="ListGrid"]/filterEditor/editRowForm/item[name=VALID_DT||title=Valid%20date||value=%3C%3D2017103||index=0||Class=TextItem]/element]]></target>
	<value><![CDATA[]]></value>
</selenese>
<selenese>
	<command>sendKeys</command>
	<target><![CDATA[scLocator=//Portlet[ID="settings_stpar_tab_0"]/item[0][Class="ListGrid"]/filterEditor/editRowForm/item[name=VALID_DT||title=Valid%20date||value=%3C%3D2017103||index=0||Class=TextItem]/element]]></target>
	<value><![CDATA[${KEY_LEFT}]]></value>
</selenese>
<selenese>
	<command>waitForElementReadyForKeyPresses</command>
	<target><![CDATA[scLocator=//Portlet[ID="settings_stpar_tab_0"]/item[0][Class="ListGrid"]/filterEditor/editRowForm/item[name=VALID_DT||title=Valid%20date||value=%3C%3D2017103||index=0||Class=TextItem]/element]]></target>
	<value><![CDATA[]]></value>
</selenese>
<selenese>
	<command>sendKeys</command>
	<target><![CDATA[scLocator=//Portlet[ID="settings_stpar_tab_0"]/item[0][Class="ListGrid"]/filterEditor/editRowForm/item[name=VALID_DT||title=Valid%20date||value=%3C%3D2017103||index=0||Class=TextItem]/element]]></target>
	<value><![CDATA[${KEY_LEFT}]]></value>
</selenese>
<selenese>
	<command>waitForElementReadyForKeyPresses</command>
	<target><![CDATA[scLocator=//Portlet[ID="settings_stpar_tab_0"]/item[0][Class="ListGrid"]/filterEditor/editRowForm/item[name=VALID_DT||title=Valid%20date||value=%3C%3D2017103||index=0||Class=TextItem]/element]]></target>
	<value><![CDATA[]]></value>
</selenese>
<selenese>
	<command>sendKeys</command>
	<target><![CDATA[scLocator=//Portlet[ID="settings_stpar_tab_0"]/item[0][Class="ListGrid"]/filterEditor/editRowForm/item[name=VALID_DT||title=Valid%20date||value=%3C%3D2017103||index=0||Class=TextItem]/element]]></target>
	<value><![CDATA[${KEY_LEFT}]]></value>
</selenese>
<selenese>
	<command>waitForElementReadyForKeyPresses</command>
	<target><![CDATA[scLocator=//Portlet[ID="settings_stpar_tab_0"]/item[0][Class="ListGrid"]/filterEditor/editRowForm/item[name=VALID_DT||title=Valid%20date||value=%3C%3D2017103||index=0||Class=TextItem]/element]]></target>
	<value><![CDATA[]]></value>
</selenese>
<selenese>
	<command>sendKeys</command>
	<target><![CDATA[scLocator=//Portlet[ID="settings_stpar_tab_0"]/item[0][Class="ListGrid"]/filterEditor/editRowForm/item[name=VALID_DT||title=Valid%20date||value=%3C%3D2017103||index=0||Class=TextItem]/element]]></target>
	<value><![CDATA[${KEY_LEFT}]]></value>
</selenese>
<selenese>
	<command>waitForElementReadyForKeyPresses</command>
	<target><![CDATA[scLocator=//Portlet[ID="settings_stpar_tab_0"]/item[0][Class="ListGrid"]/filterEditor/editRowForm/item[name=VALID_DT||title=Valid%20date||value=%3C%3D2017103||index=0||Class=TextItem]/element]]></target>
	<value><![CDATA[]]></value>
</selenese>
<selenese>
	<command>sendKeys</command>
	<target><![CDATA[scLocator=//Portlet[ID="settings_stpar_tab_0"]/item[0][Class="ListGrid"]/filterEditor/editRowForm/item[name=VALID_DT||title=Valid%20date||value=%3C%3D2017103||index=0||Class=TextItem]/element]]></target>
	<value><![CDATA[${KEY_RIGHT}]]></value>
</selenese>
<selenese>
	<command>waitForElementReadyForKeyPresses</command>
	<target><![CDATA[scLocator=//Portlet[ID="settings_stpar_tab_0"]/item[0][Class="ListGrid"]/filterEditor/editRowForm/item[name=VALID_DT||title=Valid%20date||value=%3D2017103||index=0||Class=TextItem]/element]]></target>
	<value><![CDATA[]]></value>
</selenese>
<selenese>
	<command>sendKeys</command>
	<target><![CDATA[scLocator=//Portlet[ID="settings_stpar_tab_0"]/item[0][Class="ListGrid"]/filterEditor/editRowForm/item[name=VALID_DT||title=Valid%20date||value=%3D2017103||index=0||Class=TextItem]/element]]></target>
	<value><![CDATA[${KEY_ENTER}]]></value>
</selenese>
<selenese>
	<command>waitForElementClickable</command>
	<target><![CDATA[scLocator=//Portlet[ID="settings_stpar_tab_0"]/item[0][Class="ListGrid"]/filterEditor/editRowForm/item[name=VALID_DT||title=Valid%20date||value=%3D2017103||index=0||Class=TextItem]/element]]></target>
	<value><![CDATA[]]></value>
</selenese>
<selenese>
	<command>click</command>
	<target><![CDATA[scLocator=//Portlet[ID="settings_stpar_tab_0"]/item[0][Class="ListGrid"]/filterEditor/editRowForm/item[name=VALID_DT||title=Valid%20date||value=%3D2017103||index=0||Class=TextItem]/element]]></target>
	<value><![CDATA[]]></value>
</selenese>
<selenese>
	<command>waitForElementReadyForKeyPresses</command>
	<target><![CDATA[scLocator=//Portlet[ID="settings_stpar_tab_0"]/item[0][Class="ListGrid"]/filterEditor/editRowForm/item[name=VALID_DT||title=Valid%20date||value=%3D20171003||index=0||Class=TextItem]/element]]></target>
	<value><![CDATA[]]></value>
</selenese>
<selenese>
	<command>sendKeys</command>
	<target><![CDATA[scLocator=//Portlet[ID="settings_stpar_tab_0"]/item[0][Class="ListGrid"]/filterEditor/editRowForm/item[name=VALID_DT||title=Valid%20date||value=%3D20171003||index=0||Class=TextItem]/element]]></target>
	<value><![CDATA[${KEY_LEFT}]]></value>
</selenese>
<selenese>
	<command>waitForElementReadyForKeyPresses</command>
	<target><![CDATA[scLocator=//Portlet[ID="settings_stpar_tab_0"]/item[0][Class="ListGrid"]/filterEditor/editRowForm/item[name=VALID_DT||title=Valid%20date||value=%3D20171003||index=0||Class=TextItem]/element]]></target>
	<value><![CDATA[]]></value>
</selenese>
<selenese>
	<command>sendKeys</command>
	<target><![CDATA[scLocator=//Portlet[ID="settings_stpar_tab_0"]/item[0][Class="ListGrid"]/filterEditor/editRowForm/item[name=VALID_DT||title=Valid%20date||value=%3D20171003||index=0||Class=TextItem]/element]]></target>
	<value><![CDATA[${KEY_LEFT}]]></value>
</selenese>
<selenese>
	<command>waitForElementReadyForKeyPresses</command>
	<target><![CDATA[scLocator=//Portlet[ID="settings_stpar_tab_0"]/item[0][Class="ListGrid"]/filterEditor/editRowForm/item[name=VALID_DT||title=Valid%20date||value=%3D20171003||index=0||Class=TextItem]/element]]></target>
	<value><![CDATA[]]></value>
</selenese>
<selenese>
	<command>sendKeys</command>
	<target><![CDATA[scLocator=//Portlet[ID="settings_stpar_tab_0"]/item[0][Class="ListGrid"]/filterEditor/editRowForm/item[name=VALID_DT||title=Valid%20date||value=%3D20171003||index=0||Class=TextItem]/element]]></target>
	<value><![CDATA[${KEY_LEFT}]]></value>
</selenese>
<selenese>
	<command>waitForElementReadyForKeyPresses</command>
	<target><![CDATA[scLocator=//Portlet[ID="settings_stpar_tab_0"]/item[0][Class="ListGrid"]/filterEditor/editRowForm/item[name=VALID_DT||title=Valid%20date||value=%3D20171003||index=0||Class=TextItem]/element]]></target>
	<value><![CDATA[]]></value>
</selenese>
<selenese>
	<command>sendKeys</command>
	<target><![CDATA[scLocator=//Portlet[ID="settings_stpar_tab_0"]/item[0][Class="ListGrid"]/filterEditor/editRowForm/item[name=VALID_DT||title=Valid%20date||value=%3D20171003||index=0||Class=TextItem]/element]]></target>
	<value><![CDATA[${KEY_LEFT}]]></value>
</selenese>
<selenese>
	<command>waitForElementReadyForKeyPresses</command>
	<target><![CDATA[scLocator=//Portlet[ID="settings_stpar_tab_0"]/item[0][Class="ListGrid"]/filterEditor/editRowForm/item[name=VALID_DT||title=Valid%20date||value=%3D20171003||index=0||Class=TextItem]/element]]></target>
	<value><![CDATA[]]></value>
</selenese>
<selenese>
	<command>sendKeys</command>
	<target><![CDATA[scLocator=//Portlet[ID="settings_stpar_tab_0"]/item[0][Class="ListGrid"]/filterEditor/editRowForm/item[name=VALID_DT||title=Valid%20date||value=%3D20171003||index=0||Class=TextItem]/element]]></target>
	<value><![CDATA[${KEY_LEFT}]]></value>
</selenese>
<selenese>
	<command>waitForElementReadyForKeyPresses</command>
	<target><![CDATA[scLocator=//Portlet[ID="settings_stpar_tab_0"]/item[0][Class="ListGrid"]/filterEditor/editRowForm/item[name=VALID_DT||title=Valid%20date||value=%3D20171003||index=0||Class=TextItem]/element]]></target>
	<value><![CDATA[]]></value>
</selenese>
<selenese>
	<command>sendKeys</command>
	<target><![CDATA[scLocator=//Portlet[ID="settings_stpar_tab_0"]/item[0][Class="ListGrid"]/filterEditor/editRowForm/item[name=VALID_DT||title=Valid%20date||value=%3D20171003||index=0||Class=TextItem]/element]]></target>
	<value><![CDATA[${KEY_LEFT}]]></value>
</selenese>
<selenese>
	<command>waitForElementReadyForKeyPresses</command>
	<target><![CDATA[scLocator=//Portlet[ID="settings_stpar_tab_0"]/item[0][Class="ListGrid"]/filterEditor/editRowForm/item[name=VALID_DT||title=Valid%20date||value=%3D20171003||index=0||Class=TextItem]/element]]></target>
	<value><![CDATA[]]></value>
</selenese>
<selenese>
	<command>sendKeys</command>
	<target><![CDATA[scLocator=//Portlet[ID="settings_stpar_tab_0"]/item[0][Class="ListGrid"]/filterEditor/editRowForm/item[name=VALID_DT||title=Valid%20date||value=%3D20171003||index=0||Class=TextItem]/element]]></target>
	<value><![CDATA[${KEY_LEFT}]]></value>
</selenese>
<selenese>
	<command>waitForElementReadyForKeyPresses</command>
	<target><![CDATA[scLocator=//Portlet[ID="settings_stpar_tab_0"]/item[0][Class="ListGrid"]/filterEditor/editRowForm/item[name=VALID_DT||title=Valid%20date||value=%3D20171003||index=0||Class=TextItem]/element]]></target>
	<value><![CDATA[]]></value>
</selenese>
<selenese>
	<command>sendKeys</command>
	<target><![CDATA[scLocator=//Portlet[ID="settings_stpar_tab_0"]/item[0][Class="ListGrid"]/filterEditor/editRowForm/item[name=VALID_DT||title=Valid%20date||value=%3D20171003||index=0||Class=TextItem]/element]]></target>
	<value><![CDATA[${KEY_LEFT}]]></value>
</selenese>
<selenese>
	<command>waitForElementReadyForKeyPresses</command>
	<target><![CDATA[scLocator=//Portlet[ID="settings_stpar_tab_0"]/item[0][Class="ListGrid"]/filterEditor/editRowForm/item[name=VALID_DT||title=Valid%20date||value=%3D20171003||index=0||Class=TextItem]/element]]></target>
	<value><![CDATA[]]></value>
</selenese>
<selenese>
	<command>sendKeys</command>
	<target><![CDATA[scLocator=//Portlet[ID="settings_stpar_tab_0"]/item[0][Class="ListGrid"]/filterEditor/editRowForm/item[name=VALID_DT||title=Valid%20date||value=%3D20171003||index=0||Class=TextItem]/element]]></target>
	<value><![CDATA[${KEY_LEFT}]]></value>
</selenese>
<selenese>
	<command>waitForElementReadyForKeyPresses</command>
	<target><![CDATA[scLocator=//Portlet[ID="settings_stpar_tab_0"]/item[0][Class="ListGrid"]/filterEditor/editRowForm/item[name=VALID_DT||title=Valid%20date||value=%3C%3D20171003||index=0||Class=TextItem]/element]]></target>
	<value><![CDATA[]]></value>
</selenese>
<selenese>
	<command>sendKeys</command>
	<target><![CDATA[scLocator=//Portlet[ID="settings_stpar_tab_0"]/item[0][Class="ListGrid"]/filterEditor/editRowForm/item[name=VALID_DT||title=Valid%20date||value=%3C%3D20171003||index=0||Class=TextItem]/element]]></target>
	<value><![CDATA[${KEY_ENTER}]]></value>
</selenese>
<selenese>
	<command>waitForElementClickable</command>
	<target><![CDATA[scLocator=//Portlet[ID="settings_stpar_tab_0"]/item[0][Class="ListGrid"]/filterEditor/editRowForm/item[name=VALID_DT||title=Valid%20date||value=%3C%3D20171003||index=0||Class=TextItem]/element]]></target>
	<value><![CDATA[]]></value>
</selenese>
<selenese>
	<command>click</command>
	<target><![CDATA[scLocator=//Portlet[ID="settings_stpar_tab_0"]/item[0][Class="ListGrid"]/filterEditor/editRowForm/item[name=VALID_DT||title=Valid%20date||value=%3C%3D20171003||index=0||Class=TextItem]/element]]></target>
	<value><![CDATA[]]></value>
</selenese>
<selenese>
	<command>waitForElementClickable</command>
	<target><![CDATA[scLocator=//Portlet[ID="settings_stpar_tab_0"]/item[0][Class="ListGrid"]/filterEditor/editRowForm/item[name=VALID_DT||title=Valid%20date||index=0||Class=TextItem]/element]]></target>
	<value><![CDATA[]]></value>
</selenese>
<selenese>
	<command>type</command>
	<target><![CDATA[scLocator=//Portlet[ID="settings_stpar_tab_0"]/item[0][Class="ListGrid"]/filterEditor/editRowForm/item[name=VALID_DT||title=Valid%20date||index=0||Class=TextItem]/element]]></target>
	<value><![CDATA[]]></value>
</selenese>
<selenese>
	<command>waitForElementClickable</command>
	<target><![CDATA[scLocator=//Portlet[ID="settings_stpar_tab_0"]/item[0][Class="ListGrid"]/filterEditor/actionButton/icon]]></target>
	<value><![CDATA[]]></value>
</selenese>
<selenese>
	<command>click</command>
	<target><![CDATA[scLocator=//Portlet[ID="settings_stpar_tab_0"]/item[0][Class="ListGrid"]/filterEditor/actionButton/icon]]></target>
	<value><![CDATA[]]></value>
</selenese>
</TestCase>