<?xml version="1.0" encoding="UTF-8"?>
<TestCase seleniumIDEVersion="2.9.1" baseURL="https://10.0.10.230:10044/LiqPortalWEB/index.html">
<selenese>
	<command>echo</command>
	<target><![CDATA[]]></target>
	<value><![CDATA[RU20-NUC01-T03.rctest]]></value>
</selenese>
<selenese>
	<command>open</command>
	<target><![CDATA[/LiqPortalWEB/]]></target>
	<value><![CDATA[Liquidity Portal - Data Staging Stressed - Central bank for sec. Withdraw stg - Grouping]]></value>
</selenese>
<selenese>
	<command>type</command>
	<target><![CDATA[id=Username]]></target>
	<value><![CDATA[mpetracc]]></value>
</selenese>
<selenese>
	<command>type</command>
	<target><![CDATA[id=Password]]></target>
	<value><![CDATA[.mpetrac00]]></value>
</selenese>
<selenese>
	<command>clickAndWait</command>
	<target><![CDATA[id=submitLabel]]></target>
	<value><![CDATA[]]></value>
</selenese>
<selenese>
	<command>waitForElementClickable</command>
	<target><![CDATA[scLocator=//Menu[level=1]/body/row[4]/col[fieldName=title||0]]]></target>
	<value><![CDATA[]]></value>
</selenese>
<selenese>
	<command>click</command>
	<target><![CDATA[scLocator=//Menu[level=1]/body/row[4]/col[fieldName=title||0]]]></target>
	<value><![CDATA[]]></value>
</selenese>
<selenese>
	<command>waitForElementClickable</command>
	<target><![CDATA[scLocator=//autoID[Class=VLayout||index=7||length=12||classIndex=0||classLength=1]/member[Class=HLayout||index=2||length=4||classIndex=2||classLength=4]/member[Class=HLayout||index=0||length=1||classIndex=0||classLength=1]/member[Class=TabSet||index=0||length=1||classIndex=0||classLength=1]/tabPane[title=Liq.%20Standard%20and%20Stressed%20Market%20Conditions||ID=tab_0||index=0]/member[Class=PortalLayout||index=0||length=1||classIndex=0||classLength=1]/column[Class=PortalColumn||index=1||length=2||classIndex=1||classLength=2]/rowLayout/L]]></target>
	<value><![CDATA[]]></value>
</selenese>
<selenese>
	<command>dragAndDrop</command>
	<target><![CDATA[scLocator=//autoID[Class=VLayout||index=7||length=12||classIndex=0||classLength=1]/member[Class=HLayout||index=2||length=4||classIndex=2||classLength=4]/member[Class=HLayout||index=0||length=1||classIndex=0||classLength=1]/member[Class=TabSet||index=0||length=1||classIndex=0||classLength=1]/tabPane[title=Liq.%20Standard%20and%20Stressed%20Market%20Conditions||ID=tab_0||index=0]/member[Class=PortalLayout||index=0||length=1||classIndex=0||classLength=1]/column[Class=PortalColumn||index=1||length=2||classIndex=1||classLength=2]/rowLayout/L]]></target>
	<value><![CDATA[+365,-28]]></value>
</selenese>
<selenese>
	<command>waitForElementClickable</command>
	<target><![CDATA[scLocator=//Portlet[ID="stressdatastg_cbvalsecwith_tab_0"]/item[0][Class="ListGrid"]/filterEditor/editRowForm/item[title=Calc.%20date||value=[object Object]||index=0||Class=MiniDateRangeItem]/[icon="showDateRange"]]]></target>
	<value><![CDATA[]]></value>
</selenese>
<selenese>
	<command>click</command>
	<target><![CDATA[scLocator=//Portlet[ID="stressdatastg_cbvalsecwith_tab_0"]/item[0][Class="ListGrid"]/filterEditor/editRowForm/item[title=Calc.%20date||value=[object Object]||index=0||Class=MiniDateRangeItem]/[icon="showDateRange"]]]></target>
	<value><![CDATA[]]></value>
</selenese>
<selenese>
	<command>waitForElementClickable</command>
	<target><![CDATA[scLocator=//Portlet[ID="stressdatastg_cbvalsecwith_tab_0"]/item[0][Class="ListGrid"]/filterEditor/editRowForm/item[title=Calc.%20date||value=[object Object]||index=0||Class=MiniDateRangeItem]/rangeDialog/rangeForm/item[name=CALC_DT||title=CALC_DT||value=[object Object]||index=0||Class=DateRangeItem]/dateRangeForm/item[name=fromField||title=From||value=Tue Oct 10 2017 00:00:00 GMT+0200 (W. Europe Standard Time)||index=0||Class=RelativeDateItem]/editor/item[name=valueField||title=valueField||value=10%24fs%2410%24fs%242017||index=0||Class=ComboBoxItem]/[icon="picker"]]]></target>
	<value><![CDATA[]]></value>
</selenese>
<selenese>
	<command>click</command>
	<target><![CDATA[scLocator=//Portlet[ID="stressdatastg_cbvalsecwith_tab_0"]/item[0][Class="ListGrid"]/filterEditor/editRowForm/item[title=Calc.%20date||value=[object Object]||index=0||Class=MiniDateRangeItem]/rangeDialog/rangeForm/item[name=CALC_DT||title=CALC_DT||value=[object Object]||index=0||Class=DateRangeItem]/dateRangeForm/item[name=fromField||title=From||value=Tue Oct 10 2017 00:00:00 GMT+0200 (W. Europe Standard Time)||index=0||Class=RelativeDateItem]/editor/item[name=valueField||title=valueField||value=10%24fs%2410%24fs%242017||index=0||Class=ComboBoxItem]/[icon="picker"]]]></target>
	<value><![CDATA[]]></value>
</selenese>
<selenese>
	<command>waitForElementClickable</command>
	<target><![CDATA[scLocator=//Portlet[ID="stressdatastg_cbvalsecwith_tab_0"]/item[0][Class="ListGrid"]/filterEditor/editRowForm/item[title=Calc.%20date||value=[object Object]||index=0||Class=MiniDateRangeItem]/rangeDialog/rangeForm/item[name=CALC_DT||title=CALC_DT||value=[object Object]||index=0||Class=DateRangeItem]/dateRangeForm/item[name=fromField||title=From||value=Tue Oct 10 2017 00:00:00 GMT+0200 (W. Europe Standard Time)||index=0||Class=RelativeDateItem]/editor/item[name=valueField||title=valueField||value=10%24fs%2410%24fs%242017||index=0||Class=ComboBoxItem]/pickList/body/row[valueField=%24yesterday||1]/col[fieldName=valueField||0]]]></target>
	<value><![CDATA[]]></value>
</selenese>
<selenese>
	<command>click</command>
	<target><![CDATA[scLocator=//Portlet[ID="stressdatastg_cbvalsecwith_tab_0"]/item[0][Class="ListGrid"]/filterEditor/editRowForm/item[title=Calc.%20date||value=[object Object]||index=0||Class=MiniDateRangeItem]/rangeDialog/rangeForm/item[name=CALC_DT||title=CALC_DT||value=[object Object]||index=0||Class=DateRangeItem]/dateRangeForm/item[name=fromField||title=From||value=Tue Oct 10 2017 00:00:00 GMT+0200 (W. Europe Standard Time)||index=0||Class=RelativeDateItem]/editor/item[name=valueField||title=valueField||value=10%24fs%2410%24fs%242017||index=0||Class=ComboBoxItem]/pickList/body/row[valueField=%24yesterday||1]/col[fieldName=valueField||0]]]></target>
	<value><![CDATA[]]></value>
</selenese>
<selenese>
	<command>waitForElementClickable</command>
	<target><![CDATA[scLocator=//Portlet[ID="stressdatastg_cbvalsecwith_tab_0"]/item[0][Class="ListGrid"]/filterEditor/editRowForm/item[title=Calc.%20date||value=[object Object]||index=0||Class=MiniDateRangeItem]/rangeDialog/okButton/]]></target>
	<value><![CDATA[]]></value>
</selenese>
<selenese>
	<command>click</command>
	<target><![CDATA[scLocator=//Portlet[ID="stressdatastg_cbvalsecwith_tab_0"]/item[0][Class="ListGrid"]/filterEditor/editRowForm/item[title=Calc.%20date||value=[object Object]||index=0||Class=MiniDateRangeItem]/rangeDialog/okButton/]]></target>
	<value><![CDATA[]]></value>
</selenese>
<selenese>
	<command>waitForElementClickable</command>
	<target><![CDATA[scLocator=//Portlet[ID="stressdatastg_cbvalsecwith_tab_0"]/item[0][Class="ListGrid"]/filterEditor/editRowForm/item[title=Calc.%20date||value=[object Object]||index=0||Class=MiniDateRangeItem]/[icon="showDateRange"]]]></target>
	<value><![CDATA[]]></value>
</selenese>
<selenese>
	<command>sendKeys</command>
	<target><![CDATA[scLocator=//Portlet[ID="stressdatastg_cbvalsecwith_tab_0"]/item[0][Class="ListGrid"]/filterEditor/editRowForm/item[title=Calc.%20date||value=[object Object]||index=0||Class=MiniDateRangeItem]/[icon="showDateRange"]]]></target>
	<value><![CDATA[${KEY_ENTER}]]></value>
</selenese>
<selenese>
	<command>waitForElementClickable</command>
	<target><![CDATA[scLocator=//Portlet[ID="stressdatastg_cbvalsecwith_tab_0"]/item[0][Class="ListGrid"]/filterEditor/editRowForm/item[title=Calc.%20date||value=[object Object]||index=0||Class=MiniDateRangeItem]/rangeDialog/closeButton/]]></target>
	<value><![CDATA[]]></value>
</selenese>
<selenese>
	<command>click</command>
	<target><![CDATA[scLocator=//Portlet[ID="stressdatastg_cbvalsecwith_tab_0"]/item[0][Class="ListGrid"]/filterEditor/editRowForm/item[title=Calc.%20date||value=[object Object]||index=0||Class=MiniDateRangeItem]/rangeDialog/closeButton/]]></target>
	<value><![CDATA[]]></value>
</selenese>
<selenese>
	<command>waitForElementClickable</command>
	<target><![CDATA[scLocator=//Portlet[ID="stressdatastg_cbvalsecwith_tab_0"]/item[0][Class="ListGrid"]/body/vscrollbar/peer[Class=SpritedVSimpleScrollThumb||index=0||length=1||classIndex=0||classLength=1||title=%26nbsp%3B||name=main]/]]></target>
	<value><![CDATA[]]></value>
</selenese>
<selenese>
	<command>dragAndDrop</command>
	<target><![CDATA[scLocator=//Portlet[ID="stressdatastg_cbvalsecwith_tab_0"]/item[0][Class="ListGrid"]/body/vscrollbar/peer[Class=SpritedVSimpleScrollThumb||index=0||length=1||classIndex=0||classLength=1||title=%26nbsp%3B||name=main]/]]></target>
	<value><![CDATA[+2,+153]]></value>
</selenese>
<selenese>
	<command>waitForElementClickable</command>
	<target><![CDATA[scLocator=//Portlet[ID="stressdatastg_cbvalsecwith_tab_0"]/item[0][Class="ListGrid"]/body/vscrollbar/peer[Class=SpritedVSimpleScrollThumb||index=0||length=1||classIndex=0||classLength=1||title=%26nbsp%3B||name=main]/]]></target>
	<value><![CDATA[]]></value>
</selenese>
<selenese>
	<command>dragAndDrop</command>
	<target><![CDATA[scLocator=//Portlet[ID="stressdatastg_cbvalsecwith_tab_0"]/item[0][Class="ListGrid"]/body/vscrollbar/peer[Class=SpritedVSimpleScrollThumb||index=0||length=1||classIndex=0||classLength=1||title=%26nbsp%3B||name=main]/]]></target>
	<value><![CDATA[+6,-128]]></value>
</selenese>
<selenese>
	<command>waitForElementClickable</command>
	<target><![CDATA[scLocator=//Portlet[ID="stressdatastg_cbvalsecwith_tab_0"]/item[0][Class="ListGrid"]/filterEditor/editRowForm/item[title=Ref.%20date||index=1||Class=MiniDateRangeItem]/[icon="showDateRange"]]]></target>
	<value><![CDATA[]]></value>
</selenese>
<selenese>
	<command>click</command>
	<target><![CDATA[scLocator=//Portlet[ID="stressdatastg_cbvalsecwith_tab_0"]/item[0][Class="ListGrid"]/filterEditor/editRowForm/item[title=Ref.%20date||index=1||Class=MiniDateRangeItem]/[icon="showDateRange"]]]></target>
	<value><![CDATA[]]></value>
</selenese>
<selenese>
	<command>waitForElementClickable</command>
	<target><![CDATA[scLocator=//Portlet[ID="stressdatastg_cbvalsecwith_tab_0"]/item[0][Class="ListGrid"]/filterEditor/editRowForm/item[title=Ref.%20date||index=1||Class=MiniDateRangeItem]/rangeDialog/rangeForm/item[name=REF_DT||title=REF_DT||index=0||Class=DateRangeItem]/dateRangeForm/item[name=fromField||title=From||index=0||Class=RelativeDateItem]/editor/item[name=valueField||title=valueField||index=0||Class=ComboBoxItem]/[icon="picker"]]]></target>
	<value><![CDATA[]]></value>
</selenese>
<selenese>
	<command>click</command>
	<target><![CDATA[scLocator=//Portlet[ID="stressdatastg_cbvalsecwith_tab_0"]/item[0][Class="ListGrid"]/filterEditor/editRowForm/item[title=Ref.%20date||index=1||Class=MiniDateRangeItem]/rangeDialog/rangeForm/item[name=REF_DT||title=REF_DT||index=0||Class=DateRangeItem]/dateRangeForm/item[name=fromField||title=From||index=0||Class=RelativeDateItem]/editor/item[name=valueField||title=valueField||index=0||Class=ComboBoxItem]/[icon="picker"]]]></target>
	<value><![CDATA[]]></value>
</selenese>
<selenese>
	<command>waitForElementClickable</command>
	<target><![CDATA[scLocator=//Portlet[ID="stressdatastg_cbvalsecwith_tab_0"]/item[0][Class="ListGrid"]/filterEditor/editRowForm/item[title=Ref.%20date||index=1||Class=MiniDateRangeItem]/rangeDialog/rangeForm/item[name=REF_DT||title=REF_DT||index=0||Class=DateRangeItem]/dateRangeForm/item[name=fromField||title=From||index=0||Class=RelativeDateItem]/editor/item[name=valueField||title=valueField||index=0||Class=ComboBoxItem]/pickList/body/row[valueField=%24yesterday||1]/col[fieldName=valueField||0]]]></target>
	<value><![CDATA[]]></value>
</selenese>
<selenese>
	<command>click</command>
	<target><![CDATA[scLocator=//Portlet[ID="stressdatastg_cbvalsecwith_tab_0"]/item[0][Class="ListGrid"]/filterEditor/editRowForm/item[title=Ref.%20date||index=1||Class=MiniDateRangeItem]/rangeDialog/rangeForm/item[name=REF_DT||title=REF_DT||index=0||Class=DateRangeItem]/dateRangeForm/item[name=fromField||title=From||index=0||Class=RelativeDateItem]/editor/item[name=valueField||title=valueField||index=0||Class=ComboBoxItem]/pickList/body/row[valueField=%24yesterday||1]/col[fieldName=valueField||0]]]></target>
	<value><![CDATA[]]></value>
</selenese>
<selenese>
	<command>waitForElementClickable</command>
	<target><![CDATA[scLocator=//Portlet[ID="stressdatastg_cbvalsecwith_tab_0"]/item[0][Class="ListGrid"]/filterEditor/editRowForm/item[title=Ref.%20date||value=[object Object]||index=1||Class=MiniDateRangeItem]/rangeDialog/okButton/]]></target>
	<value><![CDATA[]]></value>
</selenese>
<selenese>
	<command>click</command>
	<target><![CDATA[scLocator=//Portlet[ID="stressdatastg_cbvalsecwith_tab_0"]/item[0][Class="ListGrid"]/filterEditor/editRowForm/item[title=Ref.%20date||value=[object Object]||index=1||Class=MiniDateRangeItem]/rangeDialog/okButton/]]></target>
	<value><![CDATA[]]></value>
</selenese>
<selenese>
	<command>waitForElementClickable</command>
	<target><![CDATA[scLocator=//Portlet[ID="stressdatastg_cbvalsecwith_tab_0"]/item[0][Class="ListGrid"]/filterEditor/editRowForm/item[title=Ref.%20date||value=[object Object]||index=1||Class=MiniDateRangeItem]/[icon="showDateRange"]]]></target>
	<value><![CDATA[]]></value>
</selenese>
<selenese>
	<command>sendKeys</command>
	<target><![CDATA[scLocator=//Portlet[ID="stressdatastg_cbvalsecwith_tab_0"]/item[0][Class="ListGrid"]/filterEditor/editRowForm/item[title=Ref.%20date||value=[object Object]||index=1||Class=MiniDateRangeItem]/[icon="showDateRange"]]]></target>
	<value><![CDATA[${KEY_ENTER}]]></value>
</selenese>
<selenese>
	<command>waitForElementClickable</command>
	<target><![CDATA[scLocator=//ScreenSpan[ID="isc_EH_screenSpan"]/]]></target>
	<value><![CDATA[]]></value>
</selenese>
<selenese>
	<command>click</command>
	<target><![CDATA[scLocator=//ScreenSpan[ID="isc_EH_screenSpan"]/]]></target>
	<value><![CDATA[]]></value>
</selenese>
<selenese>
	<command>waitForElementClickable</command>
	<target><![CDATA[scLocator=//Portlet[ID="stressdatastg_cbvalsecwith_tab_0"]/item[0][Class="ListGrid"]/filterEditor/editRowForm/item[title=Ref.%20date||value=[object Object]||index=1||Class=MiniDateRangeItem]/rangeDialog/okButton/]]></target>
	<value><![CDATA[]]></value>
</selenese>
<selenese>
	<command>click</command>
	<target><![CDATA[scLocator=//Portlet[ID="stressdatastg_cbvalsecwith_tab_0"]/item[0][Class="ListGrid"]/filterEditor/editRowForm/item[title=Ref.%20date||value=[object Object]||index=1||Class=MiniDateRangeItem]/rangeDialog/okButton/]]></target>
	<value><![CDATA[]]></value>
</selenese>
<selenese>
	<command>waitForElementClickable</command>
	<target><![CDATA[scLocator=//Portlet[ID="stressdatastg_cbvalsecwith_tab_0"]/item[0][Class="ListGrid"]/filterEditor/editRowForm/item[title=Settle.%20date||index=2||Class=MiniDateRangeItem]/[icon="showDateRange"]]]></target>
	<value><![CDATA[]]></value>
</selenese>
<selenese>
	<command>click</command>
	<target><![CDATA[scLocator=//Portlet[ID="stressdatastg_cbvalsecwith_tab_0"]/item[0][Class="ListGrid"]/filterEditor/editRowForm/item[title=Settle.%20date||index=2||Class=MiniDateRangeItem]/[icon="showDateRange"]]]></target>
	<value><![CDATA[]]></value>
</selenese>
<selenese>
	<command>waitForElementClickable</command>
	<target><![CDATA[scLocator=//Portlet[ID="stressdatastg_cbvalsecwith_tab_0"]/item[0][Class="ListGrid"]/filterEditor/editRowForm/item[title=Settle.%20date||index=2||Class=MiniDateRangeItem]/rangeDialog/rangeForm/item[name=SETTLE_DT||title=SETTLE_DT||index=0||Class=DateRangeItem]/dateRangeForm/item[name=fromField||title=From||index=0||Class=RelativeDateItem]/editor/item[name=valueField||title=valueField||index=0||Class=ComboBoxItem]/[icon="picker"]]]></target>
	<value><![CDATA[]]></value>
</selenese>
<selenese>
	<command>click</command>
	<target><![CDATA[scLocator=//Portlet[ID="stressdatastg_cbvalsecwith_tab_0"]/item[0][Class="ListGrid"]/filterEditor/editRowForm/item[title=Settle.%20date||index=2||Class=MiniDateRangeItem]/rangeDialog/rangeForm/item[name=SETTLE_DT||title=SETTLE_DT||index=0||Class=DateRangeItem]/dateRangeForm/item[name=fromField||title=From||index=0||Class=RelativeDateItem]/editor/item[name=valueField||title=valueField||index=0||Class=ComboBoxItem]/[icon="picker"]]]></target>
	<value><![CDATA[]]></value>
</selenese>
<selenese>
	<command>waitForElementClickable</command>
	<target><![CDATA[scLocator=//Portlet[ID="stressdatastg_cbvalsecwith_tab_0"]/item[0][Class="ListGrid"]/filterEditor/editRowForm/item[title=Settle.%20date||index=2||Class=MiniDateRangeItem]/rangeDialog/rangeForm/item[name=SETTLE_DT||title=SETTLE_DT||index=0||Class=DateRangeItem]/dateRangeForm/item[name=fromField||title=From||index=0||Class=RelativeDateItem]/editor/item[name=valueField||title=valueField||index=0||Class=ComboBoxItem]/pickList/body/row[valueField=%24yesterday||1]/col[fieldName=valueField||0]]]></target>
	<value><![CDATA[]]></value>
</selenese>
<selenese>
	<command>click</command>
	<target><![CDATA[scLocator=//Portlet[ID="stressdatastg_cbvalsecwith_tab_0"]/item[0][Class="ListGrid"]/filterEditor/editRowForm/item[title=Settle.%20date||index=2||Class=MiniDateRangeItem]/rangeDialog/rangeForm/item[name=SETTLE_DT||title=SETTLE_DT||index=0||Class=DateRangeItem]/dateRangeForm/item[name=fromField||title=From||index=0||Class=RelativeDateItem]/editor/item[name=valueField||title=valueField||index=0||Class=ComboBoxItem]/pickList/body/row[valueField=%24yesterday||1]/col[fieldName=valueField||0]]]></target>
	<value><![CDATA[]]></value>
</selenese>
<selenese>
	<command>waitForElementClickable</command>
	<target><![CDATA[scLocator=//Portlet[ID="stressdatastg_cbvalsecwith_tab_0"]/item[0][Class="ListGrid"]/filterEditor/editRowForm/item[title=Settle.%20date||value=[object Object]||index=2||Class=MiniDateRangeItem]/rangeDialog/okButton/]]></target>
	<value><![CDATA[]]></value>
</selenese>
<selenese>
	<command>click</command>
	<target><![CDATA[scLocator=//Portlet[ID="stressdatastg_cbvalsecwith_tab_0"]/item[0][Class="ListGrid"]/filterEditor/editRowForm/item[title=Settle.%20date||value=[object Object]||index=2||Class=MiniDateRangeItem]/rangeDialog/okButton/]]></target>
	<value><![CDATA[]]></value>
</selenese>
<selenese>
	<command>waitForElementClickable</command>
	<target><![CDATA[scLocator=//Portlet[ID="stressdatastg_cbvalsecwith_tab_0"]/item[0][Class="ListGrid"]/filterEditor/editRowForm/item[title=Settle.%20date||value=[object Object]||index=2||Class=MiniDateRangeItem]/[icon="showDateRange"]]]></target>
	<value><![CDATA[]]></value>
</selenese>
<selenese>
	<command>sendKeys</command>
	<target><![CDATA[scLocator=//Portlet[ID="stressdatastg_cbvalsecwith_tab_0"]/item[0][Class="ListGrid"]/filterEditor/editRowForm/item[title=Settle.%20date||value=[object Object]||index=2||Class=MiniDateRangeItem]/[icon="showDateRange"]]]></target>
	<value><![CDATA[${KEY_ENTER}]]></value>
</selenese>
<selenese>
	<command>waitForElementClickable</command>
	<target><![CDATA[scLocator=//ScreenSpan[ID="isc_EH_screenSpan"]/]]></target>
	<value><![CDATA[]]></value>
</selenese>
<selenese>
	<command>click</command>
	<target><![CDATA[scLocator=//ScreenSpan[ID="isc_EH_screenSpan"]/]]></target>
	<value><![CDATA[]]></value>
</selenese>
<selenese>
	<command>waitForElementClickable</command>
	<target><![CDATA[scLocator=//Portlet[ID="stressdatastg_cbvalsecwith_tab_0"]/item[0][Class="ListGrid"]/filterEditor/editRowForm/item[title=Settle.%20date||value=[object Object]||index=2||Class=MiniDateRangeItem]/rangeDialog/closeButton/]]></target>
	<value><![CDATA[]]></value>
</selenese>
<selenese>
	<command>click</command>
	<target><![CDATA[scLocator=//Portlet[ID="stressdatastg_cbvalsecwith_tab_0"]/item[0][Class="ListGrid"]/filterEditor/editRowForm/item[title=Settle.%20date||value=[object Object]||index=2||Class=MiniDateRangeItem]/rangeDialog/closeButton/]]></target>
	<value><![CDATA[]]></value>
</selenese>
<selenese>
	<command>waitForElementClickable</command>
	<target><![CDATA[scLocator=//Portlet[ID="stressdatastg_cbvalsecwith_tab_0"]/item[0][Class="ListGrid"]/filterEditor/editRowForm/item[name=BNK_GRP_ID||title=Bank%20Group%20ID||index=3||Class=TextItem]/element]]></target>
	<value><![CDATA[]]></value>
</selenese>
<selenese>
	<command>click</command>
	<target><![CDATA[scLocator=//Portlet[ID="stressdatastg_cbvalsecwith_tab_0"]/item[0][Class="ListGrid"]/filterEditor/editRowForm/item[name=BNK_GRP_ID||title=Bank%20Group%20ID||index=3||Class=TextItem]/element]]></target>
	<value><![CDATA[]]></value>
</selenese>
<selenese>
	<command>waitForElementClickable</command>
	<target><![CDATA[scLocator=//Portlet[ID="stressdatastg_cbvalsecwith_tab_0"]/item[0][Class="ListGrid"]/filterEditor/editRowForm/item[name=BNK_GRP_ID||title=Bank%20Group%20ID||value=%3E%3D2008||index=3||Class=TextItem]/element]]></target>
	<value><![CDATA[]]></value>
</selenese>
<selenese>
	<command>type</command>
	<target><![CDATA[scLocator=//Portlet[ID="stressdatastg_cbvalsecwith_tab_0"]/item[0][Class="ListGrid"]/filterEditor/editRowForm/item[name=BNK_GRP_ID||title=Bank%20Group%20ID||value=%3E%3D2008||index=3||Class=TextItem]/element]]></target>
	<value><![CDATA[>=2008]]></value>
</selenese>
<selenese>
	<command>waitForElementClickable</command>
	<target><![CDATA[scLocator=//Portlet[ID="stressdatastg_cbvalsecwith_tab_0"]/item[0][Class="ListGrid"]/filterEditor/actionButton/icon]]></target>
	<value><![CDATA[]]></value>
</selenese>
<selenese>
	<command>click</command>
	<target><![CDATA[scLocator=//Portlet[ID="stressdatastg_cbvalsecwith_tab_0"]/item[0][Class="ListGrid"]/filterEditor/actionButton/icon]]></target>
	<value><![CDATA[]]></value>
</selenese>
<selenese>
	<command>waitForElementClickable</command>
	<target><![CDATA[scLocator=//Portlet[ID="stressdatastg_cbvalsecwith_tab_0"]/item[0][Class="ListGrid"]/filterEditor/editRowForm/item[title=Hct.%20date||index=6||Class=MiniDateRangeItem]/[icon="showDateRange"]]]></target>
	<value><![CDATA[]]></value>
</selenese>
<selenese>
	<command>click</command>
	<target><![CDATA[scLocator=//Portlet[ID="stressdatastg_cbvalsecwith_tab_0"]/item[0][Class="ListGrid"]/filterEditor/editRowForm/item[title=Hct.%20date||index=6||Class=MiniDateRangeItem]/[icon="showDateRange"]]]></target>
	<value><![CDATA[]]></value>
</selenese>
<selenese>
	<command>waitForElementClickable</command>
	<target><![CDATA[scLocator=//Portlet[ID="stressdatastg_cbvalsecwith_tab_0"]/item[0][Class="ListGrid"]/filterEditor/editRowForm/item[title=Hct.%20date||index=6||Class=MiniDateRangeItem]/rangeDialog/rangeForm/item[name=HCT_DT||title=HCT_DT||index=0||Class=DateRangeItem]/dateRangeForm/item[name=fromField||title=From||index=0||Class=RelativeDateItem]/editor/item[name=valueField||title=valueField||index=0||Class=ComboBoxItem]/element]]></target>
	<value><![CDATA[]]></value>
</selenese>
<selenese>
	<command>click</command>
	<target><![CDATA[scLocator=//Portlet[ID="stressdatastg_cbvalsecwith_tab_0"]/item[0][Class="ListGrid"]/filterEditor/editRowForm/item[title=Hct.%20date||index=6||Class=MiniDateRangeItem]/rangeDialog/rangeForm/item[name=HCT_DT||title=HCT_DT||index=0||Class=DateRangeItem]/dateRangeForm/item[name=fromField||title=From||index=0||Class=RelativeDateItem]/editor/item[name=valueField||title=valueField||index=0||Class=ComboBoxItem]/element]]></target>
	<value><![CDATA[]]></value>
</selenese>
<selenese>
	<command>waitForElementClickable</command>
	<target><![CDATA[scLocator=//Portlet[ID="stressdatastg_cbvalsecwith_tab_0"]/item[0][Class="ListGrid"]/filterEditor/editRowForm/item[title=Hct.%20date||index=6||Class=MiniDateRangeItem]/rangeDialog/rangeForm/item[name=HCT_DT||title=HCT_DT||index=0||Class=DateRangeItem]/dateRangeForm/item[name=fromField||title=From||index=0||Class=RelativeDateItem]/editor/item[name=valueField||title=valueField||index=0||Class=ComboBoxItem]/[icon="picker"]]]></target>
	<value><![CDATA[]]></value>
</selenese>
<selenese>
	<command>click</command>
	<target><![CDATA[scLocator=//Portlet[ID="stressdatastg_cbvalsecwith_tab_0"]/item[0][Class="ListGrid"]/filterEditor/editRowForm/item[title=Hct.%20date||index=6||Class=MiniDateRangeItem]/rangeDialog/rangeForm/item[name=HCT_DT||title=HCT_DT||index=0||Class=DateRangeItem]/dateRangeForm/item[name=fromField||title=From||index=0||Class=RelativeDateItem]/editor/item[name=valueField||title=valueField||index=0||Class=ComboBoxItem]/[icon="picker"]]]></target>
	<value><![CDATA[]]></value>
</selenese>
<selenese>
	<command>waitForElementClickable</command>
	<target><![CDATA[scLocator=//Portlet[ID="stressdatastg_cbvalsecwith_tab_0"]/item[0][Class="ListGrid"]/filterEditor/editRowForm/item[title=Hct.%20date||index=6||Class=MiniDateRangeItem]/rangeDialog/rangeForm/item[name=HCT_DT||title=HCT_DT||index=0||Class=DateRangeItem]/dateRangeForm/item[name=fromField||title=From||index=0||Class=RelativeDateItem]/editor/item[name=valueField||title=valueField||index=0||Class=ComboBoxItem]/pickList/body/row[valueField=%24yesterday||1]/col[fieldName=valueField||0]]]></target>
	<value><![CDATA[]]></value>
</selenese>
<selenese>
	<command>click</command>
	<target><![CDATA[scLocator=//Portlet[ID="stressdatastg_cbvalsecwith_tab_0"]/item[0][Class="ListGrid"]/filterEditor/editRowForm/item[title=Hct.%20date||index=6||Class=MiniDateRangeItem]/rangeDialog/rangeForm/item[name=HCT_DT||title=HCT_DT||index=0||Class=DateRangeItem]/dateRangeForm/item[name=fromField||title=From||index=0||Class=RelativeDateItem]/editor/item[name=valueField||title=valueField||index=0||Class=ComboBoxItem]/pickList/body/row[valueField=%24yesterday||1]/col[fieldName=valueField||0]]]></target>
	<value><![CDATA[]]></value>
</selenese>
<selenese>
	<command>waitForElementClickable</command>
	<target><![CDATA[scLocator=//Portlet[ID="stressdatastg_cbvalsecwith_tab_0"]/item[0][Class="ListGrid"]/filterEditor/editRowForm/item[title=Hct.%20date||value=[object Object]||index=6||Class=MiniDateRangeItem]/rangeDialog/okButton/]]></target>
	<value><![CDATA[]]></value>
</selenese>
<selenese>
	<command>click</command>
	<target><![CDATA[scLocator=//Portlet[ID="stressdatastg_cbvalsecwith_tab_0"]/item[0][Class="ListGrid"]/filterEditor/editRowForm/item[title=Hct.%20date||value=[object Object]||index=6||Class=MiniDateRangeItem]/rangeDialog/okButton/]]></target>
	<value><![CDATA[]]></value>
</selenese>
<selenese>
	<command>waitForElementClickable</command>
	<target><![CDATA[scLocator=//Portlet[ID="stressdatastg_cbvalsecwith_tab_0"]/item[0][Class="ListGrid"]/filterEditor/editRowForm/item[title=Hct.%20date||value=[object Object]||index=6||Class=MiniDateRangeItem]/[icon="showDateRange"]]]></target>
	<value><![CDATA[]]></value>
</selenese>
<selenese>
	<command>sendKeys</command>
	<target><![CDATA[scLocator=//Portlet[ID="stressdatastg_cbvalsecwith_tab_0"]/item[0][Class="ListGrid"]/filterEditor/editRowForm/item[title=Hct.%20date||value=[object Object]||index=6||Class=MiniDateRangeItem]/[icon="showDateRange"]]]></target>
	<value><![CDATA[${KEY_ENTER}]]></value>
</selenese>
<selenese>
	<command>waitForElementClickable</command>
	<target><![CDATA[scLocator=//Portlet[ID="stressdatastg_cbvalsecwith_tab_0"]/item[0][Class="ListGrid"]/filterEditor/editRowForm/item[title=Hct.%20date||value=[object Object]||index=6||Class=MiniDateRangeItem]/rangeDialog/closeButton/]]></target>
	<value><![CDATA[]]></value>
</selenese>
<selenese>
	<command>click</command>
	<target><![CDATA[scLocator=//Portlet[ID="stressdatastg_cbvalsecwith_tab_0"]/item[0][Class="ListGrid"]/filterEditor/editRowForm/item[title=Hct.%20date||value=[object Object]||index=6||Class=MiniDateRangeItem]/rangeDialog/closeButton/]]></target>
	<value><![CDATA[]]></value>
</selenese>
<selenese>
	<command>waitForElementClickable</command>
	<target><![CDATA[scLocator=//Portlet[ID="stressdatastg_cbvalsecwith_tab_0"]/item[0][Class="ListGrid"]/filterEditor/editRowForm/item[name=QUANTITY||title=Quantity||index=7||Class=MiniDateRangeItem]/textbox]]></target>
	<value><![CDATA[]]></value>
</selenese>
<selenese>
	<command>click</command>
	<target><![CDATA[scLocator=//Portlet[ID="stressdatastg_cbvalsecwith_tab_0"]/item[0][Class="ListGrid"]/filterEditor/editRowForm/item[name=QUANTITY||title=Quantity||index=7||Class=MiniDateRangeItem]/textbox]]></target>
	<value><![CDATA[]]></value>
</selenese>
<selenese>
	<command>waitForElementClickable</command>
	<target><![CDATA[scLocator=//ScreenSpan[ID="isc_EH_screenSpan"]/]]></target>
	<value><![CDATA[]]></value>
</selenese>
<selenese>
	<command>click</command>
	<target><![CDATA[scLocator=//ScreenSpan[ID="isc_EH_screenSpan"]/]]></target>
	<value><![CDATA[]]></value>
</selenese>
<selenese>
	<command>waitForElementClickable</command>
	<target><![CDATA[scLocator=//ScreenSpan[ID="isc_EH_screenSpan"]/]]></target>
	<value><![CDATA[]]></value>
</selenese>
<selenese>
	<command>click</command>
	<target><![CDATA[scLocator=//ScreenSpan[ID="isc_EH_screenSpan"]/]]></target>
	<value><![CDATA[]]></value>
</selenese>
<selenese>
	<command>waitForElementClickable</command>
	<target><![CDATA[scLocator=//Portlet[ID="stressdatastg_cbvalsecwith_tab_0"]/item[0][Class="ListGrid"]/filterEditor/editRowForm/item[name=QUANTITY||title=Quantity||index=7||Class=MiniDateRangeItem]/rangeDialog/cancelButton/]]></target>
	<value><![CDATA[]]></value>
</selenese>
<selenese>
	<command>click</command>
	<target><![CDATA[scLocator=//Portlet[ID="stressdatastg_cbvalsecwith_tab_0"]/item[0][Class="ListGrid"]/filterEditor/editRowForm/item[name=QUANTITY||title=Quantity||index=7||Class=MiniDateRangeItem]/rangeDialog/cancelButton/]]></target>
	<value><![CDATA[]]></value>
</selenese>
<selenese>
	<command>waitForElementClickable</command>
	<target><![CDATA[scLocator=//Portlet[ID="stressdatastg_cbvalsecwith_tab_0"]/item[0][Class="ListGrid"]/filterEditor/editRowForm/item[name=QUANTITY||title=Quantity||index=7||Class=MiniDateRangeItem]/[icon="showDateRange"]]]></target>
	<value><![CDATA[]]></value>
</selenese>
<selenese>
	<command>click</command>
	<target><![CDATA[scLocator=//Portlet[ID="stressdatastg_cbvalsecwith_tab_0"]/item[0][Class="ListGrid"]/filterEditor/editRowForm/item[name=QUANTITY||title=Quantity||index=7||Class=MiniDateRangeItem]/[icon="showDateRange"]]]></target>
	<value><![CDATA[]]></value>
</selenese>
<selenese>
	<command>waitForElementClickable</command>
	<target><![CDATA[scLocator=//Portlet[ID="stressdatastg_cbvalsecwith_tab_0"]/item[0][Class="ListGrid"]/filterEditor/editRowForm/item[name=QUANTITY||title=Quantity||index=7||Class=MiniDateRangeItem]/rangeDialog/rangeForm/item[name=QUANTITY||title=QUANTITY||index=0||Class=DateRangeItem]/dateRangeForm/item[name=fromField||title=From||index=0||Class=RelativeDateItem]/editor/item[name=iconPlaceholder||title=iconPlaceholder||index=2||Class=StaticTextItem]/[icon="chooserIcon"]]]></target>
	<value><![CDATA[]]></value>
</selenese>
<selenese>
	<command>click</command>
	<target><![CDATA[scLocator=//Portlet[ID="stressdatastg_cbvalsecwith_tab_0"]/item[0][Class="ListGrid"]/filterEditor/editRowForm/item[name=QUANTITY||title=Quantity||index=7||Class=MiniDateRangeItem]/rangeDialog/rangeForm/item[name=QUANTITY||title=QUANTITY||index=0||Class=DateRangeItem]/dateRangeForm/item[name=fromField||title=From||index=0||Class=RelativeDateItem]/editor/item[name=iconPlaceholder||title=iconPlaceholder||index=2||Class=StaticTextItem]/[icon="chooserIcon"]]]></target>
	<value><![CDATA[]]></value>
</selenese>
<selenese>
	<command>waitForElementClickable</command>
	<target><![CDATA[scLocator=//Portlet[ID="stressdatastg_cbvalsecwith_tab_0"]/item[0][Class="ListGrid"]/filterEditor/editRowForm/item[name=BCE_HCT||title=BCE%20Hct||index=5||Class=FloatItem]/element]]></target>
	<value><![CDATA[]]></value>
</selenese>
<selenese>
	<command>click</command>
	<target><![CDATA[scLocator=//Portlet[ID="stressdatastg_cbvalsecwith_tab_0"]/item[0][Class="ListGrid"]/filterEditor/editRowForm/item[name=BCE_HCT||title=BCE%20Hct||index=5||Class=FloatItem]/element]]></target>
	<value><![CDATA[]]></value>
</selenese>
<selenese>
	<command>waitForElementClickable</command>
	<target><![CDATA[scLocator=//Portlet[ID="stressdatastg_cbvalsecwith_tab_0"]/item[0][Class="ListGrid"]/filterEditor/editRowForm/item[name=BCE_HCT||title=BCE%20Hct||value=%3E0.1||index=5||Class=FloatItem]/element]]></target>
	<value><![CDATA[]]></value>
</selenese>
<selenese>
	<command>type</command>
	<target><![CDATA[scLocator=//Portlet[ID="stressdatastg_cbvalsecwith_tab_0"]/item[0][Class="ListGrid"]/filterEditor/editRowForm/item[name=BCE_HCT||title=BCE%20Hct||value=%3E0.1||index=5||Class=FloatItem]/element]]></target>
	<value><![CDATA[>0.1]]></value>
</selenese>
<selenese>
	<command>waitForElementClickable</command>
	<target><![CDATA[scLocator=//Portlet[ID="stressdatastg_cbvalsecwith_tab_0"]/item[0][Class="ListGrid"]/filterEditor/actionButton/icon]]></target>
	<value><![CDATA[]]></value>
</selenese>
<selenese>
	<command>click</command>
	<target><![CDATA[scLocator=//Portlet[ID="stressdatastg_cbvalsecwith_tab_0"]/item[0][Class="ListGrid"]/filterEditor/actionButton/icon]]></target>
	<value><![CDATA[]]></value>
</selenese>
<selenese>
	<command>waitForElementClickable</command>
	<target><![CDATA[scLocator=//Portlet[ID="stressdatastg_cbvalsecwith_tab_0"]/item[0][Class="ListGrid"]/headerMenuButton/]]></target>
	<value><![CDATA[]]></value>
</selenese>
<selenese>
	<command>click</command>
	<target><![CDATA[scLocator=//Portlet[ID="stressdatastg_cbvalsecwith_tab_0"]/item[0][Class="ListGrid"]/headerMenuButton/]]></target>
	<value><![CDATA[]]></value>
</selenese>
<selenese>
	<command>waitForElementClickable</command>
	<target><![CDATA[scLocator=//Portlet[ID="stressdatastg_cbvalsecwith_tab_0"]/item[0][Class="ListGrid"]/headerContextMenu[Class=Menu||index=0||length=1||classIndex=0||classLength=1||roleIndex=0||roleLength=1||scRole=menu]/body/row[title=Group%20by%20Calc.%20date||9]/col[fieldName=title||1]]]></target>
	<value><![CDATA[]]></value>
</selenese>
<selenese>
	<command>click</command>
	<target><![CDATA[scLocator=//Portlet[ID="stressdatastg_cbvalsecwith_tab_0"]/item[0][Class="ListGrid"]/headerContextMenu[Class=Menu||index=0||length=1||classIndex=0||classLength=1||roleIndex=0||roleLength=1||scRole=menu]/body/row[title=Group%20by%20Calc.%20date||9]/col[fieldName=title||1]]]></target>
	<value><![CDATA[]]></value>
</selenese>
<selenese>
	<command>waitForElementClickable</command>
	<target><![CDATA[scLocator=//Portlet[ID="stressdatastg_cbvalsecwith_tab_0"]/item[0][Class="ListGrid"]/headerMenuButton/]]></target>
	<value><![CDATA[]]></value>
</selenese>
<selenese>
	<command>click</command>
	<target><![CDATA[scLocator=//Portlet[ID="stressdatastg_cbvalsecwith_tab_0"]/item[0][Class="ListGrid"]/headerMenuButton/]]></target>
	<value><![CDATA[]]></value>
</selenese>
<selenese>
	<command>waitForElementClickable</command>
	<target><![CDATA[scLocator=//Portlet[ID="stressdatastg_cbvalsecwith_tab_0"]/item[0][Class="ListGrid"]/headerContextMenu[Class=Menu||index=0||length=1||classIndex=0||classLength=1||roleIndex=0||roleLength=1||scRole=menu]/body/row[title=Ungroup||10]/col[fieldName=title||1]]]></target>
	<value><![CDATA[]]></value>
</selenese>
<selenese>
	<command>click</command>
	<target><![CDATA[scLocator=//Portlet[ID="stressdatastg_cbvalsecwith_tab_0"]/item[0][Class="ListGrid"]/headerContextMenu[Class=Menu||index=0||length=1||classIndex=0||classLength=1||roleIndex=0||roleLength=1||scRole=menu]/body/row[title=Ungroup||10]/col[fieldName=title||1]]]></target>
	<value><![CDATA[]]></value>
</selenese>
<selenese>
	<command>waitForElementClickable</command>
	<target><![CDATA[scLocator=//Portlet[ID="stressdatastg_cbvalsecwith_tab_0"]/item[0][Class="ListGrid"]/headerMenuButton/]]></target>
	<value><![CDATA[]]></value>
</selenese>
<selenese>
	<command>click</command>
	<target><![CDATA[scLocator=//Portlet[ID="stressdatastg_cbvalsecwith_tab_0"]/item[0][Class="ListGrid"]/headerMenuButton/]]></target>
	<value><![CDATA[]]></value>
</selenese>
<selenese>
	<command>waitForElementClickable #FAIL: QUANTITY GROUPING</command>
	<target><![CDATA[scLocator=//Portlet[ID="stressdatastg_cbvalsecwith_tab_0"]/item[0][Class="ListGrid"]/headerContextMenu[Class=Menu||index=0||length=1||classIndex=0||classLength=1||roleIndex=0||roleLength=1||scRole=menu]/body/row[title=Group%20by%20Quantity||8]/col[fieldName=title||1]]]></target>
	<value><![CDATA[]]></value>
</selenese>
<selenese>
	<command>click #FAIL: QUANTITY GROUPING</command>
	<target><![CDATA[scLocator=//Portlet[ID="stressdatastg_cbvalsecwith_tab_0"]/item[0][Class="ListGrid"]/headerContextMenu[Class=Menu||index=0||length=1||classIndex=0||classLength=1||roleIndex=0||roleLength=1||scRole=menu]/body/row[title=Group%20by%20Quantity||8]/col[fieldName=title||1]]]></target>
	<value><![CDATA[]]></value>
</selenese>
</TestCase>