Suite/Test/Step Name,Browser,Description,Start time,End time,Duration,Status
Test Suite_ver2.60 - Firefox,Firefox 60.0,,2019-03-14 16:16:10,2019-03-14 16:23:43,7m - 33.295s,FAILED
,,,,,,
Test Cases/Imported from Selenium IDE Scripts/ver. 2.60/RU09 - Firefox/RU09-NUC01-T01,Firefox 60.0,PAMP -  Portfolio B. T.  Eq./Der. -  Member Results - View,2019-03-14 16:16:11,2019-03-14 16:17:15,1m - 4.603s,PASSED
"Comment - ""----------------------------------------------------""",Firefox 60.0,,2019-03-14 16:16:13,2019-03-14 16:16:13,0.000s,PASSED
"Comment - ""This test case script is generated by Katalon Studio""",Firefox 60.0,,2019-03-14 16:16:13,2019-03-14 16:16:13,0.005s,PASSED
"Comment - ""Generated date: 09-Oct-2018 09:59:22 AM""",Firefox 60.0,,2019-03-14 16:16:13,2019-03-14 16:16:13,0.000s,PASSED
"Comment - ""File path: H:\Desktop\PAMP_2.58a\PAMP_2.58a\CdT\RUN_1\RU09\RU09-NUC01-T01.rctest""",Firefox 60.0,,2019-03-14 16:16:13,2019-03-14 16:16:13,0.000s,PASSED
"Comment - ""Generated by: masspetracca@gmail.com""",Firefox 60.0,,2019-03-14 16:16:13,2019-03-14 16:16:13,0.040s,PASSED
openBrowser,Firefox 60.0,----------------------------------------------------,2019-03-14 16:16:13,2019-03-14 16:16:33,19.313s,PASSED
navigateToUrl,Firefox 60.0,TC >> RU09-NUC01-T01.rctest,2019-03-14 16:16:33,2019-03-14 16:16:33,0.511s,PASSED
setText,Firefox 60.0,,2019-03-14 16:16:33,2019-03-14 16:16:33,0.179s,PASSED
setText,Firefox 60.0,,2019-03-14 16:16:33,2019-03-14 16:16:33,0.096s,PASSED
click,Firefox 60.0,,2019-03-14 16:16:34,2019-03-14 16:16:43,9.870s,PASSED
navigateToUrl,Firefox 60.0,,2019-03-14 16:16:43,2019-03-14 16:16:54,10.551s,PASSED
click,Firefox 60.0,,2019-03-14 16:16:54,2019-03-14 16:16:55,0.697s,PASSED
click,Firefox 60.0,,2019-03-14 16:16:55,2019-03-14 16:16:55,0.325s,PASSED
click,Firefox 60.0,,2019-03-14 16:16:55,2019-03-14 16:17:07,12.266s,PASSED
click,Firefox 60.0,,2019-03-14 16:17:07,2019-03-14 16:17:09,1.607s,PASSED
click,Firefox 60.0,,2019-03-14 16:17:09,2019-03-14 16:17:09,0.583s,PASSED
click,Firefox 60.0,,2019-03-14 16:17:09,2019-03-14 16:17:10,1.032s,PASSED
closeBrowser,Firefox 60.0,,2019-03-14 16:17:10,2019-03-14 16:17:13,2.868s,PASSED
,,,,,,
Test Cases/Imported from Selenium IDE Scripts/ver. 2.60/RU09 - Firefox/RU09-NUC01-T02,Firefox 60.0,PAMP -  Portfolio B. T.  Eq./Der. -  Member Results - Filters,2019-03-14 16:17:15,2019-03-14 16:18:24,1m - 8.362s,FAILED
"Comment - ""----------------------------------------------------""",Firefox 60.0,,2019-03-14 16:17:16,2019-03-14 16:17:16,0.000s,PASSED
"Comment - ""This test case script is generated by Katalon Studio""",Firefox 60.0,,2019-03-14 16:17:16,2019-03-14 16:17:16,0.001s,PASSED
"Comment - ""Generated date: 09-Oct-2018 09:59:22 AM""",Firefox 60.0,,2019-03-14 16:17:16,2019-03-14 16:17:16,0.001s,PASSED
"Comment - ""File path: H:\Desktop\PAMP_2.58a\PAMP_2.58a\CdT\RUN_1\RU09\RU09-NUC01-T02.rctest""",Firefox 60.0,,2019-03-14 16:17:16,2019-03-14 16:17:16,0.001s,PASSED
"Comment - ""Generated by: masspetracca@gmail.com""",Firefox 60.0,,2019-03-14 16:17:16,2019-03-14 16:17:16,0.000s,PASSED
openBrowser,Firefox 60.0,----------------------------------------------------,2019-03-14 16:17:16,2019-03-14 16:17:26,9.631s,PASSED
navigateToUrl,Firefox 60.0,TC >> RU09-NUC01-T02.rctest,2019-03-14 16:17:26,2019-03-14 16:17:26,0.780s,PASSED
setText,Firefox 60.0,,2019-03-14 16:17:26,2019-03-14 16:17:27,0.154s,PASSED
setText,Firefox 60.0,,2019-03-14 16:17:27,2019-03-14 16:17:28,1.408s,PASSED
click,Firefox 60.0,,2019-03-14 16:17:28,2019-03-14 16:17:38,9.611s,PASSED
navigateToUrl,Firefox 60.0,,2019-03-14 16:17:38,2019-03-14 16:17:48,10.739s,PASSED
click,Firefox 60.0,,2019-03-14 16:17:48,2019-03-14 16:17:49,0.638s,PASSED
click,Firefox 60.0,,2019-03-14 16:17:49,2019-03-14 16:17:49,0.264s,PASSED
click,Firefox 60.0,,2019-03-14 16:17:49,2019-03-14 16:18:18,28.638s,PASSED
click,Firefox 60.0,,2019-03-14 16:18:18,2019-03-14 16:18:18,0.444s,PASSED
click,Firefox 60.0,,2019-03-14 16:18:18,2019-03-14 16:18:20,2.089s,PASSED
click,Firefox 60.0,,2019-03-14 16:18:20,2019-03-14 16:18:22,1.053s,FAILED
,,,,,,
Test Cases/Imported from Selenium IDE Scripts/ver. 2.60/RU09 - Firefox/RU09-NUC01-T03,Firefox 60.0,PAMP -  Portfolio B. T.  Eq./Der. -  Member Results - Grouping,2019-03-14 16:18:24,2019-03-14 16:19:53,1m - 28.712s,PASSED
"Comment - ""----------------------------------------------------""",Firefox 60.0,,2019-03-14 16:18:24,2019-03-14 16:18:24,0.001s,PASSED
"Comment - ""This test case script is generated by Katalon Studio""",Firefox 60.0,,2019-03-14 16:18:24,2019-03-14 16:18:24,0.000s,PASSED
"Comment - ""Generated date: 09-Oct-2018 09:59:22 AM""",Firefox 60.0,,2019-03-14 16:18:24,2019-03-14 16:18:24,0.000s,PASSED
"Comment - ""File path: H:\Desktop\PAMP_2.58a\PAMP_2.58a\CdT\RUN_1\RU09\RU09-NUC01-T03.rctest""",Firefox 60.0,,2019-03-14 16:18:24,2019-03-14 16:18:24,0.000s,PASSED
"Comment - ""Generated by: masspetracca@gmail.com""",Firefox 60.0,,2019-03-14 16:18:24,2019-03-14 16:18:24,0.000s,PASSED
openBrowser,Firefox 60.0,----------------------------------------------------,2019-03-14 16:18:24,2019-03-14 16:18:37,12.670s,PASSED
navigateToUrl,Firefox 60.0,TC >> RU09-NUC01-T03.rctest,2019-03-14 16:18:37,2019-03-14 16:18:38,0.496s,PASSED
setText,Firefox 60.0,,2019-03-14 16:18:38,2019-03-14 16:18:38,0.100s,PASSED
setText,Firefox 60.0,,2019-03-14 16:18:38,2019-03-14 16:18:38,0.085s,PASSED
click,Firefox 60.0,,2019-03-14 16:18:38,2019-03-14 16:18:48,10.145s,PASSED
navigateToUrl,Firefox 60.0,,2019-03-14 16:18:48,2019-03-14 16:19:00,11.754s,PASSED
click,Firefox 60.0,,2019-03-14 16:19:00,2019-03-14 16:19:01,0.869s,PASSED
click,Firefox 60.0,,2019-03-14 16:19:01,2019-03-14 16:19:01,0.251s,PASSED
click,Firefox 60.0,,2019-03-14 16:19:01,2019-03-14 16:19:45,44.376s,PASSED
click,Firefox 60.0,,2019-03-14 16:19:45,2019-03-14 16:19:46,0.813s,PASSED
click,Firefox 60.0,,2019-03-14 16:19:46,2019-03-14 16:19:48,1.619s,PASSED
closeBrowser,Firefox 60.0,,2019-03-14 16:19:48,2019-03-14 16:19:50,2.712s,PASSED
,,,,,,
Test Cases/Imported from Selenium IDE Scripts/ver. 2.60/RU09 - Firefox/RU09-NUC02-T01,Firefox 60.0,PAMP -  Portfolio B. T.  Eq./Der. -  Member Results - View,2019-03-14 16:19:53,2019-03-14 16:20:29,36.021s,PASSED
"Comment - ""----------------------------------------------------""",Firefox 60.0,,2019-03-14 16:19:53,2019-03-14 16:19:53,0.037s,PASSED
"Comment - ""This test case script is generated by Katalon Studio""",Firefox 60.0,,2019-03-14 16:19:53,2019-03-14 16:19:53,0.000s,PASSED
"Comment - ""Generated date: 09-Oct-2018 09:59:22 AM""",Firefox 60.0,,2019-03-14 16:19:53,2019-03-14 16:19:53,0.000s,PASSED
"Comment - ""File path: H:\Desktop\PAMP_2.58a\PAMP_2.58a\CdT\RUN_1\RU09\RU09-NUC02-T01.rctest""",Firefox 60.0,,2019-03-14 16:19:53,2019-03-14 16:19:53,0.001s,PASSED
"Comment - ""Generated by: masspetracca@gmail.com""",Firefox 60.0,,2019-03-14 16:19:53,2019-03-14 16:19:53,0.000s,PASSED
openBrowser,Firefox 60.0,----------------------------------------------------,2019-03-14 16:19:53,2019-03-14 16:20:05,11.913s,PASSED
navigateToUrl,Firefox 60.0,TC >> RU09-NUC02-T01.rctest,2019-03-14 16:20:05,2019-03-14 16:20:06,0.548s,PASSED
setText,Firefox 60.0,,2019-03-14 16:20:06,2019-03-14 16:20:07,1.070s,PASSED
setText,Firefox 60.0,,2019-03-14 16:20:07,2019-03-14 16:20:07,0.102s,PASSED
click,Firefox 60.0,,2019-03-14 16:20:07,2019-03-14 16:20:17,10.030s,PASSED
navigateToUrl,Firefox 60.0,,2019-03-14 16:20:17,2019-03-14 16:20:17,0.066s,PASSED
click,Firefox 60.0,,2019-03-14 16:20:17,2019-03-14 16:20:19,2.316s,PASSED
click,Firefox 60.0,,2019-03-14 16:20:19,2019-03-14 16:20:20,0.614s,PASSED
click,Firefox 60.0,,2019-03-14 16:20:20,2019-03-14 16:20:20,0.446s,PASSED
click,Firefox 60.0,,2019-03-14 16:20:20,2019-03-14 16:20:20,0.301s,PASSED
click,Firefox 60.0,,2019-03-14 16:20:20,2019-03-14 16:20:23,2.380s,PASSED
closeBrowser,Firefox 60.0,,2019-03-14 16:20:23,2019-03-14 16:20:26,3.640s,PASSED
,,,,,,
Test Cases/Imported from Selenium IDE Scripts/ver. 2.60/RU09 - Firefox/RU09-NUC02-T02,Firefox 60.0,PAMP -  Portfolio B. T.  Eq./Der. -  Member Results - Filters,2019-03-14 16:20:29,2019-03-14 16:22:08,1m - 39.250s,FAILED
"Comment - ""----------------------------------------------------""",Firefox 60.0,,2019-03-14 16:20:29,2019-03-14 16:20:29,0.001s,PASSED
"Comment - ""This test case script is generated by Katalon Studio""",Firefox 60.0,,2019-03-14 16:20:29,2019-03-14 16:20:29,0.000s,PASSED
"Comment - ""Generated date: 09-Oct-2018 09:59:22 AM""",Firefox 60.0,,2019-03-14 16:20:29,2019-03-14 16:20:29,0.000s,PASSED
"Comment - ""File path: H:\Desktop\PAMP_2.58a\PAMP_2.58a\CdT\RUN_1\RU09\RU09-NUC02-T02.rctest""",Firefox 60.0,,2019-03-14 16:20:29,2019-03-14 16:20:29,0.000s,PASSED
"Comment - ""Generated by: masspetracca@gmail.com""",Firefox 60.0,,2019-03-14 16:20:29,2019-03-14 16:20:29,0.000s,PASSED
"Comment - ""----------------------------------------------------""",Firefox 60.0,,2019-03-14 16:20:29,2019-03-14 16:20:29,0.000s,PASSED
"Comment - ""TC >> RU09-NUC02-T02.rctest""",Firefox 60.0,,2019-03-14 16:20:29,2019-03-14 16:20:29,0.000s,PASSED
"Comment - ""----------------------------------------------------""",Firefox 60.0,,2019-03-14 16:20:29,2019-03-14 16:20:29,0.000s,PASSED
"Comment - ""This test case script is generated by Katalon Studio""",Firefox 60.0,,2019-03-14 16:20:29,2019-03-14 16:20:29,0.000s,PASSED
"Comment - ""Generated date: 09-Oct-2018 09:59:22 AM""",Firefox 60.0,,2019-03-14 16:20:29,2019-03-14 16:20:29,0.013s,PASSED
"Comment - ""File path: H:\Desktop\PAMP_2.58a\PAMP_2.58a\CdT\RUN_1\RU09\RU09-NUC02-T02.rctest""",Firefox 60.0,,2019-03-14 16:20:29,2019-03-14 16:20:29,0.002s,PASSED
"Comment - ""Generated by: masspetracca@gmail.com""",Firefox 60.0,,2019-03-14 16:20:29,2019-03-14 16:20:29,0.002s,PASSED
openBrowser,Firefox 60.0,----------------------------------------------------,2019-03-14 16:20:29,2019-03-14 16:20:40,10.521s,PASSED
navigateToUrl,Firefox 60.0,TC >> RU09-NUC02-T02.rctest,2019-03-14 16:20:40,2019-03-14 16:20:40,0.824s,PASSED
setText,Firefox 60.0,,2019-03-14 16:20:40,2019-03-14 16:20:41,0.227s,PASSED
setText,Firefox 60.0,,2019-03-14 16:20:41,2019-03-14 16:20:41,0.118s,PASSED
click,Firefox 60.0,,2019-03-14 16:20:41,2019-03-14 16:20:51,10.707s,PASSED
navigateToUrl,Firefox 60.0,,2019-03-14 16:20:51,2019-03-14 16:20:52,0.220s,PASSED
click,Firefox 60.0,,2019-03-14 16:20:52,2019-03-14 16:20:54,2.780s,PASSED
click,Firefox 60.0,,2019-03-14 16:20:54,2019-03-14 16:20:55,0.311s,PASSED
click,Firefox 60.0,,2019-03-14 16:20:55,2019-03-14 16:20:57,1.900s,PASSED
click,Firefox 60.0,,2019-03-14 16:20:57,2019-03-14 16:22:06,1m - 8.959s,FAILED
,,,,,,
Test Cases/Imported from Selenium IDE Scripts/ver. 2.60/RU09 - Firefox/RU09-NUC02-T03,Firefox 60.0,PAMP -  Portfolio B. T.  Eq./Der. -  Member Results - Grouping,2019-03-14 16:22:08,2019-03-14 16:22:10,2.641s,FAILED
"Comment - ""----------------------------------------------------""",Firefox 60.0,,2019-03-14 16:22:08,2019-03-14 16:22:08,0.001s,PASSED
"Comment - ""This test case script is generated by Katalon Studio""",Firefox 60.0,,2019-03-14 16:22:08,2019-03-14 16:22:08,0.000s,PASSED
"Comment - ""Generated date: 09-Oct-2018 09:59:22 AM""",Firefox 60.0,,2019-03-14 16:22:08,2019-03-14 16:22:08,0.000s,PASSED
"Comment - ""File path: H:\Desktop\PAMP_2.58a\PAMP_2.58a\CdT\RUN_1\RU09\RU09-NUC02-T03.rctest""",Firefox 60.0,,2019-03-14 16:22:08,2019-03-14 16:22:08,0.000s,PASSED
"Comment - ""Generated by: masspetracca@gmail.com""",Firefox 60.0,,2019-03-14 16:22:08,2019-03-14 16:22:08,0.000s,PASSED
openBrowser,Firefox 60.0,----------------------------------------------------,2019-03-14 16:22:08,2019-03-14 16:22:08,0.171s,FAILED
,,,,,,
Test Cases/Imported from Selenium IDE Scripts/ver. 2.60/RU09 - Firefox/RU09-NUC03-T01,Firefox 60.0,PAMP -  Portfolio B. T.  Bo. -  Settings,2019-03-14 16:22:10,2019-03-14 16:22:58,47.299s,FAILED
"Comment - ""----------------------------------------------------""",Firefox 60.0,,2019-03-14 16:22:11,2019-03-14 16:22:11,0.001s,PASSED
"Comment - ""This test case script is generated by Katalon Studio""",Firefox 60.0,,2019-03-14 16:22:11,2019-03-14 16:22:11,0.000s,PASSED
"Comment - ""Generated date: 09-Oct-2018 09:59:22 AM""",Firefox 60.0,,2019-03-14 16:22:11,2019-03-14 16:22:11,0.001s,PASSED
"Comment - ""File path: H:\Desktop\PAMP_2.58a\PAMP_2.58a\CdT\RUN_1\RU09\RU09-NUC03-T01.rctest""",Firefox 60.0,,2019-03-14 16:22:11,2019-03-14 16:22:11,0.001s,PASSED
"Comment - ""Generated by: masspetracca@gmail.com""",Firefox 60.0,,2019-03-14 16:22:11,2019-03-14 16:22:11,0.001s,PASSED
openBrowser,Firefox 60.0,----------------------------------------------------,2019-03-14 16:22:11,2019-03-14 16:22:22,11.138s,PASSED
navigateToUrl,Firefox 60.0,TC >> RU09-NUC03-T01.rctest,2019-03-14 16:22:22,2019-03-14 16:22:23,0.558s,PASSED
setText,Firefox 60.0,,2019-03-14 16:22:23,2019-03-14 16:22:23,0.078s,PASSED
setText,Firefox 60.0,,2019-03-14 16:22:23,2019-03-14 16:22:23,0.123s,PASSED
click,Firefox 60.0,,2019-03-14 16:22:23,2019-03-14 16:22:33,10.429s,PASSED
navigateToUrl,Firefox 60.0,,2019-03-14 16:22:33,2019-03-14 16:22:34,0.215s,PASSED
click,Firefox 60.0,,2019-03-14 16:22:34,2019-03-14 16:22:36,1.985s,PASSED
click,Firefox 60.0,,2019-03-14 16:22:36,2019-03-14 16:22:56,20.080s,FAILED
,,,,,,
Test Cases/Imported from Selenium IDE Scripts/ver. 2.60/RU09 - Firefox/RU09-NUC04-T01,Firefox 60.0,PAMP -  Portfolio B. T.  Bo. -  Settings,2019-03-14 16:22:58,2019-03-14 16:23:01,3.058s,FAILED
"Comment - ""----------------------------------------------------""",Firefox 60.0,,2019-03-14 16:22:58,2019-03-14 16:22:58,0.001s,PASSED
"Comment - ""This test case script is generated by Katalon Studio""",Firefox 60.0,,2019-03-14 16:22:58,2019-03-14 16:22:58,0.001s,PASSED
"Comment - ""Generated date: 09-Oct-2018 09:59:22 AM""",Firefox 60.0,,2019-03-14 16:22:58,2019-03-14 16:22:58,0.000s,PASSED
"Comment - ""File path: H:\Desktop\PAMP_2.58a\PAMP_2.58a\CdT\RUN_1\RU09\RU09-NUC04-T01.rctest""",Firefox 60.0,,2019-03-14 16:22:58,2019-03-14 16:22:58,0.000s,PASSED
"Comment - ""Generated by: masspetracca@gmail.com""",Firefox 60.0,,2019-03-14 16:22:58,2019-03-14 16:22:58,0.000s,PASSED
openBrowser,Firefox 60.0,----------------------------------------------------,2019-03-14 16:22:58,2019-03-14 16:22:59,0.471s,FAILED
,,,,,,
Test Cases/Imported from Selenium IDE Scripts/ver. 2.60/RU09 - Firefox/RU09-NUC05-T01,Firefox 60.0,PAMP -  Portfolio B. T.  Bo. -  Settings,2019-03-14 16:23:01,2019-03-14 16:23:40,39.509s,FAILED
"Comment - ""----------------------------------------------------""",Firefox 60.0,,2019-03-14 16:23:01,2019-03-14 16:23:01,0.015s,PASSED
"Comment - ""This test case script is generated by Katalon Studio""",Firefox 60.0,,2019-03-14 16:23:01,2019-03-14 16:23:01,0.000s,PASSED
"Comment - ""Generated date: 09-Oct-2018 09:59:22 AM""",Firefox 60.0,,2019-03-14 16:23:01,2019-03-14 16:23:01,0.001s,PASSED
"Comment - ""File path: H:\Desktop\PAMP_2.58a\PAMP_2.58a\CdT\RUN_1\RU09\RU09-NUC05-T01.rctest""",Firefox 60.0,,2019-03-14 16:23:01,2019-03-14 16:23:01,0.001s,PASSED
"Comment - ""Generated by: masspetracca@gmail.com""",Firefox 60.0,,2019-03-14 16:23:01,2019-03-14 16:23:01,0.001s,PASSED
openBrowser,Firefox 60.0,----------------------------------------------------,2019-03-14 16:23:01,2019-03-14 16:23:10,8.787s,PASSED
navigateToUrl,Firefox 60.0,TC >> RU09-NUC05-T01.rctest,2019-03-14 16:23:10,2019-03-14 16:23:11,0.826s,PASSED
setText,Firefox 60.0,,2019-03-14 16:23:11,2019-03-14 16:23:11,0.067s,PASSED
setText,Firefox 60.0,,2019-03-14 16:23:11,2019-03-14 16:23:11,0.120s,PASSED
click,Firefox 60.0,,2019-03-14 16:23:11,2019-03-14 16:23:21,9.564s,PASSED
navigateToUrl,Firefox 60.0,,2019-03-14 16:23:21,2019-03-14 16:23:21,0.095s,PASSED
click,Firefox 60.0,,2019-03-14 16:23:21,2019-03-14 16:23:38,17.502s,FAILED
,,,,,,
Test Cases/Imported from Selenium IDE Scripts/ver. 2.60/RU09 - Firefox/RU09-NUC06-T01,Firefox 60.0,PAMP -  Portfolio B. T.  Bo. -  Settings,2019-03-14 16:23:40,2019-03-14 16:23:43,2.701s,FAILED
"Comment - ""----------------------------------------------------""",Firefox 60.0,,2019-03-14 16:23:41,2019-03-14 16:23:41,0.001s,PASSED
"Comment - ""This test case script is generated by Katalon Studio""",Firefox 60.0,,2019-03-14 16:23:41,2019-03-14 16:23:41,0.000s,PASSED
"Comment - ""Generated date: 09-Oct-2018 09:59:22 AM""",Firefox 60.0,,2019-03-14 16:23:41,2019-03-14 16:23:41,0.000s,PASSED
"Comment - ""File path: H:\Desktop\PAMP_2.58a\PAMP_2.58a\CdT\RUN_1\RU09\RU09-NUC06-T01.rctest""",Firefox 60.0,,2019-03-14 16:23:41,2019-03-14 16:23:41,0.001s,PASSED
"Comment - ""Generated by: masspetracca@gmail.com""",Firefox 60.0,,2019-03-14 16:23:41,2019-03-14 16:23:41,0.001s,PASSED
openBrowser,Firefox 60.0,----------------------------------------------------,2019-03-14 16:23:41,2019-03-14 16:23:41,0.113s,FAILED
