<?xml version="1.0" encoding="UTF-8"?>
<!DOCTYPE hibernate-configuration PUBLIC "-//Hibernate/Hibernate Configuration DTD 3.0//EN" "http://hibernate.sourceforge.net/hibernate-configuration-3.0.dtd">

<hibernate-configuration>
<!-- 		<session-factory> -->
<!-- 			<property name="hibernate.connection.driver_class">com.mysql.jdbc.Driver</property> -->
<!-- 			<property name="hibernate.connection.url">jdbc:mysql://localhost:3306/test</property> -->
<!-- 			<property name="hibernate.connection.username">root</property> -->
<!-- 			<property name="hibernate.connection.password">root</property> -->
			
<!-- 			<property name="dialect">org.hibernate.dialect.MySQLDialect</property> -->
			
<!-- 			<property name="show_sql">true</property> -->
			
<!-- 			<property name="hbm2ddl.auto">update</property> -->
			
<!-- 			 <mapping class="com.Employee" />			 -->
		 
<!-- 		</session-factory> -->

        <session-factory>
			<property name="hibernate.connection.driver_class">com.ibm.as400.access.AS400JDBCDriver</property>
			<property name="hibernate.connection.url">jdbc:as400://10.0.10.230:10002/PAMPQA</property>
			<property name="hibernate.connection.username">PAMPQA</property>
			<property name="hibernate.connection.password">ndapc1pfc</property>
			
			<property name="dialect">org.hibernate.dialect.DB2400Dialect</property>
			
			<property name="show_sql">true</property>
			
			<property name="hbm2ddl.auto">read</property>
			
			 <mapping class="com.Employee" />			
		 
		</session-factory>


</hibernate-configuration>