@0;1;;;;;;;;;;;;;;;;;;
@A;2;;;;;;;;;;;;;;;=N4;=M4;=L4;
@B;3;RU06-NUC05-T03;;;;;;;;;;;;;3;Step;	Tipo;	Istruzioni(text);	Dati di input(Associated Data);	Risultati attesi(Expected Result);	Nome file esterno
@F;4;RU06-NUC05-T03;'20141125114547 ;1;[#INSERT#]Navigazione: viene acceduta la pagina la cui url risulta /TerrorismControlFrontEnd/login.jsp  ; ; ; ; ; ; ;RU06-NUC05-T03;4;P;	Attivit� Preliminari e/o Precondizioni	;L'utente accede al browser, viene richiamata la form di cui ad URL indicata;=F4;=P3
@F;5;RU06-NUC05-T03;'20141125114547 ;2; ; ; ; ; ; ; 
@F;6;RU06-NUC05-T03;'20141125114547 ;3; ;TreeGrid;- Antiterrorism List - Graphical User Interface (GUI) - Client static data update -- ; ; ; ;Stato Base: Attende la risposta dall^oggetto TreeGrid;RU06-NUC05-T03;6;1;	Stato Base;=L6;Si attende la risposta dall'applicazione;=CONCATENATE("Viene selezionato l^oggetto "|G6);;P;	1
@F;7;RU06-NUC05-T03;'20141125114547 ;4; ;TreeGrid; ; ; ; ;Navigazione: Invia la richiesta all^oggetto TreeGrid;RU06-NUC05-T03;7;1;Navigazione;=L7 ;=CONCATENATE("L'oggetto "|G7|" attende "|H7|", "|I7);Si attende la risposta dall'applicazione;;P;	1
@F;8;RU06-NUC05-T03;'20141125114547 ;5; ;ListGrid; ; ; ; ;Stato Base: Attende la risposta dall^oggetto  ListGrid;RU06-NUC05-T03;8;1;Navigazione;N.A.;N.A.;=P3
@F;9;RU06-NUC05-T03;'20141125114547 ;6; ; ;ator=//Menu[level=0]/body/row[title=Addasforcedpositivematch; ; ; ;Stato Base: Attende la risposta dall^oggetto  , ator=//Menu[level=0]/body/row[title=Addasforcedpositivematch;RU06-NUC05-T03;9;2; Azione	;;Riferimenti: file 000811_COL_basedati_1.0.xls	;L'applicazione attende la risposta dal sistema  (HTTP  - waiting for response)
@F;10;RU06-NUC05-T03;'20141125114547 ;7; ; ;ator=//Menu[level=0]/body/row[title=Addasforcedpositivematch; ; ; ;Navigazione: Invia la richiesta all^oggetto  , ator=//Menu[level=0]/body/row[title=Addasforcedpositivematch;RU06-NUC05-T03;10;3;	Navigazione;	;=CONCATENATE("Effettua la funzionalita^"|M10)
@F;11;RU06-NUC05-T03;'20141125114547 ;8; ;ListGrid; ; ; ; ;Stato Base: Attende la risposta dall^oggetto  ListGrid
@F;12;RU06-NUC05-T03;'20141125114547 ;9; ;ListGrid; ; ; ; ;Navigazione: Invia la richiesta all^oggetto  ListGrid;RU06-NUC05-T03;12;1;	Navigazione;=L12 ;=CONCATENATE("L'oggetto "|G12|" attende "|H12|", "|I12);=CONCATENATE("Viene selezionato l^oggetto "|G12);;P;	1
@F;13;RU06-NUC05-T03;'20141125114547 ;10; ;ListGrid; ; ; ; ;Stato Base: Attende la risposta dall^oggetto  ListGrid;RU06-NUC05-T03;13;1;Stato Base;=L13;Si attende la risposta dall'applicazione;Si attende la risposta dall'applicazione;;P;	1
@F;14;RU06-NUC05-T03;'20141125114547 ;11; ; ;ator=//Menu[level=0]/body/row[title=Addasforcedpositivematch; ; ; ;Stato Base: Attende la risposta dall^oggetto  , ator=//Menu[level=0]/body/row[title=Addasforcedpositivematch;RU06-NUC05-T03;14;1;Stato Base;=L14;Si attende la risposta dall'applicazione;Si attende la risposta dall'applicazione;;P;	1
@F;15;RU06-NUC05-T03;'20141125114547 ;12; ; ;ator=//Menu[level=0]/body/row[title=Addasforcedpositivematch; ; ; ;Navigazione: Invia la richiesta all^oggetto  , ator=//Menu[level=0]/body/row[title=Addasforcedpositivematch;RU06-NUC05-T03;15;1;	Navigazione;=L15 ;=CONCATENATE("L'oggetto "|G15|" attende "|H15|", "|I15);=CONCATENATE("Viene selezionato l^oggetto "|G15);;P;	1
@F;16;RU06-NUC05-T03;'20141125114547 ;13; ;DynamicForm;ength=1]/item[title=AggregationId; ; ; ;Stato Base: Attende la risposta dall^oggetto WindowDynamicForm, ength=1]/item[title=AggregationId;RU06-NUC05-T03;16;1;Stato Base;=L16;Si attende la risposta dall'applicazione;Si attende la risposta dall'applicazione;;P;	1
@F;17;RU06-NUC05-T03;'20141125114547 ;14; ;DynamicForm;ength=1]/item[title=AggregationId; ; ; ;Navigazione: Invia la richiesta all^oggetto WindowDynamicForm, ength=1]/item[title=AggregationId;RU06-NUC05-T03;17;1;	Navigazione;=L17 ;=CONCATENATE("L'oggetto "|G17|" attende "|H17|", "|I17);=CONCATENATE("Viene selezionato l^oggetto "|G17);;P;	1
@F;18;RU06-NUC05-T03;'20141125114547 ;15; ;ListGrid; ; ; ; ;Stato Base: Attende la risposta dall^oggetto  ListGrid;RU06-NUC05-T03;18;1;Stato Base;=L18;Si attende la risposta dall'applicazione;Si attende la risposta dall'applicazione;;P;	1
@F;19;RU06-NUC05-T03;'20141125114547 ;16; ;ListGrid; ; ; ; ;Navigazione: Invia la richiesta all^oggetto  ListGrid;RU06-NUC05-T03;19;1;	Navigazione;=L19 ;=CONCATENATE("L'oggetto "|G19|" attende "|H19|", "|I19);=CONCATENATE("Viene selezionato l^oggetto "|G19);;P;	1
@F;20;RU06-NUC05-T03;'20141125114547 ;17; ;ListGrid;Alias1; ; ; ;Stato Base: Attende la risposta dall^oggetto  ListGrid, Alias1;RU06-NUC05-T03;20;1;Stato Base;=L20;Si attende la risposta dall'applicazione;Si attende la risposta dall'applicazione;;P;	1
@F;21;RU06-NUC05-T03;'20141125114547 ;18; ;ListGrid;Alias2; ; ; ;Stato Base: Attende la risposta dall^oggetto  ListGrid, Alias2;RU06-NUC05-T03;21;1;Stato Base;=L21;Si attende la risposta dall'applicazione;Si attende la risposta dall'applicazione;;P;	1
@F;22;RU06-NUC05-T03;'20141125114547 ;19; ;ListGrid;Alias3; ; ; ;Stato Base: Attende la risposta dall^oggetto  ListGrid, Alias3;RU06-NUC05-T03;22;1;Stato Base;=L22;Si attende la risposta dall'applicazione;Si attende la risposta dall'applicazione;;P;	1
@F;23;RU06-NUC05-T03;'20141125114547 ;20; ;Button; ; ; ; ;Stato Base: Attende la risposta dall^oggetto Button;RU06-NUC05-T03;23;1;Stato Base;=L23;Si attende la risposta dall'applicazione;Si attende la risposta dall'applicazione;;P;	1
@F;24;RU06-NUC05-T03;'20141125114547 ;21; ;Button; ; ; ; ;Navigazione: Invia la richiesta all^oggetto Button;RU06-NUC05-T03;24;1;	Navigazione;=L24 ;=CONCATENATE("L'oggetto "|G24|" attende "|H24|", "|I24);=CONCATENATE("Viene selezionato l^oggetto "|G24);;P;	1
@F;25;RU06-NUC05-T03;'20141125114547 ;22; ; ; ; ; ; ;Stato Base: Attende la risposta dall^oggetto  ;RU06-NUC05-T03;25;1;Stato Base;=L25;Si attende la risposta dall'applicazione;Si attende la risposta dall'applicazione;;P;	1
