Suite/Test/Step Name,Browser,Description,Start time,End time,Duration,Status
Tsuite_ver02-firefox,Firefox 60.0,,2019-05-30 09:12:48,2019-05-30 09:13:33,45.035s,PASSED
,,,,,,
Test Cases/ver 0.2Q/ver 0.2Q-firefox/RU07-SENSITIVITYTEST/RU07-NUC01-T01,Firefox 60.0,RU07-NUC01-T01 -Sv. Test - Sv. T. Member Statistics - view,2019-05-30 09:12:49,2019-05-30 09:13:07,17.831s,PASSED
"Comment - ""----------------------------------------------------""",Firefox 60.0,,2019-05-30 09:12:50,2019-05-30 09:12:50,0.003s,PASSED
"Comment - ""This test case script is generated by Katalon Studio""",Firefox 60.0,,2019-05-30 09:12:50,2019-05-30 09:12:50,0.004s,PASSED
"Comment - ""Generated date: 09-Oct-2018 09:59:22 AM""",Firefox 60.0,,2019-05-30 09:12:50,2019-05-30 09:12:50,0.002s,PASSED
"Comment - ""File path: H:\Desktop\PAMPCCPA_0.1\PAMPCCPA_0.1\CdT\RUN_2\RU07\RU07-NUC01-T01.rctest""",Firefox 60.0,,2019-05-30 09:12:50,2019-05-30 09:12:50,0.003s,PASSED
"Comment - ""Generated by: masspetracca@gmail.com""",Firefox 60.0,,2019-05-30 09:12:50,2019-05-30 09:12:50,0.020s,PASSED
openBrowser,Firefox 60.0,----------------------------------------------------,2019-05-30 09:12:50,2019-05-30 09:12:59,8.656s,PASSED
navigateToUrl,Firefox 60.0,TC >> RU07-NUC01-T01.rctest,2019-05-30 09:12:59,2019-05-30 09:12:59,0.374s,PASSED
setText,Firefox 60.0,,2019-05-30 09:12:59,2019-05-30 09:12:59,0.335s,PASSED
setText,Firefox 60.0,,2019-05-30 09:12:59,2019-05-30 09:13:00,0.260s,PASSED
click,Firefox 60.0,,2019-05-30 09:13:00,2019-05-30 09:13:06,5.987s,PASSED
navigateToUrl,Firefox 60.0,,2019-05-30 09:13:06,2019-05-30 09:13:06,0.045s,PASSED
closeBrowser,Firefox 60.0,,2019-05-30 09:13:06,2019-05-30 09:13:07,1.122s,PASSED
,,,,,,
Test Cases/ver 0.2Q/ver 0.2Q-firefox/RU07-SENSITIVITYTEST/RU07-NUC02-T01,Firefox 60.0,RU07-NUC02-T01 -Sv. Test - Sv. T. Instrument Statistics - view,2019-05-30 09:13:07,2019-05-30 09:13:20,12.865s,PASSED
"Comment - ""----------------------------------------------------""",Firefox 60.0,,2019-05-30 09:13:07,2019-05-30 09:13:07,0.004s,PASSED
"Comment - ""This test case script is generated by Katalon Studio""",Firefox 60.0,,2019-05-30 09:13:07,2019-05-30 09:13:07,0.003s,PASSED
"Comment - ""Generated date: 09-Oct-2018 09:59:22 AM""",Firefox 60.0,,2019-05-30 09:13:07,2019-05-30 09:13:07,0.001s,PASSED
"Comment - ""File path: H:\Desktop\PAMPCCPA_0.1\PAMPCCPA_0.1\CdT\RUN_2\RU07\RU07-NUC02-T01.rctest""",Firefox 60.0,,2019-05-30 09:13:07,2019-05-30 09:13:07,0.000s,PASSED
"Comment - ""Generated by: masspetracca@gmail.com""",Firefox 60.0,,2019-05-30 09:13:07,2019-05-30 09:13:07,0.001s,PASSED
openBrowser,Firefox 60.0,----------------------------------------------------,2019-05-30 09:13:07,2019-05-30 09:13:11,4.282s,PASSED
navigateToUrl,Firefox 60.0,TC >> RU07-NUC02-T01.rctest,2019-05-30 09:13:11,2019-05-30 09:13:12,0.374s,PASSED
setText,Firefox 60.0,,2019-05-30 09:13:12,2019-05-30 09:13:12,0.231s,PASSED
setText,Firefox 60.0,,2019-05-30 09:13:12,2019-05-30 09:13:12,0.202s,PASSED
click,Firefox 60.0,,2019-05-30 09:13:12,2019-05-30 09:13:18,6.277s,PASSED
navigateToUrl,Firefox 60.0,,2019-05-30 09:13:18,2019-05-30 09:13:19,0.097s,PASSED
closeBrowser,Firefox 60.0,,2019-05-30 09:13:19,2019-05-30 09:13:20,1.060s,PASSED
,,,,,,
Test Cases/ver 0.2Q/ver 0.2Q-firefox/RU07-SENSITIVITYTEST/RU07-NUC03-T01,Firefox 60.0,RU07-NUC03-T01 -Sv. Test - Sv. T. Settings - view,2019-05-30 09:13:20,2019-05-30 09:13:33,13.452s,PASSED
"Comment - ""----------------------------------------------------""",Firefox 60.0,,2019-05-30 09:13:20,2019-05-30 09:13:20,0.000s,PASSED
"Comment - ""This test case script is generated by Katalon Studio""",Firefox 60.0,,2019-05-30 09:13:20,2019-05-30 09:13:20,0.000s,PASSED
"Comment - ""Generated date: 09-Oct-2018 09:59:22 AM""",Firefox 60.0,,2019-05-30 09:13:20,2019-05-30 09:13:20,0.000s,PASSED
"Comment - ""File path: H:\Desktop\PAMPCCPA_0.1\PAMPCCPA_0.1\CdT\RUN_2\RU07\RU07-NUC03-T01.rctest""",Firefox 60.0,,2019-05-30 09:13:20,2019-05-30 09:13:20,0.000s,PASSED
"Comment - ""Generated by: masspetracca@gmail.com""",Firefox 60.0,,2019-05-30 09:13:20,2019-05-30 09:13:20,0.018s,PASSED
openBrowser,Firefox 60.0,----------------------------------------------------,2019-05-30 09:13:20,2019-05-30 09:13:26,6.166s,PASSED
navigateToUrl,Firefox 60.0,TC >> RU07-NUC03-T01.rctest,2019-05-30 09:13:26,2019-05-30 09:13:27,0.453s,PASSED
setText,Firefox 60.0,,2019-05-30 09:13:27,2019-05-30 09:13:27,0.154s,PASSED
setText,Firefox 60.0,,2019-05-30 09:13:27,2019-05-30 09:13:27,0.091s,PASSED
click,Firefox 60.0,,2019-05-30 09:13:27,2019-05-30 09:13:33,5.793s,PASSED
navigateToUrl,Firefox 60.0,,2019-05-30 09:13:33,2019-05-30 09:13:33,0.040s,PASSED
closeBrowser,Firefox 60.0,,2019-05-30 09:13:33,2019-05-30 09:13:33,0.446s,PASSED
