<!-- DataSource to support the BatchUploader component
     NOTE: This is not the DataSource resposible for performing the batch update of verified
           records, it is an internal resource used to handle the initial upload of the client-
           side file. The only time you would ever want to change this DataSource is if you wanted 
           a hook into the upload process (for security reasons, for example).  See the 
           BatchUploader documentation in the SmartClient reference.
-->

<DataSource ID="batchUpload">
    <operationBindings>
		<operationBinding operationType="update" requiresRole="admin"></operationBinding>
		<operationBinding operationType="delete" requiresRole="admin"></operationBinding>
		<operationBinding operationType="add" requiresRole="admin"></operationBinding>

        <operationBinding operationId="upload" operationType="update" requiresRole="admin" requiresAuthentication="true" serverMethod="batchUpload" >
            <serverObject ID="batchUpload" className="com.isomorphic.tools.BatchUpload" dropExtraFields="false">
                <visibleMethods>
                    <method name="batchUpload"/>
                </visibleMethods>
            </serverObject>
        </operationBinding>
        
    </operationBindings>
    
</DataSource>
