<DataSource  
    ID="hisPr"
    serverConstructor="com.isomorphic.jpa.JPADataSource"
    autoDeriveSchema="true"
    schemaBean="it.ccg.infoprovider.server.bean.entity.HistoricalPricesEntity"
>
<!-- autoDeriveSchema="true"   -->
	
	<fields>
	
        <!-- <field includeFrom="instr.instrumentName"/>  
        <field name="instr" hidden="true" foreignKey="instr.instrumentId"/>   -->
        
        <!-- <field name="id_instrumentId" valueXPath="id/instrumentId" javaClass="it.ccg.infoprovider.server.entity.HistoricalPricesEntityPK"/>
        <field name="id_priceTime" valueXPath="id/priceTime" javaClass="it.ccg.infoprovider.server.entity.HistoricalPricesEntityPK"/>
        <field name="id_priceDate" valueXPath="id/priceDate" javaClass="it.ccg.infoprovider.server.entity.HistoricalPricesEntityPK"/>
         -->
        <!-- <field name="closingPrice"/>
        <field name="parentFileId"/>
        <field name="status"/>
        <field name="updateDate"/>
        <field name="updateType"/>
        <field name="updatingUser"/> -->
        
        
		<field name="instrumentId" type="integer"/>
		<field name="priceDate"/>
        
    </fields>
	
		
    <serverObject lookupStyle="factory" className="it.ccg.infoprovider.smartgwt.server.dmi.BuiltInDmiCmtEAOFactory"/>
    
    
	<operationBindings>
	
		<binding operationId="fetch" operationType="fetch" serverMethod="fetch">
		
	    </binding>
	    
	    
   	</operationBindings>

	
</DataSource>