<DataSource  
    ID="hisPr.info"
>
	
	<fields>
	
		<field name="instrumentId" type="integer" filterOperator="equals"/>
		<field name="instrumentName" type="text" filterOperator="iContains"/>
		<field name="minPriceDate" type="text" filterOperator="iContains"/>
		<field name="maxPriceDate" type="text" filterOperator="iContains"/>
		<field name="count" type="integer" filterOperator="equals"/>
        
    </fields>
    
    
	<operationBindings>
	    
	    <binding operationId="fetchInfo" operationType="fetch" serverMethod="fetchInfo">
	    	<serverObject lookupStyle="factory" className="it.ccg.infoprovider.smartgwt.server.dmi.HisPrDmiEAOFactory"/>
	    </binding>
	    
   	</operationBindings>

	
</DataSource>