<DataSource  
    ID="hisPr.instrHis"
>
	
	<fields>
	
		<field name="priceDate" type="text" filterOperator="iContains"/>
		<field name="closingPrice" type="float" filterOperator="equals"/>
        
    </fields>
    
    
	<operationBindings>
	
		<binding operationId="fetchInstrHis" operationType="fetch" serverMethod="fetchInstrHis">
	    	<serverObject lookupStyle="factory" className="it.ccg.infoprovider.smartgwt.server.dmi.HisPrDmiEAOFactory"/>
	    </binding>
	
   	</operationBindings>

	
</DataSource>