<DataSource  
    ID="instr"
    serverConstructor="com.isomorphic.jpa.JPADataSource"
    autoDeriveSchema="true"  
    schemaBean="it.ccg.infoprovider.server.bean.entity.InstrumentsEntity"
>

	<fields>
		
		<field name="instrumentId"/>
		<field name="instrumentName"/>
		<field name="isinCode"/>
		<field name="classCode"/>
		<field name="reutersIdentifierCode"/>
		<field name="bloombergCode"/>
		<field name="instrumentType"/>
		<field name="instrumentSubtype"/>
		
		<field name="provider"/>
		
		<field name="status" width="100">
			<valueMap>  
				<value ID="E">Enabled</value>  
				<value ID="D">Disabled</value>
				<value ID="O">One shot</value>  
 			</valueMap> 
 		</field> 
	
		<field name="updateDate" required="false"/>
		<field name="updateType" required="false"/>
		<field name="updatingUser" required="false"/>
        
    </fields>


    <serverObject lookupStyle="factory" className="it.ccg.infoprovider.smartgwt.server.dmi.BuiltInDmiCmtEAOFactory"/>
    
    
	<operationBindings>
	
		<binding operationId="fetch" operationType="fetch" serverMethod="fetch">
		
	    </binding>
	    
	    <binding operationId="update" operationType="update" serverMethod="update">
			<serverObject lookupStyle="factory" className="it.ccg.infoprovider.smartgwt.server.dmi.InstrDmiEAOFactory"/>
	    </binding>
	    
   	</operationBindings>


	
</DataSource>