<DataSource  
    ID="log"
>

    <fields>
    	<field name="dateTime"      type="text"    width="150"     required="true"/>
    	<field name="type"          type="text"    width="100"     required="true"/>
    	<field name="classMethod"   type="text"    width="200"     required="true"/>
    	<field name="user"          type="text"    width="200"     required="true"/>
        <field name="message"       type="text"                    required="true"/>
    </fields>
    
    
    
    <serverObject lookupStyle="factory" className="it.ccg.infoprovider.smartgwt.server.dmi.LogDmiDAOFactory"/>
    
	<operationBindings>
	
		<binding operationId="fetch" operationType="custom" serverMethod="fetch">
		
	    </binding>
	
		<binding operationId="fetchLogNames" operationType="custom" serverMethod="fetchLogNames">
		
	    </binding>

	    
   	</operationBindings>
    
    
</DataSource>  