<DataSource  
    ID="timer"
>

    <fields>  
        <field name="name"          type="text"      length="200"  required="true"   primaryKey="true"/>
        
        <field name="isSingle"      type="boolean"                 required="true"   title="Single action" />  
        <field name="startDateTime" type="datetime"  length="200"  required="true"   dateFormatter="toLocaleString"/>  
        <field name="interval"      type="integer"   length="200"   />  
        <field name="provider"      type="enum"      length="200"  required="true"   >
        	<!-- <valueMap>
        		<value ID="B">Bloomberg</value>
				<value ID="R">Reuters</value> 
			</valueMap> -->
        </field>
        <field name="batchName"     type="enum"      length="200"  required="true"   >
        	<!-- <valueMap>
			</valueMap> -->
        </field>
    </fields>
    
    
    
    <serverObject lookupStyle="factory" className="it.ccg.infoprovider.smartgwt.server.dmi.TimerDmiDAOFactory"/>
    
	<operationBindings>
	
		<binding operationId="fetch" operationType="fetch" serverMethod="fetch">
		
	    </binding>
	    
	    <binding operationId="update" operationType="update" serverMethod="update">
		
	    </binding>
	    
	    <binding operationId="add" operationType="add" serverMethod="add">
		
	    </binding>
	    
	    <binding operationId="remove" operationType="remove" serverMethod="remove">
		
	    </binding>
	    
	    
	    
	    <binding operationId="removeAll" operationType="custom" serverMethod="removeAll">
		
	    </binding>
	    
	    
	    <binding operationId="fetchTimerTypes" operationType="custom" serverMethod="fetchTimerTypes">
		
	    </binding>
	    
	    <binding operationId="fetchBatches" operationType="custom" serverMethod="fetchBatches">
		
	    </binding>
	    
	    
   	</operationBindings>
    
    
</DataSource>  