Suite/Test/Step Name,Browser,Description,Start time,End time,Duration,Status
TSPamp1,Firefox 60.0,,2018-10-02 11:37:28,2018-10-02 11:37:51,23.237s,PASSED
,,,,,,
Test Cases/Imported from Selenium IDE Scripts/TSPamp1/TCPamp1,Firefox 60.0,,2018-10-02 11:37:29,2018-10-02 11:37:51,22.257s,PASSED
"Comment - ""----------------------------------------------------""",Firefox 60.0,,2018-10-02 11:37:29,2018-10-02 11:37:29,0.000s,PASSED
"Comment - ""This test case script is generated by Katalon Studio""",Firefox 60.0,,2018-10-02 11:37:29,2018-10-02 11:37:29,0.000s,PASSED
"Comment - ""Generated date: 01-Oct-2018 03:35:26 PM""",Firefox 60.0,,2018-10-02 11:37:29,2018-10-02 11:37:29,0.016s,PASSED
"Comment - ""File path: Z:\Team\Petracca\KatalonSuiteTestCases\TSPamp1.html""",Firefox 60.0,,2018-10-02 11:37:29,2018-10-02 11:37:29,0.000s,PASSED
"Comment - ""Generated by: masspetracca@gmail.com""",Firefox 60.0,,2018-10-02 11:37:29,2018-10-02 11:37:29,0.016s,PASSED
openBrowser,Firefox 60.0,----------------------------------------------------,2018-10-02 11:37:29,2018-10-02 11:37:40,10.228s,PASSED
navigateToUrl,Firefox 60.0,,2018-10-02 11:37:40,2018-10-02 11:37:40,0.535s,PASSED
setText,Firefox 60.0,,2018-10-02 11:37:40,2018-10-02 11:37:40,0.157s,PASSED
setEncryptedText,Firefox 60.0,,2018-10-02 11:37:40,2018-10-02 11:37:41,0.313s,PASSED
click,Firefox 60.0,,2018-10-02 11:37:41,2018-10-02 11:37:48,7.286s,PASSED
click,Firefox 60.0,,2018-10-02 11:37:48,2018-10-02 11:37:48,0.445s,PASSED
click,Firefox 60.0,,2018-10-02 11:37:48,2018-10-02 11:37:49,0.190s,PASSED
click,Firefox 60.0,,2018-10-02 11:37:49,2018-10-02 11:37:50,1.569s,PASSED
click,Firefox 60.0,,2018-10-02 11:37:50,2018-10-02 11:37:50,0.243s,PASSED
click,Firefox 60.0,,2018-10-02 11:37:50,2018-10-02 11:37:51,0.161s,PASSED
closeBrowser,Firefox 60.0,,2018-10-02 11:37:51,2018-10-02 11:37:51,0.311s,PASSED
