{"devicePlatform":"","logFolder":"C:\\Users\\mpetracc\\Katalon Studio\\KTPrJSelPamp\\Reports\\Imported from Selenium IDE Scripts\\TSPamp1\\20181002_113725","runData":{"hostName":"mpetracc - DP-CCG-VDESK10.lseg.stockex.local","os":"Windows 10 64bit","katalonVersion":"5.7.1.1","browser":"Firefox 60.0","hostAddress":"10.0.15.219","sessionId":"12a9f053-b595-4a23-8c00-36a1d8387878","seleniumVersion":"3.7.1","proxyInformation":"ProxyInformation{proxyOption\u003dUSE_SYSTEM, proxyServerType\u003dHTTP, password\u003d, proxyServerAddress\u003d, proxyServerPort\u003d0}","platform":"Windows 10"},"type":"TEST_SUITE","name":"TSPamp1","id":"Test Suites/Imported from Selenium IDE Scripts/TSPamp1","source":"","message":"Test Cases/Imported from Selenium IDE Scripts/TSPamp1/TCPamp1","description":"","startTime":1538473048155,"endTime":1538473071392,"childRecords":[{"isOptional":false,"type":"TEST_CASE","name":"Test Cases/Imported from Selenium IDE Scripts/TSPamp1/TCPamp1","id":"Test Cases/Imported from Selenium IDE Scripts/TSPamp1/TCPamp1","source":"C:\\\\Users\\\\mpetracc\\\\Katalon Studio\\\\KTPrJSelPamp\\\\Test Cases\\\\Imported from Selenium IDE Scripts\\\\TSPamp1\\\\TCPamp1.tc","message":"Test Cases/Imported from Selenium IDE Scripts/TSPamp1/TCPamp1","description":"","startTime":1538473049109,"endTime":1538473071366,"childRecords":[{"testStatus":{"stackTrace":"","statusValue":"INFO"},"type":"MESSAGE","name":"","message":"Evaluating variables for test case","startTime":1538473049172,"endTime":0,"childRecords":[],"interuppted":false},{"index":1,"isIgnoredIfFailed":false,"type":"TEST_STEP","name":"Comment - \"----------------------------------------------------\"","description":"","startTime":1538473049890,"endTime":1538473049890,"childRecords":[],"interuppted":false},{"index":2,"isIgnoredIfFailed":false,"type":"TEST_STEP","name":"Comment - \"This test case script is generated by Katalon Studio\"","description":"","startTime":1538473049890,"endTime":1538473049890,"childRecords":[],"interuppted":false},{"index":3,"isIgnoredIfFailed":false,"type":"TEST_STEP","name":"Comment - \"Generated date: 01-Oct-2018 03:35:26 PM\"","description":"","startTime":1538473049890,"endTime":1538473049906,"childRecords":[],"interuppted":false},{"index":4,"isIgnoredIfFailed":false,"type":"TEST_STEP","name":"Comment - \"File path: Z:\\Team\\Petracca\\KatalonSuiteTestCases\\TSPamp1.html\"","description":"","startTime":1538473049906,"endTime":1538473049906,"childRecords":[],"interuppted":false},{"index":5,"isIgnoredIfFailed":false,"type":"TEST_STEP","name":"Comment - \"Generated by: masspetracca@gmail.com\"","description":"","startTime":1538473049906,"endTime":1538473049922,"childRecords":[],"interuppted":false},{"index":6,"isIgnoredIfFailed":false,"type":"TEST_STEP","name":"openBrowser","message":"Browser is opened with url: \u0027\u0027","description":"----------------------------------------------------","startTime":1538473049922,"endTime":1538473060150,"childRecords":[{"testStatus":{"stackTrace":"","statusValue":"PASSED"},"type":"MESSAGE","name":"","message":"Browser is opened with url: \u0027\u0027","startTime":1538473060150,"endTime":0,"childRecords":[],"interuppted":false}],"interuppted":false},{"index":7,"isIgnoredIfFailed":false,"type":"TEST_STEP","name":"navigateToUrl","message":"Navigate to \u0027https://10.0.10.230:10084/PampWeb/login.jsp\u0027 successfully","description":"","startTime":1538473060151,"endTime":1538473060686,"childRecords":[{"testStatus":{"stackTrace":"","statusValue":"PASSED"},"type":"MESSAGE","name":"","message":"Navigate to \u0027https://10.0.10.230:10084/PampWeb/login.jsp\u0027 successfully","startTime":1538473060683,"endTime":0,"childRecords":[],"interuppted":false}],"interuppted":false},{"index":8,"isIgnoredIfFailed":false,"type":"TEST_STEP","name":"setText","message":"Text \u0027mpetracca\u0027 is set on object \u0027Object Repository/Page_CCG Portal/input_Username_j_username\u0027","description":"","startTime":1538473060686,"endTime":1538473060843,"childRecords":[{"testStatus":{"stackTrace":"","statusValue":"PASSED"},"type":"MESSAGE","name":"","message":"Text \u0027mpetracca\u0027 is set on object \u0027Object Repository/Page_CCG Portal/input_Username_j_username\u0027","startTime":1538473060842,"endTime":0,"childRecords":[],"interuppted":false}],"interuppted":false},{"index":9,"isIgnoredIfFailed":false,"type":"TEST_STEP","name":"setEncryptedText","message":"Text ****** has been set on object \u0027Object Repository/Page_CCG Portal/input_Password_j_password\u0027","description":"","startTime":1538473060844,"endTime":1538473061157,"childRecords":[{"testStatus":{"stackTrace":"","statusValue":"PASSED"},"type":"MESSAGE","name":"","message":"Text ****** has been set on object \u0027Object Repository/Page_CCG Portal/input_Password_j_password\u0027","startTime":1538473061157,"endTime":0,"childRecords":[],"interuppted":false}],"interuppted":false},{"index":10,"isIgnoredIfFailed":false,"type":"TEST_STEP","name":"click","message":"Object: \u0027Object Repository/Page_CCG Portal/input_Password_submitLabel\u0027 is clicked on","description":"","startTime":1538473061158,"endTime":1538473068444,"childRecords":[{"testStatus":{"stackTrace":"","statusValue":"PASSED"},"type":"MESSAGE","name":"","message":"Object: \u0027Object Repository/Page_CCG Portal/input_Password_submitLabel\u0027 is clicked on","startTime":1538473068428,"endTime":0,"childRecords":[],"interuppted":false}],"interuppted":false},{"index":11,"isIgnoredIfFailed":false,"type":"TEST_STEP","name":"click","message":"Object: \u0027Object Repository/Page_CCG Portal/span_XCOM_isc_Jopen_icon_11\u0027 is clicked on","description":"","startTime":1538473068444,"endTime":1538473068889,"childRecords":[{"testStatus":{"stackTrace":"","statusValue":"PASSED"},"type":"MESSAGE","name":"","message":"Object: \u0027Object Repository/Page_CCG Portal/span_XCOM_isc_Jopen_icon_11\u0027 is clicked on","startTime":1538473068889,"endTime":0,"childRecords":[],"interuppted":false}],"interuppted":false},{"index":12,"isIgnoredIfFailed":false,"type":"TEST_STEP","name":"click","message":"Object: \u0027Object Repository/Page_CCG Portal/td_Basket\u0027 is clicked on","description":"","startTime":1538473068890,"endTime":1538473069080,"childRecords":[{"testStatus":{"stackTrace":"","statusValue":"PASSED"},"type":"MESSAGE","name":"","message":"Object: \u0027Object Repository/Page_CCG Portal/td_Basket\u0027 is clicked on","startTime":1538473069079,"endTime":0,"childRecords":[],"interuppted":false}],"interuppted":false},{"index":13,"isIgnoredIfFailed":false,"type":"TEST_STEP","name":"click","message":"Object: \u0027Object Repository/Page_CCG Portal/div\u0027 is clicked on","description":"","startTime":1538473069080,"endTime":1538473070649,"childRecords":[{"testStatus":{"stackTrace":"","statusValue":"PASSED"},"type":"MESSAGE","name":"","message":"Object: \u0027Object Repository/Page_CCG Portal/div\u0027 is clicked on","startTime":1538473070648,"endTime":0,"childRecords":[],"interuppted":false}],"interuppted":false},{"index":14,"isIgnoredIfFailed":false,"type":"TEST_STEP","name":"click","message":"Object: \u0027Object Repository/Page_CCG Portal/b_Nome Cognomes profile\u0027 is clicked on","description":"","startTime":1538473070649,"endTime":1538473070892,"childRecords":[{"testStatus":{"stackTrace":"","statusValue":"PASSED"},"type":"MESSAGE","name":"","message":"Object: \u0027Object Repository/Page_CCG Portal/b_Nome Cognomes profile\u0027 is clicked on","startTime":1538473070892,"endTime":0,"childRecords":[],"interuppted":false}],"interuppted":false},{"index":15,"isIgnoredIfFailed":false,"type":"TEST_STEP","name":"click","message":"Object: \u0027Object Repository/Page_CCG Portal/font_Logout\u0027 is clicked on","description":"","startTime":1538473070893,"endTime":1538473071054,"childRecords":[{"testStatus":{"stackTrace":"","statusValue":"PASSED"},"type":"MESSAGE","name":"","message":"Object: \u0027Object Repository/Page_CCG Portal/font_Logout\u0027 is clicked on","startTime":1538473071051,"endTime":0,"childRecords":[],"interuppted":false}],"interuppted":false},{"index":16,"isIgnoredIfFailed":false,"type":"TEST_STEP","name":"closeBrowser","message":"Browser is closed","description":"","startTime":1538473071054,"endTime":1538473071365,"childRecords":[{"testStatus":{"stackTrace":"","statusValue":"PASSED"},"type":"MESSAGE","name":"","message":"Browser is closed","startTime":1538473071365,"endTime":0,"childRecords":[],"interuppted":false}],"interuppted":false},{"testStatus":{"stackTrace":"","statusValue":"PASSED"},"type":"MESSAGE","name":"","message":"Test Cases/Imported from Selenium IDE Scripts/TSPamp1/TCPamp1","startTime":1538473071365,"endTime":0,"childRecords":[],"interuppted":false}],"interuppted":false}],"interuppted":false}