
command,target,value
echo;;RU01-NUC01-T03.rctest
open;/CCAM/;Liquidity Items - CCAM - Grouping
waitForElementClickable;scLocator=//Menu[level=1]/body/row[3]/col[fieldName=title||0];
click;scLocator=//Menu[level=1]/body/row[3]/col[fieldName=title||0];
waitForElementClickable;scLocator=//Portlet[ID="liquidity_items_tab_2"]/maximizeButton/;
click;scLocator=//Portlet[ID="liquidity_items_tab_2"]/maximizeButton/;
waitForElementClickable;scLocator=//Portlet[ID="liquidity_items_tab_2"]/item[0][Class="ListGrid"]/headerMenuButton/icon;
click;scLocator=//Portlet[ID="liquidity_items_tab_2"]/item[0][Class="ListGrid"]/headerMenuButton/icon;
waitForElementClickable;scLocator=//Portlet[ID="liquidity_items_tab_2"]/item[0][Class="ListGrid"]/headerContextMenu[Class=Menu||index=0||length=1||classIndex=0||classLength=1||roleIndex=0||roleLength=1||scRole=menu]/body/row[title=Sort%20Ascending||0]/col[fieldName=title||1];
click;scLocator=//Portlet[ID="liquidity_items_tab_2"]/item[0][Class="ListGrid"]/headerContextMenu[Class=Menu||index=0||length=1||classIndex=0||classLength=1||roleIndex=0||roleLength=1||scRole=menu]/body/row[title=Sort%20Ascending||0]/col[fieldName=title||1];
waitForElementClickable;scLocator=//Portlet[ID="liquidity_items_tab_2"]/item[0][Class="ListGrid"]/headerMenuButton/icon;
click;scLocator=//Portlet[ID="liquidity_items_tab_2"]/item[0][Class="ListGrid"]/headerMenuButton/icon;
waitForElementClickable;scLocator=//Portlet[ID="liquidity_items_tab_2"]/item[0][Class="ListGrid"]/headerContextMenu[Class=Menu||index=0||length=1||classIndex=0||classLength=1||roleIndex=0||roleLength=1||scRole=menu]/body/row[title=Sort%20Descending||1]/col[fieldName=title||1];
click;scLocator=//Portlet[ID="liquidity_items_tab_2"]/item[0][Class="ListGrid"]/headerContextMenu[Class=Menu||index=0||length=1||classIndex=0||classLength=1||roleIndex=0||roleLength=1||scRole=menu]/body/row[title=Sort%20Descending||1]/col[fieldName=title||1];
waitForElementClickable;scLocator=//Portlet[ID="liquidity_items_tab_2"]/item[0][Class="ListGrid"]/headerMenuButton/icon;
click;scLocator=//Portlet[ID="liquidity_items_tab_2"]/item[0][Class="ListGrid"]/headerMenuButton/icon;
waitForElementClickable;scLocator=//Portlet[ID="liquidity_items_tab_2"]/item[0][Class="ListGrid"]/headerContextMenu[Class=Menu||index=0||length=1||classIndex=0||classLength=1||roleIndex=0||roleLength=1||scRole=menu]/body/row[title=Configure%20Sort...||2]/col[fieldName=title||1];
click;scLocator=//Portlet[ID="liquidity_items_tab_2"]/item[0][Class="ListGrid"]/headerContextMenu[Class=Menu||index=0||length=1||classIndex=0||classLength=1||roleIndex=0||roleLength=1||scRole=menu]/body/row[title=Configure%20Sort...||2]/col[fieldName=title||1];
waitForElementClickable;scLocator=//autoID[Class=MultiSortDialog||index=12||length=14||classIndex=0||classLength=1||roleIndex=1||roleLength=2||title=Sort||scRole=dialog]/multiSortPanel/addLevelButton/;
waitForElementClickable;scLocator=//Portlet[ID="liquidity_items_tab_2"]/item[0][Class="ListGrid"]/headerMenuButton/icon;
click;scLocator=//Portlet[ID="liquidity_items_tab_2"]/item[0][Class="ListGrid"]/headerMenuButton/icon;
waitForElementClickable;scLocator=//Portlet[ID="liquidity_items_tab_2"]/item[0][Class="ListGrid"]/headerContextMenu[Class=Menu||index=0||length=1||classIndex=0||classLength=1||roleIndex=0||roleLength=1||scRole=menu]/body/row[title=Auto%20Fit%20All%20Columns||4]/col[fieldName=title||1];
click;scLocator=//Portlet[ID="liquidity_items_tab_2"]/item[0][Class="ListGrid"]/headerContextMenu[Class=Menu||index=0||length=1||classIndex=0||classLength=1||roleIndex=0||roleLength=1||scRole=menu]/body/row[title=Auto%20Fit%20All%20Columns||4]/col[fieldName=title||1];
waitForElementClickable;scLocator=//Portlet[ID="liquidity_items_tab_2"]/item[0][Class="ListGrid"]/headerMenuButton/icon;
click;scLocator=//Portlet[ID="liquidity_items_tab_2"]/item[0][Class="ListGrid"]/headerMenuButton/icon;
waitForElementClickable;scLocator=//Portlet[ID="liquidity_items_tab_2"]/item[0][Class="ListGrid"]/headerContextMenu[Class=Menu||index=0||length=1||classIndex=0||classLength=1||roleIndex=0||roleLength=1||scRole=menu]/body/row[title=Auto%20Fit%20All%20Columns||4]/col[fieldName=title||1];
click;scLocator=//Portlet[ID="liquidity_items_tab_2"]/item[0][Class="ListGrid"]/headerContextMenu[Class=Menu||index=0||length=1||classIndex=0||classLength=1||roleIndex=0||roleLength=1||scRole=menu]/body/row[title=Auto%20Fit%20All%20Columns||4]/col[fieldName=title||1];
waitForElementClickable;scLocator=//Portlet[ID="liquidity_items_tab_2"]/maximizeButton/;
click;scLocator=//Portlet[ID="liquidity_items_tab_2"]/maximizeButton/;
waitForElementClickable;scLocator=//Portlet[ID="liquidity_items_tab_2"]/maximizeButton/;
click;scLocator=//Portlet[ID="liquidity_items_tab_2"]/maximizeButton/;
waitForElementClickable;scLocator=//Portlet[ID="liquidity_items_tab_2"]/item[0][Class="ListGrid"]/headerMenuButton/;
click;scLocator=//Portlet[ID="liquidity_items_tab_2"]/item[0][Class="ListGrid"]/headerMenuButton/;
waitForElementClickable;scLocator=//Menu[level=1]/body/row[title=Cash%20amount||2]/col[fieldName=title||1];
click;scLocator=//Menu[level=1]/body/row[title=Cash%20amount||2]/col[fieldName=title||1];
waitForElementClickable;scLocator=//Menu[level=1]/body/row[title=Cash%20amount||2]/col[fieldName=title||1];
click;scLocator=//Menu[level=1]/body/row[title=Cash%20amount||2]/col[fieldName=title||1];
waitForElementClickable;scLocator=//Menu[level=1]/body/row[title=Item%20group%20ID.||3]/col[fieldName=title||1];
click;scLocator=//Menu[level=1]/body/row[title=Item%20group%20ID.||3]/col[fieldName=title||1];
waitForElementClickable;scLocator=//Menu[level=1]/body/row[title=Reliability||4]/col[fieldName=title||1];
click;scLocator=//Menu[level=1]/body/row[title=Reliability||4]/col[fieldName=title||1];
waitForElementClickable;scLocator=//Menu[level=1]/body/row[title=Is%20eod||5]/col[fieldName=title||1];
secondClick;scLocator=//Menu[level=1]/body/row[title=Is%20eod||5]/col[fieldName=title||1];
waitForElementClickable;scLocator=//Portlet[ID="liquidity_items_tab_2"]/item[0][Class="ListGrid"]/body/;
click;scLocator=//Portlet[ID="liquidity_items_tab_2"]/item[0][Class="ListGrid"]/body/;
waitForElementClickable;scLocator=//Portlet[ID="liquidity_items_tab_2"]/item[0][Class="ListGrid"]/headerMenuButton/icon;
click;scLocator=//Portlet[ID="liquidity_items_tab_2"]/item[0][Class="ListGrid"]/headerMenuButton/icon;
waitForElementClickable;scLocator=//Portlet[ID="liquidity_items_tab_2"]/item[0][Class="ListGrid"]/headerContextMenu[Class=Menu||index=0||length=1||classIndex=0||classLength=1||roleIndex=0||roleLength=1||scRole=menu]/body/row[title=Sort%20Descending||1]/col[fieldName=title||1];
click;scLocator=//Portlet[ID="liquidity_items_tab_2"]/item[0][Class="ListGrid"]/headerContextMenu[Class=Menu||index=0||length=1||classIndex=0||classLength=1||roleIndex=0||roleLength=1||scRole=menu]/body/row[title=Sort%20Descending||1]/col[fieldName=title||1];
waitForElementClickable;scLocator=//Portlet[ID="liquidity_items_tab_2"]/item[0][Class="ListGrid"]/body/hscrollbar/peer[Class=SpritedHSimpleScrollThumb||index=0||length=1||classIndex=0||classLength=1||title=%26nbsp%3B||name=main]/;
dragAndDrop;scLocator=//Portlet[ID="liquidity_items_tab_2"]/item[0][Class="ListGrid"]/body/hscrollbar/peer[Class=SpritedHSimpleScrollThumb||index=0||length=1||classIndex=0||classLength=1||title=%26nbsp%3B||name=main]/;+490,-3
waitForElementClickable;scLocator=//Portlet[ID="liquidity_items_tab_2"]/item[0][Class="ListGrid"]/headerMenuButton/;
click;scLocator=//Portlet[ID="liquidity_items_tab_2"]/item[0][Class="ListGrid"]/headerMenuButton/;
waitForElementClickable;scLocator=//Portlet[ID="liquidity_items_tab_2"]/item[0][Class="ListGrid"]/headerContextMenu[Class=Menu||index=0||length=1||classIndex=0||classLength=1||roleIndex=0||roleLength=1||scRole=menu]/body/row[title=Configure%20Grouping...||10]/col[fieldName=title||1];
click;scLocator=//Portlet[ID="liquidity_items_tab_2"]/item[0][Class="ListGrid"]/headerContextMenu[Class=Menu||index=0||length=1||classIndex=0||classLength=1||roleIndex=0||roleLength=1||scRole=menu]/body/row[title=Configure%20Grouping...||10]/col[fieldName=title||1];
waitForElementClickable;scLocator=//autoID[Class=MultiGroupDialog||index=144||length=145||classIndex=0||classLength=1||roleIndex=1||roleLength=2||title=Group||scRole=dialog]/applyButton/;
click;scLocator=//autoID[Class=MultiGroupDialog||index=144||length=145||classIndex=0||classLength=1||roleIndex=1||roleLength=2||title=Group||scRole=dialog]/applyButton/;
waitForElementClickable;scLocator=//Portlet[ID="liquidity_items_tab_2"]/item[0][Class="ListGrid"]/body/row[dt_ref=47||groupTitle=Week%20%2347||17]/col[fieldName=groupTitle||0];
click;scLocator=//Portlet[ID="liquidity_items_tab_2"]/item[0][Class="ListGrid"]/body/row[dt_ref=47||groupTitle=Week%20%2347||17]/col[fieldName=groupTitle||0];
waitForElementClickable;scLocator=//Portlet[ID="liquidity_items_tab_2"]/item[0][Class="ListGrid"]/headerMenuButton/;
click;scLocator=//Portlet[ID="liquidity_items_tab_2"]/item[0][Class="ListGrid"]/headerMenuButton/;
waitForElementClickable;scLocator=//Portlet[ID="liquidity_items_tab_2"]/item[0][Class="ListGrid"]/headerContextMenu[Class=Menu||index=0||length=1||classIndex=0||classLength=1||roleIndex=0||roleLength=1||scRole=menu]/body/row[title=Add%20formula%20column...||15]/col[fieldName=title||1];
click;scLocator=//Portlet[ID="liquidity_items_tab_2"]/item[0][Class="ListGrid"]/headerContextMenu[Class=Menu||index=0||length=1||classIndex=0||classLength=1||roleIndex=0||roleLength=1||scRole=menu]/body/row[title=Add%20formula%20column...||15]/col[fieldName=title||1];
waitForElementClickable;scLocator=//Portlet[ID="liquidity_items_tab_2"]/item[0][Class="ListGrid"]/fieldEditorWindow/item[0][Class="FormulaBuilder"]/formulaForm/item[name=formulaField||title=Formula||value=||index=0||Class=AutoFitTextAreaItem]/element;
click;scLocator=//Portlet[ID="liquidity_items_tab_2"]/item[0][Class="ListGrid"]/fieldEditorWindow/item[0][Class="FormulaBuilder"]/formulaForm/item[name=formulaField||title=Formula||value=||index=0||Class=AutoFitTextAreaItem]/element;
waitForElementClickable;scLocator=//Portlet[ID="liquidity_items_tab_2"]/item[0][Class="ListGrid"]/fieldEditorWindow/item[0][Class="FormulaBuilder"]/formulaForm/item[name=formulaField||title=Formula||value=%3D||index=0||Class=AutoFitTextAreaItem]/element;
type;scLocator=//Portlet[ID="liquidity_items_tab_2"]/item[0][Class="ListGrid"]/fieldEditorWindow/item[0][Class="FormulaBuilder"]/formulaForm/item[name=formulaField||title=Formula||value=%3D||index=0||Class=AutoFitTextAreaItem]/element;=
waitForElementClickable;scLocator=//Portlet[ID="liquidity_items_tab_2"]/item[0][Class="ListGrid"]/fieldEditorWindow/item[0][Class="FormulaBuilder"]/fieldKey/body/row[name=cash_amount||title=Cash%20amount||mappingKey=A||0]/col[fieldName=mappingKey||0];
click;scLocator=//Portlet[ID="liquidity_items_tab_2"]/item[0][Class="ListGrid"]/fieldEditorWindow/item[0][Class="FormulaBuilder"]/fieldKey/body/row[name=cash_amount||title=Cash%20amount||mappingKey=A||0]/col[fieldName=mappingKey||0];
waitForElementClickable;scLocator=//Portlet[ID="liquidity_items_tab_2"]/item[0][Class="ListGrid"]/fieldEditorWindow/item[0][Class="FormulaBuilder"]/formulaForm/item[name=formulaField||title=Formula||value=%3DA+100||index=0||Class=AutoFitTextAreaItem]/element;
type;scLocator=//Portlet[ID="liquidity_items_tab_2"]/item[0][Class="ListGrid"]/fieldEditorWindow/item[0][Class="FormulaBuilder"]/formulaForm/item[name=formulaField||title=Formula||value=%3DA+100||index=0||Class=AutoFitTextAreaItem]/element;=A+100
waitForElementClickable;scLocator=//Portlet[ID="liquidity_items_tab_2"]/item[0][Class="ListGrid"]/fieldEditorWindow/item[0][Class="FormulaBuilder"]/saveButton/;
click;scLocator=//Portlet[ID="liquidity_items_tab_2"]/item[0][Class="ListGrid"]/fieldEditorWindow/item[0][Class="FormulaBuilder"]/saveButton/;
waitForElementClickable;scLocator=//Portlet[ID="liquidity_items_tab_2"]/item[0][Class="ListGrid"]/headerMenuButton/;
click;scLocator=//Portlet[ID="liquidity_items_tab_2"]/item[0][Class="ListGrid"]/headerMenuButton/;
waitForElementClickable;scLocator=//Portlet[ID="liquidity_items_tab_2"]/item[0][Class="ListGrid"]/headerContextMenu[Class=Menu||index=0||length=1||classIndex=0||classLength=1||roleIndex=0||roleLength=1||scRole=menu]/body/row[title=Add%20summary%20column...||17]/col[fieldName=title||1];
click;scLocator=//Portlet[ID="liquidity_items_tab_2"]/item[0][Class="ListGrid"]/headerContextMenu[Class=Menu||index=0||length=1||classIndex=0||classLength=1||roleIndex=0||roleLength=1||scRole=menu]/body/row[title=Add%20summary%20column...||17]/col[fieldName=title||1];
waitForElementClickable;scLocator=//Portlet[ID="liquidity_items_tab_2"]/item[0][Class="ListGrid"]/fieldEditorWindow/item[0][Class="SummaryBuilder"]/fieldKey/body/row[name=cash_amount||title=Cash%20amount||3]/col[fieldName=title||1];
click;scLocator=//Portlet[ID="liquidity_items_tab_2"]/item[0][Class="ListGrid"]/fieldEditorWindow/item[0][Class="SummaryBuilder"]/fieldKey/body/row[name=cash_amount||title=Cash%20amount||3]/col[fieldName=title||1];
waitForElementClickable;scLocator=//Portlet[ID="liquidity_items_tab_2"]/item[0][Class="ListGrid"]/fieldEditorWindow/item[0][Class="SummaryBuilder"]/saveButton/;
click;scLocator=//Portlet[ID="liquidity_items_tab_2"]/item[0][Class="ListGrid"]/fieldEditorWindow/item[0][Class="SummaryBuilder"]/saveButton/;
waitForElementClickable;scLocator=//Portlet[ID="liquidity_items_tab_2"]/item[0][Class="ListGrid"]/header/headerButton[fieldName=item_reliability]/L;
dragAndDrop;scLocator=//Portlet[ID="liquidity_items_tab_2"]/item[0][Class="ListGrid"]/header/headerButton[fieldName=item_reliability]/L;-153,+9
waitForElementClickable;scLocator=//Portlet[ID="liquidity_items_tab_2"]/item[0][Class="ListGrid"]/header/headerButton[fieldName=is_eod]/L;
waitForElementClickable;scLocator=//Portlet[ID="liquidity_items_tab_2"]/item[0][Class="ListGrid"]/body/row[dt_ref=48||groupTitle=Week%20%2348||0]/col[fieldName=item_reliability||5];
dragAndDropToObject;scLocator=//Portlet[ID="liquidity_items_tab_2"]/item[0][Class="ListGrid"]/header/headerButton[fieldName=is_eod]/L;scLocator=//Portlet[ID="liquidity_items_tab_2"]/item[0][Class="ListGrid"]/body/row[dt_ref=48||groupTitle=Week%20%2348||0]/col[fieldName=item_reliability||5]
waitForElementClickable;scLocator=//Portlet[ID="liquidity_items_tab_2"]/item[0][Class="ListGrid"]/header/headerButton[fieldName=formulaField1]/L;
waitForElementClickable;scLocator=//Portlet[ID="liquidity_items_tab_2"]/item[0][Class="ListGrid"]/body/row[groupTitle=true||is_eod=true||1]/col[fieldName=is_eod||6];
dragAndDropToObject;scLocator=//Portlet[ID="liquidity_items_tab_2"]/item[0][Class="ListGrid"]/header/headerButton[fieldName=formulaField1]/L;scLocator=//Portlet[ID="liquidity_items_tab_2"]/item[0][Class="ListGrid"]/body/row[groupTitle=true||is_eod=true||1]/col[fieldName=is_eod||6]
waitForElementClickable;scLocator=//Portlet[ID="liquidity_items_tab_2"]/item[0][Class="ListGrid"]/headerMenuButton/R;
waitForElementClickable;scLocator=//Portlet[ID="liquidity_items_tab_2"]/item[0][Class="ListGrid"]/filterEditor/body/;
dragAndDropToObject;scLocator=//Portlet[ID="liquidity_items_tab_2"]/item[0][Class="ListGrid"]/headerMenuButton/R;scLocator=//Portlet[ID="liquidity_items_tab_2"]/item[0][Class="ListGrid"]/filterEditor/body/
waitForElementClickable;scLocator=//Portlet[ID="liquidity_items_tab_2"]/item[0][Class="ListGrid"]/headerMenuButton/R;
waitForElementClickable;scLocator=//Portlet[ID="liquidity_items_tab_2"]/item[0][Class="ListGrid"]/body/row[dt_ref=48||groupTitle=Week%20%2348||summaryField1=-115%2C341%2C581.57||0]/col[fieldName=summaryField1||8];
dragAndDropToObject;scLocator=//Portlet[ID="liquidity_items_tab_2"]/item[0][Class="ListGrid"]/headerMenuButton/R;scLocator=//Portlet[ID="liquidity_items_tab_2"]/item[0][Class="ListGrid"]/body/row[dt_ref=48||groupTitle=Week%20%2348||summaryField1=-115%2C341%2C581.57||0]/col[fieldName=summaryField1||8]
waitForElementClickable;scLocator=//Portlet[ID="liquidity_items_tab_2"]/item[0][Class="ListGrid"]/headerMenuButton/;
click;scLocator=//Portlet[ID="liquidity_items_tab_2"]/item[0][Class="ListGrid"]/headerMenuButton/;
waitForElementClickable;scLocator=//Portlet[ID="liquidity_items_tab_2"]/item[0][Class="ListGrid"]/headerContextMenu[Class=Menu||index=0||length=1||classIndex=0||classLength=1||roleIndex=0||roleLength=1||scRole=menu]/body/row[title=Ungroup||10]/col[fieldName=title||1];
click;scLocator=//Portlet[ID="liquidity_items_tab_2"]/item[0][Class="ListGrid"]/headerContextMenu[Class=Menu||index=0||length=1||classIndex=0||classLength=1||roleIndex=0||roleLength=1||scRole=menu]/body/row[title=Ungroup||10]/col[fieldName=title||1];
waitForElementClickable;scLocator=//Portlet[ID="liquidity_items_tab_2"]/item[0][Class="ListGrid"]/sorter/;
click;scLocator=//Portlet[ID="liquidity_items_tab_2"]/item[0][Class="ListGrid"]/sorter/;
waitForElementClickable;scLocator=//Portlet[ID="liquidity_items_tab_2"]/item[0][Class="ListGrid"]/sorter/;
click;scLocator=//Portlet[ID="liquidity_items_tab_2"]/item[0][Class="ListGrid"]/sorter/;
waitForElementClickable;scLocator=//Portlet[ID="liquidity_items_tab_2"]/item[0][Class="ListGrid"]/headerMenuButton/icon;
click;scLocator=//Portlet[ID="liquidity_items_tab_2"]/item[0][Class="ListGrid"]/headerMenuButton/icon;
waitForElementClickable;scLocator=//Menu[level=1]/body/row[title=New%20Field||6]/col[fieldName=icon||0];
click;scLocator=//Menu[level=1]/body/row[title=New%20Field||6]/col[fieldName=icon||0];
waitForElementClickable;scLocator=//Menu[level=1]/body/row[title=New%20Field||7]/col[fieldName=icon||0];
click;scLocator=//Menu[level=1]/body/row[title=New%20Field||7]/col[fieldName=icon||0];
waitForElementClickable;scLocator=//Menu[level=1]/body/row[title=Is%20eod||5]/col[fieldName=icon||0];
click;scLocator=//Menu[level=1]/body/row[title=Is%20eod||5]/col[fieldName=icon||0];
waitForElementClickable;scLocator=//Menu[level=1]/body/row[title=Reliability||4]/col[fieldName=icon||0];
click;scLocator=//Menu[level=1]/body/row[title=Reliability||4]/col[fieldName=icon||0];
waitForElementClickable;scLocator=//Menu[level=1]/body/row[title=Item%20group%20ID.||3]/col[fieldName=icon||0];
click;scLocator=//Menu[level=1]/body/row[title=Item%20group%20ID.||3]/col[fieldName=icon||0];
waitForElementClickable;scLocator=//Portlet[ID="liquidity_items_tab_2"]/item[0][Class="ListGrid"]/body/;
click;scLocator=//Portlet[ID="liquidity_items_tab_2"]/item[0][Class="ListGrid"]/body/;
waitForElementClickable;scLocator=//Portlet[ID="liquidity_items_tab_2"]/item[0][Class="ListGrid"]/sorter/;
click;scLocator=//Portlet[ID="liquidity_items_tab_2"]/item[0][Class="ListGrid"]/sorter/;
waitForElementClickable;scLocator=//Portlet[ID="liquidity_items_tab_2"]/header/;
click;scLocator=//Portlet[ID="liquidity_items_tab_2"]/header/;
waitForElementClickable;scLocator=//Portlet[ID="liquidity_items_tab_2"]/item[0][Class="ListGrid"]/filterEditor/actionButton/icon;
secondClick;scLocator=//Portlet[ID="liquidity_items_tab_2"]/item[0][Class="ListGrid"]/filterEditor/actionButton/icon;
waitForElementClickable;scLocator=//Portlet[ID="liquidity_items_tab_2"]/item[0][Class="ListGrid"]/filterEditor/actionButton/icon;
secondClick;scLocator=//Portlet[ID="liquidity_items_tab_2"]/item[0][Class="ListGrid"]/filterEditor/actionButton/icon;
