
command,target,value
echo;;RU10-NUC01-T02.rctest
open;/CCAM/;Interop. Link stg - CCAM - Filter
click;//div[@id='isc_H']/table/tbody/tr/td/table/tbody/tr/td[2];
waitForElementClickable;scLocator=//Portlet[ID="datastaging_interop_tab_2"]/item[0][Class="ListGrid"]/headerMenuButton/;
click;scLocator=//Portlet[ID="datastaging_interop_tab_2"]/item[0][Class="ListGrid"]/headerMenuButton/;
waitForElementClickable;scLocator=//Portlet[ID="datastaging_interop_tab_2"]/item[0][Class="ListGrid"]/filterEditor/editRowForm/item[name=dt_calc||title=Calc.%20date||index=0||Class=MiniDateRangeItem]/[icon="showDateRange"];
click;scLocator=//Portlet[ID="datastaging_interop_tab_2"]/item[0][Class="ListGrid"]/filterEditor/editRowForm/item[name=dt_calc||title=Calc.%20date||index=0||Class=MiniDateRangeItem]/[icon="showDateRange"];
waitForElementClickable;scLocator=//Portlet[ID="datastaging_interop_tab_2"]/item[0][Class="ListGrid"]/filterEditor/editRowForm/item[name=dt_calc||title=Calc.%20date||index=0||Class=MiniDateRangeItem]/rangeDialog/rangeForm/item[name=dt_calc||title=dt_calc||index=0||Class=DateRangeItem]/dateRangeForm/item[name=fromField||title=From||index=0||Class=RelativeDateItem]/editor/item[name=iconPlaceholder||title=iconPlaceholder||index=2||Class=StaticTextItem]/[icon="chooserIcon"];
click;scLocator=//Portlet[ID="datastaging_interop_tab_2"]/item[0][Class="ListGrid"]/filterEditor/editRowForm/item[name=dt_calc||title=Calc.%20date||index=0||Class=MiniDateRangeItem]/rangeDialog/rangeForm/item[name=dt_calc||title=dt_calc||index=0||Class=DateRangeItem]/dateRangeForm/item[name=fromField||title=From||index=0||Class=RelativeDateItem]/editor/item[name=iconPlaceholder||title=iconPlaceholder||index=2||Class=StaticTextItem]/[icon="chooserIcon"];
waitForElementClickable;scLocator=//autoID[Class=DateChooser||index=19||length=22||classIndex=0||classLength=1]/dateGrid/body/row[Tue=Tue Dec 27 2016 12:00:00 GMT+0100 (W. Europe Standard Time)||4]/col[fieldName=Tue||2];
click;scLocator=//autoID[Class=DateChooser||index=19||length=22||classIndex=0||classLength=1]/dateGrid/body/row[Tue=Tue Dec 27 2016 12:00:00 GMT+0100 (W. Europe Standard Time)||4]/col[fieldName=Tue||2];
waitForElementClickable;scLocator=//Portlet[ID="datastaging_interop_tab_2"]/item[0][Class="ListGrid"]/filterEditor/editRowForm/item[name=dt_calc||title=Calc.%20date||value=[object Object]||index=0||Class=MiniDateRangeItem]/rangeDialog/rangeForm/item[name=dt_calc||title=dt_calc||value=[object Object]||index=0||Class=DateRangeItem]/dateRangeForm/item[name=toField||title=To||index=1||Class=RelativeDateItem]/editor/item[name=iconPlaceholder||title=iconPlaceholder||index=2||Class=StaticTextItem]/[icon="chooserIcon"];
click;scLocator=//Portlet[ID="datastaging_interop_tab_2"]/item[0][Class="ListGrid"]/filterEditor/editRowForm/item[name=dt_calc||title=Calc.%20date||value=[object Object]||index=0||Class=MiniDateRangeItem]/rangeDialog/rangeForm/item[name=dt_calc||title=dt_calc||value=[object Object]||index=0||Class=DateRangeItem]/dateRangeForm/item[name=toField||title=To||index=1||Class=RelativeDateItem]/editor/item[name=iconPlaceholder||title=iconPlaceholder||index=2||Class=StaticTextItem]/[icon="chooserIcon"];
waitForElementClickable;scLocator=//autoID[Class=DateChooser||index=25||length=28||classIndex=1||classLength=2]/dateGrid/body/row[Wed=Wed Dec 28 2016 12:00:00 GMT+0100 (W. Europe Standard Time)||4]/col[fieldName=Wed||3];
click;scLocator=//autoID[Class=DateChooser||index=25||length=28||classIndex=1||classLength=2]/dateGrid/body/row[Wed=Wed Dec 28 2016 12:00:00 GMT+0100 (W. Europe Standard Time)||4]/col[fieldName=Wed||3];
waitForElementClickable;scLocator=//Portlet[ID="datastaging_interop_tab_2"]/item[0][Class="ListGrid"]/filterEditor/editRowForm/item[name=dt_calc||title=Calc.%20date||value=[object Object]||index=0||Class=MiniDateRangeItem]/rangeDialog/okButton/;
click;scLocator=//Portlet[ID="datastaging_interop_tab_2"]/item[0][Class="ListGrid"]/filterEditor/editRowForm/item[name=dt_calc||title=Calc.%20date||value=[object Object]||index=0||Class=MiniDateRangeItem]/rangeDialog/okButton/;
waitForElementClickable;scLocator=//Portlet[ID="datastaging_interop_tab_2"]/item[0][Class="ListGrid"]/filterEditor/editRowForm/item[name=dt_calc||title=Calc.%20date||value=[object Object]||index=0||Class=MiniDateRangeItem]/rangeDialog/rangeForm/item[name=dt_calc||title=dt_calc||value=[object Object]||index=0||Class=DateRangeItem]/dateRangeForm/item[name=fromField||title=From||value=27%24fs%2412%24fs%242016||index=0||Class=RelativeDateItem]/editor/item[name=valueField||title=valueField||value=27%24fs%2412%24fs%242016||index=0||Class=ComboBoxItem]/[icon="picker"];
click;scLocator=//Portlet[ID="datastaging_interop_tab_2"]/item[0][Class="ListGrid"]/filterEditor/editRowForm/item[name=dt_calc||title=Calc.%20date||value=[object Object]||index=0||Class=MiniDateRangeItem]/rangeDialog/rangeForm/item[name=dt_calc||title=dt_calc||value=[object Object]||index=0||Class=DateRangeItem]/dateRangeForm/item[name=fromField||title=From||value=27%24fs%2412%24fs%242016||index=0||Class=RelativeDateItem]/editor/item[name=valueField||title=valueField||value=27%24fs%2412%24fs%242016||index=0||Class=ComboBoxItem]/[icon="picker"];
waitForElementClickable;scLocator=//Portlet[ID="datastaging_interop_tab_2"]/item[0][Class="ListGrid"]/filterEditor/editRowForm/item[name=dt_calc||title=Calc.%20date||value=[object Object]||index=0||Class=MiniDateRangeItem]/rangeDialog/rangeForm/item[name=dt_calc||title=dt_calc||value=[object Object]||index=0||Class=DateRangeItem]/dateRangeForm/item[name=fromField||title=From||value=27%24fs%2412%24fs%242016||index=0||Class=RelativeDateItem]/editor/item[name=valueField||title=valueField||value=27%24fs%2412%24fs%242016||index=0||Class=ComboBoxItem]/pickList/body/row[valueField=%24yesterday||1]/col[fieldName=valueField||0];
click;scLocator=//Portlet[ID="datastaging_interop_tab_2"]/item[0][Class="ListGrid"]/filterEditor/editRowForm/item[name=dt_calc||title=Calc.%20date||value=[object Object]||index=0||Class=MiniDateRangeItem]/rangeDialog/rangeForm/item[name=dt_calc||title=dt_calc||value=[object Object]||index=0||Class=DateRangeItem]/dateRangeForm/item[name=fromField||title=From||value=27%24fs%2412%24fs%242016||index=0||Class=RelativeDateItem]/editor/item[name=valueField||title=valueField||value=27%24fs%2412%24fs%242016||index=0||Class=ComboBoxItem]/pickList/body/row[valueField=%24yesterday||1]/col[fieldName=valueField||0];
waitForElementClickable;scLocator=//Portlet[ID="datastaging_interop_tab_2"]/item[0][Class="ListGrid"]/filterEditor/editRowForm/item[name=dt_calc||title=Calc.%20date||value=[object Object]||index=0||Class=MiniDateRangeItem]/rangeDialog/rangeForm/item[name=dt_calc||title=dt_calc||value=[object Object]||index=0||Class=DateRangeItem]/dateRangeForm/item[name=toField||title=To||value=28%24fs%2412%24fs%242016||index=1||Class=RelativeDateItem]/editor/item[name=valueField||title=valueField||value=28%24fs%2412%24fs%242016||index=0||Class=ComboBoxItem]/[icon="picker"];
click;scLocator=//Portlet[ID="datastaging_interop_tab_2"]/item[0][Class="ListGrid"]/filterEditor/editRowForm/item[name=dt_calc||title=Calc.%20date||value=[object Object]||index=0||Class=MiniDateRangeItem]/rangeDialog/rangeForm/item[name=dt_calc||title=dt_calc||value=[object Object]||index=0||Class=DateRangeItem]/dateRangeForm/item[name=toField||title=To||value=28%24fs%2412%24fs%242016||index=1||Class=RelativeDateItem]/editor/item[name=valueField||title=valueField||value=28%24fs%2412%24fs%242016||index=0||Class=ComboBoxItem]/[icon="picker"];
waitForElementClickable;scLocator=//Portlet[ID="datastaging_interop_tab_2"]/item[0][Class="ListGrid"]/filterEditor/editRowForm/item[name=dt_calc||title=Calc.%20date||value=[object Object]||index=0||Class=MiniDateRangeItem]/rangeDialog/rangeForm/item[name=dt_calc||title=dt_calc||value=[object Object]||index=0||Class=DateRangeItem]/dateRangeForm/item[name=toField||title=To||value=28%24fs%2412%24fs%242016||index=1||Class=RelativeDateItem]/editor/item[name=valueField||title=valueField||value=28%24fs%2412%24fs%242016||index=0||Class=ComboBoxItem]/pickList/body/row[valueField=%24today||0]/col[fieldName=valueField||0];
click;scLocator=//Portlet[ID="datastaging_interop_tab_2"]/item[0][Class="ListGrid"]/filterEditor/editRowForm/item[name=dt_calc||title=Calc.%20date||value=[object Object]||index=0||Class=MiniDateRangeItem]/rangeDialog/rangeForm/item[name=dt_calc||title=dt_calc||value=[object Object]||index=0||Class=DateRangeItem]/dateRangeForm/item[name=toField||title=To||value=28%24fs%2412%24fs%242016||index=1||Class=RelativeDateItem]/editor/item[name=valueField||title=valueField||value=28%24fs%2412%24fs%242016||index=0||Class=ComboBoxItem]/pickList/body/row[valueField=%24today||0]/col[fieldName=valueField||0];
waitForElementClickable;scLocator=//Portlet[ID="datastaging_interop_tab_2"]/item[0][Class="ListGrid"]/filterEditor/editRowForm/item[name=dt_calc||title=Calc.%20date||value=[object Object]||index=0||Class=MiniDateRangeItem]/rangeDialog/okButton/;
click;scLocator=//Portlet[ID="datastaging_interop_tab_2"]/item[0][Class="ListGrid"]/filterEditor/editRowForm/item[name=dt_calc||title=Calc.%20date||value=[object Object]||index=0||Class=MiniDateRangeItem]/rangeDialog/okButton/;
waitForElementClickable;scLocator=//Portlet[ID="datastaging_interop_tab_2"]/item[0][Class="ListGrid"]/body/row[dt_calc=Tue Dec 13 2016 12:00:00 GMT+0100 (W. Europe Standard Time)||ccg_initmar=4159890425.29||10]/col[fieldName=ccg_initmar||1];
contextMenu;scLocator=//Portlet[ID="datastaging_interop_tab_2"]/item[0][Class="ListGrid"]/body/row[dt_calc=Tue Dec 13 2016 12:00:00 GMT+0100 (W. Europe Standard Time)||ccg_initmar=4159890425.29||10]/col[fieldName=ccg_initmar||1];
waitForElementClickable;scLocator=//Menu[level=0]/body/row[title=Copy||0]/col[fieldName=icon||0];
click;scLocator=//Menu[level=0]/body/row[title=Copy||0]/col[fieldName=icon||0];
waitForElementClickable;scLocator=//autoID[Class=Dialog||index=36||length=38||classIndex=0||classLength=1||roleIndex=0||roleLength=1||title=Copy%20Cells||scRole=alertdialog]/item[0][Class="DynamicForm"]/item[name=textArea||title=textArea||value=%224159890425.29%22||index=1||Class=TextAreaItem]/element;
click;scLocator=//autoID[Class=Dialog||index=36||length=38||classIndex=0||classLength=1||roleIndex=0||roleLength=1||title=Copy%20Cells||scRole=alertdialog]/item[0][Class="DynamicForm"]/item[name=textArea||title=textArea||value=%224159890425.29%22||index=1||Class=TextAreaItem]/element;
waitForElementClickable;scLocator=//autoID[Class=Dialog||index=36||length=38||classIndex=0||classLength=1||roleIndex=0||roleLength=1||title=Copy%20Cells||scRole=alertdialog]/item[0][Class="DynamicForm"]/item[name=done||title=Done||index=2||Class=ButtonItem]/button/;
click;scLocator=//autoID[Class=Dialog||index=36||length=38||classIndex=0||classLength=1||roleIndex=0||roleLength=1||title=Copy%20Cells||scRole=alertdialog]/item[0][Class="DynamicForm"]/item[name=done||title=Done||index=2||Class=ButtonItem]/button/;
waitForElementClickable;scLocator=//Portlet[ID="datastaging_interop_tab_2"]/item[0][Class="ListGrid"]/filterEditor/editRowForm/item[name=ccg_initmar||title=CCG%20IM%20on%20Cnet||index=1||Class=FloatItem]/element;
click;scLocator=//Portlet[ID="datastaging_interop_tab_2"]/item[0][Class="ListGrid"]/filterEditor/editRowForm/item[name=ccg_initmar||title=CCG%20IM%20on%20Cnet||index=1||Class=FloatItem]/element;
waitForElementClickable;scLocator=//Portlet[ID="datastaging_interop_tab_2"]/item[0][Class="ListGrid"]/filterEditor/editRowForm/item[name=ccg_initmar||title=CCG%20IM%20on%20Cnet||value=%224159890425.29||index=1||Class=FloatItem]/element;
click;scLocator=//Portlet[ID="datastaging_interop_tab_2"]/item[0][Class="ListGrid"]/filterEditor/editRowForm/item[name=ccg_initmar||title=CCG%20IM%20on%20Cnet||value=%224159890425.29||index=1||Class=FloatItem]/element;
waitForElementClickable;scLocator=//Portlet[ID="datastaging_interop_tab_2"]/item[0][Class="ListGrid"]/filterEditor/editRowForm/item[name=ccg_initmar||title=CCG%20IM%20on%20Cnet||value=4159890425.29||index=1||Class=FloatItem]/element;
type;scLocator=//Portlet[ID="datastaging_interop_tab_2"]/item[0][Class="ListGrid"]/filterEditor/editRowForm/item[name=ccg_initmar||title=CCG%20IM%20on%20Cnet||value=4159890425.29||index=1||Class=FloatItem]/element;4159890425.29
waitForElementClickable;scLocator=//Portlet[ID="datastaging_interop_tab_2"]/item[0][Class="ListGrid"]/filterEditor/actionButton/icon;
waitForElementClickable;scLocator=//Portlet[ID="datastaging_interop_tab_2"]/item[0][Class="ListGrid"]/body/row[dt_calc=Wed Dec 28 2016 12:00:00 GMT+0100 (W. Europe Standard Time)||ccg_add_initmar_Tm2=605000000||0]/col[fieldName=ccg_add_initmar_Tm2||3];
click;scLocator=//Portlet[ID="datastaging_interop_tab_2"]/item[0][Class="ListGrid"]/body/row[dt_calc=Wed Dec 28 2016 12:00:00 GMT+0100 (W. Europe Standard Time)||ccg_add_initmar_Tm2=605000000||0]/col[fieldName=ccg_add_initmar_Tm2||3];
waitForElementClickable;scLocator=//Portlet[ID="datastaging_interop_tab_2"]/item[0][Class="ListGrid"]/body/row[dt_calc=Wed Dec 28 2016 12:00:00 GMT+0100 (W. Europe Standard Time)||ccg_add_initmar_Tm2=605000000||0]/col[fieldName=ccg_add_initmar_Tm2||3];
contextMenu;scLocator=//Portlet[ID="datastaging_interop_tab_2"]/item[0][Class="ListGrid"]/body/row[dt_calc=Wed Dec 28 2016 12:00:00 GMT+0100 (W. Europe Standard Time)||ccg_add_initmar_Tm2=605000000||0]/col[fieldName=ccg_add_initmar_Tm2||3];
waitForElementClickable;scLocator=//Menu[level=0]/body/row[title=Copy||0]/col[fieldName=title||1];
click;scLocator=//Menu[level=0]/body/row[title=Copy||0]/col[fieldName=title||1];
waitForElementClickable;scLocator=//autoID[Class=Dialog||index=60||length=62||classIndex=0||classLength=1||roleIndex=0||roleLength=1||title=Copy%20Cells||scRole=alertdialog]/item[0][Class="DynamicForm"]/item[name=textArea||title=textArea||value=%22605000000%22||index=1||Class=TextAreaItem]/element;
click;scLocator=//autoID[Class=Dialog||index=60||length=62||classIndex=0||classLength=1||roleIndex=0||roleLength=1||title=Copy%20Cells||scRole=alertdialog]/item[0][Class="DynamicForm"]/item[name=textArea||title=textArea||value=%22605000000%22||index=1||Class=TextAreaItem]/element;
waitForElementClickable;scLocator=//autoID[Class=Dialog||index=60||length=62||classIndex=0||classLength=1||roleIndex=0||roleLength=1||title=Copy%20Cells||scRole=alertdialog]/item[0][Class="DynamicForm"]/item[name=done||title=Done||index=2||Class=ButtonItem]/button/;
click;scLocator=//autoID[Class=Dialog||index=60||length=62||classIndex=0||classLength=1||roleIndex=0||roleLength=1||title=Copy%20Cells||scRole=alertdialog]/item[0][Class="DynamicForm"]/item[name=done||title=Done||index=2||Class=ButtonItem]/button/;
waitForElementClickable;scLocator=//Portlet[ID="datastaging_interop_tab_2"]/item[0][Class="ListGrid"]/filterEditor/editRowForm/item[name=ccg_add_initmar_Tm2||title=CCG%20add.init.mar.%20T-2||index=3||Class=FloatItem]/element;
click;scLocator=//Portlet[ID="datastaging_interop_tab_2"]/item[0][Class="ListGrid"]/filterEditor/editRowForm/item[name=ccg_add_initmar_Tm2||title=CCG%20add.init.mar.%20T-2||index=3||Class=FloatItem]/element;
waitForElementClickable;scLocator=//Portlet[ID="datastaging_interop_tab_2"]/item[0][Class="ListGrid"]/filterEditor/editRowForm/item[name=ccg_add_initmar_Tm2||title=CCG%20add.init.mar.%20T-2||value=605000000||index=3||Class=FloatItem]/element;
click;scLocator=//Portlet[ID="datastaging_interop_tab_2"]/item[0][Class="ListGrid"]/filterEditor/editRowForm/item[name=ccg_add_initmar_Tm2||title=CCG%20add.init.mar.%20T-2||value=605000000||index=3||Class=FloatItem]/element;
waitForElementClickable;scLocator=//Portlet[ID="datastaging_interop_tab_2"]/item[0][Class="ListGrid"]/filterEditor/editRowForm/item[name=ccg_add_initmar_Tm2||title=CCG%20add.init.mar.%20T-2||value=%3D605000000||index=3||Class=FloatItem]/element;
click;scLocator=//Portlet[ID="datastaging_interop_tab_2"]/item[0][Class="ListGrid"]/filterEditor/editRowForm/item[name=ccg_add_initmar_Tm2||title=CCG%20add.init.mar.%20T-2||value=%3D605000000||index=3||Class=FloatItem]/element;
waitForElementReadyForKeyPresses;scLocator=//Portlet[ID="datastaging_interop_tab_2"]/item[0][Class="ListGrid"]/filterEditor/editRowForm/item[name=ccg_add_initmar_Tm2||title=CCG%20add.init.mar.%20T-2||value=%3D605000000||index=3||Class=FloatItem]/element;
sendKeys;scLocator=//Portlet[ID="datastaging_interop_tab_2"]/item[0][Class="ListGrid"]/filterEditor/editRowForm/item[name=ccg_add_initmar_Tm2||title=CCG%20add.init.mar.%20T-2||value=%3D605000000||index=3||Class=FloatItem]/element;${KEY_ENTER}
waitForElementClickable;scLocator=//Portlet[ID="datastaging_interop_tab_2"]/item[0][Class="ListGrid"]/filterEditor/editRowForm/item[name=ccg_add_initmar_Tm2||title=CCG%20add.init.mar.%20T-2||value=%3D605000000||index=3||Class=FloatItem]/element;
type;scLocator=//Portlet[ID="datastaging_interop_tab_2"]/item[0][Class="ListGrid"]/filterEditor/editRowForm/item[name=ccg_add_initmar_Tm2||title=CCG%20add.init.mar.%20T-2||value=%3D605000000||index=3||Class=FloatItem]/element;=605000000
waitForElementClickable;scLocator=//Portlet[ID="datastaging_interop_tab_2"]/item[0][Class="ListGrid"]/filterEditor/actionButton/icon;
click;scLocator=//Portlet[ID="datastaging_interop_tab_2"]/item[0][Class="ListGrid"]/filterEditor/actionButton/icon;
waitForElementClickable;scLocator=//Portlet[ID="datastaging_interop_tab_2"]/item[0][Class="ListGrid"]/filterEditor/editRowForm/item[name=ccg_add_initmar_Tm2||title=CCG%20add.init.mar.%20T-2||value=%3D605000000||index=3||Class=FloatItem]/element;
click;scLocator=//Portlet[ID="datastaging_interop_tab_2"]/item[0][Class="ListGrid"]/filterEditor/editRowForm/item[name=ccg_add_initmar_Tm2||title=CCG%20add.init.mar.%20T-2||value=%3D605000000||index=3||Class=FloatItem]/element;
waitForElementReadyForKeyPresses;scLocator=//Portlet[ID="datastaging_interop_tab_2"]/item[0][Class="ListGrid"]/filterEditor/editRowForm/item[name=ccg_add_initmar_Tm2||title=CCG%20add.init.mar.%20T-2||value=605000000||index=3||Class=FloatItem]/element;
sendKeys;scLocator=//Portlet[ID="datastaging_interop_tab_2"]/item[0][Class="ListGrid"]/filterEditor/editRowForm/item[name=ccg_add_initmar_Tm2||title=CCG%20add.init.mar.%20T-2||value=605000000||index=3||Class=FloatItem]/element;${KEY_ENTER}
waitForElementClickable;scLocator=//Portlet[ID="datastaging_interop_tab_2"]/item[0][Class="ListGrid"]/filterEditor/editRowForm/item[name=ccg_add_initmar_Tm2||title=CCG%20add.init.mar.%20T-2||value=605000000||index=3||Class=FloatItem]/element;
click;scLocator=//Portlet[ID="datastaging_interop_tab_2"]/item[0][Class="ListGrid"]/filterEditor/editRowForm/item[name=ccg_add_initmar_Tm2||title=CCG%20add.init.mar.%20T-2||value=605000000||index=3||Class=FloatItem]/element;
waitForElementClickable;scLocator=//Portlet[ID="datastaging_interop_tab_2"]/item[0][Class="ListGrid"]/filterEditor/editRowForm/item[name=ccg_add_initmar_Tm2||title=CCG%20add.init.mar.%20T-2||index=3||Class=FloatItem]/element;
type;scLocator=//Portlet[ID="datastaging_interop_tab_2"]/item[0][Class="ListGrid"]/filterEditor/editRowForm/item[name=ccg_add_initmar_Tm2||title=CCG%20add.init.mar.%20T-2||index=3||Class=FloatItem]/element;
waitForElementClickable;scLocator=//Portlet[ID="datastaging_interop_tab_2"]/item[0][Class="ListGrid"]/filterEditor/editRowForm/item[name=ccg_add_initmar_Tm1||title=CCG%20add.init.mar%20T-1||index=4||Class=FloatItem]/element;
click;scLocator=//Portlet[ID="datastaging_interop_tab_2"]/item[0][Class="ListGrid"]/filterEditor/editRowForm/item[name=ccg_add_initmar_Tm1||title=CCG%20add.init.mar%20T-1||index=4||Class=FloatItem]/element;
waitForElementClickable;scLocator=//Portlet[ID="datastaging_interop_tab_2"]/item[0][Class="ListGrid"]/filterEditor/editRowForm/item[name=ccg_add_initmar_Tm1||title=CCG%20add.init.mar%20T-1||value=605000000||index=4||Class=FloatItem]/element;
click;scLocator=//Portlet[ID="datastaging_interop_tab_2"]/item[0][Class="ListGrid"]/filterEditor/editRowForm/item[name=ccg_add_initmar_Tm1||title=CCG%20add.init.mar%20T-1||value=605000000||index=4||Class=FloatItem]/element;
waitForElementReadyForKeyPresses;scLocator=//Portlet[ID="datastaging_interop_tab_2"]/item[0][Class="ListGrid"]/filterEditor/editRowForm/item[name=ccg_add_initmar_Tm1||title=CCG%20add.init.mar%20T-1||value=601000000||index=4||Class=FloatItem]/element;
sendKeys;scLocator=//Portlet[ID="datastaging_interop_tab_2"]/item[0][Class="ListGrid"]/filterEditor/editRowForm/item[name=ccg_add_initmar_Tm1||title=CCG%20add.init.mar%20T-1||value=601000000||index=4||Class=FloatItem]/element;${KEY_ENTER}
waitForElementClickable;scLocator=//Portlet[ID="datastaging_interop_tab_2"]/item[0][Class="ListGrid"]/filterEditor/editRowForm/item[name=ccg_add_initmar_Tm1||title=CCG%20add.init.mar%20T-1||value=601000000||index=4||Class=FloatItem]/element;
click;scLocator=//Portlet[ID="datastaging_interop_tab_2"]/item[0][Class="ListGrid"]/filterEditor/editRowForm/item[name=ccg_add_initmar_Tm1||title=CCG%20add.init.mar%20T-1||value=601000000||index=4||Class=FloatItem]/element;
waitForElementReadyForKeyPresses;scLocator=//Portlet[ID="datastaging_interop_tab_2"]/item[0][Class="ListGrid"]/filterEditor/editRowForm/item[name=ccg_add_initmar_Tm1||title=CCG%20add.init.mar%20T-1||index=4||Class=FloatItem]/element;
sendKeys;scLocator=//Portlet[ID="datastaging_interop_tab_2"]/item[0][Class="ListGrid"]/filterEditor/editRowForm/item[name=ccg_add_initmar_Tm1||title=CCG%20add.init.mar%20T-1||index=4||Class=FloatItem]/element;${KEY_ENTER}
waitForElementClickable;scLocator=//Portlet[ID="datastaging_interop_tab_2"]/item[0][Class="ListGrid"]/header/headerButton[fieldName=cnet_cash_call]/;
click;scLocator=//Portlet[ID="datastaging_interop_tab_2"]/item[0][Class="ListGrid"]/header/headerButton[fieldName=cnet_cash_call]/;
waitForElementClickable;scLocator=//Portlet[ID="datastaging_interop_tab_2"]/item[0][Class="ListGrid"]/filterEditor/editRowForm/item[name=cnet_excess_cash||title=Cnet%20excess%20cash||index=6||Class=FloatItem]/element;
click;scLocator=//Portlet[ID="datastaging_interop_tab_2"]/item[0][Class="ListGrid"]/filterEditor/editRowForm/item[name=cnet_excess_cash||title=Cnet%20excess%20cash||index=6||Class=FloatItem]/element;
waitForElementClickable;scLocator=//Portlet[ID="datastaging_interop_tab_2"]/item[0][Class="ListGrid"]/body/row[dt_calc=Wed Dec 28 2016 12:00:00 GMT+0100 (W. Europe Standard Time)||cnet_excess_cash=58874678||1]/col[fieldName=cnet_excess_cash||6];
click;scLocator=//Portlet[ID="datastaging_interop_tab_2"]/item[0][Class="ListGrid"]/body/row[dt_calc=Wed Dec 28 2016 12:00:00 GMT+0100 (W. Europe Standard Time)||cnet_excess_cash=58874678||1]/col[fieldName=cnet_excess_cash||6];
waitForElementClickable;scLocator=//Portlet[ID="datastaging_interop_tab_2"]/item[0][Class="ListGrid"]/body/row[dt_calc=Wed Dec 28 2016 12:00:00 GMT+0100 (W. Europe Standard Time)||cnet_excess_cash=58874678||1]/col[fieldName=cnet_excess_cash||6];
contextMenu;scLocator=//Portlet[ID="datastaging_interop_tab_2"]/item[0][Class="ListGrid"]/body/row[dt_calc=Wed Dec 28 2016 12:00:00 GMT+0100 (W. Europe Standard Time)||cnet_excess_cash=58874678||1]/col[fieldName=cnet_excess_cash||6];
waitForElementClickable;scLocator=//Menu[level=0]/body/row[title=Copy||0]/col[fieldName=icon||0];
click;scLocator=//Menu[level=0]/body/row[title=Copy||0]/col[fieldName=icon||0];
waitForElementClickable;scLocator=//autoID[Class=Dialog||index=79||length=81||classIndex=0||classLength=1||roleIndex=0||roleLength=1||title=Copy%20Cells||scRole=alertdialog]/item[0][Class="DynamicForm"]/item[name=textArea||title=textArea||value=%2258874678%22||index=1||Class=TextAreaItem]/element;
click;scLocator=//autoID[Class=Dialog||index=79||length=81||classIndex=0||classLength=1||roleIndex=0||roleLength=1||title=Copy%20Cells||scRole=alertdialog]/item[0][Class="DynamicForm"]/item[name=textArea||title=textArea||value=%2258874678%22||index=1||Class=TextAreaItem]/element;
waitForElementClickable;scLocator=//autoID[Class=Dialog||index=79||length=81||classIndex=0||classLength=1||roleIndex=0||roleLength=1||title=Copy%20Cells||scRole=alertdialog]/item[0][Class="DynamicForm"]/item[name=done||title=Done||index=2||Class=ButtonItem]/button/;
click;scLocator=//autoID[Class=Dialog||index=79||length=81||classIndex=0||classLength=1||roleIndex=0||roleLength=1||title=Copy%20Cells||scRole=alertdialog]/item[0][Class="DynamicForm"]/item[name=done||title=Done||index=2||Class=ButtonItem]/button/;
waitForElementClickable;scLocator=//Portlet[ID="datastaging_interop_tab_2"]/item[0][Class="ListGrid"]/filterEditor/editRowForm/item[name=cnet_excess_cash||title=Cnet%20excess%20cash||index=6||Class=FloatItem]/element;
click;scLocator=//Portlet[ID="datastaging_interop_tab_2"]/item[0][Class="ListGrid"]/filterEditor/editRowForm/item[name=cnet_excess_cash||title=Cnet%20excess%20cash||index=6||Class=FloatItem]/element;
waitForElementReadyForKeyPresses;scLocator=//Portlet[ID="datastaging_interop_tab_2"]/item[0][Class="ListGrid"]/filterEditor/editRowForm/item[name=cnet_excess_cash||title=Cnet%20excess%20cash||value=%3E588||index=6||Class=FloatItem]/element;
sendKeys;scLocator=//Portlet[ID="datastaging_interop_tab_2"]/item[0][Class="ListGrid"]/filterEditor/editRowForm/item[name=cnet_excess_cash||title=Cnet%20excess%20cash||value=%3E588||index=6||Class=FloatItem]/element;${KEY_ENTER}
waitForElementReadyForKeyPresses;scLocator=//Portlet[ID="datastaging_interop_tab_2"]/item[0][Class="ListGrid"]/filterEditor/editRowForm/item[name=cnet_excess_cash||title=Cnet%20excess%20cash||value=%3E588||index=6||Class=FloatItem]/element;
sendKeys;scLocator=//Portlet[ID="datastaging_interop_tab_2"]/item[0][Class="ListGrid"]/filterEditor/editRowForm/item[name=cnet_excess_cash||title=Cnet%20excess%20cash||value=%3E588||index=6||Class=FloatItem]/element;${KEY_ENTER}
waitForElementReadyForKeyPresses;scLocator=//Portlet[ID="datastaging_interop_tab_2"]/item[0][Class="ListGrid"]/filterEditor/editRowForm/item[name=cnet_excess_cash||title=Cnet%20excess%20cash||value=%3E588||index=6||Class=FloatItem]/element;
sendKeys;scLocator=//Portlet[ID="datastaging_interop_tab_2"]/item[0][Class="ListGrid"]/filterEditor/editRowForm/item[name=cnet_excess_cash||title=Cnet%20excess%20cash||value=%3E588||index=6||Class=FloatItem]/element;${KEY_ENTER}
waitForElementReadyForKeyPresses;scLocator=//Portlet[ID="datastaging_interop_tab_2"]/item[0][Class="ListGrid"]/filterEditor/editRowForm/item[name=cnet_excess_cash||title=Cnet%20excess%20cash||value=%3E588||index=6||Class=FloatItem]/element;
sendKeys;scLocator=//Portlet[ID="datastaging_interop_tab_2"]/item[0][Class="ListGrid"]/filterEditor/editRowForm/item[name=cnet_excess_cash||title=Cnet%20excess%20cash||value=%3E588||index=6||Class=FloatItem]/element;${KEY_ENTER}
waitForElementClickable;scLocator=//Portlet[ID="datastaging_interop_tab_2"]/item[0][Class="ListGrid"]/filterEditor/editRowForm/item[name=cnet_excess_cash||title=Cnet%20excess%20cash||value=%3E588||index=6||Class=FloatItem]/element;
click;scLocator=//Portlet[ID="datastaging_interop_tab_2"]/item[0][Class="ListGrid"]/filterEditor/editRowForm/item[name=cnet_excess_cash||title=Cnet%20excess%20cash||value=%3E588||index=6||Class=FloatItem]/element;
waitForElementReadyForKeyPresses;scLocator=//Portlet[ID="datastaging_interop_tab_2"]/item[0][Class="ListGrid"]/filterEditor/editRowForm/item[name=cnet_excess_cash||title=Cnet%20excess%20cash||index=6||Class=FloatItem]/element;
sendKeys;scLocator=//Portlet[ID="datastaging_interop_tab_2"]/item[0][Class="ListGrid"]/filterEditor/editRowForm/item[name=cnet_excess_cash||title=Cnet%20excess%20cash||index=6||Class=FloatItem]/element;${KEY_ENTER}
waitForElementClickable;scLocator=//Portlet[ID="datastaging_interop_tab_2"]/item[0][Class="ListGrid"]/filterEditor/actionButton/icon;
click;scLocator=//Portlet[ID="datastaging_interop_tab_2"]/item[0][Class="ListGrid"]/filterEditor/actionButton/icon;
waitForElementClickable;scLocator=//Portlet[ID="datastaging_interop_tab_2"]/item[0][Class="ListGrid"]/filterEditor/editRowForm/item[name=dt_calc||title=Calc.%20date||value=[object Object]||index=0||Class=MiniDateRangeItem]/;
click;scLocator=//Portlet[ID="datastaging_interop_tab_2"]/item[0][Class="ListGrid"]/filterEditor/editRowForm/item[name=dt_calc||title=Calc.%20date||value=[object Object]||index=0||Class=MiniDateRangeItem]/;
waitForElementClickable;scLocator=//Portlet[ID="datastaging_interop_tab_2"]/item[0][Class="ListGrid"]/filterEditor/editRowForm/item[name=dt_calc||title=Calc.%20date||value=[object Object]||index=0||Class=MiniDateRangeItem]/[icon="showDateRange"];
click;scLocator=//Portlet[ID="datastaging_interop_tab_2"]/item[0][Class="ListGrid"]/filterEditor/editRowForm/item[name=dt_calc||title=Calc.%20date||value=[object Object]||index=0||Class=MiniDateRangeItem]/[icon="showDateRange"];
waitForElementClickable;scLocator=//Portlet[ID="datastaging_interop_tab_2"]/item[0][Class="ListGrid"]/filterEditor/editRowForm/item[name=dt_calc||title=Calc.%20date||value=[object Object]||index=0||Class=MiniDateRangeItem]/rangeDialog/clearButton/;
click;scLocator=//Portlet[ID="datastaging_interop_tab_2"]/item[0][Class="ListGrid"]/filterEditor/editRowForm/item[name=dt_calc||title=Calc.%20date||value=[object Object]||index=0||Class=MiniDateRangeItem]/rangeDialog/clearButton/;
waitForElementClickable;scLocator=//Portlet[ID="datastaging_interop_tab_2"]/item[0][Class="ListGrid"]/filterEditor/editRowForm/item[name=dt_calc||title=Calc.%20date||index=0||Class=MiniDateRangeItem]/rangeDialog/okButton/;
click;scLocator=//Portlet[ID="datastaging_interop_tab_2"]/item[0][Class="ListGrid"]/filterEditor/editRowForm/item[name=dt_calc||title=Calc.%20date||index=0||Class=MiniDateRangeItem]/rangeDialog/okButton/;
waitForElementClickable;scLocator=//Portlet[ID="datastaging_interop_tab_2"]/item[0][Class="ListGrid"]/filterEditor/actionButton/icon;
click;scLocator=//Portlet[ID="datastaging_interop_tab_2"]/item[0][Class="ListGrid"]/filterEditor/actionButton/icon;
waitForElementClickable;scLocator=//Portlet[ID="datastaging_interop_tab_2"]/item[0][Class="ListGrid"]/filterEditor/editRowForm/item[name=cnet_cash_call||title=Cnet%20cash.%20call||index=5||Class=FloatItem]/element;
click;scLocator=//Portlet[ID="datastaging_interop_tab_2"]/item[0][Class="ListGrid"]/filterEditor/editRowForm/item[name=cnet_cash_call||title=Cnet%20cash.%20call||index=5||Class=FloatItem]/element;
waitForElementReadyForKeyPresses;scLocator=//Portlet[ID="datastaging_interop_tab_2"]/item[0][Class="ListGrid"]/filterEditor/editRowForm/item[name=cnet_cash_call||title=Cnet%20cash.%20call||value=0||index=5||Class=FloatItem]/element;
sendKeys;scLocator=//Portlet[ID="datastaging_interop_tab_2"]/item[0][Class="ListGrid"]/filterEditor/editRowForm/item[name=cnet_cash_call||title=Cnet%20cash.%20call||value=0||index=5||Class=FloatItem]/element;${KEY_LEFT}
waitForElementReadyForKeyPresses;scLocator=//Portlet[ID="datastaging_interop_tab_2"]/item[0][Class="ListGrid"]/filterEditor/editRowForm/item[name=cnet_cash_call||title=Cnet%20cash.%20call||value=0||index=5||Class=FloatItem]/element;
sendKeys;scLocator=//Portlet[ID="datastaging_interop_tab_2"]/item[0][Class="ListGrid"]/filterEditor/editRowForm/item[name=cnet_cash_call||title=Cnet%20cash.%20call||value=0||index=5||Class=FloatItem]/element;${KEY_ENTER}
