
command,target,value
echo;;RU02-NUC01-T02.rctest
open;/CCAM/;Countries - CCAM - Filters
click;//div[@id='isc_H']/table/tbody/tr/td/table/tbody/tr/td[2];
waitForElementClickable;scLocator=//autoID[Class=VLayout||index=1||length=4||classIndex=0||classLength=1]/member[Class=HLayout||index=1||length=4||classIndex=1||classLength=4]/member[Class=MenuButton||index=0||length=1||classIndex=0||classLength=1||roleIndex=0||roleLength=1||title=Menu||scRole=button]/;
click;scLocator=//autoID[Class=VLayout||index=1||length=4||classIndex=0||classLength=1]/member[Class=HLayout||index=1||length=4||classIndex=1||classLength=4]/member[Class=MenuButton||index=0||length=1||classIndex=0||classLength=1||roleIndex=0||roleLength=1||title=Menu||scRole=button]/;
waitForElementClickable;scLocator=//Menu[level=1]/body/row[3]/col[fieldName=title||0];
click;scLocator=//Menu[level=1]/body/row[3]/col[fieldName=title||0];
waitForElementClickable;scLocator=//Portlet[ID="refdata_country_tab_2"]/maximizeButton/;
click;scLocator=//Portlet[ID="refdata_country_tab_2"]/maximizeButton/;
waitForElementClickable;scLocator=//Portlet[ID="refdata_country_tab_2"]/item[0][Class="ListGrid"]/filterEditor/editRowForm/item[name=country_zone||title=Country%20zone||index=3||Class=TextItem]/element;
click;scLocator=//Portlet[ID="refdata_country_tab_2"]/item[0][Class="ListGrid"]/filterEditor/editRowForm/item[name=country_zone||title=Country%20zone||index=3||Class=TextItem]/element;
waitForElementReadyForKeyPresses;scLocator=//Portlet[ID="refdata_country_tab_2"]/item[0][Class="ListGrid"]/filterEditor/editRowForm/item[name=country_zone||title=Country%20zone||value=Euroope||index=3||Class=TextItem]/element;
sendKeys;scLocator=//Portlet[ID="refdata_country_tab_2"]/item[0][Class="ListGrid"]/filterEditor/editRowForm/item[name=country_zone||title=Country%20zone||value=Euroope||index=3||Class=TextItem]/element;${KEY_ENTER}
waitForElementReadyForKeyPresses;scLocator=//Portlet[ID="refdata_country_tab_2"]/item[0][Class="ListGrid"]/filterEditor/editRowForm/item[name=country_zone||title=Country%20zone||value=Europe||index=3||Class=TextItem]/element;
sendKeys;scLocator=//Portlet[ID="refdata_country_tab_2"]/item[0][Class="ListGrid"]/filterEditor/editRowForm/item[name=country_zone||title=Country%20zone||value=Europe||index=3||Class=TextItem]/element;${KEY_ENTER}
waitForElementClickable;scLocator=//Portlet[ID="refdata_country_tab_2"]/item[0][Class="ListGrid"]/filterEditor/editRowForm/item[name=country_zone||title=Country%20zone||value=Europe||index=3||Class=TextItem]/element;
type;scLocator=//Portlet[ID="refdata_country_tab_2"]/item[0][Class="ListGrid"]/filterEditor/editRowForm/item[name=country_zone||title=Country%20zone||value=Europe||index=3||Class=TextItem]/element;Europe
waitForElementClickable;scLocator=//Portlet[ID="refdata_country_tab_2"]/item[0][Class="ListGrid"]/filterEditor/editRowForm/item[name=country_iso2||title=Country%20ISO2||index=1||Class=TextItem]/element;
click;scLocator=//Portlet[ID="refdata_country_tab_2"]/item[0][Class="ListGrid"]/filterEditor/editRowForm/item[name=country_iso2||title=Country%20ISO2||index=1||Class=TextItem]/element;
waitForElementClickable;scLocator=//Portlet[ID="refdata_country_tab_2"]/item[0][Class="ListGrid"]/filterEditor/editRowForm/item[name=country_iso2||title=Country%20ISO2||value=AX||index=1||Class=TextItem]/element;
type;scLocator=//Portlet[ID="refdata_country_tab_2"]/item[0][Class="ListGrid"]/filterEditor/editRowForm/item[name=country_iso2||title=Country%20ISO2||value=AX||index=1||Class=TextItem]/element;AX
waitForElementClickable;scLocator=//Portlet[ID="refdata_country_tab_2"]/item[0][Class="ListGrid"]/filterEditor/actionButton/icon;
click;scLocator=//Portlet[ID="refdata_country_tab_2"]/item[0][Class="ListGrid"]/filterEditor/actionButton/icon;
waitForElementClickable;scLocator=//Portlet[ID="refdata_country_tab_2"]/item[0][Class="ListGrid"]/filterEditor/editRowForm/item[name=country_zone||title=Country%20zone||value=Europe||index=3||Class=TextItem]/element;
click;scLocator=//Portlet[ID="refdata_country_tab_2"]/item[0][Class="ListGrid"]/filterEditor/editRowForm/item[name=country_zone||title=Country%20zone||value=Europe||index=3||Class=TextItem]/element;
waitForElementClickable;scLocator=//Portlet[ID="refdata_country_tab_2"]/item[0][Class="ListGrid"]/filterEditor/editRowForm/item[name=country_zone||title=Country%20zone||index=3||Class=TextItem]/element;
type;scLocator=//Portlet[ID="refdata_country_tab_2"]/item[0][Class="ListGrid"]/filterEditor/editRowForm/item[name=country_zone||title=Country%20zone||index=3||Class=TextItem]/element;
waitForElementClickable;scLocator=//Portlet[ID="refdata_country_tab_2"]/item[0][Class="ListGrid"]/filterEditor/actionButton/icon;
click;scLocator=//Portlet[ID="refdata_country_tab_2"]/item[0][Class="ListGrid"]/filterEditor/actionButton/icon;
waitForElementClickable;scLocator=//Portlet[ID="refdata_country_tab_2"]/item[0][Class="ListGrid"]/filterEditor/editRowForm/item[name=country_iso2||title=Country%20ISO2||value=AX||index=1||Class=TextItem]/element;
click;scLocator=//Portlet[ID="refdata_country_tab_2"]/item[0][Class="ListGrid"]/filterEditor/editRowForm/item[name=country_iso2||title=Country%20ISO2||value=AX||index=1||Class=TextItem]/element;
waitForElementClickable;scLocator=//Portlet[ID="refdata_country_tab_2"]/item[0][Class="ListGrid"]/filterEditor/editRowForm/item[name=country_iso2||title=Country%20ISO2||index=1||Class=TextItem]/element;
type;scLocator=//Portlet[ID="refdata_country_tab_2"]/item[0][Class="ListGrid"]/filterEditor/editRowForm/item[name=country_iso2||title=Country%20ISO2||index=1||Class=TextItem]/element;
waitForElementClickable;scLocator=//Portlet[ID="refdata_country_tab_2"]/item[0][Class="ListGrid"]/filterEditor/editRowForm/item[name=country_zone||title=Country%20zone||index=3||Class=TextItem]/element;
click;scLocator=//Portlet[ID="refdata_country_tab_2"]/item[0][Class="ListGrid"]/filterEditor/editRowForm/item[name=country_zone||title=Country%20zone||index=3||Class=TextItem]/element;
waitForElementReadyForKeyPresses;scLocator=//Portlet[ID="refdata_country_tab_2"]/item[0][Class="ListGrid"]/filterEditor/editRowForm/item[name=country_zone||title=Country%20zone||value=Africa||index=3||Class=TextItem]/element;
sendKeys;scLocator=//Portlet[ID="refdata_country_tab_2"]/item[0][Class="ListGrid"]/filterEditor/editRowForm/item[name=country_zone||title=Country%20zone||value=Africa||index=3||Class=TextItem]/element;${KEY_ENTER}
waitForElementClickable;scLocator=//Portlet[ID="refdata_country_tab_2"]/item[0][Class="ListGrid"]/filterEditor/editRowForm/item[name=country_iso2||title=Country%20ISO2||index=1||Class=TextItem]/element;
click;scLocator=//Portlet[ID="refdata_country_tab_2"]/item[0][Class="ListGrid"]/filterEditor/editRowForm/item[name=country_iso2||title=Country%20ISO2||index=1||Class=TextItem]/element;
waitForElementClickable;scLocator=//Portlet[ID="refdata_country_tab_2"]/item[0][Class="ListGrid"]/filterEditor/editRowForm/item[name=country_iso2||title=Country%20ISO2||value=AX||index=1||Class=TextItem]/element;
type;scLocator=//Portlet[ID="refdata_country_tab_2"]/item[0][Class="ListGrid"]/filterEditor/editRowForm/item[name=country_iso2||title=Country%20ISO2||value=AX||index=1||Class=TextItem]/element;AX
waitForElementClickable;scLocator=//Portlet[ID="refdata_country_tab_2"]/item[0][Class="ListGrid"]/filterEditor/actionButton/icon;
click;scLocator=//Portlet[ID="refdata_country_tab_2"]/item[0][Class="ListGrid"]/filterEditor/actionButton/icon;
waitForElementClickable;scLocator=//Portlet[ID="refdata_country_tab_2"]/item[0][Class="ListGrid"]/filterEditor/editRowForm/item[name=country_iso2||title=Country%20ISO2||value=AX||index=1||Class=TextItem]/element;
click;scLocator=//Portlet[ID="refdata_country_tab_2"]/item[0][Class="ListGrid"]/filterEditor/editRowForm/item[name=country_iso2||title=Country%20ISO2||value=AX||index=1||Class=TextItem]/element;
waitForElementReadyForKeyPresses;scLocator=//Portlet[ID="refdata_country_tab_2"]/item[0][Class="ListGrid"]/filterEditor/editRowForm/item[name=country_iso2||title=Country%20ISO2||index=1||Class=TextItem]/element;
sendKeys;scLocator=//Portlet[ID="refdata_country_tab_2"]/item[0][Class="ListGrid"]/filterEditor/editRowForm/item[name=country_iso2||title=Country%20ISO2||index=1||Class=TextItem]/element;${KEY_ENTER}
waitForElementClickable;scLocator=//Portlet[ID="refdata_country_tab_2"]/item[0][Class="ListGrid"]/filterEditor/editRowForm/item[name=country_iso2||title=Country%20ISO2||index=1||Class=TextItem]/element;
type;scLocator=//Portlet[ID="refdata_country_tab_2"]/item[0][Class="ListGrid"]/filterEditor/editRowForm/item[name=country_iso2||title=Country%20ISO2||index=1||Class=TextItem]/element;
