
command,target,value
echo;;RU02-NUC01-T03.rctest
open;/CCAM/;Countries - CCAM - Grouping
click;//div[@id='isc_H']/table/tbody/tr/td/table/tbody/tr/td[2];
waitForElementClickable;scLocator=//autoID[Class=VLayout||index=1||length=4||classIndex=0||classLength=1]/member[Class=HLayout||index=1||length=4||classIndex=1||classLength=4]/member[Class=MenuButton||index=0||length=1||classIndex=0||classLength=1||roleIndex=0||roleLength=1||title=Menu||scRole=button]/;
click;scLocator=//autoID[Class=VLayout||index=1||length=4||classIndex=0||classLength=1]/member[Class=HLayout||index=1||length=4||classIndex=1||classLength=4]/member[Class=MenuButton||index=0||length=1||classIndex=0||classLength=1||roleIndex=0||roleLength=1||title=Menu||scRole=button]/;
waitForElementClickable;scLocator=//Menu[level=1]/body/row[3]/col[fieldName=title||0];
click;scLocator=//Menu[level=1]/body/row[3]/col[fieldName=title||0];
waitForElementClickable;scLocator=//Portlet[ID="refdata_country_tab_2"]/maximizeButton/;
click;scLocator=//Portlet[ID="refdata_country_tab_2"]/maximizeButton/;
waitForElementClickable;scLocator=//Portlet[ID="refdata_country_tab_2"]/item[0][Class="ListGrid"]/headerMenuButton/;
click;scLocator=//Portlet[ID="refdata_country_tab_2"]/item[0][Class="ListGrid"]/headerMenuButton/;
waitForElementClickable;scLocator=//Portlet[ID="refdata_country_tab_2"]/item[0][Class="ListGrid"]/headerContextMenu[Class=Menu||index=0||length=1||classIndex=0||classLength=1||roleIndex=0||roleLength=1||scRole=menu]/body/row[title=Group%20by%20Country%20zone||8]/col[fieldName=title||1];
click;scLocator=//Portlet[ID="refdata_country_tab_2"]/item[0][Class="ListGrid"]/headerContextMenu[Class=Menu||index=0||length=1||classIndex=0||classLength=1||roleIndex=0||roleLength=1||scRole=menu]/body/row[title=Group%20by%20Country%20zone||8]/col[fieldName=title||1];
waitForElementClickable;scLocator=//Portlet[ID="refdata_country_tab_2"]/item[0][Class="ListGrid"]/header/headerButton[fieldName=country_name]/;
contextMenu;scLocator=//Portlet[ID="refdata_country_tab_2"]/item[0][Class="ListGrid"]/header/headerButton[fieldName=country_name]/;
waitForElementClickable;scLocator=//Portlet[ID="refdata_country_tab_2"]/item[0][Class="ListGrid"]/headerContextMenu[Class=Menu||index=0||length=1||classIndex=0||classLength=1||roleIndex=0||roleLength=1||scRole=menu]/body/row[title=Group%20by%20Country%20name||8]/col[fieldName=title||1];
click;scLocator=//Portlet[ID="refdata_country_tab_2"]/item[0][Class="ListGrid"]/headerContextMenu[Class=Menu||index=0||length=1||classIndex=0||classLength=1||roleIndex=0||roleLength=1||scRole=menu]/body/row[title=Group%20by%20Country%20name||8]/col[fieldName=title||1];
waitForElementClickable;scLocator=//Portlet[ID="refdata_country_tab_2"]/item[0][Class="ListGrid"]/header/headerButton[fieldName=country_zone]/;
contextMenu;scLocator=//Portlet[ID="refdata_country_tab_2"]/item[0][Class="ListGrid"]/header/headerButton[fieldName=country_zone]/;
waitForElementClickable;scLocator=//Portlet[ID="refdata_country_tab_2"]/item[0][Class="ListGrid"]/headerContextMenu[Class=Menu||index=0||length=1||classIndex=0||classLength=1||roleIndex=0||roleLength=1||scRole=menu]/body/row[title=Ungroup||9]/col[fieldName=title||1];
click;scLocator=//Portlet[ID="refdata_country_tab_2"]/item[0][Class="ListGrid"]/headerContextMenu[Class=Menu||index=0||length=1||classIndex=0||classLength=1||roleIndex=0||roleLength=1||scRole=menu]/body/row[title=Ungroup||9]/col[fieldName=title||1];
waitForElementClickable;scLocator=//Portlet[ID="refdata_country_tab_2"]/item[0][Class="ListGrid"]/header/headerButton[fieldName=country_name]/;
contextMenu;scLocator=//Portlet[ID="refdata_country_tab_2"]/item[0][Class="ListGrid"]/header/headerButton[fieldName=country_name]/;
waitForElementClickable;scLocator=//Portlet[ID="refdata_country_tab_2"]/item[0][Class="ListGrid"]/headerContextMenu[Class=Menu||index=0||length=1||classIndex=0||classLength=1||roleIndex=0||roleLength=1||scRole=menu]/body/row[title=Group%20by%20Country%20name||8]/col[fieldName=title||1];
click;scLocator=//Portlet[ID="refdata_country_tab_2"]/item[0][Class="ListGrid"]/headerContextMenu[Class=Menu||index=0||length=1||classIndex=0||classLength=1||roleIndex=0||roleLength=1||scRole=menu]/body/row[title=Group%20by%20Country%20name||8]/col[fieldName=title||1];
waitForElementClickable;scLocator=//Portlet[ID="refdata_country_tab_2"]/item[0][Class="ListGrid"]/body/row[groupValue=Niger||10]/col[fieldName=country_iso3||0];
click;scLocator=//Portlet[ID="refdata_country_tab_2"]/item[0][Class="ListGrid"]/body/row[groupValue=Niger||10]/col[fieldName=country_iso3||0];
waitForElementClickable;scLocator=//Portlet[ID="refdata_country_tab_2"]/header/member[Class=Img||index=1||length=5||classIndex=0||classLength=1||name=main]/;
click;scLocator=//Portlet[ID="refdata_country_tab_2"]/header/member[Class=Img||index=1||length=5||classIndex=0||classLength=1||name=main]/;
waitForElementClickable;scLocator=//Portlet[ID="refdata_country_tab_2"]/header/member[Class=Img||index=1||length=5||classIndex=0||classLength=1||name=main]/;
click;scLocator=//Portlet[ID="refdata_country_tab_2"]/header/member[Class=Img||index=1||length=5||classIndex=0||classLength=1||name=main]/;
waitForElementClickable;scLocator=//Portlet[ID="refdata_country_tab_2"]/header/member[Class=Img||index=1||length=5||classIndex=0||classLength=1||name=main]/;
click;scLocator=//Portlet[ID="refdata_country_tab_2"]/header/member[Class=Img||index=1||length=5||classIndex=0||classLength=1||name=main]/;
