
command,target,value
echo;;RU03-NUC01-T02.rctest
open;/CCAM/;Entities - CCAM - Filter
click;//div[@id='isc_H']/table/tbody/tr/td/table/tbody/tr/td[2];
selectWindow;null;
waitForElementClickable;scLocator=//autoID[Class=VLayout||index=1||length=4||classIndex=0||classLength=1]/member[Class=HLayout||index=1||length=4||classIndex=1||classLength=4]/member[Class=MenuButton||index=0||length=1||classIndex=0||classLength=1||roleIndex=0||roleLength=1||title=Menu||scRole=button]/;
click;scLocator=//autoID[Class=VLayout||index=1||length=4||classIndex=0||classLength=1]/member[Class=HLayout||index=1||length=4||classIndex=1||classLength=4]/member[Class=MenuButton||index=0||length=1||classIndex=0||classLength=1||roleIndex=0||roleLength=1||title=Menu||scRole=button]/;
waitForElementClickable;scLocator=//Menu[level=1]/body/row[1]/col[fieldName=title||0];
click;scLocator=//Menu[level=1]/body/row[1]/col[fieldName=title||0];
waitForElementClickable;scLocator=//Portlet[ID="refdata_entities_tab_2"]/maximizeButton/;
click;scLocator=//Portlet[ID="refdata_entities_tab_2"]/maximizeButton/;
waitForElementClickable;scLocator=//Portlet[ID="refdata_entities_tab_2"]/item[0][Class="ListGrid"]/body/row[lei=3021||country_name=United%20Kingdom||12]/col[fieldName=country_name||2];Select Country Name
click;scLocator=//Portlet[ID="refdata_entities_tab_2"]/item[0][Class="ListGrid"]/body/row[lei=3021||country_name=United%20Kingdom||12]/col[fieldName=country_name||2];
waitForElementClickable;scLocator=//Portlet[ID="refdata_entities_tab_2"]/item[0][Class="ListGrid"]/filterEditor/editRowForm/item[name=lei||title=LEI%20Code||index=0||Class=SelectItem]/textbox;Select LEI code
click;scLocator=//Portlet[ID="refdata_entities_tab_2"]/item[0][Class="ListGrid"]/filterEditor/editRowForm/item[name=lei||title=LEI%20Code||index=0||Class=SelectItem]/textbox;
waitForElementClickable;scLocator=//Portlet[ID="refdata_entities_tab_2"]/item[0][Class="ListGrid"]/filterEditor/actionButton/icon;
click;scLocator=//Portlet[ID="refdata_entities_tab_2"]/item[0][Class="ListGrid"]/filterEditor/actionButton/icon;
waitForElementClickable;scLocator=//Portlet[ID="refdata_entities_tab_2"]/item[0][Class="ListGrid"]/body/vscrollbar/peer[Class=SpritedVSimpleScrollThumb||index=0||length=1||classIndex=0||classLength=1||title=%26nbsp%3B||name=main]/;
dragAndDrop;scLocator=//Portlet[ID="refdata_entities_tab_2"]/item[0][Class="ListGrid"]/body/vscrollbar/peer[Class=SpritedVSimpleScrollThumb||index=0||length=1||classIndex=0||classLength=1||title=%26nbsp%3B||name=main]/;+13,+358
waitForElementClickable;scLocator=//Portlet[ID="refdata_entities_tab_2"]/item[0][Class="ListGrid"]/body/vscrollbar/peer[Class=SpritedVSimpleScrollThumb||index=0||length=1||classIndex=0||classLength=1||title=%26nbsp%3B||name=main]/;
dragAndDrop;scLocator=//Portlet[ID="refdata_entities_tab_2"]/item[0][Class="ListGrid"]/body/vscrollbar/peer[Class=SpritedVSimpleScrollThumb||index=0||length=1||classIndex=0||classLength=1||title=%26nbsp%3B||name=main]/;+8,-621
waitForElementClickable;scLocator=//Portlet[ID="refdata_entities_tab_2"]/item[0][Class="ListGrid"]/body/vscrollbar/peer[Class=SpritedVSimpleScrollThumb||index=0||length=1||classIndex=0||classLength=1||title=%26nbsp%3B||name=main]/;
dragAndDrop;scLocator=//Portlet[ID="refdata_entities_tab_2"]/item[0][Class="ListGrid"]/body/vscrollbar/peer[Class=SpritedVSimpleScrollThumb||index=0||length=1||classIndex=0||classLength=1||title=%26nbsp%3B||name=main]/;+5,+59
waitForElementClickable;scLocator=//Portlet[ID="refdata_entities_tab_2"]/item[0][Class="ListGrid"]/filterEditor/editRowForm/item[name=legal_name||title=Legal%20name||index=0||Class=TextItem]/element;
click;scLocator=//Portlet[ID="refdata_entities_tab_2"]/item[0][Class="ListGrid"]/filterEditor/editRowForm/item[name=legal_name||title=Legal%20name||index=0||Class=TextItem]/element;
waitForElementReadyForKeyPresses;scLocator=//Portlet[ID="refdata_entities_tab_2"]/item[0][Class="ListGrid"]/filterEditor/editRowForm/item[name=legal_name||title=Legal%20name||value=unipol||index=0||Class=TextItem]/element;
sendKeys;scLocator=//Portlet[ID="refdata_entities_tab_2"]/item[0][Class="ListGrid"]/filterEditor/editRowForm/item[name=legal_name||title=Legal%20name||value=unipol||index=0||Class=TextItem]/element;${KEY_ENTER}
waitForElementClickable;scLocator=//Portlet[ID="refdata_entities_tab_2"]/item[0][Class="ListGrid"]/filterEditor/editRowForm/item[name=cab||title=CAB%20code||index=3||Class=TextItem]/element;
click;scLocator=//Portlet[ID="refdata_entities_tab_2"]/item[0][Class="ListGrid"]/filterEditor/editRowForm/item[name=cab||title=CAB%20code||index=3||Class=TextItem]/element;
waitForElementClickable;scLocator=//Portlet[ID="refdata_entities_tab_2"]/item[0][Class="ListGrid"]/filterEditor/editRowForm/item[name=country_name||title=Country%20name||value=United||index=4||Class=TextItem]/element;
click;scLocator=//Portlet[ID="refdata_entities_tab_2"]/item[0][Class="ListGrid"]/filterEditor/editRowForm/item[name=country_name||title=Country%20name||value=United||index=4||Class=TextItem]/element;
waitForElementClickable;scLocator=//Portlet[ID="refdata_entities_tab_2"]/item[0][Class="ListGrid"]/filterEditor/editRowForm/item[name=country_name||title=Country%20name||index=4||Class=TextItem]/element;
type;scLocator=//Portlet[ID="refdata_entities_tab_2"]/item[0][Class="ListGrid"]/filterEditor/editRowForm/item[name=country_name||title=Country%20name||index=4||Class=TextItem]/element;
waitForElementClickable;scLocator=//Portlet[ID="refdata_entities_tab_2"]/item[0][Class="ListGrid"]/filterEditor/actionButton/icon;
click;scLocator=//Portlet[ID="refdata_entities_tab_2"]/item[0][Class="ListGrid"]/filterEditor/actionButton/icon;
waitForElementClickable;scLocator=//Portlet[ID="refdata_entities_tab_2"]/header/member[Class=Img||index=1||length=5||classIndex=0||classLength=1||name=main]/;
click;scLocator=//Portlet[ID="refdata_entities_tab_2"]/header/member[Class=Img||index=1||length=5||classIndex=0||classLength=1||name=main]/;
waitForElementClickable;scLocator=//Portlet[ID="refdata_entities_tab_2"]/item[0][Class="ListGrid"]/filterEditor/editRowForm/item[name=legal_name||title=Legal%20name||index=0||Class=TextItem]/element;
click;scLocator=//Portlet[ID="refdata_entities_tab_2"]/item[0][Class="ListGrid"]/filterEditor/editRowForm/item[name=legal_name||title=Legal%20name||index=0||Class=TextItem]/element;
waitForElementReadyForKeyPresses;scLocator=//Portlet[ID="refdata_entities_tab_2"]/item[0][Class="ListGrid"]/filterEditor/editRowForm/item[name=legal_name||title=Legal%20name||value=unipol||index=0||Class=TextItem]/element;
sendKeys;scLocator=//Portlet[ID="refdata_entities_tab_2"]/item[0][Class="ListGrid"]/filterEditor/editRowForm/item[name=legal_name||title=Legal%20name||value=unipol||index=0||Class=TextItem]/element;${KEY_ENTER}
waitForElementClickable;scLocator=//Portlet[ID="refdata_entities_tab_2"]/item[0][Class="ListGrid"]/filterEditor/actionButton/icon;
click;scLocator=//Portlet[ID="refdata_entities_tab_2"]/item[0][Class="ListGrid"]/filterEditor/actionButton/icon;
waitForElementClickable;scLocator=//Portlet[ID="refdata_entities_tab_2"]/header/member[Class=Img||index=1||length=5||classIndex=0||classLength=1||name=main]/;
click;scLocator=//Portlet[ID="refdata_entities_tab_2"]/header/member[Class=Img||index=1||length=5||classIndex=0||classLength=1||name=main]/;
