
command,target,value
echo;;RU03-NUC01-T01.rctest
open;/CCAM/;Entities - CCAM - View
click;//div[@id='isc_H']/table/tbody/tr/td/table/tbody/tr/td[2];
waitForElementClickable;scLocator=//autoID[Class=VLayout||index=1||length=4||classIndex=0||classLength=1]/member[Class=HLayout||index=1||length=4||classIndex=1||classLength=4]/member[Class=MenuButton||index=0||length=1||classIndex=0||classLength=1||roleIndex=0||roleLength=1||title=Menu||scRole=button]/;
click;scLocator=//autoID[Class=VLayout||index=1||length=4||classIndex=0||classLength=1]/member[Class=HLayout||index=1||length=4||classIndex=1||classLength=4]/member[Class=MenuButton||index=0||length=1||classIndex=0||classLength=1||roleIndex=0||roleLength=1||title=Menu||scRole=button]/;
waitForElementClickable;scLocator=//Menu[level=1]/body/row[1]/col[fieldName=title||0];
click;scLocator=//Menu[level=1]/body/row[1]/col[fieldName=title||0];
waitForElementClickable;scLocator=//Portlet[ID="refdata_entities_tab_2"]/maximizeButton/;
click;scLocator=//Portlet[ID="refdata_entities_tab_2"]/maximizeButton/;
