
command,target,value
echo;;RU03-NUC01-T03.rctest
open;/CCAM/;Entities - CCAM - Grouping and refresh
click;//div[@id='isc_H']/table/tbody/tr/td/table/tbody/tr/td[2];
selectWindow;null;
waitForElementClickable;scLocator=//autoID[Class=VLayout||index=1||length=4||classIndex=0||classLength=1]/member[Class=HLayout||index=1||length=4||classIndex=1||classLength=4]/member[Class=MenuButton||index=0||length=1||classIndex=0||classLength=1||roleIndex=0||roleLength=1||title=Menu||scRole=button]/;
click;scLocator=//autoID[Class=VLayout||index=1||length=4||classIndex=0||classLength=1]/member[Class=HLayout||index=1||length=4||classIndex=1||classLength=4]/member[Class=MenuButton||index=0||length=1||classIndex=0||classLength=1||roleIndex=0||roleLength=1||title=Menu||scRole=button]/;
waitForElementClickable;scLocator=//Menu[level=1]/body/row[1]/col[fieldName=title||0];
click;scLocator=//Menu[level=1]/body/row[1]/col[fieldName=title||0];
waitForElementClickable;scLocator=//Portlet[ID="refdata_entities_tab_2"]/maximizeButton/;
click;scLocator=//Portlet[ID="refdata_entities_tab_2"]/maximizeButton/;
waitForElementClickable;scLocator=//Portlet[ID="refdata_entities_tab_2"]/item[0][Class="ListGrid"]/filterEditor/editRowForm/item[name=country_name||title=Country%20name||index=4||Class=TextItem]/element;
click;scLocator=//Portlet[ID="refdata_entities_tab_2"]/item[0][Class="ListGrid"]/filterEditor/editRowForm/item[name=country_name||title=Country%20name||index=4||Class=TextItem]/element;
waitForElementClickable;scLocator=//Portlet[ID="refdata_entities_tab_2"]/item[0][Class="ListGrid"]/header/headerButton[fieldName=country_name]/;
click;scLocator=//Portlet[ID="refdata_entities_tab_2"]/item[0][Class="ListGrid"]/header/headerButton[fieldName=country_name]/;
waitForElementClickable;scLocator=//Portlet[ID="refdata_entities_tab_2"]/item[0][Class="ListGrid"]/header/headerButton[fieldName=country_name]/;
contextMenu;scLocator=//Portlet[ID="refdata_entities_tab_2"]/item[0][Class="ListGrid"]/header/headerButton[fieldName=country_name]/;
waitForElementClickable;scLocator=//Portlet[ID="refdata_entities_tab_2"]/item[0][Class="ListGrid"]/headerContextMenu[Class=Menu||index=0||length=1||classIndex=0||classLength=1||roleIndex=0||roleLength=1||scRole=menu]/body/row[title=Group%20by%20Country%20name||9]/col[fieldName=title||1];
click;scLocator=//Portlet[ID="refdata_entities_tab_2"]/item[0][Class="ListGrid"]/headerContextMenu[Class=Menu||index=0||length=1||classIndex=0||classLength=1||roleIndex=0||roleLength=1||scRole=menu]/body/row[title=Group%20by%20Country%20name||9]/col[fieldName=title||1];
waitForElementClickable;scLocator=//Portlet[ID="refdata_entities_tab_2"]/item[0][Class="ListGrid"]/body/row[groupValue=Italy||5]/col[fieldName=legal_name||0];
click;scLocator=//Portlet[ID="refdata_entities_tab_2"]/item[0][Class="ListGrid"]/body/row[groupValue=Italy||5]/col[fieldName=legal_name||0];
waitForElementClickable;scLocator=//Portlet[ID="refdata_entities_tab_2"]/header/member[Class=Img||index=1||length=5||classIndex=0||classLength=1||name=main]/;
click;scLocator=//Portlet[ID="refdata_entities_tab_2"]/header/member[Class=Img||index=1||length=5||classIndex=0||classLength=1||name=main]/;
waitForElementClickable;scLocator=//Portlet[ID="refdata_entities_tab_2"]/item[0][Class="ListGrid"]/header/headerButton[fieldName=country_name]/;
contextMenu;scLocator=//Portlet[ID="refdata_entities_tab_2"]/item[0][Class="ListGrid"]/header/headerButton[fieldName=country_name]/;
waitForElementClickable;scLocator=//Portlet[ID="refdata_entities_tab_2"]/item[0][Class="ListGrid"]/headerContextMenu[Class=Menu||index=0||length=1||classIndex=0||classLength=1||roleIndex=0||roleLength=1||scRole=menu]/body/row[title=Ungroup||10]/col[fieldName=title||1];
click;scLocator=//Portlet[ID="refdata_entities_tab_2"]/item[0][Class="ListGrid"]/headerContextMenu[Class=Menu||index=0||length=1||classIndex=0||classLength=1||roleIndex=0||roleLength=1||scRole=menu]/body/row[title=Ungroup||10]/col[fieldName=title||1];
waitForElementClickable;scLocator=//Portlet[ID="refdata_entities_tab_2"]/header/member[Class=Img||index=1||length=5||classIndex=0||classLength=1||name=main]/;
click;scLocator=//Portlet[ID="refdata_entities_tab_2"]/header/member[Class=Img||index=1||length=5||classIndex=0||classLength=1||name=main]/;
