
command,target,value
echo;;RU04-NUC01-T03.rctest
open;/CCAM/;Accounts - CCAM - Grouping
waitForElementClickable;scLocator=//Menu[level=1]/body/row[2]/col[fieldName=title||0];
click;scLocator=//Menu[level=1]/body/row[2]/col[fieldName=title||0];
waitForElementClickable;scLocator=//Portlet[ID="refdata_accounts_tab_2"]/maximizeButton/;
click;scLocator=//Portlet[ID="refdata_accounts_tab_2"]/maximizeButton/;
waitForElementClickable;scLocator=//Portlet[ID="refdata_accounts_tab_2"]/item[0][Class="ListGrid"]/filterEditor/editRowForm/item[name=own_fund||title=Own%20fund||index=3||Class=TextItem]/element;
click;scLocator=//Portlet[ID="refdata_accounts_tab_2"]/item[0][Class="ListGrid"]/filterEditor/editRowForm/item[name=own_fund||title=Own%20fund||index=3||Class=TextItem]/element;
waitForElementClickable;scLocator=//Portlet[ID="refdata_accounts_tab_2"]/item[0][Class="ListGrid"]/filterEditor/editRowForm/item[name=own_fund||title=Own%20fund||index=3||Class=TextItem]/element;
click;scLocator=//Portlet[ID="refdata_accounts_tab_2"]/item[0][Class="ListGrid"]/filterEditor/editRowForm/item[name=own_fund||title=Own%20fund||index=3||Class=TextItem]/element;
waitForElementClickable;scLocator=//Portlet[ID="refdata_accounts_tab_2"]/item[0][Class="ListGrid"]/filterEditor/editRowForm/item[name=own_fund||title=Own%20fund||value=true||index=3||Class=TextItem]/element;
type;scLocator=//Portlet[ID="refdata_accounts_tab_2"]/item[0][Class="ListGrid"]/filterEditor/editRowForm/item[name=own_fund||title=Own%20fund||value=true||index=3||Class=TextItem]/element;true
waitForElementClickable;scLocator=//Portlet[ID="refdata_accounts_tab_2"]/item[0][Class="ListGrid"]/filterEditor/actionButton/icon;
click;scLocator=//Portlet[ID="refdata_accounts_tab_2"]/item[0][Class="ListGrid"]/filterEditor/actionButton/icon;
waitForElementClickable;scLocator=//Portlet[ID="refdata_accounts_tab_2"]/item[0][Class="ListGrid"]/filterEditor/editRowForm/item[name=own_fund||title=Own%20fund||value=true||index=3||Class=TextItem]/element;
click;scLocator=//Portlet[ID="refdata_accounts_tab_2"]/item[0][Class="ListGrid"]/filterEditor/editRowForm/item[name=own_fund||title=Own%20fund||value=true||index=3||Class=TextItem]/element;
waitForElementClickable;scLocator=//Portlet[ID="refdata_accounts_tab_2"]/item[0][Class="ListGrid"]/filterEditor/editRowForm/item[name=own_fund||title=Own%20fund||index=3||Class=TextItem]/element;
type;scLocator=//Portlet[ID="refdata_accounts_tab_2"]/item[0][Class="ListGrid"]/filterEditor/editRowForm/item[name=own_fund||title=Own%20fund||index=3||Class=TextItem]/element;
waitForElementClickable;scLocator=//Portlet[ID="refdata_accounts_tab_2"]/item[0][Class="ListGrid"]/filterEditor/actionButton/icon;
click;scLocator=//Portlet[ID="refdata_accounts_tab_2"]/item[0][Class="ListGrid"]/filterEditor/actionButton/icon;
waitForElementClickable;scLocator=//Portlet[ID="refdata_accounts_tab_2"]/item[0][Class="ListGrid"]/header/headerButton[fieldName=lei]/L;
dragAndDrop;scLocator=//Portlet[ID="refdata_accounts_tab_2"]/item[0][Class="ListGrid"]/header/headerButton[fieldName=lei]/L;+69,+9
waitForElementClickable;scLocator=//Portlet[ID="refdata_accounts_tab_2"]/item[0][Class="ListGrid"]/header/headerButton[fieldName=iban]/L;
waitForElementClickable;scLocator=//Portlet[ID="refdata_accounts_tab_2"]/item[0][Class="ListGrid"]/body/row[iban=000000090000||acc_name=BANCA%20D%27ITALIA%20%20%20%20%20%20%20%20%20%20%20%20%20%20%20%20%20%20%20%20%20||0]/col[fieldName=iban||1];
dragAndDropToObject;scLocator=//Portlet[ID="refdata_accounts_tab_2"]/item[0][Class="ListGrid"]/header/headerButton[fieldName=iban]/L;scLocator=//Portlet[ID="refdata_accounts_tab_2"]/item[0][Class="ListGrid"]/body/row[iban=000000090000||acc_name=BANCA%20D%27ITALIA%20%20%20%20%20%20%20%20%20%20%20%20%20%20%20%20%20%20%20%20%20||0]/col[fieldName=iban||1]
waitForElementClickable;scLocator=//Portlet[ID="refdata_accounts_tab_2"]/item[0][Class="ListGrid"]/filterEditor/editRowForm/item[name=acc_name||title=Account%20name||index=0||Class=TextItem]/element;
click;scLocator=//Portlet[ID="refdata_accounts_tab_2"]/item[0][Class="ListGrid"]/filterEditor/editRowForm/item[name=acc_name||title=Account%20name||index=0||Class=TextItem]/element;
waitForElementReadyForKeyPresses;scLocator=//Portlet[ID="refdata_accounts_tab_2"]/item[0][Class="ListGrid"]/filterEditor/editRowForm/item[name=acc_name||title=Account%20name||value=brescia||index=0||Class=TextItem]/element;
sendKeys;scLocator=//Portlet[ID="refdata_accounts_tab_2"]/item[0][Class="ListGrid"]/filterEditor/editRowForm/item[name=acc_name||title=Account%20name||value=brescia||index=0||Class=TextItem]/element;${KEY_ENTER}
waitForElementClickable;scLocator=//Portlet[ID="refdata_accounts_tab_2"]/item[0][Class="ListGrid"]/filterEditor/editRowForm/item[name=acc_name||title=Account%20name||value=brescia||index=0||Class=TextItem]/element;
click;scLocator=//Portlet[ID="refdata_accounts_tab_2"]/item[0][Class="ListGrid"]/filterEditor/editRowForm/item[name=acc_name||title=Account%20name||value=brescia||index=0||Class=TextItem]/element;
waitForElementReadyForKeyPresses;scLocator=//Portlet[ID="refdata_accounts_tab_2"]/item[0][Class="ListGrid"]/filterEditor/editRowForm/item[name=acc_name||title=Account%20name||value=unicredit||index=0||Class=TextItem]/element;
sendKeys;scLocator=//Portlet[ID="refdata_accounts_tab_2"]/item[0][Class="ListGrid"]/filterEditor/editRowForm/item[name=acc_name||title=Account%20name||value=unicredit||index=0||Class=TextItem]/element;${KEY_ENTER}
waitForElementClickable;scLocator=//Portlet[ID="refdata_accounts_tab_2"]/item[0][Class="ListGrid"]/headerMenuButton/;
click;scLocator=//Portlet[ID="refdata_accounts_tab_2"]/item[0][Class="ListGrid"]/headerMenuButton/;
waitForElementClickable;scLocator=//Portlet[ID="refdata_accounts_tab_2"]/item[0][Class="ListGrid"]/headerContextMenu[Class=Menu||index=0||length=1||classIndex=0||classLength=1||roleIndex=0||roleLength=1||scRole=menu]/body/row[title=Group%20by%20Account%20name||8]/col[fieldName=title||1];
click;scLocator=//Portlet[ID="refdata_accounts_tab_2"]/item[0][Class="ListGrid"]/headerContextMenu[Class=Menu||index=0||length=1||classIndex=0||classLength=1||roleIndex=0||roleLength=1||scRole=menu]/body/row[title=Group%20by%20Account%20name||8]/col[fieldName=title||1];
waitForElementClickable;scLocator=//Portlet[ID="refdata_accounts_tab_2"]/item[0][Class="ListGrid"]/body/row[acc_name=GRUPPO%20UNICREDIT%20%20%20%20%20%20%20%20%20%20%20%20%20%20%20%20%20%20%20||13]/col[fieldName=acc_name||0];
click;scLocator=//Portlet[ID="refdata_accounts_tab_2"]/item[0][Class="ListGrid"]/body/row[acc_name=GRUPPO%20UNICREDIT%20%20%20%20%20%20%20%20%20%20%20%20%20%20%20%20%20%20%20||13]/col[fieldName=acc_name||0];
waitForElementClickable;scLocator=//Portlet[ID="refdata_accounts_tab_2"]/item[0][Class="ListGrid"]/body/row[acc_name=EUROCLEAR%20BANK%20SA%5CNV%20%20%20%20%20%20%20%20%20%20%20%20%20%20%20||4]/col[fieldName=acc_name||0];
click;scLocator=//Portlet[ID="refdata_accounts_tab_2"]/item[0][Class="ListGrid"]/body/row[acc_name=EUROCLEAR%20BANK%20SA%5CNV%20%20%20%20%20%20%20%20%20%20%20%20%20%20%20||4]/col[fieldName=acc_name||0];
waitForElementClickable;scLocator=//Portlet[ID="refdata_accounts_tab_2"]/item[0][Class="ListGrid"]/body/row[acc_name=GRUPPO%20INTESA%20SANPAOLO%20%20%20%20%20%20%20%20%20%20%20%20%20||6]/col[fieldName=acc_name||0];
click;scLocator=//Portlet[ID="refdata_accounts_tab_2"]/item[0][Class="ListGrid"]/body/row[acc_name=GRUPPO%20INTESA%20SANPAOLO%20%20%20%20%20%20%20%20%20%20%20%20%20||6]/col[fieldName=acc_name||0];
waitForElementClickable;scLocator=//Portlet[ID="refdata_accounts_tab_2"]/item[0][Class="ListGrid"]/body/row[acc_name=BANCA%20NAZ%20LAVORO%20%20%20%20%20%20%20%20%20%20%20%20%20%20%20%20%20%20%20||10]/col[fieldName=acc_name||0];
click;scLocator=//Portlet[ID="refdata_accounts_tab_2"]/item[0][Class="ListGrid"]/body/row[acc_name=BANCA%20NAZ%20LAVORO%20%20%20%20%20%20%20%20%20%20%20%20%20%20%20%20%20%20%20||10]/col[fieldName=acc_name||0];
