
command,target,value
echo;;RU05-NUC01-T02.rctest
open;/CCAM/;Eod margins stg - CCAM - Filters
waitForElementClickable;scLocator=//Menu[level=1]/body/row[4]/col[fieldName=title||0];
click;scLocator=//Menu[level=1]/body/row[4]/col[fieldName=title||0];
waitForElementClickable;scLocator=//Portlet[ID="datastaging_eodmarg_tab_2"]/maximizeButton/;
click;scLocator=//Portlet[ID="datastaging_eodmarg_tab_2"]/maximizeButton/;
waitForElementClickable;scLocator=//Portlet[ID="datastaging_eodmarg_tab_2"]/item[0][Class="ListGrid"]/filterEditor/editRowForm/item[name=firm_client||title=Firm%20client||index=2||Class=SelectItem]/[icon="picker"];
click;scLocator=//Portlet[ID="datastaging_eodmarg_tab_2"]/item[0][Class="ListGrid"]/filterEditor/editRowForm/item[name=firm_client||title=Firm%20client||index=2||Class=SelectItem]/[icon="picker"];
waitForElementClickable;scLocator=//Portlet[ID="datastaging_eodmarg_tab_2"]/item[0][Class="ListGrid"]/filterEditor/editRowForm/item[name=firm_client||title=Firm%20client||index=2||Class=SelectItem]/pickList/body/row[firm_client=C||2]/col[fieldName=firm_client||0];
click;scLocator=//Portlet[ID="datastaging_eodmarg_tab_2"]/item[0][Class="ListGrid"]/filterEditor/editRowForm/item[name=firm_client||title=Firm%20client||index=2||Class=SelectItem]/pickList/body/row[firm_client=C||2]/col[fieldName=firm_client||0];
waitForElementClickable;scLocator=//Portlet[ID="datastaging_eodmarg_tab_2"]/item[0][Class="ListGrid"]/filterEditor/actionButton/icon;
click;scLocator=//Portlet[ID="datastaging_eodmarg_tab_2"]/item[0][Class="ListGrid"]/filterEditor/actionButton/icon;
waitForElementClickable;scLocator=//Portlet[ID="datastaging_eodmarg_tab_2"]/item[0][Class="ListGrid"]/filterEditor/editRowForm/item[name=firm_client||title=Firm%20client||value=C||index=2||Class=SelectItem]/[icon="picker"];
click;scLocator=//Portlet[ID="datastaging_eodmarg_tab_2"]/item[0][Class="ListGrid"]/filterEditor/editRowForm/item[name=firm_client||title=Firm%20client||value=C||index=2||Class=SelectItem]/[icon="picker"];
waitForElementClickable;scLocator=//Portlet[ID="datastaging_eodmarg_tab_2"]/item[0][Class="ListGrid"]/filterEditor/editRowForm/item[name=firm_client||title=Firm%20client||value=C||index=2||Class=SelectItem]/pickList/body/row[firm_client=F||1]/col[fieldName=firm_client||0];
click;scLocator=//Portlet[ID="datastaging_eodmarg_tab_2"]/item[0][Class="ListGrid"]/filterEditor/editRowForm/item[name=firm_client||title=Firm%20client||value=C||index=2||Class=SelectItem]/pickList/body/row[firm_client=F||1]/col[fieldName=firm_client||0];
waitForElementClickable;scLocator=//Portlet[ID="datastaging_eodmarg_tab_2"]/item[0][Class="ListGrid"]/filterEditor/actionButton/icon;
click;scLocator=//Portlet[ID="datastaging_eodmarg_tab_2"]/item[0][Class="ListGrid"]/filterEditor/actionButton/icon;
waitForElementClickable;scLocator=//Portlet[ID="datastaging_eodmarg_tab_2"]/item[0][Class="ListGrid"]/filterEditor/editRowForm/item[name=firm_client||title=Firm%20client||value=F||index=2||Class=SelectItem]/[icon="picker"];
click;scLocator=//Portlet[ID="datastaging_eodmarg_tab_2"]/item[0][Class="ListGrid"]/filterEditor/editRowForm/item[name=firm_client||title=Firm%20client||value=F||index=2||Class=SelectItem]/[icon="picker"];
waitForElementClickable;scLocator=//Portlet[ID="datastaging_eodmarg_tab_2"]/item[0][Class="ListGrid"]/filterEditor/editRowForm/item[name=firm_client||title=Firm%20client||value=F||index=2||Class=SelectItem]/pickList/body/row[0]/col[fieldName=firm_client||0];
click;scLocator=//Portlet[ID="datastaging_eodmarg_tab_2"]/item[0][Class="ListGrid"]/filterEditor/editRowForm/item[name=firm_client||title=Firm%20client||value=F||index=2||Class=SelectItem]/pickList/body/row[0]/col[fieldName=firm_client||0];
waitForElementClickable;scLocator=//Portlet[ID="datastaging_eodmarg_tab_2"]/item[0][Class="ListGrid"]/filterEditor/actionButton/icon;
click;scLocator=//Portlet[ID="datastaging_eodmarg_tab_2"]/item[0][Class="ListGrid"]/filterEditor/actionButton/icon;
waitForElementClickable;scLocator=//Portlet[ID="datastaging_eodmarg_tab_2"]/item[0][Class="ListGrid"]/filterEditor/editRowForm/item[name=legal_name||title=Legal%20name||index=1||Class=TextItem]/element;
click;scLocator=//Portlet[ID="datastaging_eodmarg_tab_2"]/item[0][Class="ListGrid"]/filterEditor/editRowForm/item[name=legal_name||title=Legal%20name||index=1||Class=TextItem]/element;
waitForElementClickable;scLocator=//Portlet[ID="datastaging_eodmarg_tab_2"]/item[0][Class="ListGrid"]/filterEditor/editRowForm/item[name=legal_name||title=Legal%20name||value=sella||index=1||Class=TextItem]/element;
type;scLocator=//Portlet[ID="datastaging_eodmarg_tab_2"]/item[0][Class="ListGrid"]/filterEditor/editRowForm/item[name=legal_name||title=Legal%20name||value=sella||index=1||Class=TextItem]/element;sella
waitForElementClickable;scLocator=//Portlet[ID="datastaging_eodmarg_tab_2"]/item[0][Class="ListGrid"]/filterEditor/actionButton/icon;
click;scLocator=//Portlet[ID="datastaging_eodmarg_tab_2"]/item[0][Class="ListGrid"]/filterEditor/actionButton/icon;
waitForElementClickable;scLocator=//Portlet[ID="datastaging_eodmarg_tab_2"]/item[0][Class="ListGrid"]/filterEditor/editRowForm/item[name=firm_client||title=Firm%20client||index=2||Class=SelectItem]/textbox;
click;scLocator=//Portlet[ID="datastaging_eodmarg_tab_2"]/item[0][Class="ListGrid"]/filterEditor/editRowForm/item[name=firm_client||title=Firm%20client||index=2||Class=SelectItem]/textbox;
waitForElementClickable;scLocator=//Portlet[ID="datastaging_eodmarg_tab_2"]/item[0][Class="ListGrid"]/filterEditor/editRowForm/item[name=firm_client||title=Firm%20client||index=2||Class=SelectItem]/pickList/body/row[firm_client=C||2]/col[fieldName=firm_client||0];
click;scLocator=//Portlet[ID="datastaging_eodmarg_tab_2"]/item[0][Class="ListGrid"]/filterEditor/editRowForm/item[name=firm_client||title=Firm%20client||index=2||Class=SelectItem]/pickList/body/row[firm_client=C||2]/col[fieldName=firm_client||0];
waitForElementClickable;scLocator=//Portlet[ID="datastaging_eodmarg_tab_2"]/item[0][Class="ListGrid"]/filterEditor/actionButton/icon;
click;scLocator=//Portlet[ID="datastaging_eodmarg_tab_2"]/item[0][Class="ListGrid"]/filterEditor/actionButton/icon;
waitForElementClickable;scLocator=//Portlet[ID="datastaging_eodmarg_tab_2"]/item[0][Class="ListGrid"]/filterEditor/editRowForm/item[name=legal_name||title=Legal%20name||value=sella||index=1||Class=TextItem]/element;
click;scLocator=//Portlet[ID="datastaging_eodmarg_tab_2"]/item[0][Class="ListGrid"]/filterEditor/editRowForm/item[name=legal_name||title=Legal%20name||value=sella||index=1||Class=TextItem]/element;
waitForElementClickable;scLocator=//Portlet[ID="datastaging_eodmarg_tab_2"]/item[0][Class="ListGrid"]/filterEditor/editRowForm/item[name=legal_name||title=Legal%20name||value=unicredit||index=1||Class=TextItem]/element;
type;scLocator=//Portlet[ID="datastaging_eodmarg_tab_2"]/item[0][Class="ListGrid"]/filterEditor/editRowForm/item[name=legal_name||title=Legal%20name||value=unicredit||index=1||Class=TextItem]/element;unicredit
waitForElementClickable;scLocator=//Portlet[ID="datastaging_eodmarg_tab_2"]/item[0][Class="ListGrid"]/filterEditor/actionButton/icon;
click;scLocator=//Portlet[ID="datastaging_eodmarg_tab_2"]/item[0][Class="ListGrid"]/filterEditor/actionButton/icon;
waitForElementClickable;scLocator=//Portlet[ID="datastaging_eodmarg_tab_2"]/item[0][Class="ListGrid"]/filterEditor/editRowForm/item[name=dt_calc||title=Calc.%20date||index=0||Class=MiniDateRangeItem]/textbox;/* il test è POSTPONED a causa di un malfunzionamento dell'oggetto CalcDate */
click;scLocator=//Portlet[ID="datastaging_eodmarg_tab_2"]/item[0][Class="ListGrid"]/filterEditor/editRowForm/item[name=dt_calc||title=Calc.%20date||index=0||Class=MiniDateRangeItem]/textbox;/* il test è POSTPONED a causa di un malfunzionamento dell'oggetto CalcDate */
waitForElementClickable;scLocator=//Portlet[ID="datastaging_eodmarg_tab_2"]/item[0][Class="ListGrid"]/filterEditor/editRowForm/item[name=dt_calc||title=Calc.%20date||index=0||Class=MiniDateRangeItem]/rangeDialog/rangeForm/item[name=dt_calc||title=dt_calc||index=0||Class=DateRangeItem]/dateRangeForm/item[name=fromField||title=From||index=0||Class=RelativeDateItem]/editor/item[name=iconPlaceholder||title=iconPlaceholder||index=2||Class=StaticTextItem]/[icon="chooserIcon"];/* il test è POSTPONED a causa di un malfunzionamento dell'oggetto CalcDate */
click;scLocator=//Portlet[ID="datastaging_eodmarg_tab_2"]/item[0][Class="ListGrid"]/filterEditor/editRowForm/item[name=dt_calc||title=Calc.%20date||index=0||Class=MiniDateRangeItem]/rangeDialog/rangeForm/item[name=dt_calc||title=dt_calc||index=0||Class=DateRangeItem]/dateRangeForm/item[name=fromField||title=From||index=0||Class=RelativeDateItem]/editor/item[name=iconPlaceholder||title=iconPlaceholder||index=2||Class=StaticTextItem]/[icon="chooserIcon"];/* il test è POSTPONED a causa di un malfunzionamento dell'oggetto CalcDate */
