
command,target,value
echo;;RU06-NUC01-T03.rctest
open;/CCAM/;Voluntary contributions stg - CCAM - Grouping and refresh
click;//div[@id='isc_H']/table/tbody/tr/td/table/tbody/tr/td[2];
waitForElementClickable;scLocator=//autoID[Class=VLayout||index=1||length=4||classIndex=0||classLength=1]/member[Class=HLayout||index=1||length=4||classIndex=1||classLength=4]/member[Class=MenuButton||index=0||length=1||classIndex=0||classLength=1||roleIndex=0||roleLength=1||title=Menu||scRole=button]/;
click;scLocator=//autoID[Class=VLayout||index=1||length=4||classIndex=0||classLength=1]/member[Class=HLayout||index=1||length=4||classIndex=1||classLength=4]/member[Class=MenuButton||index=0||length=1||classIndex=0||classLength=1||roleIndex=0||roleLength=1||title=Menu||scRole=button]/;
waitForElementClickable;scLocator=//Menu[level=1]/body/row[5]/col[fieldName=title||0];
click;scLocator=//Menu[level=1]/body/row[5]/col[fieldName=title||0];
waitForElementClickable;scLocator=//Portlet[ID="datastaging_voluntcontrib_tab_2"]/maximizeButton/;
click;scLocator=//Portlet[ID="datastaging_voluntcontrib_tab_2"]/maximizeButton/;
waitForElementClickable;scLocator=//Portlet[ID="datastaging_voluntcontrib_tab_2"]/item[0][Class="ListGrid"]/headerMenuButton/;
click;scLocator=//Portlet[ID="datastaging_voluntcontrib_tab_2"]/item[0][Class="ListGrid"]/headerMenuButton/;
waitForElementClickable;scLocator=//Portlet[ID="datastaging_voluntcontrib_tab_2"]/item[0][Class="ListGrid"]/headerContextMenu[Class=Menu||index=0||length=1||classIndex=0||classLength=1||roleIndex=0||roleLength=1||scRole=menu]/body/row[title=Group%20by%20Firm%20client||8]/col[fieldName=title||1];
click;scLocator=//Portlet[ID="datastaging_voluntcontrib_tab_2"]/item[0][Class="ListGrid"]/headerContextMenu[Class=Menu||index=0||length=1||classIndex=0||classLength=1||roleIndex=0||roleLength=1||scRole=menu]/body/row[title=Group%20by%20Firm%20client||8]/col[fieldName=title||1];
waitForElementClickable;scLocator=//Portlet[ID="datastaging_voluntcontrib_tab_2"]/item[0][Class="ListGrid"]/body/row[firm_client=F||groupValue=Firm||3]/col[fieldName=dt_calc||0];
click;scLocator=//Portlet[ID="datastaging_voluntcontrib_tab_2"]/item[0][Class="ListGrid"]/body/row[firm_client=F||groupValue=Firm||3]/col[fieldName=dt_calc||0];
