
command,target,value
echo;;R06-NUC01-T02.rctest
open;/CCAM/;Voluntary contributions stg - CCAM - Filter
click;//div[@id='isc_H']/table/tbody/tr/td/table/tbody/tr/td[2];
waitForElementClickable;scLocator=//autoID[Class=VLayout||index=1||length=4||classIndex=0||classLength=1]/member[Class=HLayout||index=1||length=4||classIndex=1||classLength=4]/member[Class=MenuButton||index=0||length=1||classIndex=0||classLength=1||roleIndex=0||roleLength=1||title=Menu||scRole=button]/;
click;scLocator=//autoID[Class=VLayout||index=1||length=4||classIndex=0||classLength=1]/member[Class=HLayout||index=1||length=4||classIndex=1||classLength=4]/member[Class=MenuButton||index=0||length=1||classIndex=0||classLength=1||roleIndex=0||roleLength=1||title=Menu||scRole=button]/;
waitForElementClickable;scLocator=//Menu[level=1]/body/row[5]/col[fieldName=title||0];
click;scLocator=//Menu[level=1]/body/row[5]/col[fieldName=title||0];
waitForElementClickable;scLocator=//Portlet[ID="datastaging_voluntcontrib_tab_2"]/maximizeButton/;
click;scLocator=//Portlet[ID="datastaging_voluntcontrib_tab_2"]/maximizeButton/;
waitForElementClickable;scLocator=//Portlet[ID="datastaging_voluntcontrib_tab_2"]/item[0][Class="ListGrid"]/headerMenuButton/;
click;scLocator=//Portlet[ID="datastaging_voluntcontrib_tab_2"]/item[0][Class="ListGrid"]/headerMenuButton/;
waitForElementClickable;scLocator=//Portlet[ID="datastaging_voluntcontrib_tab_2"]/item[0][Class="ListGrid"]/filterEditor/editRowForm/item[name=firm_client||title=Firm%20client||index=2||Class=SelectItem]/[icon="picker"];
click;scLocator=//Portlet[ID="datastaging_voluntcontrib_tab_2"]/item[0][Class="ListGrid"]/filterEditor/editRowForm/item[name=firm_client||title=Firm%20client||index=2||Class=SelectItem]/[icon="picker"];
waitForElementClickable;scLocator=//Portlet[ID="datastaging_voluntcontrib_tab_2"]/item[0][Class="ListGrid"]/filterEditor/editRowForm/item[name=firm_client||title=Firm%20client||index=2||Class=SelectItem]/pickList/body/row[firm_client=F||1]/col[fieldName=firm_client||0];
click;scLocator=//Portlet[ID="datastaging_voluntcontrib_tab_2"]/item[0][Class="ListGrid"]/filterEditor/editRowForm/item[name=firm_client||title=Firm%20client||index=2||Class=SelectItem]/pickList/body/row[firm_client=F||1]/col[fieldName=firm_client||0];
waitForElementClickable;scLocator=//Portlet[ID="datastaging_voluntcontrib_tab_2"]/item[0][Class="ListGrid"]/filterEditor/actionButton/icon;
click;scLocator=//Portlet[ID="datastaging_voluntcontrib_tab_2"]/item[0][Class="ListGrid"]/filterEditor/actionButton/icon;
waitForElementClickable;scLocator=//Portlet[ID="datastaging_voluntcontrib_tab_2"]/item[0][Class="ListGrid"]/filterEditor/editRowForm/item[name=firm_client||title=Firm%20client||value=F||index=2||Class=SelectItem]/[icon="picker"];
click;scLocator=//Portlet[ID="datastaging_voluntcontrib_tab_2"]/item[0][Class="ListGrid"]/filterEditor/editRowForm/item[name=firm_client||title=Firm%20client||value=F||index=2||Class=SelectItem]/[icon="picker"];
waitForElementClickable;scLocator=//Portlet[ID="datastaging_voluntcontrib_tab_2"]/item[0][Class="ListGrid"]/filterEditor/editRowForm/item[name=firm_client||title=Firm%20client||value=F||index=2||Class=SelectItem]/pickList/body/row[firm_client=C||2]/col[fieldName=firm_client||0];
click;scLocator=//Portlet[ID="datastaging_voluntcontrib_tab_2"]/item[0][Class="ListGrid"]/filterEditor/editRowForm/item[name=firm_client||title=Firm%20client||value=F||index=2||Class=SelectItem]/pickList/body/row[firm_client=C||2]/col[fieldName=firm_client||0];
waitForElementClickable;scLocator=//Portlet[ID="datastaging_voluntcontrib_tab_2"]/item[0][Class="ListGrid"]/filterEditor/actionButton/icon;
click;scLocator=//Portlet[ID="datastaging_voluntcontrib_tab_2"]/item[0][Class="ListGrid"]/filterEditor/actionButton/icon;
waitForElementClickable;scLocator=//Portlet[ID="datastaging_voluntcontrib_tab_2"]/item[0][Class="ListGrid"]/filterEditor/editRowForm/item[name=firm_client||title=Firm%20client||value=C||index=2||Class=SelectItem]/textbox;
click;scLocator=//Portlet[ID="datastaging_voluntcontrib_tab_2"]/item[0][Class="ListGrid"]/filterEditor/editRowForm/item[name=firm_client||title=Firm%20client||value=C||index=2||Class=SelectItem]/textbox;
waitForElementClickable;scLocator=//Portlet[ID="datastaging_voluntcontrib_tab_2"]/item[0][Class="ListGrid"]/filterEditor/editRowForm/item[name=firm_client||title=Firm%20client||value=C||index=2||Class=SelectItem]/pickList/body/row[0]/col[fieldName=firm_client||0];
click;scLocator=//Portlet[ID="datastaging_voluntcontrib_tab_2"]/item[0][Class="ListGrid"]/filterEditor/editRowForm/item[name=firm_client||title=Firm%20client||value=C||index=2||Class=SelectItem]/pickList/body/row[0]/col[fieldName=firm_client||0];
waitForElementClickable;scLocator=//Portlet[ID="datastaging_voluntcontrib_tab_2"]/item[0][Class="ListGrid"]/filterEditor/actionButton/icon;
click;scLocator=//Portlet[ID="datastaging_voluntcontrib_tab_2"]/item[0][Class="ListGrid"]/filterEditor/actionButton/icon;
