
command,target,value
echo;;R06-NUC01-T02.rctest
open;/CCAM/;Transactions - CCAM - View
waitForElementClickable;scLocator=//Menu[level=1]/body/row[2]/col[fieldName=title||0];
click;scLocator=//Menu[level=1]/body/row[2]/col[fieldName=title||0];
waitForElementClickable;scLocator=//Portlet[ID="liquidity_transactions_tab_2"]/maximizeButton/;
click;scLocator=//Portlet[ID="liquidity_transactions_tab_2"]/maximizeButton/;
waitForElementClickable;scLocator=//Portlet[ID="liquidity_transactions_tab_2"]/item[0][Class="ListGrid"]/headerMenuButton/icon;
click;scLocator=//Portlet[ID="liquidity_transactions_tab_2"]/item[0][Class="ListGrid"]/headerMenuButton/icon;
waitForElementClickable;scLocator=//Portlet[ID="liquidity_transactions_tab_2"]/item[0][Class="ListGrid"]/filterEditor/editRowForm/item[name=dt_input||title=Input%20date||index=2||Class=MiniDateRangeItem]/[icon="showDateRange"];
click;scLocator=//Portlet[ID="liquidity_transactions_tab_2"]/item[0][Class="ListGrid"]/filterEditor/editRowForm/item[name=dt_input||title=Input%20date||index=2||Class=MiniDateRangeItem]/[icon="showDateRange"];
waitForElementClickable;scLocator=//Portlet[ID="liquidity_transactions_tab_2"]/item[0][Class="ListGrid"]/filterEditor/editRowForm/item[name=dt_input||title=Input%20date||index=2||Class=MiniDateRangeItem]/rangeDialog/rangeForm/item[name=dt_input||title=dt_input||index=0||Class=DateRangeItem]/dateRangeForm/item[name=fromField||title=From||index=0||Class=RelativeDateItem]/editor/item[name=iconPlaceholder||title=iconPlaceholder||index=2||Class=StaticTextItem]/[icon="chooserIcon"];
click;scLocator=//Portlet[ID="liquidity_transactions_tab_2"]/item[0][Class="ListGrid"]/filterEditor/editRowForm/item[name=dt_input||title=Input%20date||index=2||Class=MiniDateRangeItem]/rangeDialog/rangeForm/item[name=dt_input||title=dt_input||index=0||Class=DateRangeItem]/dateRangeForm/item[name=fromField||title=From||index=0||Class=RelativeDateItem]/editor/item[name=iconPlaceholder||title=iconPlaceholder||index=2||Class=StaticTextItem]/[icon="chooserIcon"];
waitForElementClickable;scLocator=//autoID[Class=DateChooser||index=25||length=28||classIndex=0||classLength=1]/dateGrid/body/row[Wed=Wed Dec 21 2016 12:00:00 GMT+0100 (W. Europe Standard Time)||3]/col[fieldName=Wed||3];
click;scLocator=//autoID[Class=DateChooser||index=25||length=28||classIndex=0||classLength=1]/dateGrid/body/row[Wed=Wed Dec 21 2016 12:00:00 GMT+0100 (W. Europe Standard Time)||3]/col[fieldName=Wed||3];
waitForElementClickable;scLocator=//Portlet[ID="liquidity_transactions_tab_2"]/item[0][Class="ListGrid"]/filterEditor/editRowForm/item[name=dt_input||title=Input%20date||value=[object Object]||index=2||Class=MiniDateRangeItem]/rangeDialog/rangeForm/item[name=dt_input||title=dt_input||value=[object Object]||index=0||Class=DateRangeItem]/dateRangeForm/item[name=toField||title=To||index=1||Class=RelativeDateItem]/editor/item[name=iconPlaceholder||title=iconPlaceholder||index=2||Class=StaticTextItem]/[icon="chooserIcon"];
click;scLocator=//Portlet[ID="liquidity_transactions_tab_2"]/item[0][Class="ListGrid"]/filterEditor/editRowForm/item[name=dt_input||title=Input%20date||value=[object Object]||index=2||Class=MiniDateRangeItem]/rangeDialog/rangeForm/item[name=dt_input||title=dt_input||value=[object Object]||index=0||Class=DateRangeItem]/dateRangeForm/item[name=toField||title=To||index=1||Class=RelativeDateItem]/editor/item[name=iconPlaceholder||title=iconPlaceholder||index=2||Class=StaticTextItem]/[icon="chooserIcon"];
waitForElementClickable;scLocator=//autoID[Class=DateChooser||index=31||length=34||classIndex=1||classLength=2]/dateGrid/body/row[Thu=Thu Dec 22 2016 12:00:00 GMT+0100 (W. Europe Standard Time)||3]/col[fieldName=Thu||4];
click;scLocator=//autoID[Class=DateChooser||index=31||length=34||classIndex=1||classLength=2]/dateGrid/body/row[Thu=Thu Dec 22 2016 12:00:00 GMT+0100 (W. Europe Standard Time)||3]/col[fieldName=Thu||4];
waitForElementClickable;scLocator=//Portlet[ID="liquidity_transactions_tab_2"]/item[0][Class="ListGrid"]/filterEditor/editRowForm/item[name=dt_input||title=Input%20date||value=[object Object]||index=2||Class=MiniDateRangeItem]/rangeDialog/okButton/;
click;scLocator=//Portlet[ID="liquidity_transactions_tab_2"]/item[0][Class="ListGrid"]/filterEditor/editRowForm/item[name=dt_input||title=Input%20date||value=[object Object]||index=2||Class=MiniDateRangeItem]/rangeDialog/okButton/;
waitForElementClickable;scLocator=//Portlet[ID="liquidity_transactions_tab_2"]/item[0][Class="ListGrid"]/filterEditor/editRowForm/item[name=dt_input||title=Input%20date||value=[object Object]||index=2||Class=MiniDateRangeItem]/rangeDialog/rangeForm/item[name=dt_input||title=dt_input||value=[object Object]||index=0||Class=DateRangeItem]/dateRangeForm/item[name=fromField||title=From||value=21%24fs%2412%24fs%242016||index=0||Class=RelativeDateItem]/editor/item[name=iconPlaceholder||title=iconPlaceholder||index=2||Class=StaticTextItem]/[icon="chooserIcon"];
click;scLocator=//Portlet[ID="liquidity_transactions_tab_2"]/item[0][Class="ListGrid"]/filterEditor/editRowForm/item[name=dt_input||title=Input%20date||value=[object Object]||index=2||Class=MiniDateRangeItem]/rangeDialog/rangeForm/item[name=dt_input||title=dt_input||value=[object Object]||index=0||Class=DateRangeItem]/dateRangeForm/item[name=fromField||title=From||value=21%24fs%2412%24fs%242016||index=0||Class=RelativeDateItem]/editor/item[name=iconPlaceholder||title=iconPlaceholder||index=2||Class=StaticTextItem]/[icon="chooserIcon"];
waitForElementClickable;scLocator=//autoID[Class=DateChooser||index=25||length=28||classIndex=0||classLength=1]/dateGrid/body/row[Wed=Wed Dec 21 2016 12:00:00 GMT+0100 (W. Europe Standard Time)||3]/col[fieldName=Wed||3];
click;scLocator=//autoID[Class=DateChooser||index=25||length=28||classIndex=0||classLength=1]/dateGrid/body/row[Wed=Wed Dec 21 2016 12:00:00 GMT+0100 (W. Europe Standard Time)||3]/col[fieldName=Wed||3];
waitForElementClickable;scLocator=//Portlet[ID="liquidity_transactions_tab_2"]/item[0][Class="ListGrid"]/filterEditor/editRowForm/item[name=dt_input||title=Input%20date||value=[object Object]||index=2||Class=MiniDateRangeItem]/rangeDialog/rangeForm/item[name=dt_input||title=dt_input||value=[object Object]||index=0||Class=DateRangeItem]/dateRangeForm/item[name=toField||title=To||value=22%24fs%2412%24fs%242016||index=1||Class=RelativeDateItem]/editor/item[name=iconPlaceholder||title=iconPlaceholder||index=2||Class=StaticTextItem]/[icon="chooserIcon"];
click;scLocator=//Portlet[ID="liquidity_transactions_tab_2"]/item[0][Class="ListGrid"]/filterEditor/editRowForm/item[name=dt_input||title=Input%20date||value=[object Object]||index=2||Class=MiniDateRangeItem]/rangeDialog/rangeForm/item[name=dt_input||title=dt_input||value=[object Object]||index=0||Class=DateRangeItem]/dateRangeForm/item[name=toField||title=To||value=22%24fs%2412%24fs%242016||index=1||Class=RelativeDateItem]/editor/item[name=iconPlaceholder||title=iconPlaceholder||index=2||Class=StaticTextItem]/[icon="chooserIcon"];
waitForElementClickable;scLocator=//autoID[Class=DateChooser||index=31||length=34||classIndex=1||classLength=2]/dateGrid/body/row[Thu=Thu Dec 22 2016 12:00:00 GMT+0100 (W. Europe Standard Time)||3]/col[fieldName=Thu||4];
click;scLocator=//autoID[Class=DateChooser||index=31||length=34||classIndex=1||classLength=2]/dateGrid/body/row[Thu=Thu Dec 22 2016 12:00:00 GMT+0100 (W. Europe Standard Time)||3]/col[fieldName=Thu||4];
waitForElementClickable;scLocator=//Portlet[ID="liquidity_transactions_tab_2"]/item[0][Class="ListGrid"]/filterEditor/editRowForm/item[name=dt_input||title=Input%20date||value=[object Object]||index=2||Class=MiniDateRangeItem]/rangeDialog/rangeForm/item[name=dt_input||title=dt_input||value=[object Object]||index=0||Class=DateRangeItem]/dateRangeForm/item[name=fromField||title=From||value=21%24fs%2412%24fs%242016||index=0||Class=RelativeDateItem]/editor/item[name=valueField||title=valueField||value=21%24fs%2412%24fs%242016||index=0||Class=ComboBoxItem]/[icon="picker"];
click;scLocator=//Portlet[ID="liquidity_transactions_tab_2"]/item[0][Class="ListGrid"]/filterEditor/editRowForm/item[name=dt_input||title=Input%20date||value=[object Object]||index=2||Class=MiniDateRangeItem]/rangeDialog/rangeForm/item[name=dt_input||title=dt_input||value=[object Object]||index=0||Class=DateRangeItem]/dateRangeForm/item[name=fromField||title=From||value=21%24fs%2412%24fs%242016||index=0||Class=RelativeDateItem]/editor/item[name=valueField||title=valueField||value=21%24fs%2412%24fs%242016||index=0||Class=ComboBoxItem]/[icon="picker"];
waitForElementClickable;scLocator=//Portlet[ID="liquidity_transactions_tab_2"]/item[0][Class="ListGrid"]/filterEditor/editRowForm/item[name=dt_input||title=Input%20date||value=[object Object]||index=2||Class=MiniDateRangeItem]/rangeDialog/rangeForm/item[name=dt_input||title=dt_input||value=[object Object]||index=0||Class=DateRangeItem]/dateRangeForm/item[name=fromField||title=From||value=21%24fs%2412%24fs%242016||index=0||Class=RelativeDateItem]/editor/item[name=valueField||title=valueField||value=21%24fs%2412%24fs%242016||index=0||Class=ComboBoxItem]/pickList/body/row[valueField=%24yesterday||1]/col[fieldName=valueField||0];
click;scLocator=//Portlet[ID="liquidity_transactions_tab_2"]/item[0][Class="ListGrid"]/filterEditor/editRowForm/item[name=dt_input||title=Input%20date||value=[object Object]||index=2||Class=MiniDateRangeItem]/rangeDialog/rangeForm/item[name=dt_input||title=dt_input||value=[object Object]||index=0||Class=DateRangeItem]/dateRangeForm/item[name=fromField||title=From||value=21%24fs%2412%24fs%242016||index=0||Class=RelativeDateItem]/editor/item[name=valueField||title=valueField||value=21%24fs%2412%24fs%242016||index=0||Class=ComboBoxItem]/pickList/body/row[valueField=%24yesterday||1]/col[fieldName=valueField||0];
waitForElementClickable;scLocator=//Portlet[ID="liquidity_transactions_tab_2"]/item[0][Class="ListGrid"]/filterEditor/editRowForm/item[name=dt_input||title=Input%20date||value=[object Object]||index=2||Class=MiniDateRangeItem]/rangeDialog/rangeForm/item[name=dt_input||title=dt_input||value=[object Object]||index=0||Class=DateRangeItem]/dateRangeForm/item[name=toField||title=To||value=22%24fs%2412%24fs%242016||index=1||Class=RelativeDateItem]/editor/item[name=valueField||title=valueField||value=22%24fs%2412%24fs%242016||index=0||Class=ComboBoxItem]/[icon="picker"];
click;scLocator=//Portlet[ID="liquidity_transactions_tab_2"]/item[0][Class="ListGrid"]/filterEditor/editRowForm/item[name=dt_input||title=Input%20date||value=[object Object]||index=2||Class=MiniDateRangeItem]/rangeDialog/rangeForm/item[name=dt_input||title=dt_input||value=[object Object]||index=0||Class=DateRangeItem]/dateRangeForm/item[name=toField||title=To||value=22%24fs%2412%24fs%242016||index=1||Class=RelativeDateItem]/editor/item[name=valueField||title=valueField||value=22%24fs%2412%24fs%242016||index=0||Class=ComboBoxItem]/[icon="picker"];
waitForElementClickable;scLocator=//Portlet[ID="liquidity_transactions_tab_2"]/item[0][Class="ListGrid"]/filterEditor/editRowForm/item[name=dt_input||title=Input%20date||value=[object Object]||index=2||Class=MiniDateRangeItem]/rangeDialog/rangeForm/item[name=dt_input||title=dt_input||value=[object Object]||index=0||Class=DateRangeItem]/dateRangeForm/item[name=toField||title=To||value=22%24fs%2412%24fs%242016||index=1||Class=RelativeDateItem]/editor/item[name=valueField||title=valueField||value=22%24fs%2412%24fs%242016||index=0||Class=ComboBoxItem]/pickList/body/row[valueField=%24today||0]/col[fieldName=valueField||0];
click;scLocator=//Portlet[ID="liquidity_transactions_tab_2"]/item[0][Class="ListGrid"]/filterEditor/editRowForm/item[name=dt_input||title=Input%20date||value=[object Object]||index=2||Class=MiniDateRangeItem]/rangeDialog/rangeForm/item[name=dt_input||title=dt_input||value=[object Object]||index=0||Class=DateRangeItem]/dateRangeForm/item[name=toField||title=To||value=22%24fs%2412%24fs%242016||index=1||Class=RelativeDateItem]/editor/item[name=valueField||title=valueField||value=22%24fs%2412%24fs%242016||index=0||Class=ComboBoxItem]/pickList/body/row[valueField=%24today||0]/col[fieldName=valueField||0];
waitForElementClickable;scLocator=//Portlet[ID="liquidity_transactions_tab_2"]/item[0][Class="ListGrid"]/filterEditor/editRowForm/item[name=dt_input||title=Input%20date||value=[object Object]||index=2||Class=MiniDateRangeItem]/rangeDialog/okButton/;
click;scLocator=//Portlet[ID="liquidity_transactions_tab_2"]/item[0][Class="ListGrid"]/filterEditor/editRowForm/item[name=dt_input||title=Input%20date||value=[object Object]||index=2||Class=MiniDateRangeItem]/rangeDialog/okButton/;
waitForElementClickable;scLocator=//Portlet[ID="liquidity_transactions_tab_2"]/item[0][Class="ListGrid"]/filterEditor/editRowForm/item[name=dt_effect||title=Effect%20date||index=3||Class=MiniDateRangeItem]/[icon="showDateRange"];
click;scLocator=//Portlet[ID="liquidity_transactions_tab_2"]/item[0][Class="ListGrid"]/filterEditor/editRowForm/item[name=dt_effect||title=Effect%20date||index=3||Class=MiniDateRangeItem]/[icon="showDateRange"];
waitForElementClickable;scLocator=//Portlet[ID="liquidity_transactions_tab_2"]/item[0][Class="ListGrid"]/filterEditor/editRowForm/item[name=dt_effect||title=Effect%20date||index=3||Class=MiniDateRangeItem]/rangeDialog/rangeForm/item[name=dt_effect||title=dt_effect||index=0||Class=DateRangeItem]/dateRangeForm/item[name=fromField||title=From||index=0||Class=RelativeDateItem]/editor/item[name=iconPlaceholder||title=iconPlaceholder||index=2||Class=StaticTextItem]/[icon="chooserIcon"];
click;scLocator=//Portlet[ID="liquidity_transactions_tab_2"]/item[0][Class="ListGrid"]/filterEditor/editRowForm/item[name=dt_effect||title=Effect%20date||index=3||Class=MiniDateRangeItem]/rangeDialog/rangeForm/item[name=dt_effect||title=dt_effect||index=0||Class=DateRangeItem]/dateRangeForm/item[name=fromField||title=From||index=0||Class=RelativeDateItem]/editor/item[name=iconPlaceholder||title=iconPlaceholder||index=2||Class=StaticTextItem]/[icon="chooserIcon"];
waitForElementClickable;scLocator=//autoID[Class=DateChooser||index=97||length=100||classIndex=2||classLength=3]/dateGrid/body/row[Wed=Wed Dec 21 2016 12:00:00 GMT+0100 (W. Europe Standard Time)||3]/col[fieldName=Wed||3];
click;scLocator=//autoID[Class=DateChooser||index=97||length=100||classIndex=2||classLength=3]/dateGrid/body/row[Wed=Wed Dec 21 2016 12:00:00 GMT+0100 (W. Europe Standard Time)||3]/col[fieldName=Wed||3];
waitForElementClickable;scLocator=//Portlet[ID="liquidity_transactions_tab_2"]/item[0][Class="ListGrid"]/filterEditor/editRowForm/item[name=dt_effect||title=Effect%20date||value=[object Object]||index=3||Class=MiniDateRangeItem]/rangeDialog/rangeForm/item[name=dt_effect||title=dt_effect||value=[object Object]||index=0||Class=DateRangeItem]/dateRangeForm/item[name=toField||title=To||index=1||Class=RelativeDateItem]/editor/item[name=iconPlaceholder||title=iconPlaceholder||index=2||Class=StaticTextItem]/[icon="chooserIcon"];
click;scLocator=//Portlet[ID="liquidity_transactions_tab_2"]/item[0][Class="ListGrid"]/filterEditor/editRowForm/item[name=dt_effect||title=Effect%20date||value=[object Object]||index=3||Class=MiniDateRangeItem]/rangeDialog/rangeForm/item[name=dt_effect||title=dt_effect||value=[object Object]||index=0||Class=DateRangeItem]/dateRangeForm/item[name=toField||title=To||index=1||Class=RelativeDateItem]/editor/item[name=iconPlaceholder||title=iconPlaceholder||index=2||Class=StaticTextItem]/[icon="chooserIcon"];
waitForElementClickable;scLocator=//autoID[Class=DateChooser||index=103||length=106||classIndex=3||classLength=4]/dateGrid/body/row[Thu=Thu Dec 22 2016 12:00:00 GMT+0100 (W. Europe Standard Time)||3]/col[fieldName=Thu||4];
click;scLocator=//autoID[Class=DateChooser||index=103||length=106||classIndex=3||classLength=4]/dateGrid/body/row[Thu=Thu Dec 22 2016 12:00:00 GMT+0100 (W. Europe Standard Time)||3]/col[fieldName=Thu||4];
waitForElementClickable;scLocator=//Portlet[ID="liquidity_transactions_tab_2"]/item[0][Class="ListGrid"]/filterEditor/editRowForm/item[name=dt_effect||title=Effect%20date||value=[object Object]||index=3||Class=MiniDateRangeItem]/rangeDialog/okButton/;
click;scLocator=//Portlet[ID="liquidity_transactions_tab_2"]/item[0][Class="ListGrid"]/filterEditor/editRowForm/item[name=dt_effect||title=Effect%20date||value=[object Object]||index=3||Class=MiniDateRangeItem]/rangeDialog/okButton/;
waitForElementClickable;scLocator=//Portlet[ID="liquidity_transactions_tab_2"]/item[0][Class="ListGrid"]/filterEditor/editRowForm/item[name=dt_effect||title=Effect%20date||value=[object Object]||index=3||Class=MiniDateRangeItem]/rangeDialog/rangeForm/item[name=dt_effect||title=dt_effect||value=[object Object]||index=0||Class=DateRangeItem]/dateRangeForm/item[name=fromField||title=From||value=21%24fs%2412%24fs%242016||index=0||Class=RelativeDateItem]/editor/item[name=iconPlaceholder||title=iconPlaceholder||index=2||Class=StaticTextItem]/[icon="chooserIcon"];
click;scLocator=//Portlet[ID="liquidity_transactions_tab_2"]/item[0][Class="ListGrid"]/filterEditor/editRowForm/item[name=dt_effect||title=Effect%20date||value=[object Object]||index=3||Class=MiniDateRangeItem]/rangeDialog/rangeForm/item[name=dt_effect||title=dt_effect||value=[object Object]||index=0||Class=DateRangeItem]/dateRangeForm/item[name=fromField||title=From||value=21%24fs%2412%24fs%242016||index=0||Class=RelativeDateItem]/editor/item[name=iconPlaceholder||title=iconPlaceholder||index=2||Class=StaticTextItem]/[icon="chooserIcon"];
waitForElementClickable;scLocator=//autoID[Class=DateChooser||index=97||length=100||classIndex=2||classLength=3]/dateGrid/body/row[Wed=Wed Dec 21 2016 12:00:00 GMT+0100 (W. Europe Standard Time)||3]/col[fieldName=Wed||3];
click;scLocator=//autoID[Class=DateChooser||index=97||length=100||classIndex=2||classLength=3]/dateGrid/body/row[Wed=Wed Dec 21 2016 12:00:00 GMT+0100 (W. Europe Standard Time)||3]/col[fieldName=Wed||3];
waitForElementClickable;scLocator=//Portlet[ID="liquidity_transactions_tab_2"]/item[0][Class="ListGrid"]/filterEditor/editRowForm/item[name=dt_effect||title=Effect%20date||value=[object Object]||index=3||Class=MiniDateRangeItem]/rangeDialog/rangeForm/item[name=dt_effect||title=dt_effect||value=[object Object]||index=0||Class=DateRangeItem]/dateRangeForm/item[name=fromField||title=From||value=21%24fs%2412%24fs%242016||index=0||Class=RelativeDateItem]/editor/item[name=valueField||title=valueField||value=21%24fs%2412%24fs%242016||index=0||Class=ComboBoxItem]/[icon="picker"];
click;scLocator=//Portlet[ID="liquidity_transactions_tab_2"]/item[0][Class="ListGrid"]/filterEditor/editRowForm/item[name=dt_effect||title=Effect%20date||value=[object Object]||index=3||Class=MiniDateRangeItem]/rangeDialog/rangeForm/item[name=dt_effect||title=dt_effect||value=[object Object]||index=0||Class=DateRangeItem]/dateRangeForm/item[name=fromField||title=From||value=21%24fs%2412%24fs%242016||index=0||Class=RelativeDateItem]/editor/item[name=valueField||title=valueField||value=21%24fs%2412%24fs%242016||index=0||Class=ComboBoxItem]/[icon="picker"];
waitForElementClickable;scLocator=//Portlet[ID="liquidity_transactions_tab_2"]/item[0][Class="ListGrid"]/filterEditor/editRowForm/item[name=dt_effect||title=Effect%20date||value=[object Object]||index=3||Class=MiniDateRangeItem]/rangeDialog/rangeForm/item[name=dt_effect||title=dt_effect||value=[object Object]||index=0||Class=DateRangeItem]/dateRangeForm/item[name=fromField||title=From||value=21%24fs%2412%24fs%242016||index=0||Class=RelativeDateItem]/editor/item[name=valueField||title=valueField||value=21%24fs%2412%24fs%242016||index=0||Class=ComboBoxItem]/pickList/body/row[valueField=%24yesterday||1]/col[fieldName=valueField||0];
click;scLocator=//Portlet[ID="liquidity_transactions_tab_2"]/item[0][Class="ListGrid"]/filterEditor/editRowForm/item[name=dt_effect||title=Effect%20date||value=[object Object]||index=3||Class=MiniDateRangeItem]/rangeDialog/rangeForm/item[name=dt_effect||title=dt_effect||value=[object Object]||index=0||Class=DateRangeItem]/dateRangeForm/item[name=fromField||title=From||value=21%24fs%2412%24fs%242016||index=0||Class=RelativeDateItem]/editor/item[name=valueField||title=valueField||value=21%24fs%2412%24fs%242016||index=0||Class=ComboBoxItem]/pickList/body/row[valueField=%24yesterday||1]/col[fieldName=valueField||0];
waitForElementClickable;scLocator=//Portlet[ID="liquidity_transactions_tab_2"]/item[0][Class="ListGrid"]/filterEditor/editRowForm/item[name=dt_effect||title=Effect%20date||value=[object Object]||index=3||Class=MiniDateRangeItem]/rangeDialog/rangeForm/item[name=dt_effect||title=dt_effect||value=[object Object]||index=0||Class=DateRangeItem]/dateRangeForm/item[name=toField||title=To||value=22%24fs%2412%24fs%242016||index=1||Class=RelativeDateItem]/editor/item[name=valueField||title=valueField||value=22%24fs%2412%24fs%242016||index=0||Class=ComboBoxItem]/[icon="picker"];
click;scLocator=//Portlet[ID="liquidity_transactions_tab_2"]/item[0][Class="ListGrid"]/filterEditor/editRowForm/item[name=dt_effect||title=Effect%20date||value=[object Object]||index=3||Class=MiniDateRangeItem]/rangeDialog/rangeForm/item[name=dt_effect||title=dt_effect||value=[object Object]||index=0||Class=DateRangeItem]/dateRangeForm/item[name=toField||title=To||value=22%24fs%2412%24fs%242016||index=1||Class=RelativeDateItem]/editor/item[name=valueField||title=valueField||value=22%24fs%2412%24fs%242016||index=0||Class=ComboBoxItem]/[icon="picker"];
waitForElementClickable;scLocator=//Portlet[ID="liquidity_transactions_tab_2"]/item[0][Class="ListGrid"]/filterEditor/editRowForm/item[name=dt_effect||title=Effect%20date||value=[object Object]||index=3||Class=MiniDateRangeItem]/rangeDialog/rangeForm/item[name=dt_effect||title=dt_effect||value=[object Object]||index=0||Class=DateRangeItem]/dateRangeForm/item[name=toField||title=To||value=22%24fs%2412%24fs%242016||index=1||Class=RelativeDateItem]/editor/item[name=valueField||title=valueField||value=22%24fs%2412%24fs%242016||index=0||Class=ComboBoxItem]/pickList/body/row[valueField=%24yesterday||1]/col[fieldName=valueField||0];
click;scLocator=//Portlet[ID="liquidity_transactions_tab_2"]/item[0][Class="ListGrid"]/filterEditor/editRowForm/item[name=dt_effect||title=Effect%20date||value=[object Object]||index=3||Class=MiniDateRangeItem]/rangeDialog/rangeForm/item[name=dt_effect||title=dt_effect||value=[object Object]||index=0||Class=DateRangeItem]/dateRangeForm/item[name=toField||title=To||value=22%24fs%2412%24fs%242016||index=1||Class=RelativeDateItem]/editor/item[name=valueField||title=valueField||value=22%24fs%2412%24fs%242016||index=0||Class=ComboBoxItem]/pickList/body/row[valueField=%24yesterday||1]/col[fieldName=valueField||0];
waitForElementClickable;scLocator=//Portlet[ID="liquidity_transactions_tab_2"]/item[0][Class="ListGrid"]/filterEditor/editRowForm/item[name=dt_effect||title=Effect%20date||value=[object Object]||index=3||Class=MiniDateRangeItem]/rangeDialog/rangeForm/item[name=dt_effect||title=dt_effect||value=[object Object]||index=0||Class=DateRangeItem]/dateRangeForm/item[name=toField||title=To||value=Wed Dec 21 2016 12:00:00 GMT+0100 (W. Europe Standard Time)||index=1||Class=RelativeDateItem]/editor/item[name=valueField||title=valueField||value=%24yesterday||index=0||Class=ComboBoxItem]/[icon="picker"];
click;scLocator=//Portlet[ID="liquidity_transactions_tab_2"]/item[0][Class="ListGrid"]/filterEditor/editRowForm/item[name=dt_effect||title=Effect%20date||value=[object Object]||index=3||Class=MiniDateRangeItem]/rangeDialog/rangeForm/item[name=dt_effect||title=dt_effect||value=[object Object]||index=0||Class=DateRangeItem]/dateRangeForm/item[name=toField||title=To||value=Wed Dec 21 2016 12:00:00 GMT+0100 (W. Europe Standard Time)||index=1||Class=RelativeDateItem]/editor/item[name=valueField||title=valueField||value=%24yesterday||index=0||Class=ComboBoxItem]/[icon="picker"];
waitForElementClickable;scLocator=//Portlet[ID="liquidity_transactions_tab_2"]/item[0][Class="ListGrid"]/filterEditor/editRowForm/item[name=dt_effect||title=Effect%20date||value=[object Object]||index=3||Class=MiniDateRangeItem]/rangeDialog/rangeForm/item[name=dt_effect||title=dt_effect||value=[object Object]||index=0||Class=DateRangeItem]/dateRangeForm/item[name=toField||title=To||value=Wed Dec 21 2016 12:00:00 GMT+0100 (W. Europe Standard Time)||index=1||Class=RelativeDateItem]/editor/item[name=valueField||title=valueField||value=%24yesterday||index=0||Class=ComboBoxItem]/pickList/body/row[valueField=%24today||0]/col[fieldName=valueField||0];
click;scLocator=//Portlet[ID="liquidity_transactions_tab_2"]/item[0][Class="ListGrid"]/filterEditor/editRowForm/item[name=dt_effect||title=Effect%20date||value=[object Object]||index=3||Class=MiniDateRangeItem]/rangeDialog/rangeForm/item[name=dt_effect||title=dt_effect||value=[object Object]||index=0||Class=DateRangeItem]/dateRangeForm/item[name=toField||title=To||value=Wed Dec 21 2016 12:00:00 GMT+0100 (W. Europe Standard Time)||index=1||Class=RelativeDateItem]/editor/item[name=valueField||title=valueField||value=%24yesterday||index=0||Class=ComboBoxItem]/pickList/body/row[valueField=%24today||0]/col[fieldName=valueField||0];
waitForElementClickable;scLocator=//Portlet[ID="liquidity_transactions_tab_2"]/item[0][Class="ListGrid"]/filterEditor/editRowForm/item[name=dt_effect||title=Effect%20date||value=[object Object]||index=3||Class=MiniDateRangeItem]/rangeDialog/okButton/;
click;scLocator=//Portlet[ID="liquidity_transactions_tab_2"]/item[0][Class="ListGrid"]/filterEditor/editRowForm/item[name=dt_effect||title=Effect%20date||value=[object Object]||index=3||Class=MiniDateRangeItem]/rangeDialog/okButton/;
waitForElementClickable;scLocator=//Portlet[ID="liquidity_transactions_tab_2"]/item[0][Class="ListGrid"]/header/headerButton[fieldName=dt_effect]/L;
waitForElementClickable;scLocator=//Portlet[ID="liquidity_transactions_tab_2"]/item[0][Class="ListGrid"]/body/row[trans_id=66||dt_input=Mon Oct 10 2011 12:00:00 GMT+0200 (W. Europe Daylight Time)||0]/col[fieldName=dt_input||2];
dragAndDropToObject;scLocator=//Portlet[ID="liquidity_transactions_tab_2"]/item[0][Class="ListGrid"]/header/headerButton[fieldName=dt_effect]/L;scLocator=//Portlet[ID="liquidity_transactions_tab_2"]/item[0][Class="ListGrid"]/body/row[trans_id=66||dt_input=Mon Oct 10 2011 12:00:00 GMT+0200 (W. Europe Daylight Time)||0]/col[fieldName=dt_input||2]
waitForElementClickable;scLocator=//Portlet[ID="liquidity_transactions_tab_2"]/item[0][Class="ListGrid"]/headerMenuButton/;
click;scLocator=//Portlet[ID="liquidity_transactions_tab_2"]/item[0][Class="ListGrid"]/headerMenuButton/;
waitForElementClickable;scLocator=//Portlet[ID="liquidity_transactions_tab_2"]/item[0][Class="ListGrid"]/filterEditor/editRowForm/item[name=acc_name||title=Account%20name||index=1||Class=TextItem]/element;
click;scLocator=//Portlet[ID="liquidity_transactions_tab_2"]/item[0][Class="ListGrid"]/filterEditor/editRowForm/item[name=acc_name||title=Account%20name||index=1||Class=TextItem]/element;
waitForElementClickable;scLocator=//Portlet[ID="liquidity_transactions_tab_2"]/item[0][Class="ListGrid"]/filterEditor/editRowForm/item[name=acc_name||title=Account%20name||index=1||Class=TextItem]/element;
click;scLocator=//Portlet[ID="liquidity_transactions_tab_2"]/item[0][Class="ListGrid"]/filterEditor/editRowForm/item[name=acc_name||title=Account%20name||index=1||Class=TextItem]/element;
waitForElementReadyForKeyPresses;scLocator=//Portlet[ID="liquidity_transactions_tab_2"]/item[0][Class="ListGrid"]/filterEditor/editRowForm/item[name=acc_name||title=Account%20name||value=CARIPARMA||index=1||Class=TextItem]/element;
sendKeys;scLocator=//Portlet[ID="liquidity_transactions_tab_2"]/item[0][Class="ListGrid"]/filterEditor/editRowForm/item[name=acc_name||title=Account%20name||value=CARIPARMA||index=1||Class=TextItem]/element;${KEY_ENTER}
waitForElementClickable;scLocator=//Portlet[ID="liquidity_transactions_tab_2"]/item[0][Class="ListGrid"]/filterEditor/editRowForm/item[name=acc_name||title=Account%20name||value=CARIPARMA||index=1||Class=TextItem]/element;
type;scLocator=//Portlet[ID="liquidity_transactions_tab_2"]/item[0][Class="ListGrid"]/filterEditor/editRowForm/item[name=acc_name||title=Account%20name||value=CARIPARMA||index=1||Class=TextItem]/element;CARIPARMA
