
command,target,value
echo;;RU08-NUC01-T02.rctest
open;/CCAM/;Default fund stg - CCAM - Filters
waitForElementClickable;scLocator=//Menu[level=1]/body/row[6]/col[fieldName=title||0];
click;scLocator=//Menu[level=1]/body/row[6]/col[fieldName=title||0];
waitForElementClickable;scLocator=//Portlet[ID="datastaging_deffund_tab_2"]/maximizeButton/;
click;scLocator=//Portlet[ID="datastaging_deffund_tab_2"]/maximizeButton/;
waitForElementClickable;scLocator=//Portlet[ID="datastaging_deffund_tab_2"]/item[0][Class="ListGrid"]/filterEditor/editRowForm/item[name=legal_name||title=Legal%20name||index=1||Class=TextItem]/element;
click;scLocator=//Portlet[ID="datastaging_deffund_tab_2"]/item[0][Class="ListGrid"]/filterEditor/editRowForm/item[name=legal_name||title=Legal%20name||index=1||Class=TextItem]/element;
waitForElementReadyForKeyPresses;scLocator=//Portlet[ID="datastaging_deffund_tab_2"]/item[0][Class="ListGrid"]/filterEditor/editRowForm/item[name=legal_name||title=Legal%20name||value=nuova||index=1||Class=TextItem]/element;
sendKeys;scLocator=//Portlet[ID="datastaging_deffund_tab_2"]/item[0][Class="ListGrid"]/filterEditor/editRowForm/item[name=legal_name||title=Legal%20name||value=nuova||index=1||Class=TextItem]/element;${KEY_ENTER}
waitForElementClickable;scLocator=//Portlet[ID="datastaging_deffund_tab_2"]/item[0][Class="ListGrid"]/body/vscrollbar/peer[Class=SpritedVSimpleScrollThumb||index=0||length=1||classIndex=0||classLength=1||title=%26nbsp%3B||name=main]/;
dragAndDrop;scLocator=//Portlet[ID="datastaging_deffund_tab_2"]/item[0][Class="ListGrid"]/body/vscrollbar/peer[Class=SpritedVSimpleScrollThumb||index=0||length=1||classIndex=0||classLength=1||title=%26nbsp%3B||name=main]/;+11,-375
waitForElementClickable;scLocator=//Portlet[ID="datastaging_deffund_tab_2"]/item[0][Class="ListGrid"]/filterEditor/editRowForm/item[name=legal_name||title=Legal%20name||value=nuova||index=1||Class=TextItem]/element;
click;scLocator=//Portlet[ID="datastaging_deffund_tab_2"]/item[0][Class="ListGrid"]/filterEditor/editRowForm/item[name=legal_name||title=Legal%20name||value=nuova||index=1||Class=TextItem]/element;
waitForElementReadyForKeyPresses;scLocator=//Portlet[ID="datastaging_deffund_tab_2"]/item[0][Class="ListGrid"]/filterEditor/editRowForm/item[name=legal_name||title=Legal%20name||value=intesa||index=1||Class=TextItem]/element;
sendKeys;scLocator=//Portlet[ID="datastaging_deffund_tab_2"]/item[0][Class="ListGrid"]/filterEditor/editRowForm/item[name=legal_name||title=Legal%20name||value=intesa||index=1||Class=TextItem]/element;${KEY_ENTER}
waitForElementClickable;scLocator=//Portlet[ID="datastaging_deffund_tab_2"]/item[0][Class="ListGrid"]/filterEditor/editRowForm/item[name=legal_name||title=Legal%20name||value=intesa||index=1||Class=TextItem]/element;
type;scLocator=//Portlet[ID="datastaging_deffund_tab_2"]/item[0][Class="ListGrid"]/filterEditor/editRowForm/item[name=legal_name||title=Legal%20name||value=intesa||index=1||Class=TextItem]/element;intesa
waitForElementClickable;scLocator=//Portlet[ID="datastaging_deffund_tab_2"]/item[0][Class="ListGrid"]/headerMenuButton/;
click;scLocator=//Portlet[ID="datastaging_deffund_tab_2"]/item[0][Class="ListGrid"]/headerMenuButton/;
waitForElementClickable;scLocator=//Portlet[ID="datastaging_deffund_tab_2"]/item[0][Class="ListGrid"]/headerContextMenu[Class=Menu||index=0||length=1||classIndex=0||classLength=1||roleIndex=0||roleLength=1||scRole=menu]/body/row[title=Sort%20Ascending||0]/col[fieldName=title||1];
click;scLocator=//Portlet[ID="datastaging_deffund_tab_2"]/item[0][Class="ListGrid"]/headerContextMenu[Class=Menu||index=0||length=1||classIndex=0||classLength=1||roleIndex=0||roleLength=1||scRole=menu]/body/row[title=Sort%20Ascending||0]/col[fieldName=title||1];
waitForElementClickable;scLocator=//Portlet[ID="datastaging_deffund_tab_2"]/item[0][Class="ListGrid"]/filterEditor/editRowForm/item[name=dt_calc||title=Calc.%20date||index=0||Class=MiniDateRangeItem]/[icon="showDateRange"];
click;scLocator=//Portlet[ID="datastaging_deffund_tab_2"]/item[0][Class="ListGrid"]/filterEditor/editRowForm/item[name=dt_calc||title=Calc.%20date||index=0||Class=MiniDateRangeItem]/[icon="showDateRange"];
waitForElementClickable;scLocator=//Portlet[ID="datastaging_deffund_tab_2"]/item[0][Class="ListGrid"]/filterEditor/editRowForm/item[name=dt_calc||title=Calc.%20date||index=0||Class=MiniDateRangeItem]/rangeDialog/rangeForm/item[name=dt_calc||title=dt_calc||index=0||Class=DateRangeItem]/dateRangeForm/item[name=fromField||title=From||index=0||Class=RelativeDateItem]/editor/item[name=iconPlaceholder||title=iconPlaceholder||index=2||Class=StaticTextItem]/[icon="chooserIcon"];
click;scLocator=//Portlet[ID="datastaging_deffund_tab_2"]/item[0][Class="ListGrid"]/filterEditor/editRowForm/item[name=dt_calc||title=Calc.%20date||index=0||Class=MiniDateRangeItem]/rangeDialog/rangeForm/item[name=dt_calc||title=dt_calc||index=0||Class=DateRangeItem]/dateRangeForm/item[name=fromField||title=From||index=0||Class=RelativeDateItem]/editor/item[name=iconPlaceholder||title=iconPlaceholder||index=2||Class=StaticTextItem]/[icon="chooserIcon"];
waitForElementClickable;scLocator=//autoID[Class=DateChooser||index=21||length=24||classIndex=0||classLength=1]/dateGrid/body/row[Wed=Wed Dec 21 2016 12:00:00 GMT+0100 (W. Europe Standard Time)||3]/col[fieldName=Wed||3];
click;scLocator=//autoID[Class=DateChooser||index=21||length=24||classIndex=0||classLength=1]/dateGrid/body/row[Wed=Wed Dec 21 2016 12:00:00 GMT+0100 (W. Europe Standard Time)||3]/col[fieldName=Wed||3];
waitForElementClickable;scLocator=//Portlet[ID="datastaging_deffund_tab_2"]/item[0][Class="ListGrid"]/filterEditor/editRowForm/item[name=dt_calc||title=Calc.%20date||value=[object Object]||index=0||Class=MiniDateRangeItem]/rangeDialog/rangeForm/item[name=dt_calc||title=dt_calc||value=[object Object]||index=0||Class=DateRangeItem]/dateRangeForm/item[name=toField||title=To||index=1||Class=RelativeDateItem]/editor/item[name=iconPlaceholder||title=iconPlaceholder||index=2||Class=StaticTextItem]/[icon="chooserIcon"];
click;scLocator=//Portlet[ID="datastaging_deffund_tab_2"]/item[0][Class="ListGrid"]/filterEditor/editRowForm/item[name=dt_calc||title=Calc.%20date||value=[object Object]||index=0||Class=MiniDateRangeItem]/rangeDialog/rangeForm/item[name=dt_calc||title=dt_calc||value=[object Object]||index=0||Class=DateRangeItem]/dateRangeForm/item[name=toField||title=To||index=1||Class=RelativeDateItem]/editor/item[name=iconPlaceholder||title=iconPlaceholder||index=2||Class=StaticTextItem]/[icon="chooserIcon"];
waitForElementClickable;scLocator=//autoID[Class=DateChooser||index=27||length=30||classIndex=1||classLength=2]/dateGrid/body/row[Thu=Thu Dec 22 2016 12:00:00 GMT+0100 (W. Europe Standard Time)||3]/col[fieldName=Thu||4];
click;scLocator=//autoID[Class=DateChooser||index=27||length=30||classIndex=1||classLength=2]/dateGrid/body/row[Thu=Thu Dec 22 2016 12:00:00 GMT+0100 (W. Europe Standard Time)||3]/col[fieldName=Thu||4];
waitForElementClickable;scLocator=//Portlet[ID="datastaging_deffund_tab_2"]/item[0][Class="ListGrid"]/filterEditor/editRowForm/item[name=dt_calc||title=Calc.%20date||value=[object Object]||index=0||Class=MiniDateRangeItem]/rangeDialog/okButton/;
click;scLocator=//Portlet[ID="datastaging_deffund_tab_2"]/item[0][Class="ListGrid"]/filterEditor/editRowForm/item[name=dt_calc||title=Calc.%20date||value=[object Object]||index=0||Class=MiniDateRangeItem]/rangeDialog/okButton/;
waitForElementClickable;scLocator=//Portlet[ID="datastaging_deffund_tab_2"]/item[0][Class="ListGrid"]/filterEditor/editRowForm/item[name=dt_calc||title=Calc.%20date||value=[object Object]||index=0||Class=MiniDateRangeItem]/rangeDialog/rangeForm/item[name=dt_calc||title=dt_calc||value=[object Object]||index=0||Class=DateRangeItem]/dateRangeForm/item[name=fromField||title=From||value=21%24fs%2412%24fs%242016||index=0||Class=RelativeDateItem]/editor/item[name=valueField||title=valueField||value=21%24fs%2412%24fs%242016||index=0||Class=ComboBoxItem]/[icon="picker"];
click;scLocator=//Portlet[ID="datastaging_deffund_tab_2"]/item[0][Class="ListGrid"]/filterEditor/editRowForm/item[name=dt_calc||title=Calc.%20date||value=[object Object]||index=0||Class=MiniDateRangeItem]/rangeDialog/rangeForm/item[name=dt_calc||title=dt_calc||value=[object Object]||index=0||Class=DateRangeItem]/dateRangeForm/item[name=fromField||title=From||value=21%24fs%2412%24fs%242016||index=0||Class=RelativeDateItem]/editor/item[name=valueField||title=valueField||value=21%24fs%2412%24fs%242016||index=0||Class=ComboBoxItem]/[icon="picker"];
waitForElementClickable;scLocator=//Portlet[ID="datastaging_deffund_tab_2"]/item[0][Class="ListGrid"]/filterEditor/editRowForm/item[name=dt_calc||title=Calc.%20date||value=[object Object]||index=0||Class=MiniDateRangeItem]/rangeDialog/rangeForm/item[name=dt_calc||title=dt_calc||value=[object Object]||index=0||Class=DateRangeItem]/dateRangeForm/item[name=fromField||title=From||value=21%24fs%2412%24fs%242016||index=0||Class=RelativeDateItem]/editor/item[name=valueField||title=valueField||value=21%24fs%2412%24fs%242016||index=0||Class=ComboBoxItem]/pickList/body/row[valueField=%24yesterday||1]/col[fieldName=valueField||0];
click;scLocator=//Portlet[ID="datastaging_deffund_tab_2"]/item[0][Class="ListGrid"]/filterEditor/editRowForm/item[name=dt_calc||title=Calc.%20date||value=[object Object]||index=0||Class=MiniDateRangeItem]/rangeDialog/rangeForm/item[name=dt_calc||title=dt_calc||value=[object Object]||index=0||Class=DateRangeItem]/dateRangeForm/item[name=fromField||title=From||value=21%24fs%2412%24fs%242016||index=0||Class=RelativeDateItem]/editor/item[name=valueField||title=valueField||value=21%24fs%2412%24fs%242016||index=0||Class=ComboBoxItem]/pickList/body/row[valueField=%24yesterday||1]/col[fieldName=valueField||0];
waitForElementClickable;scLocator=//Portlet[ID="datastaging_deffund_tab_2"]/item[0][Class="ListGrid"]/filterEditor/editRowForm/item[name=dt_calc||title=Calc.%20date||value=[object Object]||index=0||Class=MiniDateRangeItem]/rangeDialog/rangeForm/item[name=dt_calc||title=dt_calc||value=[object Object]||index=0||Class=DateRangeItem]/dateRangeForm/item[name=toField||title=To||value=22%24fs%2412%24fs%242016||index=1||Class=RelativeDateItem]/editor/item[name=valueField||title=valueField||value=22%24fs%2412%24fs%242016||index=0||Class=ComboBoxItem]/[icon="picker"];
click;scLocator=//Portlet[ID="datastaging_deffund_tab_2"]/item[0][Class="ListGrid"]/filterEditor/editRowForm/item[name=dt_calc||title=Calc.%20date||value=[object Object]||index=0||Class=MiniDateRangeItem]/rangeDialog/rangeForm/item[name=dt_calc||title=dt_calc||value=[object Object]||index=0||Class=DateRangeItem]/dateRangeForm/item[name=toField||title=To||value=22%24fs%2412%24fs%242016||index=1||Class=RelativeDateItem]/editor/item[name=valueField||title=valueField||value=22%24fs%2412%24fs%242016||index=0||Class=ComboBoxItem]/[icon="picker"];
waitForElementClickable;scLocator=//Portlet[ID="datastaging_deffund_tab_2"]/item[0][Class="ListGrid"]/filterEditor/editRowForm/item[name=dt_calc||title=Calc.%20date||value=[object Object]||index=0||Class=MiniDateRangeItem]/rangeDialog/rangeForm/item[name=dt_calc||title=dt_calc||value=[object Object]||index=0||Class=DateRangeItem]/dateRangeForm/item[name=toField||title=To||value=22%24fs%2412%24fs%242016||index=1||Class=RelativeDateItem]/editor/item[name=valueField||title=valueField||value=22%24fs%2412%24fs%242016||index=0||Class=ComboBoxItem]/pickList/body/row[valueField=%24yesterday||1]/col[fieldName=valueField||0];
click;scLocator=//Portlet[ID="datastaging_deffund_tab_2"]/item[0][Class="ListGrid"]/filterEditor/editRowForm/item[name=dt_calc||title=Calc.%20date||value=[object Object]||index=0||Class=MiniDateRangeItem]/rangeDialog/rangeForm/item[name=dt_calc||title=dt_calc||value=[object Object]||index=0||Class=DateRangeItem]/dateRangeForm/item[name=toField||title=To||value=22%24fs%2412%24fs%242016||index=1||Class=RelativeDateItem]/editor/item[name=valueField||title=valueField||value=22%24fs%2412%24fs%242016||index=0||Class=ComboBoxItem]/pickList/body/row[valueField=%24yesterday||1]/col[fieldName=valueField||0];
waitForElementClickable;scLocator=//Portlet[ID="datastaging_deffund_tab_2"]/item[0][Class="ListGrid"]/filterEditor/editRowForm/item[name=dt_calc||title=Calc.%20date||value=[object Object]||index=0||Class=MiniDateRangeItem]/rangeDialog/rangeForm/item[name=dt_calc||title=dt_calc||value=[object Object]||index=0||Class=DateRangeItem]/dateRangeForm/item[name=toField||title=To||value=Wed Dec 21 2016 12:00:00 GMT+0100 (W. Europe Standard Time)||index=1||Class=RelativeDateItem]/editor/item[name=valueField||title=valueField||value=%24yesterday||index=0||Class=ComboBoxItem]/[icon="picker"];
click;scLocator=//Portlet[ID="datastaging_deffund_tab_2"]/item[0][Class="ListGrid"]/filterEditor/editRowForm/item[name=dt_calc||title=Calc.%20date||value=[object Object]||index=0||Class=MiniDateRangeItem]/rangeDialog/rangeForm/item[name=dt_calc||title=dt_calc||value=[object Object]||index=0||Class=DateRangeItem]/dateRangeForm/item[name=toField||title=To||value=Wed Dec 21 2016 12:00:00 GMT+0100 (W. Europe Standard Time)||index=1||Class=RelativeDateItem]/editor/item[name=valueField||title=valueField||value=%24yesterday||index=0||Class=ComboBoxItem]/[icon="picker"];
waitForElementClickable;scLocator=//Portlet[ID="datastaging_deffund_tab_2"]/item[0][Class="ListGrid"]/filterEditor/editRowForm/item[name=dt_calc||title=Calc.%20date||value=[object Object]||index=0||Class=MiniDateRangeItem]/rangeDialog/rangeForm/item[name=dt_calc||title=dt_calc||value=[object Object]||index=0||Class=DateRangeItem]/dateRangeForm/item[name=toField||title=To||value=Wed Dec 21 2016 12:00:00 GMT+0100 (W. Europe Standard Time)||index=1||Class=RelativeDateItem]/editor/item[name=valueField||title=valueField||value=%24yesterday||index=0||Class=ComboBoxItem]/pickList/body/row[valueField=%24today||0]/col[fieldName=valueField||0];
click;scLocator=//Portlet[ID="datastaging_deffund_tab_2"]/item[0][Class="ListGrid"]/filterEditor/editRowForm/item[name=dt_calc||title=Calc.%20date||value=[object Object]||index=0||Class=MiniDateRangeItem]/rangeDialog/rangeForm/item[name=dt_calc||title=dt_calc||value=[object Object]||index=0||Class=DateRangeItem]/dateRangeForm/item[name=toField||title=To||value=Wed Dec 21 2016 12:00:00 GMT+0100 (W. Europe Standard Time)||index=1||Class=RelativeDateItem]/editor/item[name=valueField||title=valueField||value=%24yesterday||index=0||Class=ComboBoxItem]/pickList/body/row[valueField=%24today||0]/col[fieldName=valueField||0];
waitForElementClickable;scLocator=//Portlet[ID="datastaging_deffund_tab_2"]/item[0][Class="ListGrid"]/filterEditor/editRowForm/item[name=dt_calc||title=Calc.%20date||value=[object Object]||index=0||Class=MiniDateRangeItem]/rangeDialog/okButton/;
click;scLocator=//Portlet[ID="datastaging_deffund_tab_2"]/item[0][Class="ListGrid"]/filterEditor/editRowForm/item[name=dt_calc||title=Calc.%20date||value=[object Object]||index=0||Class=MiniDateRangeItem]/rangeDialog/okButton/;
waitForElementClickable;scLocator=//Portlet[ID="datastaging_deffund_tab_2"]/item[0][Class="ListGrid"]/filterEditor/editRowForm/item[name=dt_calc||title=Calc.%20date||value=[object Object]||index=0||Class=MiniDateRangeItem]/[icon="showDateRange"];
click;scLocator=//Portlet[ID="datastaging_deffund_tab_2"]/item[0][Class="ListGrid"]/filterEditor/editRowForm/item[name=dt_calc||title=Calc.%20date||value=[object Object]||index=0||Class=MiniDateRangeItem]/[icon="showDateRange"];
waitForElementClickable;scLocator=//Portlet[ID="datastaging_deffund_tab_2"]/item[0][Class="ListGrid"]/filterEditor/editRowForm/item[name=dt_calc||title=Calc.%20date||value=[object Object]||index=0||Class=MiniDateRangeItem]/rangeDialog/cancelButton/;
click;scLocator=//Portlet[ID="datastaging_deffund_tab_2"]/item[0][Class="ListGrid"]/filterEditor/editRowForm/item[name=dt_calc||title=Calc.%20date||value=[object Object]||index=0||Class=MiniDateRangeItem]/rangeDialog/cancelButton/;
waitForElementClickable;scLocator=//Portlet[ID="datastaging_deffund_tab_2"]/item[0][Class="ListGrid"]/filterEditor/editRowForm/item[name=df_contribution||title=Default%20fund%20contrib.||index=2||Class=FloatItem]/element;
click;scLocator=//Portlet[ID="datastaging_deffund_tab_2"]/item[0][Class="ListGrid"]/filterEditor/editRowForm/item[name=df_contribution||title=Default%20fund%20contrib.||index=2||Class=FloatItem]/element;
waitForElementReadyForKeyPresses;scLocator=//Portlet[ID="datastaging_deffund_tab_2"]/item[0][Class="ListGrid"]/filterEditor/editRowForm/item[name=df_contribution||title=Default%20fund%20contrib.||value=%3E739969000||index=2||Class=FloatItem]/element;
sendKeys;scLocator=//Portlet[ID="datastaging_deffund_tab_2"]/item[0][Class="ListGrid"]/filterEditor/editRowForm/item[name=df_contribution||title=Default%20fund%20contrib.||value=%3E739969000||index=2||Class=FloatItem]/element;${KEY_ENTER}
waitForElementReadyForKeyPresses;scLocator=//Portlet[ID="datastaging_deffund_tab_2"]/item[0][Class="ListGrid"]/filterEditor/editRowForm/item[name=df_contribution||title=Default%20fund%20contrib.||value=%3E7399||index=2||Class=FloatItem]/element;
sendKeys;scLocator=//Portlet[ID="datastaging_deffund_tab_2"]/item[0][Class="ListGrid"]/filterEditor/editRowForm/item[name=df_contribution||title=Default%20fund%20contrib.||value=%3E7399||index=2||Class=FloatItem]/element;${KEY_ENTER}
waitForElementClickable;scLocator=//Portlet[ID="datastaging_deffund_tab_2"]/item[0][Class="ListGrid"]/filterEditor/editRowForm/item[name=df_contribution||title=Default%20fund%20contrib.||value=%3E7399||index=2||Class=FloatItem]/element;
type;scLocator=//Portlet[ID="datastaging_deffund_tab_2"]/item[0][Class="ListGrid"]/filterEditor/editRowForm/item[name=df_contribution||title=Default%20fund%20contrib.||value=%3E7399||index=2||Class=FloatItem]/element;>7399 /* FILTER - Posizionamento errato */
waitForElementClickable;scLocator=//Portlet[ID="datastaging_deffund_tab_2"]/item[0][Class="ListGrid"]/filterEditor/actionButton/icon;
click;scLocator=//Portlet[ID="datastaging_deffund_tab_2"]/item[0][Class="ListGrid"]/filterEditor/actionButton/icon;
waitForElementClickable;scLocator=//Portlet[ID="datastaging_deffund_tab_2"]/item[0][Class="ListGrid"]/filterEditor/editRowForm/item[name=df_contribution||title=Default%20fund%20contrib.||value=%3E7399||index=2||Class=FloatItem]/element;
click;scLocator=//Portlet[ID="datastaging_deffund_tab_2"]/item[0][Class="ListGrid"]/filterEditor/editRowForm/item[name=df_contribution||title=Default%20fund%20contrib.||value=%3E7399||index=2||Class=FloatItem]/element;
