
command,target,value
echo;;RU09-NUC01-T03.rctest
open;/CCAM/;Repo stg - CCAM - Grouping and refresh
click;//div[@id='isc_H']/table/tbody/tr/td/table/tbody/tr/td[2];
waitForElementClickable;scLocator=//Menu[level=1]/body/row[7]/col[fieldName=title||0];
click;scLocator=//Menu[level=1]/body/row[7]/col[fieldName=title||0];
waitForElementClickable;scLocator=//Portlet[ID="datastaging_repo_tab_2"]/maximizeButton/;
click;scLocator=//Portlet[ID="datastaging_repo_tab_2"]/maximizeButton/;
waitForElementClickable;scLocator=//Portlet[ID="datastaging_repo_tab_2"]/item[0][Class="ListGrid"]/filterEditor/editRowForm/item[name=dt_ref||title=Ref.%20date||index=0||Class=MiniDateRangeItem]/[icon="showDateRange"];
click;scLocator=//Portlet[ID="datastaging_repo_tab_2"]/item[0][Class="ListGrid"]/filterEditor/editRowForm/item[name=dt_ref||title=Ref.%20date||index=0||Class=MiniDateRangeItem]/[icon="showDateRange"];
waitForElementClickable;scLocator=//Portlet[ID="datastaging_repo_tab_2"]/item[0][Class="ListGrid"]/filterEditor/editRowForm/item[name=dt_ref||title=Ref.%20date||index=0||Class=MiniDateRangeItem]/rangeDialog/rangeForm/item[name=dt_ref||title=dt_ref||index=0||Class=DateRangeItem]/dateRangeForm/item[name=fromField||title=From||index=0||Class=RelativeDateItem]/editor/item[name=iconPlaceholder||title=iconPlaceholder||index=2||Class=StaticTextItem]/[icon="chooserIcon"];
click;scLocator=//Portlet[ID="datastaging_repo_tab_2"]/item[0][Class="ListGrid"]/filterEditor/editRowForm/item[name=dt_ref||title=Ref.%20date||index=0||Class=MiniDateRangeItem]/rangeDialog/rangeForm/item[name=dt_ref||title=dt_ref||index=0||Class=DateRangeItem]/dateRangeForm/item[name=fromField||title=From||index=0||Class=RelativeDateItem]/editor/item[name=iconPlaceholder||title=iconPlaceholder||index=2||Class=StaticTextItem]/[icon="chooserIcon"];
waitForElementClickable;scLocator=//autoID[Class=DateChooser||index=28||length=31||classIndex=0||classLength=1]/dateGrid/body/row[Wed=Wed Dec 21 2016 12:00:00 GMT+0100 (W. Europe Standard Time)||3]/col[fieldName=Wed||3];
click;scLocator=//autoID[Class=DateChooser||index=28||length=31||classIndex=0||classLength=1]/dateGrid/body/row[Wed=Wed Dec 21 2016 12:00:00 GMT+0100 (W. Europe Standard Time)||3]/col[fieldName=Wed||3];
waitForElementClickable;scLocator=//Portlet[ID="datastaging_repo_tab_2"]/item[0][Class="ListGrid"]/filterEditor/editRowForm/item[name=dt_ref||title=Ref.%20date||value=[object Object]||index=0||Class=MiniDateRangeItem]/rangeDialog/rangeForm/item[name=dt_ref||title=dt_ref||value=[object Object]||index=0||Class=DateRangeItem]/dateRangeForm/item[name=toField||title=To||index=1||Class=RelativeDateItem]/editor/item[name=iconPlaceholder||title=iconPlaceholder||index=2||Class=StaticTextItem]/;/*  Ref Date errore nel filtro - POSTPONED */
click;scLocator=//Portlet[ID="datastaging_repo_tab_2"]/item[0][Class="ListGrid"]/filterEditor/editRowForm/item[name=dt_ref||title=Ref.%20date||value=[object Object]||index=0||Class=MiniDateRangeItem]/rangeDialog/rangeForm/item[name=dt_ref||title=dt_ref||value=[object Object]||index=0||Class=DateRangeItem]/dateRangeForm/item[name=toField||title=To||index=1||Class=RelativeDateItem]/editor/item[name=iconPlaceholder||title=iconPlaceholder||index=2||Class=StaticTextItem]/;
waitForElementClickable;scLocator=//Portlet[ID="datastaging_repo_tab_2"]/item[0][Class="ListGrid"]/filterEditor/editRowForm/item[name=dt_ref||title=Ref.%20date||value=[object Object]||index=0||Class=MiniDateRangeItem]/rangeDialog/rangeForm/item[name=dt_ref||title=dt_ref||value=[object Object]||index=0||Class=DateRangeItem]/dateRangeForm/item[name=toField||title=To||index=1||Class=RelativeDateItem]/editor/item[name=iconPlaceholder||title=iconPlaceholder||index=2||Class=StaticTextItem]/[icon="chooserIcon"];
click;scLocator=//Portlet[ID="datastaging_repo_tab_2"]/item[0][Class="ListGrid"]/filterEditor/editRowForm/item[name=dt_ref||title=Ref.%20date||value=[object Object]||index=0||Class=MiniDateRangeItem]/rangeDialog/rangeForm/item[name=dt_ref||title=dt_ref||value=[object Object]||index=0||Class=DateRangeItem]/dateRangeForm/item[name=toField||title=To||index=1||Class=RelativeDateItem]/editor/item[name=iconPlaceholder||title=iconPlaceholder||index=2||Class=StaticTextItem]/[icon="chooserIcon"];
waitForElementClickable;scLocator=//autoID[Class=DateChooser||index=34||length=37||classIndex=1||classLength=2]/dateGrid/body/row[Thu=Thu Dec 22 2016 12:00:00 GMT+0100 (W. Europe Standard Time)||3]/col[fieldName=Thu||4];
click;scLocator=//autoID[Class=DateChooser||index=34||length=37||classIndex=1||classLength=2]/dateGrid/body/row[Thu=Thu Dec 22 2016 12:00:00 GMT+0100 (W. Europe Standard Time)||3]/col[fieldName=Thu||4];
waitForElementClickable;scLocator=//Portlet[ID="datastaging_repo_tab_2"]/item[0][Class="ListGrid"]/filterEditor/editRowForm/item[name=dt_ref||title=Ref.%20date||value=[object Object]||index=0||Class=MiniDateRangeItem]/rangeDialog/okButton/;
click;scLocator=//Portlet[ID="datastaging_repo_tab_2"]/item[0][Class="ListGrid"]/filterEditor/editRowForm/item[name=dt_ref||title=Ref.%20date||value=[object Object]||index=0||Class=MiniDateRangeItem]/rangeDialog/okButton/;
waitForElementClickable;scLocator=//Portlet[ID="datastaging_repo_tab_2"]/item[0][Class="ListGrid"]/filterEditor/editRowForm/item[name=dt_ref||title=Ref.%20date||value=[object Object]||index=0||Class=MiniDateRangeItem]/rangeDialog/rangeForm/item[name=dt_ref||title=dt_ref||value=[object Object]||index=0||Class=DateRangeItem]/dateRangeForm/item[name=fromField||title=From||value=21%24fs%2412%24fs%242016||index=0||Class=RelativeDateItem]/editor/item[name=valueField||title=valueField||value=21%24fs%2412%24fs%242016||index=0||Class=ComboBoxItem]/[icon="picker"];
click;scLocator=//Portlet[ID="datastaging_repo_tab_2"]/item[0][Class="ListGrid"]/filterEditor/editRowForm/item[name=dt_ref||title=Ref.%20date||value=[object Object]||index=0||Class=MiniDateRangeItem]/rangeDialog/rangeForm/item[name=dt_ref||title=dt_ref||value=[object Object]||index=0||Class=DateRangeItem]/dateRangeForm/item[name=fromField||title=From||value=21%24fs%2412%24fs%242016||index=0||Class=RelativeDateItem]/editor/item[name=valueField||title=valueField||value=21%24fs%2412%24fs%242016||index=0||Class=ComboBoxItem]/[icon="picker"];
waitForElementClickable;scLocator=//Portlet[ID="datastaging_repo_tab_2"]/item[0][Class="ListGrid"]/filterEditor/editRowForm/item[name=dt_ref||title=Ref.%20date||value=[object Object]||index=0||Class=MiniDateRangeItem]/rangeDialog/rangeForm/item[name=dt_ref||title=dt_ref||value=[object Object]||index=0||Class=DateRangeItem]/dateRangeForm/item[name=fromField||title=From||value=21%24fs%2412%24fs%242016||index=0||Class=RelativeDateItem]/editor/item[name=valueField||title=valueField||value=21%24fs%2412%24fs%242016||index=0||Class=ComboBoxItem]/pickList/body/row[valueField=%24yesterday||1]/col[fieldName=valueField||0];
click;scLocator=//Portlet[ID="datastaging_repo_tab_2"]/item[0][Class="ListGrid"]/filterEditor/editRowForm/item[name=dt_ref||title=Ref.%20date||value=[object Object]||index=0||Class=MiniDateRangeItem]/rangeDialog/rangeForm/item[name=dt_ref||title=dt_ref||value=[object Object]||index=0||Class=DateRangeItem]/dateRangeForm/item[name=fromField||title=From||value=21%24fs%2412%24fs%242016||index=0||Class=RelativeDateItem]/editor/item[name=valueField||title=valueField||value=21%24fs%2412%24fs%242016||index=0||Class=ComboBoxItem]/pickList/body/row[valueField=%24yesterday||1]/col[fieldName=valueField||0];
waitForElementClickable;scLocator=//Portlet[ID="datastaging_repo_tab_2"]/item[0][Class="ListGrid"]/filterEditor/editRowForm/item[name=dt_ref||title=Ref.%20date||value=[object Object]||index=0||Class=MiniDateRangeItem]/rangeDialog/rangeForm/item[name=dt_ref||title=dt_ref||value=[object Object]||index=0||Class=DateRangeItem]/dateRangeForm/item[name=toField||title=To||value=22%24fs%2412%24fs%242016||index=1||Class=RelativeDateItem]/editor/item[name=valueField||title=valueField||value=22%24fs%2412%24fs%242016||index=0||Class=ComboBoxItem]/[icon="picker"];
click;scLocator=//Portlet[ID="datastaging_repo_tab_2"]/item[0][Class="ListGrid"]/filterEditor/editRowForm/item[name=dt_ref||title=Ref.%20date||value=[object Object]||index=0||Class=MiniDateRangeItem]/rangeDialog/rangeForm/item[name=dt_ref||title=dt_ref||value=[object Object]||index=0||Class=DateRangeItem]/dateRangeForm/item[name=toField||title=To||value=22%24fs%2412%24fs%242016||index=1||Class=RelativeDateItem]/editor/item[name=valueField||title=valueField||value=22%24fs%2412%24fs%242016||index=0||Class=ComboBoxItem]/[icon="picker"];
waitForElementClickable;scLocator=//Portlet[ID="datastaging_repo_tab_2"]/item[0][Class="ListGrid"]/filterEditor/editRowForm/item[name=dt_ref||title=Ref.%20date||value=[object Object]||index=0||Class=MiniDateRangeItem]/rangeDialog/rangeForm/item[name=dt_ref||title=dt_ref||value=[object Object]||index=0||Class=DateRangeItem]/dateRangeForm/item[name=toField||title=To||value=22%24fs%2412%24fs%242016||index=1||Class=RelativeDateItem]/editor/item[name=valueField||title=valueField||value=22%24fs%2412%24fs%242016||index=0||Class=ComboBoxItem]/pickList/body/row[valueField=%24today||0]/col[fieldName=valueField||0];
click;scLocator=//Portlet[ID="datastaging_repo_tab_2"]/item[0][Class="ListGrid"]/filterEditor/editRowForm/item[name=dt_ref||title=Ref.%20date||value=[object Object]||index=0||Class=MiniDateRangeItem]/rangeDialog/rangeForm/item[name=dt_ref||title=dt_ref||value=[object Object]||index=0||Class=DateRangeItem]/dateRangeForm/item[name=toField||title=To||value=22%24fs%2412%24fs%242016||index=1||Class=RelativeDateItem]/editor/item[name=valueField||title=valueField||value=22%24fs%2412%24fs%242016||index=0||Class=ComboBoxItem]/pickList/body/row[valueField=%24today||0]/col[fieldName=valueField||0];
waitForElementClickable;scLocator=//Portlet[ID="datastaging_repo_tab_2"]/item[0][Class="ListGrid"]/filterEditor/editRowForm/item[name=dt_ref||title=Ref.%20date||value=[object Object]||index=0||Class=MiniDateRangeItem]/rangeDialog/okButton/;
click;scLocator=//Portlet[ID="datastaging_repo_tab_2"]/item[0][Class="ListGrid"]/filterEditor/editRowForm/item[name=dt_ref||title=Ref.%20date||value=[object Object]||index=0||Class=MiniDateRangeItem]/rangeDialog/okButton/;
waitForElementClickable;scLocator=//Portlet[ID="datastaging_repo_tab_2"]/item[0][Class="ListGrid"]/filterEditor/editRowForm/item[name=counterparty_name||title=Counterparty%20name||index=3||Class=TextItem]/element;
click;scLocator=//Portlet[ID="datastaging_repo_tab_2"]/item[0][Class="ListGrid"]/filterEditor/editRowForm/item[name=counterparty_name||title=Counterparty%20name||index=3||Class=TextItem]/element;
waitForElementReadyForKeyPresses;scLocator=//Portlet[ID="datastaging_repo_tab_2"]/item[0][Class="ListGrid"]/filterEditor/editRowForm/item[name=counterparty_name||title=Counterparty%20name||value=intesa||index=3||Class=TextItem]/element;
sendKeys;scLocator=//Portlet[ID="datastaging_repo_tab_2"]/item[0][Class="ListGrid"]/filterEditor/editRowForm/item[name=counterparty_name||title=Counterparty%20name||value=intesa||index=3||Class=TextItem]/element;${KEY_ENTER}
waitForElementClickable;scLocator=//Portlet[ID="datastaging_repo_tab_2"]/item[0][Class="ListGrid"]/filterEditor/editRowForm/item[name=counterparty_name||title=Counterparty%20name||value=intesa||index=3||Class=TextItem]/element;
type;scLocator=//Portlet[ID="datastaging_repo_tab_2"]/item[0][Class="ListGrid"]/filterEditor/editRowForm/item[name=counterparty_name||title=Counterparty%20name||value=intesa||index=3||Class=TextItem]/element;intesa
waitForElementClickable;scLocator=//Portlet[ID="datastaging_repo_tab_2"]/item[0][Class="ListGrid"]/filterEditor/editRowForm/item[name=dt_deal||title=Deal.%20date||index=6||Class=MiniDateRangeItem]/[icon="showDateRange"];
click;scLocator=//Portlet[ID="datastaging_repo_tab_2"]/item[0][Class="ListGrid"]/filterEditor/editRowForm/item[name=dt_deal||title=Deal.%20date||index=6||Class=MiniDateRangeItem]/[icon="showDateRange"];
waitForElementClickable;scLocator=//Portlet[ID="datastaging_repo_tab_2"]/item[0][Class="ListGrid"]/filterEditor/editRowForm/item[name=dt_deal||title=Deal.%20date||index=6||Class=MiniDateRangeItem]/rangeDialog/rangeForm/item[name=dt_deal||title=dt_deal||index=0||Class=DateRangeItem]/dateRangeForm/item[name=fromField||title=From||index=0||Class=RelativeDateItem]/editor/item[name=iconPlaceholder||title=iconPlaceholder||index=2||Class=StaticTextItem]/[icon="chooserIcon"];
click;scLocator=//Portlet[ID="datastaging_repo_tab_2"]/item[0][Class="ListGrid"]/filterEditor/editRowForm/item[name=dt_deal||title=Deal.%20date||index=6||Class=MiniDateRangeItem]/rangeDialog/rangeForm/item[name=dt_deal||title=dt_deal||index=0||Class=DateRangeItem]/dateRangeForm/item[name=fromField||title=From||index=0||Class=RelativeDateItem]/editor/item[name=iconPlaceholder||title=iconPlaceholder||index=2||Class=StaticTextItem]/[icon="chooserIcon"];
waitForElementClickable;scLocator=//autoID[Class=DateChooser||index=53||length=56||classIndex=2||classLength=3]/dateGrid/body/row[Wed=Wed Dec 21 2016 12:00:00 GMT+0100 (W. Europe Standard Time)||3]/col[fieldName=Wed||3];
click;scLocator=//autoID[Class=DateChooser||index=53||length=56||classIndex=2||classLength=3]/dateGrid/body/row[Wed=Wed Dec 21 2016 12:00:00 GMT+0100 (W. Europe Standard Time)||3]/col[fieldName=Wed||3];
waitForElementClickable;scLocator=//Portlet[ID="datastaging_repo_tab_2"]/item[0][Class="ListGrid"]/filterEditor/editRowForm/item[name=dt_deal||title=Deal.%20date||value=[object Object]||index=6||Class=MiniDateRangeItem]/rangeDialog/rangeForm/item[name=dt_deal||title=dt_deal||value=[object Object]||index=0||Class=DateRangeItem]/dateRangeForm/item[name=toField||title=To||index=1||Class=RelativeDateItem]/editor/item[name=iconPlaceholder||title=iconPlaceholder||index=2||Class=StaticTextItem]/[icon="chooserIcon"];
click;scLocator=//Portlet[ID="datastaging_repo_tab_2"]/item[0][Class="ListGrid"]/filterEditor/editRowForm/item[name=dt_deal||title=Deal.%20date||value=[object Object]||index=6||Class=MiniDateRangeItem]/rangeDialog/rangeForm/item[name=dt_deal||title=dt_deal||value=[object Object]||index=0||Class=DateRangeItem]/dateRangeForm/item[name=toField||title=To||index=1||Class=RelativeDateItem]/editor/item[name=iconPlaceholder||title=iconPlaceholder||index=2||Class=StaticTextItem]/[icon="chooserIcon"];
waitForElementClickable;scLocator=//autoID[Class=DateChooser||index=59||length=62||classIndex=3||classLength=4]/dateGrid/body/row[Thu=Thu Dec 22 2016 12:00:00 GMT+0100 (W. Europe Standard Time)||3]/col[fieldName=Thu||4];
click;scLocator=//autoID[Class=DateChooser||index=59||length=62||classIndex=3||classLength=4]/dateGrid/body/row[Thu=Thu Dec 22 2016 12:00:00 GMT+0100 (W. Europe Standard Time)||3]/col[fieldName=Thu||4];
waitForElementClickable;scLocator=//Portlet[ID="datastaging_repo_tab_2"]/item[0][Class="ListGrid"]/filterEditor/editRowForm/item[name=dt_deal||title=Deal.%20date||value=[object Object]||index=6||Class=MiniDateRangeItem]/rangeDialog/okButton/;
click;scLocator=//Portlet[ID="datastaging_repo_tab_2"]/item[0][Class="ListGrid"]/filterEditor/editRowForm/item[name=dt_deal||title=Deal.%20date||value=[object Object]||index=6||Class=MiniDateRangeItem]/rangeDialog/okButton/;
waitForElementClickable;scLocator=//Portlet[ID="datastaging_repo_tab_2"]/item[0][Class="ListGrid"]/filterEditor/editRowForm/item[name=dt_deal||title=Deal.%20date||value=[object Object]||index=6||Class=MiniDateRangeItem]/rangeDialog/rangeForm/item[name=dt_deal||title=dt_deal||value=[object Object]||index=0||Class=DateRangeItem]/dateRangeForm/item[name=fromField||title=From||value=21%24fs%2412%24fs%242016||index=0||Class=RelativeDateItem]/editor/item[name=valueField||title=valueField||value=21%24fs%2412%24fs%242016||index=0||Class=ComboBoxItem]/[icon="picker"];
click;scLocator=//Portlet[ID="datastaging_repo_tab_2"]/item[0][Class="ListGrid"]/filterEditor/editRowForm/item[name=dt_deal||title=Deal.%20date||value=[object Object]||index=6||Class=MiniDateRangeItem]/rangeDialog/rangeForm/item[name=dt_deal||title=dt_deal||value=[object Object]||index=0||Class=DateRangeItem]/dateRangeForm/item[name=fromField||title=From||value=21%24fs%2412%24fs%242016||index=0||Class=RelativeDateItem]/editor/item[name=valueField||title=valueField||value=21%24fs%2412%24fs%242016||index=0||Class=ComboBoxItem]/[icon="picker"];
waitForElementClickable;scLocator=//Portlet[ID="datastaging_repo_tab_2"]/item[0][Class="ListGrid"]/filterEditor/editRowForm/item[name=dt_deal||title=Deal.%20date||value=[object Object]||index=6||Class=MiniDateRangeItem]/rangeDialog/rangeForm/item[name=dt_deal||title=dt_deal||value=[object Object]||index=0||Class=DateRangeItem]/dateRangeForm/item[name=fromField||title=From||value=21%24fs%2412%24fs%242016||index=0||Class=RelativeDateItem]/editor/item[name=valueField||title=valueField||value=21%24fs%2412%24fs%242016||index=0||Class=ComboBoxItem]/pickList/body/row[valueField=%24yesterday||1]/col[fieldName=valueField||0];
click;scLocator=//Portlet[ID="datastaging_repo_tab_2"]/item[0][Class="ListGrid"]/filterEditor/editRowForm/item[name=dt_deal||title=Deal.%20date||value=[object Object]||index=6||Class=MiniDateRangeItem]/rangeDialog/rangeForm/item[name=dt_deal||title=dt_deal||value=[object Object]||index=0||Class=DateRangeItem]/dateRangeForm/item[name=fromField||title=From||value=21%24fs%2412%24fs%242016||index=0||Class=RelativeDateItem]/editor/item[name=valueField||title=valueField||value=21%24fs%2412%24fs%242016||index=0||Class=ComboBoxItem]/pickList/body/row[valueField=%24yesterday||1]/col[fieldName=valueField||0];
waitForElementClickable;scLocator=//Portlet[ID="datastaging_repo_tab_2"]/item[0][Class="ListGrid"]/filterEditor/editRowForm/item[name=dt_deal||title=Deal.%20date||value=[object Object]||index=6||Class=MiniDateRangeItem]/rangeDialog/rangeForm/item[name=dt_deal||title=dt_deal||value=[object Object]||index=0||Class=DateRangeItem]/dateRangeForm/item[name=toField||title=To||value=22%24fs%2412%24fs%242016||index=1||Class=RelativeDateItem]/editor/item[name=valueField||title=valueField||value=22%24fs%2412%24fs%242016||index=0||Class=ComboBoxItem]/[icon="picker"];
click;scLocator=//Portlet[ID="datastaging_repo_tab_2"]/item[0][Class="ListGrid"]/filterEditor/editRowForm/item[name=dt_deal||title=Deal.%20date||value=[object Object]||index=6||Class=MiniDateRangeItem]/rangeDialog/rangeForm/item[name=dt_deal||title=dt_deal||value=[object Object]||index=0||Class=DateRangeItem]/dateRangeForm/item[name=toField||title=To||value=22%24fs%2412%24fs%242016||index=1||Class=RelativeDateItem]/editor/item[name=valueField||title=valueField||value=22%24fs%2412%24fs%242016||index=0||Class=ComboBoxItem]/[icon="picker"];
waitForElementClickable;scLocator=//Portlet[ID="datastaging_repo_tab_2"]/item[0][Class="ListGrid"]/filterEditor/editRowForm/item[name=dt_deal||title=Deal.%20date||value=[object Object]||index=6||Class=MiniDateRangeItem]/rangeDialog/rangeForm/item[name=dt_deal||title=dt_deal||value=[object Object]||index=0||Class=DateRangeItem]/dateRangeForm/item[name=toField||title=To||value=22%24fs%2412%24fs%242016||index=1||Class=RelativeDateItem]/editor/item[name=valueField||title=valueField||value=22%24fs%2412%24fs%242016||index=0||Class=ComboBoxItem]/pickList/body/row[valueField=%24yesterday||1]/col[fieldName=valueField||0];
click;scLocator=//Portlet[ID="datastaging_repo_tab_2"]/item[0][Class="ListGrid"]/filterEditor/editRowForm/item[name=dt_deal||title=Deal.%20date||value=[object Object]||index=6||Class=MiniDateRangeItem]/rangeDialog/rangeForm/item[name=dt_deal||title=dt_deal||value=[object Object]||index=0||Class=DateRangeItem]/dateRangeForm/item[name=toField||title=To||value=22%24fs%2412%24fs%242016||index=1||Class=RelativeDateItem]/editor/item[name=valueField||title=valueField||value=22%24fs%2412%24fs%242016||index=0||Class=ComboBoxItem]/pickList/body/row[valueField=%24yesterday||1]/col[fieldName=valueField||0];
waitForElementClickable;scLocator=//Portlet[ID="datastaging_repo_tab_2"]/item[0][Class="ListGrid"]/filterEditor/editRowForm/item[name=dt_deal||title=Deal.%20date||value=[object Object]||index=6||Class=MiniDateRangeItem]/rangeDialog/okButton/;
click;scLocator=//Portlet[ID="datastaging_repo_tab_2"]/item[0][Class="ListGrid"]/filterEditor/editRowForm/item[name=dt_deal||title=Deal.%20date||value=[object Object]||index=6||Class=MiniDateRangeItem]/rangeDialog/okButton/;
waitForElementClickable;scLocator=//Portlet[ID="datastaging_repo_tab_2"]/item[0][Class="ListGrid"]/filterEditor/editRowForm/item[name=dt_settle||title=Settle.%20date||index=7||Class=MiniDateRangeItem]/[icon="showDateRange"];
click;scLocator=//Portlet[ID="datastaging_repo_tab_2"]/item[0][Class="ListGrid"]/filterEditor/editRowForm/item[name=dt_settle||title=Settle.%20date||index=7||Class=MiniDateRangeItem]/[icon="showDateRange"];
waitForElementClickable;scLocator=//Portlet[ID="datastaging_repo_tab_2"]/item[0][Class="ListGrid"]/filterEditor/editRowForm/item[name=dt_settle||title=Settle.%20date||index=7||Class=MiniDateRangeItem]/rangeDialog/rangeForm/item[name=dt_settle||title=dt_settle||index=0||Class=DateRangeItem]/dateRangeForm/item[name=fromField||title=From||index=0||Class=RelativeDateItem]/editor/item[name=iconPlaceholder||title=iconPlaceholder||index=2||Class=StaticTextItem]/[icon="chooserIcon"];
click;scLocator=//Portlet[ID="datastaging_repo_tab_2"]/item[0][Class="ListGrid"]/filterEditor/editRowForm/item[name=dt_settle||title=Settle.%20date||index=7||Class=MiniDateRangeItem]/rangeDialog/rangeForm/item[name=dt_settle||title=dt_settle||index=0||Class=DateRangeItem]/dateRangeForm/item[name=fromField||title=From||index=0||Class=RelativeDateItem]/editor/item[name=iconPlaceholder||title=iconPlaceholder||index=2||Class=StaticTextItem]/[icon="chooserIcon"];
waitForElementClickable;scLocator=//autoID[Class=DateChooser||index=69||length=72||classIndex=4||classLength=5]/dateGrid/body/row[Wed=Wed Dec 21 2016 12:00:00 GMT+0100 (W. Europe Standard Time)||3]/col[fieldName=Wed||3];
click;scLocator=//autoID[Class=DateChooser||index=69||length=72||classIndex=4||classLength=5]/dateGrid/body/row[Wed=Wed Dec 21 2016 12:00:00 GMT+0100 (W. Europe Standard Time)||3]/col[fieldName=Wed||3];
waitForElementClickable;scLocator=//Portlet[ID="datastaging_repo_tab_2"]/item[0][Class="ListGrid"]/filterEditor/editRowForm/item[name=dt_settle||title=Settle.%20date||value=[object Object]||index=7||Class=MiniDateRangeItem]/rangeDialog/rangeForm/item[name=dt_settle||title=dt_settle||value=[object Object]||index=0||Class=DateRangeItem]/dateRangeForm/item[name=toField||title=To||index=1||Class=RelativeDateItem]/editor/item[name=iconPlaceholder||title=iconPlaceholder||index=2||Class=StaticTextItem]/[icon="chooserIcon"];
click;scLocator=//Portlet[ID="datastaging_repo_tab_2"]/item[0][Class="ListGrid"]/filterEditor/editRowForm/item[name=dt_settle||title=Settle.%20date||value=[object Object]||index=7||Class=MiniDateRangeItem]/rangeDialog/rangeForm/item[name=dt_settle||title=dt_settle||value=[object Object]||index=0||Class=DateRangeItem]/dateRangeForm/item[name=toField||title=To||index=1||Class=RelativeDateItem]/editor/item[name=iconPlaceholder||title=iconPlaceholder||index=2||Class=StaticTextItem]/[icon="chooserIcon"];
waitForElementClickable;scLocator=//autoID[Class=DateChooser||index=75||length=78||classIndex=5||classLength=6]/dateGrid/body/row[Thu=Thu Dec 22 2016 12:00:00 GMT+0100 (W. Europe Standard Time)||3]/col[fieldName=Thu||4];
click;scLocator=//autoID[Class=DateChooser||index=75||length=78||classIndex=5||classLength=6]/dateGrid/body/row[Thu=Thu Dec 22 2016 12:00:00 GMT+0100 (W. Europe Standard Time)||3]/col[fieldName=Thu||4];
waitForElementClickable;scLocator=//Portlet[ID="datastaging_repo_tab_2"]/item[0][Class="ListGrid"]/filterEditor/editRowForm/item[name=dt_settle||title=Settle.%20date||value=[object Object]||index=7||Class=MiniDateRangeItem]/rangeDialog/okButton/;
click;scLocator=//Portlet[ID="datastaging_repo_tab_2"]/item[0][Class="ListGrid"]/filterEditor/editRowForm/item[name=dt_settle||title=Settle.%20date||value=[object Object]||index=7||Class=MiniDateRangeItem]/rangeDialog/okButton/;
waitForElementClickable;scLocator=//Portlet[ID="datastaging_repo_tab_2"]/item[0][Class="ListGrid"]/filterEditor/editRowForm/item[name=dt_settle||title=Settle.%20date||value=[object Object]||index=7||Class=MiniDateRangeItem]/rangeDialog/rangeForm/item[name=dt_settle||title=dt_settle||value=[object Object]||index=0||Class=DateRangeItem]/dateRangeForm/item[name=fromField||title=From||value=21%24fs%2412%24fs%242016||index=0||Class=RelativeDateItem]/editor/item[name=valueField||title=valueField||value=21%24fs%2412%24fs%242016||index=0||Class=ComboBoxItem]/[icon="picker"];
click;scLocator=//Portlet[ID="datastaging_repo_tab_2"]/item[0][Class="ListGrid"]/filterEditor/editRowForm/item[name=dt_settle||title=Settle.%20date||value=[object Object]||index=7||Class=MiniDateRangeItem]/rangeDialog/rangeForm/item[name=dt_settle||title=dt_settle||value=[object Object]||index=0||Class=DateRangeItem]/dateRangeForm/item[name=fromField||title=From||value=21%24fs%2412%24fs%242016||index=0||Class=RelativeDateItem]/editor/item[name=valueField||title=valueField||value=21%24fs%2412%24fs%242016||index=0||Class=ComboBoxItem]/[icon="picker"];
waitForElementClickable;scLocator=//Portlet[ID="datastaging_repo_tab_2"]/item[0][Class="ListGrid"]/filterEditor/editRowForm/item[name=dt_settle||title=Settle.%20date||value=[object Object]||index=7||Class=MiniDateRangeItem]/rangeDialog/rangeForm/item[name=dt_settle||title=dt_settle||value=[object Object]||index=0||Class=DateRangeItem]/dateRangeForm/item[name=fromField||title=From||value=21%24fs%2412%24fs%242016||index=0||Class=RelativeDateItem]/editor/item[name=valueField||title=valueField||value=21%24fs%2412%24fs%242016||index=0||Class=ComboBoxItem]/pickList/body/row[valueField=%24yesterday||1]/col[fieldName=valueField||0];
click;scLocator=//Portlet[ID="datastaging_repo_tab_2"]/item[0][Class="ListGrid"]/filterEditor/editRowForm/item[name=dt_settle||title=Settle.%20date||value=[object Object]||index=7||Class=MiniDateRangeItem]/rangeDialog/rangeForm/item[name=dt_settle||title=dt_settle||value=[object Object]||index=0||Class=DateRangeItem]/dateRangeForm/item[name=fromField||title=From||value=21%24fs%2412%24fs%242016||index=0||Class=RelativeDateItem]/editor/item[name=valueField||title=valueField||value=21%24fs%2412%24fs%242016||index=0||Class=ComboBoxItem]/pickList/body/row[valueField=%24yesterday||1]/col[fieldName=valueField||0];
waitForElementClickable;scLocator=//Portlet[ID="datastaging_repo_tab_2"]/item[0][Class="ListGrid"]/filterEditor/editRowForm/item[name=dt_settle||title=Settle.%20date||value=[object Object]||index=7||Class=MiniDateRangeItem]/rangeDialog/rangeForm/item[name=dt_settle||title=dt_settle||value=[object Object]||index=0||Class=DateRangeItem]/dateRangeForm/item[name=toField||title=To||value=22%24fs%2412%24fs%242016||index=1||Class=RelativeDateItem]/editor/item[name=valueField||title=valueField||value=22%24fs%2412%24fs%242016||index=0||Class=ComboBoxItem]/[icon="picker"];
click;scLocator=//Portlet[ID="datastaging_repo_tab_2"]/item[0][Class="ListGrid"]/filterEditor/editRowForm/item[name=dt_settle||title=Settle.%20date||value=[object Object]||index=7||Class=MiniDateRangeItem]/rangeDialog/rangeForm/item[name=dt_settle||title=dt_settle||value=[object Object]||index=0||Class=DateRangeItem]/dateRangeForm/item[name=toField||title=To||value=22%24fs%2412%24fs%242016||index=1||Class=RelativeDateItem]/editor/item[name=valueField||title=valueField||value=22%24fs%2412%24fs%242016||index=0||Class=ComboBoxItem]/[icon="picker"];
waitForElementClickable;scLocator=//Portlet[ID="datastaging_repo_tab_2"]/item[0][Class="ListGrid"]/filterEditor/editRowForm/item[name=dt_settle||title=Settle.%20date||value=[object Object]||index=7||Class=MiniDateRangeItem]/rangeDialog/rangeForm/item[name=dt_settle||title=dt_settle||value=[object Object]||index=0||Class=DateRangeItem]/dateRangeForm/item[name=toField||title=To||value=22%24fs%2412%24fs%242016||index=1||Class=RelativeDateItem]/editor/item[name=valueField||title=valueField||value=22%24fs%2412%24fs%242016||index=0||Class=ComboBoxItem]/pickList/body/row[valueField=%24today||0]/col[fieldName=valueField||0];
click;scLocator=//Portlet[ID="datastaging_repo_tab_2"]/item[0][Class="ListGrid"]/filterEditor/editRowForm/item[name=dt_settle||title=Settle.%20date||value=[object Object]||index=7||Class=MiniDateRangeItem]/rangeDialog/rangeForm/item[name=dt_settle||title=dt_settle||value=[object Object]||index=0||Class=DateRangeItem]/dateRangeForm/item[name=toField||title=To||value=22%24fs%2412%24fs%242016||index=1||Class=RelativeDateItem]/editor/item[name=valueField||title=valueField||value=22%24fs%2412%24fs%242016||index=0||Class=ComboBoxItem]/pickList/body/row[valueField=%24today||0]/col[fieldName=valueField||0];
waitForElementClickable;scLocator=//Portlet[ID="datastaging_repo_tab_2"]/item[0][Class="ListGrid"]/filterEditor/editRowForm/item[name=dt_settle||title=Settle.%20date||value=[object Object]||index=7||Class=MiniDateRangeItem]/rangeDialog/okButton/;
click;scLocator=//Portlet[ID="datastaging_repo_tab_2"]/item[0][Class="ListGrid"]/filterEditor/editRowForm/item[name=dt_settle||title=Settle.%20date||value=[object Object]||index=7||Class=MiniDateRangeItem]/rangeDialog/okButton/;
waitForElementClickable;scLocator=//Portlet[ID="datastaging_repo_tab_2"]/item[0][Class="ListGrid"]/body/row[dt_ref=Wed Dec 21 2016 12:00:00 GMT+0100 (W. Europe Standard Time)||deal_number=57555||face_value=50000000||1]/col[fieldName=face_value||4];
click;scLocator=//Portlet[ID="datastaging_repo_tab_2"]/item[0][Class="ListGrid"]/body/row[dt_ref=Wed Dec 21 2016 12:00:00 GMT+0100 (W. Europe Standard Time)||deal_number=57555||face_value=50000000||1]/col[fieldName=face_value||4];
waitForElementClickable;scLocator=//Portlet[ID="datastaging_repo_tab_2"]/item[0][Class="ListGrid"]/body/row[dt_ref=Wed Dec 21 2016 12:00:00 GMT+0100 (W. Europe Standard Time)||deal_number=57555||face_value=50000000||1]/col[fieldName=face_value||4];
contextMenu;scLocator=//Portlet[ID="datastaging_repo_tab_2"]/item[0][Class="ListGrid"]/body/row[dt_ref=Wed Dec 21 2016 12:00:00 GMT+0100 (W. Europe Standard Time)||deal_number=57555||face_value=50000000||1]/col[fieldName=face_value||4];
waitForElementClickable;scLocator=//Menu[level=0]/body/row[title=Copy||0]/col[fieldName=title||1];
click;scLocator=//Menu[level=0]/body/row[title=Copy||0]/col[fieldName=title||1];
waitForElementClickable;scLocator=//autoID[Class=Dialog||index=82||length=84||classIndex=0||classLength=1||roleIndex=0||roleLength=1||title=Copy%20Cells||scRole=alertdialog]/item[0][Class="DynamicForm"]/item[name=textArea||title=textArea||value=%2250000000%22||index=1||Class=TextAreaItem]/element;
click;scLocator=//autoID[Class=Dialog||index=82||length=84||classIndex=0||classLength=1||roleIndex=0||roleLength=1||title=Copy%20Cells||scRole=alertdialog]/item[0][Class="DynamicForm"]/item[name=textArea||title=textArea||value=%2250000000%22||index=1||Class=TextAreaItem]/element;
waitForElementClickable;scLocator=//autoID[Class=Dialog||index=82||length=84||classIndex=0||classLength=1||roleIndex=0||roleLength=1||title=Copy%20Cells||scRole=alertdialog]/item[0][Class="DynamicForm"]/item[name=done||title=Done||index=2||Class=ButtonItem]/button/;
click;scLocator=//autoID[Class=Dialog||index=82||length=84||classIndex=0||classLength=1||roleIndex=0||roleLength=1||title=Copy%20Cells||scRole=alertdialog]/item[0][Class="DynamicForm"]/item[name=done||title=Done||index=2||Class=ButtonItem]/button/;
waitForElementClickable;scLocator=//Portlet[ID="datastaging_repo_tab_2"]/item[0][Class="ListGrid"]/filterEditor/editRowForm/item[name=face_value||title=Face%20value||index=4||Class=FloatItem]/element;
click;scLocator=//Portlet[ID="datastaging_repo_tab_2"]/item[0][Class="ListGrid"]/filterEditor/editRowForm/item[name=face_value||title=Face%20value||index=4||Class=FloatItem]/element;
waitForElementReadyForKeyPresses;scLocator=//Portlet[ID="datastaging_repo_tab_2"]/item[0][Class="ListGrid"]/filterEditor/editRowForm/item[name=face_value||title=Face%20value||value=50000000||index=4||Class=FloatItem]/element;
sendKeys;scLocator=//Portlet[ID="datastaging_repo_tab_2"]/item[0][Class="ListGrid"]/filterEditor/editRowForm/item[name=face_value||title=Face%20value||value=50000000||index=4||Class=FloatItem]/element;${KEY_ENTER}
waitForElementClickable;scLocator=//Portlet[ID="datastaging_repo_tab_2"]/item[0][Class="ListGrid"]/filterEditor/editRowForm/item[name=face_value||title=Face%20value||value=50000000||index=4||Class=FloatItem]/element;
click;scLocator=//Portlet[ID="datastaging_repo_tab_2"]/item[0][Class="ListGrid"]/filterEditor/editRowForm/item[name=face_value||title=Face%20value||value=50000000||index=4||Class=FloatItem]/element;
waitForElementClickable;scLocator=//Portlet[ID="datastaging_repo_tab_2"]/item[0][Class="ListGrid"]/filterEditor/editRowForm/item[name=face_value||title=Face%20value||value=50000000||index=4||Class=FloatItem]/element;
type;scLocator=//Portlet[ID="datastaging_repo_tab_2"]/item[0][Class="ListGrid"]/filterEditor/editRowForm/item[name=face_value||title=Face%20value||value=50000000||index=4||Class=FloatItem]/element;50000000 /* Face Value eand Return Value Filters POSTPONED  because Ret Value allow 1 only char  */
waitForElementClickable;scLocator=//Portlet[ID="datastaging_repo_tab_2"]/item[0][Class="ListGrid"]/headerMenuButton/icon;
click;scLocator=//Portlet[ID="datastaging_repo_tab_2"]/item[0][Class="ListGrid"]/headerMenuButton/icon;
waitForElementClickable;scLocator=//Menu[level=1]/body/row[title=by%20Month||2]/col[fieldName=title||1];
click;scLocator=//Menu[level=1]/body/row[title=by%20Month||2]/col[fieldName=title||1];
waitForElementClickable;scLocator=//Portlet[ID="datastaging_repo_tab_2"]/item[0][Class="ListGrid"]/headerMenuButton/icon;
click;scLocator=//Portlet[ID="datastaging_repo_tab_2"]/item[0][Class="ListGrid"]/headerMenuButton/icon;
waitForElementClickable;scLocator=//Portlet[ID="datastaging_repo_tab_2"]/item[0][Class="ListGrid"]/headerContextMenu[Class=Menu||index=0||length=1||classIndex=0||classLength=1||roleIndex=0||roleLength=1||scRole=menu]/body/row[title=Ungroup||9]/col[fieldName=title||1];
click;scLocator=//Portlet[ID="datastaging_repo_tab_2"]/item[0][Class="ListGrid"]/headerContextMenu[Class=Menu||index=0||length=1||classIndex=0||classLength=1||roleIndex=0||roleLength=1||scRole=menu]/body/row[title=Ungroup||9]/col[fieldName=title||1];
waitForElementClickable;scLocator=//Portlet[ID="datastaging_repo_tab_2"]/item[0][Class="ListGrid"]/headerMenuButton/icon;
click;scLocator=//Portlet[ID="datastaging_repo_tab_2"]/item[0][Class="ListGrid"]/headerMenuButton/icon;
waitForElementClickable;scLocator=//Menu[level=1]/body/row[title=by%20Day||0]/col[fieldName=title||1];
click;scLocator=//Menu[level=1]/body/row[title=by%20Day||0]/col[fieldName=title||1];
waitForElementClickable;scLocator=//Portlet[ID="datastaging_repo_tab_2"]/item[0][Class="ListGrid"]/body/row[dt_ref=Thu Dec 22 2016 12:00:00 GMT+0100 (W. Europe Standard Time)||5]/col[fieldName=dt_ref||0];
click;scLocator=//Portlet[ID="datastaging_repo_tab_2"]/item[0][Class="ListGrid"]/body/row[dt_ref=Thu Dec 22 2016 12:00:00 GMT+0100 (W. Europe Standard Time)||5]/col[fieldName=dt_ref||0];
waitForElementClickable;scLocator=//Portlet[ID="datastaging_repo_tab_2"]/item[0][Class="ListGrid"]/headerMenuButton/;
click;scLocator=//Portlet[ID="datastaging_repo_tab_2"]/item[0][Class="ListGrid"]/headerMenuButton/;
waitForElementClickable;scLocator=//Portlet[ID="datastaging_repo_tab_2"]/item[0][Class="ListGrid"]/headerContextMenu[Class=Menu||index=0||length=1||classIndex=0||classLength=1||roleIndex=0||roleLength=1||scRole=menu]/body/row[title=Group%20by%20Face%20value||8]/col[fieldName=title||1];
click;scLocator=//Portlet[ID="datastaging_repo_tab_2"]/item[0][Class="ListGrid"]/headerContextMenu[Class=Menu||index=0||length=1||classIndex=0||classLength=1||roleIndex=0||roleLength=1||scRole=menu]/body/row[title=Group%20by%20Face%20value||8]/col[fieldName=title||1];
waitForElementClickable;scLocator=//Portlet[ID="datastaging_repo_tab_2"]/item[0][Class="ListGrid"]/filterEditor/editRowForm/item[name=face_value||title=Face%20value||value=50000000||index=4||Class=FloatItem]/element;
click;scLocator=//Portlet[ID="datastaging_repo_tab_2"]/item[0][Class="ListGrid"]/filterEditor/editRowForm/item[name=face_value||title=Face%20value||value=50000000||index=4||Class=FloatItem]/element;
waitForElementClickable;scLocator=//Portlet[ID="datastaging_repo_tab_2"]/item[0][Class="ListGrid"]/filterEditor/editRowForm/item[name=face_value||title=Face%20value||index=4||Class=FloatItem]/element;
type;scLocator=//Portlet[ID="datastaging_repo_tab_2"]/item[0][Class="ListGrid"]/filterEditor/editRowForm/item[name=face_value||title=Face%20value||index=4||Class=FloatItem]/element;
waitForElementClickable;scLocator=//Portlet[ID="datastaging_repo_tab_2"]/item[0][Class="ListGrid"]/filterEditor/actionButton/icon;
click;scLocator=//Portlet[ID="datastaging_repo_tab_2"]/item[0][Class="ListGrid"]/filterEditor/actionButton/icon;
waitForElementClickable;scLocator=//Portlet[ID="datastaging_repo_tab_2"]/header/member[Class=Img||index=1||length=5||classIndex=0||classLength=1||name=main]/;
click;scLocator=//Portlet[ID="datastaging_repo_tab_2"]/header/member[Class=Img||index=1||length=5||classIndex=0||classLength=1||name=main]/;
waitForElementClickable;scLocator=//Portlet[ID="datastaging_repo_tab_2"]/header/member[Class=Img||index=1||length=5||classIndex=0||classLength=1||name=main]/;
click;scLocator=//Portlet[ID="datastaging_repo_tab_2"]/header/member[Class=Img||index=1||length=5||classIndex=0||classLength=1||name=main]/;
waitForElementClickable;scLocator=//Portlet[ID="datastaging_repo_tab_2"]/header/member[Class=Img||index=1||length=5||classIndex=0||classLength=1||name=main]/;
click;scLocator=//Portlet[ID="datastaging_repo_tab_2"]/header/member[Class=Img||index=1||length=5||classIndex=0||classLength=1||name=main]/;
