
command,target,value
echo;;RU11-NUC01-T02.rctest
open;/CCAM/;Liquidity Params - CCAM - Edit
waitForElementClickable;scLocator=//Portlet[ID="refdata_liqparam_tab_2"]/item[0][Class="VLayout"]/member[Class=DynamicForm||index=0||length=3||classIndex=0||classLength=1]/item[name=%3Cnobr%3ECredit%20lines%3C%24fs%24nobr%3E||title=%3Cnobr%3ECredit%20lines%3C%24fs%24nobr%3E||value=25||index=0||Class=TextItem]/element;
type;scLocator=//Portlet[ID="refdata_liqparam_tab_2"]/item[0][Class="VLayout"]/member[Class=DynamicForm||index=0||length=3||classIndex=0||classLength=1]/item[name=%3Cnobr%3ECredit%20lines%3C%24fs%24nobr%3E||title=%3Cnobr%3ECredit%20lines%3C%24fs%24nobr%3E||value=25||index=0||Class=TextItem]/element;22
waitForElementClickable;scLocator=//Portlet[ID="refdata_liqparam_tab_2"]/item[0][Class="VLayout"]/member[Class=DynamicForm||index=0||length=3||classIndex=0||classLength=1]/item[name=%3Cnobr%3ECash%20for%20settlement%3C%24fs%24nobr%3E||title=%3Cnobr%3ECash%20for%20settlement%3C%24fs%24nobr%3E||value=222||index=1||Class=TextItem]/element;
click;scLocator=//Portlet[ID="refdata_liqparam_tab_2"]/item[0][Class="VLayout"]/member[Class=DynamicForm||index=0||length=3||classIndex=0||classLength=1]/item[name=%3Cnobr%3ECash%20for%20settlement%3C%24fs%24nobr%3E||title=%3Cnobr%3ECash%20for%20settlement%3C%24fs%24nobr%3E||value=222||index=1||Class=TextItem]/element;
waitForElementClickable;scLocator=//Portlet[ID="refdata_liqparam_tab_2"]/item[0][Class="VLayout"]/member[Class=DynamicForm||index=0||length=3||classIndex=0||classLength=1]/item[name=%3Cnobr%3ECash%20for%20settlement%3C%24fs%24nobr%3E||title=%3Cnobr%3ECash%20for%20settlement%3C%24fs%24nobr%3E||value=225||index=1||Class=TextItem]/element;
type;scLocator=//Portlet[ID="refdata_liqparam_tab_2"]/item[0][Class="VLayout"]/member[Class=DynamicForm||index=0||length=3||classIndex=0||classLength=1]/item[name=%3Cnobr%3ECash%20for%20settlement%3C%24fs%24nobr%3E||title=%3Cnobr%3ECash%20for%20settlement%3C%24fs%24nobr%3E||value=225||index=1||Class=TextItem]/element;222
waitForElementClickable;scLocator=//Portlet[ID="refdata_liqparam_tab_2"]/item[0][Class="VLayout"]/member[Class=HLayout||index=2||length=3||classIndex=0||classLength=1]/member[Class=Button||index=1||length=2||classIndex=0||classLength=1||roleIndex=0||roleLength=1||title=Save||scRole=button]/;
click;scLocator=//Portlet[ID="refdata_liqparam_tab_2"]/item[0][Class="VLayout"]/member[Class=HLayout||index=2||length=3||classIndex=0||classLength=1]/member[Class=Button||index=1||length=2||classIndex=0||classLength=1||roleIndex=0||roleLength=1||title=Save||scRole=button]/;
