
command,target,value
echo;;RU11-NUC01-T01.rctest
open;/CCAM/;Liquidity Params - CCAM - View
waitForElementClickable;scLocator=//Menu[level=1]/body/row[8]/col[fieldName=title||0];
click;scLocator=//Menu[level=1]/body/row[8]/col[fieldName=title||0];
waitForElementClickable;scLocator=//Portlet[ID="refdata_liqparam_tab_2"]/item[0][Class="VLayout"]/member[Class=DynamicForm||index=0||length=3||classIndex=0||classLength=1]/item[name=%3Cnobr%3ECredit%20lines%3C%24fs%24nobr%3E||title=%3Cnobr%3ECredit%20lines%3C%24fs%24nobr%3E||value=22||index=0||Class=TextItem]/element;
click;scLocator=//Portlet[ID="refdata_liqparam_tab_2"]/item[0][Class="VLayout"]/member[Class=DynamicForm||index=0||length=3||classIndex=0||classLength=1]/item[name=%3Cnobr%3ECredit%20lines%3C%24fs%24nobr%3E||title=%3Cnobr%3ECredit%20lines%3C%24fs%24nobr%3E||value=22||index=0||Class=TextItem]/element;
