Suite/Test/Step Name,Browser,Description,Start time,End time,Duration,Status
Tsuite_ver02-firefox,Firefox 60.0,,2019-05-30 09:09:24,2019-05-30 09:11:19,1m - 55.645s,PASSED
,,,,,,
Test Cases/ver 0.2Q/ver 0.2Q-firefox/RU06-REVSTRESSTEST/RU06-NUC02-T01,Firefox 60.0,RU06-NUC02-T01 -R. Stress Test - R.S.T. Scenario Statistics - view,2019-05-30 09:09:25,2019-05-30 09:10:56,1m - 31.121s,PASSED
"Comment - ""----------------------------------------------------""",Firefox 60.0,,2019-05-30 09:09:26,2019-05-30 09:09:26,0.013s,PASSED
"Comment - ""This test case script is generated by Katalon Studio""",Firefox 60.0,,2019-05-30 09:09:26,2019-05-30 09:09:26,0.003s,PASSED
"Comment - ""Generated date: 09-Oct-2018 09:59:22 AM""",Firefox 60.0,,2019-05-30 09:09:26,2019-05-30 09:09:26,0.005s,PASSED
"Comment - ""File path: H:\Desktop\PAMPCCPA_0.1\PAMPCCPA_0.1\CdT\RUN_2\RU06\RU06-NUC02-T01.rctest""",Firefox 60.0,,2019-05-30 09:09:26,2019-05-30 09:09:26,0.002s,PASSED
"Comment - ""Generated by: masspetracca@gmail.com""",Firefox 60.0,,2019-05-30 09:09:26,2019-05-30 09:09:26,0.025s,PASSED
openBrowser,Firefox 60.0,----------------------------------------------------,2019-05-30 09:09:26,2019-05-30 09:09:34,8.262s,PASSED
navigateToUrl,Firefox 60.0,TC >> RU06-NUC02-T01.rctest,2019-05-30 09:09:34,2019-05-30 09:09:34,0.318s,PASSED
setText,Firefox 60.0,,2019-05-30 09:09:34,2019-05-30 09:09:34,0.211s,PASSED
setText,Firefox 60.0,,2019-05-30 09:09:34,2019-05-30 09:09:34,0.120s,PASSED
click,Firefox 60.0,,2019-05-30 09:09:34,2019-05-30 09:09:40,6.004s,PASSED
navigateToUrl,Firefox 60.0,,2019-05-30 09:09:40,2019-05-30 09:09:41,0.053s,PASSED
click,Firefox 60.0,,2019-05-30 09:09:41,2019-05-30 09:10:20,39.474s,PASSED
click,Firefox 60.0,,2019-05-30 09:10:20,2019-05-30 09:10:20,0.082s,PASSED
click,Firefox 60.0,,2019-05-30 09:10:20,2019-05-30 09:10:55,35.193s,PASSED
click,Firefox 60.0,,2019-05-30 09:10:55,2019-05-30 09:10:56,0.257s,PASSED
click,Firefox 60.0,,2019-05-30 09:10:56,2019-05-30 09:10:56,0.019s,PASSED
click,Firefox 60.0,,2019-05-30 09:10:56,2019-05-30 09:10:56,0.017s,PASSED
closeBrowser,Firefox 60.0,,2019-05-30 09:10:56,2019-05-30 09:10:56,0.093s,PASSED
,,,,,,
Test Cases/ver 0.2Q/ver 0.2Q-firefox/RU06-REVSTRESSTEST/RU06-NUC03-T01,Firefox 60.0,RU06-NUC03-T01 -R. Stress Test - R.S.T. Settings - view,2019-05-30 09:10:56,2019-05-30 09:11:08,11.798s,PASSED
"Comment - ""----------------------------------------------------""",Firefox 60.0,,2019-05-30 09:10:56,2019-05-30 09:10:56,0.001s,PASSED
"Comment - ""This test case script is generated by Katalon Studio""",Firefox 60.0,,2019-05-30 09:10:56,2019-05-30 09:10:56,0.000s,PASSED
"Comment - ""Generated date: 09-Oct-2018 09:59:22 AM""",Firefox 60.0,,2019-05-30 09:10:56,2019-05-30 09:10:56,0.000s,PASSED
"Comment - ""File path: H:\Desktop\PAMPCCPA_0.1\PAMPCCPA_0.1\CdT\RUN_2\RU06\RU06-NUC03-T01.rctest""",Firefox 60.0,,2019-05-30 09:10:56,2019-05-30 09:10:56,0.000s,PASSED
"Comment - ""Generated by: masspetracca@gmail.com""",Firefox 60.0,,2019-05-30 09:10:56,2019-05-30 09:10:56,0.000s,PASSED
openBrowser,Firefox 60.0,----------------------------------------------------,2019-05-30 09:10:56,2019-05-30 09:11:00,4.233s,PASSED
navigateToUrl,Firefox 60.0,TC >> RU06-NUC03-T01.rctest,2019-05-30 09:11:00,2019-05-30 09:11:01,0.311s,PASSED
setText,Firefox 60.0,,2019-05-30 09:11:01,2019-05-30 09:11:01,0.185s,PASSED
setText,Firefox 60.0,,2019-05-30 09:11:01,2019-05-30 09:11:01,0.159s,PASSED
click,Firefox 60.0,,2019-05-30 09:11:01,2019-05-30 09:11:07,6.130s,PASSED
navigateToUrl,Firefox 60.0,,2019-05-30 09:11:07,2019-05-30 09:11:07,0.050s,PASSED
closeBrowser,Firefox 60.0,,2019-05-30 09:11:07,2019-05-30 09:11:08,0.364s,PASSED
,,,,,,
Test Cases/ver 0.2Q/ver 0.2Q-firefox/RU06-REVSTRESSTEST/RU06-NUC01-T01,Firefox 60.0,RU06-NUC01-T01 -R.Stress Test - R.S.T. Member Statistics - view,2019-05-30 09:11:08,2019-05-30 09:11:19,11.687s,PASSED
"Comment - ""----------------------------------------------------""",Firefox 60.0,,2019-05-30 09:11:08,2019-05-30 09:11:08,0.002s,PASSED
"Comment - ""This test case script is generated by Katalon Studio""",Firefox 60.0,,2019-05-30 09:11:08,2019-05-30 09:11:08,0.002s,PASSED
"Comment - ""Generated date: 09-Oct-2018 09:59:22 AM""",Firefox 60.0,,2019-05-30 09:11:08,2019-05-30 09:11:08,0.001s,PASSED
"Comment - ""File path: H:\Desktop\PAMPCCPA_0.1\PAMPCCPA_0.1\CdT\RUN_2\RU06\RU06-NUC01-T01.rctest""",Firefox 60.0,,2019-05-30 09:11:08,2019-05-30 09:11:08,0.001s,PASSED
"Comment - ""Generated by: masspetracca@gmail.com""",Firefox 60.0,,2019-05-30 09:11:08,2019-05-30 09:11:08,0.001s,PASSED
openBrowser,Firefox 60.0,----------------------------------------------------,2019-05-30 09:11:08,2019-05-30 09:11:12,4.080s,PASSED
navigateToUrl,Firefox 60.0,TC >> RU06-NUC01-T01.rctest,2019-05-30 09:11:12,2019-05-30 09:11:12,0.312s,PASSED
setText,Firefox 60.0,,2019-05-30 09:11:12,2019-05-30 09:11:12,0.129s,PASSED
setText,Firefox 60.0,,2019-05-30 09:11:12,2019-05-30 09:11:12,0.065s,PASSED
click,Firefox 60.0,,2019-05-30 09:11:12,2019-05-30 09:11:19,6.100s,PASSED
navigateToUrl,Firefox 60.0,,2019-05-30 09:11:19,2019-05-30 09:11:19,0.032s,PASSED
closeBrowser,Firefox 60.0,,2019-05-30 09:11:19,2019-05-30 09:11:19,0.673s,PASSED
