{"devicePlatform":"","logFolder":"/Users/raghav/Katalon Studio/Sample SOAP API Testing Project/Reports/TestSuiteOne/20181106_154708","runData":{"hostName":"raghav - 192.168.1.2","hostAddress":"192.168.1.2","os":"Mac OS X 64bit","katalonVersion":"5.8.4.14"},"type":"TEST_SUITE","name":"TestSuiteOne","id":"Test Suites/TestSuiteOne","source":"","message":"Test Cases/TestFour_DataDrivenTesting","description":"","startTime":1541499430510,"endTime":1541499433975,"childRecords":[{"isOptional":false,"type":"TEST_CASE","name":"Test Cases/TestFour_DataDrivenTesting","id":"Test Cases/TestFour_DataDrivenTesting","source":"\\\\Users\\\\raghav\\\\Katalon Studio\\\\Sample SOAP API Testing Project\\\\Test Cases\\\\TestFour_DataDrivenTesting.tc","message":"Test Cases/TestFour_DataDrivenTesting","description":"","startTime":1541499431049,"endTime":1541499433942,"childRecords":[{"testStatus":{"stackTrace":"","statusValue":"INFO"},"type":"MESSAGE","name":"","message":"Evaluating variables for test case","startTime":1541499431074,"endTime":0,"childRecords":[],"interuppted":false},{"index":1,"isIgnoredIfFailed":false,"type":"TEST_STEP","name":"sendRequest","message":"Send request successfully","description":"","startTime":1541499431373,"endTime":1541499433940,"childRecords":[{"testStatus":{"stackTrace":"","statusValue":"PASSED"},"type":"MESSAGE","name":"","message":"Send request successfully","startTime":1541499433939,"endTime":0,"childRecords":[],"interuppted":false}],"interuppted":false},{"testStatus":{"stackTrace":"","statusValue":"PASSED"},"type":"MESSAGE","name":"","message":"Test Cases/TestFour_DataDrivenTesting","startTime":1541499433941,"endTime":0,"childRecords":[],"interuppted":false}],"interuppted":false}],"interuppted":false}