<?xml version="1.0" encoding="UTF-8"?>
<application id="Application_ID" version="5" xmlns="http://java.sun.com/xml/ns/javaee" xmlns:xsi="http://www.w3.org/2001/XMLSchema-instance" xsi:schemaLocation="http://java.sun.com/xml/ns/javaee http://java.sun.com/xml/ns/javaee/application_5.xsd">
 <display-name>InfoProvidersEar</display-name>
 <module id="Module_1370445463626">
 	<web>
 		<web-uri>InfoProvidersWeb.war</web-uri>
 		<context-root>InfoProvidersWeb</context-root>
 	</web>
 </module>
 <module id="Module_1372408985668">
 	<ejb>InfoProvidersEjb.jar</ejb>
 </module> 

</application> 