{"devicePlatform":"","logFolder":"/Users/raghav/Katalon Studio/Sample SOAP API Testing Project/Reports/TestSuiteOne/20181106_150725","runData":{"hostName":"raghav - 192.168.1.2","hostAddress":"192.168.1.2","os":"Mac OS X 64bit","katalonVersion":"5.8.4.14"},"type":"TEST_SUITE","name":"TestSuiteOne","id":"Test Suites/TestSuiteOne","source":"","message":"Test Cases/TestOne","description":"","startTime":1541497050201,"endTime":1541497058726,"childRecords":[{"isOptional":false,"type":"TEST_CASE","name":"Test Cases/TestTwo_APIChaining","id":"Test Cases/TestTwo_APIChaining","source":"\\\\Users\\\\raghav\\\\Katalon Studio\\\\Sample SOAP API Testing Project\\\\Test Cases\\\\TestTwo_APIChaining.tc","message":"Test Cases/TestTwo_APIChaining","description":"","startTime":1541497051157,"endTime":1541497055571,"childRecords":[{"testStatus":{"stackTrace":"","statusValue":"INFO"},"type":"MESSAGE","name":"","message":"Evaluating variables for test case","startTime":1541497051224,"endTime":0,"childRecords":[],"interuppted":false},{"index":1,"isIgnoredIfFailed":false,"type":"TEST_STEP","name":"Statement - response1 \u003d com.kms.katalon.core.webservice.keyword.WSBuiltInKeywords.sendRequest(com.kms.katalon.core.testobject.ObjectRepository.findTestObject(CountryInfoSOAPService/GetCountryListByNames))","message":"Send request successfully","description":"","startTime":1541497052074,"endTime":1541497053997,"childRecords":[{"testStatus":{"stackTrace":"","statusValue":"PASSED"},"type":"MESSAGE","name":"","message":"Send request successfully","startTime":1541497053996,"endTime":0,"childRecords":[],"interuppted":false}],"interuppted":false},{"index":2,"isIgnoredIfFailed":false,"type":"TEST_STEP","name":"Statement - xml1 \u003d responseBodyContent","description":"","startTime":1541497053999,"endTime":1541497054646,"childRecords":[],"interuppted":false},{"index":3,"isIgnoredIfFailed":false,"type":"TEST_STEP","name":"Statement - dataValue \u003d new groovy.util.XmlSlurper().parseText(xml1)","description":"","startTime":1541497054657,"endTime":1541497054782,"childRecords":[],"interuppted":false},{"index":4,"isIgnoredIfFailed":false,"type":"TEST_STEP","name":"Statement - countryCode \u003d sISOCode.text()","description":"","startTime":1541497054789,"endTime":1541497054820,"childRecords":[],"interuppted":false},{"index":5,"isIgnoredIfFailed":false,"type":"TEST_STEP","name":"Statement - countryCode \u003d countryCode","description":"","startTime":1541497054822,"endTime":1541497054865,"childRecords":[],"interuppted":false},{"index":6,"isIgnoredIfFailed":false,"type":"TEST_STEP","name":"Statement - println(\".... value for Global Variable is : \" + countryCode)","description":"","startTime":1541497054867,"endTime":1541497054881,"childRecords":[],"interuppted":false},{"index":7,"isIgnoredIfFailed":false,"type":"TEST_STEP","name":"sendRequest","message":"Send request successfully","description":"","startTime":1541497054884,"endTime":1541497055568,"childRecords":[{"testStatus":{"stackTrace":"","statusValue":"PASSED"},"type":"MESSAGE","name":"","message":"Send request successfully","startTime":1541497055566,"endTime":0,"childRecords":[],"interuppted":false}],"interuppted":false},{"testStatus":{"stackTrace":"","statusValue":"PASSED"},"type":"MESSAGE","name":"","message":"Test Cases/TestTwo_APIChaining","startTime":1541497055569,"endTime":0,"childRecords":[],"interuppted":false}],"interuppted":false},{"isOptional":false,"type":"TEST_CASE","name":"Test Cases/TestOne","id":"Test Cases/TestOne","source":"\\\\Users\\\\raghav\\\\Katalon Studio\\\\Sample SOAP API Testing Project\\\\Test Cases\\\\TestOne.tc","message":"Test Cases/TestOne","description":"","startTime":1541497055577,"endTime":1541497058579,"childRecords":[{"testStatus":{"stackTrace":"","statusValue":"INFO"},"type":"MESSAGE","name":"","message":"Evaluating variables for test case","startTime":1541497055589,"endTime":0,"childRecords":[],"interuppted":false},{"index":1,"isIgnoredIfFailed":false,"type":"TEST_STEP","name":"sendRequest","message":"Send request successfully","description":"","startTime":1541497055838,"endTime":1541497056655,"childRecords":[{"testStatus":{"stackTrace":"","statusValue":"PASSED"},"type":"MESSAGE","name":"","message":"Send request successfully","startTime":1541497056654,"endTime":0,"childRecords":[],"interuppted":false}],"interuppted":false},{"index":2,"isIgnoredIfFailed":false,"type":"TEST_STEP","name":"sendRequestAndVerify","message":"Send request and verify the response successfully","description":"","startTime":1541497056655,"endTime":1541497058576,"childRecords":[{"isOptional":false,"type":"TEST_CASE","name":"Start Test Case : Verification","id":"","source":"","message":"Verification accomplished successfully","description":"","startTime":1541497057563,"endTime":1541497058561,"childRecords":[{"index":1,"isIgnoredIfFailed":false,"type":"TEST_STEP","name":"Statement - request \u003d com.kms.katalon.core.webservice.verification.WSResponseManager.getInstance().getCurrentRequest()","description":"","startTime":1541497057970,"endTime":1541497058011,"childRecords":[],"interuppted":false},{"index":2,"isIgnoredIfFailed":false,"type":"TEST_STEP","name":"Statement - response \u003d com.kms.katalon.core.webservice.verification.WSResponseManager.getInstance().getCurrentResponse()","description":"","startTime":1541497058012,"endTime":1541497058015,"childRecords":[],"interuppted":false},{"index":3,"isIgnoredIfFailed":false,"type":"TEST_STEP","name":"verifyResponseStatusCode","message":"Verify response status code successfully","description":"","startTime":1541497058028,"endTime":1541497058058,"childRecords":[{"testStatus":{"stackTrace":"","statusValue":"PASSED"},"type":"MESSAGE","name":"","message":"Verify response status code successfully","startTime":1541497058056,"endTime":0,"childRecords":[],"interuppted":false}],"interuppted":false},{"index":4,"isIgnoredIfFailed":false,"type":"TEST_STEP","name":"Statement - org.assertj.core.api.Assertions.assertThat(response.getStatusCode()).isEqualTo(200)","description":"","startTime":1541497058061,"endTime":1541497058260,"childRecords":[],"interuppted":false},{"index":5,"isIgnoredIfFailed":false,"type":"TEST_STEP","name":"verifyElementText","message":"Verify element text successfully","description":"","startTime":1541497058261,"endTime":1541497058559,"childRecords":[{"testStatus":{"stackTrace":"","statusValue":"PASSED"},"type":"MESSAGE","name":"","message":"Verify element text successfully","startTime":1541497058558,"endTime":0,"childRecords":[],"interuppted":false}],"interuppted":false},{"testStatus":{"stackTrace":"","statusValue":"PASSED"},"type":"MESSAGE","name":"","message":"Verification accomplished successfully","startTime":1541497058560,"endTime":0,"childRecords":[],"interuppted":false}],"interuppted":false},{"testStatus":{"stackTrace":"","statusValue":"PASSED"},"type":"MESSAGE","name":"","message":"Verify response successfully","startTime":1541497058574,"endTime":0,"childRecords":[],"interuppted":false},{"testStatus":{"stackTrace":"","statusValue":"PASSED"},"type":"MESSAGE","name":"","message":"Send request and verify the response successfully","startTime":1541497058575,"endTime":0,"childRecords":[],"interuppted":false}],"interuppted":false},{"testStatus":{"stackTrace":"","statusValue":"PASSED"},"type":"MESSAGE","name":"","message":"Test Cases/TestOne","startTime":1541497058576,"endTime":0,"childRecords":[],"interuppted":false}],"interuppted":false}],"interuppted":false}