Suite/Test/Step Name,Browser,Description,Start time,End time,Duration,Status
Tsuite_ver02-firefox,Firefox 60.0,,2019-06-05 09:01:01,2019-06-05 09:25:06,24m - 4.341s,PASSED
,,,,,,
Test Cases/ver 0.2Q/ver 0.2Q-firefox/RU01-EQUITIES/RU01-NUC01-T02,Firefox 60.0,RU01-NUC01-T02 - Equities - Eq. Static data - Filters,2019-06-05 09:01:02,2019-06-05 09:06:29,5m - 26.822s,PASSED
"Comment - ""----------------------------------------------------""",Firefox 60.0,,2019-06-05 09:01:03,2019-06-05 09:01:03,0.002s,PASSED
"Comment - ""This test case script is generated by Katalon Studio""",Firefox 60.0,,2019-06-05 09:01:03,2019-06-05 09:01:03,0.002s,PASSED
"Comment - ""Generated date: 09-Oct-2018 09:59:22 AM""",Firefox 60.0,,2019-06-05 09:01:03,2019-06-05 09:01:03,0.001s,PASSED
"Comment - ""File path: H:\Desktop\PAMPCCPA_0.1\PAMPCCPA_0.1\CdT\RUN_2\RU01\RU01-NUC01-T02.rctest""",Firefox 60.0,,2019-06-05 09:01:03,2019-06-05 09:01:03,0.002s,PASSED
"Comment - ""Generated by: masspetracca@gmail.com""",Firefox 60.0,,2019-06-05 09:01:03,2019-06-05 09:01:03,0.018s,PASSED
openBrowser,Firefox 60.0,----------------------------------------------------,2019-06-05 09:01:03,2019-06-05 09:01:10,7.229s,PASSED
"Comment - ""TC >> RU01-NUC01-T01.rctest""",Firefox 60.0,,2019-06-05 09:01:10,2019-06-05 09:01:10,0.001s,PASSED
navigateToUrl,Firefox 60.0,FILTER TEST,2019-06-05 09:01:10,2019-06-05 09:01:22,12.431s,PASSED
setText,Firefox 60.0,,2019-06-05 09:01:22,2019-06-05 09:01:22,0.173s,PASSED
setText,Firefox 60.0,,2019-06-05 09:01:22,2019-06-05 09:01:23,0.171s,PASSED
click,Firefox 60.0,,2019-06-05 09:01:23,2019-06-05 09:01:37,14.290s,PASSED
navigateToUrl,Firefox 60.0,,2019-06-05 09:01:37,2019-06-05 09:01:37,0.047s,PASSED
click,Firefox 60.0,,2019-06-05 09:01:37,2019-06-05 09:02:27,50.471s,PASSED
click,Firefox 60.0,,2019-06-05 09:02:27,2019-06-05 09:03:15,47.556s,PASSED
click,Firefox 60.0,,2019-06-05 09:03:15,2019-06-05 09:03:15,0.388s,PASSED
click,Firefox 60.0,,2019-06-05 09:03:15,2019-06-05 09:03:52,36.235s,PASSED
click,Firefox 60.0,,2019-06-05 09:03:52,2019-06-05 09:04:41,48.908s,PASSED
click,Firefox 60.0,,2019-06-05 09:04:41,2019-06-05 09:05:16,35.107s,PASSED
click,Firefox 60.0,,2019-06-05 09:05:16,2019-06-05 09:05:16,0.099s,PASSED
click,Firefox 60.0,,2019-06-05 09:05:16,2019-06-05 09:05:51,35.273s,PASSED
click,Firefox 60.0,,2019-06-05 09:05:51,2019-06-05 09:05:51,0.063s,PASSED
click,Firefox 60.0,,2019-06-05 09:05:51,2019-06-05 09:06:28,37.340s,PASSED
closeBrowser,Firefox 60.0,,2019-06-05 09:06:28,2019-06-05 09:06:29,0.333s,PASSED
,,,,,,
Test Cases/ver 0.2Q/ver 0.2Q-firefox/RU01-EQUITIES/RU01-NUC02-T02,Firefox 60.0,RU01-NUC02-T02 - Equities - Eq.  Historical - Filters,2019-06-05 09:06:29,2019-06-05 09:08:56,2m - 27.535s,PASSED
"Comment - ""----------------------------------------------------""",Firefox 60.0,,2019-06-05 09:06:29,2019-06-05 09:06:29,0.000s,PASSED
"Comment - ""This test case script is generated by Katalon Studio""",Firefox 60.0,,2019-06-05 09:06:29,2019-06-05 09:06:29,0.001s,PASSED
"Comment - ""Generated date: 09-Oct-2018 09:59:22 AM""",Firefox 60.0,,2019-06-05 09:06:29,2019-06-05 09:06:29,0.000s,PASSED
"Comment - ""File path: H:\Desktop\PAMPCCPA_0.1\PAMPCCPA_0.1\CdT\RUN_2\RU01\RU01-NUC02-T01.rctest""",Firefox 60.0,,2019-06-05 09:06:29,2019-06-05 09:06:29,0.000s,PASSED
"Comment - ""Generated by: masspetracca@gmail.com""",Firefox 60.0,,2019-06-05 09:06:29,2019-06-05 09:06:29,0.000s,PASSED
openBrowser,Firefox 60.0,----------------------------------------------------,2019-06-05 09:06:29,2019-06-05 09:06:33,3.972s,PASSED
navigateToUrl,Firefox 60.0,TC >> RU01-NUC02-T01.rctest,2019-06-05 09:06:33,2019-06-05 09:06:33,0.335s,PASSED
setText,Firefox 60.0,,2019-06-05 09:06:33,2019-06-05 09:06:34,0.096s,PASSED
setText,Firefox 60.0,,2019-06-05 09:06:34,2019-06-05 09:06:34,0.060s,PASSED
click,Firefox 60.0,,2019-06-05 09:06:34,2019-06-05 09:06:40,6.706s,PASSED
navigateToUrl,Firefox 60.0,,2019-06-05 09:06:40,2019-06-05 09:06:40,0.056s,PASSED
click,Firefox 60.0,,2019-06-05 09:06:40,2019-06-05 09:07:17,36.819s,PASSED
click,Firefox 60.0,,2019-06-05 09:07:17,2019-06-05 09:07:50,33.165s,PASSED
click,Firefox 60.0,,2019-06-05 09:07:50,2019-06-05 09:08:23,32.934s,PASSED
click,Firefox 60.0,,2019-06-05 09:08:23,2019-06-05 09:08:56,32.818s,PASSED
closeBrowser,Firefox 60.0,,2019-06-05 09:08:56,2019-06-05 09:08:56,0.272s,PASSED
,,,,,,
Test Cases/ver 0.2Q/ver 0.2Q-firefox/RU01-EQUITIES/RU01-NUC03-T02,Firefox 60.0,RU01-NUC03-T02 - Equities - Eq.  Price Series - filters,2019-06-05 09:08:56,2019-06-05 09:09:09,12.561s,PASSED
"Comment - ""----------------------------------------------------""",Firefox 60.0,,2019-06-05 09:08:57,2019-06-05 09:08:57,0.001s,PASSED
"Comment - ""This test case script is generated by Katalon Studio""",Firefox 60.0,,2019-06-05 09:08:57,2019-06-05 09:08:57,0.000s,PASSED
"Comment - ""Generated date: 09-Oct-2018 09:59:22 AM""",Firefox 60.0,,2019-06-05 09:08:57,2019-06-05 09:08:57,0.000s,PASSED
"Comment - ""File path: H:\Desktop\PAMPCCPA_0.1\PAMPCCPA_0.1\CdT\RUN_2\RU01\RU01-NUC03-T01.rctest""",Firefox 60.0,,2019-06-05 09:08:57,2019-06-05 09:08:57,0.000s,PASSED
"Comment - ""Generated by: masspetracca@gmail.com""",Firefox 60.0,,2019-06-05 09:08:57,2019-06-05 09:08:57,0.001s,PASSED
openBrowser,Firefox 60.0,----------------------------------------------------,2019-06-05 09:08:57,2019-06-05 09:09:01,4.079s,PASSED
navigateToUrl,Firefox 60.0,TC >> RU01-NUC03-T01.rctest,2019-06-05 09:09:01,2019-06-05 09:09:01,0.282s,PASSED
setText,Firefox 60.0,,2019-06-05 09:09:01,2019-06-05 09:09:01,0.118s,PASSED
setText,Firefox 60.0,,2019-06-05 09:09:01,2019-06-05 09:09:01,0.062s,PASSED
click,Firefox 60.0,,2019-06-05 09:09:01,2019-06-05 09:09:07,5.901s,PASSED
navigateToUrl,Firefox 60.0,,2019-06-05 09:09:07,2019-06-05 09:09:07,0.052s,PASSED
click,Firefox 60.0,,2019-06-05 09:09:07,2019-06-05 09:09:07,0.073s,PASSED
click,Firefox 60.0,,2019-06-05 09:09:07,2019-06-05 09:09:07,0.030s,PASSED
click,Firefox 60.0,,2019-06-05 09:09:07,2019-06-05 09:09:07,0.014s,PASSED
click,Firefox 60.0,,2019-06-05 09:09:07,2019-06-05 09:09:07,0.013s,PASSED
click,Firefox 60.0,,2019-06-05 09:09:07,2019-06-05 09:09:07,0.038s,PASSED
click,Firefox 60.0,,2019-06-05 09:09:07,2019-06-05 09:09:08,0.702s,PASSED
click,Firefox 60.0,,2019-06-05 09:09:08,2019-06-05 09:09:08,0.095s,PASSED
click,Firefox 60.0,,2019-06-05 09:09:08,2019-06-05 09:09:08,0.072s,PASSED
click,Firefox 60.0,,2019-06-05 09:09:08,2019-06-05 09:09:08,0.022s,PASSED
click,Firefox 60.0,,2019-06-05 09:09:08,2019-06-05 09:09:08,0.017s,PASSED
click,Firefox 60.0,,2019-06-05 09:09:08,2019-06-05 09:09:08,0.031s,PASSED
closeBrowser,Firefox 60.0,,2019-06-05 09:09:08,2019-06-05 09:09:09,0.638s,PASSED
,,,,,,
Test Cases/ver 0.2Q/ver 0.2Q-firefox/RU01-EQUITIES/RU01-NUC04-T02,Firefox 60.0,RU01-NUC04-T02 - Equities - Eq.  Listed-Delisted - filters,2019-06-05 09:09:09,2019-06-05 09:09:28,19.245s,PASSED
"Comment - ""----------------------------------------------------""",Firefox 60.0,,2019-06-05 09:09:09,2019-06-05 09:09:09,0.000s,PASSED
"Comment - ""This test case script is generated by Katalon Studio""",Firefox 60.0,,2019-06-05 09:09:09,2019-06-05 09:09:09,0.000s,PASSED
"Comment - ""Generated date: 09-Oct-2018 09:59:22 AM""",Firefox 60.0,,2019-06-05 09:09:09,2019-06-05 09:09:09,0.000s,PASSED
"Comment - ""File path: H:\Desktop\PAMPCCPA_0.1\PAMPCCPA_0.1\CdT\RUN_2\RU01\RU01-NUC04-T01.rctest""",Firefox 60.0,,2019-06-05 09:09:09,2019-06-05 09:09:09,0.000s,PASSED
"Comment - ""Generated by: masspetracca@gmail.com""",Firefox 60.0,,2019-06-05 09:09:09,2019-06-05 09:09:09,0.000s,PASSED
openBrowser,Firefox 60.0,----------------------------------------------------,2019-06-05 09:09:09,2019-06-05 09:09:14,4.124s,PASSED
navigateToUrl,Firefox 60.0,TC >> RU01-NUC04-T01.rctest,2019-06-05 09:09:14,2019-06-05 09:09:14,0.285s,PASSED
setText,Firefox 60.0,,2019-06-05 09:09:14,2019-06-05 09:09:14,0.078s,PASSED
setText,Firefox 60.0,,2019-06-05 09:09:14,2019-06-05 09:09:14,0.096s,PASSED
click,Firefox 60.0,,2019-06-05 09:09:14,2019-06-05 09:09:26,11.893s,PASSED
navigateToUrl,Firefox 60.0,,2019-06-05 09:09:26,2019-06-05 09:09:26,0.039s,PASSED
click,Firefox 60.0,,2019-06-05 09:09:26,2019-06-05 09:09:27,1.529s,PASSED
click,Firefox 60.0,,2019-06-05 09:09:27,2019-06-05 09:09:28,0.288s,PASSED
click,Firefox 60.0,,2019-06-05 09:09:28,2019-06-05 09:09:28,0.345s,PASSED
setText,Firefox 60.0,,2019-06-05 09:09:28,2019-06-05 09:09:28,0.059s,PASSED
sendKeys,Firefox 60.0,,2019-06-05 09:09:28,2019-06-05 09:09:28,0.005s,PASSED
,,,,,,
Test Cases/ver 0.2Q/ver 0.2Q-firefox/RU01-EQUITIES/RU01-NUC05-T02,Firefox 60.0,RU01-NUC05-T02 - Equities - Eq.  Sets - filters,2019-06-05 09:09:28,2019-06-05 09:09:34,5.499s,PASSED
"Comment - ""----------------------------------------------------""",Firefox 60.0,,2019-06-05 09:09:29,2019-06-05 09:09:29,0.000s,PASSED
"Comment - ""This test case script is generated by Katalon Studio""",Firefox 60.0,,2019-06-05 09:09:29,2019-06-05 09:09:29,0.000s,PASSED
"Comment - ""Generated date: 09-Oct-2018 09:59:22 AM""",Firefox 60.0,,2019-06-05 09:09:29,2019-06-05 09:09:29,0.000s,PASSED
"Comment - ""File path: H:\Desktop\PAMPCCPA_0.1\PAMPCCPA_0.1\CdT\RUN_2\RU01\RU01-NUC05-T01.rctest""",Firefox 60.0,,2019-06-05 09:09:29,2019-06-05 09:09:29,0.001s,PASSED
"Comment - ""Generated by: masspetracca@gmail.com""",Firefox 60.0,,2019-06-05 09:09:29,2019-06-05 09:09:29,0.000s,PASSED
openBrowser,Firefox 60.0,----------------------------------------------------,2019-06-05 09:09:29,2019-06-05 09:09:33,4.593s,PASSED
navigateToUrl,Firefox 60.0,TC >> RU01-NUC05-T01.rctest,2019-06-05 09:09:33,2019-06-05 09:09:34,0.295s,PASSED
setText,Firefox 60.0,,2019-06-05 09:09:34,2019-06-05 09:09:34,0.101s,PASSED
,,,,,,
Test Cases/ver 0.2Q/ver 0.2Q-firefox/RU01-EQUITIES/RU01-NUC06-T02,Firefox 60.0,RU01-NUC06-T02 - Equities - Conf. parameters - view,2019-06-05 09:09:34,2019-06-05 09:09:39,4.923s,PASSED
"Comment - ""----------------------------------------------------""",Firefox 60.0,,2019-06-05 09:09:34,2019-06-05 09:09:34,0.001s,PASSED
"Comment - ""This test case script is generated by Katalon Studio""",Firefox 60.0,,2019-06-05 09:09:34,2019-06-05 09:09:34,0.000s,PASSED
"Comment - ""Generated date: 09-Oct-2018 09:59:22 AM""",Firefox 60.0,,2019-06-05 09:09:34,2019-06-05 09:09:34,0.001s,PASSED
"Comment - ""File path: H:\Desktop\PAMPCCPA_0.1\PAMPCCPA_0.1\CdT\RUN_2\RU01\RU01-NUC06-T01.rctest""",Firefox 60.0,,2019-06-05 09:09:34,2019-06-05 09:09:34,0.000s,PASSED
"Comment - ""Generated by: masspetracca@gmail.com""",Firefox 60.0,,2019-06-05 09:09:34,2019-06-05 09:09:34,0.001s,PASSED
openBrowser,Firefox 60.0,----------------------------------------------------,2019-06-05 09:09:34,2019-06-05 09:09:38,4.205s,PASSED
navigateToUrl,Firefox 60.0,TC >> RU01-NUC06-T01.rctest,2019-06-05 09:09:38,2019-06-05 09:09:39,0.272s,PASSED
setText,Firefox 60.0,,2019-06-05 09:09:39,2019-06-05 09:09:39,0.074s,PASSED
,,,,,,
Test Cases/ver 0.2Q/ver 0.2Q-firefox/RU01-EQUITIES/RU01-NUC07-T02,Firefox 60.0,RU01-NUC07-T02 - Equities - Set. parameters - filters,2019-06-05 09:09:39,2019-06-05 09:09:53,14.643s,PASSED
"Comment - ""----------------------------------------------------""",Firefox 60.0,,2019-06-05 09:09:39,2019-06-05 09:09:39,0.001s,PASSED
"Comment - ""This test case script is generated by Katalon Studio""",Firefox 60.0,,2019-06-05 09:09:39,2019-06-05 09:09:39,0.001s,PASSED
"Comment - ""Generated date: 09-Oct-2018 09:59:22 AM""",Firefox 60.0,,2019-06-05 09:09:39,2019-06-05 09:09:39,0.000s,PASSED
"Comment - ""File path: H:\Desktop\PAMPCCPA_0.1\PAMPCCPA_0.1\CdT\RUN_2\RU01\RU01-NUC07-T02.rctest""",Firefox 60.0,,2019-06-05 09:09:39,2019-06-05 09:09:39,0.000s,PASSED
"Comment - ""Generated by: masspetracca@gmail.com""",Firefox 60.0,,2019-06-05 09:09:39,2019-06-05 09:09:39,0.000s,PASSED
openBrowser,Firefox 60.0,----------------------------------------------------,2019-06-05 09:09:39,2019-06-05 09:09:43,4.612s,PASSED
navigateToUrl,Firefox 60.0,TC >> RU01-NUC07-T02.rctest,2019-06-05 09:09:43,2019-06-05 09:09:44,0.260s,PASSED
setText,Firefox 60.0,,2019-06-05 09:09:44,2019-06-05 09:09:44,0.092s,PASSED
setText,Firefox 60.0,,2019-06-05 09:09:44,2019-06-05 09:09:44,0.044s,PASSED
click,Firefox 60.0,,2019-06-05 09:09:44,2019-06-05 09:09:50,5.998s,PASSED
navigateToUrl,Firefox 60.0,,2019-06-05 09:09:50,2019-06-05 09:09:50,0.023s,PASSED
click,Firefox 60.0,,2019-06-05 09:09:50,2019-06-05 09:09:51,1.144s,PASSED
click,Firefox 60.0,,2019-06-05 09:09:51,2019-06-05 09:09:51,0.271s,PASSED
click,Firefox 60.0,,2019-06-05 09:09:51,2019-06-05 09:09:52,0.312s,PASSED
click,Firefox 60.0,,2019-06-05 09:09:52,2019-06-05 09:09:52,0.347s,PASSED
click,Firefox 60.0,,2019-06-05 09:09:52,2019-06-05 09:09:52,0.250s,PASSED
click,Firefox 60.0,,2019-06-05 09:09:52,2019-06-05 09:09:53,0.330s,PASSED
click,Firefox 60.0,,2019-06-05 09:09:53,2019-06-05 09:09:53,0.256s,PASSED
click,Firefox 60.0,,2019-06-05 09:09:53,2019-06-05 09:09:53,0.388s,PASSED
click,Firefox 60.0,,2019-06-05 09:09:53,2019-06-05 09:09:53,0.040s,PASSED
,,,,,,
Test Cases/ver 0.2Q/ver 0.2Q-firefox/RU01-EQUITIES/RU01-NUC08-T02,Firefox 60.0,RU01-NUC08-T02 - Equities - Extreme variations - filters,2019-06-05 09:09:53,2019-06-05 09:10:04,11.266s,PASSED
"Comment - ""----------------------------------------------------""",Firefox 60.0,,2019-06-05 09:09:54,2019-06-05 09:09:54,0.001s,PASSED
"Comment - ""This test case script is generated by Katalon Studio""",Firefox 60.0,,2019-06-05 09:09:54,2019-06-05 09:09:54,0.000s,PASSED
"Comment - ""Generated date: 09-Oct-2018 09:59:22 AM""",Firefox 60.0,,2019-06-05 09:09:54,2019-06-05 09:09:54,0.001s,PASSED
"Comment - ""File path: H:\Desktop\PAMPCCPA_0.1\PAMPCCPA_0.1\CdT\RUN_2\RU01\RU01-NUC08-T01.rctest""",Firefox 60.0,,2019-06-05 09:09:54,2019-06-05 09:09:54,0.000s,PASSED
"Comment - ""Generated by: masspetracca@gmail.com""",Firefox 60.0,,2019-06-05 09:09:54,2019-06-05 09:09:54,0.001s,PASSED
openBrowser,Firefox 60.0,----------------------------------------------------,2019-06-05 09:09:54,2019-06-05 09:09:58,4.382s,PASSED
navigateToUrl,Firefox 60.0,TC >> RU01-NUC08-T01.rctest,2019-06-05 09:09:58,2019-06-05 09:09:58,0.284s,PASSED
setText,Firefox 60.0,,2019-06-05 09:09:58,2019-06-05 09:09:58,0.071s,PASSED
setText,Firefox 60.0,,2019-06-05 09:09:58,2019-06-05 09:09:58,0.063s,PASSED
click,Firefox 60.0,,2019-06-05 09:09:58,2019-06-05 09:10:04,5.980s,PASSED
navigateToUrl,Firefox 60.0,,2019-06-05 09:10:04,2019-06-05 09:10:04,0.049s,PASSED
click,Firefox 60.0,,2019-06-05 09:10:04,2019-06-05 09:10:04,0.044s,PASSED
,,,,,,
Test Cases/ver 0.2Q/ver 0.2Q-firefox/RU01-EQUITIES/RU01-NUC09-T02,Firefox 60.0,RU01-NUC09-T02 - Equities - Statistics - filters,2019-06-05 09:10:04,2019-06-05 09:10:19,14.738s,PASSED
"Comment - ""----------------------------------------------------""",Firefox 60.0,,2019-06-05 09:10:05,2019-06-05 09:10:05,0.004s,PASSED
"Comment - ""This test case script is generated by Katalon Studio""",Firefox 60.0,,2019-06-05 09:10:05,2019-06-05 09:10:05,0.001s,PASSED
"Comment - ""Generated date: 09-Oct-2018 09:59:22 AM""",Firefox 60.0,,2019-06-05 09:10:05,2019-06-05 09:10:05,0.000s,PASSED
"Comment - ""File path: H:\Desktop\PAMPCCPA_0.1\PAMPCCPA_0.1\CdT\RUN_2\RU01\RU01-NUC09-T01.rctest""",Firefox 60.0,,2019-06-05 09:10:05,2019-06-05 09:10:05,0.000s,PASSED
"Comment - ""Generated by: masspetracca@gmail.com""",Firefox 60.0,,2019-06-05 09:10:05,2019-06-05 09:10:05,0.000s,PASSED
openBrowser,Firefox 60.0,----------------------------------------------------,2019-06-05 09:10:05,2019-06-05 09:10:12,7.017s,PASSED
navigateToUrl,Firefox 60.0,TC >> RU01-NUC09-T01.rctest,2019-06-05 09:10:12,2019-06-05 09:10:12,0.266s,PASSED
setText,Firefox 60.0,,2019-06-05 09:10:12,2019-06-05 09:10:12,0.081s,PASSED
setText,Firefox 60.0,,2019-06-05 09:10:12,2019-06-05 09:10:13,0.065s,PASSED
click,Firefox 60.0,,2019-06-05 09:10:13,2019-06-05 09:10:18,5.680s,PASSED
navigateToUrl,Firefox 60.0,,2019-06-05 09:10:18,2019-06-05 09:10:18,0.034s,PASSED
setText,Firefox 60.0,,2019-06-05 09:10:18,2019-06-05 09:10:19,0.993s,PASSED
sendKeys,Firefox 60.0,,2019-06-05 09:10:19,2019-06-05 09:10:19,0.003s,PASSED
,,,,,,
Test Cases/ver 0.2Q/ver 0.2Q-firefox/RU01-EQUITIES/RU01-NUC10-T02,Firefox 60.0,RU01-NUC10-T02 - Equities - Group Statistics - filters,2019-06-05 09:10:19,2019-06-05 09:10:35,15.939s,PASSED
"Comment - ""----------------------------------------------------""",Firefox 60.0,,2019-06-05 09:10:20,2019-06-05 09:10:20,0.000s,PASSED
"Comment - ""This test case script is generated by Katalon Studio""",Firefox 60.0,,2019-06-05 09:10:20,2019-06-05 09:10:20,0.001s,PASSED
"Comment - ""Generated date: 09-Oct-2018 09:59:22 AM""",Firefox 60.0,,2019-06-05 09:10:20,2019-06-05 09:10:20,0.000s,PASSED
"Comment - ""File path: H:\Desktop\PAMPCCPA_0.1\PAMPCCPA_0.1\CdT\RUN_2\RU01\RU01-NUC10-T01.rctest""",Firefox 60.0,,2019-06-05 09:10:20,2019-06-05 09:10:20,0.001s,PASSED
"Comment - ""Generated by: masspetracca@gmail.com""",Firefox 60.0,,2019-06-05 09:10:20,2019-06-05 09:10:20,0.000s,PASSED
openBrowser,Firefox 60.0,----------------------------------------------------,2019-06-05 09:10:20,2019-06-05 09:10:24,4.363s,PASSED
navigateToUrl,Firefox 60.0,TC >> RU01-NUC10-T01.rctest,2019-06-05 09:10:24,2019-06-05 09:10:24,0.268s,PASSED
setText,Firefox 60.0,,2019-06-05 09:10:24,2019-06-05 09:10:24,0.069s,PASSED
setText,Firefox 60.0,,2019-06-05 09:10:24,2019-06-05 09:10:24,0.051s,PASSED
click,Firefox 60.0,,2019-06-05 09:10:24,2019-06-05 09:10:30,5.802s,PASSED
navigateToUrl,Firefox 60.0,,2019-06-05 09:10:30,2019-06-05 09:10:30,0.076s,PASSED
closeBrowser,Firefox 60.0,,2019-06-05 09:10:30,2019-06-05 09:10:30,0.001s,NOT_RUN
navigateToUrl,Firefox 60.0,,2019-06-05 09:10:30,2019-06-05 09:10:30,0.081s,PASSED
click,Firefox 60.0,,2019-06-05 09:10:30,2019-06-05 09:10:31,1.056s,PASSED
click,Firefox 60.0,,2019-06-05 09:10:31,2019-06-05 09:10:32,0.274s,PASSED
click,Firefox 60.0,,2019-06-05 09:10:32,2019-06-05 09:10:32,0.407s,PASSED
click,Firefox 60.0,,2019-06-05 09:10:32,2019-06-05 09:10:32,0.329s,PASSED
click,Firefox 60.0,,2019-06-05 09:10:32,2019-06-05 09:10:33,0.388s,PASSED
click,Firefox 60.0,,2019-06-05 09:10:33,2019-06-05 09:10:33,0.255s,PASSED
click,Firefox 60.0,,2019-06-05 09:10:33,2019-06-05 09:10:33,0.365s,PASSED
click,Firefox 60.0,,2019-06-05 09:10:33,2019-06-05 09:10:34,0.253s,PASSED
click,Firefox 60.0,,2019-06-05 09:10:34,2019-06-05 09:10:34,0.356s,PASSED
click,Firefox 60.0,,2019-06-05 09:10:34,2019-06-05 09:10:34,0.241s,PASSED
click,Firefox 60.0,,2019-06-05 09:10:34,2019-06-05 09:10:35,0.306s,PASSED
click,Firefox 60.0,,2019-06-05 09:10:35,2019-06-05 09:10:35,0.247s,PASSED
click,Firefox 60.0,,2019-06-05 09:10:35,2019-06-05 09:10:35,0.357s,PASSED
click,Firefox 60.0,,2019-06-05 09:10:35,2019-06-05 09:10:35,0.052s,PASSED
,,,,,,
Test Cases/ver 0.2Q/ver 0.2Q-firefox/RU01-EQUITIES/RU01-NUC11-T01,Firefox 60.0,RU01-NUC11-T02 - Equities - Simulation - filters,2019-06-05 09:10:35,2019-06-05 09:10:46,11.253s,PASSED
"Comment - ""----------------------------------------------------""",Firefox 60.0,,2019-06-05 09:10:35,2019-06-05 09:10:35,0.000s,PASSED
"Comment - ""This test case script is generated by Katalon Studio""",Firefox 60.0,,2019-06-05 09:10:35,2019-06-05 09:10:35,0.000s,PASSED
"Comment - ""Generated date: 09-Oct-2018 09:59:22 AM""",Firefox 60.0,,2019-06-05 09:10:35,2019-06-05 09:10:35,0.000s,PASSED
"Comment - ""File path: H:\Desktop\PAMPCCPA_0.1\PAMPCCPA_0.1\CdT\RUN_2\RU01\RU01-NUC11-T01.rctest""",Firefox 60.0,,2019-06-05 09:10:35,2019-06-05 09:10:35,0.001s,PASSED
"Comment - ""Generated by: masspetracca@gmail.com""",Firefox 60.0,,2019-06-05 09:10:35,2019-06-05 09:10:35,0.000s,PASSED
openBrowser,Firefox 60.0,----------------------------------------------------,2019-06-05 09:10:35,2019-06-05 09:10:40,4.194s,PASSED
navigateToUrl,Firefox 60.0,TC >> RU01-NUC11-T01.rctest,2019-06-05 09:10:40,2019-06-05 09:10:40,0.271s,PASSED
setText,Firefox 60.0,,2019-06-05 09:10:40,2019-06-05 09:10:40,0.089s,PASSED
setText,Firefox 60.0,,2019-06-05 09:10:40,2019-06-05 09:10:40,0.049s,PASSED
click,Firefox 60.0,,2019-06-05 09:10:40,2019-06-05 09:10:46,5.561s,PASSED
navigateToUrl,Firefox 60.0,,2019-06-05 09:10:46,2019-06-05 09:10:46,0.053s,PASSED
closeBrowser,Firefox 60.0,,2019-06-05 09:10:46,2019-06-05 09:10:46,0.839s,PASSED
,,,,,,
Test Cases/ver 0.2Q/ver 0.2Q-firefox/RU01-EQUITIES/RU01-NUC13-T02,Firefox 60.0,RU01-NUC13-T02 - Equities - Group check/update - filters,2019-06-05 09:10:46,2019-06-05 09:11:15,28.897s,PASSED
"Comment - ""----------------------------------------------------""",Firefox 60.0,,2019-06-05 09:10:47,2019-06-05 09:10:47,0.001s,PASSED
"Comment - ""This test case script is generated by Katalon Studio""",Firefox 60.0,,2019-06-05 09:10:47,2019-06-05 09:10:47,0.000s,PASSED
"Comment - ""Generated date: 09-Oct-2018 09:59:22 AM""",Firefox 60.0,,2019-06-05 09:10:47,2019-06-05 09:10:47,0.001s,PASSED
"Comment - ""File path: H:\Desktop\PAMPCCPA_0.1\PAMPCCPA_0.1\CdT\RUN_2\RU01\RU01-NUC13-T02.rctest""",Firefox 60.0,,2019-06-05 09:10:47,2019-06-05 09:10:47,0.000s,PASSED
"Comment - ""Generated by: masspetracca@gmail.com""",Firefox 60.0,,2019-06-05 09:10:47,2019-06-05 09:10:47,0.000s,PASSED
openBrowser,Firefox 60.0,----------------------------------------------------,2019-06-05 09:10:47,2019-06-05 09:10:51,3.970s,PASSED
navigateToUrl,Firefox 60.0,TC >> RU01-NUC13-T02.rctest,2019-06-05 09:10:51,2019-06-05 09:10:51,0.261s,PASSED
setText,Firefox 60.0,,2019-06-05 09:10:51,2019-06-05 09:10:51,0.091s,PASSED
setText,Firefox 60.0,,2019-06-05 09:10:51,2019-06-05 09:10:51,0.051s,PASSED
click,Firefox 60.0,,2019-06-05 09:10:51,2019-06-05 09:10:57,5.574s,PASSED
navigateToUrl,Firefox 60.0,,2019-06-05 09:10:57,2019-06-05 09:10:57,0.049s,PASSED
click,Firefox 60.0,,2019-06-05 09:10:57,2019-06-05 09:11:15,18.623s,PASSED
,,,,,,
Test Cases/ver 0.2Q/ver 0.2Q-firefox/RU01-EQUITIES/RU01-NUC14-T02,Firefox 60.0,RU01-NUC14-T02 - Equities - Last review - filters,2019-06-05 09:11:15,2019-06-05 09:11:27,11.378s,PASSED
"Comment - ""----------------------------------------------------""",Firefox 60.0,,2019-06-05 09:11:16,2019-06-05 09:11:16,0.001s,PASSED
"Comment - ""This test case script is generated by Katalon Studio""",Firefox 60.0,,2019-06-05 09:11:16,2019-06-05 09:11:16,0.000s,PASSED
"Comment - ""Generated date: 09-Oct-2018 09:59:22 AM""",Firefox 60.0,,2019-06-05 09:11:16,2019-06-05 09:11:16,0.000s,PASSED
"Comment - ""File path: H:\Desktop\PAMPCCPA_0.1\PAMPCCPA_0.1\CdT\RUN_2\RU01\RU01-NUC14-T02.rctest""",Firefox 60.0,,2019-06-05 09:11:16,2019-06-05 09:11:16,0.000s,PASSED
"Comment - ""Generated by: masspetracca@gmail.com""",Firefox 60.0,,2019-06-05 09:11:16,2019-06-05 09:11:16,0.000s,PASSED
openBrowser,Firefox 60.0,----------------------------------------------------,2019-06-05 09:11:16,2019-06-05 09:11:21,4.959s,PASSED
navigateToUrl,Firefox 60.0,TC >> RU01-NUC14-T02.rctest,2019-06-05 09:11:21,2019-06-05 09:11:21,0.293s,PASSED
setText,Firefox 60.0,,2019-06-05 09:11:21,2019-06-05 09:11:21,0.121s,PASSED
setText,Firefox 60.0,,2019-06-05 09:11:21,2019-06-05 09:11:21,0.071s,PASSED
click,Firefox 60.0,,2019-06-05 09:11:21,2019-06-05 09:11:26,4.600s,PASSED
navigateToUrl,Firefox 60.0,,2019-06-05 09:11:26,2019-06-05 09:11:26,0.039s,PASSED
click,Firefox 60.0,,2019-06-05 09:11:26,2019-06-05 09:11:27,0.999s,PASSED
,,,,,,
Test Cases/ver 0.2Q/ver 0.2Q-firefox/RU01-EQUITIES/RU01-NUC15-T02,Firefox 60.0,RU01-NUC15-T02 - Equities - Settings - filters,2019-06-05 09:11:27,2019-06-05 09:11:39,11.811s,PASSED
"Comment - ""----------------------------------------------------""",Firefox 60.0,,2019-06-05 09:11:27,2019-06-05 09:11:27,0.000s,PASSED
"Comment - ""This test case script is generated by Katalon Studio""",Firefox 60.0,,2019-06-05 09:11:27,2019-06-05 09:11:27,0.003s,PASSED
"Comment - ""Generated date: 09-Oct-2018 09:59:22 AM""",Firefox 60.0,,2019-06-05 09:11:27,2019-06-05 09:11:27,0.001s,PASSED
"Comment - ""File path: H:\Desktop\PAMPCCPA_0.1\PAMPCCPA_0.1\CdT\RUN_2\RU01\RU01-NUC15-T01.rctest""",Firefox 60.0,,2019-06-05 09:11:27,2019-06-05 09:11:27,0.002s,PASSED
"Comment - ""Generated by: masspetracca@gmail.com""",Firefox 60.0,,2019-06-05 09:11:27,2019-06-05 09:11:27,0.001s,PASSED
openBrowser,Firefox 60.0,----------------------------------------------------,2019-06-05 09:11:27,2019-06-05 09:11:31,4.332s,PASSED
navigateToUrl,Firefox 60.0,TC >> RU01-NUC15-T01.rctest,2019-06-05 09:11:31,2019-06-05 09:11:32,0.271s,PASSED
setText,Firefox 60.0,,2019-06-05 09:11:32,2019-06-05 09:11:32,0.130s,PASSED
setText,Firefox 60.0,,2019-06-05 09:11:32,2019-06-05 09:11:32,0.065s,PASSED
click,Firefox 60.0,,2019-06-05 09:11:32,2019-06-05 09:11:37,5.635s,PASSED
navigateToUrl,Firefox 60.0,,2019-06-05 09:11:37,2019-06-05 09:11:37,0.047s,PASSED
click,Firefox 60.0,,2019-06-05 09:11:37,2019-06-05 09:11:39,1.055s,PASSED
,,,,,,
Test Cases/ver 0.2Q/ver 0.2Q-firefox/RU02-HAIRCUT/RU02-NUC01-T02,Firefox 60.0,RU02-NUC01-T02 - Haircut - HC. Static data - Filters,2019-06-05 09:11:39,2019-06-05 09:12:21,42.272s,PASSED
"Comment - ""----------------------------------------------------""",Firefox 60.0,,2019-06-05 09:11:39,2019-06-05 09:11:39,0.000s,PASSED
"Comment - ""This test case script is generated by Katalon Studio""",Firefox 60.0,,2019-06-05 09:11:39,2019-06-05 09:11:39,0.001s,PASSED
"Comment - ""Generated date: 09-Oct-2018 09:59:22 AM""",Firefox 60.0,,2019-06-05 09:11:39,2019-06-05 09:11:39,0.000s,PASSED
"Comment - ""File path: H:\Desktop\PAMPCCPA_0.1\PAMPCCPA_0.1\CdT\RUN_2\RU02\RU02-NUC01-T02.rctest""",Firefox 60.0,,2019-06-05 09:11:39,2019-06-05 09:11:39,0.000s,PASSED
"Comment - ""Generated by: masspetracca@gmail.com""",Firefox 60.0,,2019-06-05 09:11:39,2019-06-05 09:11:39,0.001s,PASSED
openBrowser,Firefox 60.0,----------------------------------------------------,2019-06-05 09:11:39,2019-06-05 09:11:44,5.126s,PASSED
navigateToUrl,Firefox 60.0,TC >> RU02-NUC01-T01.rctest,2019-06-05 09:11:44,2019-06-05 09:11:44,0.239s,PASSED
setText,Firefox 60.0,,2019-06-05 09:11:44,2019-06-05 09:11:44,0.055s,PASSED
setText,Firefox 60.0,,2019-06-05 09:11:44,2019-06-05 09:11:44,0.050s,PASSED
click,Firefox 60.0,,2019-06-05 09:11:44,2019-06-05 09:11:50,5.665s,PASSED
navigateToUrl,Firefox 60.0,,2019-06-05 09:11:50,2019-06-05 09:11:50,0.043s,PASSED
setText,Firefox 60.0,,2019-06-05 09:11:50,2019-06-05 09:12:21,30.817s,PASSED
,,,,,,
Test Cases/ver 0.2Q/ver 0.2Q-firefox/RU02-HAIRCUT/RU02-NUC02-T02,Firefox 60.0,RU02-NUC02-T02 - Haircut - HC.  Historical - filters,2019-06-05 09:12:21,2019-06-05 09:12:26,5.514s,PASSED
"Comment - ""----------------------------------------------------""",Firefox 60.0,,2019-06-05 09:12:21,2019-06-05 09:12:21,0.001s,PASSED
"Comment - ""This test case script is generated by Katalon Studio""",Firefox 60.0,,2019-06-05 09:12:21,2019-06-05 09:12:21,0.000s,PASSED
"Comment - ""Generated date: 09-Oct-2018 09:59:22 AM""",Firefox 60.0,,2019-06-05 09:12:21,2019-06-05 09:12:21,0.000s,PASSED
"Comment - ""File path: H:\Desktop\PAMPCCPA_0.1\PAMPCCPA_0.1\CdT\RUN_2\RU02\RU02-NUC02-T02.rctest""",Firefox 60.0,,2019-06-05 09:12:21,2019-06-05 09:12:21,0.000s,PASSED
"Comment - ""Generated by: masspetracca@gmail.com""",Firefox 60.0,,2019-06-05 09:12:21,2019-06-05 09:12:21,0.000s,PASSED
openBrowser,Firefox 60.0,----------------------------------------------------,2019-06-05 09:12:21,2019-06-05 09:12:26,4.932s,PASSED
navigateToUrl,Firefox 60.0,TC >> RU02-NUC02-T02.rctest,2019-06-05 09:12:26,2019-06-05 09:12:26,0.279s,PASSED
setText,Firefox 60.0,,2019-06-05 09:12:26,2019-06-05 09:12:26,0.069s,PASSED
,,,,,,
Test Cases/ver 0.2Q/ver 0.2Q-firefox/RU02-HAIRCUT/RU02-NUC03-T02,Firefox 60.0,RU02-NUC03-T02 - Haircut - HC.  Price series - filters,2019-06-05 09:12:26,2019-06-05 09:15:30,3m - 3.684s,PASSED
"Comment - ""----------------------------------------------------""",Firefox 60.0,,2019-06-05 09:12:27,2019-06-05 09:12:27,0.000s,PASSED
"Comment - ""This test case script is generated by Katalon Studio""",Firefox 60.0,,2019-06-05 09:12:27,2019-06-05 09:12:27,0.000s,PASSED
"Comment - ""Generated date: 09-Oct-2018 09:59:22 AM""",Firefox 60.0,,2019-06-05 09:12:27,2019-06-05 09:12:27,0.000s,PASSED
"Comment - ""File path: H:\Desktop\PAMPCCPA_0.1\PAMPCCPA_0.1\CdT\RUN_2\RU02\RU02-NUC03-T02.rctest""",Firefox 60.0,,2019-06-05 09:12:27,2019-06-05 09:12:27,0.000s,PASSED
"Comment - ""Generated by: masspetracca@gmail.com""",Firefox 60.0,,2019-06-05 09:12:27,2019-06-05 09:12:27,0.001s,PASSED
openBrowser,Firefox 60.0,----------------------------------------------------,2019-06-05 09:12:27,2019-06-05 09:12:31,4.152s,PASSED
navigateToUrl,Firefox 60.0,TC >> RU02-NUC03-T02.rctest,2019-06-05 09:12:31,2019-06-05 09:12:31,0.236s,PASSED
setText,Firefox 60.0,,2019-06-05 09:12:31,2019-06-05 09:12:31,0.064s,PASSED
setText,Firefox 60.0,,2019-06-05 09:12:31,2019-06-05 09:12:31,0.040s,PASSED
click,Firefox 60.0,,2019-06-05 09:12:31,2019-06-05 09:12:37,5.574s,PASSED
navigateToUrl,Firefox 60.0,,2019-06-05 09:12:37,2019-06-05 09:12:37,0.079s,PASSED
click,Firefox 60.0,,2019-06-05 09:12:37,2019-06-05 09:13:10,33.254s,PASSED
click,Firefox 60.0,,2019-06-05 09:13:10,2019-06-05 09:13:10,0.499s,PASSED
click,Firefox 60.0,,2019-06-05 09:13:10,2019-06-05 09:13:10,0.031s,PASSED
click,Firefox 60.0,,2019-06-05 09:13:10,2019-06-05 09:13:10,0.027s,PASSED
setText,Firefox 60.0,,2019-06-05 09:13:10,2019-06-05 09:13:41,30.423s,PASSED
click,Firefox 60.0,,2019-06-05 09:13:41,2019-06-05 09:14:20,39.548s,PASSED
click,Firefox 60.0,,2019-06-05 09:14:20,2019-06-05 09:14:57,36.067s,PASSED
click,Firefox 60.0,,2019-06-05 09:14:57,2019-06-05 09:14:57,0.040s,PASSED
click,Firefox 60.0,,2019-06-05 09:14:57,2019-06-05 09:15:30,33.430s,PASSED
,,,,,,
Test Cases/ver 0.2Q/ver 0.2Q-firefox/RU02-HAIRCUT/RU02-NUC04-T02,Firefox 60.0,RU02-NUC04-T02 - Haircut - HC. Confidence Parameters - filters,2019-06-05 09:15:30,2019-06-05 09:15:42,12.025s,PASSED
"Comment - ""----------------------------------------------------""",Firefox 60.0,,2019-06-05 09:15:30,2019-06-05 09:15:30,0.003s,PASSED
"Comment - ""This test case script is generated by Katalon Studio""",Firefox 60.0,,2019-06-05 09:15:30,2019-06-05 09:15:30,0.001s,PASSED
"Comment - ""Generated date: 09-Oct-2018 09:59:22 AM""",Firefox 60.0,,2019-06-05 09:15:30,2019-06-05 09:15:30,0.000s,PASSED
"Comment - ""File path: H:\Desktop\PAMPCCPA_0.1\PAMPCCPA_0.1\CdT\RUN_2\RU02\RU02-NUC04-T01.rctest""",Firefox 60.0,,2019-06-05 09:15:30,2019-06-05 09:15:30,0.000s,PASSED
"Comment - ""Generated by: masspetracca@gmail.com""",Firefox 60.0,,2019-06-05 09:15:30,2019-06-05 09:15:30,0.001s,PASSED
openBrowser,Firefox 60.0,----------------------------------------------------,2019-06-05 09:15:30,2019-06-05 09:15:34,4.175s,PASSED
navigateToUrl,Firefox 60.0,TC >> RU01-NUC04-T01.rctest,2019-06-05 09:15:34,2019-06-05 09:15:35,0.231s,PASSED
setText,Firefox 60.0,,2019-06-05 09:15:35,2019-06-05 09:15:35,0.052s,PASSED
setText,Firefox 60.0,,2019-06-05 09:15:35,2019-06-05 09:15:35,0.037s,PASSED
click,Firefox 60.0,,2019-06-05 09:15:35,2019-06-05 09:15:40,5.693s,PASSED
navigateToUrl,Firefox 60.0,,2019-06-05 09:15:40,2019-06-05 09:15:40,0.070s,PASSED
setText,Firefox 60.0,,2019-06-05 09:15:40,2019-06-05 09:15:42,1.053s,PASSED
click,Firefox 60.0,,2019-06-05 09:15:42,2019-06-05 09:15:42,0.357s,PASSED
setText,Firefox 60.0,,2019-06-05 09:15:42,2019-06-05 09:15:42,0.031s,PASSED
setText,Firefox 60.0,,2019-06-05 09:15:42,2019-06-05 09:15:42,0.056s,PASSED
click,Firefox 60.0,,2019-06-05 09:15:42,2019-06-05 09:15:42,0.072s,PASSED
,,,,,,
Test Cases/ver 0.2Q/ver 0.2Q-firefox/RU02-HAIRCUT/RU02-NUC05-T02,Firefox 60.0,RU02-NUC05-T02 - Haircut - HC. Extreme variations - filters,2019-06-05 09:15:42,2019-06-05 09:15:54,11.930s,PASSED
"Comment - ""----------------------------------------------------""",Firefox 60.0,,2019-06-05 09:15:42,2019-06-05 09:15:42,0.001s,PASSED
"Comment - ""This test case script is generated by Katalon Studio""",Firefox 60.0,,2019-06-05 09:15:42,2019-06-05 09:15:42,0.000s,PASSED
"Comment - ""Generated date: 09-Oct-2018 09:59:22 AM""",Firefox 60.0,,2019-06-05 09:15:42,2019-06-05 09:15:42,0.000s,PASSED
"Comment - ""File path: H:\Desktop\PAMPCCPA_0.1\PAMPCCPA_0.1\CdT\RUN_2\RU02\RU01-NUC05-T01.rctest""",Firefox 60.0,,2019-06-05 09:15:42,2019-06-05 09:15:42,0.001s,PASSED
"Comment - ""Generated by: masspetracca@gmail.com""",Firefox 60.0,,2019-06-05 09:15:42,2019-06-05 09:15:42,0.000s,PASSED
openBrowser,Firefox 60.0,----------------------------------------------------,2019-06-05 09:15:42,2019-06-05 09:15:47,4.175s,PASSED
navigateToUrl,Firefox 60.0,TC >> RU02-NUC05-T02.rctest,2019-06-05 09:15:47,2019-06-05 09:15:47,0.267s,PASSED
setText,Firefox 60.0,,2019-06-05 09:15:47,2019-06-05 09:15:47,0.051s,PASSED
setText,Firefox 60.0,,2019-06-05 09:15:47,2019-06-05 09:15:47,0.060s,PASSED
click,Firefox 60.0,,2019-06-05 09:15:47,2019-06-05 09:15:53,5.687s,PASSED
navigateToUrl,Firefox 60.0,,2019-06-05 09:15:53,2019-06-05 09:15:53,0.036s,PASSED
click,Firefox 60.0,,2019-06-05 09:15:53,2019-06-05 09:15:54,1.337s,PASSED
,,,,,,
Test Cases/ver 0.2Q/ver 0.2Q-firefox/RU02-HAIRCUT/RU02-NUC06-T02,Firefox 60.0,RU02-NUC06-T02 - Haircut - HC. Statistics - filters,2019-06-05 09:15:54,2019-06-05 09:16:07,12.962s,PASSED
"Comment - ""----------------------------------------------------""",Firefox 60.0,,2019-06-05 09:15:54,2019-06-05 09:15:54,0.000s,PASSED
"Comment - ""This test case script is generated by Katalon Studio""",Firefox 60.0,,2019-06-05 09:15:54,2019-06-05 09:15:54,0.000s,PASSED
"Comment - ""Generated date: 09-Oct-2018 09:59:22 AM""",Firefox 60.0,,2019-06-05 09:15:54,2019-06-05 09:15:54,0.000s,PASSED
"Comment - ""File path: H:\Desktop\PAMPCCPA_0.1\PAMPCCPA_0.1\CdT\RUN_2\RU02\RU02-NUC06-T02.rctest""",Firefox 60.0,,2019-06-05 09:15:54,2019-06-05 09:15:54,0.001s,PASSED
"Comment - ""Generated by: masspetracca@gmail.com""",Firefox 60.0,,2019-06-05 09:15:54,2019-06-05 09:15:54,0.000s,PASSED
openBrowser,Firefox 60.0,----------------------------------------------------,2019-06-05 09:15:54,2019-06-05 09:15:59,5.069s,PASSED
navigateToUrl,Firefox 60.0,TC >> RU02-NUC06-T02.rctest,2019-06-05 09:15:59,2019-06-05 09:16:00,0.254s,PASSED
setText,Firefox 60.0,,2019-06-05 09:16:00,2019-06-05 09:16:00,0.051s,PASSED
setText,Firefox 60.0,,2019-06-05 09:16:00,2019-06-05 09:16:00,0.040s,PASSED
click,Firefox 60.0,,2019-06-05 09:16:00,2019-06-05 09:16:05,5.610s,PASSED
navigateToUrl,Firefox 60.0,,2019-06-05 09:16:05,2019-06-05 09:16:05,0.044s,PASSED
click,Firefox 60.0,,2019-06-05 09:16:05,2019-06-05 09:16:07,1.493s,PASSED
,,,,,,
Test Cases/ver 0.2Q/ver 0.2Q-firefox/RU02-HAIRCUT/RU02-NUC07-T02,Firefox 60.0,RU02-NUC07-T02 - Haircut - HC. Instrument Haircut  - filters,2019-06-05 09:16:07,2019-06-05 09:16:20,12.829s,PASSED
"Comment - ""----------------------------------------------------""",Firefox 60.0,,2019-06-05 09:16:07,2019-06-05 09:16:07,0.001s,PASSED
"Comment - ""This test case script is generated by Katalon Studio""",Firefox 60.0,,2019-06-05 09:16:07,2019-06-05 09:16:07,0.000s,PASSED
"Comment - ""Generated date: 09-Oct-2018 09:59:22 AM""",Firefox 60.0,,2019-06-05 09:16:07,2019-06-05 09:16:07,0.000s,PASSED
"Comment - ""File path: H:\Desktop\PAMPCCPA_0.1\PAMPCCPA_0.1\CdT\RUN_2\RU02\RU02-NUC07-T02.rctest""",Firefox 60.0,,2019-06-05 09:16:07,2019-06-05 09:16:07,0.001s,PASSED
"Comment - ""Generated by: masspetracca@gmail.com""",Firefox 60.0,,2019-06-05 09:16:07,2019-06-05 09:16:07,0.000s,PASSED
openBrowser,Firefox 60.0,----------------------------------------------------,2019-06-05 09:16:07,2019-06-05 09:16:12,4.895s,PASSED
navigateToUrl,Firefox 60.0,TC >> RU02-NUC07-T02.rctest,2019-06-05 09:16:12,2019-06-05 09:16:12,0.404s,PASSED
setText,Firefox 60.0,,2019-06-05 09:16:12,2019-06-05 09:16:13,0.048s,PASSED
setText,Firefox 60.0,,2019-06-05 09:16:13,2019-06-05 09:16:13,0.041s,PASSED
click,Firefox 60.0,,2019-06-05 09:16:13,2019-06-05 09:16:19,6.142s,PASSED
navigateToUrl,Firefox 60.0,,2019-06-05 09:16:19,2019-06-05 09:16:19,0.036s,PASSED
click,Firefox 60.0,,2019-06-05 09:16:19,2019-06-05 09:16:20,1.019s,PASSED
,,,,,,
Test Cases/ver 0.2Q/ver 0.2Q-firefox/RU02-HAIRCUT/RU02-NUC08-T02,Firefox 60.0,RU02-NUC08-T02 - Haircut - HC. Class haircut - filters,2019-06-05 09:16:20,2019-06-05 09:16:32,11.749s,PASSED
"Comment - ""----------------------------------------------------""",Firefox 60.0,,2019-06-05 09:16:20,2019-06-05 09:16:20,0.000s,PASSED
"Comment - ""This test case script is generated by Katalon Studio""",Firefox 60.0,,2019-06-05 09:16:20,2019-06-05 09:16:20,0.000s,PASSED
"Comment - ""Generated date: 09-Oct-2018 09:59:22 AM""",Firefox 60.0,,2019-06-05 09:16:20,2019-06-05 09:16:20,0.000s,PASSED
"Comment - ""File path: H:\Desktop\PAMPCCPA_0.1\PAMPCCPA_0.1\CdT\RUN_2\RU02\RU02-NUC08-T02.rctest""",Firefox 60.0,,2019-06-05 09:16:20,2019-06-05 09:16:20,0.000s,PASSED
"Comment - ""Generated by: masspetracca@gmail.com""",Firefox 60.0,,2019-06-05 09:16:20,2019-06-05 09:16:20,0.000s,PASSED
openBrowser,Firefox 60.0,----------------------------------------------------,2019-06-05 09:16:20,2019-06-05 09:16:25,4.335s,PASSED
navigateToUrl,Firefox 60.0,TC >> RU02-NUC08-T02.rctest,2019-06-05 09:16:25,2019-06-05 09:16:25,0.230s,PASSED
setText,Firefox 60.0,,2019-06-05 09:16:25,2019-06-05 09:16:25,0.074s,PASSED
setText,Firefox 60.0,,2019-06-05 09:16:25,2019-06-05 09:16:25,0.052s,PASSED
click,Firefox 60.0,,2019-06-05 09:16:25,2019-06-05 09:16:30,5.599s,PASSED
navigateToUrl,Firefox 60.0,,2019-06-05 09:16:30,2019-06-05 09:16:31,0.052s,PASSED
click,Firefox 60.0,,2019-06-05 09:16:31,2019-06-05 09:16:32,0.997s,PASSED
,,,,,,
Test Cases/ver 0.2Q/ver 0.2Q-firefox/RU02-HAIRCUT/RU02-NUC09-T02,Firefox 60.0,RU02-NUC09-T02 - Haircut - HC. Last review - filters,2019-06-05 09:16:32,2019-06-05 09:17:16,44.307s,PASSED
"Comment - ""----------------------------------------------------""",Firefox 60.0,,2019-06-05 09:16:32,2019-06-05 09:16:32,0.000s,PASSED
"Comment - ""This test case script is generated by Katalon Studio""",Firefox 60.0,,2019-06-05 09:16:32,2019-06-05 09:16:32,0.000s,PASSED
"Comment - ""Generated date: 09-Oct-2018 09:59:22 AM""",Firefox 60.0,,2019-06-05 09:16:32,2019-06-05 09:16:32,0.001s,PASSED
"Comment - ""File path: H:\Desktop\PAMPCCPA_0.1\PAMPCCPA_0.1\CdT\RUN_2\RU02\RU02-NUC09-T02.rctest""",Firefox 60.0,,2019-06-05 09:16:32,2019-06-05 09:16:32,0.000s,PASSED
"Comment - ""Generated by: masspetracca@gmail.com""",Firefox 60.0,,2019-06-05 09:16:32,2019-06-05 09:16:32,0.000s,PASSED
openBrowser,Firefox 60.0,----------------------------------------------------,2019-06-05 09:16:32,2019-06-05 09:16:36,4.438s,PASSED
navigateToUrl,Firefox 60.0,TC >> RU02-NUC09-T02.rctest,2019-06-05 09:16:36,2019-06-05 09:16:36,0.286s,PASSED
setText,Firefox 60.0,,2019-06-05 09:16:36,2019-06-05 09:16:37,0.053s,PASSED
setText,Firefox 60.0,,2019-06-05 09:16:37,2019-06-05 09:16:37,0.039s,PASSED
click,Firefox 60.0,,2019-06-05 09:16:37,2019-06-05 09:16:43,6.101s,PASSED
navigateToUrl,Firefox 60.0,,2019-06-05 09:16:43,2019-06-05 09:16:43,0.040s,PASSED
click,Firefox 60.0,,2019-06-05 09:16:43,2019-06-05 09:17:16,33.139s,PASSED
,,,,,,
Test Cases/ver 0.2Q/ver 0.2Q-firefox/RU02-HAIRCUT/RU02-NUC10-T02,Firefox 60.0,RU02-NUC10-T02 - Haircut - HC. Settings - filters,2019-06-05 09:17:16,2019-06-05 09:17:29,13.091s,PASSED
"Comment - ""----------------------------------------------------""",Firefox 60.0,,2019-06-05 09:17:16,2019-06-05 09:17:16,0.001s,PASSED
"Comment - ""This test case script is generated by Katalon Studio""",Firefox 60.0,,2019-06-05 09:17:16,2019-06-05 09:17:16,0.000s,PASSED
"Comment - ""Generated date: 09-Oct-2018 09:59:22 AM""",Firefox 60.0,,2019-06-05 09:17:16,2019-06-05 09:17:16,0.000s,PASSED
"Comment - ""File path: H:\Desktop\PAMPCCPA_0.1\PAMPCCPA_0.1\CdT\RUN_2\RU02\RU02-NUC10-T01.rctest""",Firefox 60.0,,2019-06-05 09:17:16,2019-06-05 09:17:16,0.001s,PASSED
"Comment - ""Generated by: masspetracca@gmail.com""",Firefox 60.0,,2019-06-05 09:17:16,2019-06-05 09:17:16,0.000s,PASSED
openBrowser,Firefox 60.0,----------------------------------------------------,2019-06-05 09:17:16,2019-06-05 09:17:21,4.496s,PASSED
navigateToUrl,Firefox 60.0,TC >> RU02-NUC10-T01.rctest,2019-06-05 09:17:21,2019-06-05 09:17:21,0.231s,PASSED
setText,Firefox 60.0,,2019-06-05 09:17:21,2019-06-05 09:17:21,0.052s,PASSED
setText,Firefox 60.0,,2019-06-05 09:17:21,2019-06-05 09:17:21,0.060s,PASSED
click,Firefox 60.0,,2019-06-05 09:17:21,2019-06-05 09:17:26,5.611s,PASSED
navigateToUrl,Firefox 60.0,,2019-06-05 09:17:26,2019-06-05 09:17:27,0.045s,PASSED
click,Firefox 60.0,,2019-06-05 09:17:27,2019-06-05 09:17:28,1.455s,PASSED
closeBrowser,Firefox 60.0,,2019-06-05 09:17:28,2019-06-05 09:17:29,0.950s,PASSED
,,,,,,
Test Cases/ver 0.2Q/ver 0.2Q-firefox/RU04-RISKENGINE/RU04-NUC03-T02,Firefox 60.0,RU04-NUC03-T02 -Risk Engine - Working margins - filters ,2019-06-05 09:17:29,2019-06-05 09:17:40,10.757s,PASSED
"Comment - ""----------------------------------------------------""",Firefox 60.0,,2019-06-05 09:17:29,2019-06-05 09:17:29,0.001s,PASSED
"Comment - ""This test case script is generated by Katalon Studio""",Firefox 60.0,,2019-06-05 09:17:29,2019-06-05 09:17:29,0.004s,PASSED
"Comment - ""Generated date: 09-Oct-2018 09:59:22 AM""",Firefox 60.0,,2019-06-05 09:17:29,2019-06-05 09:17:29,0.000s,PASSED
"Comment - ""File path: H:\Desktop\PAMPCCPA_0.1\PAMPCCPA_0.1\CdT\RUN_2\RU04\RU04-NUC03-T02.rctest""",Firefox 60.0,,2019-06-05 09:17:29,2019-06-05 09:17:29,0.001s,PASSED
"Comment - ""Generated by: masspetracca@gmail.com""",Firefox 60.0,,2019-06-05 09:17:29,2019-06-05 09:17:29,0.000s,PASSED
openBrowser,Firefox 60.0,----------------------------------------------------,2019-06-05 09:17:29,2019-06-05 09:17:33,3.918s,PASSED
navigateToUrl,Firefox 60.0,TC >> RU04-NUC03-T02.rctest,2019-06-05 09:17:33,2019-06-05 09:17:33,0.245s,PASSED
setText,Firefox 60.0,,2019-06-05 09:17:33,2019-06-05 09:17:33,0.051s,PASSED
setText,Firefox 60.0,,2019-06-05 09:17:33,2019-06-05 09:17:33,0.042s,PASSED
click,Firefox 60.0,,2019-06-05 09:17:33,2019-06-05 09:17:39,5.624s,PASSED
navigateToUrl,Firefox 60.0,,2019-06-05 09:17:39,2019-06-05 09:17:39,0.038s,PASSED
closeBrowser,Firefox 60.0,,2019-06-05 09:17:39,2019-06-05 09:17:39,0.000s,NOT_RUN
navigateToUrl,Firefox 60.0,,2019-06-05 09:17:39,2019-06-05 09:17:39,0.013s,PASSED
setText,Firefox 60.0,,2019-06-05 09:17:39,2019-06-05 09:17:40,0.597s,PASSED
sendKeys,Firefox 60.0,,2019-06-05 09:17:40,2019-06-05 09:17:40,0.003s,PASSED
,,,,,,
Test Cases/ver 0.2Q/ver 0.2Q-firefox/RU05-STRESSTEST/RU05-NUC01-T02,Firefox 60.0,RU05-NUC01-T02 -Stress Test - S.T. Member Statistics - filters,2019-06-05 09:17:40,2019-06-05 09:18:25,45.275s,PASSED
"Comment - ""----------------------------------------------------""",Firefox 60.0,,2019-06-05 09:17:40,2019-06-05 09:17:40,0.000s,PASSED
"Comment - ""This test case script is generated by Katalon Studio""",Firefox 60.0,,2019-06-05 09:17:40,2019-06-05 09:17:40,0.001s,PASSED
"Comment - ""Generated date: 09-Oct-2018 09:59:22 AM""",Firefox 60.0,,2019-06-05 09:17:40,2019-06-05 09:17:40,0.000s,PASSED
"Comment - ""File path: H:\Desktop\PAMPCCPA_0.1\PAMPCCPA_0.1\CdT\RUN_2\RU05\RU05-NUC01-T02.rctest""",Firefox 60.0,,2019-06-05 09:17:40,2019-06-05 09:17:40,0.000s,PASSED
"Comment - ""Generated by: masspetracca@gmail.com""",Firefox 60.0,,2019-06-05 09:17:40,2019-06-05 09:17:40,0.000s,PASSED
openBrowser,Firefox 60.0,----------------------------------------------------,2019-06-05 09:17:40,2019-06-05 09:17:44,4.289s,PASSED
navigateToUrl,Firefox 60.0,TC >> RU05-NUC01-T02.rctest,2019-06-05 09:17:44,2019-06-05 09:17:45,0.258s,PASSED
setText,Firefox 60.0,,2019-06-05 09:17:45,2019-06-05 09:17:45,0.048s,PASSED
setText,Firefox 60.0,,2019-06-05 09:17:45,2019-06-05 09:17:45,0.037s,PASSED
click,Firefox 60.0,,2019-06-05 09:17:45,2019-06-05 09:17:50,5.523s,PASSED
navigateToUrl,Firefox 60.0,,2019-06-05 09:17:50,2019-06-05 09:17:50,0.040s,PASSED
click,Firefox 60.0,,2019-06-05 09:17:50,2019-06-05 09:18:25,34.707s,PASSED
,,,,,,
Test Cases/ver 0.2Q/ver 0.2Q-firefox/RU05-STRESSTEST/RU05-NUC02-T02,Firefox 60.0,RU05-NUC02-T02 -Stress Test - S.T. Scenario Statistics - filters,2019-06-05 09:18:25,2019-06-05 09:22:14,3m - 49.489s,PASSED
"Comment - ""----------------------------------------------------""",Firefox 60.0,,2019-06-05 09:18:25,2019-06-05 09:18:25,0.000s,PASSED
"Comment - ""This test case script is generated by Katalon Studio""",Firefox 60.0,,2019-06-05 09:18:25,2019-06-05 09:18:25,0.000s,PASSED
"Comment - ""Generated date: 09-Oct-2018 09:59:22 AM""",Firefox 60.0,,2019-06-05 09:18:25,2019-06-05 09:18:25,0.000s,PASSED
"Comment - ""File path: H:\Desktop\PAMPCCPA_0.1\PAMPCCPA_0.1\CdT\RUN_2\RU05\RU05-NUC02-T02.rctest""",Firefox 60.0,,2019-06-05 09:18:25,2019-06-05 09:18:25,0.000s,PASSED
"Comment - ""Generated by: masspetracca@gmail.com""",Firefox 60.0,,2019-06-05 09:18:25,2019-06-05 09:18:25,0.000s,PASSED
openBrowser,Firefox 60.0,----------------------------------------------------,2019-06-05 09:18:25,2019-06-05 09:18:30,4.295s,PASSED
navigateToUrl,Firefox 60.0,TC >> RU05-NUC02-T02.rctest,2019-06-05 09:18:30,2019-06-05 09:18:30,0.238s,PASSED
setText,Firefox 60.0,,2019-06-05 09:18:30,2019-06-05 09:18:30,0.060s,PASSED
setText,Firefox 60.0,,2019-06-05 09:18:30,2019-06-05 09:18:30,0.082s,PASSED
click,Firefox 60.0,,2019-06-05 09:18:30,2019-06-05 09:18:35,5.486s,PASSED
navigateToUrl,Firefox 60.0,,2019-06-05 09:18:35,2019-06-05 09:18:35,0.054s,PASSED
click,Firefox 60.0,,2019-06-05 09:18:35,2019-06-05 09:19:11,35.804s,PASSED
click,Firefox 60.0,,2019-06-05 09:19:11,2019-06-05 09:19:47,35.730s,PASSED
click,Firefox 60.0,,2019-06-05 09:19:47,2019-06-05 09:20:20,32.798s,PASSED
click,Firefox 60.0,,2019-06-05 09:20:20,2019-06-05 09:20:20,0.019s,PASSED
click,Firefox 60.0,,2019-06-05 09:20:20,2019-06-05 09:20:55,35.677s,PASSED
click,Firefox 60.0,,2019-06-05 09:20:55,2019-06-05 09:21:37,41.389s,PASSED
setText,Firefox 60.0,,2019-06-05 09:21:37,2019-06-05 09:21:37,0.093s,PASSED
click,Firefox 60.0,,2019-06-05 09:21:37,2019-06-05 09:21:37,0.531s,PASSED
click,Firefox 60.0,,2019-06-05 09:21:37,2019-06-05 09:22:14,36.966s,PASSED
,,,,,,
Test Cases/ver 0.2Q/ver 0.2Q-firefox/RU05-STRESSTEST/RU05-NUC03-T02,Firefox 60.0,RU05-NUC03-T02 -Stress Test - S.T. Settings - filters,2019-06-05 09:22:14,2019-06-05 09:23:05,50.165s,PASSED
"Comment - ""----------------------------------------------------""",Firefox 60.0,,2019-06-05 09:22:15,2019-06-05 09:22:15,0.001s,PASSED
"Comment - ""This test case script is generated by Katalon Studio""",Firefox 60.0,,2019-06-05 09:22:15,2019-06-05 09:22:15,0.000s,PASSED
"Comment - ""Generated date: 09-Oct-2018 09:59:22 AM""",Firefox 60.0,,2019-06-05 09:22:15,2019-06-05 09:22:15,0.000s,PASSED
"Comment - ""File path: H:\Desktop\PAMPCCPA_0.1\PAMPCCPA_0.1\CdT\RUN_2\RU05\RU05-NUC03-T02.rctest""",Firefox 60.0,,2019-06-05 09:22:15,2019-06-05 09:22:15,0.000s,PASSED
"Comment - ""Generated by: masspetracca@gmail.com""",Firefox 60.0,,2019-06-05 09:22:15,2019-06-05 09:22:15,0.000s,PASSED
openBrowser,Firefox 60.0,----------------------------------------------------,2019-06-05 09:22:15,2019-06-05 09:22:19,4.387s,PASSED
navigateToUrl,Firefox 60.0,TC >> RU05-NUC03-T02.rctest,2019-06-05 09:22:19,2019-06-05 09:22:19,0.401s,PASSED
setText,Firefox 60.0,,2019-06-05 09:22:19,2019-06-05 09:22:20,0.074s,PASSED
setText,Firefox 60.0,,2019-06-05 09:22:20,2019-06-05 09:22:20,0.042s,PASSED
click,Firefox 60.0,,2019-06-05 09:22:20,2019-06-05 09:22:25,5.530s,PASSED
navigateToUrl,Firefox 60.0,,2019-06-05 09:22:25,2019-06-05 09:22:25,0.030s,PASSED
setText,Firefox 60.0,,2019-06-05 09:22:25,2019-06-05 09:22:26,0.970s,PASSED
click,Firefox 60.0,,2019-06-05 09:22:26,2019-06-05 09:22:27,0.894s,PASSED
click,Firefox 60.0,,2019-06-05 09:22:27,2019-06-05 09:22:27,0.255s,PASSED
click,Firefox 60.0,,2019-06-05 09:22:27,2019-06-05 09:22:28,0.417s,PASSED
click,Firefox 60.0,,2019-06-05 09:22:28,2019-06-05 09:23:05,36.975s,PASSED
,,,,,,
Test Cases/ver 0.2Q/ver 0.2Q-firefox/RU06-REVSTRESSTEST/RU06-NUC01-T02,Firefox 60.0,RU06-NUC01-T02 -R.Stress Test - R.S.T. Member Statistics - filters,2019-06-05 09:23:05,2019-06-05 09:23:16,11.027s,PASSED
"Comment - ""----------------------------------------------------""",Firefox 60.0,,2019-06-05 09:23:05,2019-06-05 09:23:05,0.000s,PASSED
"Comment - ""This test case script is generated by Katalon Studio""",Firefox 60.0,,2019-06-05 09:23:05,2019-06-05 09:23:05,0.000s,PASSED
"Comment - ""Generated date: 09-Oct-2018 09:59:22 AM""",Firefox 60.0,,2019-06-05 09:23:05,2019-06-05 09:23:05,0.000s,PASSED
"Comment - ""File path: H:\Desktop\PAMPCCPA_0.1\PAMPCCPA_0.1\CdT\RUN_2\RU06\RU06-NUC01-T01.rctest""",Firefox 60.0,,2019-06-05 09:23:05,2019-06-05 09:23:05,0.000s,PASSED
"Comment - ""Generated by: masspetracca@gmail.com""",Firefox 60.0,,2019-06-05 09:23:05,2019-06-05 09:23:05,0.000s,PASSED
openBrowser,Firefox 60.0,----------------------------------------------------,2019-06-05 09:23:05,2019-06-05 09:23:10,4.608s,PASSED
navigateToUrl,Firefox 60.0,TC >> RU06-NUC01-T01.rctest,2019-06-05 09:23:10,2019-06-05 09:23:10,0.272s,PASSED
setText,Firefox 60.0,,2019-06-05 09:23:10,2019-06-05 09:23:10,0.050s,PASSED
setText,Firefox 60.0,,2019-06-05 09:23:10,2019-06-05 09:23:10,0.037s,PASSED
click,Firefox 60.0,,2019-06-05 09:23:10,2019-06-05 09:23:16,5.723s,PASSED
navigateToUrl,Firefox 60.0,,2019-06-05 09:23:16,2019-06-05 09:23:16,0.029s,PASSED
setText,Firefox 60.0,,2019-06-05 09:23:16,2019-06-05 09:23:16,0.029s,PASSED
,,,,,,
Test Cases/ver 0.2Q/ver 0.2Q-firefox/RU06-REVSTRESSTEST/RU06-NUC02-T02,Firefox 60.0,RU06-NUC02-T02 -R. Stress Test - R.S.T. Scenario Statistics - filters,2019-06-05 09:23:16,2019-06-05 09:23:27,11.705s,PASSED
"Comment - ""----------------------------------------------------""",Firefox 60.0,,2019-06-05 09:23:16,2019-06-05 09:23:16,0.000s,PASSED
"Comment - ""This test case script is generated by Katalon Studio""",Firefox 60.0,,2019-06-05 09:23:16,2019-06-05 09:23:16,0.000s,PASSED
"Comment - ""Generated date: 09-Oct-2018 09:59:22 AM""",Firefox 60.0,,2019-06-05 09:23:16,2019-06-05 09:23:16,0.001s,PASSED
"Comment - ""File path: H:\Desktop\PAMPCCPA_0.1\PAMPCCPA_0.1\CdT\RUN_2\RU06\RU06-NUC02-T01.rctest""",Firefox 60.0,,2019-06-05 09:23:16,2019-06-05 09:23:16,0.000s,PASSED
"Comment - ""Generated by: masspetracca@gmail.com""",Firefox 60.0,,2019-06-05 09:23:16,2019-06-05 09:23:16,0.000s,PASSED
openBrowser,Firefox 60.0,----------------------------------------------------,2019-06-05 09:23:16,2019-06-05 09:23:21,5.224s,PASSED
navigateToUrl,Firefox 60.0,TC >> RU06-NUC02-T01.rctest,2019-06-05 09:23:21,2019-06-05 09:23:22,0.272s,PASSED
setText,Firefox 60.0,,2019-06-05 09:23:22,2019-06-05 09:23:22,0.066s,PASSED
setText,Firefox 60.0,,2019-06-05 09:23:22,2019-06-05 09:23:22,0.038s,PASSED
click,Firefox 60.0,,2019-06-05 09:23:22,2019-06-05 09:23:27,5.569s,PASSED
navigateToUrl,Firefox 60.0,,2019-06-05 09:23:27,2019-06-05 09:23:27,0.045s,PASSED
click,Firefox 60.0,,2019-06-05 09:23:27,2019-06-05 09:23:27,0.034s,PASSED
click,Firefox 60.0,,2019-06-05 09:23:27,2019-06-05 09:23:27,0.014s,PASSED
click,Firefox 60.0,,2019-06-05 09:23:27,2019-06-05 09:23:27,0.013s,PASSED
click,Firefox 60.0,,2019-06-05 09:23:27,2019-06-05 09:23:27,0.013s,PASSED
click,Firefox 60.0,,2019-06-05 09:23:27,2019-06-05 09:23:27,0.016s,PASSED
click,Firefox 60.0,,2019-06-05 09:23:27,2019-06-05 09:23:27,0.030s,PASSED
setText,Firefox 60.0,,2019-06-05 09:23:27,2019-06-05 09:23:27,0.018s,PASSED
,,,,,,
Test Cases/ver 0.2Q/ver 0.2Q-firefox/RU06-REVSTRESSTEST/RU06-NUC03-T02,Firefox 60.0,RU06-NUC03-T02 -R. Stress Test - R.S.T. Settings - filters,2019-06-05 09:23:27,2019-06-05 09:23:39,11.140s,PASSED
"Comment - ""----------------------------------------------------""",Firefox 60.0,,2019-06-05 09:23:28,2019-06-05 09:23:28,0.001s,PASSED
"Comment - ""This test case script is generated by Katalon Studio""",Firefox 60.0,,2019-06-05 09:23:28,2019-06-05 09:23:28,0.000s,PASSED
"Comment - ""Generated date: 09-Oct-2018 09:59:22 AM""",Firefox 60.0,,2019-06-05 09:23:28,2019-06-05 09:23:28,0.000s,PASSED
"Comment - ""File path: H:\Desktop\PAMPCCPA_0.1\PAMPCCPA_0.1\CdT\RUN_2\RU06\RU06-NUC03-T01.rctest""",Firefox 60.0,,2019-06-05 09:23:28,2019-06-05 09:23:28,0.001s,PASSED
"Comment - ""Generated by: masspetracca@gmail.com""",Firefox 60.0,,2019-06-05 09:23:28,2019-06-05 09:23:28,0.000s,PASSED
openBrowser,Firefox 60.0,----------------------------------------------------,2019-06-05 09:23:28,2019-06-05 09:23:32,4.756s,PASSED
navigateToUrl,Firefox 60.0,TC >> RU06-NUC03-T01.rctest,2019-06-05 09:23:32,2019-06-05 09:23:33,0.292s,PASSED
setText,Firefox 60.0,,2019-06-05 09:23:33,2019-06-05 09:23:33,0.057s,PASSED
setText,Firefox 60.0,,2019-06-05 09:23:33,2019-06-05 09:23:33,0.038s,PASSED
click,Firefox 60.0,,2019-06-05 09:23:33,2019-06-05 09:23:38,5.557s,PASSED
navigateToUrl,Firefox 60.0,,2019-06-05 09:23:38,2019-06-05 09:23:38,0.028s,PASSED
setText,Firefox 60.0,,2019-06-05 09:23:38,2019-06-05 09:23:39,0.045s,PASSED
,,,,,,
Test Cases/ver 0.2Q/ver 0.2Q-firefox/RU07-SENSITIVITYTEST/RU07-NUC01-T02,Firefox 60.0,RU07-NUC01-T02 -Sv. Test - Sv. T. Member Statistics - filters,2019-06-05 09:23:39,2019-06-05 09:24:24,45.496s,PASSED
"Comment - ""----------------------------------------------------""",Firefox 60.0,,2019-06-05 09:23:39,2019-06-05 09:23:39,0.001s,PASSED
"Comment - ""This test case script is generated by Katalon Studio""",Firefox 60.0,,2019-06-05 09:23:39,2019-06-05 09:23:39,0.001s,PASSED
"Comment - ""Generated date: 09-Oct-2018 09:59:22 AM""",Firefox 60.0,,2019-06-05 09:23:39,2019-06-05 09:23:39,0.000s,PASSED
"Comment - ""File path: H:\Desktop\PAMPCCPA_0.1\PAMPCCPA_0.1\CdT\RUN_2\RU07\RU07-NUC01-T02.rctest""",Firefox 60.0,,2019-06-05 09:23:39,2019-06-05 09:23:39,0.001s,PASSED
"Comment - ""Generated by: masspetracca@gmail.com""",Firefox 60.0,,2019-06-05 09:23:39,2019-06-05 09:23:39,0.000s,PASSED
openBrowser,Firefox 60.0,----------------------------------------------------,2019-06-05 09:23:39,2019-06-05 09:23:43,4.455s,PASSED
navigateToUrl,Firefox 60.0,TC >> RU07-NUC01-T02.rctest,2019-06-05 09:23:43,2019-06-05 09:23:44,0.313s,PASSED
setText,Firefox 60.0,,2019-06-05 09:23:44,2019-06-05 09:23:44,0.059s,PASSED
setText,Firefox 60.0,,2019-06-05 09:23:44,2019-06-05 09:23:44,0.043s,PASSED
click,Firefox 60.0,,2019-06-05 09:23:44,2019-06-05 09:23:50,5.803s,PASSED
navigateToUrl,Firefox 60.0,,2019-06-05 09:23:50,2019-06-05 09:23:50,0.046s,PASSED
click,Firefox 60.0,,2019-06-05 09:23:50,2019-06-05 09:24:24,34.398s,PASSED
,,,,,,
Test Cases/ver 0.2Q/ver 0.2Q-firefox/RU07-SENSITIVITYTEST/RU07-NUC02-T02,Firefox 60.0,RU07-NUC02-T02 -Sv. Test - Sv. T. Instrument Statistics - filters,2019-06-05 09:24:24,2019-06-05 09:24:36,12.423s,PASSED
"Comment - ""----------------------------------------------------""",Firefox 60.0,,2019-06-05 09:24:24,2019-06-05 09:24:24,0.001s,PASSED
"Comment - ""This test case script is generated by Katalon Studio""",Firefox 60.0,,2019-06-05 09:24:24,2019-06-05 09:24:24,0.000s,PASSED
"Comment - ""Generated date: 09-Oct-2018 09:59:22 AM""",Firefox 60.0,,2019-06-05 09:24:24,2019-06-05 09:24:24,0.000s,PASSED
"Comment - ""File path: H:\Desktop\PAMPCCPA_0.1\PAMPCCPA_0.1\CdT\RUN_2\RU07\RU07-NUC02-T01.rctest""",Firefox 60.0,,2019-06-05 09:24:24,2019-06-05 09:24:24,0.000s,PASSED
"Comment - ""Generated by: masspetracca@gmail.com""",Firefox 60.0,,2019-06-05 09:24:24,2019-06-05 09:24:24,0.000s,PASSED
openBrowser,Firefox 60.0,----------------------------------------------------,2019-06-05 09:24:24,2019-06-05 09:24:29,4.288s,PASSED
navigateToUrl,Firefox 60.0,TC >> RU07-NUC02-T01.rctest,2019-06-05 09:24:29,2019-06-05 09:24:29,0.238s,PASSED
setText,Firefox 60.0,,2019-06-05 09:24:29,2019-06-05 09:24:29,0.052s,PASSED
setText,Firefox 60.0,,2019-06-05 09:24:29,2019-06-05 09:24:29,0.040s,PASSED
click,Firefox 60.0,,2019-06-05 09:24:29,2019-06-05 09:24:34,5.515s,PASSED
navigateToUrl,Firefox 60.0,,2019-06-05 09:24:34,2019-06-05 09:24:34,0.022s,PASSED
click,Firefox 60.0,,2019-06-05 09:24:34,2019-06-05 09:24:36,1.281s,PASSED
click,Firefox 60.0,,2019-06-05 09:24:36,2019-06-05 09:24:36,0.276s,PASSED
click,Firefox 60.0,,2019-06-05 09:24:36,2019-06-05 09:24:36,0.374s,PASSED
setText,Firefox 60.0,,2019-06-05 09:24:36,2019-06-05 09:24:36,0.063s,PASSED
sendKeys,Firefox 60.0,,2019-06-05 09:24:36,2019-06-05 09:24:36,0.002s,PASSED
,,,,,,
Test Cases/ver 0.2Q/ver 0.2Q-firefox/RU07-SENSITIVITYTEST/RU07-NUC03-T02,Firefox 60.0,RU07-NUC03-T02 -Sv. Test - Sv. T. Settings - filters,2019-06-05 09:24:36,2019-06-05 09:24:48,11.591s,PASSED
"Comment - ""----------------------------------------------------""",Firefox 60.0,,2019-06-05 09:24:37,2019-06-05 09:24:37,0.000s,PASSED
"Comment - ""This test case script is generated by Katalon Studio""",Firefox 60.0,,2019-06-05 09:24:37,2019-06-05 09:24:37,0.001s,PASSED
"Comment - ""Generated date: 09-Oct-2018 09:59:22 AM""",Firefox 60.0,,2019-06-05 09:24:37,2019-06-05 09:24:37,0.000s,PASSED
"Comment - ""File path: H:\Desktop\PAMPCCPA_0.1\PAMPCCPA_0.1\CdT\RUN_2\RU07\RU07-NUC03-T02.rctest""",Firefox 60.0,,2019-06-05 09:24:37,2019-06-05 09:24:37,0.000s,PASSED
"Comment - ""Generated by: masspetracca@gmail.com""",Firefox 60.0,,2019-06-05 09:24:37,2019-06-05 09:24:37,0.000s,PASSED
openBrowser,Firefox 60.0,----------------------------------------------------,2019-06-05 09:24:37,2019-06-05 09:24:41,4.417s,PASSED
navigateToUrl,Firefox 60.0,TC >> RU07-NUC03-T02.rctest,2019-06-05 09:24:41,2019-06-05 09:24:41,0.272s,PASSED
setText,Firefox 60.0,,2019-06-05 09:24:41,2019-06-05 09:24:41,0.062s,PASSED
setText,Firefox 60.0,,2019-06-05 09:24:41,2019-06-05 09:24:42,0.039s,PASSED
click,Firefox 60.0,,2019-06-05 09:24:42,2019-06-05 09:24:47,5.596s,PASSED
navigateToUrl,Firefox 60.0,,2019-06-05 09:24:47,2019-06-05 09:24:47,0.045s,PASSED
click,Firefox 60.0,,2019-06-05 09:24:47,2019-06-05 09:24:48,0.841s,PASSED
,,,,,,
Test Cases/ver 0.2Q/ver 0.2Q-firefox/RU08-BACKTEST/RU08-NUC01-T02,Firefox 60.0,RU08-NUC01-T02 - B. T. Member Statistics - Filters,2019-06-05 09:24:48,2019-06-05 09:25:00,12.206s,PASSED
"Comment - ""----------------------------------------------------""",Firefox 60.0,,2019-06-05 09:24:48,2019-06-05 09:24:48,0.000s,PASSED
"Comment - ""This test case script is generated by Katalon Studio""",Firefox 60.0,,2019-06-05 09:24:48,2019-06-05 09:24:48,0.000s,PASSED
"Comment - ""Generated date: 09-Oct-2018 09:59:22 AM""",Firefox 60.0,,2019-06-05 09:24:48,2019-06-05 09:24:48,0.000s,PASSED
"Comment - ""File path: H:\Desktop\PAMPCCPA_0.1\PAMPCCPA_0.1\CdT\RUN_2\RU08\RU08-NUC01-T02.rctest""",Firefox 60.0,,2019-06-05 09:24:48,2019-06-05 09:24:48,0.000s,PASSED
"Comment - ""Generated by: masspetracca@gmail.com""",Firefox 60.0,,2019-06-05 09:24:48,2019-06-05 09:24:48,0.001s,PASSED
openBrowser,Firefox 60.0,----------------------------------------------------,2019-06-05 09:24:48,2019-06-05 09:24:53,4.836s,PASSED
navigateToUrl,Firefox 60.0,TC >> RU08-NUC01-T02.rctest,2019-06-05 09:24:53,2019-06-05 09:24:53,0.236s,PASSED
setText,Firefox 60.0,,2019-06-05 09:24:53,2019-06-05 09:24:53,0.056s,PASSED
setText,Firefox 60.0,,2019-06-05 09:24:53,2019-06-05 09:24:53,0.035s,PASSED
click,Firefox 60.0,,2019-06-05 09:24:53,2019-06-05 09:24:59,5.773s,PASSED
navigateToUrl,Firefox 60.0,,2019-06-05 09:24:59,2019-06-05 09:24:59,0.045s,PASSED
click,Firefox 60.0,,2019-06-05 09:24:59,2019-06-05 09:25:00,0.961s,PASSED
,,,,,,
Test Cases/ver 0.2Q/ver 0.2Q-firefox/RU08-BACKTEST/RU08-NUC02-T02,Firefox 60.0,RU08-NUC02-T02  - B. T. Member Statistics - Filters,2019-06-05 09:25:00,2019-06-05 09:25:05,5.067s,PASSED
"Comment - ""----------------------------------------------------""",Firefox 60.0,,2019-06-05 09:25:00,2019-06-05 09:25:00,0.000s,PASSED
"Comment - ""This test case script is generated by Katalon Studio""",Firefox 60.0,,2019-06-05 09:25:00,2019-06-05 09:25:00,0.001s,PASSED
"Comment - ""Generated date: 09-Oct-2018 09:59:22 AM""",Firefox 60.0,,2019-06-05 09:25:00,2019-06-05 09:25:00,0.000s,PASSED
"Comment - ""File path: H:\Desktop\PAMPCCPA_0.1\PAMPCCPA_0.1\CdT\RUN_2\RU08\RU08-NUC02-T02.rctest""",Firefox 60.0,,2019-06-05 09:25:00,2019-06-05 09:25:00,0.000s,PASSED
"Comment - ""Generated by: masspetracca@gmail.com""",Firefox 60.0,,2019-06-05 09:25:00,2019-06-05 09:25:00,0.001s,PASSED
openBrowser,Firefox 60.0,----------------------------------------------------,2019-06-05 09:25:00,2019-06-05 09:25:05,4.491s,PASSED
navigateToUrl,Firefox 60.0,TC >> RU08-NUC02-T02.rctest,2019-06-05 09:25:05,2019-06-05 09:25:05,0.246s,PASSED
setText,Firefox 60.0,,2019-06-05 09:25:05,2019-06-05 09:25:05,0.090s,PASSED
