{"devicePlatform":"","logFolder":"/Users/raghav/Katalon Studio/Sample SOAP API Testing Project/Reports/DataDrivenTestingDemoSuite/20181108_145909","runData":{"hostName":"raghav - 192.168.1.2","hostAddress":"192.168.1.2","os":"Mac OS X 64bit","katalonVersion":"5.8.4.14"},"type":"TEST_SUITE","name":"DataDrivenTestingDemoSuite","id":"Test Suites/DataDrivenTestingDemoSuite","source":"","message":"Test Cases/DataDrivenTestDemo","description":"","startTime":1541669354241,"endTime":1541669361934,"childRecords":[{"isOptional":false,"type":"TEST_CASE","name":"Test Cases/DataDrivenTestDemo","id":"Test Cases/DataDrivenTestDemo","source":"\\\\Users\\\\raghav\\\\Katalon Studio\\\\Sample SOAP API Testing Project\\\\Test Cases\\\\DataDrivenTestDemo.tc","message":"Test Cases/DataDrivenTestDemo","description":"","startTime":1541669355006,"endTime":1541669359078,"childRecords":[{"testStatus":{"stackTrace":"","statusValue":"INFO"},"type":"MESSAGE","name":"","message":"Evaluating variables for test case","startTime":1541669355082,"endTime":0,"childRecords":[],"interuppted":false},{"testStatus":{"stackTrace":"","statusValue":"INFO"},"type":"MESSAGE","name":"","message":"Variable \u0027CountryCode\u0027 is set to IN","startTime":1541669355093,"endTime":0,"childRecords":[],"interuppted":false},{"testStatus":{"stackTrace":"","statusValue":"INFO"},"type":"MESSAGE","name":"","message":"Variable \u0027Capital\u0027 is set to New Delhi","startTime":1541669355093,"endTime":0,"childRecords":[],"interuppted":false},{"testStatus":{"stackTrace":"","statusValue":"INFO"},"type":"MESSAGE","name":"","message":"Variable \u0027Currency1\u0027 is set to Rupees","startTime":1541669355094,"endTime":0,"childRecords":[],"interuppted":false},{"index":1,"isIgnoredIfFailed":false,"type":"TEST_STEP","name":"Statement - println(\"... value of country code is : \" + CountryCode)","description":"","startTime":1541669356012,"endTime":1541669356023,"childRecords":[],"interuppted":false},{"index":2,"isIgnoredIfFailed":false,"type":"TEST_STEP","name":"Statement - println(\"... value of capital is : \" + Capital)","description":"","startTime":1541669356028,"endTime":1541669356031,"childRecords":[],"interuppted":false},{"index":3,"isIgnoredIfFailed":false,"type":"TEST_STEP","name":"Statement - println(\"... value of currency is : \" + Currency1)","description":"","startTime":1541669356032,"endTime":1541669356045,"childRecords":[],"interuppted":false},{"index":4,"isIgnoredIfFailed":false,"type":"TEST_STEP","name":"Statement - response1 \u003d com.kms.katalon.core.webservice.keyword.WSBuiltInKeywords.sendRequest(com.kms.katalon.core.testobject.ObjectRepository.findTestObject(CountryInfoSOAPService/GetCapital, [CountryCode:CountryCode]))","message":"Send request successfully","description":"","startTime":1541669356046,"endTime":1541669357667,"childRecords":[{"testStatus":{"stackTrace":"","statusValue":"PASSED"},"type":"MESSAGE","name":"","message":"Send request successfully","startTime":1541669357665,"endTime":0,"childRecords":[],"interuppted":false}],"interuppted":false},{"index":5,"isIgnoredIfFailed":false,"type":"TEST_STEP","name":"verifyElementText","message":"Verify element text successfully","description":"","startTime":1541669357668,"endTime":1541669358366,"childRecords":[{"testStatus":{"stackTrace":"","statusValue":"PASSED"},"type":"MESSAGE","name":"","message":"Verify element text successfully","startTime":1541669358356,"endTime":0,"childRecords":[],"interuppted":false}],"interuppted":false},{"index":6,"isIgnoredIfFailed":false,"type":"TEST_STEP","name":"Statement - response2 \u003d com.kms.katalon.core.webservice.keyword.WSBuiltInKeywords.sendRequest(com.kms.katalon.core.testobject.ObjectRepository.findTestObject(CountryInfoSOAPService/GetCurrency, [CountryCode:CountryCode]))","message":"Send request successfully","description":"","startTime":1541669358367,"endTime":1541669358990,"childRecords":[{"testStatus":{"stackTrace":"","statusValue":"PASSED"},"type":"MESSAGE","name":"","message":"Send request successfully","startTime":1541669358986,"endTime":0,"childRecords":[],"interuppted":false}],"interuppted":false},{"index":7,"isIgnoredIfFailed":false,"type":"TEST_STEP","name":"verifyElementText","message":"Verify element text successfully","description":"","startTime":1541669358992,"endTime":1541669359075,"childRecords":[{"testStatus":{"stackTrace":"","statusValue":"PASSED"},"type":"MESSAGE","name":"","message":"Verify element text successfully","startTime":1541669359073,"endTime":0,"childRecords":[],"interuppted":false}],"interuppted":false},{"testStatus":{"stackTrace":"","statusValue":"PASSED"},"type":"MESSAGE","name":"","message":"Test Cases/DataDrivenTestDemo","startTime":1541669359077,"endTime":0,"childRecords":[],"interuppted":false}],"interuppted":false},{"isOptional":false,"type":"TEST_CASE","name":"Test Cases/DataDrivenTestDemo","id":"Test Cases/DataDrivenTestDemo","source":"\\\\Users\\\\raghav\\\\Katalon Studio\\\\Sample SOAP API Testing Project\\\\Test Cases\\\\DataDrivenTestDemo.tc","message":"Test Cases/DataDrivenTestDemo","description":"","startTime":1541669359083,"endTime":1541669360412,"childRecords":[{"testStatus":{"stackTrace":"","statusValue":"INFO"},"type":"MESSAGE","name":"","message":"Evaluating variables for test case","startTime":1541669359095,"endTime":0,"childRecords":[],"interuppted":false},{"testStatus":{"stackTrace":"","statusValue":"INFO"},"type":"MESSAGE","name":"","message":"Variable \u0027CountryCode\u0027 is set to US","startTime":1541669359096,"endTime":0,"childRecords":[],"interuppted":false},{"testStatus":{"stackTrace":"","statusValue":"INFO"},"type":"MESSAGE","name":"","message":"Variable \u0027Capital\u0027 is set to Washington","startTime":1541669359097,"endTime":0,"childRecords":[],"interuppted":false},{"testStatus":{"stackTrace":"","statusValue":"INFO"},"type":"MESSAGE","name":"","message":"Variable \u0027Currency1\u0027 is set to Dollars","startTime":1541669359098,"endTime":0,"childRecords":[],"interuppted":false},{"index":1,"isIgnoredIfFailed":false,"type":"TEST_STEP","name":"Statement - println(\"... value of country code is : \" + CountryCode)","description":"","startTime":1541669359100,"endTime":1541669359104,"childRecords":[],"interuppted":false},{"index":2,"isIgnoredIfFailed":false,"type":"TEST_STEP","name":"Statement - println(\"... value of capital is : \" + Capital)","description":"","startTime":1541669359105,"endTime":1541669359106,"childRecords":[],"interuppted":false},{"index":3,"isIgnoredIfFailed":false,"type":"TEST_STEP","name":"Statement - println(\"... value of currency is : \" + Currency1)","description":"","startTime":1541669359109,"endTime":1541669359111,"childRecords":[],"interuppted":false},{"index":4,"isIgnoredIfFailed":false,"type":"TEST_STEP","name":"Statement - response1 \u003d com.kms.katalon.core.webservice.keyword.WSBuiltInKeywords.sendRequest(com.kms.katalon.core.testobject.ObjectRepository.findTestObject(CountryInfoSOAPService/GetCapital, [CountryCode:CountryCode]))","message":"Send request successfully","description":"","startTime":1541669359111,"endTime":1541669359701,"childRecords":[{"testStatus":{"stackTrace":"","statusValue":"PASSED"},"type":"MESSAGE","name":"","message":"Send request successfully","startTime":1541669359700,"endTime":0,"childRecords":[],"interuppted":false}],"interuppted":false},{"index":5,"isIgnoredIfFailed":false,"type":"TEST_STEP","name":"verifyElementText","message":"Verify element text successfully","description":"","startTime":1541669359702,"endTime":1541669359754,"childRecords":[{"testStatus":{"stackTrace":"","statusValue":"PASSED"},"type":"MESSAGE","name":"","message":"Verify element text successfully","startTime":1541669359752,"endTime":0,"childRecords":[],"interuppted":false}],"interuppted":false},{"index":6,"isIgnoredIfFailed":false,"type":"TEST_STEP","name":"Statement - response2 \u003d com.kms.katalon.core.webservice.keyword.WSBuiltInKeywords.sendRequest(com.kms.katalon.core.testobject.ObjectRepository.findTestObject(CountryInfoSOAPService/GetCurrency, [CountryCode:CountryCode]))","message":"Send request successfully","description":"","startTime":1541669359754,"endTime":1541669360337,"childRecords":[{"testStatus":{"stackTrace":"","statusValue":"PASSED"},"type":"MESSAGE","name":"","message":"Send request successfully","startTime":1541669360333,"endTime":0,"childRecords":[],"interuppted":false}],"interuppted":false},{"index":7,"isIgnoredIfFailed":false,"type":"TEST_STEP","name":"verifyElementText","message":"Verify element text successfully","description":"","startTime":1541669360338,"endTime":1541669360409,"childRecords":[{"testStatus":{"stackTrace":"","statusValue":"PASSED"},"type":"MESSAGE","name":"","message":"Verify element text successfully","startTime":1541669360406,"endTime":0,"childRecords":[],"interuppted":false}],"interuppted":false},{"testStatus":{"stackTrace":"","statusValue":"PASSED"},"type":"MESSAGE","name":"","message":"Test Cases/DataDrivenTestDemo","startTime":1541669360410,"endTime":0,"childRecords":[],"interuppted":false}],"interuppted":false},{"isOptional":false,"type":"TEST_CASE","name":"Test Cases/DataDrivenTestDemo","id":"Test Cases/DataDrivenTestDemo","source":"\\\\Users\\\\raghav\\\\Katalon Studio\\\\Sample SOAP API Testing Project\\\\Test Cases\\\\DataDrivenTestDemo.tc","message":"Test Cases/DataDrivenTestDemo","description":"","startTime":1541669360421,"endTime":1541669361781,"childRecords":[{"testStatus":{"stackTrace":"","statusValue":"INFO"},"type":"MESSAGE","name":"","message":"Evaluating variables for test case","startTime":1541669360436,"endTime":0,"childRecords":[],"interuppted":false},{"testStatus":{"stackTrace":"","statusValue":"INFO"},"type":"MESSAGE","name":"","message":"Variable \u0027CountryCode\u0027 is set to VN","startTime":1541669360437,"endTime":0,"childRecords":[],"interuppted":false},{"testStatus":{"stackTrace":"","statusValue":"INFO"},"type":"MESSAGE","name":"","message":"Variable \u0027Capital\u0027 is set to Hanoi","startTime":1541669360438,"endTime":0,"childRecords":[],"interuppted":false},{"testStatus":{"stackTrace":"","statusValue":"INFO"},"type":"MESSAGE","name":"","message":"Variable \u0027Currency1\u0027 is set to Dong","startTime":1541669360439,"endTime":0,"childRecords":[],"interuppted":false},{"index":1,"isIgnoredIfFailed":false,"type":"TEST_STEP","name":"Statement - println(\"... value of country code is : \" + CountryCode)","description":"","startTime":1541669360447,"endTime":1541669360448,"childRecords":[],"interuppted":false},{"index":2,"isIgnoredIfFailed":false,"type":"TEST_STEP","name":"Statement - println(\"... value of capital is : \" + Capital)","description":"","startTime":1541669360453,"endTime":1541669360464,"childRecords":[],"interuppted":false},{"index":3,"isIgnoredIfFailed":false,"type":"TEST_STEP","name":"Statement - println(\"... value of currency is : \" + Currency1)","description":"","startTime":1541669360465,"endTime":1541669360468,"childRecords":[],"interuppted":false},{"index":4,"isIgnoredIfFailed":false,"type":"TEST_STEP","name":"Statement - response1 \u003d com.kms.katalon.core.webservice.keyword.WSBuiltInKeywords.sendRequest(com.kms.katalon.core.testobject.ObjectRepository.findTestObject(CountryInfoSOAPService/GetCapital, [CountryCode:CountryCode]))","message":"Send request successfully","description":"","startTime":1541669360469,"endTime":1541669361068,"childRecords":[{"testStatus":{"stackTrace":"","statusValue":"PASSED"},"type":"MESSAGE","name":"","message":"Send request successfully","startTime":1541669361067,"endTime":0,"childRecords":[],"interuppted":false}],"interuppted":false},{"index":5,"isIgnoredIfFailed":false,"type":"TEST_STEP","name":"verifyElementText","message":"Verify element text successfully","description":"","startTime":1541669361069,"endTime":1541669361134,"childRecords":[{"testStatus":{"stackTrace":"","statusValue":"PASSED"},"type":"MESSAGE","name":"","message":"Verify element text successfully","startTime":1541669361130,"endTime":0,"childRecords":[],"interuppted":false}],"interuppted":false},{"index":6,"isIgnoredIfFailed":false,"type":"TEST_STEP","name":"Statement - response2 \u003d com.kms.katalon.core.webservice.keyword.WSBuiltInKeywords.sendRequest(com.kms.katalon.core.testobject.ObjectRepository.findTestObject(CountryInfoSOAPService/GetCurrency, [CountryCode:CountryCode]))","message":"Send request successfully","description":"","startTime":1541669361135,"endTime":1541669361722,"childRecords":[{"testStatus":{"stackTrace":"","statusValue":"PASSED"},"type":"MESSAGE","name":"","message":"Send request successfully","startTime":1541669361721,"endTime":0,"childRecords":[],"interuppted":false}],"interuppted":false},{"index":7,"isIgnoredIfFailed":false,"type":"TEST_STEP","name":"verifyElementText","message":"Verify element text successfully","description":"","startTime":1541669361723,"endTime":1541669361779,"childRecords":[{"testStatus":{"stackTrace":"","statusValue":"PASSED"},"type":"MESSAGE","name":"","message":"Verify element text successfully","startTime":1541669361776,"endTime":0,"childRecords":[],"interuppted":false}],"interuppted":false},{"testStatus":{"stackTrace":"","statusValue":"PASSED"},"type":"MESSAGE","name":"","message":"Test Cases/DataDrivenTestDemo","startTime":1541669361780,"endTime":0,"childRecords":[],"interuppted":false}],"interuppted":false}],"interuppted":false}