Suite/Test/Step Name,Browser,Description,Start time,End time,Duration,Status
Tsuite_ver02-firefox,Firefox 60.0,,2019-06-05 16:18:17,2019-06-05 16:19:53,1m - 35.650s,PASSED
,,,,,,
Test Cases/ver 0.2Q/ver 0.2Q-firefox/RU01-EQUITIES/RU01-NUC04-T02,Firefox 60.0,RU01-NUC04-T02 - Equities - Eq.  Listed-Delisted - filters,2019-06-05 16:18:18,2019-06-05 16:18:36,18.507s,PASSED
"Comment - ""----------------------------------------------------""",Firefox 60.0,,2019-06-05 16:18:19,2019-06-05 16:18:19,0.003s,PASSED
"Comment - ""This test case script is generated by Katalon Studio""",Firefox 60.0,,2019-06-05 16:18:19,2019-06-05 16:18:19,0.003s,PASSED
"Comment - ""Generated date: 09-Oct-2018 09:59:22 AM""",Firefox 60.0,,2019-06-05 16:18:19,2019-06-05 16:18:19,0.003s,PASSED
"Comment - ""File path: H:\Desktop\PAMPCCPA_0.1\PAMPCCPA_0.1\CdT\RUN_2\RU01\RU01-NUC04-T02.rctest""",Firefox 60.0,,2019-06-05 16:18:19,2019-06-05 16:18:19,0.005s,PASSED
"Comment - ""Generated by: masspetracca@gmail.com""",Firefox 60.0,,2019-06-05 16:18:19,2019-06-05 16:18:19,0.019s,PASSED
openBrowser,Firefox 60.0,----------------------------------------------------,2019-06-05 16:18:19,2019-06-05 16:18:25,5.985s,PASSED
navigateToUrl,Firefox 60.0,TC >> RU01-NUC04-T02.rctest,2019-06-05 16:18:25,2019-06-05 16:18:25,0.344s,PASSED
setText,Firefox 60.0,,2019-06-05 16:18:25,2019-06-05 16:18:25,0.283s,PASSED
setText,Firefox 60.0,,2019-06-05 16:18:25,2019-06-05 16:18:25,0.082s,PASSED
click,Firefox 60.0,,2019-06-05 16:18:25,2019-06-05 16:18:33,7.787s,PASSED
navigateToUrl,Firefox 60.0,,2019-06-05 16:18:33,2019-06-05 16:18:33,0.121s,PASSED
click,Firefox 60.0,,2019-06-05 16:18:33,2019-06-05 16:18:35,1.682s,PASSED
click,Firefox 60.0,,2019-06-05 16:18:35,2019-06-05 16:18:35,0.342s,PASSED
click,Firefox 60.0,,2019-06-05 16:18:35,2019-06-05 16:18:36,0.687s,PASSED
setText,Firefox 60.0,,2019-06-05 16:18:36,2019-06-05 16:18:36,0.145s,PASSED
setText,Firefox 60.0,,2019-06-05 16:18:36,2019-06-05 16:18:36,0.158s,PASSED
sendKeys,Firefox 60.0,,2019-06-05 16:18:36,2019-06-05 16:18:36,0.004s,PASSED
,,,,,,
Test Cases/ver 0.2Q/ver 0.2Q-firefox/RU01-EQUITIES/RU01-NUC09-T02,Firefox 60.0,RU01-NUC09-T02 - Equities - Statistics - filters,2019-06-05 16:18:36,2019-06-05 16:18:43,6.130s,PASSED
"Comment - ""----------------------------------------------------""",Firefox 60.0,,2019-06-05 16:18:37,2019-06-05 16:18:37,0.001s,PASSED
"Comment - ""This test case script is generated by Katalon Studio""",Firefox 60.0,,2019-06-05 16:18:37,2019-06-05 16:18:37,0.000s,PASSED
"Comment - ""Generated date: 09-Oct-2018 09:59:22 AM""",Firefox 60.0,,2019-06-05 16:18:37,2019-06-05 16:18:37,0.001s,PASSED
"Comment - ""File path: H:\Desktop\PAMPCCPA_0.1\PAMPCCPA_0.1\CdT\RUN_2\RU01\RU01-NUC09-T01.rctest""",Firefox 60.0,,2019-06-05 16:18:37,2019-06-05 16:18:37,0.001s,PASSED
"Comment - ""Generated by: masspetracca@gmail.com""",Firefox 60.0,,2019-06-05 16:18:37,2019-06-05 16:18:37,0.001s,PASSED
openBrowser,Firefox 60.0,----------------------------------------------------,2019-06-05 16:18:37,2019-06-05 16:18:42,4.872s,PASSED
navigateToUrl,Firefox 60.0,TC >> RU01-NUC09-T01.rctest,2019-06-05 16:18:42,2019-06-05 16:18:42,0.246s,PASSED
setText,Firefox 60.0,,2019-06-05 16:18:42,2019-06-05 16:18:42,0.153s,PASSED
,,,,,,
Test Cases/ver 0.2Q/ver 0.2Q-firefox/RU02-HAIRCUT/RU02-NUC03-T02,Firefox 60.0,RU02-NUC03-T02 - Haircut - HC.  Price series - filters,2019-06-05 16:18:43,2019-06-05 16:19:52,1m - 9.480s,PASSED
"Comment - ""----------------------------------------------------""",Firefox 60.0,,2019-06-05 16:18:43,2019-06-05 16:18:43,0.002s,PASSED
"Comment - ""This test case script is generated by Katalon Studio""",Firefox 60.0,,2019-06-05 16:18:43,2019-06-05 16:18:43,0.000s,PASSED
"Comment - ""Generated date: 09-Oct-2018 09:59:22 AM""",Firefox 60.0,,2019-06-05 16:18:43,2019-06-05 16:18:43,0.002s,PASSED
"Comment - ""File path: H:\Desktop\PAMPCCPA_0.1\PAMPCCPA_0.1\CdT\RUN_2\RU02\RU02-NUC03-T02.rctest""",Firefox 60.0,,2019-06-05 16:18:43,2019-06-05 16:18:43,0.000s,PASSED
"Comment - ""Generated by: masspetracca@gmail.com""",Firefox 60.0,,2019-06-05 16:18:43,2019-06-05 16:18:43,0.001s,PASSED
openBrowser,Firefox 60.0,----------------------------------------------------,2019-06-05 16:18:43,2019-06-05 16:18:47,4.334s,PASSED
navigateToUrl,Firefox 60.0,TC >> RU02-NUC03-T02.rctest,2019-06-05 16:18:47,2019-06-05 16:18:48,0.255s,PASSED
setText,Firefox 60.0,,2019-06-05 16:18:48,2019-06-05 16:18:48,0.096s,PASSED
setText,Firefox 60.0,,2019-06-05 16:18:48,2019-06-05 16:18:48,0.099s,PASSED
click,Firefox 60.0,,2019-06-05 16:18:48,2019-06-05 16:18:53,5.682s,PASSED
navigateToUrl,Firefox 60.0,,2019-06-05 16:18:53,2019-06-05 16:18:54,0.068s,PASSED
click,Firefox 60.0,,2019-06-05 16:18:54,2019-06-05 16:19:27,33.221s,PASSED
click,Firefox 60.0,,2019-06-05 16:19:27,2019-06-05 16:19:27,0.326s,PASSED
click,Firefox 60.0,,2019-06-05 16:19:27,2019-06-05 16:19:27,0.051s,PASSED
click,Firefox 60.0,,2019-06-05 16:19:27,2019-06-05 16:19:27,0.042s,PASSED
setText,Firefox 60.0,,2019-06-05 16:19:27,2019-06-05 16:19:52,24.736s,PASSED
click,Firefox 60.0,,2019-06-05 16:19:52,2019-06-05 16:19:52,0.026s,PASSED
click,Firefox 60.0,,2019-06-05 16:19:52,2019-06-05 16:19:52,0.018s,PASSED
click,Firefox 60.0,,2019-06-05 16:19:52,2019-06-05 16:19:52,0.015s,PASSED
click,Firefox 60.0,,2019-06-05 16:19:52,2019-06-05 16:19:52,0.032s,PASSED
,,,,,,
Test Cases/ver 0.2Q/ver 0.2Q-firefox/RU07-SENSITIVITYTEST/RU07-NUC02-T02,Firefox 60.0,RU07-NUC02-T02 -Sv. Test - Sv. T. Instrument Statistics - filters,2019-06-05 16:19:52,2019-06-05 16:19:53,0.856s,PASSED
"Comment - ""----------------------------------------------------""",Firefox 60.0,,2019-06-05 16:19:53,2019-06-05 16:19:53,0.001s,PASSED
"Comment - ""This test case script is generated by Katalon Studio""",Firefox 60.0,,2019-06-05 16:19:53,2019-06-05 16:19:53,0.000s,PASSED
"Comment - ""Generated date: 09-Oct-2018 09:59:22 AM""",Firefox 60.0,,2019-06-05 16:19:53,2019-06-05 16:19:53,0.005s,PASSED
"Comment - ""File path: H:\Desktop\PAMPCCPA_0.1\PAMPCCPA_0.1\CdT\RUN_2\RU07\RU07-NUC02-T01.rctest""",Firefox 60.0,,2019-06-05 16:19:53,2019-06-05 16:19:53,0.001s,PASSED
"Comment - ""Generated by: masspetracca@gmail.com""",Firefox 60.0,,2019-06-05 16:19:53,2019-06-05 16:19:53,0.000s,PASSED
openBrowser,Firefox 60.0,----------------------------------------------------,2019-06-05 16:19:53,2019-06-05 16:19:53,0.060s,PASSED
