{"devicePlatform":"","logFolder":"/Users/raghav/Katalon Studio/Sample SOAP API Testing Project/Reports/TestSuiteFour/20181108_142654","runData":{"hostName":"raghav - 192.168.1.2","hostAddress":"192.168.1.2","os":"Mac OS X 64bit","katalonVersion":"5.8.4.14"},"type":"TEST_SUITE","name":"TestSuiteFour","id":"Test Suites/TestSuiteFour","source":"","message":"Test Cases/TestFour_DataDrivenTesting","description":"","startTime":1541667416383,"endTime":1541667420898,"childRecords":[{"isOptional":false,"type":"TEST_CASE","name":"Test Cases/TestFour_DataDrivenTesting","id":"Test Cases/TestFour_DataDrivenTesting","source":"\\\\Users\\\\raghav\\\\Katalon Studio\\\\Sample SOAP API Testing Project\\\\Test Cases\\\\TestFour_DataDrivenTesting.tc","message":"Test Cases/TestFour_DataDrivenTesting","description":"","startTime":1541667417028,"endTime":1541667419512,"childRecords":[{"testStatus":{"stackTrace":"","statusValue":"INFO"},"type":"MESSAGE","name":"","message":"Evaluating variables for test case","startTime":1541667417059,"endTime":0,"childRecords":[],"interuppted":false},{"testStatus":{"stackTrace":"","statusValue":"INFO"},"type":"MESSAGE","name":"","message":"Variable \u0027CountryCode\u0027 is set to IN","startTime":1541667417063,"endTime":0,"childRecords":[],"interuppted":false},{"testStatus":{"stackTrace":"","statusValue":"INFO"},"type":"MESSAGE","name":"","message":"Variable \u0027Currency1\u0027 is set to Rupees","startTime":1541667417064,"endTime":0,"childRecords":[],"interuppted":false},{"index":1,"isIgnoredIfFailed":false,"type":"TEST_STEP","name":"Statement - println(\"... country Code now is : \" + CountryCode)","description":"","startTime":1541667417569,"endTime":1541667417577,"childRecords":[],"interuppted":false},{"index":2,"isIgnoredIfFailed":false,"type":"TEST_STEP","name":"Statement - println(\"... currency now is : \" + Currency1)","description":"","startTime":1541667417578,"endTime":1541667417587,"childRecords":[],"interuppted":false},{"index":3,"isIgnoredIfFailed":false,"type":"TEST_STEP","name":"Statement - response \u003d com.kms.katalon.core.webservice.keyword.WSBuiltInKeywords.sendRequest(com.kms.katalon.core.testobject.ObjectRepository.findTestObject(CountryInfoSOAPService/GetCurrency, [countryISOCode:CountryCode, authorization:Basic VXNlcjE6UGFzczE\u003d]))","message":"Send request successfully","description":"","startTime":1541667417588,"endTime":1541667419184,"childRecords":[{"testStatus":{"stackTrace":"","statusValue":"PASSED"},"type":"MESSAGE","name":"","message":"Send request successfully","startTime":1541667419183,"endTime":0,"childRecords":[],"interuppted":false}],"interuppted":false},{"index":4,"isIgnoredIfFailed":false,"type":"TEST_STEP","name":"verifyElementText","message":"Verify element text successfully","description":"","startTime":1541667419185,"endTime":1541667419510,"childRecords":[{"testStatus":{"stackTrace":"","statusValue":"PASSED"},"type":"MESSAGE","name":"","message":"Verify element text successfully","startTime":1541667419509,"endTime":0,"childRecords":[],"interuppted":false}],"interuppted":false},{"testStatus":{"stackTrace":"","statusValue":"PASSED"},"type":"MESSAGE","name":"","message":"Test Cases/TestFour_DataDrivenTesting","startTime":1541667419511,"endTime":0,"childRecords":[],"interuppted":false}],"interuppted":false},{"isOptional":false,"type":"TEST_CASE","name":"Test Cases/TestFour_DataDrivenTesting","id":"Test Cases/TestFour_DataDrivenTesting","source":"\\\\Users\\\\raghav\\\\Katalon Studio\\\\Sample SOAP API Testing Project\\\\Test Cases\\\\TestFour_DataDrivenTesting.tc","message":"Test Cases/TestFour_DataDrivenTesting","description":"","startTime":1541667419516,"endTime":1541667420187,"childRecords":[{"testStatus":{"stackTrace":"","statusValue":"INFO"},"type":"MESSAGE","name":"","message":"Evaluating variables for test case","startTime":1541667419525,"endTime":0,"childRecords":[],"interuppted":false},{"testStatus":{"stackTrace":"","statusValue":"INFO"},"type":"MESSAGE","name":"","message":"Variable \u0027CountryCode\u0027 is set to US","startTime":1541667419526,"endTime":0,"childRecords":[],"interuppted":false},{"testStatus":{"stackTrace":"","statusValue":"INFO"},"type":"MESSAGE","name":"","message":"Variable \u0027Currency1\u0027 is set to Dollars","startTime":1541667419527,"endTime":0,"childRecords":[],"interuppted":false},{"index":1,"isIgnoredIfFailed":false,"type":"TEST_STEP","name":"Statement - println(\"... country Code now is : \" + CountryCode)","description":"","startTime":1541667419532,"endTime":1541667419533,"childRecords":[],"interuppted":false},{"index":2,"isIgnoredIfFailed":false,"type":"TEST_STEP","name":"Statement - println(\"... currency now is : \" + Currency1)","description":"","startTime":1541667419534,"endTime":1541667419536,"childRecords":[],"interuppted":false},{"index":3,"isIgnoredIfFailed":false,"type":"TEST_STEP","name":"Statement - response \u003d com.kms.katalon.core.webservice.keyword.WSBuiltInKeywords.sendRequest(com.kms.katalon.core.testobject.ObjectRepository.findTestObject(CountryInfoSOAPService/GetCurrency, [countryISOCode:CountryCode, authorization:Basic VXNlcjE6UGFzczE\u003d]))","message":"Send request successfully","description":"","startTime":1541667419537,"endTime":1541667420132,"childRecords":[{"testStatus":{"stackTrace":"","statusValue":"PASSED"},"type":"MESSAGE","name":"","message":"Send request successfully","startTime":1541667420131,"endTime":0,"childRecords":[],"interuppted":false}],"interuppted":false},{"index":4,"isIgnoredIfFailed":false,"type":"TEST_STEP","name":"verifyElementText","message":"Verify element text successfully","description":"","startTime":1541667420133,"endTime":1541667420186,"childRecords":[{"testStatus":{"stackTrace":"","statusValue":"PASSED"},"type":"MESSAGE","name":"","message":"Verify element text successfully","startTime":1541667420184,"endTime":0,"childRecords":[],"interuppted":false}],"interuppted":false},{"testStatus":{"stackTrace":"","statusValue":"PASSED"},"type":"MESSAGE","name":"","message":"Test Cases/TestFour_DataDrivenTesting","startTime":1541667420186,"endTime":0,"childRecords":[],"interuppted":false}],"interuppted":false},{"isOptional":false,"type":"TEST_CASE","name":"Test Cases/TestFour_DataDrivenTesting","id":"Test Cases/TestFour_DataDrivenTesting","source":"\\\\Users\\\\raghav\\\\Katalon Studio\\\\Sample SOAP API Testing Project\\\\Test Cases\\\\TestFour_DataDrivenTesting.tc","message":"Test Cases/TestFour_DataDrivenTesting","description":"","startTime":1541667420193,"endTime":1541667420839,"childRecords":[{"testStatus":{"stackTrace":"","statusValue":"INFO"},"type":"MESSAGE","name":"","message":"Evaluating variables for test case","startTime":1541667420204,"endTime":0,"childRecords":[],"interuppted":false},{"testStatus":{"stackTrace":"","statusValue":"INFO"},"type":"MESSAGE","name":"","message":"Variable \u0027CountryCode\u0027 is set to VN","startTime":1541667420204,"endTime":0,"childRecords":[],"interuppted":false},{"testStatus":{"stackTrace":"","statusValue":"INFO"},"type":"MESSAGE","name":"","message":"Variable \u0027Currency1\u0027 is set to Dong","startTime":1541667420205,"endTime":0,"childRecords":[],"interuppted":false},{"index":1,"isIgnoredIfFailed":false,"type":"TEST_STEP","name":"Statement - println(\"... country Code now is : \" + CountryCode)","description":"","startTime":1541667420208,"endTime":1541667420209,"childRecords":[],"interuppted":false},{"index":2,"isIgnoredIfFailed":false,"type":"TEST_STEP","name":"Statement - println(\"... currency now is : \" + Currency1)","description":"","startTime":1541667420209,"endTime":1541667420211,"childRecords":[],"interuppted":false},{"index":3,"isIgnoredIfFailed":false,"type":"TEST_STEP","name":"Statement - response \u003d com.kms.katalon.core.webservice.keyword.WSBuiltInKeywords.sendRequest(com.kms.katalon.core.testobject.ObjectRepository.findTestObject(CountryInfoSOAPService/GetCurrency, [countryISOCode:CountryCode, authorization:Basic VXNlcjE6UGFzczE\u003d]))","message":"Send request successfully","description":"","startTime":1541667420211,"endTime":1541667420796,"childRecords":[{"testStatus":{"stackTrace":"","statusValue":"PASSED"},"type":"MESSAGE","name":"","message":"Send request successfully","startTime":1541667420795,"endTime":0,"childRecords":[],"interuppted":false}],"interuppted":false},{"index":4,"isIgnoredIfFailed":false,"type":"TEST_STEP","name":"verifyElementText","message":"Verify element text successfully","description":"","startTime":1541667420796,"endTime":1541667420834,"childRecords":[{"testStatus":{"stackTrace":"","statusValue":"PASSED"},"type":"MESSAGE","name":"","message":"Verify element text successfully","startTime":1541667420828,"endTime":0,"childRecords":[],"interuppted":false}],"interuppted":false},{"testStatus":{"stackTrace":"","statusValue":"PASSED"},"type":"MESSAGE","name":"","message":"Test Cases/TestFour_DataDrivenTesting","startTime":1541667420836,"endTime":0,"childRecords":[],"interuppted":false}],"interuppted":false}],"interuppted":false}