Suite/Test/Step Name,Browser,Description,Start time,End time,Duration,Status
Tsuite_ver02-firefox,Firefox 60.0,,2019-05-29 17:01:58,2019-05-29 17:14:20,12m - 22.056s,PASSED
,,,,,,
Test Cases/ver 0.2Q/ver 0.2Q-firefox/RU02-HAIRCUT/RU02-NUC01-T01,Firefox 60.0,RU02-NUC01-T01 - Haircut - HC. Static data - View,2019-05-29 17:01:59,2019-05-29 17:02:15,16.264s,PASSED
"Comment - ""----------------------------------------------------""",Firefox 60.0,,2019-05-29 17:01:59,2019-05-29 17:02:00,0.003s,PASSED
"Comment - ""This test case script is generated by Katalon Studio""",Firefox 60.0,,2019-05-29 17:02:00,2019-05-29 17:02:00,0.001s,PASSED
"Comment - ""Generated date: 09-Oct-2018 09:59:22 AM""",Firefox 60.0,,2019-05-29 17:02:00,2019-05-29 17:02:00,0.000s,PASSED
"Comment - ""File path: H:\Desktop\PAMPCCPA_0.1\PAMPCCPA_0.1\CdT\RUN_2\RU02\RU02-NUC01-T01.rctest""",Firefox 60.0,,2019-05-29 17:02:00,2019-05-29 17:02:00,0.000s,PASSED
"Comment - ""Generated by: masspetracca@gmail.com""",Firefox 60.0,,2019-05-29 17:02:00,2019-05-29 17:02:00,0.069s,PASSED
openBrowser,Firefox 60.0,----------------------------------------------------,2019-05-29 17:02:00,2019-05-29 17:02:08,8.038s,PASSED
navigateToUrl,Firefox 60.0,TC >> RU02-NUC01-T01.rctest,2019-05-29 17:02:08,2019-05-29 17:02:08,0.304s,PASSED
setText,Firefox 60.0,,2019-05-29 17:02:08,2019-05-29 17:02:08,0.296s,PASSED
setText,Firefox 60.0,,2019-05-29 17:02:08,2019-05-29 17:02:08,0.220s,PASSED
click,Firefox 60.0,,2019-05-29 17:02:08,2019-05-29 17:02:15,6.468s,PASSED
navigateToUrl,Firefox 60.0,,2019-05-29 17:02:15,2019-05-29 17:02:15,0.107s,PASSED
,,,,,,
Test Cases/ver 0.2Q/ver 0.2Q-firefox/RU02-HAIRCUT/RU02-NUC02-T01,Firefox 60.0,RU02-NUC02-T01 - Haircut - HC.  Historical - view,2019-05-29 17:02:15,2019-05-29 17:02:28,12.887s,PASSED
"Comment - ""----------------------------------------------------""",Firefox 60.0,,2019-05-29 17:02:15,2019-05-29 17:02:15,0.001s,PASSED
"Comment - ""This test case script is generated by Katalon Studio""",Firefox 60.0,,2019-05-29 17:02:15,2019-05-29 17:02:15,0.001s,PASSED
"Comment - ""Generated date: 09-Oct-2018 09:59:22 AM""",Firefox 60.0,,2019-05-29 17:02:15,2019-05-29 17:02:15,0.007s,PASSED
"Comment - ""File path: H:\Desktop\PAMPCCPA_0.1\PAMPCCPA_0.1\CdT\RUN_2\RU02\RU02-NUC02-T01.rctest""",Firefox 60.0,,2019-05-29 17:02:15,2019-05-29 17:02:15,0.001s,PASSED
"Comment - ""Generated by: masspetracca@gmail.com""",Firefox 60.0,,2019-05-29 17:02:15,2019-05-29 17:02:15,0.000s,PASSED
openBrowser,Firefox 60.0,----------------------------------------------------,2019-05-29 17:02:15,2019-05-29 17:02:21,5.481s,PASSED
navigateToUrl,Firefox 60.0,TC >> RU02-NUC02-T01.rctest,2019-05-29 17:02:21,2019-05-29 17:02:21,0.340s,PASSED
setText,Firefox 60.0,,2019-05-29 17:02:21,2019-05-29 17:02:21,0.114s,PASSED
setText,Firefox 60.0,,2019-05-29 17:02:21,2019-05-29 17:02:21,0.064s,PASSED
click,Firefox 60.0,,2019-05-29 17:02:21,2019-05-29 17:02:27,5.909s,PASSED
navigateToUrl,Firefox 60.0,,2019-05-29 17:02:27,2019-05-29 17:02:27,0.071s,PASSED
closeBrowser,Firefox 60.0,,2019-05-29 17:02:27,2019-05-29 17:02:28,0.433s,PASSED
,,,,,,
Test Cases/ver 0.2Q/ver 0.2Q-firefox/RU02-HAIRCUT/RU02-NUC03-T01,Firefox 60.0,RU02-NUC03-T01 - Haircut - HC.  Price series - view,2019-05-29 17:02:28,2019-05-29 17:05:34,3m - 6.483s,PASSED
"Comment - ""----------------------------------------------------""",Firefox 60.0,,2019-05-29 17:02:28,2019-05-29 17:02:28,0.002s,PASSED
"Comment - ""This test case script is generated by Katalon Studio""",Firefox 60.0,,2019-05-29 17:02:28,2019-05-29 17:02:28,0.002s,PASSED
"Comment - ""Generated date: 09-Oct-2018 09:59:22 AM""",Firefox 60.0,,2019-05-29 17:02:28,2019-05-29 17:02:28,0.000s,PASSED
"Comment - ""File path: H:\Desktop\PAMPCCPA_0.1\PAMPCCPA_0.1\CdT\RUN_2\RU02\RU02-NUC03-T01.rctest""",Firefox 60.0,,2019-05-29 17:02:28,2019-05-29 17:02:28,0.000s,PASSED
"Comment - ""Generated by: masspetracca@gmail.com""",Firefox 60.0,,2019-05-29 17:02:28,2019-05-29 17:02:28,0.001s,PASSED
openBrowser,Firefox 60.0,----------------------------------------------------,2019-05-29 17:02:28,2019-05-29 17:02:32,4.015s,PASSED
navigateToUrl,Firefox 60.0,TC >> RU02-NUC03-T01.rctest,2019-05-29 17:02:32,2019-05-29 17:02:33,0.260s,PASSED
setText,Firefox 60.0,,2019-05-29 17:02:33,2019-05-29 17:02:33,0.106s,PASSED
setText,Firefox 60.0,,2019-05-29 17:02:33,2019-05-29 17:02:33,0.071s,PASSED
click,Firefox 60.0,,2019-05-29 17:02:33,2019-05-29 17:02:39,5.877s,PASSED
navigateToUrl,Firefox 60.0,,2019-05-29 17:02:39,2019-05-29 17:02:39,0.041s,PASSED
click,Firefox 60.0,,2019-05-29 17:02:39,2019-05-29 17:03:26,47.279s,PASSED
click,Firefox 60.0,,2019-05-29 17:03:26,2019-05-29 17:03:26,0.527s,PASSED
click,Firefox 60.0,,2019-05-29 17:03:26,2019-05-29 17:03:26,0.001s,NOT_RUN
click,Firefox 60.0,,2019-05-29 17:03:26,2019-05-29 17:03:26,0.001s,NOT_RUN
click,Firefox 60.0,,2019-05-29 17:03:26,2019-05-29 17:03:26,0.064s,PASSED
click,Firefox 60.0,,2019-05-29 17:03:26,2019-05-29 17:03:27,0.049s,PASSED
setText,Firefox 60.0,,2019-05-29 17:03:27,2019-05-29 17:03:57,30.488s,PASSED
click,Firefox 60.0,,2019-05-29 17:03:57,2019-05-29 17:04:49,51.959s,PASSED
click,Firefox 60.0,,2019-05-29 17:04:49,2019-05-29 17:05:33,44.272s,PASSED
click,Firefox 60.0,,2019-05-29 17:05:33,2019-05-29 17:05:34,0.780s,PASSED
closeBrowser,Firefox 60.0,,2019-05-29 17:05:34,2019-05-29 17:05:34,0.366s,PASSED
,,,,,,
Test Cases/ver 0.2Q/ver 0.2Q-firefox/RU02-HAIRCUT/RU02-NUC04-T01,Firefox 60.0,RU02-NUC04-T01 - Haircut - HC. Confidence Parameters - view,2019-05-29 17:05:34,2019-05-29 17:09:14,3m - 39.587s,PASSED
"Comment - ""----------------------------------------------------""",Firefox 60.0,,2019-05-29 17:05:35,2019-05-29 17:05:35,0.000s,PASSED
"Comment - ""This test case script is generated by Katalon Studio""",Firefox 60.0,,2019-05-29 17:05:35,2019-05-29 17:05:35,0.001s,PASSED
"Comment - ""Generated date: 09-Oct-2018 09:59:22 AM""",Firefox 60.0,,2019-05-29 17:05:35,2019-05-29 17:05:35,0.000s,PASSED
"Comment - ""File path: H:\Desktop\PAMPCCPA_0.1\PAMPCCPA_0.1\CdT\RUN_2\RU02\RU02-NUC04-T01.rctest""",Firefox 60.0,,2019-05-29 17:05:35,2019-05-29 17:05:35,0.000s,PASSED
"Comment - ""Generated by: masspetracca@gmail.com""",Firefox 60.0,,2019-05-29 17:05:35,2019-05-29 17:05:35,0.001s,PASSED
openBrowser,Firefox 60.0,----------------------------------------------------,2019-05-29 17:05:35,2019-05-29 17:05:39,4.001s,PASSED
navigateToUrl,Firefox 60.0,TC >> RU01-NUC04-T01.rctest,2019-05-29 17:05:39,2019-05-29 17:05:39,0.416s,PASSED
setText,Firefox 60.0,,2019-05-29 17:05:39,2019-05-29 17:05:39,0.122s,PASSED
setText,Firefox 60.0,,2019-05-29 17:05:39,2019-05-29 17:05:39,0.094s,PASSED
click,Firefox 60.0,,2019-05-29 17:05:39,2019-05-29 17:05:46,6.735s,PASSED
navigateToUrl,Firefox 60.0,,2019-05-29 17:05:46,2019-05-29 17:05:46,0.054s,PASSED
click,Firefox 60.0,,2019-05-29 17:05:46,2019-05-29 17:06:19,33.119s,PASSED
click,Firefox 60.0,,2019-05-29 17:06:19,2019-05-29 17:06:58,38.955s,PASSED
click,Firefox 60.0,,2019-05-29 17:06:58,2019-05-29 17:07:31,33.021s,PASSED
click,Firefox 60.0,,2019-05-29 17:07:31,2019-05-29 17:08:07,35.414s,PASSED
click,Firefox 60.0,,2019-05-29 17:08:07,2019-05-29 17:08:07,0.334s,PASSED
click,Firefox 60.0,,2019-05-29 17:08:07,2019-05-29 17:08:49,42.219s,PASSED
click,Firefox 60.0,,2019-05-29 17:08:49,2019-05-29 17:09:14,24.463s,PASSED
click,Firefox 60.0,,2019-05-29 17:09:14,2019-05-29 17:09:14,0.017s,PASSED
click,Firefox 60.0,,2019-05-29 17:09:14,2019-05-29 17:09:14,0.019s,PASSED
click,Firefox 60.0,,2019-05-29 17:09:14,2019-05-29 17:09:14,0.011s,PASSED
closeBrowser,Firefox 60.0,,2019-05-29 17:09:14,2019-05-29 17:09:14,0.111s,PASSED
,,,,,,
Test Cases/ver 0.2Q/ver 0.2Q-firefox/RU02-HAIRCUT/RU02-NUC05-T01,Firefox 60.0,RU02-NUC05-T01 - Haircut - HC. Extreme variations  - view,2019-05-29 17:09:14,2019-05-29 17:09:25,10.829s,PASSED
"Comment - ""----------------------------------------------------""",Firefox 60.0,,2019-05-29 17:09:14,2019-05-29 17:09:14,0.001s,PASSED
"Comment - ""This test case script is generated by Katalon Studio""",Firefox 60.0,,2019-05-29 17:09:14,2019-05-29 17:09:14,0.001s,PASSED
"Comment - ""Generated date: 09-Oct-2018 09:59:22 AM""",Firefox 60.0,,2019-05-29 17:09:14,2019-05-29 17:09:14,0.000s,PASSED
"Comment - ""File path: H:\Desktop\PAMPCCPA_0.1\PAMPCCPA_0.1\CdT\RUN_2\RU02\RU01-NUC05-T01.rctest""",Firefox 60.0,,2019-05-29 17:09:14,2019-05-29 17:09:14,0.000s,PASSED
"Comment - ""Generated by: masspetracca@gmail.com""",Firefox 60.0,,2019-05-29 17:09:14,2019-05-29 17:09:14,0.000s,PASSED
openBrowser,Firefox 60.0,----------------------------------------------------,2019-05-29 17:09:14,2019-05-29 17:09:18,3.958s,PASSED
navigateToUrl,Firefox 60.0,TC >> RU02-NUC05-T01.rctest,2019-05-29 17:09:18,2019-05-29 17:09:19,0.238s,PASSED
setText,Firefox 60.0,,2019-05-29 17:09:19,2019-05-29 17:09:19,0.104s,PASSED
setText,Firefox 60.0,,2019-05-29 17:09:19,2019-05-29 17:09:19,0.060s,PASSED
click,Firefox 60.0,,2019-05-29 17:09:19,2019-05-29 17:09:24,5.724s,PASSED
navigateToUrl,Firefox 60.0,,2019-05-29 17:09:24,2019-05-29 17:09:24,0.049s,PASSED
closeBrowser,Firefox 60.0,,2019-05-29 17:09:24,2019-05-29 17:09:25,0.382s,PASSED
,,,,,,
Test Cases/ver 0.2Q/ver 0.2Q-firefox/RU02-HAIRCUT/RU02-NUC06-T01,Firefox 60.0,RU02-NUC06-T01 - Haircut - HC. Statistics - view,2019-05-29 17:09:25,2019-05-29 17:09:35,10.638s,PASSED
"Comment - ""----------------------------------------------------""",Firefox 60.0,,2019-05-29 17:09:25,2019-05-29 17:09:25,0.001s,PASSED
"Comment - ""This test case script is generated by Katalon Studio""",Firefox 60.0,,2019-05-29 17:09:25,2019-05-29 17:09:25,0.000s,PASSED
"Comment - ""Generated date: 09-Oct-2018 09:59:22 AM""",Firefox 60.0,,2019-05-29 17:09:25,2019-05-29 17:09:25,0.000s,PASSED
"Comment - ""File path: H:\Desktop\PAMPCCPA_0.1\PAMPCCPA_0.1\CdT\RUN_2\RU02\RU02-NUC06-T01.rctest""",Firefox 60.0,,2019-05-29 17:09:25,2019-05-29 17:09:25,0.000s,PASSED
"Comment - ""Generated by: masspetracca@gmail.com""",Firefox 60.0,,2019-05-29 17:09:25,2019-05-29 17:09:25,0.001s,PASSED
openBrowser,Firefox 60.0,----------------------------------------------------,2019-05-29 17:09:25,2019-05-29 17:09:29,4.008s,PASSED
navigateToUrl,Firefox 60.0,TC >> RU02-NUC06-T01.rctest,2019-05-29 17:09:29,2019-05-29 17:09:29,0.245s,PASSED
setText,Firefox 60.0,,2019-05-29 17:09:29,2019-05-29 17:09:29,0.109s,PASSED
setText,Firefox 60.0,,2019-05-29 17:09:29,2019-05-29 17:09:30,0.057s,PASSED
click,Firefox 60.0,,2019-05-29 17:09:30,2019-05-29 17:09:35,5.578s,PASSED
navigateToUrl,Firefox 60.0,,2019-05-29 17:09:35,2019-05-29 17:09:35,0.067s,PASSED
closeBrowser,Firefox 60.0,,2019-05-29 17:09:35,2019-05-29 17:09:35,0.299s,PASSED
,,,,,,
Test Cases/ver 0.2Q/ver 0.2Q-firefox/RU02-HAIRCUT/RU02-NUC07-T01,Firefox 60.0,RU02-NUC07-T01 - Haircut - HC. Instrument Haircut - view,2019-05-29 17:09:35,2019-05-29 17:10:32,56.295s,PASSED
"Comment - ""----------------------------------------------------""",Firefox 60.0,,2019-05-29 17:09:36,2019-05-29 17:09:36,0.001s,PASSED
"Comment - ""This test case script is generated by Katalon Studio""",Firefox 60.0,,2019-05-29 17:09:36,2019-05-29 17:09:36,0.000s,PASSED
"Comment - ""Generated date: 09-Oct-2018 09:59:22 AM""",Firefox 60.0,,2019-05-29 17:09:36,2019-05-29 17:09:36,0.001s,PASSED
"Comment - ""File path: H:\Desktop\PAMPCCPA_0.1\PAMPCCPA_0.1\CdT\RUN_2\RU02\RU01-NUC07-T01.rctest""",Firefox 60.0,,2019-05-29 17:09:36,2019-05-29 17:09:36,0.000s,PASSED
"Comment - ""Generated by: masspetracca@gmail.com""",Firefox 60.0,,2019-05-29 17:09:36,2019-05-29 17:09:36,0.003s,PASSED
openBrowser,Firefox 60.0,----------------------------------------------------,2019-05-29 17:09:36,2019-05-29 17:09:40,4.007s,PASSED
navigateToUrl,Firefox 60.0,TC >> RU02-NUC07-T01.rctest,2019-05-29 17:09:40,2019-05-29 17:09:40,0.247s,PASSED
setText,Firefox 60.0,,2019-05-29 17:09:40,2019-05-29 17:09:40,0.120s,PASSED
setText,Firefox 60.0,,2019-05-29 17:09:40,2019-05-29 17:09:40,0.062s,PASSED
click,Firefox 60.0,,2019-05-29 17:09:40,2019-05-29 17:09:46,5.612s,PASSED
navigateToUrl,Firefox 60.0,,2019-05-29 17:09:46,2019-05-29 17:09:46,0.050s,PASSED
click,Firefox 60.0,,2019-05-29 17:09:46,2019-05-29 17:09:47,0.960s,PASSED
click,Firefox 60.0,,2019-05-29 17:09:47,2019-05-29 17:10:21,34.005s,PASSED
click,Firefox 60.0,,2019-05-29 17:10:21,2019-05-29 17:10:21,0.023s,PASSED
click,Firefox 60.0,,2019-05-29 17:10:21,2019-05-29 17:10:32,10.841s,PASSED
click,Firefox 60.0,,2019-05-29 17:10:32,2019-05-29 17:10:32,0.008s,PASSED
closeBrowser,Firefox 60.0,,2019-05-29 17:10:32,2019-05-29 17:10:32,0.106s,PASSED
,,,,,,
Test Cases/ver 0.2Q/ver 0.2Q-firefox/RU02-HAIRCUT/RU02-NUC08-T01,Firefox 60.0,RU02-NUC08-T01 - Haircut - HC. Class haircut - view,2019-05-29 17:10:32,2019-05-29 17:11:56,1m - 23.998s,PASSED
"Comment - ""----------------------------------------------------""",Firefox 60.0,,2019-05-29 17:10:32,2019-05-29 17:10:32,0.001s,PASSED
"Comment - ""This test case script is generated by Katalon Studio""",Firefox 60.0,,2019-05-29 17:10:32,2019-05-29 17:10:32,0.000s,PASSED
"Comment - ""Generated date: 09-Oct-2018 09:59:22 AM""",Firefox 60.0,,2019-05-29 17:10:32,2019-05-29 17:10:32,0.001s,PASSED
"Comment - ""File path: H:\Desktop\PAMPCCPA_0.1\PAMPCCPA_0.1\CdT\RUN_2\RU02\RU02-NUC08-T01.rctest""",Firefox 60.0,,2019-05-29 17:10:32,2019-05-29 17:10:32,0.000s,PASSED
"Comment - ""Generated by: masspetracca@gmail.com""",Firefox 60.0,,2019-05-29 17:10:32,2019-05-29 17:10:32,0.001s,PASSED
openBrowser,Firefox 60.0,----------------------------------------------------,2019-05-29 17:10:32,2019-05-29 17:10:37,4.320s,PASSED
navigateToUrl,Firefox 60.0,TC >> RU02-NUC08-T01.rctest,2019-05-29 17:10:37,2019-05-29 17:10:37,0.338s,PASSED
setText,Firefox 60.0,,2019-05-29 17:10:37,2019-05-29 17:10:37,0.100s,PASSED
setText,Firefox 60.0,,2019-05-29 17:10:37,2019-05-29 17:10:37,0.099s,PASSED
click,Firefox 60.0,,2019-05-29 17:10:37,2019-05-29 17:10:43,5.630s,PASSED
navigateToUrl,Firefox 60.0,,2019-05-29 17:10:43,2019-05-29 17:10:43,0.071s,PASSED
setText,Firefox 60.0,,2019-05-29 17:10:43,2019-05-29 17:11:14,31.150s,PASSED
click,Firefox 60.0,,2019-05-29 17:11:14,2019-05-29 17:11:14,0.213s,PASSED
click,Firefox 60.0,,2019-05-29 17:11:14,2019-05-29 17:11:54,40.160s,PASSED
click,Firefox 60.0,,2019-05-29 17:11:54,2019-05-29 17:11:54,0.000s,NOT_RUN
click,Firefox 60.0,,2019-05-29 17:11:54,2019-05-29 17:11:54,0.010s,PASSED
click,Firefox 60.0,,2019-05-29 17:11:54,2019-05-29 17:11:54,0.026s,PASSED
click,Firefox 60.0,,2019-05-29 17:11:54,2019-05-29 17:11:54,0.008s,PASSED
click,Firefox 60.0,,2019-05-29 17:11:54,2019-05-29 17:11:54,0.031s,PASSED
click,Firefox 60.0,,2019-05-29 17:11:54,2019-05-29 17:11:54,0.009s,PASSED
click,Firefox 60.0,,2019-05-29 17:11:54,2019-05-29 17:11:54,0.015s,PASSED
setText,Firefox 60.0,,2019-05-29 17:11:54,2019-05-29 17:11:55,0.265s,PASSED
click,Firefox 60.0,,2019-05-29 17:11:55,2019-05-29 17:11:55,0.008s,PASSED
click,Firefox 60.0,,2019-05-29 17:11:55,2019-05-29 17:11:55,0.010s,PASSED
click,Firefox 60.0,,2019-05-29 17:11:55,2019-05-29 17:11:55,0.034s,PASSED
click,Firefox 60.0,,2019-05-29 17:11:55,2019-05-29 17:11:55,0.009s,PASSED
click,Firefox 60.0,,2019-05-29 17:11:55,2019-05-29 17:11:55,0.008s,PASSED
setText,Firefox 60.0,,2019-05-29 17:11:55,2019-05-29 17:11:55,0.007s,PASSED
click,Firefox 60.0,,2019-05-29 17:11:55,2019-05-29 17:11:55,0.592s,PASSED
click,Firefox 60.0,,2019-05-29 17:11:55,2019-05-29 17:11:55,0.011s,PASSED
click,Firefox 60.0,,2019-05-29 17:11:55,2019-05-29 17:11:55,0.014s,PASSED
click,Firefox 60.0,,2019-05-29 17:11:55,2019-05-29 17:11:55,0.000s,PASSED
closeBrowser,Firefox 60.0,,2019-05-29 17:11:55,2019-05-29 17:11:56,0.330s,PASSED
,,,,,,
Test Cases/ver 0.2Q/ver 0.2Q-firefox/RU02-HAIRCUT/RU02-NUC09-T01,Firefox 60.0,RU02-NUC09-T01 - Haircut - HC. Last review  - view,2019-05-29 17:11:56,2019-05-29 17:14:06,2m - 9.801s,PASSED
"Comment - ""----------------------------------------------------""",Firefox 60.0,,2019-05-29 17:11:56,2019-05-29 17:11:56,0.000s,PASSED
"Comment - ""This test case script is generated by Katalon Studio""",Firefox 60.0,,2019-05-29 17:11:56,2019-05-29 17:11:56,0.000s,PASSED
"Comment - ""Generated date: 09-Oct-2018 09:59:22 AM""",Firefox 60.0,,2019-05-29 17:11:56,2019-05-29 17:11:56,0.000s,PASSED
"Comment - ""File path: H:\Desktop\PAMPCCPA_0.1\PAMPCCPA_0.1\CdT\RUN_2\RU02\RU02-NUC09-T01.rctest""",Firefox 60.0,,2019-05-29 17:11:56,2019-05-29 17:11:56,0.001s,PASSED
"Comment - ""Generated by: masspetracca@gmail.com""",Firefox 60.0,,2019-05-29 17:11:56,2019-05-29 17:11:56,0.001s,PASSED
openBrowser,Firefox 60.0,----------------------------------------------------,2019-05-29 17:11:56,2019-05-29 17:12:01,4.442s,PASSED
navigateToUrl,Firefox 60.0,TC >> RU02-NUC09-T01.rctest,2019-05-29 17:12:01,2019-05-29 17:12:01,0.310s,PASSED
setText,Firefox 60.0,,2019-05-29 17:12:01,2019-05-29 17:12:01,0.151s,PASSED
setText,Firefox 60.0,,2019-05-29 17:12:01,2019-05-29 17:12:01,0.082s,PASSED
click,Firefox 60.0,,2019-05-29 17:12:01,2019-05-29 17:12:06,5.288s,PASSED
navigateToUrl,Firefox 60.0,,2019-05-29 17:12:06,2019-05-29 17:12:06,0.052s,PASSED
click,Firefox 60.0,,2019-05-29 17:12:06,2019-05-29 17:12:11,4.498s,PASSED
click,Firefox 60.0,,2019-05-29 17:12:11,2019-05-29 17:12:45,34.539s,PASSED
click,Firefox 60.0,,2019-05-29 17:12:45,2019-05-29 17:13:19,33.154s,PASSED
click,Firefox 60.0,,2019-05-29 17:13:19,2019-05-29 17:13:19,0.054s,PASSED
click,Firefox 60.0,,2019-05-29 17:13:19,2019-05-29 17:13:31,11.883s,PASSED
click,Firefox 60.0,,2019-05-29 17:13:31,2019-05-29 17:13:33,2.307s,PASSED
click,Firefox 60.0,,2019-05-29 17:13:33,2019-05-29 17:14:05,32.330s,PASSED
closeBrowser,Firefox 60.0,,2019-05-29 17:14:05,2019-05-29 17:14:06,0.368s,PASSED
,,,,,,
Test Cases/ver 0.2Q/ver 0.2Q-firefox/RU02-HAIRCUT/RU02-NUC10-T01,Firefox 60.0,RU02-NUC10-T01 - Haircut - HC. Settings  - view,2019-05-29 17:14:06,2019-05-29 17:14:20,14.183s,PASSED
"Comment - ""----------------------------------------------------""",Firefox 60.0,,2019-05-29 17:14:06,2019-05-29 17:14:06,0.000s,PASSED
"Comment - ""This test case script is generated by Katalon Studio""",Firefox 60.0,,2019-05-29 17:14:06,2019-05-29 17:14:06,0.000s,PASSED
"Comment - ""Generated date: 09-Oct-2018 09:59:22 AM""",Firefox 60.0,,2019-05-29 17:14:06,2019-05-29 17:14:06,0.000s,PASSED
"Comment - ""File path: H:\Desktop\PAMPCCPA_0.1\PAMPCCPA_0.1\CdT\RUN_2\RU02\RU02-NUC10-T01.rctest""",Firefox 60.0,,2019-05-29 17:14:06,2019-05-29 17:14:06,0.000s,PASSED
"Comment - ""Generated by: masspetracca@gmail.com""",Firefox 60.0,,2019-05-29 17:14:06,2019-05-29 17:14:06,0.000s,PASSED
openBrowser,Firefox 60.0,----------------------------------------------------,2019-05-29 17:14:06,2019-05-29 17:14:10,4.121s,PASSED
navigateToUrl,Firefox 60.0,TC >> RU02-NUC10-T01.rctest,2019-05-29 17:14:10,2019-05-29 17:14:10,0.295s,PASSED
setText,Firefox 60.0,,2019-05-29 17:14:10,2019-05-29 17:14:10,0.124s,PASSED
setText,Firefox 60.0,,2019-05-29 17:14:10,2019-05-29 17:14:10,0.097s,PASSED
click,Firefox 60.0,,2019-05-29 17:14:10,2019-05-29 17:14:18,7.389s,PASSED
navigateToUrl,Firefox 60.0,,2019-05-29 17:14:18,2019-05-29 17:14:18,0.025s,PASSED
click,Firefox 60.0,,2019-05-29 17:14:18,2019-05-29 17:14:19,1.517s,PASSED
closeBrowser,Firefox 60.0,,2019-05-29 17:14:19,2019-05-29 17:14:20,0.337s,PASSED
