<DataSource tableName="accbalance"
				   ID="accbalance"
	dataSourceVersion="1"
		  serverType="sql">
	<fields>
		<field title="IBAN" name="IBAN" primaryKey="true" required="true" type="text" detail="false" width="30%" align="left" cellAlign="left" canFilter="true" canEdit="false" />
		<field title="ABI code"  name="ABI" required="true" primaryKey="true" type="integer" width="30%" canFilter="true" canEdit="false" align="left" cellAlign="left" detail="false" />
		<field title="Calc. date" name="CALC_DT" customSelectExpression="TIMESTAMP_FORMAT(cast(CALC_DT as varchar(8)),'YYYYMMDD')"  required="true" type="date"  width="100" canFilter="true" canEdit="false" align="left" cellAlign="left" detail="false" />
		<field title="Bal. date" name="BAL_DT" primaryKey="true" customSelectExpression="TIMESTAMP_FORMAT(cast(BAL_DT as varchar(8)),'YYYYMMDD')"  required="true" type="date"  width="100" canFilter="true" canEdit="false" align="left" cellAlign="left" detail="false" />
	
		<field title="Legal name" name="LEGAL_NAME" customSQL="true" tableName="RFLEGALENT" required="true" detail="false" type="text" width="100%" align="left" cellAlign="left" canFilter="true" canEdit="false" />
		<field title="Amount" name="CURRAMNT" required="false" type="float"  customSelectExpression="cast(CURRAMNT as FLOAT)"   customUpdateExpression="$values.CURRAMNT" format="###,000"  width="30%" canFilter="true" canEdit="false" align="right" cellAlign="right" detail="false" />
		<field title="Date create" name="CRT_DT"  required="true" type="datetime" width="100" canFilter="true" canEdit="false" align="left" cellAlign="left" detail="true" />
		<field title="Date update" name="UPD_DT"  required="true" type="datetime" width="100" canFilter="true" canEdit="false" align="left" cellAlign="left" detail="true" />
		<field title="User create" name="CRT_USR"  required="true" type="text" width="100" canFilter="true" canEdit="false" align="left" cellAlign="left" detail="true" />
		<field title="User update" name="UPD_USR"  type="text" required="true" width="100" canFilter="true" canEdit="false" align="left" cellAlign="left" detail="true"/>
	</fields>
	<serverObject lookupStyle="new" className="it.ccg.liqweb.server.dmi.StandardDMI"/>
	 <operationBindings>  

		<operationBinding operationType="fetch"
	 	customValueFields="LEGAL_NAME" customCriteriaFields="LEGAL_NAME">  
	       <customSQL>
				<![CDATA[select 
						r.LEGAL_NAME,
						a.IBAN,
						a.ABI,
						TIMESTAMP_FORMAT(cast(a.BAL_DT as varchar(8)),'YYYYMMDD') as BAL_DT,
						TIMESTAMP_FORMAT(cast(a.CALC_DT as varchar(8)),'YYYYMMDD') as CALC_DT,
						CAST(a.CURRAMNT as FLOAT) as CURRAMNT,
						a.CRT_DT,
						a.UPD_DT,
						a.CRT_USR,
						a.UPD_USR
						from ACCBALANCE a
						left join RFLEGALENT r
						on a.ABI=r.ABI
						where  ($defaultWhereClause)
		  				]]>
	 	</customSQL>
	        </operationBinding>
	       

	</operationBindings> 
	
</DataSource>