<DataSource tableName="bnkgrpexp"
				   ID="bnkgrpexp"
	dataSourceVersion="1"
		  serverType="sql">
	<fields>
		<field title="Calc. date" name="CALC_DT" primaryKey="true" required="true" type="integer"  width="120" canFilter="true" canEdit="false" align="left" cellAlign="left" detail="false" />
		<field title="Ref. date" name="REF_DT" primaryKey="true" required="true" type="integer"  width="120" canFilter="true" canEdit="false" align="right" cellAlign="right" detail="true" />
		<field title="Settl. date" name="SETTLE_DT" primaryKey="true" required="true" type="integer"  width="120" canFilter="true" canEdit="false" align="right" cellAlign="right" detail="true" />
		<field title="Bank group ID" name="BNK_GRP_ID"  primaryKey="true" required="true" detail="false" type="integer" width="80" align="left" cellAlign="left" canFilter="true" canEdit="false" />
		<field title="Is valid group" name="VALID_GRP"  required="true" detail="false" type="text" lenght="1" width="80" align="left" cellAlign="left" canFilter="true" canEdit="false">
			<valuemap>
				<value ID="T">True</value>  
				<value ID="F">False</value> 	
			</valuemap>
		</field>
		<field title="Equity Exp." name="MTA_EXP"  required="true" customSelectExpression="CAST(MTA_EXP as FLOAT)"  customUpdateExpression="$values.MTA_EXP"  format="###,##0.0###" type="float" width="80" align="left" cellAlign="left" canFilter="true" canEdit="false"  detail="false" />
		<field title="EA Exp." name="DER_EXP"  required="true" customSelectExpression="CAST(DER_EXP as FLOAT)"  customUpdateExpression="$values.DER_EXP"  format="###,##0.0###" type="float" width="80" align="left" cellAlign="left" canFilter="true" canEdit="false"  detail="false" />
		<field title="Bond Exp." name="MTS_EXP"  required="true" customSelectExpression="CAST(MTS_EXP as FLOAT)"  customUpdateExpression="$values.MTS_EXP"  format="###,##0.0###" type="float" width="80" align="left" cellAlign="left" canFilter="true" canEdit="false"  detail="false" />
		<field title="Mic Exp." name="MIC_EXP"  required="true" customSelectExpression="CAST(MIC_EXP as FLOAT)"  customUpdateExpression="$values.MIC_EXP"  format="###,##0.0###" type="float" width="80" align="left" cellAlign="left" canFilter="true" canEdit="false"  detail="false" />
		<field title="Total Exp." name="TOTAL_EXP"  required="true" customSelectExpression="CAST(TOTAL_EXP as FLOAT)"  customUpdateExpression="$values.TOTAL_EXP"  format="###,##0.0###" type="float" width="80" align="left" cellAlign="left" canFilter="true" canEdit="false"  detail="true" />
		<field title="Rank Exp." name="EXP_RANK" required="true" type="integer"  width="120" canFilter="true" canEdit="false" align="right" cellAlign="right" detail="false" />
		
		<field title="Bank group name" name="BNK_GRP_NM" customSQL="true" tableName="RFBNKGROUP" required="true" detail="false" type="text" width="100%" align="left" cellAlign="left" canFilter="true" canEdit="false" />
		<field title="Bond STExp." name="MTA_STEXP"  required="true" customSelectExpression="CAST(MTA_EXP as FLOAT)"  customUpdateExpression="$values.MTA_EXP"  format="###,##0.0###" type="float" width="80" align="left" cellAlign="left" canFilter="true" canEdit="false"  detail="false" />
		<field title="EA STExp." name="DER_STEXP"  required="true" customSelectExpression="CAST(DER_EXP as FLOAT)"  customUpdateExpression="$values.DER_EXP"  format="###,##0.0###" type="float" width="80" align="left" cellAlign="left" canFilter="true" canEdit="false"  detail="false" />
		<field title="Equity STExp." name="MTS_STEXP"  required="true" customSelectExpression="CAST(MTS_EXP as FLOAT)"  customUpdateExpression="$values.MTS_EXP"  format="###,##0.0###" type="float" width="80" align="left" cellAlign="left" canFilter="true" canEdit="false"  detail="false" />
		<field title="Mic STExp." name="MIC_STEXP"  required="true" customSelectExpression="CAST(MIC_EXP as FLOAT)"  customUpdateExpression="$values.MIC_EXP"  format="###,##0.0###" type="float" width="80" align="left" cellAlign="left" canFilter="true" canEdit="false"  detail="false" />
		<field title="Total STExp." name="TOTAL_STEXP"  required="true" customSelectExpression="CAST(TOTAL_EXP as FLOAT)"  customUpdateExpression="$values.TOTAL_EXP"  format="###,##0.0###" type="float" width="80" align="left" cellAlign="left" canFilter="true" canEdit="false"  detail="false" />
		
		<field title="Fail Exp." name="FAIL_EXP"  required="true" customSelectExpression="CAST(FAIL_EXPas FLOAT)"  customUpdateExpression="$values.FAIL_EXP"  format="###,##0.0###" type="float" width="80" align="left" cellAlign="left" canFilter="true" canEdit="false"  detail="false" />
		<field title="Cash Call" name="CASHCALL"  required="true" customSelectExpression="CAST(CASHCALL as FLOAT)"  customUpdateExpression="$values.CASHCALL"  format="###,##0.0###" type="float" width="80" align="left" cellAlign="left" canFilter="true" canEdit="false"  detail="false" />
		<field title="Deposit" name="DEPOSIT"  required="true" customSelectExpression="CAST(DEPOSIT as FLOAT)"  customUpdateExpression="$values.DEPOSIT"  format="###,##0.0###" type="float" width="80" align="left" cellAlign="left" canFilter="true" canEdit="false"  detail="false" />
		<field title="Total" name="TOTAL"  required="true" customSelectExpression="CAST(TOTAL as FLOAT)"  customUpdateExpression="$values.TOTAL"  format="###,##0.0###" type="float" width="80" align="left" cellAlign="left" canFilter="true" canEdit="false"  detail="false" />
		
		<field title="Date create" name="CRT_DT"  required="true" type="datetime" width="100" canFilter="true" canEdit="false" align="left" cellAlign="left" detail="true" />
		<field title="Date update" name="UPD_DT"  required="true" type="datetime" width="100" canFilter="true" canEdit="false" align="left" cellAlign="left" detail="true" />
		<field title="User create" name="CRT_USR"  required="true" type="text" width="100" canFilter="true" canEdit="false" align="left" cellAlign="left" detail="true" />
		<field title="User update" name="UPD_USR"  type="text" required="true" width="100" canFilter="true" canEdit="false" align="left" cellAlign="left" detail="true"/>
   	</fields>
   	<serverObject lookupStyle="new" className="it.ccg.liqweb.server.dmi.StandardDMI"/>
   	<operationBindings>
   		<operationBinding operationType="fetch" operationId="fetchMatrix" 
			customValueFields="BNK_GRP_NM" customCriteriaFields="BNK_GRP_NM">  
	       	<selectClause>
					distinct(RFBNKGROUP.BNK_GRP_NM),
					bnkgrpexp.CALC_DT,
					bnkgrpexp.REF_DT,
					bnkgrpexp.SETTLE_DT,
					bnkgrpexp.BNK_GRP_ID,
					bnkgrpexp.VALID_GRP,
					CAST(bnkgrpexp.MTA_EXP as FLOAT) as MTA_EXP,
					CAST(bnkgrpexp.DER_EXP as FLOAT) as DER_EXP,
					CAST(bnkgrpexp.MTS_EXP as FLOAT) as MTS_EXP,
					CAST(bnkgrpexp.MIC_EXP as FLOAT) as MIC_EXP,
					CAST(bnkgrpexp.TOTAL_EXP as FLOAT) as TOTAL_EXP,
					bnkgrpexp.EXP_RANK,
					bnkgrpexp.CRT_DT,
					bnkgrpexp.UPD_DT,
					bnkgrpexp.CRT_USR,
					bnkgrpexp.UPD_USR,
					CAST(bnkgrpexp.MTA_STEXP as FLOAT) as MTA_STEXP,
					CAST(bnkgrpexp.DER_STEXP as FLOAT) as DER_STEXP,
					CAST(bnkgrpexp.MTS_STEXP as FLOAT) as MTS_STEXP,
					CAST(bnkgrpexp.MIC_STEXP as FLOAT) as MIC_STEXP,
					CAST(bnkgrpexp.TOT_STEXP as FLOAT) as TOT_STEXP,
					CAST(bnkgrpexp.FAIL_EXP as FLOAT) as FAIL_EXP,
					CAST(bnkgrpexp.CASHCALL as FLOAT) as CASHCALL,
					CAST(bnkgrpexp.DEPOSIT as FLOAT) as DEPOSIT,
					CAST(bnkgrpexp.TOTAL as FLOAT) as TOTAL
	       	 </selectClause> 
		<tableClause>bnkgrpexp,RFBNKGROUP </tableClause>  
        <whereClause><![CDATA[ bnkgrpexp.BNK_GRP_ID=RFBNKGROUP.BNK_GRP_ID
        				AND bnkgrpexp.CALC_DT=RFBNKGROUP.CALC_DT
        				AND bnkgrpexp.EXP_RANK in (1,2)
						AND bnkgrpexp.VALID_GRP='T'
         				AND ($defaultWhereClause)]]>
         </whereClause>
         <orderClause>EXP_RANK ASC</orderClause>
	 	</operationBinding>
	 	
	 	
	 	
	 	</operationBindings>
</DataSource>