<DataSource tableName="bnkgrpexp"
				   ID="bnkgrpexpstress"
	dataSourceVersion="1"
		  serverType="sql">
	<fields>
		<field title="Calc. date" name="CALC_DT" primaryKey="true" customSelectExpression="TIMESTAMP_FORMAT(cast(bnkgrpexp.CALC_DT as varchar(8)),'YYYYMMDD')" customUpdateExpression="$values.CALC_DT"  required="true" type="date"  width="100" canFilter="true" canEdit="false" align="left" cellAlign="left" detail="false" />
		<field title="Ref. date" name="REF_DT" primaryKey="true" customSelectExpression="TIMESTAMP_FORMAT(cast(bnkgrpexp.REF_DT as varchar(8)),'YYYYMMDD')" customUpdateExpression="$values.REF_DT" required="true" type="date"  width="100" canFilter="true" canEdit="false" align="left" cellAlign="left" detail="true" />
		<field title="Settle date" name="SETTLE_DT" primaryKey="true" required="true" customSelectExpression="TIMESTAMP_FORMAT(cast(bnkgrpexp.SETTLE_DT as varchar(8)),'YYYYMMDD')"  customUpdateExpression="$values.SETTLE_DT" type="date"  width="100" canFilter="true" canEdit="false" align="left" cellAlign="left" detail="false" />
		<field title="Bank group ID" name="BNK_GRP_ID" primaryKey="true" required="true" detail="false" type="integer" width="80" align="left" cellAlign="left" canFilter="true" canEdit="false" />
		<field title="Is valid group" name="VALID_GRP"  required="true" type="text" lenght="1" width="80" align="left" cellAlign="left" canFilter="true" canEdit="true" detail="true" >
			<valuemap>
				<value ID="T">True</value>  
				<value ID="F">False</value> 	
			</valuemap>
		</field>
		<field title="Bank group name" name="BNK_GRP_NM" customSQL="true" tableName="RFBNKGROUP" required="true" detail="false" type="text" width="100%" align="left" cellAlign="left" canFilter="true" canEdit="false" />
		
		<field title="Equity Exp." name="MTA_EXP"  required="true" customSelectExpression="CAST(MTA_EXP as FLOAT)"  customUpdateExpression="$values.MTA_EXP"  format="###,##0" type="float" width="80" align="left" cellAlign="left" canFilter="true" canEdit="false"  detail="true" />
		<field title="EA Exp." name="DER_EXP"  required="true" customSelectExpression="CAST(DER_EXP as FLOAT)"  customUpdateExpression="$values.DER_EXP"  format="###,##0" type="float" width="80" align="left" cellAlign="left" canFilter="true" canEdit="false"  detail="true" />
		<field title="Bond Exp." name="MTS_EXP"  required="true" customSelectExpression="CAST(MTS_EXP as FLOAT)"  customUpdateExpression="$values.MTS_EXP"  format="###,##0" type="float" width="80" align="left" cellAlign="left" canFilter="true" canEdit="false"  detail="true" />
		<field title="Mic Exp." name="MIC_EXP"  required="true" customSelectExpression="CAST(MIC_EXP as FLOAT)"  customUpdateExpression="$values.MIC_EXP"  format="###,##0" type="float" width="80" align="left" cellAlign="left" canFilter="true" canEdit="false"  detail="true" />
		<field title="Total Exp." name="TOTAL_EXP"  required="true" customSelectExpression="CAST(TOTAL_EXP as FLOAT)"  customUpdateExpression="$values.TOTAL_EXP"  format="###,##0" type="float" width="110" align="left" cellAlign="left" canFilter="true" canEdit="false"  detail="false" />
		<field title="Rank " name="EXP_RANK" required="true" type="integer"  width="60" canFilter="true" canEdit="false" align="left" cellAlign="left" detail="false" />
		
		<field title="Fail Exp." name="FAIL_EXP"  required="true" customSelectExpression="CAST(FAIL_EXP as FLOAT)"  customUpdateExpression="$values.FAIL_EXP"  format="###,##0" type="float" width="80" align="left" cellAlign="left" canFilter="true" canEdit="false"  detail="true" />
		<field title="Cash Call" name="CASHCALL"  required="true" customSelectExpression="CAST(CASHCALL as FLOAT)"  customUpdateExpression="$values.CASHCALL"  format="###,##0" type="float" width="80" align="left" cellAlign="left" canFilter="true" canEdit="false"  detail="false" />
		<field title="Deposit" name="DEPOSIT"  required="true" customSelectExpression="CAST(DEPOSIT as FLOAT)"  customUpdateExpression="$values.DEPOSIT"  format="###,##0" type="float" width="80" align="left" cellAlign="left" canFilter="true" canEdit="false"  detail="false" />
		<field title="Total" name="TOTAL"  required="true" customSelectExpression="CAST(TOTAL as FLOAT)"  customUpdateExpression="$values.TOTAL"  format="###,##0" type="float" width="80" align="left" cellAlign="left" canFilter="true" canEdit="false"  detail="false" />
		
		<field title="Date create" name="CRT_DT"  required="true" type="datetime" width="100" canFilter="true" canEdit="false" align="left" cellAlign="left" detail="true" />
		<field title="Date update" name="UPD_DT"  required="true" type="datetime" width="100" canFilter="true" canEdit="false" align="left" cellAlign="left" detail="true" />
		<field title="User create" name="CRT_USR"  required="true" type="text" width="100" canFilter="true" canEdit="false" align="left" cellAlign="left" detail="true" />
		<field title="User update" name="UPD_USR"  type="text" required="true" width="100" canFilter="true" canEdit="false" align="left" cellAlign="left" detail="true"/>
   	</fields>
   	<serverObject lookupStyle="new" className="it.ccg.liqweb.server.dmi.StandardDMI"/>
   	<operationBindings>
   	<operationBinding operationType="fetch"
	 	customValueFields="BNK_GRP_NM" customCriteriaFields="BNK_GRP_NM">  
	       <customSQL>
				<![CDATA[select 
					distinct(IFNULL(RFBNKGROUP.BNK_GRP_NM,'N/A')) as BNK_GRP_NM,
					TIMESTAMP_FORMAT(cast(BNKGRPEXP.CALC_DT as varchar(8)),'YYYYMMDD') as CALC_DT,
					TIMESTAMP_FORMAT(cast(BNKGRPEXP.SETTLE_DT as varchar(8)),'YYYYMMDD') as SETTLE_DT,
					TIMESTAMP_FORMAT(cast(BNKGRPEXP.REF_DT as varchar(8)),'YYYYMMDD') as REF_DT,
					BNKGRPEXP.BNK_GRP_ID,
					BNKGRPEXP.VALID_GRP,
					ROUND(CAST(BNKGRPEXP.MTA_EXP as FLOAT),2) as MTA_EXP,
					ROUND(CAST(BNKGRPEXP.DER_EXP as FLOAT),2) as DER_EXP,
					ROUND(CAST(BNKGRPEXP.MTS_EXP as FLOAT),2) as MTS_EXP,
					ROUND(CAST(BNKGRPEXP.MIC_EXP as FLOAT),2) as MIC_EXP,
					ROUND(CAST(BNKGRPEXP.TOTAL_EXP as FLOAT),2) as TOTAL_EXP,
					BNKGRPEXP.EXP_RANK,
					BNKGRPEXP.CRT_DT,
					BNKGRPEXP.UPD_DT,
					BNKGRPEXP.CRT_USR,
					BNKGRPEXP.UPD_USR,
					ROUND(CAST(BNKGRPEXP.FAIL_EXP as FLOAT),2) as FAIL_EXP,
					ROUND(CAST(BNKGRPEXP.CASHCALL as FLOAT),2) as CASHCALL,
					ROUND(CAST(BNKGRPEXP.DEPOSIT as FLOAT),2) as DEPOSIT,
					ROUND(CAST(BNKGRPEXP.TOTAL as FLOAT),2) as TOTAL
	  				FROM BNKGRPEXP 
	  				LEFT JOIN RFBNKGROUP
	  				ON BNKGRPEXP.BNK_GRP_ID=RFBNKGROUP.BNK_GRP_ID AND 
					BNKGRPEXP.CALC_DT=RFBNKGROUP.CALC_DT
	  				where  ($defaultWhereClause)
	  				order by BNKGRPEXP.EXP_RANK , BNKGRPEXP.BNK_GRP_ID
	  					]]>
	 	</customSQL>
	        </operationBinding>
	       
	       
	  
	        <operationBinding operationType="fetch" operationId="distinctRank">  
	       		<customSQL>
				<![CDATA[select 
					distinct(BNKGRPEXP.EXP_RANK)
	  				FROM BNKGRPEXP 
	  				where  BNKGRPEXP.CALC_DT = (select max(BNKGRPEXP.CALC_DT) from BNKGRPEXP)
                    order by EXP_RANK 
	  					]]>
	 	</customSQL>
	        </operationBinding>
	</operationBindings>
   	
				
</DataSource>