<DataSource tableName="bnkgrpclo"
				   ID="bnkgrpclo"
	dataSourceVersion="1"
		  serverType="sql">
	<fields>
		<field title="Calc. date" name="CALC_DT" primaryKey="true" customSelectExpression="TIMESTAMP_FORMAT(cast(bnkgrpclo.CALC_DT as varchar(8)),'YYYYMMDD')" customUpdateExpression="$values.CALC_DT"  required="true" type="date"  width="120" canFilter="true" canEdit="false" align="left" cellAlign="left" detail="false" />
		<field title="Closure date" name="CLO_DT" primaryKey="true" customSelectExpression="TIMESTAMP_FORMAT(cast(bnkgrpclo.CLO_DT as varchar(8)),'YYYYMMDD')" customUpdateExpression="$values.CLO_DT"  required="true" type="date"  width="120" canFilter="true" canEdit="false" align="right" cellAlign="right" detail="false" />
		<field title="Bank group ID" name="BNK_GRP_ID" primaryKey="true"  required="true" detail="false" type="integer" width="100" align="left" cellAlign="left" canFilter="true" canEdit="false" />
		<field title="Position type" name="POS_TYPE" primaryKey="true" required="true" type="text" lenght="1"  width="100" canFilter="true" canEdit="false" align="left" cellAlign="left" detail="false" >
			<valuemap>
				<value ID="B">Bond</value>  
				<value ID="E">Equity</value>
				<value ID="D">EA</value> 
				<value ID="M">Mic</value>
				<value ID="X">XCOM</value>  	
			</valuemap>
		</field>
		<field title="Is default" name="IS_DEFAULT"  required="true" type="text" lenght="1" width="80" align="left" cellAlign="left" canFilter="true" canEdit="false" detail="true" >
			<valuemap>
				<value ID="T">True</value>  
				<value ID="F">False</value> 	
			</valuemap>
		</field>
		<field title="Closure Amount" name="CLO_AMT"  required="true" customSelectExpression="CAST(CLO_AMT as FLOAT)"  customUpdateExpression="$values.CLO_AMT"  format="###,##0" type="float" width="100" align="left" cellAlign="left" canFilter="true" canEdit="false"  detail="false" />
		<field title="Bank group name" customSQL="true" tableName="RFBNKGROUP" name="BNK_GRP_NM"  required="true" type="text" width="100%" canFilter="true" canEdit="false" align="left" cellAlign="left"   detail="false" />
		
		<field title="Date create" name="CRT_DT"  required="true" type="datetime" width="100" canFilter="true" canEdit="false" align="left" cellAlign="left" detail="true" />
		<field title="Date update" name="UPD_DT"  required="true" type="datetime" width="100" canFilter="true" canEdit="false" align="left" cellAlign="left" detail="true" />
		<field title="User create" name="CRT_USR"  required="true" type="text" width="100" canFilter="true" canEdit="false" align="left" cellAlign="left" detail="true" />
		<field title="User update" name="UPD_USR"  type="text" required="true" width="100" canFilter="true" canEdit="false" align="left" cellAlign="left" detail="true"/>
   	</fields>
   	<serverObject lookupStyle="new" className="it.ccg.liqweb.server.dmi.StandardDMI"/>
   	<operationBindings>
		<operationBinding operationType="fetch"
		customValueFields="BNK_GRP_NM" customCriteriaFields="BNK_GRP_NM">  
	     <customSQL>
			<![CDATA[  select 
					distinct(IFNULL(RFBNKGROUP.BNK_GRP_NM,'N/A')) as BNK_GRP_NM,
					TIMESTAMP_FORMAT(cast(bnkgrpclo.CALC_DT as varchar(8)),'YYYYMMDD') as CALC_DT,
					TIMESTAMP_FORMAT(cast(bnkgrpclo.CLO_DT as varchar(8)),'YYYYMMDD') as CLO_DT,
					bnkgrpclo.BNK_GRP_ID,
					bnkgrpclo.POS_TYPE,
					ROUND(CAST(bnkgrpclo.CLO_AMT as FLOAT),2) as CLO_AMT,
					bnkgrpclo.CRT_DT,
					bnkgrpclo.UPD_DT,
					bnkgrpclo.CRT_USR,
					bnkgrpclo.UPD_USR,
					bnkgrpclo.IS_DEFAULT,
					GREXP.EXP_RANK
					FROM bnkgrpclo 
					INNER JOIN BNKGRPEXP GREXP 
					ON  bnkgrpclo.BNK_GRP_ID = GREXP.BNK_GRP_ID AND 
					bnkgrpclo.CALC_DT = GREXP.CALC_DT 
					AND GREXP.SETTLE_DT = bnkgrpclo.CALC_DT					
	  				LEFT JOIN RFBNKGROUP
	  				ON bnkgrpclo.BNK_GRP_ID=RFBNKGROUP.BNK_GRP_ID AND 
					bnkgrpclo.CALC_DT=RFBNKGROUP.CALC_DT
	  				where  ($defaultWhereClause)
	  				order by  bnkgrpclo.IS_DEFAULT DESC, GREXP.EXP_RANK, bnkgrpclo.BNK_GRP_ID, bnkgrpclo.POS_TYPE
	  					]]>
	  		</customSQL>
	   </operationBinding>   	
   	</operationBindings>
   	
</DataSource>