<DataSource 	  
	tableName="custabilnk"
	ID="custabilnk"
	dataSourceVersion="1"
	serverType="sql"
>
	<fields>
		<field title="ABI" name="ABICODE" primaryKey="true" type="integer"  required="true" canEdit="true"  width="30%" align="left" cellAlign="left" detail="false"/>
		<field title="Clearing Memb.ID" name="CLMBRID" type="integer"   canEdit="true"  width="100%" align="left" cellAlign="left" detail="false"/>
		<field title="Is Linked" name="IS_LINKED" length="1" type="text" width="150" required="true" canEdit="true" align="left" cellAlign="left" detail="false">
		<valueMap>  
				<value ID="T">True</value>  
				<value ID="F">False</value>  
		</valueMap> 
		</field>
		<field title="Is Active" name="IS_ACTIVE" length="1" type="text" width="150" required="true" canEdit="true" align="left" cellAlign="left" detail="false">
		<valueMap>  
				<value ID="T">True</value>  
				<value ID="F">False</value>  
		</valueMap> 
		</field>
				
		<field title="Date create" name="CRT_DT"   type="datetime" width="150" canFilter="true" canEdit="false" align="left" cellAlign="left" detail="true" />
		<field title="Date update" name="UPD_DT"   type="datetime" width="150" canFilter="true" canEdit="false" align="left" cellAlign="left" detail="true" />
		<field title="User create" name="CRT_USR"   type="text" width="150" canFilter="true" canEdit="false" align="left" cellAlign="left" detail="true" />
		<field title="User update" name="UPD_USR"  type="text"  width="150" canFilter="true" canEdit="false" align="left" cellAlign="left" detail="true"/>
	</fields>
	<serverObject lookupStyle="new" className="it.ccg.liqweb.server.dmi.StandardDMI"/>
</DataSource>