<DataSource tableName="datearea"
				   ID="date_area"
	dataSourceVersion="1"
		  serverType="sql">
		<fields>
		<field title="Ref." name="REF_DT" required="true" type="integer" detail="false" width="100" align="left" cellAlign="left" canFilter="true" canEdit="false" />
		<field title="Index" name="INDEX_DT" primaryKey="true" required="true" detail="false" type="integer" width="50%" align="left" cellAlign="left" canFilter="true" canEdit="false" />
		<field title="Date create" name="CRT_DT"  required="true" type="datetime" width="100" canFilter="true" canEdit="false" align="left" cellAlign="left" detail="true" />
		<field title="Date update" name="UPD_DT"  required="true" type="datetime" width="100" canFilter="true" canEdit="false" align="left" cellAlign="left" detail="true" />
		<field title="User create" name="CRT_USR"  required="true" type="text" width="100" canFilter="true" canEdit="false" align="left" cellAlign="left" detail="true" />
		<field title="User update" name="UPD_USR"  type="text" required="true" width="100" canFilter="true" canEdit="false" align="left" cellAlign="left" detail="true"/>
	</fields>
	<serverObject lookupStyle="new" className="it.ccg.liqweb.server.dmi.StandardDMI"/>
	<operationBindings>
	
		<operationBinding operationType="fetch"  operationId ="dataAreaCurrDate">  
	       <customSQL>
			<![CDATA[  select datearea.REF_DT
			      		
    					FROM datearea 
    					where datearea.INDEX_DT in (0,-1)
	  					AND ($defaultWhereClause)
    					
    					]]>
		  </customSQL>
   		</operationBinding>
   		
   		<operationBinding operationType="fetch"  operationId ="prevMktDate">  
	       <customSQL>
			<![CDATA[  select datearea.REF_DT
			      		
    					FROM datearea 
    					where datearea.INDEX_DT in (-1)
	  					AND ($defaultWhereClause)
    					
    					]]>
		  </customSQL>
   		</operationBinding>
   		
   		<operationBinding operationType="fetch"  operationId ="dataAreaCustomDate">  
	       <customSQL>
			<![CDATA[  select datearea.REF_DT
						FROM datearea 
    					where ($defaultWhereClause)
    					order by datearea.REF_DT desc
    					fetch first 2 rows only
    					]]>
		  </customSQL>
   		</operationBinding>
	
		
	</operationBindings>
</DataSource>