<DataSource tableName="grpfutopt"
				   ID="grpfutopt"
	dataSourceVersion="1"
		  serverType="sql">
	<fields>
		<field title="Calc. date" name="CALC_DT" primaryKey="true" customSelectExpression="TIMESTAMP_FORMAT(cast(grpfutopt.CALC_DT as varchar(8)),'YYYYMMDD')" customUpdateExpression="$values.CALC_DT"  required="true" type="date"  width="120" canFilter="true" canEdit="false" align="left" cellAlign="left" detail="false" />
		<field title="Settl. date" name="SETTLE_DT" primaryKey="true" customSelectExpression="TIMESTAMP_FORMAT(cast(grpfutopt.SETTLE_DT as varchar(8)),'YYYYMMDD')" customUpdateExpression="$values.SETTLE_DT"  required="true" type="date"  width="120" canFilter="true" canEdit="false" align="left" cellAlign="left" detail="false" />
		<field title="Ref. date" name="REF_DT" primaryKey="true" customSelectExpression="TIMESTAMP_FORMAT(cast(grpfutopt.REF_DT as varchar(8)),'YYYYMMDD')" customUpdateExpression="$values.REF_DT"  required="true" type="date"  width="120" canFilter="true" canEdit="false" align="left" cellAlign="left" detail="true" />
		<field title="Bank group ID" name="BNK_GRP_ID" primaryKey="true"  required="true" type="integer" width="80" align="left" cellAlign="left" canFilter="true" canEdit="false" detail="false" />
		<field title="Is valid group" name="VALID_GRP"  required="true" type="text" lenght="1" width="80" align="left" cellAlign="left" canFilter="true" canEdit="false" detail="false" >
			<valuemap>
				<value ID="T">True</value>  
				<value ID="F">False</value> 	
			</valuemap>
		</field>
		<field title="Options Exp." name="OPT_EXP"  required="true" customSelectExpression="CAST(OPT_EXP as FLOAT)"  customUpdateExpression="$values.OPT_EXP"  format="###,##0" type="float" width="100" align="left" cellAlign="left" canFilter="true" canEdit="false"  detail="false" />
		<field title="Futures Exp." name="FUT_EXP"  required="true" customSelectExpression="CAST(FUT_EXP as FLOAT)"  customUpdateExpression="$values.FUT_EXP"  format="###,##0" type="float" width="100" align="left" cellAlign="left" canFilter="true" canEdit="false"  detail="false" />
		<field title="Bank group name" name="BNK_GRP_NM" tableName="RFBNKGROUP" customSQL="true" required="true" type="text" width="100%" align="left" cellAlign="left" canFilter="true" canEdit="false" detail="false" />
		<field title="Is default" name="IS_DEFAULT"  required="true" type="text" lenght="1" width="80" align="left" cellAlign="left" canFilter="true" canEdit="false" detail="true" >
			<valuemap>
				<value ID="T">True</value>  
				<value ID="F">False</value> 	
			</valuemap>
		</field>
		<field title="Date create" name="CRT_DT"  required="true" type="datetime" width="100" canFilter="true" canEdit="false" align="left" cellAlign="left" detail="true" />
		<field title="Date update" name="UPD_DT"  required="true" type="datetime" width="100" canFilter="true" canEdit="false" align="left" cellAlign="left" detail="true" />
		<field title="User create" name="CRT_USR"  required="true" type="text" width="100" canFilter="true" canEdit="false" align="left" cellAlign="left" detail="true" />
		<field title="User update" name="UPD_USR"  type="text" required="true" width="100" canFilter="true" canEdit="false" align="left" cellAlign="left" detail="true"/>
   	</fields>
   	
   	<serverObject lookupStyle="new" className="it.ccg.liqweb.server.dmi.StandardDMI"/>
   	<operationBindings>
		<operationBinding operationType="fetch"
		customValueFields="BNK_GRP_NM" customCriteriaFields="BNK_GRP_NM">  
	     <customSQL>
			<![CDATA[  select 
					distinct(IFNULL(RFBNKGROUP.BNK_GRP_NM,'N/A')) as BNK_GRP_NM,
					TIMESTAMP_FORMAT(cast(grpfutopt.CALC_DT as varchar(8)),'YYYYMMDD') as CALC_DT,
					TIMESTAMP_FORMAT(cast(grpfutopt.SETTLE_DT as varchar(8)),'YYYYMMDD') as SETTLE_DT,
					TIMESTAMP_FORMAT(cast(grpfutopt.REF_DT as varchar(8)),'YYYYMMDD') as REF_DT,
					grpfutopt.BNK_GRP_ID,
					grpfutopt.VALID_GRP,
					grpfutopt.IS_DEFAULT,
					ROUND(CAST(grpfutopt.OPT_EXP as FLOAT),2) as OPT_EXP,
					ROUND(CAST(grpfutopt.FUT_EXP as FLOAT),2) as FUT_EXP,
					grpfutopt.CRT_DT,
					grpfutopt.UPD_DT,
					grpfutopt.CRT_USR,
					grpfutopt.UPD_USR
					FROM grpfutopt 
	  				LEFT JOIN RFBNKGROUP
	  				ON grpfutopt.BNK_GRP_ID=RFBNKGROUP.BNK_GRP_ID AND 
					grpfutopt.CALC_DT=RFBNKGROUP.CALC_DT
	  				where  ($defaultWhereClause)
	  					]]>
	  		</customSQL>
	   </operationBinding>   	
   	</operationBindings>
   	
  </DataSource>