<DataSource tableName="legentrole"
				   ID="legal_entity_role"
	dataSourceVersion="1"
		  serverType="sql">
	<fields>
		<field title="LEI Code" name="LEI" required="true" primaryKey="true" type="text" width="170" canFilter="true"  canEdit="false" align="left" cellAlign="left" detail="false" />
		<field title="Role" name="ROLE" required="true"  primaryKey="true" detail="true" type="text" width="120" align="left" cellAlign="left" canFilter="true" canEdit="false" />
		<field title="Ref. system ID" name="REF_SYS_ID" required="false" type="text"  width="12%" canFilter="true" canEdit="false" align="left" cellAlign="left" detail="true" />
		<field title="Ref. system" name="REF_SYSTEM" required="false" length="20" type="text" width="100%" canFilter="true" canEdit="false" detail="true" />
		<field title="Date create" name="CRT_DT"  required="true" type="datetime" width="100" canFilter="true" canEdit="false" align="left" cellAlign="left" detail="true" />
		<field title="Date update" name="UPD_DT"  required="true" type="datetime" width="100" canFilter="true" canEdit="false" align="left" cellAlign="left" detail="true" />
		<field title="User create" name="CRT_USR"  required="true" type="text" width="100" canFilter="true" canEdit="false" align="left" cellAlign="left" detail="true" />
		<field title="User update" name="UPD_USR"  type="text" required="true" width="100" canFilter="true" canEdit="false" align="left" cellAlign="left" detail="true"/>
	</fields>
	<serverObject lookupStyle="new" className="it.ccg.liqweb.server.dmi.StandardDMI"/>
</DataSource>