<DataSource tableName="entityrtg"
				   ID="legal_entity_rating"
	dataSourceVersion="1"
		  serverType="sql">
	<fields>
		<field title="Last change date" name="LAST_CH_DT" required="true"  primaryKey="true" detail="true" type="integer" width="120" align="left" cellAlign="left" canFilter="true" canEdit="false" />
		<field title="Moodies Code" name="MOODIES" required="false" type="text"  width="100%" canFilter="true" canEdit="false" align="left" cellAlign="left" detail="true" />
		<field title="Fitch Code" name="FITCH" required="false" length="20" type="text" width="100%" canFilter="true" canEdit="false" detail="true" />
		<field title="Sap Code" name="SAP" required="false" length="20" type="text" width="100%" canFilter="true" canEdit="false" detail="true" />
		<field title="Internal Code" name="INTERNAL" required="false" length="20" type="text" width="100%" canFilter="true" canEdit="false" detail="true" />
		<field title="Date create" name="CRT_DT"  required="true" type="datetime" width="100" canFilter="true" canEdit="false" align="left" cellAlign="left" detail="true" />
		<field title="Date update" name="UPD_DT"  required="true" type="datetime" width="100" canFilter="true" canEdit="false" align="left" cellAlign="left" detail="true" />
		<field title="User create" name="CRT_USR"  required="true" type="text" width="100" canFilter="true" canEdit="false" align="left" cellAlign="left" detail="true" />
		<field title="User update" name="UPD_USR"  type="text" required="true" width="100" canFilter="true" canEdit="false" align="left" cellAlign="left" detail="true"/>
	</fields>
	<serverObject lookupStyle="new" className="it.ccg.liqweb.server.dmi.StandardDMI"/>
</DataSource>