<DataSource 	  
	tableName="liqcuststp"
	ID="liqcuststp"
	dataSourceVersion="1"
	serverType="sql"
>
	<fields>
		<field title="Is custom" name="IS_CUSTOM"  primaryKey="true"  type="text" lenght="1"  escapeHTML="true" canEdit="true"  width="60" align="left" cellAlign="left" detail="false">
		<valueMap>  
				<value ID="T">True</value>  
				<value ID="F">False</value>  
		</valueMap> 
		</field>

		<field title="Custom date" name="CUSTOM_DT"
		customUpdateExpression="cast(substring(CAST($values.CUSTOM_DT as varchar(10)) ,1,4)as int)*10000
										+ cast(substring(CAST($values.CUSTOM_DT as varchar(10)) ,6,2)as int)*100
										+ cast(substring(CAST($values.CUSTOM_DT as varchar(10)) ,9,2)as int)"
		customSelectExpression="TIMESTAMP_FORMAT(cast(CUSTOM_DT as varchar(8)),'YYYYMMDD')" type="date"  width="250" canFilter="true" canEdit="true" align="left" cellAlign="left" detail="false" />
		
		<field title="Date create" name="CRT_DT"  type="datetime" width="100" canFilter="true" canEdit="false" hidden="true" align="left" cellAlign="left" detail="true" />
		<field title="Date update" name="UPD_DT"   type="datetime" width="100" canFilter="true" canEdit="false" hidden="true" align="left" cellAlign="left" detail="true" />
		<field title="User create" name="CRT_USR"   type="text" width="100" canFilter="true" canEdit="false" hidden="true" align="left" cellAlign="left" detail="true" />
		<field title="User update" name="UPD_USR"  type="text"  width="100" canFilter="true" canEdit="false" hidden="true" align="left" cellAlign="left" detail="true"/>
	</fields>
	<serverObject lookupStyle="new" className="it.ccg.liqweb.server.dmi.StandardDMI"/>
</DataSource>