<DataSource tableName="liqlimstat"
				   ID="liqlimstat"
	dataSourceVersion="1"
		  serverType="sql">
	<fields>
		<field title="Date" name="REF_DT"  required="true" customSelectExpression="TIMESTAMP_FORMAT(cast(REF_DT as varchar(8)),'YYYYMMDD')"  type="date" 
						customUpdateExpression="cast(substring(CAST($values.REF_DT as varchar(10)) ,1,4)as int)*10000
										+ cast(substring(CAST($values.REF_DT as varchar(10)) ,6,2)as int)*100
										+ cast(substring(CAST($values.REF_DT as varchar(10)) ,9,2)as int)"
				                      width="80" canEdit="true" align="left" cellAlign="left" detail="false"  primaryKey="true" ></field>
		
		<field title="Events" name="EVENTS" required="true" type="integer"  width="60" canFilter="true" canEdit="false" align="left" cellAlign="left" detail="false" />
		<field title="Ev. OUT" name="EVTOUT" required="true" type="integer"  width="60" canFilter="true" canEdit="false" align="left" cellAlign="left" detail="false" />
		<field title="Events IN" name="EVTIN" required="true" type="integer"  width="50" canFilter="true" canEdit="false" align="left" cellAlign="left" detail="true" />
		
		<field title="Conf." name="CONF" type="float"   format="#.000%"   width="60" canFilter="true" canEdit="false"  align="left" cellAlign="left" detail="false" />
		<field title="Limit type" name="SFTHRDLIM" type="char" canEdit="true" length="1" width="70" align="left" cellAlign="left" detail="true" >
			<valueMap>
				<value ID="S">Soft Limit</value>
				<value ID="H">Hard Limit</value>
			</valueMap>
		</field>
		<field title="Net daily unbalances" name="NETDAYUNB" type="float"  format="###,000" required="true" width="100%" canFilter="true" canEdit="false" align="left" cellAlign="left" detail="false" />
		<field title="Mode" name="CURANAMODE" type="char"  primaryKey="true" required="true" canEdit="true" length="1" width="70" align="left" cellAlign="left" detail="true" >
			<valueMap>
				<value ID="C">Current</value>
				<value ID="A">Analysis</value>
			</valueMap>
		</field>
		<field title="Date create" name="CRT_DT"  required="true" type="datetime" width="100" canFilter="true" canEdit="false" align="left" cellAlign="left" detail="true" />
		<field title="Date update" name="UPD_DT"  required="true" type="datetime" width="100" canFilter="true" canEdit="false" align="left" cellAlign="left" detail="true" />
		<field title="User create" name="CRT_USR"  required="true" type="text" width="100" canFilter="true" canEdit="false" align="left" cellAlign="left" detail="true" />
		<field title="User update" name="UPD_USR"  type="text" required="true" width="100" canFilter="true" canEdit="false" align="left" cellAlign="left" detail="true"/>
		</fields>
		
	<serverObject lookupStyle="new" className="it.ccg.liqweb.server.dmi.StandardDMI"/>
		<operationBindings>
		<operationBinding operationType="fetch"> 
		 	<selectClause>EVENTS, 
		 		TIMESTAMP_FORMAT(cast(liqlimstat.REF_DT as varchar(8)),'YYYYMMDD') as REF_DT,
		 		liqlimstat.EVTOUT,
				liqlimstat.EVTIN,
				CAST(liqlimstat.CONF as FLOAT) as CONF,
				liqlimstat.SFTHRDLIM,				
				CAST(liqlimstat.NETDAYUNB as FLOAT) as NETDAYUNB,
				liqlimstat.CURANAMODE,
				liqlimstat.CRT_DT,
				liqlimstat.UPD_DT,
				liqlimstat.CRT_USR,
				liqlimstat.UPD_USR</selectClause>
	       	<tableClause>liqlimstat</tableClause>  
	        	<orderClause>liqlimstat.NETDAYUNB desc</orderClause> 
		</operationBinding>   	
   	</operationBindings>
   	
</DataSource>