<DataSource tableName="liqlimhis"
				   ID="liqlimhis"
	dataSourceVersion="1"
		  serverType="sql">
	<fields>
		<field title="Init. date" name="INIVDATE"  required="true" customSelectExpression="TIMESTAMP_FORMAT(cast(INIVDATE as varchar(8)),'YYYYMMDD')" type="date"  width="120" canFilter="true" canEdit="false" align="left" cellAlign="left" detail="false" />
		<field title="Type" name="TYP" type="text" primaryKey="true" canEdit="false" length="2" width="100" align="left" cellAlign="left" hidden="true" detail="true" />
		
		<field title="An.First Date" name="ANFRSTDT" customSelectExpression="TIMESTAMP_FORMAT(cast(ANFRSTDT as varchar(8)),'YYYYMMDD')" type="date"  width="20%" canFilter="true" canEdit="false" detail="true" />
		<field title="An. Period" name="ANPERIOD" type="integer"  width="20%" canFilter="true" canEdit="false" detail="true" >
		<valueMap>
				<value ID="5">1 week</value>
				<value ID="21">1 month</value>
				<value ID="64">3 months</value> 
				<value ID="127">6 months</value>
				<value ID="191">9 months</value>
				<value ID="253">1 year</value> 
				<value ID="254">1 year 1 day</value>
				<value ID="255">1 year 2 day</value>
				<value ID="380">18 months</value> 
				<value ID="505">2 years</value>
				<value ID="758">3 years</value>
				<value ID="1010">4 years</value> 
				<value ID="1263">5 years</value>
				<value ID="1515">6 years</value>
				<value ID="1768">7 years</value> 
				<value ID="2020">8 years</value>
				<value ID="2273">9 years</value>
				<value ID="2525">10 years</value> 
				<value ID="2526">10y 1day</value>
				<value ID="3030">12 years</value>
				<value ID="3283">13 years</value> 
				<value ID="3788">15 years</value>
				<value ID="30000">All data</value>
			</valueMap>
		</field>
		<field title="An. Soft Conf." name="ANSFTCONF" type="float"   format="###,0##%" align="left" cellAlign="left"  width="20%" canFilter="true" canEdit="false" detail="true" />
		<field title="An. Hard Conf." name="ANHRDCONF" type="float"   format="###,0##%"  align="left" cellAlign="left" width="20%" canFilter="true" canEdit="false" detail="true" />
		<field title="An. Soft Lim." name="ANSFTLIM" type="float" customSelectExpression="cast(ANSFTLIM as FLOAT)"  format="###,000" align="left" cellAlign="left"  width="100" canFilter="true" canEdit="false" detail="false" />
		<field title="An. Hard Lim." name="ANHRDLIM" type="float" customSelectExpression="cast(ANHRDLIM as FLOAT)"  format="###,000" align="left" cellAlign="left"  width="100" canFilter="true" canEdit="false" detail="false" />
		<field title="An.Days" name="ANDAYS" type="integer"  width="20%" canFilter="true" align="left" cellAlign="left" canEdit="false" detail="true" >
		<valueMap>
				<value ID="5">1 week</value>
				<value ID="21">1 month</value>
				<value ID="64">3 months</value> 
				<value ID="127">6 months</value>
				<value ID="191">9 months</value>
				<value ID="253">1 year</value> 
				<value ID="254">1 year 1 day</value>
				<value ID="255">1 year 2 day</value>
				<value ID="380">18 months</value> 
				<value ID="505">2 years</value>
				<value ID="758">3 years</value>
				<value ID="1010">4 years</value> 
				<value ID="1263">5 years</value>
				<value ID="1515">6 years</value>
				<value ID="1768">7 years</value> 
				<value ID="2020">8 years</value>
				<value ID="2273">9 years</value>
				<value ID="2525">10 years</value> 
				<value ID="2526">10y 1day</value>
				<value ID="3030">12 years</value>
				<value ID="3283">13 years</value> 
				<value ID="3788">15 years</value>
				<value ID="30000">All data</value>
			</valueMap>
		</field>
		<field title="An.SL EventsIN" name="ANSFTEVIN" type="integer" format="###,000" width="20%" canFilter="true" align="left" cellAlign="left" canEdit="false" detail="true" />
		<field title="An.HL EventsIN" name="ANHRDEVIN" type="integer" format="###,000" width="20%" canFilter="true" align="left" cellAlign="left" canEdit="false" detail="true" />
		<field title="An.HL EventsOUT" name="ANHRDEVOU" type="integer" format="###,000" width="20%" canFilter="true" align="left" cellAlign="left" canEdit="false" detail="true" />
		<field title="An.SL EventsOUT" name="ANSFTEVOU" type="integer" format="###,000" width="20%" canFilter="true" align="left" cellAlign="left" canEdit="false" detail="true" />
		<field title="An.Log" name="ANLOG" type="text" canEdit="false" length="1000" width="100" align="left" cellAlign="left" detail="true" />
		<field title="An.SL Date" name="ANSFTDT" customSelectExpression="TIMESTAMP_FORMAT(cast(ANSFTDT as varchar(8)),'YYYYMMDD')" type="date"  width="20%" canFilter="true" align="left" cellAlign="left" canEdit="false" detail="true" />
		<field title="An.HL Date" name="ANHRDDT" customSelectExpression="TIMESTAMP_FORMAT(cast(ANHRDDT as varchar(8)),'YYYYMMDD')" type="date"  width="20%" canFilter="true" align="left" cellAlign="left" canEdit="false" detail="true" />
		<field title="Soft Lim." name="SFTLIM" required="true" type="float" customSelectExpression="cast(SFTLIM as FLOAT)"  format="###,000"   width="100" canFilter="true" canEdit="false" align="left" cellAlign="left" detail="false" />
		<field title="Hard Lim." name="HRDLIM" required="true" type="float"  customSelectExpression="cast(HRDLIM as FLOAT)" format="###,000"   width="100" canFilter="true" canEdit="false" align="left" cellAlign="left" detail="false" />
		<field title="Custom SL" name="CUSTSFT" required="true" type="float" customSelectExpression="cast(CUSTSFT as FLOAT)"  format="###,000"   width="100" canFilter="true" canEdit="false" align="left" cellAlign="left" detail="false" />
		<field title="Custom HL" name="CUSTHRD" required="true" type="float" customSelectExpression="cast(CUSTHRD as FLOAT)"  format="###,000"   width="100" canFilter="true" canEdit="false" align="left" cellAlign="left" detail="false" />
		<field title="Status" name="STATUS" type="char" canEdit="false" length="1" width="80" align="left" cellAlign="left" detail="false" >
		<validators>
				<validator type="isString" expression="{1}" errorMessage="Must be a valid number" />
			</validators>
		<valueMap>
				<value ID="E">Enabled</value>
				<value ID="D">Disabled</value>
		</valueMap>
		</field>
		<field title="Approved By" name="APPROVEDBY" type="text"  width="100%" canFilter="true" align="left" cellAlign="left" canEdit="false" detail="false" />
		<field title="Approve Date" name="APPRDATE" type="date"  width="20%" canFilter="true" align="left" cellAlign="left" canEdit="false" detail="true" />
		<field title="Log." name="LOG" type="text" canEdit="false" length="1000" width="100" align="left" cellAlign="left" detail="true" />
		<field title="Comment" name="COMMENT" type="text" canEdit="false" length="500" width="100" align="left" cellAlign="left" detail="true" />
		<field title="Update Type" name="UPDTYPE" type="char" canEdit="false" length="1" width="100" align="left" cellAlign="left" detail="true" />
		<field title="Update User" name="UPDUSR" type="text" canEdit="false" length="30" width="100" align="left" cellAlign="left" detail="true" />
		<field title="Update Date" name="UPDDATE" type="date" canEdit="false"  width="100" align="left" cellAlign="left" detail="true" />		
		</fields>
	<serverObject lookupStyle="new" className="it.ccg.liqweb.server.dmi.StandardDMI"/>
		
</DataSource>