<DataSource tableName="liqlim"
				   ID="liqlim"
	dataSourceVersion="1"
		  serverType="sql">
	<fields>
		<field title="Init. date" name="INIVDATE"  required="true" customSelectExpression="TIMESTAMP_FORMAT(cast(INIVDATE as varchar(8)),'YYYYMMDD')"  type="date" 
						customUpdateExpression="cast(substring(CAST($values.INIVDATE as varchar(10)) ,1,4)as int)*10000
										+ cast(substring(CAST($values.INIVDATE as varchar(10)) ,6,2)as int)*100
										+ cast(substring(CAST($values.INIVDATE as varchar(10)) ,9,2)as int)"
				                      width="100" canEdit="true" align="left" cellAlign="left" detail="true" ></field>
		<field title="Propose" name="PROPOSE" type="char" canEdit="true" length="1" width="20%" align="left" cellAlign="left" detail="false" >
		<valueMap>
				<value ID="C">Change</value>  
				<value ID="L">Leave</value>     
		</valueMap>
		</field>
		<field title="Status" name="STATUS" type="char" canEdit="false" length="1" width="100" align="left" cellAlign="left" detail="true" >
		<validators>
				<validator type="isString" expression="{1}" errorMessage="Must be a valid number" />
			</validators>
		<valueMap>
				<value ID="E">Enabled</value>
				<value ID="D">Disabled</value>
		</valueMap>
		</field>
		<field title="Cur.First Date" name="CRFRSTDT"  required="true" customSelectExpression="TIMESTAMP_FORMAT(cast(CRFRSTDT as varchar(8)),'YYYYMMDD')" type="date"  width="120" canFilter="true" canEdit="false" align="left" cellAlign="left" detail="true" />
		<field title="Cur.Period" name="CRPERIOD" required="true" type="integer" editorType="SelectItem"  width="120" canFilter="true" canEdit="false" align="left" cellAlign="left" detail="true">
		<valueMap>
				<value ID="5">1 week</value>
				<value ID="21">1 month</value>
				<value ID="64">3 months</value> 
				<value ID="127">6 months</value>
				<value ID="191">9 months</value>
				<value ID="253">1 year</value> 
				<value ID="254">1 year 1 day</value>
				<value ID="255">1 year 2 day</value>
				<value ID="380">18 months</value> 
				<value ID="505">2 years</value>
				<value ID="758">3 years</value>
				<value ID="1010">4 years</value> 
				<value ID="1263">5 years</value>
				<value ID="1515">6 years</value>
				<value ID="1768">7 years</value> 
				<value ID="2020">8 years</value>
				<value ID="2273">9 years</value>
				<value ID="2525">10 years</value> 
				<value ID="2526">10y 1day</value>
				<value ID="3030">12 years</value>
				<value ID="3283">13 years</value> 
				<value ID="3788">15 years</value>
				<value ID="30000">All data</value>
			</valueMap>
		</field>
		<field title="Cur.Soft Lim.Conf." name="CRSFTCONF" required="true" type="float"  format="###.0##%"   width="120" canFilter="true" canEdit="false" align="left" cellAlign="left" detail="true" />
		<field title="Cur.Hard Lim.Conf." name="CRHRDCONF" required="true" type="float"  format="###.0##%"   width="120" canFilter="true" canEdit="false" align="left" cellAlign="left" detail="true" />
		<field title="Cur.Soft Lim." name="CRSFTLIM" type="float" customSelectExpression="cast(CRSFTLIM as FLOAT)"  format="###,000"    width="80" canFilter="true" cellAlign="left"  align="left" canEdit="false" detail="false" />
		<field title="Cur.Hard Lim." name="CRHRDLIM" type="float" customSelectExpression="cast(CRHRDLIM as FLOAT)"   format="###,000"    width="80" canFilter="true" cellAlign="left"  align="left" canEdit="false" detail="false" />
		<field title="Cur.Days" name="CRDAYS" required="true" type="integer" editorType="SelectItem"  width="120" canFilter="true" canEdit="false" align="left" cellAlign="left" detail="true">
		<valueMap>
				<value ID="5">1 week</value>
				<value ID="21">1 month</value>
				<value ID="64">3 months</value> 
				<value ID="127">6 months</value>
				<value ID="191">9 months</value>
				<value ID="253">1 year</value> 
				<value ID="254">1 year 1 day</value>
				<value ID="255">1 year 2 day</value>
				<value ID="380">18 months</value> 
				<value ID="505">2 years</value>
				<value ID="758">3 years</value>
				<value ID="1010">4 years</value> 
				<value ID="1263">5 years</value>
				<value ID="1515">6 years</value>
				<value ID="1768">7 years</value> 
				<value ID="2020">8 years</value>
				<value ID="2273">9 years</value>
				<value ID="2525">10 years</value> 
				<value ID="2526">10y 1day</value>
				<value ID="3030">12 years</value>
				<value ID="3283">13 years</value> 
				<value ID="3788">15 years</value>
				<value ID="30000">All data</value>
			</valueMap>
		</field>
		<field title="Cur.SL EventsIN" name="CRSFTEVIN" required="true" type="integer"  width="120" canFilter="true" canEdit="false" align="left" cellAlign="left" detail="true" />
		<field title="Cur.HL EventsIN" name="CRHRDEVIN" required="true" type="integer"  width="120" canFilter="true" canEdit="false" align="left" cellAlign="left" detail="true" />
		<field title="Cur.HL EventsOUT" name="CRHRDEVOU" required="true" type="integer"  width="120" canFilter="true" canEdit="false" align="left" cellAlign="left" detail="true" />
		<field title="Cur.SL EventsOUT" name="CRSFTEVOU" type="integer"   required="false" width="20%" canFilter="true" canEdit="false"  align="left" cellAlign="left" detail="true" />
		<field title="Cur.SL Date" name="CRSFTDT" customSelectExpression="TIMESTAMP_FORMAT(cast(CRSFTDT as varchar(8)),'YYYYMMDD')" type="date"  width="20%" canFilter="true"  align="left" cellAlign="left" canEdit="false" detail="true" />
		<field title="Cur.HL Date" name="CRHRDDT" customSelectExpression="TIMESTAMP_FORMAT(cast(CRHRDDT as varchar(8)),'YYYYMMDD')" type="date"  width="20%" canFilter="true" align="left" cellAlign="left" canEdit="false" detail="true" />
		<field title="An.First Date" name="ANFRSTDT" customSelectExpression="TIMESTAMP_FORMAT(cast(ANFRSTDT as varchar(8)),'YYYYMMDD')" type="date" cellAlign="left"  align="left" width="20%" canFilter="true" canEdit="false" detail="true" />
		<field title="An. Period" name="ANPERIOD" type="integer"  width="20%" canFilter="true" canEdit="false" detail="true" />
		<field title="An. Soft Conf." name="ANSFTCONF" type="float"   format="###,0##%"   width="20%" canFilter="true" canEdit="false"  align="left" cellAlign="left" detail="true" />
		<field title="An. Hard Conf." name="ANHRDCONF" type="float"   format="###,0##%"   width="20%" canFilter="true" canEdit="false"  align="left" cellAlign="left"  detail="true" />
		<field title="An. Soft Lim." name="ANSFTLIM" type="float"   format="###,000" customSelectExpression="cast(ANSFTLIM as FLOAT)"  align="left" cellAlign="left"  width="30%" canFilter="true" canEdit="false" detail="false" />
		<field title="An. Hard Lim." name="ANHRDLIM" type="float" customSelectExpression="cast(ANHRDLIM as FLOAT)"  format="###,000"  align="left" cellAlign="left"   width="30%" canFilter="true" canEdit="false" detail="false" />
		<field title="An.Days" name="ANDAYS" type="integer" editorType="SelectItem"  width="20%" canFilter="true" canEdit="false"  align="left" cellAlign="left" detail="true">
		<valueMap>
				<value ID="5">1 week</value>
				<value ID="21">1 month</value>
				<value ID="64">3 months</value> 
				<value ID="127">6 months</value>
				<value ID="191">9 months</value>
				<value ID="253">1 year</value> 
				<value ID="254">1 year 1 day</value>
				<value ID="255">1 year 2 day</value>
				<value ID="380">18 months</value> 
				<value ID="505">2 years</value>
				<value ID="758">3 years</value>
				<value ID="1010">4 years</value> 
				<value ID="1263">5 years</value>
				<value ID="1515">6 years</value>
				<value ID="1768">7 years</value> 
				<value ID="2020">8 years</value>
				<value ID="2273">9 years</value>
				<value ID="2525">10 years</value> 
				<value ID="2526">10y 1day</value>
				<value ID="3030">12 years</value>
				<value ID="3283">13 years</value> 
				<value ID="3788">15 years</value>
				<value ID="30000">All data</value>
			</valueMap>
		</field>
		<field title="An.SL EventsIN" name="ANSFTEVIN" type="integer"  width="20%" canFilter="true" canEdit="false" detail="true" />
		<field title="An.HL EventsIN" name="ANHRDEVIN" type="integer"  width="20%" canFilter="true" canEdit="false" detail="true" />
		<field title="An.HL EventsOUT" name="ANHRDEVOU" type="integer"  width="20%" canFilter="true" canEdit="false" detail="true" />
		<field title="An.SL EventsOUT" name="ANSFTEVOU" type="integer"  width="20%" canFilter="true" canEdit="false" detail="true" />
		<field title="An.SL Date" name="ANSFTDT" customSelectExpression="TIMESTAMP_FORMAT(cast(ANSFTDT as varchar(8)),'YYYYMMDD')" type="date"  width="100" canFilter="true" align="left" canEdit="false" cellAlign="left" detail="true" />
		<field title="An.HL Date" name="ANHRDDT" customSelectExpression="TIMESTAMP_FORMAT(cast(ANHRDDT as varchar(8)),'YYYYMMDD')" type="date"  width="100%" canFilter="true" align="left" canEdit="false" cellAlign="left" detail="true" />
		<field title="User SL" name="USSFTLIM" type="float" customSelectExpression="cast(USSFTLIM as FLOAT)"  format="###,##0" align="left" customUpdateExpression="$values.USSFTLIM" cellAlign="left"  width="80" canFilter="true" canEdit="true" detail="false" />
		<field title="User HL" name="USHRDLIM" type="float" customSelectExpression="cast(USHRDLIM as FLOAT)"  format="###,##0" align="left" customUpdateExpression="$values.USHRDLIM" cellAlign="left"  width="80" canFilter="true" canEdit="true" detail="false" />
		<field title="Prop.SL" name="PRSFTLIM" type="float" customSelectExpression="cast(PRSFTLIM as FLOAT)"  format="###,000" align="left" cellAlign="left"  width="75" canFilter="true" canEdit="false" detail="false" />
		<field title="Prop.HL" name="PRHRDLIM" type="float" customSelectExpression="cast(PRHRDLIM as FLOAT)"  format="###,000" align="left" cellAlign="left"  width="75" canFilter="true" canEdit="false" detail="false" />
		<field title="Custom SL" name="CUSTSFT" type="char" canEdit="true" length="1" width="100%" align="left" cellAlign="left" detail="false" >
		<valueMap>
				<value ID="T">True</value>
				<value ID="F">False</value>
		</valueMap>
		</field>
		<field title="Custom HL" name="CUSTHRD" type="char" canEdit="true" length="1" width="65" align="left" cellAlign="left" detail="false" >
		<valueMap>
				<value ID="T">True</value>
				<value ID="F">False</value>
		</valueMap>
		</field>
		<field title="Approval" name="APPROVAL" type="char" canEdit="false" length="1" width="65" align="left" cellAlign="left" detail="false" >
		<valueMap>
				<value ID="A">Subm. for appr.</value>  
				<value ID="W">Working</value>
				<value ID="R">Rejected</value>  
		</valueMap>
		</field>
		<field title="Cur.Log." name="CRLOG" type="text" canEdit="false" length="1000" width="100" align="left" cellAlign="left" detail="true" />
		<field title="An.Log" name="ANLOG" type="text" canEdit="false" length="1000" width="100" align="left" cellAlign="left" detail="true" />
		<field title="Prop.Log." name="PROPLOG" type="text" canEdit="false" length="1000" width="100" align="left" cellAlign="left" detail="true" />
		<field title="Comment" name="COMMENT" type="text" canEdit="false" length="500" width="100" align="left" cellAlign="left" detail="true" />
		<field title="Type" name="TYPE" type="text" primaryKey="true" canEdit="false" hidden="true" length="2" width="100" align="left" cellAlign="left" detail="true" />
		<field title="Update Type" name="UPDTYPE" type="char" canEdit="false" width="100" align="left" cellAlign="left" detail="true" />
		<field title="Update User" name="UPDUSR" type="text" canEdit="false" length="30" width="100" align="left" cellAlign="left" detail="true" />
		<field title="Update Date" name="UPDDATE" type="datetime" canEdit="false"  width="100" align="left" cellAlign="left" detail="true" />
		
		</fields>
	<serverObject lookupStyle="new" className="it.ccg.liqweb.server.dmi.StandardDMI"/>
		
</DataSource>