<DataSource tableName="liqord"
				   ID="liqOrd"
	dataSourceVersion="1"
		  serverType="sql">
	<fields>
		<field title="Ref. date" name="REF_DT" primaryKey="true" customSelectExpression="TIMESTAMP_FORMAT(cast(REF_DT as varchar(8)),'YYYYMMDD')" type="date"  width="90" canFilter="true" canEdit="false" align="left" cellAlign="left" detail="false" />
		<field title="Ref. date" name="REF_DT_num"  type="integer"  width="100%" canFilter="true" canEdit="false" align="left" cellAlign="left" detail="true" />
		<field title="Total Liquid Resources" name="TOTLIQRES" type="float"  format="###,000" required="true" width="100%" canFilter="true" canEdit="false"  align="left" cellAlign="left" detail="false" />
		<field title="Daily net unbalances" name="NETDAYUNB" type="float"  format="###,000" required="true" width="30%" canFilter="true" canEdit="false" align="left" cellAlign="left" detail="false" />
		<field title="Hard limit" name="HARDLIM" required="true" type="float" format="###,000" width="100" canFilter="true" canEdit="false" align="left" cellAlign="left" detail="false" />
		<field title="Soft limit" name="SOFTLIM" required="true" type="float" format="###,000"  width="100" canFilter="true" canEdit="false" align="left" cellAlign="left" detail="false" />
		<field title="Daily Net Unbalances T2S" name="DUNBT2SACT" type="float"  format="###,000" required="true" width="100%" canFilter="true" canEdit="false"  align="left" cellAlign="left" detail="true" />
		<field title="Daily net. Actual" name="NETDUNBREA" type="float"  format="###,000" required="true" width="100%" canFilter="true" canEdit="false" align="left" cellAlign="left" detail="true" />
		<field title="Daily unb.Real" name="DUNBT2SREA" type="float"  format="###,000" required="true" width="100" canFilter="true" canEdit="false" align="left" cellAlign="left" detail="true" />
		<field title="Daily unb.Real 1HP" name="DAYUNB1HYP" type="float"  format="###,000" required="true" width="100%" canFilter="true" canEdit="false" align="left" cellAlign="left" detail="true" />
		<field title="Daily unb.Real 2HP" name="DAYUNB2HYP" type="float"  format="###,000" required="true" width="100%" canFilter="true" canEdit="false" align="left" cellAlign="left" detail="true" />
		<field title="TLR Flag" name="TLRFLAG" type="text" required="true" width="20%" canFilter="true" canEdit="false" detail="true" />
		<field title="NDU Flag" name="NDUFLAG" type="text" required="true" width="20%" canFilter="true" canEdit="false" detail="true" />
		<field title="Date create" name="CRT_DT"  required="true" type="datetime" width="100" canFilter="true" canEdit="false" align="left" cellAlign="left" detail="true" />
		<field title="Date update" name="UPD_DT"  required="true" type="datetime" width="100" canFilter="true" canEdit="false" align="left" cellAlign="left" detail="true" />
		<field title="User create" name="CRT_USR"  required="true" type="text" width="100" canFilter="true" canEdit="false" align="left" cellAlign="left" detail="true" />
		<field title="User update" name="UPD_USR"  type="text" required="true" width="100" canFilter="true" canEdit="false" align="left" cellAlign="left" detail="true"/>
	</fields>
	<serverObject lookupStyle="new" className="it.ccg.liqweb.server.dmi.StandardDMI"/>
	<operationBindings>
	<operationBinding operationType="fetch" operationId="CustomDateFetch"
	 	customValueFields="REF_DT_num" customCriteriaFields="REF_DT_num">  
	       <customSQL>
			<![CDATA[  select TIMESTAMP_FORMAT(cast(REF_DT as varchar(8)),'YYYYMMDD') as REF_DT,
					liqord.REF_DT as REF_DT_num,
					cast(liqord.TOTLIQRES as FLOAT) as TOTLIQRES,
					cast(liqord.NETDAYUNB as FLOAT) as NETDAYUNB,
					cast(liqord.DUNBT2SACT as FLOAT) as DUNBT2SACT,
					cast(liqord.NETDUNBREA as FLOAT) as NETDUNBREA,
					cast(liqord.DUNBT2SREA as FLOAT) as DUNBT2SREA,
					cast(liqord.HARDLIM as FLOAT) as HARDLIM,
					cast(liqord.SOFTLIM as FLOAT) as SOFTLIM,
					cast(liqord.DAYUNB1HYP as FLOAT) as DAYUNB1HYP,
					cast(liqord.DAYUNB2HYP as FLOAT) as DAYUNB2HYP,
					liqord.TLRFLAG,
					liqord.NDUFLAG,
					liqord.CRT_DT,
					liqord.UPD_DT,
					liqord.CRT_USR,
					liqord.UPD_USR
	  				FROM liqord 
	  				where  ($defaultWhereClause)
	  					]]>
	  </customSQL>
	        </operationBinding>
	        
	        <operationBinding operationType="fetch" operationId="graphFetch"
	 	customValueFields="REF_DT_num" customCriteriaFields="REF_DT_num">  
	       <customSQL>
			<![CDATA[  select TIMESTAMP_FORMAT(cast(REF_DT as varchar(8)),'YYYYMMDD') as REF_DT,
					liqord.REF_DT as REF_DT_num,
					liqord.TOTLIQRES/1000000 as TOTLIQRES,
					liqord.NETDAYUNB/1000000 as NETDAYUNB,
					liqord.DUNBT2SACT/1000000 as DUNBT2SACT,
					liqord.NETDUNBREA/1000000 as NETDUNBREA,
					liqord.DUNBT2SREA/1000000 as DUNBT2SREA,
					liqord.SOFTLIM/1000000 as SOFTLIM,
					liqord.HARDLIM/1000000 as HARDLIM,
					liqord.TLRFLAG,
					liqord.NDUFLAG,
					liqord.CRT_DT,
					liqord.UPD_DT,
					liqord.CRT_USR,
					liqord.UPD_USR
	  				FROM liqord 
	  				where  ($defaultWhereClause)
	  				order by REF_DT DESC
	  				fetch first 10 rows only
	  					]]>
	  </customSQL>
	        </operationBinding>
	</operationBindings>
</DataSource>