<DataSource tableName="liqitems"
				   ID="liqOrd_mtx"
	dataSourceVersion="1"
		  serverType="sql">
	<fields>
		<field title="Item ID" name="ITEM_ID" primaryKey="true" required="true" detail="true" type="text" width="250" align="left" cellAlign="left" canFilter="true" canEdit="false" />
		<field title="Ref. date" name="REF_DT" primaryKey="true" type="text"  width="120" canFilter="true" canEdit="false" align="center" cellAlign="center" detail="false" />
		<field title="Calc. date" name="CALC_DT" primaryKey="true" required="true" type="text"  width="100%" canFilter="true" canEdit="false" align="left" cellAlign="left" detail="false" />
		<field title="Cash amount" name="CASH_AMNT" type="float" align="center" cellAlign="center" format="###,000" required="true" width="120" canFilter="true" canEdit="false" detail="false" />
		<field title="Item group ID"  name="ITEM_GR_ID" type="text" length="50" required="true" width="20%" canFilter="true" canEdit="false" detail="false" />
		<field title="Total Liq. needs"   name="Total_Liq_Needs" type="text" align="center" cellAlign="center" required="true" width="120"  canFilter="true" canEdit="false" detail="false" />
		<field title="Total assets"   name="Total_ass" type="text"  required="true" align="center" cellAlign="center" width="120"  canFilter="true" canEdit="false" detail="false" />
		<field title="Calc. trace" name="CALC_TRACE" type="text"  length="10000" required="false" width="20%" canFilter="true" canEdit="false" detail="true" />
		<field title="Formula trace" name="FORMULA_TR" type="text"  length="10000" required="false" width="30%" canFilter="true" canEdit="false" detail="true" />
	</fields>
		
	<serverObject lookupStyle="new" className="it.ccg.liqweb.server.dmi.StandardDMI"/>
		<operationBindings>
		
		<operationBinding operationType="fetch" > 
		 	<customSQL>
					<![CDATA[
					select	a.ITEM_ID,
							a.ITEM_GR_ID,
							case when a.Total_Liq_Needs like 'TOTAL%' 
									THEN concat(concat('<span style=color:black><b>',a.Total_Liq_Needs),'</b></span>') 
									ELSE a.Total_Liq_Needs END
									as Total_Liq_Needs,
							case when a.Total_ass like 'TOTAL%' 
									THEN concat(concat('<span style=color:black><b>',a.Total_ass),'</b></span>') 
									ELSE a.Total_ass END 
									as Total_ass,
							a.Date_ORD,
							a.REF_DT,
							a.CALC_DT,
							round(cast(a.CASH_AMNT as FLOAT),2) as CASH_AMNT,
							a.CALC_TRACE,
							a.FORMULA_TR,
							a.T_INDEX
							from
							(
					(
							SELECT 
							R.ITEM_ID,
							R.ITEM_GR_ID,
							R.ITEM_NAME as Total_Liq_Needs,
							R.ITEM_NAME as Total_ass,
							IFNULL(L.REF_DT,$criteria.REF_DT) as Date_ORD,
							
							concat(concat(concat(concat(substring(CAST(IFNULL(L.REF_DT,$criteria.REF_DT) as varchar(8)),7,2),'/'),
							(substring(CAST(IFNULL(L.REF_DT,$criteria.REF_DT) as varchar(8)),5,2))),'/'),
							(substring(CAST(IFNULL(L.REF_DT,$criteria.REF_DT) as varchar(8)),1,4))) AS REF_DT,
							concat(concat(concat(concat(substring(CAST(IFNULL(L.CALC_DT,$criteria.REF_DT) as varchar(8)),7,2),'/'),
							(substring(CAST(IFNULL(L.CALC_DT,$criteria.REF_DT) as varchar(8)),5,2))),'/'),
							(substring(CAST(IFNULL(L.CALC_DT,$criteria.REF_DT) as varchar(8)),1,4))) AS CALC_DT,
							
							L.CALC_TRACE,
							L.FORMULA_TR,
						    R.T_INDEX,							
							IFNULL(L.CASH_AMNT,-1) AS CASH_AMNT
							FROM
							    (
							        SELECT R.* FROM RFLIQITEMS R
							        WHERE R.ITEM_GR_ID = $criteria.ITEM_GR_ID
							    ) AS R
						    LEFT JOIN
						    (
						        SELECT
						            LIQITEMS.ITEM_ID,
						            LIQITEMS.REF_DT,
						            LIQITEMS.CALC_DT,
						            LIQITEMS.CASH_AMNT,
						            LIQITEMS.CALC_TRACE,
						            RFLIQITEMS.FORMULA_TR
						        FROM LIQITEMS
						        LEFT JOIN RFLIQITEMS 
						        ON LIQITEMS.ITEM_ID=RFLIQITEMS.ITEM_ID 
						        WHERE LIQITEMS.IS_VALID='T'
						        AND ITEM_GR_ID = $criteria.ITEM_GR_ID
						        AND REF_DT IN ($criteria.REF_DT)
						        AND CALC_DT = ($criteria.REF_DT)
						    ) AS L
							    
							    ON R.ITEM_ID = L.ITEM_ID 
			   					WHERE R.ITEM_GR_ID = $criteria.ITEM_GR_ID
	  					)
	  					
	  					UNION
	  					
	  					(
							SELECT 
							R.ITEM_ID,
							R.ITEM_GR_ID,
							R.ITEM_NAME as Total_Liq_Needs,
							R.ITEM_NAME as Total_ass,
							IFNULL(L.REF_DT,$criteria.REF_DT_1) as Date_ORD,
							
							concat(concat(concat(concat(substring(CAST(IFNULL(L.REF_DT,$criteria.REF_DT_1) as varchar(8)),7,2),'/'),
							(substring(CAST(IFNULL(L.REF_DT,$criteria.REF_DT_1) as varchar(8)),5,2))),'/'),
							(substring(CAST(IFNULL(L.REF_DT,$criteria.REF_DT_1) as varchar(8)),1,4))) AS REF_DT,
							concat(concat(concat(concat(substring(CAST(IFNULL(L.CALC_DT,$criteria.REF_DT) as varchar(8)),7,2),'/'),
							(substring(CAST(IFNULL(L.CALC_DT,$criteria.REF_DT) as varchar(8)),5,2))),'/'),
							(substring(CAST(IFNULL(L.CALC_DT,$criteria.REF_DT) as varchar(8)),1,4))) AS CALC_DT,
							
							L.CALC_TRACE,
							L.FORMULA_TR,
						    R.T_INDEX,	
							IFNULL(L.CASH_AMNT,-1)  AS CASH_AMNT
							FROM
							    (
							        SELECT R.* FROM RFLIQITEMS R
							        WHERE R.ITEM_GR_ID = $criteria.ITEM_GR_ID
							    ) AS R
						    LEFT JOIN
						    (
						        SELECT
						            LIQITEMS.ITEM_ID,
						            LIQITEMS.REF_DT,
						            LIQITEMS.CALC_DT,
						            LIQITEMS.CASH_AMNT,
						            LIQITEMS.CALC_TRACE,
						            RFLIQITEMS.FORMULA_TR
						        FROM LIQITEMS
						        LEFT JOIN RFLIQITEMS 
						        ON LIQITEMS.ITEM_ID=RFLIQITEMS.ITEM_ID 
						        WHERE LIQITEMS.IS_VALID='T'
						        AND ITEM_GR_ID = $criteria.ITEM_GR_ID
						        AND REF_DT IN ($criteria.REF_DT_1)
						         AND CALC_DT = ($criteria.REF_DT)
						    ) AS L
							    
							    ON R.ITEM_ID = L.ITEM_ID 
			   					WHERE R.ITEM_GR_ID = $criteria.ITEM_GR_ID
	  					)
	  					
	  					UNION
	  					
	  					(
							SELECT 
							R.ITEM_ID,
							R.ITEM_GR_ID,
							R.ITEM_NAME as Total_Liq_Needs,
							R.ITEM_NAME as Total_ass,
							IFNULL(L.REF_DT,$criteria.REF_DT_2) as Date_ORD,
							
							concat(concat(concat(concat(substring(CAST(IFNULL(L.REF_DT,$criteria.REF_DT_2) as varchar(8)),7,2),'/'),
							(substring(CAST(IFNULL(L.REF_DT,$criteria.REF_DT_2) as varchar(8)),5,2))),'/'),
							(substring(CAST(IFNULL(L.REF_DT,$criteria.REF_DT_2) as varchar(8)),1,4))) AS REF_DT,
							concat(concat(concat(concat(substring(CAST(IFNULL(L.CALC_DT,$criteria.REF_DT) as varchar(8)),7,2),'/'),
							(substring(CAST(IFNULL(L.CALC_DT,$criteria.REF_DT) as varchar(8)),5,2))),'/'),
							(substring(CAST(IFNULL(L.CALC_DT,$criteria.REF_DT) as varchar(8)),1,4))) AS CALC_DT,
							
							L.CALC_TRACE,
							L.FORMULA_TR,
						    R.T_INDEX,
							IFNULL(L.CASH_AMNT,-1)  AS CASH_AMNT
							FROM
							    (
							        SELECT R.* FROM RFLIQITEMS R
							        WHERE R.ITEM_GR_ID = $criteria.ITEM_GR_ID
							    ) AS R
						    LEFT JOIN
						    (
						        SELECT
						            LIQITEMS.ITEM_ID,
						            LIQITEMS.REF_DT,
						            LIQITEMS.CALC_DT,
						            LIQITEMS.CASH_AMNT,
						            LIQITEMS.CALC_TRACE,
						            RFLIQITEMS.FORMULA_TR
						        FROM LIQITEMS
						        LEFT JOIN RFLIQITEMS 
						        ON LIQITEMS.ITEM_ID=RFLIQITEMS.ITEM_ID 
						        WHERE LIQITEMS.IS_VALID='T'
						        AND ITEM_GR_ID = $criteria.ITEM_GR_ID
						        AND REF_DT IN ($criteria.REF_DT_2)
						         AND CALC_DT = ($criteria.REF_DT)
						    ) AS L
							    
							    ON R.ITEM_ID = L.ITEM_ID 
			   					WHERE R.ITEM_GR_ID = $criteria.ITEM_GR_ID
	  					)
	  					
	  					UNION
	  					
	  					(
							SELECT 
							R.ITEM_ID,
							R.ITEM_GR_ID,
							R.ITEM_NAME as Total_Liq_Needs,
							R.ITEM_NAME as Total_ass,
							IFNULL(L.REF_DT,$criteria.REF_DT_3) as Date_ORD,
							
							concat(concat(concat(concat(substring(CAST(IFNULL(L.REF_DT,$criteria.REF_DT_3) as varchar(8)),7,2),'/'),
							(substring(CAST(IFNULL(L.REF_DT,$criteria.REF_DT_3) as varchar(8)),5,2))),'/'),
							(substring(CAST(IFNULL(L.REF_DT,$criteria.REF_DT_3) as varchar(8)),1,4))) AS REF_DT,
							concat(concat(concat(concat(substring(CAST(IFNULL(L.CALC_DT,$criteria.REF_DT) as varchar(8)),7,2),'/'),
							(substring(CAST(IFNULL(L.CALC_DT,$criteria.REF_DT) as varchar(8)),5,2))),'/'),
							(substring(CAST(IFNULL(L.CALC_DT,$criteria.REF_DT) as varchar(8)),1,4))) AS CALC_DT,
							
							L.CALC_TRACE,
							L.FORMULA_TR,
						    R.T_INDEX,
							IFNULL(L.CASH_AMNT,-1)  AS CASH_AMNT
							FROM
							    (
							        SELECT R.* FROM RFLIQITEMS R
							        WHERE R.ITEM_GR_ID = $criteria.ITEM_GR_ID
							    ) AS R
						    LEFT JOIN
						    (
						        SELECT
						            LIQITEMS.ITEM_ID,
						            LIQITEMS.REF_DT,
						            LIQITEMS.CALC_DT,
						            LIQITEMS.CASH_AMNT,
						            LIQITEMS.CALC_TRACE,
						            RFLIQITEMS.FORMULA_TR
						        FROM LIQITEMS
						        LEFT JOIN RFLIQITEMS 
						        ON LIQITEMS.ITEM_ID=RFLIQITEMS.ITEM_ID 
						        WHERE LIQITEMS.IS_VALID='T'
						        AND ITEM_GR_ID = $criteria.ITEM_GR_ID
						        AND REF_DT IN ($criteria.REF_DT_3)
						         AND CALC_DT = ($criteria.REF_DT)
						    ) AS L
							    
							    ON R.ITEM_ID = L.ITEM_ID 
			   					WHERE R.ITEM_GR_ID = $criteria.ITEM_GR_ID
	  					)
	  					
	  					UNION
	  					
	  					(
							SELECT 
							R.ITEM_ID,
							R.ITEM_GR_ID,
							R.ITEM_NAME as Total_Liq_Needs,
							R.ITEM_NAME as Total_ass,
							IFNULL(L.REF_DT,$criteria.REF_DT_4) as Date_ORD,
							
							concat(concat(concat(concat(substring(CAST(IFNULL(L.REF_DT,$criteria.REF_DT_4) as varchar(8)),7,2),'/'),
							(substring(CAST(IFNULL(L.REF_DT,$criteria.REF_DT_4) as varchar(8)),5,2))),'/'),
							(substring(CAST(IFNULL(L.REF_DT,$criteria.REF_DT_4) as varchar(8)),1,4))) AS REF_DT,
							concat(concat(concat(concat(substring(CAST(IFNULL(L.CALC_DT,$criteria.REF_DT) as varchar(8)),7,2),'/'),
							(substring(CAST(IFNULL(L.CALC_DT,$criteria.REF_DT) as varchar(8)),5,2))),'/'),
							(substring(CAST(IFNULL(L.CALC_DT,$criteria.REF_DT) as varchar(8)),1,4))) AS CALC_DT,
							
							L.CALC_TRACE,
							L.FORMULA_TR,
						    R.T_INDEX,
							IFNULL(L.CASH_AMNT,-1)  AS CASH_AMNT
							FROM
							    (
							        SELECT R.* FROM RFLIQITEMS R
							        WHERE R.ITEM_GR_ID = $criteria.ITEM_GR_ID
							    ) AS R
						    LEFT JOIN
						    (
						        SELECT
						            LIQITEMS.ITEM_ID,
						            LIQITEMS.REF_DT,
						            LIQITEMS.CALC_DT,
						            LIQITEMS.CASH_AMNT,
						            LIQITEMS.CALC_TRACE,
						            RFLIQITEMS.FORMULA_TR
						        FROM LIQITEMS
						        LEFT JOIN RFLIQITEMS 
						        ON LIQITEMS.ITEM_ID=RFLIQITEMS.ITEM_ID 
						        WHERE LIQITEMS.IS_VALID='T'
						        AND ITEM_GR_ID = $criteria.ITEM_GR_ID
						        AND REF_DT IN ($criteria.REF_DT_4)
						         AND CALC_DT = ($criteria.REF_DT)
						    ) AS L
							    
							    ON R.ITEM_ID = L.ITEM_ID 
			   					WHERE R.ITEM_GR_ID = $criteria.ITEM_GR_ID
	  					)
	  					
	  					UNION
	  					
	  					(
							SELECT 
							R.ITEM_ID,
							R.ITEM_GR_ID,
							R.ITEM_NAME as Total_Liq_Needs,
							R.ITEM_NAME as Total_ass,
							IFNULL(L.REF_DT,$criteria.REF_DT_5) as Date_ORD,
							
							concat(concat(concat(concat(substring(CAST(IFNULL(L.REF_DT,$criteria.REF_DT_5) as varchar(8)),7,2),'/'),
							(substring(CAST(IFNULL(L.REF_DT,$criteria.REF_DT_5) as varchar(8)),5,2))),'/'),
							(substring(CAST(IFNULL(L.REF_DT,$criteria.REF_DT_5) as varchar(8)),1,4))) AS REF_DT,
							concat(concat(concat(concat(substring(CAST(IFNULL(L.CALC_DT,$criteria.REF_DT) as varchar(8)),7,2),'/'),
							(substring(CAST(IFNULL(L.CALC_DT,$criteria.REF_DT) as varchar(8)),5,2))),'/'),
							(substring(CAST(IFNULL(L.CALC_DT,$criteria.REF_DT) as varchar(8)),1,4))) AS CALC_DT,
							
							L.CALC_TRACE,
							L.FORMULA_TR,
						    R.T_INDEX,
							IFNULL(L.CASH_AMNT,-1)  AS CASH_AMNT
							FROM
							    (
							        SELECT R.* FROM RFLIQITEMS R
							        WHERE R.ITEM_GR_ID = $criteria.ITEM_GR_ID
							    ) AS R
						    LEFT JOIN
						    (
						        SELECT
						            LIQITEMS.ITEM_ID,
						            LIQITEMS.REF_DT,
						            LIQITEMS.CALC_DT,
						            LIQITEMS.CASH_AMNT,
						            LIQITEMS.CALC_TRACE,
						            RFLIQITEMS.FORMULA_TR
						        FROM LIQITEMS
						        LEFT JOIN RFLIQITEMS 
						        ON LIQITEMS.ITEM_ID=RFLIQITEMS.ITEM_ID 
						        WHERE LIQITEMS.IS_VALID='T'
						        AND ITEM_GR_ID = $criteria.ITEM_GR_ID
						        AND REF_DT IN ($criteria.REF_DT_5)
						         AND CALC_DT = ($criteria.REF_DT)
						    ) AS L
							    
							    ON R.ITEM_ID = L.ITEM_ID 
			   					WHERE R.ITEM_GR_ID = $criteria.ITEM_GR_ID
	  					)
	  					)as a 
	  					order by a.Date_ORD, a.T_INDEX
	  					]]>
	  </customSQL>
		</operationBinding> 
		
	
		
   	</operationBindings>
</DataSource>