<DataSource 	  
	tableName="liqstrstp"
	ID="liqsetup"
	dataSourceVersion="1"
	serverType="sql"
>
	<fields>
		<field title="Valid date" name="VALID_DT" primaryKey="true" hidden="true" type="integer" escapeHTML="true" required="true" canEdit="true"  width="20%" align="left" cellAlign="left" detail="false"/>
		<field title="Valid date" name="VALID_DT_date" customSelectExpression="TIMESTAMP_FORMAT(cast(VALID_DT as varchar(8)),'YYYYMMDD')" type="date"  width="90" canFilter="true" canEdit="false" align="left" cellAlign="left" detail="false" />
		
		<field title="By Group" name="SRC_BY_GRP"  type="text" lenght="1"  escapeHTML="true"  required="true" canEdit="true"  width="60" align="left" cellAlign="left" detail="false">
		<valueMap>  
				<value ID="T">True</value>  
				<value ID="F">False</value>  
		</valueMap> 
		</field>
		
		<field title="Group list" name="GRP_LIST"  type="text" escapeHTML="true"   length="1000"   required="true" canEdit="true"  width="70" align="left" cellAlign="left" detail="false"/>
		<field title="Exposed groups" name="NUM_OF_EXP" length="1000" type="text" width="130" canEdit="false" align="left" cellAlign="left" detail="false"/>
		
		<field title="Bond Pos." name="BND_CL_POS"  type="text" width="150" length="1000" canEdit="false" align="left" cellAlign="left" detail="false" />
		<field title="Equity Pos." name="EQ_CL_POS"  type="text" escapeHTML="true" length="1000"     required="true" canEdit="true"  width="150" align="left" cellAlign="left" detail="false"/>
		<field title="Der. Pos." name="DER_CL_POS"  type="text" escapeHTML="true"  length="1000"    required="true" canEdit="true"  width="150" align="left" cellAlign="left" detail="false"/>
		
		<field title="Ptf ST" name="PTFSTPAR"  type="float" escapeHTML="true"   required="true" canEdit="true"  width="60" align="left" cellAlign="left" detail="false"/>
		<field title="Ptf HC" name="PTFHCPAR"  type="float" escapeHTML="true"    required="true" canEdit="true"  width="60" align="left" cellAlign="left" detail="false"/>
		
		<field title="Date create" name="CRT_DT"  type="datetime" width="100" canFilter="true" canEdit="false" align="left" cellAlign="left" detail="true" />
		<field title="Date update" name="UPD_DT"   type="datetime" width="100" canFilter="true" canEdit="false" align="left" cellAlign="left" detail="true" />
		<field title="User create" name="CRT_USR"   type="text" width="100" canFilter="true" canEdit="false" align="left" cellAlign="left" detail="true" />
		<field title="User update" name="UPD_USR"  type="text"  width="100" canFilter="true" canEdit="false" align="left" cellAlign="left" detail="true"/>
	</fields>
	
	<serverObject lookupStyle="new" className="it.ccg.liqweb.server.dmi.StandardDMI"/>
	<operationBindings>
   	
   		<operationBinding operationType="fetch"
	 	customValueFields="VALID_DT_date" customCriteriaFields="VALID_DT_date">  
   		<selectClause>
   			VALID_DT, 
   			TIMESTAMP_FORMAT(cast(VALID_DT as varchar(8)),'YYYYMMDD') as VALID_DT_date,
   			SRC_BY_GRP, 
   			GRP_LIST, 
   			NUM_OF_EXP, 
   			BND_CL_POS, 
   			EQ_CL_POS, 
   			DER_CL_POS, 
   			CRT_DT, 
   			UPD_DT, 
   			CRT_USR, 
   			UPD_USR, 
   			PTFSTPAR, 
   			PTFHCPAR 
		</selectClause>
		<orderClause>VALID_DT DESC</orderClause>
	 	</operationBinding>
	 	
	 </operationBindings>
	 	
</DataSource>