<DataSource tableName="liqstress"
				   ID="liqstress"
	dataSourceVersion="1"
		  serverType="sql">
	<fields>
		<field title="Calc. date" name="CALC_DT" primaryKey="true" customSelectExpression="TIMESTAMP_FORMAT(cast(CALC_DT as varchar(8)),'YYYYMMDD')" type="date"  width="90" canFilter="true" canEdit="false" align="left" cellAlign="left" detail="false" />
		<field title="Calc. date" name="CALC_DT_num"  type="integer"  width="100%" canFilter="true" canEdit="false" align="left" cellAlign="left" detail="true" />
		<field title="List date" name="LIST_DT"  type="text"  width="100" canFilter="true" canEdit="false" align="left" cellAlign="left" detail="true" />
		<field title="Total Liquid Needs" name="TOTLIQNEE" type="float"  format="###,##0" required="true" width="100%" canFilter="true" canEdit="false"  align="left" cellAlign="left" detail="false" />
		<field title="Total Assets" name="TOTASSETS" type="float" format="###,##0" required="true" width="30%" canFilter="true" canEdit="false" align="left" cellAlign="left" detail="false" />
		<field title="Liq.Coverage Ratio" name="COVRATIO" required="true" type="float" format="###,##0" width="120" canFilter="true" canEdit="false" align="left" cellAlign="left" detail="false" />
		<field title="Soft limit" name="SOFTLIM" required="true" type="float" format="##0.###"  width="100" canFilter="true" canEdit="false" align="left" cellAlign="left" detail="false" />
		<field title="Hard limit" name="HARDLIM" required="true" type="float" format="##0.###"  width="100" canFilter="true" canEdit="false" align="left" cellAlign="left" detail="false" />
		<field title="TLN Flag" name="TLNFLAG" type="text" required="true" width="20%" canFilter="true" canEdit="false" detail="true" />
		<field title="TotA Flag" name="TOTAFLAG" type="text" required="true" width="20%" canFilter="true" canEdit="false" detail="true" />
		<field title="Date create" name="CRT_DT"  required="true" type="datetime" width="100" canFilter="true" canEdit="false" align="left" cellAlign="left" detail="true" />
		<field title="Date update" name="UPD_DT"  required="true" type="datetime" width="100" canFilter="true" canEdit="false" align="left" cellAlign="left" detail="true" />
		<field title="User create" name="CRT_USR"  required="true" type="text" width="100" canFilter="true" canEdit="false" align="left" cellAlign="left" detail="true" />
		<field title="User update" name="UPD_USR"  type="text" required="true" width="100" canFilter="true" canEdit="false" align="left" cellAlign="left" detail="true"/>
	</fields>
	<serverObject lookupStyle="new" className="it.ccg.liqweb.server.dmi.StandardDMI"/>
	<operationBindings>
	<operationBinding operationType="fetch" operationId="CustomDateFetch"
	 	customValueFields="CALC_DT_num" customCriteriaFields="CALC_DT_num">  
	       <customSQL>
				<![CDATA[select TIMESTAMP_FORMAT(cast(CALC_DT as varchar(8)),'YYYYMMDD') as CALC_DT,
					liqstress.CALC_DT as CALC_DT_num,
					liqstress.LIST_DT as LIST_DT,
					ROUND(cast(liqstress.TOTLIQNEE as FLOAT),2) as TOTLIQNEE,
					ROUND(cast(liqstress.TOTASSETS as FLOAT),2) as TOTASSETS,
					ROUND(cast(liqstress.COVRATIO as FLOAT),2) as COVRATIO,
					cast(liqstress.HARDLIM as FLOAT) as HARDLIM,
					cast(liqstress.SOFTLIM as FLOAT) as SOFTLIM,
					liqstress.TLNFLAG,
					liqstress.TOTAFLAG,
					liqstress.CRT_DT,
					liqstress.UPD_DT,
					liqstress.CRT_USR,
					liqstress.UPD_USR
	  				FROM liqstress 
	  				where  ($defaultWhereClause)
	  					]]>
	 	</customSQL>
	        </operationBinding>
	       
	</operationBindings>
</DataSource>