<DataSource tableName="liqitems"
				   ID="liquidity_items_ordinary"
	dataSourceVersion="1"
		  serverType="sql">
	<fields>
		<field title="Item ID" name="ITEM_ID" primaryKey="true" required="true" detail="false" type="text" width="40%" align="left" cellAlign="left" canFilter="true" canEdit="false" />
		<field title="Item name" customSQL="true" tableName="rfliqitems"  name="ITEM_NAME" type="text" length="255" required="true" width="100%" canFilter="true" canEdit="false" detail="false" />
		<field title="Stage ref." customSQL="true" tableName="rfliqitems"  name="STG_REF" type="text" length="255" required="true" width="100%" canFilter="true" canEdit="false" detail="true" />
		<field title="Ref. date" name="REF_DT" primaryKey="true" required="true" type="integer" minwidth="100"  width="100%" canFilter="true" canEdit="false" align="left" cellAlign="left" detail="false" />
		<field title="Ref. date" name="REF_DT_date"  customSelectExpression="TIMESTAMP_FORMAT(cast(liqitems.REF_DT as varchar(8)),'YYYYMMDD')" type="date"  width="120" canFilter="true" canEdit="false" align="left" cellAlign="left" detail="true" />
		<field title="Calc. date" name="CALC_DT" customSelectExpression="TIMESTAMP_FORMAT(cast(liqitems.CALC_DT as varchar(8)),'YYYYMMDD')" primaryKey="true" required="true" type="date"  width="100%" canFilter="true" canEdit="false" align="left" cellAlign="left" detail="false" />
		<field title="Cash amount" name="CASH_AMNT" type="float" customUpdateExpression="$values.CASH_AMNT" format="###,000" required="true" width="110" canFilter="true" canEdit="false" detail="false" />
		<field title="Calc. trace" name="CALC_TRACE" type="text"  length="10000" required="false" width="20%" canFilter="true" canEdit="false" detail="true" />
		<field title="Is valid" name="IS_VALID" type="text" required="true" width="20%" canFilter="true" canEdit="false" detail="true" />
		<field title="Estimate item ID" customSQL="true" tableName="rfliqitems"  name="EST_ITEM_ID" required="false" type="text" width="120" canFilter="true" canEdit="false" align="left" cellAlign="left" detail="true" />
		<field title="Reliability" customSQL="true" tableName="rfliqitems"  name="ITEM_RLBTY" type="text" length="3" required="true" width="20%" canFilter="true" canEdit="false" detail="true" />
		<field title="Item group ID"  customSQL="true" tableName="rfliqitems" name="ITEM_GR_ID" type="text" length="50" required="true" width="20%" canFilter="true" canEdit="false" detail="false" />
		<field title="Is eod" customSQL="true" tableName="rfliqitems"  name="IS_EOD" type="text" required="true" width="20%" canFilter="true" canEdit="false" detail="true" />
		<field title="Item type" customSQL="true" tableName="rfliqitems"  name="ITEM_TYPE" type="text" length="6" required="true" width="20%" canFilter="true" canEdit="false" detail="true" />
		<field title="Formula" customSQL="true" tableName="rfliqitems"  name="FORMULA_TR" type="text" length="10000" required="false" width="600" canFilter="true" canEdit="false" detail="false" />
		<field title="Date create" name="CRT_DT"  required="true" type="datetime" width="100" canFilter="true" canEdit="false" align="left" cellAlign="left" detail="true" />
		<field title="Date update" name="UPD_DT"  required="true" type="datetime" width="100" canFilter="true" canEdit="false" align="left" cellAlign="left" detail="true" />
		<field title="User create" name="CRT_USR"  required="true" type="text" width="100" canFilter="true" canEdit="false" align="left" cellAlign="left" detail="true" />
		<field title="User update" name="UPD_USR"  type="text" required="true" width="100" canFilter="true" canEdit="false" align="left" cellAlign="left" detail="true"/>
	</fields>
	
	<serverObject lookupStyle="new" className="it.ccg.liqweb.server.dmi.StandardDMI"/>
	<operationBindings>
	
	<operationBinding operationType="fetch" 
	customValueFields="EST_ITEM_ID,ITEM_RLBTY,ITEM_GR_ID,ITEM_NAME,IS_EOD,ITEM_TYPE,FORMULA_TR,REF_DT_date,STG_REF" 
	customCriteriaFields="EST_ITEM_ID,ITEM_RLBTY,ITEM_GR_ID,ITEM_NAME,IS_EOD,ITEM_TYPE,FORMULA_TR,REF_DT_date,STG_REF">  
	       <customSQL>
			<![CDATA[select liqitems.ITEM_ID,
					liqitems.REF_DT,
					liqitems.CALC_DT,
					TIMESTAMP_FORMAT(cast(liqitems.REF_DT as varchar(8)),'YYYYMMDD') as REF_DT_date,
					cast(liqitems.CASH_AMNT as FLOAT) as CASH_AMNT,
					liqitems.CALC_TRACE,
					liqitems.IS_VALID,
					rfliqitems.EST_ITEM_ID,
					rfliqitems.ITEM_RLBTY,
					rfliqitems.ITEM_GR_ID,
					rfliqitems.ITEM_NAME,
					rfliqitems.IS_EOD,
					rfliqitems.ITEM_TYPE,
					rfliqitems.FORMULA_TR,
					rfliqitems.STG_REF,
					liqitems.UPD_DT
	  					FROM liqitems 
	  					left join rfliqitems 
	  					on liqitems.ITEM_ID= rfliqitems.ITEM_ID
	  					where liqitems.IS_VALID='T'
	  					AND ($defaultWhereClause)
	  				order by rfliqitems.ITEM_NAME ASC
	  					]]>
	  </customSQL>
	 	</operationBinding>
	 	
	 	<operationBinding operationType="fetch" operationId="fetchPos" 
	customValueFields="EST_ITEM_ID,ITEM_RLBTY,ITEM_GR_ID,ITEM_NAME,IS_EOD,ITEM_TYPE,FORMULA_TR,REF_DT_date,STG_REF" 
	customCriteriaFields="EST_ITEM_ID,ITEM_RLBTY,ITEM_GR_ID,ITEM_NAME,IS_EOD,ITEM_TYPE,FORMULA_TR,REF_DT_date,STG_REF">  
	       <customSQL>
			<![CDATA[select liqitems.ITEM_ID,
					liqitems.REF_DT,
					liqitems.CALC_DT,
					TIMESTAMP_FORMAT(cast(liqitems.REF_DT as varchar(8)),'YYYYMMDD') as REF_DT_date,
					cast(liqitems.CASH_AMNT as FLOAT) as CASH_AMNT,
					liqitems.CALC_TRACE,
					liqitems.IS_VALID,
					rfliqitems.EST_ITEM_ID,
					rfliqitems.ITEM_RLBTY,
					rfliqitems.ITEM_GR_ID,
					rfliqitems.ITEM_NAME,
					rfliqitems.IS_EOD,
					rfliqitems.ITEM_TYPE,
					rfliqitems.FORMULA_TR,
					rfliqitems.STG_REF,
					liqitems.UPD_DT
	  					FROM liqitems 
	  					left join rfliqitems 
	  					on liqitems.ITEM_ID= rfliqitems.ITEM_ID
	  					where liqitems.IS_VALID='T'
	  					AND liqitems.CASH_AMNT != 0
	  					AND ($defaultWhereClause)
	  				order by rfliqitems.ITEM_NAME ASC
	  					]]>
	  </customSQL>
	 	</operationBinding>	 	
	 </operationBindings>
</DataSource>