<DataSource tableName="liqchart"
				   ID="liquidity_chart"
	dataSourceVersion="1"
		  serverType="sql">
	<fields>
		<field title="Item ID" name="ITEM_ID" primaryKey="true" required="true" detail="false" type="text" width="30%" align="left" cellAlign="left" canFilter="true" canEdit="false" />
		<field title="Item name"   name="ITEM_NAME" type="text" length="255" required="true" width="200" canFilter="true" canEdit="false" detail="false" />
		<field title="Index" name="T_INDEX" type="float" primaryKey="true" required="true" width="100%" canFilter="true" canEdit="false" detail="false" />
		<field title="Daily liq." name="DAY_LIQ" type="float"  required="true" width="100%" canFilter="true" canEdit="false" detail="false" />
		<field title="Delta" name="DELTA" type="float"  required="true" width="100%" canFilter="true" canEdit="false" detail="false" />
		<field title="Goal" name="GOAL" type="float"  required="true" width="100%" canFilter="true" canEdit="false" detail="false" />
		<field title="Ref. date" name="REF_DT" primaryKey="true" required="true" type="integer"  width="120" canFilter="true" canEdit="false" align="left" cellAlign="left" detail="false" />
		<field title="Date create" name="CRT_DT"  required="true" type="datetime" width="100" canFilter="true" canEdit="false" align="left" cellAlign="left" detail="true" />
		<field title="Date update" name="UPD_DT"  required="true" type="datetime" width="100" canFilter="true" canEdit="false" align="left" cellAlign="left" detail="true" />
		<field title="User create" name="CRT_USR"  required="true" type="text" width="100" canFilter="true" canEdit="false" align="left" cellAlign="left" detail="true" />
		<field title="User update" name="UPD_USR"  type="text" required="true" width="100" canFilter="true" canEdit="false" detail="true" align="left" cellAlign="left" />
	</fields>
</DataSource>