<DataSource tableName="liqitems"
				   ID="liquidity_items_unbal_var"
	dataSourceVersion="1"
		  serverType="sql">
	<fields>
		<field title="Item ID" name="ITEM_ID" primaryKey="true" required="true" detail="false" type="text" width="30%" align="left" cellAlign="left" canFilter="true" canEdit="false" />
		<field title="Ref. date" name="REF_DT" primaryKey="true" required="true" type="integer"  width="120" canFilter="true" canEdit="false" align="left" cellAlign="left" detail="false" />
		<field title="Calc. date" name="CALC_DT" customSelectExpression="TIMESTAMP_FORMAT(cast(liqitems.CALC_DT as varchar(8)),'YYYYMMDD')" primaryKey="true" required="true" type="date"  width="100%" canFilter="true" canEdit="false" align="left" cellAlign="left" detail="false" />
		<field title="Cash amount" name="CASH_AMNT" type="float" customUpdateExpression="$values.CASH_AMNT" format="###,000" required="true" width="100%" canFilter="true" canEdit="false" detail="false" />
		<field title="Calc. trace" name="CALC_TRACE" type="text"  length="10000" required="false" width="20%" canFilter="true" canEdit="false" detail="true" />
		<field title="Is valid" name="IS_VALID" type="text" required="true" width="20%" canFilter="true" canEdit="false" detail="true" />
		<field title="Estimate item ID" customSQL="true" tableName="refliqitems"  name="EST_ITEM_ID" required="false" type="text" width="120" canFilter="true" canEdit="false" align="left" cellAlign="left" detail="true" />
		<field title="Reliability" customSQL="true" tableName="refliqitems"  name="ITEM_RLBTY" type="text" length="3" required="true" width="20%" canFilter="true" canEdit="false" detail="true" />
		<field title="Item group ID"  customSQL="true" tableName="refliqitems" name="ITEM_GR_ID" type="text" length="50" required="true" width="20%" canFilter="true" canEdit="false" detail="true" />
		<field title="Item name" customSQL="true" tableName="refliqitems"  name="ITEM_NAME" type="text" length="255" required="true" width="200" canFilter="true" canEdit="false" detail="false" />
		<field title="Is eod" customSQL="true" tableName="refliqitems"  name="IS_EOD" type="text" required="true" width="20%" canFilter="true" canEdit="false" detail="true" />
		<field title="Item type" customSQL="true" tableName="refliqitems"  name="ITEM_TYPE" type="text" length="6" required="true" width="20%" canFilter="true" canEdit="false" detail="true" />
		<field title="Formula" customSQL="true" tableName="refliqitems"  name="FORMULA_TR" type="text" length="10000" required="false" width="20%" canFilter="true" canEdit="false" detail="true" />
		<field title="Date create" name="CRT_DT"  required="true" type="datetime" width="100" canFilter="true" canEdit="false" align="left" cellAlign="left" detail="true" />
		<field title="Date update" name="UPD_DT"  required="true" type="datetime" width="100" canFilter="true" canEdit="false" align="left" cellAlign="left" detail="true" />
		<field title="User create" name="CRT_USR"  required="true" type="text" width="100" canFilter="true" canEdit="false" align="left" cellAlign="left" detail="true" />
		<field title="User update" name="UPD_USR"  type="text" required="true" width="100" canFilter="true" canEdit="false" align="left" cellAlign="left" detail="true"/>
		</fields>
		
	<serverObject lookupStyle="new" className="it.ccg.liqweb.server.dmi.StandardDMI"/>
		<operationBindings>
	
	<operationBinding operationType="fetch">  
	       <customSQL>
			<![CDATA[  select liqitems.REF_DT,
						liqitems.CALC_DT,
						liqitems.ITEM_ID,
						liqitems.CASH_AMNT
	  					FROM liqitems 
	  					where liqitems.IS_VALID='true'
	  					AND ($defaultWhereClause)
	  					]]>
	  </customSQL>
	 	</operationBinding> 
	 	
	 	<operationBinding operationType="fetch" operationId="customFetch">  
	       <customSQL>
			<![CDATA[SELECT r.ITEM_ID, l2.CASH_AMNT, l2.REF_DT,l2.CALC_DT,
						(select sum(l.CASH_AMNT)as total
						from refliqitems r
						full outer join liqitems l on r.ITEM_ID = l.ITEM_ID
						and l.REF_DT = $criteria.lastDate
						where r.ITEM_ID in ('ManCshRet','VolCtb','AutCshRet','IntOpeLnk','CshForStl','EodCshCll')) as unbalance,
						((select sum(l.CASH_AMNT)as total
						from refliqitems r
						full outer join liqitems l on r.ITEM_ID = l.ITEM_ID
						and l.REF_DT = $criteria.lastDate
						where r.ITEM_ID in ('ManCshRet','VolCtb','AutCshRet','IntOpeLnk','CshForStl','EodCshCll')) -
						(select sum(l.CASH_AMNT)as total
						from refliqitems r
						full outer join liqitems l on r.ITEM_ID = l.ITEM_ID
						and l.REF_DT = $criteria.firstDate
						where r.ITEM_ID in ('ManCshRet','VolCtb','AutCshRet','IntOpeLnk','CshForStl','EodCshCll'))) as unbalance_variation
						FROM refliqitems r
						full outer join liqitems l on r.ITEM_ID = l.ITEM_ID
						and l.REF_DT = $criteria.firstDate
						full outer join liqitems l2 on r.ITEM_ID = l2.ITEM_ID
						and l2.REF_DT = $criteria.lastDate
						where r.ITEM_ID in ('ManCshRet','VolCtb','AutCshRet','IntOpeLnk','CshForStl','EodCshCll')  
						AND ($defaultWhereClause)
	  					]]>
	  </customSQL>
	 	</operationBinding> 
	 	
	 	<operationBinding operationType="update" operationId="customUpdate">  
	       <whereClause><![CDATA[ AND $defaultWhereClause]]></whereClause>  
	 	</operationBinding> 
	 	  	
   	</operationBindings>
	
</DataSource>