<DataSource tableName="priceser"
				   ID="price_series"
	dataSourceVersion="1"
		  serverType="sql">
	<fields>
		<field title="ISIN Code" name="ISIN" required="true" primaryKey="true" type="text" width="170" canFilter="true"  canEdit="false" align="left" cellAlign="left" detail="false" />
		<field title="Dt. ref." name="REF_DT" required="true" primaryKey="true"  detail="false" type="integer" width="120" align="left" cellAlign="left" canFilter="true" canEdit="false" />
		<field title="Price" name="PRICE" required="true" type="float" customSelectExpression="CAST(business_reg_entity_id as FLOAT)"  customUpdateExpression="$values.business_reg_entity_id" format="###,000"  width="12%" canFilter="true" canEdit="false" align="right" cellAlign="right" detail="false" />
		<field title="Date create" name="CRT_DT"  required="true" type="datetime" width="100" canFilter="true" canEdit="false" align="left" cellAlign="left" detail="true" />
		<field title="Date update" name="UPD_DT"  required="true" type="datetime" width="100" canFilter="true" canEdit="false" align="left" cellAlign="left" detail="true" />
		<field title="User create" name="CRT_USR"  required="true" type="text" width="100" canFilter="true" canEdit="false" align="left" cellAlign="left" detail="true" />
		<field title="User update" name="UPD_USR"  type="text" required="true" width="100" canFilter="true" canEdit="false" align="left" cellAlign="left" detail="true"/>
	</fields>
	<serverObject lookupStyle="new" className="it.ccg.liqweb.server.dmi.StandardDMI"/>
</DataSource>