<DataSource tableName="rfaccounts"
				   ID="ref_account"
	dataSourceVersion="1"
		  serverType="sql">
	<fields>
		<field title="Account name" name="ACC_NAME" required="true" type="text" width="120" canFilter="true" canEdit="false" align="left" cellAlign="left" detail="false" />
		<field title="IBAN" name="IBAN" primaryKey="true" required="true" detail="false" type="text" width="120" align="left" cellAlign="left" canFilter="true" canEdit="false" />
		<field title="LEI Code" name="LEI" required="true" type="text" width="120" canFilter="true" canEdit="false" align="left" cellAlign="left" detail="false" />
		<field title="Own fund" name="OWN_FUND" type="text" required="true" width="20%" canFilter="true" canEdit="false" detail="false" />
		<field title="Currency" name="CURRENCY" type="text" required="true" width="20%" canFilter="true" canEdit="false" detail="false" />
		<field title="Date create" name="CRT_DT"  required="true" type="datetime" width="100" canFilter="true" canEdit="false" align="left" cellAlign="left" detail="true" />
		<field title="Date update" name="UPD_DT"  required="true" type="datetime" width="100" canFilter="true" canEdit="false" align="left" cellAlign="left" detail="true" />
		<field title="User create" name="CRT_USR"  required="true" type="text" width="100" canFilter="true" canEdit="false" align="left" cellAlign="left" detail="true" />
		<field title="User update" name="UPD_USR"  type="text" required="true" width="100" canFilter="true" canEdit="false" align="left" cellAlign="left" detail="true"/>
   	</fields>
	<serverObject lookupStyle="new" className="it.ccg.liqweb.server.dmi.StandardDMI"/>
</DataSource>