<DataSource tableName="rfleirptry"
				   ID="ref_lei_repository"
	dataSourceVersion="1"
		  serverType="sql">
	<fields>
		<field title="LEI Code" name="LEI" required="true" primaryKey="true" type="text" width="170" canFilter="true"  canEdit="false" align="left" cellAlign="left" detail="false" />
		<field title="Business reg. entity ID" name="BUS_REG_ID" required="false"  detail="true" type="text" width="120" align="left" cellAlign="left" canFilter="true" canEdit="false" />
		<field title="Legal name" name="LEGAL_NAME" required="true" type="text"  width="12%" canFilter="true" canEdit="false" align="left" cellAlign="left" detail="true" />
		<field title="Country" name="COUNTRY" required="true" length="3" type="text" width="100%" canFilter="true" canEdit="false" detail="true" />
		<field title="Entity status" name="STATUS" required="true" length="1" type="text" width="8%" canFilter="true" canEdit="false" align="left" cellAlign="left" detail="true" />
		<field title="Address legal" name="ADDR_LEGAL"  required="false" type="text" width="100" canFilter="true" canEdit="false" align="left" cellAlign="left" detail="true" />
		<field title="Address headquarters" name="ADDR_HEADQ"  required="false" type="text" width="100" canFilter="true" canEdit="false" align="left" cellAlign="left" detail="true" />
	</fields>	
	<serverObject lookupStyle="new" className="it.ccg.liqweb.server.dmi.StandardDMI"/>
</DataSource>