<DataSource tableName="rfliqparam"
			ID="ref_liq_param"
			dataSourceVersion="1"
		  	serverType="sql">
	<fields>
	<field title="Indice" name="IDX" type="integer" primaryKey="true" required="true" detail="true"  width="120" align="left" cellAlign="left" canEdit="false" />
		<field title="Credit lines" name="CRE_LINES" type="float" customSelectExpression="CAST(CRE_LINES as FLOAT)"  customUpdateExpression="$values.CRE_LINES" required="true" detail="false"  width="120" align="right" cellAlign="right" canFilter="true" canEdit="false">
			<validators>
		        <validator type="isFloat" errorMessage="Must be a valid decimal" />  
	 		</validators>
	 	</field>
		<field title="Cash for settlement" name="CASH_STLMT" type="float" customUpdateExpression="$values.CASH_STLMT"  required="true" width="120" canFilter="true" canEdit="false" align="right" cellAlign="right" detail="false">
			<validators>
		        <validator type="isFloat" errorMessage="Must be a valid decimal" />  
	 		</validators>
		</field>
		<field title="Date create" name="CRT_DT"  required="true" type="datetime" width="100" canFilter="true" canEdit="false" align="left" cellAlign="left" detail="true" />
		<field title="Date update" name="UPD_DT"  required="true" type="datetime" width="100" canFilter="true" canEdit="false" align="left" cellAlign="left" detail="true" />
		<field title="User create" name="CRT_USR"  required="true" type="text" width="100" canFilter="true" canEdit="false" align="left" cellAlign="left" detail="true" />
		<field title="User update" name="UPD_USR"  type="text" required="true" width="100" canFilter="true" canEdit="false" align="left" cellAlign="left" detail="true"/>
   	</fields>
	<serverObject lookupStyle="new" className="it.ccg.liqweb.server.dmi.StandardDMI"/>
</DataSource>