<DataSource tableName="countries"
				   ID="ref_country"
	dataSourceVersion="1"
		  serverType="sql">
	<fields>
		<field title="Country ISO3" name="COUNTRY_ISO3" length="3" primaryKey="true" required="true" detail="false" type="text" width="100" align="left" cellAlign="left" canFilter="true" canEdit="false" />
		<field title="Country ISO2" name="COUNTRY_ISO2" length="2" required="false" type="text" width="120" canFilter="true" canEdit="false" align="left" cellAlign="left" detail="false" />
		<field title="Country name" name="COUNTRY_NAME"  length="50" type="text" width="200" required="false" canFilter="true" canEdit="false" detail="false" />
		<field title="Country zone" name="COUNTRY_ZONE" length="50" type="text" width="100%" required="false" canFilter="true" canEdit="false" detail="false" />
		<field title="Date create" name="CRT_DT"  required="true" type="datetime" width="100" canFilter="true" canEdit="false" align="left" cellAlign="left" detail="true" />
		<field title="Date update" name="UPD_DT"  required="true" type="datetime" width="100" canFilter="true" canEdit="false" align="left" cellAlign="left" detail="true" />
		<field title="User create" name="CRT_USR"  required="true" type="text" width="100" canFilter="true" canEdit="false" align="left" cellAlign="left" detail="true" />
		<field title="User update" name="UPD_USR"  type="text" required="true" width="100" canFilter="true" canEdit="false" align="left" cellAlign="left" detail="true"/>
   	</fields>
	<serverObject lookupStyle="new" className="it.ccg.liqweb.server.dmi.StandardDMI"/>
</DataSource>