<DataSource tableName="rfrepo"
				   ID="ref_repo"
	dataSourceVersion="1"
		  serverType="sql">
		<fields>
		<field title="Repo ID" name="REPO_ID" primaryKey="true" detail="false" width="100" align="left" cellAlign="left" canFilter="true" canEdit="false"/>
		<field title="Counterparty" name="CNTPTY" detail="false" type="text" width="50%" align="left" cellAlign="left" canFilter="true" canEdit="false" />
		<field title="Basket ID" name="BASKET_ID" required="true" type="text"  width="12%" canFilter="true" canEdit="false" align="left" cellAlign="left" detail="false" />
		<field title="Duration" name="DURATION" required="true" length="20" type="text" width="100%" canFilter="true" canEdit="false" detail="true" />
		<field title="Cash giver" name="IS_CSH_GIV" required="true" type="text" width="8%" canFilter="true" canEdit="false" align="left" cellAlign="left" detail="false" />
		<field title="Date create" name="CRT_DT"  required="true" type="datetime" width="100" canFilter="true" canEdit="false" align="left" cellAlign="left" detail="true" />
		<field title="Date update" name="UPD_DT"  required="true" type="datetime" width="100" canFilter="true" canEdit="false" align="left" cellAlign="left" detail="true" />
		<field title="User create" name="CRT_USR"  required="true" type="text" width="100" canFilter="true" canEdit="false" align="left" cellAlign="left" detail="true" />
		<field title="User update" name="UPD_USR"  type="text" required="true" width="100" canFilter="true" canEdit="false" align="left" cellAlign="left" detail="true"/>
	</fields>
	<serverObject lookupStyle="new" className="it.ccg.liqweb.server.dmi.StandardDMI"/>
</DataSource>