<DataSource tableName="rflegalent"
				   ID="ref_legal_entity"
	dataSourceVersion="1"
		  serverType="sql">
	<fields>
		<field title="Legal name" name="LEGAL_NAME"  required="true" type="text" width="100%" canFilter="true" canEdit="false" align="left" cellAlign="left"   detail="false" />
		<field title="Role" customSQL="true" tableName="legentrole" name="ROLE" required="true"  primaryKey="true" detail="false" type="text" width="120" align="left" cellAlign="left" canFilter="true" canEdit="false" />
		<field title="LEI code" name="LEI" required="true" primaryKey="true" type="text" width="100" canFilter="true"  canEdit="false" align="left" cellAlign="left" detail="false" />
		<field title="LEI parent company" name="PARENT_LEI" required="false"  detail="true" type="text" width="120" align="left" cellAlign="left" canFilter="true" canEdit="false" />
		<field title="Business reg." name="BUS_REG_ID" required="false" type="text"  width="12%" canFilter="true" canEdit="false" align="left" cellAlign="left" detail="true" />
		<field title="Ticker" name="EQ_TICKER" required="false" length="20" type="text" width="100" canFilter="true" canEdit="false" detail="true" />
		<field title="FITCH code" name="FITCH_CODE" required="false" type="text" width="100" canFilter="true" canEdit="false" align="left" cellAlign="left" detail="true" />
		<field title="BIC code" name="BIC"  required="false" type="text"  width="100" canFilter="true" canEdit="false" align="left" cellAlign="left" detail="true" />
		<field title="ABI code" name="ABI"  required="false" type="text"  width="100" canFilter="true" canEdit="false" align="left" cellAlign="left" detail="false" />
		<field title="CAB code" name="CAB" required="false" type="text" width="100" canFilter="true" canEdit="false" align="left" cellAlign="left" detail="true" />
		<field title="Country name" customSQL="true" tableName="countries" name="COUNTRY_NAME"  type="text" escapeHTML="true"  canFilter="true" width="100%" align="left" cellAlign="left" detail="false" canEdit="false"></field>
		<field title="Country zone" customSQL="true" tableName="countries" name="COUNTRY_ZONE" type="text" escapeHTML="true" width="30%" required="false" canFilter="true" canEdit="false"  detail="false" />
		<field title="Country" name="COUNTRY"  required="true" type="text" width="100" canFilter="true" canEdit="false" align="left" cellAlign="left" detail="false" />
		<field title="Address: legal" name="ADDR_LEGAL"  required="false" type="text" width="100" canFilter="true" canEdit="false" align="left" cellAlign="left" detail="true" />
		<field title="Address: headquarters" name="ADDR_HEADQ"  required="false" type="text" width="100" canFilter="true" canEdit="false" align="left" cellAlign="left" detail="true" />
	</fields>
	<serverObject lookupStyle="new" className="it.ccg.liqweb.server.dmi.StandardDMI"/>
	 	<operationBindings>  

		<operationBinding operationType="fetch"
		 customValueFields="COUNTRY_NAME,COUNTRY_ZONE,ROLE" customCriteriaFields="COUNTRY_NAME,COUNTRY_ZONE,ROLE">  
		<selectClause>rflegalent.*, countries.COUNTRY_NAME, countries.COUNTRY_ZONE, legentrole.ROLE </selectClause> 
		<tableClause>rflegalent,countries,legentrole </tableClause>  
        <whereClause><![CDATA[ rflegalent.COUNTRY= countries.COUNTRY_ISO2 AND
        					   legentrole.LEI=rflegalent.LEI AND ($defaultWhereClause)]]></whereClause> 
      	</operationBinding>

	</operationBindings>
	
</DataSource>