<DataSource tableName="rfliqitems"
				   ID="ref_liquidity_items"
	dataSourceVersion="1"
		  serverType="sql">
	<fields>
		<field title="Item ID" name="ITEM_ID" primaryKey="true" required="true" detail="false" type="text" width="120" align="left" cellAlign="left" canFilter="true" canEdit="false" />
		<field title="Estimate item ID" name="EST_ITEM_ID" required="false" type="text" width="120" canFilter="true" canEdit="false" align="left" cellAlign="left" detail="false" />
		<field title="Reliability" name="ITEM_RLBTY" type="text" length="3" required="true" width="20%" canFilter="true" canEdit="false" detail="false" />
		<field title="Group ID" name="ITEM_GR_ID" type="text" length="50" required="true" width="20%" canFilter="true" canEdit="false" detail="false" />
		<field title="Name" name="ITEM_NAME" type="text" length="255" required="true" width="20%" canFilter="true" canEdit="false" detail="false" />
		<field title="Stage Ref." name="STG_REF" type="text" length="255" required="false" width="20%" canFilter="true" canEdit="false" detail="false" />
		<field title="Is eod" name="IS_EOD" type="text" required="true" width="20%" canFilter="true" canEdit="false" detail="false" />
		<field title="Item type" name="ITEM_TYPE" type="text" length="6" required="true" width="20%" canFilter="true" canEdit="false" detail="false" />
		<field title="Formula" name="FORMULA_TR" type="text" length="10000" required="false" width="20%" canFilter="true" canEdit="false" detail="false" />
   		<field title="Date create" name="CRT_DT"  required="true" type="datetime" width="100" canFilter="true" canEdit="false" align="left" cellAlign="left" detail="true" />
		<field title="Date update" name="UPD_DT"  required="true" type="datetime" width="100" canFilter="true" canEdit="false" align="left" cellAlign="left" detail="true" />
		<field title="User create" name="CRT_USR"  required="true" type="text" width="100" canFilter="true" canEdit="false" align="left" cellAlign="left" detail="true" />
		<field title="User update" name="UPD_USR"  type="text" required="true" width="100" canFilter="true" canEdit="false" align="left" cellAlign="left" detail="true"/>
   	</fields>
	<serverObject lookupStyle="new" className="it.ccg.liqweb.server.dmi.StandardDMI"/>
   	
	<operationBindings>  

		<operationBinding operationType="fetch" operatioId="distinct_itemId">  
		<selectClause>distinct(ITEM_ID), ITEM_NAME </selectClause> 
        <orderClause> ITEM_NAME ASC</orderClause> 
      	</operationBinding>

	</operationBindings>
</DataSource>