<DataSource tableName="rfsecurity"
				   ID="ref_security"
	dataSourceVersion="1"
		  serverType="sql">
	<fields>
		<field title="ISIN code" name="ISIN" primaryKey="true" length="12" type="text" required="true"  detail="false" width="30%" align="left" cellAlign="left" canFilter="true" canEdit="false"/>
		<field title="FIGI code" name="FIGI" detail="false" type="text" width="120" align="left" cellAlign="left" canFilter="true" canEdit="false" />
		<field title="Ticker" name="TICKER" required="false" type="text"  width="12%" canFilter="true" canEdit="false" align="left" cellAlign="left" detail="false" />
		<field title="RIC code" name="RIC" required="false"  type="text" width="100%" canFilter="true" canEdit="false" detail="false" />
		<field title="FITCH code" name="FITCH_CODE" required="false" type="boolean" width="8%" canFilter="true" canEdit="false" align="left" cellAlign="left" detail="false" />
		<field title="MIC code" name="MIC" detail="false" length="3" width="30%" align="left" cellAlign="left" canFilter="true" canEdit="false" />
		<field title="Security name" name="SEC_NAMEe" detail="false" type="text" width="120" align="left" cellAlign="left" canFilter="true" canEdit="false" />
		<field title="Market sector" name="MKT_SECTOR" required="false" type="text"  width="12%" canFilter="true" canEdit="false" align="left" cellAlign="left" detail="false" />
		<field title="Security type" name="SEC_TYPE" required="false" type="text" width="100%" canFilter="true" canEdit="false" detail="false" />
		<field title="Issuer" name="ISSUER" required="false" type="text" width="8%" canFilter="true" canEdit="false" align="left" cellAlign="left" detail="false" />
		<field title="Issue date" name="ISSUE_DT" detail="false" type="integer" width="30%" align="left" cellAlign="left" canFilter="true" canEdit="false" />
		<field title="Coupon freq." name="COUPON_FRQ" detail="false" type="text" width="120" align="left" cellAlign="left" canFilter="true" canEdit="false" />
		<field title="Coupon type" name="COUPON_TYP" required="false" type="text"  width="12%" canFilter="true" canEdit="false" align="left" cellAlign="left" detail="false" />
		<field title="Coupon value" name="COUPON_VAL" required="false"  type="text" width="100%" canFilter="true" canEdit="false" detail="false" />
		<field title="Mature darte" name="MATURE_DT" required="false" type="integer" width="8%" canFilter="true" canEdit="false" align="left" cellAlign="left" detail="false" />
		<field title="Country" name="COUNTRY" length="3" detail="false" type="text" width="30%" align="left" cellAlign="left" canFilter="true" canEdit="false" />
		<field title="Currency" name="CURRENCY" length="3" detail="false" type="text" width="120" align="left" cellAlign="left" canFilter="true" canEdit="false" />
		<field title="Date create" name="CRT_DT"  required="true" type="datetime" width="100" canFilter="true" canEdit="false" align="left" cellAlign="left" detail="true" />
		<field title="Date update" name="UPD_DT"  required="true" type="datetime" width="100" canFilter="true" canEdit="false" align="left" cellAlign="left" detail="true" />
		<field title="User create" name="CRT_USR"  required="true" type="text" width="100" canFilter="true" canEdit="false" align="left" cellAlign="left" detail="true" />
		<field title="User update" name="UPD_USR"  type="text" required="true" width="100" canFilter="true" canEdit="false" align="left" cellAlign="left" detail="true"/>
	</fields>
	<serverObject lookupStyle="new" className="it.ccg.liqweb.server.dmi.StandardDMI"/>
   	
   </DataSource>