<DataSource tableName="rfbnkgroup"
				   ID="rfbnkgroup"
	dataSourceVersion="1"
		  serverType="sql">
	<fields>
		<field title="Calc. date" name="CALC_DT" primaryKey="true" required="true" type="date" customSelectExpression="TIMESTAMP_FORMAT(cast(CALC_DT as varchar(8)),'YYYYMMDD')"  customUpdateExpression="$values.CALC_DT" width="200" canFilter="true" canEdit="false" align="right" cellAlign="left" detail="false" />
		<field title="Legal name" customSQL="true" tableName="rflegalent" name="LEGAL_NAME" required="true"  type="text" width="100%" align="left" cellAlign="left" canFilter="true" canEdit="false" detail="false" />
		<field title="Ref. date" name="REF_DT" primaryKey="true" required="true" type="date" customSelectExpression="TIMESTAMP_FORMAT(cast(REF_DT as varchar(8)),'YYYYMMDD')"  customUpdateExpression="$values.REF_DT" width="100" canFilter="true" canEdit="false" align="right" cellAlign="left" detail="true" />
		<field title="Clearing Mbr.ID" name="CL_MBR_ID" primaryKey="true"  required="true" detail="false" type="integer" width="100" align="left" cellAlign="left" canFilter="true" canEdit="false" />
		<field title="Bank Grp.ID" name="BNK_GRP_ID"  required="true" detail="false" type="integer" width="100" align="left" cellAlign="left" canFilter="true" canEdit="false" />
		<field title="Bank Grp.Name" name="BNK_GRP_NM" type="text" required="true" width="60%" canFilter="true" canEdit="false" detail="false" />
		<field title="Date create" name="CRT_DT"  required="true" type="datetime" width="100" canFilter="true" canEdit="false" align="left" cellAlign="left" detail="true" />
		<field title="Date update" name="UPD_DT"  required="true" type="datetime" width="100" canFilter="true" canEdit="false" align="left" cellAlign="left" detail="true" />
		<field title="User create" name="CRT_USR"  required="true" type="text" width="100" canFilter="true" canEdit="false" align="left" cellAlign="left" detail="true" />
		<field title="User update" name="UPD_USR"  type="text" required="true" width="100" canFilter="true" canEdit="false" align="left" cellAlign="left" detail="true"/>
   	</fields>
	<serverObject lookupStyle="new" className="it.ccg.liqweb.server.dmi.StandardDMI"/>
   	
   	<operationBindings>  

		<operationBinding operationType="fetch"
		 customValueFields="LEGAL_NAME" customCriteriaFields="LEGAL_NAME">  
		<selectClause>rfbnkgroup.*,rflegalent.LEGAL_NAME </selectClause> 
		<tableClause>rfbnkgroup,rflegalent,legentrole </tableClause>  
        <whereClause><![CDATA[ rfbnkgroup.CL_MBR_ID = legentrole.REF_SYS_ID AND
        						legentrole.REF_SYSTEM='SIC' AND
        						legentrole.LEI=rflegalent.LEI 
        						 AND ($defaultWhereClause)]]></whereClause>
        <orderClause>BNK_GRP_NM ASC</orderClause> 
      	</operationBinding>

	</operationBindings>
	
</DataSource>