<DataSource 
	tableName="rskcom"
	ID="rskcom"
	dataSourceVersion="1"
	serverType="sql"
>
	<fields>
	<field title="Motivation date" name="RCDATE" type="date"   width="120"  canEdit="true" align="left" cellAlign="left" detail="false"></field>
		<field title="Code" name="RCCODE" type="sequence" filterOperator="equals" primaryKey="true" canEdit="false"  width="120" align="left" cellAlign="left" detail="true"></field>
		<field title="Motivation description" name="RCDESC" length="30" required="true"  type="text" escapeHTML="true"      width="100%" canEdit="true" align="left" cellAlign="left" detail="false">
		  <validators>  
             <validator type="isUnique"  errorMessage="Another record with same description already exists."/>  
          </validators>
		</field>
		<field title="Df. valid date" name="DFINIVDATE" customSelectExpression="TIMESTAMP_FORMAT(cast(DFINIVDATE as varchar(8)),'YYYYMMDD')"  type="date" 
						customUpdateExpression="cast(substring(CAST($values.DFINIVDATE as varchar(10)) ,1,4)as int)*10000
										+ cast(substring(CAST($values.DFINIVDATE as varchar(10)) ,6,2)as int)*100
										+ cast(substring(CAST($values.DFINIVDATE as varchar(10)) ,9,2)as int)"
				                      width="100" canEdit="true" align="left" cellAlign="left" detail="false" ></field>
		<field title="Update date" name="UPDDATE" type="datetime"  width="100" editorType="TextItem" align="left" cellAlign="left" canEdit="false" detail="false"></field>
		<field title="Update type" name="UPDTYPE"  type="text" escapeHTML="true"      canEdit="false" length="1" width="100" align="left" cellAlign="left" detail="false">
           <valueMap>
				<value ID="C">Create</value>
				<value ID="U">Update</value>
			</valueMap>
		</field>
		<field title="Update user" name="UPDUSR" length="30"  type="text" escapeHTML="true"      canEdit="false" width="100" align="left" cellAlign="left" detail="false"></field>
	</fields>
	<serverObject lookupStyle="new" className="it.ccg.liqweb.server.dmi.StandardDMI"/>
</DataSource>