<DataSource tableName="stgintopln"
				   ID="stg_interoperability_link"
	dataSourceVersion="1"
		  serverType="sql">
	<fields>
		<field title="Ref. date" name="CALC_DT" primaryKey="true" required="true" detail="false" type="date" customSelectExpression="TIMESTAMP_FORMAT(cast(CALC_DT as varchar(8)),'YYYYMMDD')"  customUpdateExpression="$values.CALC_DT" width="80" align="left" cellAlign="left" canFilter="true" canEdit="false" />
		<field title="LCH" name="LCH" type="float" customSelectExpression="CAST(LCH as FLOAT)"  customUpdateExpression="$values.LCH" format="###,0##" width="130" canFilter="true" canEdit="false" align="right" cellAlign="right" detail="true" />
		
		<field title="CCG Excess Cash" name="LCHPos" type="float" customSelectExpression="CAST(LCH as FLOAT)"  customUpdateExpression="$values.LCHPos" format="###,0##" width="130" canFilter="true" canEdit="false" align="right" cellAlign="right" detail="false" />
		<field title="Cash Call to CCG" name="LCHNeg" type="float" customSelectExpression="CAST(LCH as FLOAT)"  customUpdateExpression="$values.LCHNeg" format="###,0##" width="130" canFilter="true" canEdit="false" align="right" cellAlign="right" detail="false" />
		
		<field title="Legal name" customSQL="true" tableName="rflegalent" name="LEGAL_NAME" required="true"  type="text" width="100%" align="left" cellAlign="left" canFilter="true" canEdit="false" detail="false" />
		<field title="Sell Fails"  name="LCHFAIL"  type="float" customSelectExpression="CAST(LCHFAIL as FLOAT)"   format="###,##0" width="130" canFilter="true" canEdit="false" align="right" cellAlign="right" detail="false" />
		<field title="Int.TO Cnet"  name="INT2CNET"  type="float" customSelectExpression="CAST(INT2CNET as FLOAT)"   format="###,##0" width="130" canFilter="true" canEdit="false" align="right" cellAlign="right" detail="false" />
		<field title="Init.Mar. with Fails" name="CCG_IN_MAR" type="float" customSelectExpression="CAST(CCG_IN_MAR as FLOAT)"  customUpdateExpression="$values.CCG_IN_MAR" format="###,##0" width="130" canFilter="true" canEdit="false" align="right" cellAlign="right" detail="true" />
		<field title="Init.Mar. with Fails(T-1)" name="CCG_ACC_BAL" type="float" customSelectExpression="CAST(CCG_ACC_BAL as FLOAT)"  customUpdateExpression="$values.CCG_ACC_BAL" format="###,##0" width="20%" canFilter="true" canEdit="false" detail="true" align="right" cellAlign="right"/>
		<field title="MIA T-1" name="CCG_ADD_MAR_2"  type="float" customSelectExpression="CAST(CCG_ADD_MAR_2 as FLOAT)"  customUpdateExpression="$values.CCG_ADD_MAR_2" format="###,##0" required="false" width="120" canFilter="true" canEdit="false" detail="true" align="right" cellAlign="right"/>
		<field title="MIA" name="CCG_ADD_MAR_1"  type="float" customSelectExpression="CAST(CCG_ADD_MAR_1 as FLOAT)"  customUpdateExpression="$values.CCG_ADD_MAR_1" format="###,##0" width="130" canFilter="true" canEdit="false" align="right" cellAlign="right" detail="true" />
		<field title="Cash Call to LCH" name="CLE_CSH_CLL"  type="float" customSelectExpression="CAST(CLE_CSH_CLL as FLOAT)"  customUpdateExpression="$values.CLE_CSH_CLL" format="###,##0" width="130" canFilter="true" canEdit="false" detail="false" align="right" cellAlign="right"/>
		<field title="LCH Excess Cash" name="CLE_EX_CSH" type="float" customSelectExpression="CAST(CLE_EX_CSH as FLOAT)"  customUpdateExpression="$values.CLE_EX_CSH" format="###,##0" required="false" width="20%" canFilter="true" canEdit="false" detail="false" align="right" cellAlign="right"/>
		<field title="Date create" name="CRT_DT"  required="true" type="datetime" width="100" canFilter="true" canEdit="false" align="left" cellAlign="left" detail="true" />
		<field title="Date update" name="UPD_DT"  required="true" type="datetime" width="100" canFilter="true" canEdit="false" align="left" cellAlign="left" detail="true" />
		<field title="User create" name="CRT_USR"  required="true" type="text" width="100" canFilter="true" canEdit="false" align="left" cellAlign="left" detail="true" />
		<field title="User update" name="UPD_USR"  type="text" required="true" width="100" canFilter="true" canEdit="false" align="left" cellAlign="left" detail="true"/>
	</fields>
	<serverObject lookupStyle="new" className="it.ccg.liqweb.server.dmi.StandardDMI"/>
	
	 <operationBindings>
		<operationBinding operationType="fetch"
		customValueFields="LCHPos,LCHNeg" customCriteriaFields="LCHPos,LCHNeg"> 
		  <customSQL>
			<![CDATA[  select 
					CAST(stgintopln.CCG_IN_MAR as FLOAT) as CCG_IN_MAR,
	     			TIMESTAMP_FORMAT(cast(stgintopln.CALC_DT as varchar(8)),'YYYYMMDD') as CALC_DT,
	     			CAST(stgintopln.LCH as FLOAT) as LCH,
	     			(case when stgintopln.LCH>0 then CAST(stgintopln.LCH as FLOAT) else 0 end)as LCHPos,
	     			(case when stgintopln.LCH<0 then CAST(stgintopln.LCH as FLOAT) else 0 end)as LCHNeg,
	     			CAST(stgintopln.CCG_ACC_BAL as FLOAT) as CCG_ACC_BAL,
					CAST(stgintopln.CCG_ADD_MAR_1 as FLOAT) as CCG_ADD_MAR_1, 
					CAST(stgintopln.CCG_ADD_MAR_2 as FLOAT) as CCG_ADD_MAR_2,
					CAST(stgintopln.CLE_CSH_CLL as FLOAT) as CLE_CSH_CLL,
					CAST(stgintopln.CLE_EX_CSH as FLOAT) as CLE_EX_CSH,
					CAST(LCHFAIL as FLOAT) as LCHFAIL,
					CAST(INT2CNET as FLOAT) as INT2CNET,
					stgintopln.CRT_DT,
					stgintopln.UPD_DT,
					stgintopln.CRT_USR,
					stgintopln.UPD_USR
	  				FROM stgintopln 
	  				where  ($defaultWhereClause)
	  					]]>
	  		</customSQL>
	  </operationBinding>   	
   	</operationBindings>
    	
   	
</DataSource>