<DataSource tableName="stgrestit"
				   ID="stg_restitutions"
	dataSourceVersion="1"
		  serverType="sql">
	<fields>
		<field title="Ref. date" name="CALC_DT" customSelectExpression="TIMESTAMP_FORMAT(cast(CALC_DT as varchar(8)),'YYYYMMDD')"  customUpdateExpression="$values.CALC_DT" primaryKey="true" required="true" detail="false" type="date" width="120" align="left" cellAlign="left" canFilter="true" canEdit="false" />
		<field title="Clearing member ID" name="CM_CS_ID" primaryKey="true" required="true" type="integer" width="120" canFilter="true" canEdit="false" align="left" cellAlign="left" detail="false" />
		<field title="Clearing Member" customSQL="true" tableName="rflegalent" name="LEGAL_NAME"  required="true" type="text" width="100%" canFilter="true" canEdit="false" align="left" cellAlign="left"   detail="false" />
		<field title="Gen. clearing member ID" name="GCM_CS_ID" type="integer" required="true" width="20%" canFilter="true" canEdit="false" detail="true" align="left" cellAlign="left" />
		<field title="Account" name="ACC_TYPE" primaryKey="true" type="text" length="50" required="true" width="20%" canFilter="true" canEdit="false" detail="false" align="left" cellAlign="left">
		<valueMap>
				<value ID="F">Firm</value>	
				<value ID="C">Client</value>	
			</valueMap>
		</field>
		<field title="Restitution type" name="REST_TYPE" type="text" length="255" required="true" width="20%" canFilter="true" canEdit="false" detail="true" align="left" cellAlign="left">
		<valueMap>
				<value ID="A">Automatic</value>	
				<value ID="M">Manual</value>
				<value ID="R">Partial</value>	
			</valueMap>
		</field>
		<field title="Excess coll." name="EXCESS_COLL" type="float"  customUpdateExpression="$values.excess_coll" format="###,000" required="true" width="20%" canFilter="true" canEdit="false" detail="true" align="right" cellAlign="right"/>
		<field title="Manual Cash Ret." name="MAN_REST" type="float"  customUpdateExpression="$values.man_restitution" format="###,000" required="true" width="20%" canFilter="true" canEdit="false" detail="false" align="right" cellAlign="right"/>
		<field title="Aut. Cash Returns" name="AUT_REST" type="float"   customUpdateExpression="$values.aut_restitution" format="###,000"  required="true" width="20%" canFilter="true" canEdit="false" detail="false" align="right" cellAlign="right"/>
   		<field title="Date create" name="CRT_DT"  required="true" type="datetime" width="100" canFilter="true" canEdit="false" align="left" cellAlign="left" detail="true" />
		<field title="Date update" name="UPD_DT"  required="true" type="datetime" width="100" canFilter="true" canEdit="false" align="left" cellAlign="left" detail="true" />
		<field title="User create" name="CRT_USR"  required="true" type="text" width="100" canFilter="true" canEdit="false" align="left" cellAlign="left" detail="true" />
		<field title="User update" name="UPD_USR"  type="text" required="true" width="100" canFilter="true" canEdit="false" align="left" cellAlign="left" detail="true"/>
   	</fields>
	<serverObject lookupStyle="new" className="it.ccg.liqweb.server.dmi.StandardDMI"/>
   	
   	<operationBindings>
		<operationBinding operationType="fetch"
		customValueFields="legal_name" customCriteriaFields="legal_name">
	       <customSQL>
			<![CDATA[select IFNULL(rflegalent.LEGAL_NAME, (SELECT LEGAL_NAME FROM RFLEGALENT WHERE ABI = stgrestit.CM_CS_ID)) AS LEGAL_NAME, 
					TIMESTAMP_FORMAT(cast(stgrestit.CALC_DT as varchar(8)),'YYYYMMDD') as CALC_DT,
					stgrestit.CM_CS_ID,
					stgrestit.GCM_CS_ID,stgrestit.ACC_TYPE,
					stgrestit.REST_TYPE,
					CAST(stgrestit.EXCESS_COLL as FLOAT) as EXCESS_COLL,
					CAST(stgrestit.MAN_REST as FLOAT) as MAN_REST,
					CAST(stgrestit.AUT_REST as FLOAT) as AUT_REST
	  					FROM stgrestit 
	  					left join legentrole 
	  					on stgrestit.CM_CS_ID=CAST(legentrole.REF_SYS_ID AS INT) 
	  					left join rflegalent
	  					on CAST(legentrole.LEI AS INT)= CAST(rflegalent.LEI AS INT) 
	  					where ($defaultWhereClause)
	  					]]>
		  </customSQL>  
		</operationBinding>   	
   	</operationBindings>
   	
</DataSource>