<DataSource tableName="stgdfcontb"
				   ID="stg_def_fund_contributions"
	dataSourceVersion="1"
		  serverType="sql">
	<fields>
		<field title="Calc. date" name="CALC_DT" customSelectExpression="TIMESTAMP_FORMAT(cast(CALC_DT as varchar(8)),'YYYYMMDD')"  customUpdateExpression="$values.CALC_DT" primaryKey="true" required="true" detail="false" type="date" width="100" align="left" cellAlign="left" canFilter="true" canEdit="false" />
		<field title="Clearing member ABI" name="CM_ABI" primaryKey="true" required="true" type="text" width="100%" canFilter="true" canEdit="false" align="left" cellAlign="left" detail="false" />
		<field title="Clearing member Mkt" name="CM_FO_CODE"  required="true" primaryKey="true" type="text" width="120" canFilter="true" canEdit="false" align="left" cellAlign="left" detail="false" />
		<field title="Legal name" customSQL="true" tableName="rflegalent" name="LEGAL_NAME"  required="true" type="text" width="130" canFilter="true" canEdit="false" align="left" cellAlign="left"   detail="false" />
		<field title="Variation" customSQL="true" tableName="stgdfcontb" name="variation"  required="true" type="text" width="100" canFilter="true" canEdit="false" align="left" cellAlign="left"   detail="false" />
		
		<field title="Type" name="DFTYPE" primaryKey="true" type="text" required="false" width="55" canFilter="true" canEdit="false" align="left" cellAlign="left" detail="false" >
		<valueMap>
				<value ID="O">Ordinary</value>	
				<value ID="P">Estimated</value>	
			</valueMap>
		</field>
		<field title="Uncovered amount" name="UNCOVAMNT"  type="float"  format="###,000" required="true" width="120" canFilter="true" canEdit="false" align="right" cellAlign="right" detail="true" />
		
		
		<field title="Market desc." customSQL="true" tableName="rfmarkets" name="MKT_DESC"  required="true" type="text" width="100%" canFilter="true" canEdit="false" align="left" cellAlign="left"   detail="false" />
		<field title="Default fund contrib." name="DF_CONTRIB"  type="float"  customSelectExpression="CAST(DF_CONTRIB as FLOAT)"   customUpdateExpression="$values.DF_CONTRIB" format="###,000" required="true" width="120" canFilter="true" canEdit="false" align="right" cellAlign="right" detail="false" />
		<field title="Date create" name="CRT_DT"  required="true" type="datetime" width="100" canFilter="true" canEdit="false" align="left" cellAlign="left" detail="true" />
		<field title="Date update" name="UPD_DT"  required="true" type="datetime" width="100" canFilter="true" canEdit="false" align="left" cellAlign="left" detail="true" />
		<field title="User create" name="CRT_USR"  required="true" type="text" width="100" canFilter="true" canEdit="false" align="left" cellAlign="left" detail="true" />
		<field title="User update" name="UPD_USR"  type="text" required="true" width="100" canFilter="true" canEdit="false" align="left" cellAlign="left" detail="true"/>
	</fields>
	
	<serverObject lookupStyle="new" className="it.ccg.liqweb.server.dmi.StandardDMI"/>
	<operationBindings>
		<operationBinding operationType="fetch"
		customValueFields="LEGAL_NAME,MKT_DESC,variation" 
		customCriteriaFields="LEGAL_NAME,MKT_DESC,variation">  
	     <selectClause>
	     	DISTINCT(rfmarkets.MKT_DESC) AS MKT_DESC,
	     	rflegalent.LEGAL_NAME, 
	     	cast(stgdfcontb.DF_CONTRIB as FLOAT) as DF_CONTRIB,
	     	TIMESTAMP_FORMAT(cast(stgdfcontb.CALC_DT as varchar(8)),'YYYYMMDD') as CALC_DT,
	     	stgdfcontb.CM_ABI,
	     	stgdfcontb.CM_FO_CODE,
	     	stgdfcontb.UNCOVAMNT,
	     	stgdfcontb.DFTYPE,
	     	rfmarkets.MKT_DESC,
			stgdfcontb.CRT_DT,stgdfcontb.UPD_DT,
			stgdfcontb.CRT_USR,stgdfcontb.UPD_USR,			
			(case when(select sum(d1.DF_CONTRIB) as sumDf
            from STGDFCONTB d1
                where d1.CALC_DT=
                (select b.calc_DT
                    from (
                        select ROW_NUMBER() OVER (ORDER BY c.caLC_DT DESC) AS RowNum,c.calc_DT
                            from (
                                SELECT DISTINCT STGDFCONTB.CALC_DT 
                                FROM STGDFCONTB
                                ) as c
                        ) as b
                where RowNum=1)
                 and d1.CM_FO_CODE=stgdfcontb.CM_FO_CODE)
                    =
             (select sum(d1.DF_CONTRIB) as sumDf
                from STGDFCONTB d1
                where d1.CALC_DT=
                (select b.calc_DT
                    from (
                        select ROW_NUMBER() OVER (ORDER BY c.caLC_DT DESC) AS RowNum,c.calc_DT
                            from (
                                SELECT DISTINCT STGDFCONTB.CALC_DT 
                                FROM STGDFCONTB
                                ) as c
                        ) as b
                where RowNum=2)
            and d1.CM_FO_CODE=stgdfcontb.CM_FO_CODE) 
           	then 0
           	else 1
			END) as variation
	     </selectClause>
	       <tableClause>stgdfcontb, rflegalent,rfmarkets</tableClause>  
	        <whereClause><![CDATA[
	         cast(stgdfcontb.CM_ABI as INT)= rflegalent.ABI 
	        and  stgdfcontb.CM_FO_CODE = rfmarkets.CS_FO_CODE
	        AND ($defaultWhereClause)]]></whereClause>
	        <orderClause> CALC_DT DESC, rfmarkets.MKT_DESC ASC</orderClause>
		</operationBinding>   	
   	</operationBindings>
   	
</DataSource>