<DataSource tableName="stgsimitdy"
				   ID="stg_intra_sim_margins"
	dataSourceVersion="1"
		  serverType="sql">
	<fields>
		<field title="General clearing member ID" name="GCM_CS_ID" primaryKey="true" required="true" detail="true" type="integer" width="40%" align="left" cellAlign="left" canFilter="true" canEdit="false" />
		<field title="Legal name" customSQL="true" tableName="rflegalent" name="LEGAL_NAME"  required="true" type="text" width="100%" canFilter="true" canEdit="false" align="left" cellAlign="left"   detail="false" />
		<field title="Ref. date" name="CALC_DT" customSelectExpression="TIMESTAMP_FORMAT(cast(CALC_DT as varchar(8)),'YYYYMMDD')"  customUpdateExpression="$values.CALC_DT" primaryKey="true" required="true" type="date" width="30%" canFilter="true" canEdit="false" align="left" cellAlign="left" detail="false" />
		<field title="Calc. type" name="CALC_TYPE" primaryKey="true" type="text" required="true" width="20%" align="left" cellAlign="left" canFilter="true" canEdit="false" detail="true" />
		<field title="Margin amount" name="MARGIN_AMT" type="float" customSelectExpression="CAST(MARGIN_AMT as FLOAT)"  customUpdateExpression="$values.MARGIN_AMT" required="false" format="###,000" width="120" align="right" cellAlign="right" canFilter="true" canEdit="false" detail="false" />
	</fields>
	
	<serverObject lookupStyle="new" className="it.ccg.liqweb.server.dmi.StandardDMI"/>
	<operationBindings>
		<operationBinding operationType="fetch"
		customValueFields="legal_name" customCriteriaFields="legal_name">  
	     <selectClause>rflegalent.LEGAL_NAME, cast(stgsimitdy.MARGIN_AMT as FLOAT) as MARGIN_AMT,
	     stgsimitdy.GCM_CS_ID, TIMESTAMP_FORMAT(cast(stgsimitdy.CALC_DT as varchar(8)),'YYYYMMDD') as CALC_DT, stgsimitdy.CALC_TYPE</selectClause>
	       <tableClause>stgsimitdy, legentrole, rflegalent</tableClause>  
	        <whereClause><![CDATA[
	        stgsimitdy.GCM_CS_ID=CAST(legentrole.REF_SYS_ID AS INT) 
	        and CAST(legentrole.LEI AS INT)= CAST(rflegalent.LEI AS INT) 
	        AND ($defaultWhereClause)]]></whereClause>
		</operationBinding>   	
   	</operationBindings>
   	
</DataSource>