<DataSource tableName="stgprepo"
				   ID="stg_repo"
	dataSourceVersion="1"
		  serverType="sql">
	<fields>
		<field title="Ref. date" name="REF_DT" primaryKey="true" required="true" detail="false" type="date" customSelectExpression="TIMESTAMP_FORMAT(cast(REF_DT as varchar(8)),'YYYYMMDD')"  customUpdateExpression="$values.REF_DT" width="80" align="left" cellAlign="left" canFilter="true" canEdit="false" />
		<field title="Calc. date" name="CALC_DT"  required="true" detail="false" type="date" customSelectExpression="TIMESTAMP_FORMAT(cast(CALC_DT as varchar(8)),'YYYYMMDD')"  customUpdateExpression="$values.CALC_DT" width="80" align="left" cellAlign="left" canFilter="true" canEdit="false" />
		<field title="Deal num." name="DEAL_NO" primaryKey="true" required="true" type="integer" width="80" canFilter="true" canEdit="false" align="left" cellAlign="left" detail="false" />
		<field title="Repo num." name="REPO_NO"  type="text" required="true" width="80" canFilter="true" canEdit="false" align="left" cellAlign="left" detail="false" />
		<field title="Counterparty LEI" name="CNTPTY_LEI"  type="text"  required="false" width="200" canFilter="true" canEdit="false" align="left" cellAlign="left" detail="true" />
		<field title="Counterparty ID" name="CNTPTY_ID"  required="true" type="integer"  width="100" canFilter="true" canEdit="false" align="left" cellAlign="left" detail="true" />
		<field title="Counterparty name" name="CNTPTY_NM"  required="true" type="text"  width="100%" canFilter="true" canEdit="false" align="left" cellAlign="left" detail="false" />
		<field title="Interest rate" name="INT_RATE"  required="false" type="float" customSelectExpression="CAST(INT_RATE as FLOAT)"  customUpdateExpression="$values.INT_RATE" format="###,000" width="30%" canFilter="true" canEdit="false" align="right" cellAlign="right" detail="true" />
		<field title="Interest amount" name="INT_AMT"  required="false" type="float" customSelectExpression="CAST(INT_AMT as FLOAT)"  customUpdateExpression="$values.INT_AMT" format="###,000" width="120" align="right" cellAlign="right" canFilter="true" canEdit="false" detail="true" />
		<field title="Face value" name="FACE_VAL" required="false" type="float" customSelectExpression="CAST(FACE_VAL as FLOAT)"  customUpdateExpression="$values.FACE_VAL" format="###,000" width="120" canFilter="true" canEdit="false" align="right" cellAlign="right" detail="false" />
		<field title="Return val." name="RETURN_VAL"  type="float" customSelectExpression="CAST(RETURN_VAL as FLOAT)"  customUpdateExpression="$values.RETURN_VAL" format="###,000" required="false" width="120" canFilter="true" canEdit="false" align="right" cellAlign="right" detail="false" />
		<field title="Currency" name="CURRENCY"  type="text" required="false" width="200" canFilter="true" canEdit="false" align="left" cellAlign="left" detail="true" />
		<field title="Deal. date" name="DEAL_DT"  required="false" type="date" customUpdateExpression="$values.DEAL_DT" width="100" canFilter="true" canEdit="false" align="left" cellAlign="left" detail="true" />
		<field title="Settle. date" name="SETTLE_DT"  required="false" type="date" customSelectExpression="TIMESTAMP_FORMAT(cast(SETTLE_DT as varchar(8)),'YYYYMMDD')"  customUpdateExpression="$values.SETTLE_DT"  width="100" canFilter="true" canEdit="false" align="left" cellAlign="left" detail="false" />
		<field title="Maturity date" name="MATURE_DT"  required="false" type="date" customSelectExpression="TIMESTAMP_FORMAT(cast(MATURE_DT as varchar(8)),'YYYYMMDD')"  customUpdateExpression="$values.MATURE_DT"  width="100" canFilter="true" canEdit="false" align="left" cellAlign="left" detail="false" />
		<field title="Creation User" name="CRT_USR" length="30"  type="text" escapeHTML="true" canEdit="false"  align="left" cellAlign="left" detail="true"/>
		<field title="Creation Date" name="CRT_DT" type="datetime" length="100" width="20%" editorType="TextItem" align="left" cellAlign="left" canEdit="false" detail="true"/>
		<field title="Update Date" name="UPD_DT" type="datetime" length="100" width="20%" editorType="TextItem" align="left" cellAlign="left" canEdit="false" detail="true"/>
		<field title="Update User" name="UPD_USR" length="30"  type="text" escapeHTML="true" canEdit="false"  align="left" cellAlign="left" detail="true"/>
	</fields>
	<serverObject lookupStyle="new" className="it.ccg.liqweb.server.dmi.StandardDMI"/>
   	
</DataSource>