<DataSource tableName="stgeodmgns"
				   ID="stg_eod_margins"
	dataSourceVersion="1"
		  serverType="sql">
	<fields>
		<field title="Ref. date" name="CALC_DT" customSelectExpression="TIMESTAMP_FORMAT(cast(CALC_DT as varchar(8)),'YYYYMMDD')"  customUpdateExpression="$values.CALC_DT" primaryKey="true" required="true" detail="false" type="date" width="80" align="left" cellAlign="left" canFilter="true" canEdit="false" />
		<field title="Calc. date" name="CALCDTRL" customSelectExpression="TIMESTAMP_FORMAT(cast(CALCDTRL as varchar(8)),'YYYYMMDD')"  customUpdateExpression="$values.CALCDTRL"  required="true" detail="false" type="date" width="80" align="left" cellAlign="left" canFilter="true" canEdit="false" />
		<field title="Clearing member ID" name="CM_CS_ID" primaryKey="true" required="true" type="integer" width="60" canFilter="true" canEdit="false" align="left" cellAlign="left" detail="false" />
		<field title="Clearing Member" customSQL="true" tableName="rflegalent" name="LEGAL_NAME"  required="true" type="text" width="100%" canFilter="true" canEdit="false" align="left" cellAlign="left"   detail="false" />
		<field title="General clearing member ID" name="GCM_CS_ID"  type="integer" required="true" width="65" canFilter="true" canEdit="false" detail="true" align="left" cellAlign="left" />
		<field title="Account" name="ACC_TYPE" primaryKey="true" type="text" required="false" width="55" canFilter="true" canEdit="false" detail="false" align="left" cellAlign="left">
		<valueMap>
				<value ID="F">Firm</value>	
				<value ID="C">Client</value>	
			</valueMap>
		</field>
		
		<field title="Cash call" name="CASH_CALL" type="float" customSelectExpression="CAST(CASH_CALL as FLOAT)"  customUpdateExpression="$values.CASH_CALL" format="###,##0" required="false" width="85" canFilter="true" canEdit="false" detail="false" align="right" cellAlign="right"/>
		
		<field title="Used Coll." name="USED_COLL" type="float" customSelectExpression="CAST(USED_COLL as FLOAT)"  customUpdateExpression="$values.USED_COLL" format="###,##0" required="false" width="85" canFilter="true" canEdit="false" detail="false" align="right" cellAlign="right"/>
		<field title="Cash to be With." name="SWAP" type="float" customSelectExpression="CAST(SWAP as FLOAT)"  customUpdateExpression="$values.SWAP" format="###,##0" required="false" width="110" canFilter="true" canEdit="false" detail="false" align="right" cellAlign="right"/>
		<field title="Init.Mar." name="IN_MARGIN" type="float" customSelectExpression="CAST(IN_MARGIN as FLOAT)"  customUpdateExpression="$values.IN_MARGIN" format="###,##0" required="false" width="85" canFilter="true" canEdit="false" detail="false" align="right" cellAlign="right"/>
		<field title="Date create" name="CRT_DT"  required="true" type="datetime" width="100" canFilter="true" canEdit="false" align="left" cellAlign="left" detail="true" />
		<field title="Date update" name="UPD_DT"  required="true" type="datetime" width="100" canFilter="true" canEdit="false" align="left" cellAlign="left" detail="true" />
		<field title="User create" name="CRT_USR"  required="true" type="text" width="100" canFilter="true" canEdit="false" align="left" cellAlign="left" detail="true" />
		<field title="User update" name="UPD_USR"  type="text" required="true" width="100" canFilter="true" canEdit="false" align="left" cellAlign="left" detail="true"/>
	</fields>
	<serverObject lookupStyle="new" className="it.ccg.liqweb.server.dmi.StandardDMI"/>
	
	<operationBindings>
		<operationBinding operationType="fetch"
		customValueFields="LEGAL_NAME" customCriteriaFields="LEGAL_NAME">  
	     <selectClause>rflegalent.LEGAL_NAME, 
	     			CAST(stgeodmgns.CASH_CALL as FLOAT) as CASH_CALL,
	     			TIMESTAMP_FORMAT(cast(stgeodmgns.CALC_DT as varchar(8)),'YYYYMMDD') as CALC_DT,
	     			stgeodmgns.CM_CS_ID,
					stgeodmgns.GCM_CS_ID,
					stgeodmgns.ACC_TYPE,
					stgeodmgns.USED_COLL, 
					stgeodmgns.SWAP, 
					stgeodmgns.IN_MARGIN,
					TIMESTAMP_FORMAT(cast(stgeodmgns.CALCDTRL as varchar(8)),'YYYYMMDD') as CALCDTRL
	     </selectClause>
	       <tableClause>stgeodmgns, legentrole, rflegalent</tableClause>  
	        <whereClause><![CDATA[
	        stgeodmgns.CM_CS_ID=CAST(legentrole.REF_SYS_ID AS INT) 
	        and CAST(legentrole.LEI AS INT)= CAST(rflegalent.LEI AS INT) 
	        AND ($defaultWhereClause)]]></whereClause>
		</operationBinding>   	
   	</operationBindings>
   	
</DataSource>