<DataSource tableName="stgvolctb"
				   ID="stg_volunt_contrib"
	dataSourceVersion="1"
		  serverType="sql">
	<fields>
		<field title="Ref. date" name="CALC_DT" customSelectExpression="TIMESTAMP_FORMAT(cast(CALC_DT as varchar(8)),'YYYYMMDD')"  customUpdateExpression="$values.CALC_DT" primaryKey="true" required="true" detail="false" type="date" width="80" align="left" cellAlign="left" canFilter="true" canEdit="false" />
		<field title="Calc. time" name="CALC_TM" primaryKey="true" required="true" type="integer" width="120" canFilter="true" canEdit="false" align="left" cellAlign="left" detail="true" />
		<field title="Clearing member ID" name="CM_CS_ID" primaryKey="true" required="true" type="integer" width="100" canFilter="true" canEdit="false" align="left" cellAlign="left" detail="false" />
		<field title="Legal name" customSQL="true" tableName="rflegalent" name="LEGAL_NAME"  required="true" type="text" width="100%" canFilter="true" canEdit="false" align="left" cellAlign="left"   detail="false" />
		<field title="Firm client" name="ACC_TYPE" primaryKey="true" type="text" required="true" width="100" canFilter="true" canEdit="false" detail="false" align="left" cellAlign="left">
		<valueMap>
				<value ID="P">Proprio</value>	
				<value ID="T">Terzi</value>	
			</valueMap>
		</field>
		<field title="Amount" name="AMOUNT"  required="true" type="float" customSelectExpression="CAST(AMOUNT as FLOAT)"  customUpdateExpression="$values.AMOUNT"  format="###,000" width="120" canFilter="true" canEdit="false" align="right" cellAlign="right" detail="false" />
		<field title="Date create" name="CRT_DT"  required="true" type="datetime" width="100" canFilter="true" canEdit="false" align="left" cellAlign="left" detail="true" />
		<field title="Date update" name="UPD_DT"  required="true" type="datetime" width="100" canFilter="true" canEdit="false" align="left" cellAlign="left" detail="true" />
		<field title="User create" name="CRT_USR"  required="true" type="text" width="100" canFilter="true" canEdit="false" align="left" cellAlign="left" detail="true" />
		<field title="User update" name="UPD_USR"  type="text" required="true" width="100" canFilter="true" canEdit="false" detail="true" align="left" cellAlign="left" />
	</fields>
	
	<serverObject lookupStyle="new" className="it.ccg.liqweb.server.dmi.StandardDMI"/>
	<operationBindings>
		<operationBinding operationType="fetch"
		customValueFields="LEGAL_NAME" customCriteriaFields="LEGAL_NAME">		
		<customSQL>
			<![CDATA[
				select rflegalent.LEGAL_NAME, 
				TIMESTAMP_FORMAT(cast(stgvolctb.CALC_DT as varchar(8)),'YYYYMMDD') as CALC_DT,
	     		stgvolctb.CALC_TM,
	     		stgvolctb.CM_CS_ID,
				stgvolctb.ACC_TYPE,
				CAST(stgvolctb.AMOUNT as FLOAT) as AMOUNT,
				stgvolctb.CRT_DT,
				stgvolctb.UPD_DT,
				stgvolctb.CRT_USR,
				stgvolctb.UPD_USR
	  					FROM stgvolctb
                        left join rflegalent
                        on stgvolctb.CM_CS_ID=CAST(rflegalent.ABI AS INT)
	  					left join legentrole 
	  					on rflegalent.LEI=CAST(legentrole.lei AS INT)
	  					where ($defaultWhereClause)
	  					]]>
	  </customSQL>
	 </operationBinding>   	
   	</operationBindings>
</DataSource>