<DataSource tableName="stgcrlines"
				   ID="stgcrlines"
	dataSourceVersion="1"
		  serverType="sql">
	<fields>
		<field title="Calc. date" name="CALC_DT" primaryKey="true" required="true" detail="true" type="date" customSelectExpression="TIMESTAMP_FORMAT(cast(CALC_DT as varchar(8)),'YYYYMMDD')"  customUpdateExpression="$values.CALC_DT" width="80" align="left" cellAlign="left" canFilter="true" canEdit="false" />
		<field title="Ref. date" name="REF_DT" required="true" detail="false" type="date" customSelectExpression="TIMESTAMP_FORMAT(cast(REF_DT as varchar(8)),'YYYYMMDD')"  customUpdateExpression="$values.REF_DT" width="80" align="left" cellAlign="left" canFilter="true" canEdit="false" />
		<field title="Counter.ID" name="CPARTY_ID" type="integer" primaryKey="true" width="80" canFilter="true" canEdit="false" align="right" cellAlign="right" detail="false" />
		<field title="Counterparty Name" name="CPARTY_NME" type="text" primaryKey="true" width="100%" canFilter="true" canEdit="false" align="left" cellAlign="left" detail="false" />
		<field title="Account Name" name="ACC_NAME" type="text"  width="130" canFilter="true" canEdit="false" align="left" cellAlign="left" detail="false" />
		<field title="IBAN" name="IBAN" type="text"  width="30%" canFilter="true" canEdit="false" align="left" cellAlign="left" detail="false" />
		<field title="Amount" name="CR_LN_AMNT" required="true"  type="float" customSelectExpression="CAST(CR_LN_AMNT as FLOAT)"   format="###,##0" width="100" align="left" cellAlign="left" canFilter="true" canEdit="false" detail="false" />
		<field title="IsActive" name="IS_ACTIVE" required="true" type="text" lenght="1"  width="80" canFilter="true" canEdit="false" align="right" cellAlign="right" detail="false" >
		<valuemap>
				<value ID="T">True</value>  
				<value ID="F">False</value>
			</valuemap>
		</field>
		<field title="IsCollateralized" name="IS_COLL" primaryKey="true" required="true" type="text" lenght="1"  width="80" canFilter="true" canEdit="false" align="right" cellAlign="right" detail="false" >
		<valuemap>
				<value ID="T">True</value>  
				<value ID="F">False</value>
			</valuemap>
		</field>
		<field title="Date create" name="CRT_DT"  required="true" type="datetime" width="100" canFilter="true" canEdit="false" align="left" cellAlign="left" detail="true" />
		<field title="Date update" name="UPD_DT"  required="true" type="datetime" width="100" canFilter="true" canEdit="false" align="left" cellAlign="left" detail="true" />
		<field title="User create" name="CRT_USR"  required="true" type="text" width="100" canFilter="true" canEdit="false" align="left" cellAlign="left" detail="true" />
		<field title="User update" name="UPD_USR"  type="text" required="true" width="100" canFilter="true" canEdit="false" align="left" cellAlign="left" detail="true"/>
	</fields>
	<serverObject lookupStyle="new" className="it.ccg.liqweb.server.dmi.StandardDMI"/>
   	
</DataSource>