<DataSource tableName="stgclpos"
				   ID="stgclpos"
	dataSourceVersion="1"
		  serverType="sql">
	<fields>
		<field title="Settle date" name="SETTLE_DT" primaryKey="true" required="true" customSelectExpression="TIMESTAMP_FORMAT(cast(SETTLE_DT as varchar(8)),'YYYYMMDD')"   type="date"  width="100" canFilter="true" canEdit="false" align="left" cellAlign="left" detail="false" />
		<field title="Position type" name="POS_TYPE"  required="true" type="text" lenght="1"  editorType="SelectItem" width="70" canFilter="true" canEdit="false" align="left" cellAlign="left" detail="false" >
			<valuemap>
				<value ID="B">Bond</value>  
				<value ID="E">Equity</value>
				<value ID="D">EA</value> 
				<value ID="M">Mic</value>
				<value ID="X">XCOM</value>  	
			</valuemap>
		</field>
		<field title="Calc. date" name="CALC_DT" customSelectExpression="TIMESTAMP_FORMAT(cast(CALC_DT as varchar(8)),'YYYYMMDD')"  required="true" type="date"  width="100" canFilter="true" canEdit="false" align="left" cellAlign="left" detail="true" />
		<field title="Ref. date" name="REF_DT" primaryKey="true" customSelectExpression="TIMESTAMP_FORMAT(cast(REF_DT as varchar(8)),'YYYYMMDD')"  required="true" type="date"  width="100" canFilter="true" canEdit="false" align="left" cellAlign="left" detail="true" />
		<field title="Rec.Memb." name="REC_MBR" primaryKey="true"  required="true" detail="false" type="integer" width="100" align="left" cellAlign="left" canFilter="true" canEdit="false" />
		<field title="Rec.Gen.Memb." name="REC_G_MBR" primaryKey="true" required="true" detail="false" type="integer" width="100" align="left" cellAlign="left" canFilter="true" canEdit="false" />
		<field title="Reg. ter. date" name="REG_TER_DT" primaryKey="true" required="true" type="integer"  width="120" canFilter="true" canEdit="false" align="right" cellAlign="right" detail="true" />
		<field title="Settl.Agent" name="LIQ_ACCT" primaryKey="true" required="true" detail="true" type="integer" width="80" align="left" cellAlign="left" canFilter="true" canEdit="false" />
		<field title="Rec.Account" name="REC_ACCT" primaryKey="true" required="true" editorType="SelectItem" type="text" lenght="1"  width="100" canFilter="true" canEdit="false" align="left" cellAlign="left" detail="false" >
		<valuemap>
				<value ID="F">Firm</value>  
				<value ID="C">Client</value> 	
			</valuemap>
		</field>
		<field title="Repo type" name="REPO_TYPE" primaryKey="true" editorType="SelectItem" required="true" type="text" lenght="1"  width="120" canFilter="true" canEdit="false" align="right" cellAlign="right" detail="true" >
		<valuemap>
				<value ID="R">Cash</value>
				<value ID="P">Pronti</value>  
				<value ID="T">Termine</value>
			</valuemap>
		</field>
		<field title="Settle.Amount" name="SETTLE_AMT"  required="true" customSelectExpression="CAST(SETTLE_AMT as FLOAT)"  customUpdateExpression="$values.SETTLE_AMT"  format="###,##0.0###" type="float" width="100" align="left" cellAlign="left" canFilter="true" canEdit="false"  detail="false" />
		<field title="ISIN" name="ISIN"  primaryKey="true" required="true" detail="false" type="text" width="90" align="left" cellAlign="left" canFilter="true" canEdit="false" />
		<field title="Bank group ID" name="BNK_GRP_ID"  required="true" detail="true" type="integer" width="80" align="left" cellAlign="left" canFilter="true" canEdit="false" />
		<field title="Is valid group" name="VALID_GRP"  required="true" detail="true" type="text" lenght="1" width="80" align="left" cellAlign="left" canFilter="true" canEdit="false">
			<valuemap>
				<value ID="T">True</value>  
				<value ID="F">False</value> 	
			</valuemap>
		</field>
		<field title="Verso" name="VERSO" required="true" primaryKey="true" editorType="SelectItem" type="text" lenght="1"  width="120" canFilter="true" canEdit="false" align="right" cellAlign="right" detail="true" >
			<valuemap>
				<value ID="A">Receiver</value>  
				<value ID="D">Giver</value>
			</valuemap>
		</field>
	
		<field title="Ref. Memb." name="REF_MBR" primaryKey="true" required="true" detail="true" type="integer" width="80" align="left" cellAlign="left" canFilter="true" canEdit="false" />
		<field title="Type" name="REFMBRTYPE"  required="true" detail="true" type="text" width="80" align="left" cellAlign="left" canFilter="true" canEdit="false" />
		<field title="Dealer member" name="DEL_MBR" primaryKey="true"  required="true" detail="true" type="integer" width="120" align="left" cellAlign="left" canFilter="true" canEdit="false" />
		<field title="Quantity" name="QUANTITY"  required="true" type="integer"  width="90" format="###,##0" canFilter="true" canEdit="false" align="right" cellAlign="right" detail="false" />
		<field title="Hct date" name="HCTDT"  required="true" type="date"   customUpdateExpression="$values.HCTDT" width="120" canFilter="true" canEdit="false" align="right" cellAlign="right" detail="true" />
		<field title="Rateo" name="RATEO"  required="true" customSelectExpression="CAST(RATEO as FLOAT)"  customUpdateExpression="$values.RATEO"  format="###,##0.0###" type="float" width="80" align="left" cellAlign="left" canFilter="true" canEdit="false"  detail="true" />
		<field title="Curr. chg" name="CURR_CHG"  required="true" customSelectExpression="CAST(CURR_CHG as FLOAT)"  customUpdateExpression="$values.CURR_CHG"  format="###,##0.0###" type="float" width="80" align="left" cellAlign="left" canFilter="true" canEdit="false"  detail="true" />
		<field title="Stress Sett.Amount" name="STRSETAMT"  required="true" customSelectExpression="CAST(STRSETAMT as FLOAT)"  customUpdateExpression="$values.STRSETAMT"  format="###,##0.0###" type="float" width="100%" align="left" cellAlign="left" canFilter="true" canEdit="false"  detail="false" />
		<field title="Haircut" name="HCT"  required="true" customSelectExpression="CAST(HCT as FLOAT)"  customUpdateExpression="$values.HCT"  format="###,##0.0###" type="float" width="80" align="left" cellAlign="left" canFilter="true" canEdit="false"  detail="true" />
		<field title="St. price" name="STRPRICE"  required="true" customSelectExpression="CAST(STRPRICE as FLOAT)"  customUpdateExpression="$values.STRPRICE"  format="###,##0.0###" type="float" width="80" align="left" cellAlign="left" canFilter="true" canEdit="false"  detail="false" />
		<field title="Currency" name="CURRENCY" required="true" type="text"  width="120" canFilter="true" canEdit="false" align="right" cellAlign="right" detail="true" />
		
		<field title="Date create" name="CRT_DT"  required="true" type="datetime" width="100" canFilter="true" canEdit="false" align="left" cellAlign="left" detail="true" />
		<field title="Date update" name="UPD_DT"  required="true" type="datetime" width="100" canFilter="true" canEdit="false" align="left" cellAlign="left" detail="true" />
		<field title="User create" name="CRT_USR"  required="true" type="text" width="100" canFilter="true" canEdit="false" align="left" cellAlign="left" detail="true" />
		<field title="User update" name="UPD_USR"  type="text" required="true" width="100" canFilter="true" canEdit="false" detail="true" align="left" cellAlign="left" />
	</fields>
	<serverObject lookupStyle="new" className="it.ccg.liqweb.server.dmi.StandardDMI"/>
	
	
	
</DataSource>