<DataSource tableName="stgcbeltit"
				   ID="stgcbeltit"
	dataSourceVersion="1"
		  serverType="sql">
	<fields>
		<field title="Calc. date" name="CALC_DT" customSelectExpression="TIMESTAMP_FORMAT(cast(CALC_DT as varchar(8)),'YYYYMMDD')"  customUpdateExpression="$values.CALC_DT" primaryKey="true" required="true" detail="false" type="date" width="90" align="left" cellAlign="left" canFilter="true" canEdit="false" />
		<field title="Ref. date" name="REF_DT" customSelectExpression="TIMESTAMP_FORMAT(cast(REF_DT as varchar(8)),'YYYYMMDD')"  customUpdateExpression="$values.REF_DT" required="true" detail="false" type="date" width="90" align="left" cellAlign="left" canFilter="true" canEdit="false" />
		<field title="Settle. date" name="SETTLE_DT" customSelectExpression="TIMESTAMP_FORMAT(cast(SETTLE_DT as varchar(8)),'YYYYMMDD')"  customUpdateExpression="$values.SETTLE_DT" primaryKey="true" required="true" detail="false" type="date" width="90" align="left" cellAlign="left" canFilter="true" canEdit="false" />
		<field title="Bank Group ID" name="BNK_GRP_ID" primaryKey="true" required="true" type="integer" width="120" canFilter="true" canEdit="false" align="left" cellAlign="left" detail="false" />
		<field title="ISIN" name="ISIN" primaryKey="true" required="true" type="text" width="120" canFilter="true" canEdit="false" align="left" cellAlign="left" detail="false" />
		<field title="BCE Hct" name="BCE_HCT" required="true"  type="float" customSelectExpression="CAST(BCE_HCT as FLOAT)"   format="###,##0.###" width="100" align="left" cellAlign="left" canFilter="true" canEdit="false" detail="false" />
		<field title="Hct. date" name="HCT_DT" customSelectExpression="TIMESTAMP_FORMAT(cast(HCT_DT as varchar(8)),'YYYYMMDD')"  customUpdateExpression="$values.HCT_DT" required="true" detail="false" type="date" width="90" align="left" cellAlign="left" canFilter="true" canEdit="false" />
		<field title="Quantity" name="QUANTITY"  required="true" type="integer" width="90" align="left" cellAlign="left" canFilter="true" canEdit="false" detail="false" />
		<field title="Stress price" name="STRESS_PRC" required="true"  type="float" customSelectExpression="CAST(STRESS_PRC as FLOAT)"   format="###,##0.###" width="100" align="left" cellAlign="left" canFilter="true" canEdit="false" detail="false" />
		<field title="Settle. amount" name="SETTLE_AMT" required="true"  type="float" customSelectExpression="CAST(SETTLE_AMT as FLOAT)"   format="###,##0.##" width="100" align="left" cellAlign="left" canFilter="true" canEdit="false" detail="false" />
		
		<field title="Date create" name="CRT_DT"  required="true" type="datetime" width="100" canFilter="true" canEdit="false" align="left" cellAlign="left" detail="true" />
		<field title="Date update" name="UPD_DT"  required="true" type="datetime" width="100" canFilter="true" canEdit="false" align="left" cellAlign="left" detail="true" />
		<field title="User create" name="CRT_USR"  required="true" type="text" width="100" canFilter="true" canEdit="false" align="left" cellAlign="left" detail="true" />
		<field title="User update" name="UPD_USR"  type="text" required="true" width="100" canFilter="true" canEdit="false" align="left" cellAlign="left" detail="true"/>
	</fields>
	<serverObject lookupStyle="new" className="it.ccg.liqweb.server.dmi.StandardDMI"/>
</DataSource>