<DataSource tableName="stgfail"
				   ID="stgfail"
	dataSourceVersion="1"
		  serverType="sql">
	<fields>
		<field title="Sell Fails" name="SELLFAILS" primaryKey="true" required="true" type="float" customSelectExpression="CAST(SELLFAILS as FLOAT)" format="###,000" detail="false" width="100%" align="left" cellAlign="left" canFilter="true" canEdit="false" />
		<field title="Ref. date" name="REFDT_num" primaryKey="true" required="true" type="integer" minwidth="100"  width="100%" canFilter="true" canEdit="false" align="left" cellAlign="left" detail="false" />
		<field title="Ref. date" name="REFDT"  customSelectExpression="TIMESTAMP_FORMAT(cast(stgfail.REFDT as varchar(8)),'YYYYMMDD')" type="date"  width="30%" canFilter="true" canEdit="false" align="left" cellAlign="left" detail="false" />
		
		<field title="Date create" name="CRT_DT"  required="true" type="datetime" width="100" canFilter="true" canEdit="false" align="left" cellAlign="left" detail="true" />
		<field title="Date update" name="UPD_DT"  required="true" type="datetime" width="100" canFilter="true" canEdit="false" align="left" cellAlign="left" detail="false" />
		<field title="User create" name="CRT_USR"  required="true" type="text" width="100" canFilter="true" canEdit="false" align="left" cellAlign="left" detail="true" />
		<field title="User update" name="UPD_USR"  type="text" required="true" width="100" canFilter="true" canEdit="false" align="left" cellAlign="left" detail="false"/>
	</fields>
	
	<serverObject lookupStyle="new" className="it.ccg.liqweb.server.dmi.StandardDMI"/>
		<operationBindings>
	
	<operationBinding operationType="fetch" 
	customValueFields="REFDT_num" 
	customCriteriaFields="REFDT_num">  
	       <customSQL>
			<![CDATA[select stgfail.SELLFAILS,
					stgfail.REFDT as REFDT_num,
					TIMESTAMP_FORMAT(cast(stgfail.REFDT as varchar(8)),'YYYYMMDD') as REFDT,
					stgfail.CRT_DT,
					stgfail.UPD_DT,
					stgfail.CRT_USR,
					stgfail.UPD_USR
	  				FROM stgfail 
	  				where ($defaultWhereClause)
	  					]]>
	  </customSQL>
	 	</operationBinding>
	 </operationBindings>
</DataSource>