<DataSource tableName="stgoglnds"
				   ID="stgoglnds"
	dataSourceVersion="1"
		  serverType="sql">
	<fields>
		<field title="Calc. date" name="CALC_DT" customSelectExpression="TIMESTAMP_FORMAT(cast(CALC_DT as varchar(8)),'YYYYMMDD')"  customUpdateExpression="$values.CALC_DT" primaryKey="true" required="true" detail="true" type="date" width="90" align="left" cellAlign="left" canFilter="true" canEdit="false" />
		<field title="Item ID" name="ITEM_ID" primaryKey="true" required="true" type="text" width="90" canFilter="true" canEdit="false" align="left" cellAlign="left" detail="false" />
		<field title="Item name" customSQL="true" tableName="rfliqitems" name="ITEM_NAME" type="text" length="255" required="true" width="200" canFilter="true" canEdit="false" detail="false" />
		
		<field title="Bank group list"  name="BNKGRPLST"  required="true" type="text" width="100%" canFilter="true" canEdit="false" align="left" cellAlign="left"   detail="false" />
		<field title="Ordinary amount" name="ORD_AMNT" type="float" customSelectExpression="CAST(ORD_AMNT as FLOAT)"  customUpdateExpression="$values.ORD_AMNT" format="###,##0.00" required="false" width="110" canFilter="true" canEdit="false" detail="false" align="right" cellAlign="right"/>
		<field title="Stressed amount" name="STR_AMNT" type="float" customSelectExpression="CAST(STR_AMNT as FLOAT)"  customUpdateExpression="$values.STR_AMNT" format="###,##0.00" required="false" width="110" canFilter="true" canEdit="false" detail="false" align="right" cellAlign="right"/>
		<field title="Excluded amount" name="EXCL_AMNT" type="float" customSelectExpression="CAST(EXCL_AMNT as FLOAT)"  customUpdateExpression="$values.EXCL_AMNT" format="###,##0.00" required="false" width="110" canFilter="true" canEdit="false" detail="false" align="right" cellAlign="right"/>
		
		<field title="Date create" name="CRT_DT"  required="true" type="datetime" width="100" canFilter="true" canEdit="false" align="left" cellAlign="left" detail="true" />
		<field title="Date update" name="UPD_DT"  required="true" type="datetime" width="100" canFilter="true" canEdit="false" align="left" cellAlign="left" detail="true" />
		<field title="User create" name="CRT_USR"  required="true" type="text" width="100" canFilter="true" canEdit="false" align="left" cellAlign="left" detail="true" />
		<field title="User update" name="UPD_USR"  type="text" required="true" width="100" canFilter="true" canEdit="false" align="left" cellAlign="left" detail="true"/>
	</fields>
	
	<serverObject lookupStyle="new" className="it.ccg.liqweb.server.dmi.StandardDMI"/>
	<operationBindings>
		<operationBinding operationType="fetch"
		customValueFields="ITEM_NAME" customCriteriaFields="ITEM_NAME">  
	     <selectClause>rfliqitems.ITEM_NAME, 
	     			TIMESTAMP_FORMAT(cast(stgoglnds.CALC_DT as varchar(8)),'YYYYMMDD') as CALC_DT,
	     			stgoglnds.ITEM_ID,
					stgoglnds.BNKGRPLST,
					CAST(stgoglnds.ORD_AMNT as FLOAT)as ORD_AMNT,
					CAST(stgoglnds.STR_AMNT as FLOAT) as STR_AMNT, 
					CAST(stgoglnds.EXCL_AMNT as FLOAT)as EXCL_AMNT, 
					stgoglnds.CRT_DT,
					stgoglnds.UPD_DT, 
					stgoglnds.CRT_USR, 
					stgoglnds.UPD_USR
	     </selectClause>
	       <tableClause>stgoglnds, rfliqitems</tableClause>  
	        <whereClause><![CDATA[
	        stgoglnds.ITEM_ID= rfliqitems.ITEM_ID
	        AND ($defaultWhereClause)]]></whereClause>
		</operationBinding>   	
   	</operationBindings>
   	
</DataSource>