<DataSource tableName="stgsecpfl"
				   ID="stgsecpfl"
	dataSourceVersion="1"
		  serverType="sql">
	<fields>
		<field title="Deal number" name="DEAL_NO" primaryKey="true" required="true" detail="false" type="integer" width="100" align="left" cellAlign="left" canFilter="true" canEdit="false" />
		<field title="Ref. date" name="REF_DT" customSelectExpression="TIMESTAMP_FORMAT(cast(REF_DT as varchar(8)),'YYYYMMDD')"  customUpdateExpression="$values.REF_DT" primaryKey="true" required="true" detail="true" type="date" width="120" align="left" cellAlign="left" canFilter="true" canEdit="false" />
		<field title="Calc. date" name="CALC_DT" customSelectExpression="TIMESTAMP_FORMAT(cast(CALC_DT as varchar(8)),'YYYYMMDD')"  customUpdateExpression="$values.CALC_DT"   required="true" detail="false" type="date" width="80" align="left" cellAlign="left" canFilter="true" canEdit="false" />
		<field title="Settl. date" name="SETTLE_DT" customSelectExpression="TIMESTAMP_FORMAT(cast(SETTLE_DT as varchar(8)),'YYYYMMDD')"  customUpdateExpression="$values.SETTLE_DT" required="true" detail="true" type="date" width="120" align="left" cellAlign="left" canFilter="true" canEdit="false" />
		<field title="ISIN" name="ISIN"  required="true" type="text" width="100%" canFilter="true" canEdit="false" align="left" cellAlign="left" detail="false" />
		<field title="Face Amount" name="FACE_AMT"  required="true" type="float" customSelectExpression="CAST(FACE_AMT as FLOAT)"  customUpdateExpression="$values.FACE_AMT"  format="###,000" width="100" canFilter="true" canEdit="false" align="right" cellAlign="right" detail="false" />
		<field title="St. Price" name="STRESS_PRC"  required="true" type="float" customSelectExpression="CAST(STRESS_PRC as FLOAT)"  customUpdateExpression="$values.STRESS_PRC"  format="###,##0.###" width="100" canFilter="true" canEdit="false" align="right" cellAlign="right" detail="false" />
		<field title="BCE HCT" name="HAIRCUT"  required="true" type="float" customSelectExpression="CAST(HAIRCUT as FLOAT)"  customUpdateExpression="$values.HAIRCUT"  format="###,##0.0###" width="100" canFilter="true" canEdit="false" align="right" cellAlign="right" detail="false" />
		<field title="Is Rec.Price" name="ISRECPRC"  type="text" lenght="1"  escapeHTML="true"  required="true" canEdit="true"  width="100" align="left" cellAlign="left" detail="false">
		<valueMap>  
				<value ID="T">True</value>  
				<value ID="F">False</value>  
		</valueMap> 
		</field>
		<field title="Is Par.HCT" name="ISPARHCT"  type="text" lenght="1"  escapeHTML="true"  required="true" canEdit="true"  width="100" align="left" cellAlign="left" detail="false">
		<valueMap>  
				<value ID="T">True</value>  
				<value ID="F">False</value>  
		</valueMap> 
		</field>
		<field title="Last Pr.date" name="LASTPRCDT"  required="true" detail="true" type="text" width="120" align="left" cellAlign="left" canFilter="false" canEdit="false" />
		<field title="Last Price" name="LASTPRC"  required="true" type="float" customSelectExpression="CAST(LASTPRC as FLOAT)"  customUpdateExpression="$values.LASTPRC"  format="###,##0.0###" width="100" canFilter="true" canEdit="false" align="right" cellAlign="right" detail="false" />
		
		<field title="Date create" name="CRT_DT"  required="true" type="datetime" width="100" canFilter="true" canEdit="false" align="left" cellAlign="left" detail="true" />
		<field title="Date update" name="UPD_DT"  required="true" type="datetime" width="100" canFilter="true" canEdit="false" align="left" cellAlign="left" detail="true" />
		<field title="User create" name="CRT_USR"  required="true" type="text" width="100" canFilter="true" canEdit="false" align="left" cellAlign="left" detail="true" />
		<field title="User update" name="UPD_USR"  type="text" required="true" width="100" canFilter="true" canEdit="false" detail="true" align="left" cellAlign="left" />
	</fields>
	<serverObject lookupStyle="new" className="it.ccg.liqweb.server.dmi.StandardDMI"/>
	
</DataSource>