<DataSource tableName="stgsecmrg"
				   ID="stgsecmrg"
	dataSourceVersion="1"
		  serverType="sql">
	<fields>
		<field title="Calc. date" name="CALC_DT" customSelectExpression="TIMESTAMP_FORMAT(cast(CALC_DT as varchar(8)),'YYYYMMDD')"  customUpdateExpression="$values.CALC_DT"   required="true" detail="false" type="date" width="80" align="left" cellAlign="left" canFilter="true" canEdit="false" />
		<field title="Ref. date" name="REF_DT" primaryKey="true" customSelectExpression="TIMESTAMP_FORMAT(cast(REF_DT as varchar(8)),'YYYYMMDD')"  customUpdateExpression="$values.REF_DT"   required="true" detail="true" type="date" width="80" align="left" cellAlign="left" canFilter="true" canEdit="false" />
		<field title="Gen.CM ID" name="GCM" type="integer" required="true" width="20%" canFilter="true" canEdit="false" detail="false" align="left" cellAlign="left" />
		<field title="Clear.Memb.ID" name="CLRMEM" primaryKey="true"  required="true" type="integer" width="120" canFilter="true" canEdit="false" align="left" cellAlign="left" detail="true" />
		<field title="Account" name="ACCT" primaryKey="true"  type="text" length="50" required="true" width="80" canFilter="true" canEdit="false" detail="false" align="left" cellAlign="left">
		<valueMap>
				<value ID="F">Firm</value>	
				<value ID="C">Client</value>	
			</valueMap>
		</field>
		<field title="ISIN" name="ISIN" primaryKey="true"  required="true" type="text" width="100" canFilter="true" canEdit="false" align="left" cellAlign="left" detail="false" />
		<field title="ISIN desc."  name="ISINDESC"  required="true" type="text" width="100%" canFilter="true" canEdit="false" align="left" cellAlign="left"   detail="false" />
		<field title="Face Amount" name="FACE_AMT"  required="true" type="float" customSelectExpression="CAST(FACE_AMT as FLOAT)"  customUpdateExpression="$values.FACE_AMT"  format="###,000" width="80" canFilter="true" canEdit="false" align="right" cellAlign="right" detail="false" />
		<field title="Collateral value" name="MKT_AMT"  required="true" type="float" customSelectExpression="CAST(MKT_AMT as FLOAT)"  customUpdateExpression="$values.MKT_AMT"  format="###,000" width="80" canFilter="true" canEdit="false" align="right" cellAlign="right" detail="false" />
		<field title="Stress Price" name="STRESS_PRC"  required="true" type="float" customSelectExpression="CAST(STRESS_PRC as FLOAT)"  customUpdateExpression="$values.STRESS_PRC"  format="###,##0.##" width="80" canFilter="true" canEdit="false" align="right" cellAlign="right" detail="false" />
		<field title="BCE Hct." name="BCEHCT"  required="true" type="float" customSelectExpression="CAST(BCEHCT as FLOAT)"  customUpdateExpression="$values.BCEHCT"  format="###,#0.0##" width="80" canFilter="true" canEdit="false" align="right" cellAlign="right" detail="false" />
		<field title="Stressed Coll.Val." name="STRHCT_AMT"  required="true" type="float" customSelectExpression="CAST(STRHCT_AMT as FLOAT)"  customUpdateExpression="$values.STRHCT_AMT"  format="###,#00.##" width="100" canFilter="true" canEdit="false" align="right" cellAlign="right" detail="false" />

		<field title="St.Price date" name="SPRUNDATE"  required="true" type="float" customSelectExpression="CAST(SPRUNDATE as FLOAT)"  customUpdateExpression="$values.SPRUNDATE"  format="###,#00.##" width="120" canFilter="true" canEdit="false" align="right" cellAlign="right" detail="true" />
		<field title="St.Price num" name="SPRUNNBR"  required="true" type="float" customSelectExpression="CAST(SPRUNNBR as FLOAT)"  customUpdateExpression="$values.SPRUNNBR"  format="###,000" width="120" canFilter="true" canEdit="false" align="right" cellAlign="right" detail="true" />
		<field title="St.Price time" name="SPRUNTIME"  required="true" type="float" customSelectExpression="CAST(SPRUNTIME as FLOAT)"  customUpdateExpression="$values.SPRUNTIME"  format="###,000" width="120" canFilter="true" canEdit="false" align="right" cellAlign="right" detail="true" />
		<field title="HRef. Date" name="HDATEREF"  required="true" type="float" customSelectExpression="CAST(HDATEREF as FLOAT)"  customUpdateExpression="$values.HDATEREF"  format="###,000" width="120" canFilter="true" canEdit="false" align="right" cellAlign="right" detail="true" />
		<field title="Serial num." name="SERNO" primaryKey="true"   required="true" type="integer"  width="120" canFilter="true" canEdit="false" align="right" cellAlign="right" detail="true" />

		<field title="Date create" name="CRT_DT"  required="true" type="datetime" width="100" canFilter="true" canEdit="false" align="left" cellAlign="left" detail="true" />
		<field title="Date update" name="UPD_DT"  required="true" type="datetime" width="100" canFilter="true" canEdit="false" align="left" cellAlign="left" detail="true" />
		<field title="User create" name="CRT_USR"  required="true" type="text" width="100" canFilter="true" canEdit="false" align="left" cellAlign="left" detail="true" />
		<field title="User update" name="UPD_USR"  type="text" required="true" width="100" canFilter="true" canEdit="false" detail="true" align="left" cellAlign="left" />	
		
		</fields>
	<serverObject lookupStyle="new" className="it.ccg.liqweb.server.dmi.StandardDMI"/>
</DataSource>