<DataSource tableName="stplimits"
				   ID="stp_limits"
	dataSourceVersion="1"
		  serverType="sql">
	<fields>
		<field title="First date" name="FIRST_DT"  
		customUpdateExpression="cast(substring(CAST($values.FIRST_DT as varchar(10)) ,1,4)as int)*10000
										+ cast(substring(CAST($values.FIRST_DT as varchar(10)) ,6,2)as int)*100
										+ cast(substring(CAST($values.FIRST_DT as varchar(10)) ,9,2)as int)"
		customSelectExpression="TIMESTAMP_FORMAT(cast(FIRST_DT as varchar(8)),'YYYYMMDD')" type="date" required="true"  width="250" canFilter="true" canEdit="true" align="left" cellAlign="left" detail="false" />
		<field title="Hard Limit conf. interval" name="HLCNFINTV" type="float"  format="###.0##%" required="true" customUpdateExpression="$values.HLCNFINTV"  width="100" canFilter="true" canEdit="true" detail="false">
		<validators>
				<validator type="floatRange" min="0" max="0.99999999999999" errorMessage="Must be between 0 and 1. Ex. 99.5% is 0.995"/>
			</validators>
		</field>
		<field title="Soft Limit conf. interval" name="SLCNFINTV" type="float"  format="###.0##%" required="true" customUpdateExpression="$values.SLCNFINTV"  width="100" canFilter="true" canEdit="true" detail="false">
		<validators>
				<validator type="floatRange" min="0" max="0.99999999999999" errorMessage="Must be between 0 and 1. Ex. 99.5% is 0.995"/>
			</validators>
		</field>
		<field title="Period" name="PERIOD" type="integer" editorType="SelectItem" required="true" width="100" canFilter="true" canEdit="true" detail="false" >
		<valueMap>
				<value ID="5">1 week</value>
				<value ID="21">1 month</value>
				<value ID="64">3 months</value> 
				<value ID="127">6 months</value>
				<value ID="191">9 months</value>
				<value ID="253">1 year</value> 
				<value ID="254">1 year 1 day</value>
				<value ID="255">1 year 2 day</value>
				<value ID="380">18 months</value> 
				<value ID="505">2 years</value>
				<value ID="758">3 years</value>
				<value ID="1010">4 years</value> 
				<value ID="1263">5 years</value>
				<value ID="1515">6 years</value>
				<value ID="1768">7 years</value> 
				<value ID="2020">8 years</value>
				<value ID="2273">9 years</value>
				<value ID="2525">10 years</value> 
				<value ID="2526">10y 1day</value>
				<value ID="3030">12 years</value>
				<value ID="3283">13 years</value> 
				<value ID="3788">15 years</value>
				<value ID="30000">All data</value>
			</valueMap>
		</field>
		<field title="Round type" name="ROUNDTY" type="text" editorType="SelectItem" required="true" width="100" length="1" canFilter="true" canEdit="true" detail="false">
			<valueMap>
				<value ID="N">Nearest</value>
				<value ID="F">Floor</value>
				<value ID="C">Ceiling</value> 
			</valueMap>
		</field>		
		<field title="Round" name="ROUNDTV" type="float" editorType="SpinnerItem" required="true" step="1"  width="100" canFilter="true" canEdit="true" detail="false" />
		<field title="Limit type" name="LIMITYPE" type="text" editorType="text" primaryKey="true" width="100" length="1" canFilter="true"  hidden="true" canEdit="true" detail="true" />
		
		<field title="Date create" name="CRT_DT"  type="datetime" width="100" canFilter="true" canEdit="false" hidden="true" align="left" cellAlign="left" detail="true" />
		<field title="Date update" name="UPD_DT"   type="datetime" width="100" canFilter="true" canEdit="false" hidden="true" align="left" cellAlign="left" detail="true" />
		<field title="User create" name="CRT_USR"   type="text" width="100" canFilter="true" canEdit="false" hidden="true" align="left" cellAlign="left" detail="true" />
		<field title="User update" name="UPD_USR"  type="text"  width="100" canFilter="true" canEdit="false" hidden="true" align="left" cellAlign="left" detail="true"/>
		
			
		</fields>	
	<serverObject lookupStyle="new" className="it.ccg.liqweb.server.dmi.StandardDMI"/>
</DataSource>