<DataSource tableName="svcuser"
			 ID="svc_user"
			 dataSourceVersion="1"
			 serverType="sql">
		<fields>
		<field title="Username" name="USERNAME" type="text" primaryKey="true"  canEdit="false" align="left" cellAlign="left" detail="false"/>
		<field title="Company ID" name="COMPANY_ID" type="integer" filterOperator="equals" primaryKey="true"  canEdit="false" align="left" cellAlign="left" detail="true"/>
		<field title="Email" name="E_MAIL" type="text"  canEdit="false" align="left" cellAlign="left" detail="true"/>
		<field title="Notify" name="NOTIFY" type="text" length="1"  escapeHTML="true" canEdit="false" align="left" cellAlign="left" detail="true">
			<valueMap>
				<value ID="T">Enabled</value>
				<value ID="F">Disabled</value>
			</valueMap>
		</field>
		<field title="Creation Date" name="CRT_DT" type="datetime" length="100" width="20%" editorType="TextItem" align="left" cellAlign="left" canEdit="false" detail="false"/>
		<field title="Update Date" name="UPD_DT" type="datetime" length="100" width="20%" editorType="TextItem" align="left" cellAlign="left" canEdit="false" detail="false"/>
		<field title="Creation User" name="CRT_USR" length="30"  type="text" escapeHTML="true" canEdit="false"  align="left" cellAlign="left" detail="true"/>
		<field title="Update User" name="UPD_USR" length="30"  type="text" escapeHTML="true" canEdit="false"  align="left" cellAlign="left" detail="true"/>
	</fields>
	<!--  serverObject className="it.ccg.tcfrontend.server.dmi.CompanyDMI" methodName="enforceCompanyFilter"/ --> 
</DataSource>