<DataSource tableName="svccompany"
			 ID="svc_company"
			 dataSourceVersion="1"
			 serverType="sql">
	<fields>
		<field title="Company ID" name="COMPANY_ID" type="integer"  filterOperator="equals" primaryKey="true"  canEdit="false" align="left" cellAlign="left" detail="true" hidden="true"></field>
		<field title="Company Code" name="COMPANY_CODE" type="text"   canEdit="false" align="left" cellAlign="left" detail="false"></field>
		<field title="Company Name" name="COMPANY_NAME" type="text"   canEdit="false" align="left" cellAlign="left" detail="false"></field>
		<field title="Creation Date" name="CRT_DT" type="datetime" length="100" width="20%" editorType="TextItem" align="left" cellAlign="left" canEdit="false" detail="true"></field>
		<field title="Update Date" name="UPD_DT" type="datetime" length="100" width="20%" editorType="TextItem" align="left" cellAlign="left" canEdit="false" detail="true"></field>
		<field title="Creation User" name="CRT_USR" length="30"  type="text" escapeHTML="true"      canEdit="false"  align="left" cellAlign="left" detail="true"></field>
		<field title="Update User" name="UPD_USR" length="30"  type="text" escapeHTML="true"      canEdit="false"  align="left" cellAlign="left" detail="true"></field>	
	</fields>
	<!-- serverObject className="it.ccg.tcfrontend.server.dmi.CompanyDMI"  
                  methodName="enforceCompanyFilter"/ -->  
	<!-- operationBindings>
	  	<operationBinding operationType="update" serverMethod="jdbcUpdateAuditRun" requiresRole="user">  
	    	<serverObject lookupStyle="new"   className="it.ccg.tcfrontend.server.dmi.JDBCAuditOperation" />  
		</operationBinding>  
 </operationBindings -->   
</DataSource>