<DataSource tableName="unbalvar"
				   ID="unbalance_variat"
	dataSourceVersion="1"
		  serverType="sql">
	<fields>
		<field title="Ref. date" name="REF_DT" primaryKey="true" required="true" type="integer"  width="120" canFilter="true" canEdit="false" align="left" cellAlign="left" detail="false" />
		<field title="Manual cash return" name="MAN_CSH_RT" type="float"    width="100%" canFilter="true" canEdit="false" detail="false" />
		<field title="Automatic cash return" name="AUT_CSH_RT" type="float"   width="100%" canFilter="true" canEdit="false" detail="false" />
		<field title="voluntary contribution" name="VOL_CTB" type="float"   width="100%" canFilter="true" canEdit="false" detail="false" />
		<field title="Interoperability link" name="INT_OP_LINK" type="float"   width="100%" canFilter="true" canEdit="false" detail="false" />
		<field title="Settlement cash resource" name="SETTL_RES" type="float"   width="100%" canFilter="true" canEdit="false" detail="false" />
		<field title="EOD Cash Call" name="EOD_CSH_CL" type="float"   width="100%" canFilter="true" canEdit="false" detail="false" />
		<field title="Unbalance" name="UNBALANCE" type="float"   width="100%" canFilter="true" canEdit="false" detail="false" />
		<field title="unbalance variation" name="UNB_VARIAT" type="float"   width="100%" canFilter="true" canEdit="false" detail="false" />
		<field title="Log trace" name="LOG_TRACE" type="text"   required="false" width="20%" canFilter="true" canEdit="false" detail="true" />
		<field title="Note" name="NOTE" type="text"  width="20%" canFilter="true" canEdit="false" detail="true" />
		<field title="Date create" name="CRT_DT"  type="datetime" width="100" canFilter="true" canEdit="false" align="left" cellAlign="left" detail="true" />
		<field title="Date update" name="UPD_DT"  type="datetime" width="100" canFilter="true" canEdit="false" align="left" cellAlign="left" detail="true" />
		<field title="User create" name="CRT_USR"  type="text" width="100" canFilter="true" canEdit="false" align="left" cellAlign="left" detail="true" />
		<field title="User update" name="UPD_USR"  type="text"  width="100" canFilter="true" canEdit="false" align="left" cellAlign="left" detail="true"/>
		</fields>
		
	<serverObject lookupStyle="new" className="it.ccg.liqweb.server.dmi.StandardDMI"/>
</DataSource>