<DataSource tableName="vw_liqord"
				   ID="vw_liqOrd"
	dataSourceVersion="1"
		  serverType="sql">
	<fields>
		<field title="Ref. date" name="REF_DT" customSelectExpression="TIMESTAMP_FORMAT(cast(REF_DT as varchar(8)),'YYYYMMDD')" type="date"  width="120" canFilter="true" canEdit="false" align="left" cellAlign="left" detail="false" />
		<field title="Ref. date" name="REF_DT_num"  type="integer"  width="120" canFilter="true" canEdit="false" align="left" cellAlign="left" detail="true" />
		<field title="Total Liquid Resources" name="TOTLIQRESAMT" type="float"  format="###,000" required="true" width="100%" canFilter="true" canEdit="false"  align="left" cellAlign="left" detail="false" />
		<field title="Net daily unbalances" name="DAILYUNBAL" type="float"  format="###,000" required="true" width="100%" canFilter="true" canEdit="false" align="left" cellAlign="left" detail="false" />
		<field title="Hard limit" name="HARDLIM" required="true" type="integer" format="###,000" width="120" canFilter="true" canEdit="false" align="left" cellAlign="left" detail="false" />
		<field title="Soft limit" name="SOFTLIM" required="true" type="integer" format="###,000"  width="120" canFilter="true" canEdit="false" align="left" cellAlign="left" detail="false" />
	</fields>
	
	<serverObject lookupStyle="new" className="it.ccg.liqweb.server.dmi.StandardDMI"/>
	<operationBindings>
	<operationBinding operationType="fetch" operationId="CustomDateFetch"
	 	customValueFields="REF_DT_num" customCriteriaFields="REF_DT_num">  
	       <customSQL>
			<![CDATA[  select TIMESTAMP_FORMAT(cast(REF_DT as varchar(8)),'YYYYMMDD') as REF_DT,
					vw_liqord.REF_DT as REF_DT_num,
					cast(vw_liqord.TOTLIQRESAMT as FLOAT) as TOTLIQRESAMT,
					cast(vw_liqord.DAILYUNBAL as FLOAT) as DAILYUNBAL,
					vw_liqord.HARDLIM,
					vw_liqord.SOFTLIM
	  				FROM vw_liqord 
	  				where  ($defaultWhereClause)
	  					]]>
	  </customSQL>
	        </operationBinding>
	</operationBindings>
</DataSource>