<DataSource tableName="vwrfbnkgrp"
				   ID="vwrfbnkgrp"
	dataSourceVersion="1"
		  serverType="sql">
	<fields>
		<field title="Bank group ID" name="BNK_GRP_ID" required="true" detail="false" type="integer" width="80" align="left" cellAlign="left" canFilter="true" canEdit="false" />
		<field title="Is valid group" name="VALID_GRP"  required="true" type="text" lenght="1" width="80" align="left" cellAlign="left" canFilter="true" canEdit="true" detail="true" >
			<valuemap>
				<value ID="T">True</value>  
				<value ID="F">False</value> 	
			</valuemap>
		</field>
		<field title="Bank group name" name="BNK_GRP_NM"  required="true" detail="false" type="text" width="100%" align="left" cellAlign="left" canFilter="true" canEdit="false" />
		<field title="Next date" name="NEXT_DT"  type="integer" escapeHTML="true"  canEdit="true"  width="20%" align="left" cellAlign="left" detail="false"/>
	</fields>
   	
	<serverObject lookupStyle="new" className="it.ccg.liqweb.server.dmi.StandardDMI"/>
   	<operationBindings>
   	    
	       
	       <operationBinding operationType="fetch"
	       customValueFields="DESC" customCriteriaFields="DESC">  
				<selectClause>vwrfbnkgrp.BNK_GRP_ID,
					vwrfbnkgrp.BNK_GRP_NM,
					vwrfbnkgrp.VALID_GRP,
					vwrfbnkgrp.NEXT_DT,
					concat(concat(concat(vwrfbnkgrp.BNK_GRP_ID,' - '),concat(case vwrfbnkgrp.VALID_GRP when 'T' then 'True' else 'False' END,' - ')),IFNULL(vwrfbnkgrp.BNK_GRP_NM,'N/A'))  as DESC
	  			</selectClause>
				<orderClause>BNK_GRP_ID </orderClause> 
			</operationBinding>
	        
	 	</operationBindings>
   	
				
</DataSource>