{"devicePlatform":"","logFolder":"/Users/raghav/Katalon Studio/Sample SOAP API Testing Project/Reports/TestSuiteOne/20181106_150953","runData":{"hostName":"raghav - 192.168.1.2","hostAddress":"192.168.1.2","os":"Mac OS X 64bit","katalonVersion":"5.8.4.14"},"type":"TEST_SUITE","name":"TestSuiteOne","id":"Test Suites/TestSuiteOne","source":"","message":"Test Cases/TestOne","description":"","startTime":1541497200552,"endTime":1541497213304,"childRecords":[{"isOptional":false,"type":"TEST_CASE","name":"Test Cases/TestTwo_APIChaining","id":"Test Cases/TestTwo_APIChaining","source":"\\\\Users\\\\raghav\\\\Katalon Studio\\\\Sample SOAP API Testing Project\\\\Test Cases\\\\TestTwo_APIChaining.tc","message":"Test Cases/TestTwo_APIChaining","description":"","startTime":1541497202313,"endTime":1541497208728,"childRecords":[{"testStatus":{"stackTrace":"","statusValue":"INFO"},"type":"MESSAGE","name":"","message":"Evaluating variables for test case","startTime":1541497202433,"endTime":0,"childRecords":[],"interuppted":false},{"index":1,"isIgnoredIfFailed":false,"type":"TEST_STEP","name":"Statement - response1 \u003d com.kms.katalon.core.webservice.keyword.WSBuiltInKeywords.sendRequest(com.kms.katalon.core.testobject.ObjectRepository.findTestObject(CountryInfoSOAPService/GetCountryListByNames))","message":"Send request successfully","description":"","startTime":1541497204068,"endTime":1541497206507,"childRecords":[{"testStatus":{"stackTrace":"","statusValue":"PASSED"},"type":"MESSAGE","name":"","message":"Send request successfully","startTime":1541497206501,"endTime":0,"childRecords":[],"interuppted":false}],"interuppted":false},{"index":2,"isIgnoredIfFailed":false,"type":"TEST_STEP","name":"Statement - xml1 \u003d responseBodyContent","description":"","startTime":1541497206509,"endTime":1541497207688,"childRecords":[],"interuppted":false},{"index":3,"isIgnoredIfFailed":false,"type":"TEST_STEP","name":"Statement - dataValue \u003d new groovy.util.XmlSlurper().parseText(xml1)","description":"","startTime":1541497207692,"endTime":1541497207837,"childRecords":[],"interuppted":false},{"index":4,"isIgnoredIfFailed":false,"type":"TEST_STEP","name":"Statement - countryCode \u003d sISOCode.text()","description":"","startTime":1541497207843,"endTime":1541497207888,"childRecords":[],"interuppted":false},{"index":5,"isIgnoredIfFailed":false,"type":"TEST_STEP","name":"Statement - countryCode \u003d countryCode","description":"","startTime":1541497207889,"endTime":1541497207942,"childRecords":[],"interuppted":false},{"index":6,"isIgnoredIfFailed":false,"type":"TEST_STEP","name":"Statement - println(\".... value for Global Variable is : \" + countryCode)","description":"","startTime":1541497207945,"endTime":1541497207950,"childRecords":[],"interuppted":false},{"index":7,"isIgnoredIfFailed":false,"type":"TEST_STEP","name":"sendRequest","message":"Send request successfully","description":"","startTime":1541497207951,"endTime":1541497208727,"childRecords":[{"testStatus":{"stackTrace":"","statusValue":"PASSED"},"type":"MESSAGE","name":"","message":"Send request successfully","startTime":1541497208726,"endTime":0,"childRecords":[],"interuppted":false}],"interuppted":false},{"testStatus":{"stackTrace":"","statusValue":"PASSED"},"type":"MESSAGE","name":"","message":"Test Cases/TestTwo_APIChaining","startTime":1541497208727,"endTime":0,"childRecords":[],"interuppted":false}],"interuppted":false},{"isOptional":false,"type":"TEST_CASE","name":"Test Cases/TestOne","id":"Test Cases/TestOne","source":"\\\\Users\\\\raghav\\\\Katalon Studio\\\\Sample SOAP API Testing Project\\\\Test Cases\\\\TestOne.tc","message":"Test Cases/TestOne","description":"","startTime":1541497208739,"endTime":1541497213097,"childRecords":[{"testStatus":{"stackTrace":"","statusValue":"INFO"},"type":"MESSAGE","name":"","message":"Evaluating variables for test case","startTime":1541497208750,"endTime":0,"childRecords":[],"interuppted":false},{"index":1,"isIgnoredIfFailed":false,"type":"TEST_STEP","name":"sendRequest","message":"Send request successfully","description":"","startTime":1541497209307,"endTime":1541497210168,"childRecords":[{"testStatus":{"stackTrace":"","statusValue":"PASSED"},"type":"MESSAGE","name":"","message":"Send request successfully","startTime":1541497210166,"endTime":0,"childRecords":[],"interuppted":false}],"interuppted":false},{"index":2,"isIgnoredIfFailed":false,"type":"TEST_STEP","name":"sendRequestAndVerify","message":"Send request and verify the response successfully","description":"","startTime":1541497210169,"endTime":1541497213095,"childRecords":[{"isOptional":false,"type":"TEST_CASE","name":"Start Test Case : Verification","id":"","source":"","message":"Verification accomplished successfully","description":"","startTime":1541497211141,"endTime":1541497213055,"childRecords":[{"index":1,"isIgnoredIfFailed":false,"type":"TEST_STEP","name":"Statement - request \u003d com.kms.katalon.core.webservice.verification.WSResponseManager.getInstance().getCurrentRequest()","description":"","startTime":1541497211891,"endTime":1541497211966,"childRecords":[],"interuppted":false},{"index":2,"isIgnoredIfFailed":false,"type":"TEST_STEP","name":"Statement - response \u003d com.kms.katalon.core.webservice.verification.WSResponseManager.getInstance().getCurrentResponse()","description":"","startTime":1541497211967,"endTime":1541497211976,"childRecords":[],"interuppted":false},{"index":3,"isIgnoredIfFailed":false,"type":"TEST_STEP","name":"verifyResponseStatusCode","message":"Verify response status code successfully","description":"","startTime":1541497211977,"endTime":1541497212095,"childRecords":[{"testStatus":{"stackTrace":"","statusValue":"PASSED"},"type":"MESSAGE","name":"","message":"Verify response status code successfully","startTime":1541497212094,"endTime":0,"childRecords":[],"interuppted":false}],"interuppted":false},{"index":4,"isIgnoredIfFailed":false,"type":"TEST_STEP","name":"Statement - org.assertj.core.api.Assertions.assertThat(response.getStatusCode()).isEqualTo(200)","description":"","startTime":1541497212096,"endTime":1541497212492,"childRecords":[],"interuppted":false},{"index":5,"isIgnoredIfFailed":false,"type":"TEST_STEP","name":"verifyElementText","message":"Verify element text successfully","description":"","startTime":1541497212517,"endTime":1541497213051,"childRecords":[{"testStatus":{"stackTrace":"","statusValue":"PASSED"},"type":"MESSAGE","name":"","message":"Verify element text successfully","startTime":1541497213050,"endTime":0,"childRecords":[],"interuppted":false}],"interuppted":false},{"testStatus":{"stackTrace":"","statusValue":"PASSED"},"type":"MESSAGE","name":"","message":"Verification accomplished successfully","startTime":1541497213055,"endTime":0,"childRecords":[],"interuppted":false}],"interuppted":false},{"testStatus":{"stackTrace":"","statusValue":"PASSED"},"type":"MESSAGE","name":"","message":"Verify response successfully","startTime":1541497213093,"endTime":0,"childRecords":[],"interuppted":false},{"testStatus":{"stackTrace":"","statusValue":"PASSED"},"type":"MESSAGE","name":"","message":"Send request and verify the response successfully","startTime":1541497213094,"endTime":0,"childRecords":[],"interuppted":false}],"interuppted":false},{"testStatus":{"stackTrace":"","statusValue":"PASSED"},"type":"MESSAGE","name":"","message":"Test Cases/TestOne","startTime":1541497213095,"endTime":0,"childRecords":[],"interuppted":false}],"interuppted":false}],"interuppted":false}