Suite/Test/Step Name,Browser,Description,Start time,End time,Duration,Status
Test Suite Firefox v2.04 1_RUN,Firefox 60.0,,2019-08-05 14:43:18,2019-08-05 14:48:48,5m - 29.764s,FAILED
,,,,,,
Test Cases/Imported from Selenium IDE Scripts/ver. 2.04/Firefox/RU37/NUC02/RU37-NUC02-T01,Firefox 60.0,"LiME - Stress Simulator Settings, Hard-Soft limit",2019-08-05 14:43:19,2019-08-05 14:44:07,48.063s,FAILED
"Comment - ""----------------------------------------------------""",Firefox 60.0,,2019-08-05 14:43:19,2019-08-05 14:43:19,0.003s,PASSED
"Comment - ""This test case script is generated by Katalon Studio""",Firefox 60.0,,2019-08-05 14:43:19,2019-08-05 14:43:19,0.001s,PASSED
"Comment - ""Generated date: 09-Oct-2018 09:59:22 AM""",Firefox 60.0,,2019-08-05 14:43:19,2019-08-05 14:43:19,0.001s,PASSED
"Comment - ""File path: H:\Desktop\LiME_2.04\LiME_2.04\CdT\RUN_1\RU37-NUC02\RU37-NUC02-T01.rctest""",Firefox 60.0,,2019-08-05 14:43:19,2019-08-05 14:43:19,0.012s,PASSED
"Comment - ""LiME - Stress Simulator Settings, Hard-Soft limit""",Firefox 60.0,,2019-08-05 14:43:19,2019-08-05 14:43:19,0.002s,PASSED
"Comment - ""Generated by: masspetracca@gmail.com""",Firefox 60.0,,2019-08-05 14:43:19,2019-08-05 14:43:19,0.012s,PASSED
openBrowser,Firefox 60.0,----------------------------------------------------,2019-08-05 14:43:19,2019-08-05 14:43:29,9.646s,PASSED
navigateToUrl,Firefox 60.0,TC >> RU37-NUC01-T01.rctest,2019-08-05 14:43:29,2019-08-05 14:43:29,0.553s,PASSED
setText,Firefox 60.0,,2019-08-05 14:43:29,2019-08-05 14:43:30,0.340s,PASSED
setText,Firefox 60.0,,2019-08-05 14:43:30,2019-08-05 14:43:30,0.163s,PASSED
click,Firefox 60.0,,2019-08-05 14:43:30,2019-08-05 14:43:34,3.736s,PASSED
navigateToUrl,Firefox 60.0,,2019-08-05 14:43:34,2019-08-05 14:43:35,1.427s,PASSED
click,Firefox 60.0,,2019-08-05 14:43:35,2019-08-05 14:44:07,31.492s,FAILED
,,,,,,
Test Cases/Imported from Selenium IDE Scripts/ver. 2.04/Firefox/RU37/NUC02/RU37-NUC02-T01,Firefox 60.0,"LiME - Stress Simulator Settings, Hard-Soft limit",2019-08-05 14:44:07,2019-08-05 14:45:00,53.564s,FAILED
"Comment - ""----------------------------------------------------""",Firefox 60.0,,2019-08-05 14:44:07,2019-08-05 14:44:07,0.000s,PASSED
"Comment - ""This test case script is generated by Katalon Studio""",Firefox 60.0,,2019-08-05 14:44:07,2019-08-05 14:44:07,0.000s,PASSED
"Comment - ""Generated date: 09-Oct-2018 09:59:22 AM""",Firefox 60.0,,2019-08-05 14:44:07,2019-08-05 14:44:07,0.008s,PASSED
"Comment - ""File path: H:\Desktop\LiME_2.04\LiME_2.04\CdT\RUN_1\RU37-NUC02\RU37-NUC02-T01.rctest""",Firefox 60.0,,2019-08-05 14:44:07,2019-08-05 14:44:07,0.000s,PASSED
"Comment - ""LiME - Stress Simulator Settings, Hard-Soft limit""",Firefox 60.0,,2019-08-05 14:44:07,2019-08-05 14:44:07,0.000s,PASSED
"Comment - ""Generated by: masspetracca@gmail.com""",Firefox 60.0,,2019-08-05 14:44:07,2019-08-05 14:44:07,0.001s,PASSED
openBrowser,Firefox 60.0,----------------------------------------------------,2019-08-05 14:44:07,2019-08-05 14:44:11,4.311s,PASSED
navigateToUrl,Firefox 60.0,TC >> RU37-NUC01-T01.rctest,2019-08-05 14:44:11,2019-08-05 14:44:11,0.388s,PASSED
setText,Firefox 60.0,,2019-08-05 14:44:11,2019-08-05 14:44:12,0.184s,PASSED
setText,Firefox 60.0,,2019-08-05 14:44:12,2019-08-05 14:44:12,0.161s,PASSED
click,Firefox 60.0,,2019-08-05 14:44:12,2019-08-05 14:44:20,7.942s,PASSED
navigateToUrl,Firefox 60.0,,2019-08-05 14:44:20,2019-08-05 14:44:21,1.047s,PASSED
click,Firefox 60.0,,2019-08-05 14:44:21,2019-08-05 14:44:27,6.735s,PASSED
click,Firefox 60.0,,2019-08-05 14:44:27,2019-08-05 14:45:00,32.650s,FAILED
,,,,,,
Test Cases/Imported from Selenium IDE Scripts/ver. 2.04/Firefox/RU37/NUC03/RU37-NUC03-T01,Firefox 60.0,"LiME - Stress Simulator Setting, Sim. Settings - push
- refresh",2019-08-05 14:45:00,2019-08-05 14:46:06,1m - 6.312s,FAILED
"Comment - ""----------------------------------------------------""",Firefox 60.0,,2019-08-05 14:45:01,2019-08-05 14:45:01,0.002s,PASSED
"Comment - ""This test case script is generated by Katalon Studio""",Firefox 60.0,,2019-08-05 14:45:01,2019-08-05 14:45:01,0.004s,PASSED
"Comment - ""Generated date: 09-Oct-2018 09:59:22 AM""",Firefox 60.0,,2019-08-05 14:45:01,2019-08-05 14:45:01,0.000s,PASSED
"Comment - ""File path: H:\Desktop\LiME_2.04\LiME_2.04\CdT\RUN_1\RU37-NUC03\RU37-NUC03-T01.rctest""",Firefox 60.0,,2019-08-05 14:45:01,2019-08-05 14:45:01,0.000s,PASSED
"Comment - ""LiME - Stress Simulator Setting, Sim. Settings - push- refresh""",Firefox 60.0,,2019-08-05 14:45:01,2019-08-05 14:45:01,0.000s,PASSED
"Comment - ""Generated by: masspetracca@gmail.com""",Firefox 60.0,,2019-08-05 14:45:01,2019-08-05 14:45:01,0.000s,PASSED
openBrowser,Firefox 60.0,----------------------------------------------------,2019-08-05 14:45:01,2019-08-05 14:45:06,5.371s,PASSED
navigateToUrl,Firefox 60.0,TC >> RU37-NUC03-T01.rctest,2019-08-05 14:45:06,2019-08-05 14:45:06,0.353s,PASSED
setText,Firefox 60.0,,2019-08-05 14:45:06,2019-08-05 14:45:07,0.103s,PASSED
setText,Firefox 60.0,,2019-08-05 14:45:07,2019-08-05 14:45:07,0.069s,PASSED
click,Firefox 60.0,,2019-08-05 14:45:07,2019-08-05 14:45:08,1.429s,PASSED
navigateToUrl,Firefox 60.0,,2019-08-05 14:45:08,2019-08-05 14:45:10,1.715s,PASSED
click,Firefox 60.0,,2019-08-05 14:45:10,2019-08-05 14:45:35,24.964s,PASSED
click,Firefox 60.0,,2019-08-05 14:45:35,2019-08-05 14:46:06,31.714s,FAILED
,,,,,,
Test Cases/Imported from Selenium IDE Scripts/ver. 2.04/Firefox/RU37/NUC04/RU37-NUC04-T01,Firefox 60.0,"LiME - Stress Simulator Setting, General Settings - check settings, check standard",2019-08-05 14:46:06,2019-08-05 14:46:46,39.930s,FAILED
"Comment - ""----------------------------------------------------""",Firefox 60.0,,2019-08-05 14:46:07,2019-08-05 14:46:07,0.003s,PASSED
"Comment - ""This test case script is generated by Katalon Studio""",Firefox 60.0,,2019-08-05 14:46:07,2019-08-05 14:46:07,0.000s,PASSED
"Comment - ""Generated date: 09-Oct-2018 09:59:22 AM""",Firefox 60.0,,2019-08-05 14:46:07,2019-08-05 14:46:07,0.001s,PASSED
"Comment - ""File path: H:\Desktop\LiME_2.04\LiME_2.04\CdT\RUN_1\RU37-NUC04\RU37-NUC04-T01.rctest""",Firefox 60.0,,2019-08-05 14:46:07,2019-08-05 14:46:07,0.000s,PASSED
"Comment - ""LiME - Stress Simulator Setting, General Settings - check settings, check standard""",Firefox 60.0,,2019-08-05 14:46:07,2019-08-05 14:46:07,0.002s,PASSED
"Comment - ""Generated by: masspetracca@gmail.com""",Firefox 60.0,,2019-08-05 14:46:07,2019-08-05 14:46:07,0.000s,PASSED
openBrowser,Firefox 60.0,----------------------------------------------------,2019-08-05 14:46:07,2019-08-05 14:46:11,4.312s,PASSED
navigateToUrl,Firefox 60.0,TC >> RU37-NUC04-T01.rctest,2019-08-05 14:46:11,2019-08-05 14:46:12,0.501s,PASSED
setText,Firefox 60.0,,2019-08-05 14:46:12,2019-08-05 14:46:12,0.130s,PASSED
setText,Firefox 60.0,,2019-08-05 14:46:12,2019-08-05 14:46:12,0.093s,PASSED
click,Firefox 60.0,,2019-08-05 14:46:12,2019-08-05 14:46:13,1.320s,PASSED
rightClick,Firefox 60.0,,2019-08-05 14:46:13,2019-08-05 14:46:46,33.250s,FAILED
,,,,,,
Test Cases/Imported from Selenium IDE Scripts/ver. 2.04/Firefox/RU37/NUC05/RU37-NUC05-T01,Firefox 60.0,"LiME - Stress Simulator Settings, Sec.Held as Margin stg.",2019-08-05 14:46:46,2019-08-05 14:46:52,5.779s,FAILED
"Comment - ""----------------------------------------------------""",Firefox 60.0,,2019-08-05 14:46:47,2019-08-05 14:46:47,0.001s,PASSED
"Comment - ""This test case script is generated by Katalon Studio""",Firefox 60.0,,2019-08-05 14:46:47,2019-08-05 14:46:47,0.001s,PASSED
"Comment - ""Generated date: 09-Oct-2018 09:59:22 AM""",Firefox 60.0,,2019-08-05 14:46:47,2019-08-05 14:46:47,0.070s,PASSED
"Comment - ""File path: H:\Desktop\LiME_2.04\LiME_2.04\CdT\RUN_1\RU37-NUC05\RU37-NUC05-T01.rctest""",Firefox 60.0,,2019-08-05 14:46:47,2019-08-05 14:46:47,0.000s,PASSED
"Comment - ""LiME - Stress Simulator Settings, Sec.Held as Margin stg.""",Firefox 60.0,,2019-08-05 14:46:47,2019-08-05 14:46:47,0.000s,PASSED
"Comment - ""Generated by: masspetracca@gmail.com""",Firefox 60.0,,2019-08-05 14:46:47,2019-08-05 14:46:47,0.001s,PASSED
openBrowser,Firefox 60.0,----------------------------------------------------,2019-08-05 14:46:47,2019-08-05 14:46:51,4.657s,PASSED
navigateToUrl,Firefox 60.0,TC >> RU37-NUC05-T01.rctest,2019-08-05 14:46:51,2019-08-05 14:46:52,0.494s,PASSED
setText,Firefox 60.0,,2019-08-05 14:46:52,2019-08-05 14:46:52,0.235s,FAILED
,,,,,,
Test Cases/Imported from Selenium IDE Scripts/ver. 2.04/Firefox/RU37/NUC06/RU37-NUC06-T01,Firefox 60.0,"LiME - Stress Simulator Settings, Sec.Held as Mar. NO Excess Coll. Stg.",2019-08-05 14:46:52,2019-08-05 14:46:59,6.460s,FAILED
"Comment - ""----------------------------------------------------""",Firefox 60.0,,2019-08-05 14:46:53,2019-08-05 14:46:53,0.001s,PASSED
"Comment - ""This test case script is generated by Katalon Studio""",Firefox 60.0,,2019-08-05 14:46:53,2019-08-05 14:46:53,0.001s,PASSED
"Comment - ""Generated date: 09-Oct-2018 09:59:22 AM""",Firefox 60.0,,2019-08-05 14:46:53,2019-08-05 14:46:53,0.000s,PASSED
"Comment - ""File path: H:\Desktop\LiME_2.04\LiME_2.04\CdT\RUN_1\RU37-NUC06\RU37-NUC06-T01.rctest""",Firefox 60.0,,2019-08-05 14:46:53,2019-08-05 14:46:53,0.001s,PASSED
"Comment - ""LiME - Stress Simulator Settings, Sec.Held as Mar. NO Excess Coll. Stg.""",Firefox 60.0,,2019-08-05 14:46:53,2019-08-05 14:46:53,0.000s,PASSED
"Comment - ""Generated by: masspetracca@gmail.com""",Firefox 60.0,,2019-08-05 14:46:53,2019-08-05 14:46:53,0.001s,PASSED
openBrowser,Firefox 60.0,----------------------------------------------------,2019-08-05 14:46:53,2019-08-05 14:46:57,4.897s,PASSED
navigateToUrl,Firefox 60.0,TC >> RU37-NUC06-T01.rctest,2019-08-05 14:46:57,2019-08-05 14:46:59,1.041s,PASSED
setText,Firefox 60.0,,2019-08-05 14:46:59,2019-08-05 14:46:59,0.102s,FAILED
,,,,,,
Test Cases/Imported from Selenium IDE Scripts/ver. 2.04/Firefox/RU37/NUC07/RU37-NUC07-T01,Firefox 60.0,"LiME - Stress Simulator Settings, Sec.asMar.NO Excess coll.Stg.-COUNTRY.",2019-08-05 14:46:59,2019-08-05 14:47:06,7.539s,FAILED
"Comment - ""----------------------------------------------------""",Firefox 60.0,,2019-08-05 14:46:59,2019-08-05 14:46:59,0.001s,PASSED
"Comment - ""This test case script is generated by Katalon Studio""",Firefox 60.0,,2019-08-05 14:46:59,2019-08-05 14:46:59,0.001s,PASSED
"Comment - ""Generated date: 09-Oct-2018 09:59:22 AM""",Firefox 60.0,,2019-08-05 14:46:59,2019-08-05 14:46:59,0.000s,PASSED
"Comment - ""File path: H:\Desktop\LiME_2.04\LiME_2.04\CdT\RUN_1\RU37-NUC07\RU37-NUC07-T01.rctest""",Firefox 60.0,,2019-08-05 14:46:59,2019-08-05 14:46:59,0.001s,PASSED
"Comment - ""LiME - Stress Simulator Settings, Sec.asMar.NO Excess coll.Stg.-COUNTRY.""",Firefox 60.0,,2019-08-05 14:46:59,2019-08-05 14:46:59,0.001s,PASSED
"Comment - ""Generated by: masspetracca@gmail.com""",Firefox 60.0,,2019-08-05 14:46:59,2019-08-05 14:46:59,0.000s,PASSED
openBrowser,Firefox 60.0,----------------------------------------------------,2019-08-05 14:46:59,2019-08-05 14:47:04,5.199s,PASSED
navigateToUrl,Firefox 60.0,TC >> RU37-NUC07-T01.rctest,2019-08-05 14:47:04,2019-08-05 14:47:06,1.943s,PASSED
setText,Firefox 60.0,,2019-08-05 14:47:06,2019-08-05 14:47:06,0.117s,FAILED
,,,,,,
Test Cases/Imported from Selenium IDE Scripts/ver. 2.04/Firefox/RU37/NUC08/RU37-NUC08-T01,Firefox 60.0,"LiME - Stress Simulator Settings, Sec.Held as Mar. NO Excess Coll. Stg. Simulator.",2019-08-05 14:47:06,2019-08-05 14:48:05,58.619s,FAILED
"Comment - ""----------------------------------------------------""",Firefox 60.0,,2019-08-05 14:47:07,2019-08-05 14:47:07,0.002s,PASSED
"Comment - ""This test case script is generated by Katalon Studio""",Firefox 60.0,,2019-08-05 14:47:07,2019-08-05 14:47:07,0.000s,PASSED
"Comment - ""Generated date: 09-Oct-2018 09:59:22 AM""",Firefox 60.0,,2019-08-05 14:47:07,2019-08-05 14:47:07,0.000s,PASSED
"Comment - ""File path: H:\Desktop\LiME_2.04\LiME_2.04\CdT\RUN_1\RU37-NUC08\RU37-NUC08-T01.rctest""",Firefox 60.0,,2019-08-05 14:47:07,2019-08-05 14:47:07,0.001s,PASSED
"Comment - ""LiME - Stress Simulator Settings, Sec.Held as Mar. NO Excess Coll. Stg. Simulator""",Firefox 60.0,,2019-08-05 14:47:07,2019-08-05 14:47:07,0.002s,PASSED
"Comment - ""Generated by: masspetracca@gmail.com""",Firefox 60.0,,2019-08-05 14:47:07,2019-08-05 14:47:07,0.001s,PASSED
openBrowser,Firefox 60.0,----------------------------------------------------,2019-08-05 14:47:07,2019-08-05 14:47:11,4.827s,PASSED
navigateToUrl,Firefox 60.0,TC >> RU37-NUC08-T01.rctest,2019-08-05 14:47:11,2019-08-05 14:47:12,0.367s,PASSED
setText,Firefox 60.0,,2019-08-05 14:47:12,2019-08-05 14:47:12,0.083s,PASSED
setText,Firefox 60.0,,2019-08-05 14:47:12,2019-08-05 14:47:12,0.060s,PASSED
click,Firefox 60.0,,2019-08-05 14:47:12,2019-08-05 14:47:13,1.488s,PASSED
navigateToUrl,Firefox 60.0,,2019-08-05 14:47:13,2019-08-05 14:47:15,1.282s,PASSED
click,Firefox 60.0,,2019-08-05 14:47:15,2019-08-05 14:47:33,18.688s,PASSED
rightClick,Firefox 60.0,,2019-08-05 14:47:33,2019-08-05 14:48:05,31.460s,FAILED
,,,,,,
Test Cases/Imported from Selenium IDE Scripts/ver. 2.04/Firefox/RU37/NUC09/RU37-NUC09-T01,Firefox 60.0,"LiME - Stress Simulator Settings, Sec.asMar.NO Excess coll.Stg.-COUNTRY Simulazione.",2019-08-05 14:48:05,2019-08-05 14:48:47,42.675s,FAILED
"Comment - ""----------------------------------------------------""",Firefox 60.0,,2019-08-05 14:48:05,2019-08-05 14:48:05,0.001s,PASSED
"Comment - ""This test case script is generated by Katalon Studio""",Firefox 60.0,,2019-08-05 14:48:05,2019-08-05 14:48:05,0.000s,PASSED
"Comment - ""Generated date: 09-Oct-2018 09:59:22 AM""",Firefox 60.0,,2019-08-05 14:48:05,2019-08-05 14:48:05,0.001s,PASSED
"Comment - ""File path: H:\Desktop\LiME_2.04\LiME_2.04\CdT\RUN_1\RU37-NUC09\RU37-NUC09-T01.rctest""",Firefox 60.0,,2019-08-05 14:48:05,2019-08-05 14:48:05,0.000s,PASSED
"Comment - ""LiME - Stress Simulator Settings, Sec.asMar.NO Excess coll.Stg.-COUNTRY Simulazione.""",Firefox 60.0,,2019-08-05 14:48:05,2019-08-05 14:48:05,0.000s,PASSED
"Comment - ""Generated by: masspetracca@gmail.com""",Firefox 60.0,,2019-08-05 14:48:05,2019-08-05 14:48:05,0.001s,PASSED
openBrowser,Firefox 60.0,----------------------------------------------------,2019-08-05 14:48:05,2019-08-05 14:48:10,4.633s,PASSED
navigateToUrl,Firefox 60.0,TC >> RU37-NUC09-T01.rctest,2019-08-05 14:48:10,2019-08-05 14:48:10,0.392s,PASSED
setText,Firefox 60.0,,2019-08-05 14:48:10,2019-08-05 14:48:10,0.094s,PASSED
setText,Firefox 60.0,,2019-08-05 14:48:10,2019-08-05 14:48:10,0.100s,PASSED
click,Firefox 60.0,,2019-08-05 14:48:10,2019-08-05 14:48:12,1.522s,PASSED
navigateToUrl,Firefox 60.0,,2019-08-05 14:48:12,2019-08-05 14:48:13,1.263s,PASSED
click,Firefox 60.0,,2019-08-05 14:48:13,2019-08-05 14:48:47,33.729s,FAILED
closeBrowser,Firefox 60.0,,2019-08-05 14:48:47,2019-08-05 14:48:47,0.522s,PASSED
