Suite/Test/Step Name,Browser,Description,Start time,End time,Duration,Status
Tsuite_ver02-firefox,Firefox 60.0,,2019-05-30 09:16:12,2019-05-30 09:17:08,56.137s,PASSED
,,,,,,
Test Cases/ver 0.2Q/ver 0.2Q-firefox/RU09-GENERAL/RU09-NUC01-T01,Firefox 60.0,RU09-NUC01-T01 -General - Scheduler,2019-05-30 09:16:13,2019-05-30 09:16:30,16.818s,PASSED
"Comment - ""----------------------------------------------------""",Firefox 60.0,,2019-05-30 09:16:14,2019-05-30 09:16:14,0.002s,PASSED
"Comment - ""This test case script is generated by Katalon Studio""",Firefox 60.0,,2019-05-30 09:16:14,2019-05-30 09:16:14,0.006s,PASSED
"Comment - ""Generated date: 09-Oct-2018 09:59:22 AM""",Firefox 60.0,,2019-05-30 09:16:14,2019-05-30 09:16:14,0.008s,PASSED
"Comment - ""File path: H:\Desktop\PAMPCCPA_0.1\PAMPCCPA_0.1\CdT\RUN_2\RU09\RU09-NUC01-T01.rctest""",Firefox 60.0,,2019-05-30 09:16:14,2019-05-30 09:16:14,0.003s,PASSED
"Comment - ""Generated by: masspetracca@gmail.com""",Firefox 60.0,,2019-05-30 09:16:14,2019-05-30 09:16:14,0.019s,PASSED
openBrowser,Firefox 60.0,----------------------------------------------------,2019-05-30 09:16:14,2019-05-30 09:16:22,8.179s,PASSED
navigateToUrl,Firefox 60.0,TC >> RU09-NUC01-T01.rctest,2019-05-30 09:16:22,2019-05-30 09:16:23,0.414s,PASSED
setText,Firefox 60.0,,2019-05-30 09:16:23,2019-05-30 09:16:23,0.350s,PASSED
setText,Firefox 60.0,,2019-05-30 09:16:23,2019-05-30 09:16:23,0.141s,PASSED
click,Firefox 60.0,,2019-05-30 09:16:23,2019-05-30 09:16:29,5.877s,PASSED
navigateToUrl,Firefox 60.0,,2019-05-30 09:16:29,2019-05-30 09:16:29,0.047s,PASSED
closeBrowser,Firefox 60.0,,2019-05-30 09:16:29,2019-05-30 09:16:30,0.798s,PASSED
,,,,,,
Test Cases/ver 0.2Q/ver 0.2Q-firefox/RU09-GENERAL/RU09-NUC01-T02,Firefox 60.0,RU09-NUC01-T02 -Sv. Test - General - Operations,2019-05-30 09:16:30,2019-05-30 09:16:56,25.777s,PASSED
"Comment - ""----------------------------------------------------""",Firefox 60.0,,2019-05-30 09:16:30,2019-05-30 09:16:30,0.003s,PASSED
"Comment - ""This test case script is generated by Katalon Studio""",Firefox 60.0,,2019-05-30 09:16:30,2019-05-30 09:16:30,0.003s,PASSED
"Comment - ""Generated date: 09-Oct-2018 09:59:22 AM""",Firefox 60.0,,2019-05-30 09:16:30,2019-05-30 09:16:30,0.002s,PASSED
"Comment - ""File path: H:\Desktop\PAMPCCPA_0.1\PAMPCCPA_0.1\CdT\RUN_2\RU09\RU09-NUC01-T02.rctest""",Firefox 60.0,,2019-05-30 09:16:30,2019-05-30 09:16:30,0.000s,PASSED
"Comment - ""Generated by: masspetracca@gmail.com""",Firefox 60.0,,2019-05-30 09:16:30,2019-05-30 09:16:30,0.001s,PASSED
openBrowser,Firefox 60.0,----------------------------------------------------,2019-05-30 09:16:30,2019-05-30 09:16:37,6.917s,PASSED
navigateToUrl,Firefox 60.0,TC >> RU09-NUC01-T02.rctest,2019-05-30 09:16:37,2019-05-30 09:16:38,0.264s,PASSED
setText,Firefox 60.0,,2019-05-30 09:16:38,2019-05-30 09:16:38,0.163s,PASSED
setText,Firefox 60.0,,2019-05-30 09:16:38,2019-05-30 09:16:38,0.074s,PASSED
click,Firefox 60.0,,2019-05-30 09:16:38,2019-05-30 09:16:44,5.736s,PASSED
navigateToUrl,Firefox 60.0,,2019-05-30 09:16:44,2019-05-30 09:16:44,0.059s,PASSED
click,Firefox 60.0,,2019-05-30 09:16:44,2019-05-30 09:16:54,10.081s,PASSED
click,Firefox 60.0,,2019-05-30 09:16:54,2019-05-30 09:16:54,0.289s,PASSED
click,Firefox 60.0,,2019-05-30 09:16:54,2019-05-30 09:16:54,0.320s,PASSED
click,Firefox 60.0,,2019-05-30 09:16:54,2019-05-30 09:16:55,0.296s,PASSED
closeBrowser,Firefox 60.0,,2019-05-30 09:16:55,2019-05-30 09:16:56,1.114s,PASSED
,,,,,,
Test Cases/ver 0.2Q/ver 0.2Q-firefox/RU09-GENERAL/RU09-NUC01-T03,Firefox 60.0,RU09-NUC01-T03 - General - Log Tail Viewer,2019-05-30 09:16:56,2019-05-30 09:17:08,12.620s,PASSED
"Comment - ""----------------------------------------------------""",Firefox 60.0,,2019-05-30 09:16:56,2019-05-30 09:16:56,0.002s,PASSED
"Comment - ""This test case script is generated by Katalon Studio""",Firefox 60.0,,2019-05-30 09:16:56,2019-05-30 09:16:56,0.001s,PASSED
"Comment - ""Generated date: 09-Oct-2018 09:59:22 AM""",Firefox 60.0,,2019-05-30 09:16:56,2019-05-30 09:16:56,0.001s,PASSED
"Comment - ""File path: H:\Desktop\PAMPCCPA_0.1\PAMPCCPA_0.1\CdT\RUN_2\RU09\RU09-NUC01-T03.rctest""",Firefox 60.0,,2019-05-30 09:16:56,2019-05-30 09:16:56,0.001s,PASSED
"Comment - ""Generated by: masspetracca@gmail.com""",Firefox 60.0,,2019-05-30 09:16:56,2019-05-30 09:16:56,0.001s,PASSED
openBrowser,Firefox 60.0,----------------------------------------------------,2019-05-30 09:16:56,2019-05-30 09:17:01,4.834s,PASSED
navigateToUrl,Firefox 60.0,TC >> RU09-NUC01-T03.rctest,2019-05-30 09:17:01,2019-05-30 09:17:01,0.356s,PASSED
setText,Firefox 60.0,,2019-05-30 09:17:01,2019-05-30 09:17:01,0.113s,PASSED
setText,Firefox 60.0,,2019-05-30 09:17:01,2019-05-30 09:17:01,0.071s,PASSED
click,Firefox 60.0,,2019-05-30 09:17:01,2019-05-30 09:17:08,6.219s,PASSED
navigateToUrl,Firefox 60.0,,2019-05-30 09:17:08,2019-05-30 09:17:08,0.072s,PASSED
closeBrowser,Firefox 60.0,,2019-05-30 09:17:08,2019-05-30 09:17:08,0.650s,PASSED
