#testing: http://10.0.10.230:10160/TerrorismControl/
#test: RU01_csv
open | /TerrorismControl/login.jsp | <!-- Antiterrorism List - Internal Client Database synchronization -->
type | name=j_username | qaapprover
type | name=j_password | qaapprover
clickAndWait | id=submitLabel |  <!--The system must be able to let the User schedule the Client List (CL) --> 
waitForElementClickable | scLocator=//TreeGrid[ID="sidenavtree"]/body/row[name=Scheduler||8]/col[fieldName=name||0]
click | scLocator=//TreeGrid[ID="sidenavtree"]/body/row[name=Scheduler||8]/col[fieldName=name||0]
waitForElementClickable | scLocator=//IButton[ID="SCHEDULER001"]/
click | scLocator=//IButton[ID="SCHEDULER001"]/
waitForElementClickable | scLocator=//Window[ID="ManageSchedule"]/item[1][Class="HLayout"]/member[Class=IButton||index=0||length=2||classIndex=0||classLength=2||roleIndex=0||roleLength=2||title=Activate||scRole=button]/
click | scLocator=//Window[ID="ManageSchedule"]/item[1][Class="HLayout"]/member[Class=IButton||index=0||length=2||classIndex=0||classLength=2||roleIndex=0||roleLength=2||title=Activate||scRole=button]/
waitForElementClickable | scLocator=//Window[ID="ManageSchedule"]/item[1][Class="HLayout"]/member[Class=IButton||index=1||length=2||classIndex=1||classLength=2||roleIndex=1||roleLength=2||title=Cancel||scRole=button]/
click | scLocator=//Window[ID="ManageSchedule"]/item[1][Class="HLayout"]/member[Class=IButton||index=1||length=2||classIndex=1||classLength=2||roleIndex=1||roleLength=2||title=Cancel||scRole=button]/
waitForElementClickable | scLocator=//Window[ID="ManageSchedule"]/item[0][Class="DynamicForm"]/item[name=methodName||title=Job%20name||index=1||Class=SelectItem]/textbox
click | scLocator=//Window[ID="ManageSchedule"]/item[0][Class="DynamicForm"]/item[name=methodName||title=Job%20name||index=1||Class=SelectItem]/textbox
waitForElementClickable | scLocator=//Window[ID="ManageSchedule"]/item[0][Class="DynamicForm"]/item[name=name||title=Schedule%20name||value=Schedule-2014-10-20||index=0||Class=TextItem]/element
type | scLocator=//Window[ID="ManageSchedule"]/item[0][Class="DynamicForm"]/item[name=name||title=Schedule%20name||value=Schedule-2014-10-20||index=0||Class=TextItem]/element | Schedule-import-2014-10-20
waitForElementClickable | scLocator=//Window[ID="ManageSchedule"]/item[0][Class="DynamicForm"]/item[name=stringValue||title=Day%20of%20week||index=2||Class=SelectItem]/[icon="picker"]
click | scLocator=//Window[ID="ManageSchedule"]/item[0][Class="DynamicForm"]/item[name=stringValue||title=Day%20of%20week||index=2||Class=SelectItem]/[icon="picker"]
waitForElementClickable | scLocator=//Window[ID="ManageSchedule"]/item[0][Class="DynamicForm"]/item[name=stringValue||title=Day%20of%20week||index=2||Class=SelectItem]/pickList/body/row[stringValue=mon||0]/col[fieldName=stringValue||1]
click | scLocator=//Window[ID="ManageSchedule"]/item[0][Class="DynamicForm"]/item[name=stringValue||title=Day%20of%20week||index=2||Class=SelectItem]/pickList/body/row[stringValue=mon||0]/col[fieldName=stringValue||1]
waitForElementClickable | scLocator=//Window[ID="ManageSchedule"]/item[0][Class="DynamicForm"]/item[name=stringValue||title=Day%20of%20week||index=2||Class=SelectItem]/pickList/body/row[0]/col[isCheckboxField=true||0]
click | scLocator=//Window[ID="ManageSchedule"]/item[0][Class="DynamicForm"]/item[name=stringValue||title=Day%20of%20week||index=2||Class=SelectItem]/pickList/body/row[0]/col[isCheckboxField=true||0]
waitForElementClickable | scLocator=//Window[ID="ManageSchedule"]/item[0][Class="DynamicForm"]/item[name=stringValue||title=Day%20of%20week||value=mon||index=2||Class=SelectItem]/pickList/body/row[6]/col[isCheckboxField=true||0]
click | scLocator=//Window[ID="ManageSchedule"]/item[0][Class="DynamicForm"]/item[name=stringValue||title=Day%20of%20week||value=mon||index=2||Class=SelectItem]/pickList/body/row[6]/col[isCheckboxField=true||0]
waitForElementClickable | scLocator=//Window[ID="ManageSchedule"]/item[0][Class="DynamicForm"]/item[name=description||title=Note||value=test||index=4||Class=TextItem]/element
type | scLocator=//Window[ID="ManageSchedule"]/item[0][Class="DynamicForm"]/item[name=description||title=Note||value=test||index=4||Class=TextItem]/element | test
waitForElementClickable | scLocator=//Window[ID="ManageSchedule"]/item[0][Class="DynamicForm"]/item[name=description||title=Note||value=test2%20Schedule-2014-10-20||index=4||Class=TextItem]/element
type | scLocator=//Window[ID="ManageSchedule"]/item[0][Class="DynamicForm"]/item[name=description||title=Note||value=test2%20Schedule-2014-10-20||index=4||Class=TextItem]/element | test2 Schedule-2014-10-20
waitForElementClickable | scLocator=//Window[ID="ManageSchedule"]/item[1][Class="HLayout"]/member[Class=IButton||index=0||length=2||classIndex=0||classLength=2||roleIndex=0||roleLength=2||title=Activate||scRole=button]/
click | scLocator=//Window[ID="ManageSchedule"]/item[1][Class="HLayout"]/member[Class=IButton||index=0||length=2||classIndex=0||classLength=2||roleIndex=0||roleLength=2||title=Activate||scRole=button]/
waitForElementClickable | scLocator=//Window[ID="ManageSchedule"]/item[0][Class="DynamicForm"]/item[name=numberValue||title=Hour%20%280-23%29||value=0||index=3||Class=TextItem]/element
type | scLocator=//Window[ID="ManageSchedule"]/item[0][Class="DynamicForm"]/item[name=numberValue||title=Hour%20%280-23%29||value=0||index=3||Class=TextItem]/element | 1615
waitForElementClickable | scLocator=//Window[ID="ManageSchedule"]/item[1][Class="HLayout"]/member[Class=IButton||index=0||length=2||classIndex=0||classLength=2||roleIndex=0||roleLength=2||title=Activate||scRole=button]/
click | scLocator=//Window[ID="ManageSchedule"]/item[1][Class="HLayout"]/member[Class=IButton||index=0||length=2||classIndex=0||classLength=2||roleIndex=0||roleLength=2||title=Activate||scRole=button]/
