<?xml version="1.0" encoding="UTF-8"?>
<TestCase seleniumIDEVersion="2.9.1" baseURL="http://10.0.10.173:9081/CCAM/">
<selenese>
	<command>echo</command>
	<target><![CDATA[]]></target>
	<value><![CDATA[RU03-NUC01-T03.rctest]]></value>
</selenese>
<selenese>
	<command>open</command>
	<target><![CDATA[/CCAM/]]></target>
	<value><![CDATA[Entities - CCAM - Grouping and refresh]]></value>
</selenese>
<selenese>
	<command>click</command>
	<target><![CDATA[//div[@id='isc_H']/table/tbody/tr/td/table/tbody/tr/td[2]]]></target>
	<value><![CDATA[]]></value>
</selenese>
<selenese>
	<command>selectWindow</command>
	<target><![CDATA[null]]></target>
	<value><![CDATA[]]></value>
</selenese>
<selenese>
	<command>waitForElementClickable</command>
	<target><![CDATA[scLocator=//autoID[Class=VLayout||index=1||length=4||classIndex=0||classLength=1]/member[Class=HLayout||index=1||length=4||classIndex=1||classLength=4]/member[Class=MenuButton||index=0||length=1||classIndex=0||classLength=1||roleIndex=0||roleLength=1||title=Menu||scRole=button]/]]></target>
	<value><![CDATA[]]></value>
</selenese>
<selenese>
	<command>click</command>
	<target><![CDATA[scLocator=//autoID[Class=VLayout||index=1||length=4||classIndex=0||classLength=1]/member[Class=HLayout||index=1||length=4||classIndex=1||classLength=4]/member[Class=MenuButton||index=0||length=1||classIndex=0||classLength=1||roleIndex=0||roleLength=1||title=Menu||scRole=button]/]]></target>
	<value><![CDATA[]]></value>
</selenese>
<selenese>
	<command>waitForElementClickable</command>
	<target><![CDATA[scLocator=//Menu[level=1]/body/row[1]/col[fieldName=title||0]]]></target>
	<value><![CDATA[]]></value>
</selenese>
<selenese>
	<command>click</command>
	<target><![CDATA[scLocator=//Menu[level=1]/body/row[1]/col[fieldName=title||0]]]></target>
	<value><![CDATA[]]></value>
</selenese>
<selenese>
	<command>waitForElementClickable</command>
	<target><![CDATA[scLocator=//Portlet[ID="refdata_entities_tab_2"]/maximizeButton/]]></target>
	<value><![CDATA[]]></value>
</selenese>
<selenese>
	<command>click</command>
	<target><![CDATA[scLocator=//Portlet[ID="refdata_entities_tab_2"]/maximizeButton/]]></target>
	<value><![CDATA[]]></value>
</selenese>
<selenese>
	<command>waitForElementClickable</command>
	<target><![CDATA[scLocator=//Portlet[ID="refdata_entities_tab_2"]/item[0][Class="ListGrid"]/filterEditor/editRowForm/item[name=country_name||title=Country%20name||index=4||Class=TextItem]/element]]></target>
	<value><![CDATA[]]></value>
</selenese>
<selenese>
	<command>click</command>
	<target><![CDATA[scLocator=//Portlet[ID="refdata_entities_tab_2"]/item[0][Class="ListGrid"]/filterEditor/editRowForm/item[name=country_name||title=Country%20name||index=4||Class=TextItem]/element]]></target>
	<value><![CDATA[]]></value>
</selenese>
<selenese>
	<command>waitForElementClickable</command>
	<target><![CDATA[scLocator=//Portlet[ID="refdata_entities_tab_2"]/item[0][Class="ListGrid"]/header/headerButton[fieldName=country_name]/]]></target>
	<value><![CDATA[]]></value>
</selenese>
<selenese>
	<command>click</command>
	<target><![CDATA[scLocator=//Portlet[ID="refdata_entities_tab_2"]/item[0][Class="ListGrid"]/header/headerButton[fieldName=country_name]/]]></target>
	<value><![CDATA[]]></value>
</selenese>
<selenese>
	<command>waitForElementClickable</command>
	<target><![CDATA[scLocator=//Portlet[ID="refdata_entities_tab_2"]/item[0][Class="ListGrid"]/header/headerButton[fieldName=country_name]/]]></target>
	<value><![CDATA[]]></value>
</selenese>
<selenese>
	<command>contextMenu</command>
	<target><![CDATA[scLocator=//Portlet[ID="refdata_entities_tab_2"]/item[0][Class="ListGrid"]/header/headerButton[fieldName=country_name]/]]></target>
	<value><![CDATA[]]></value>
</selenese>
<selenese>
	<command>waitForElementClickable</command>
	<target><![CDATA[scLocator=//Portlet[ID="refdata_entities_tab_2"]/item[0][Class="ListGrid"]/headerContextMenu[Class=Menu||index=0||length=1||classIndex=0||classLength=1||roleIndex=0||roleLength=1||scRole=menu]/body/row[title=Group%20by%20Country%20name||9]/col[fieldName=title||1]]]></target>
	<value><![CDATA[]]></value>
</selenese>
<selenese>
	<command>click</command>
	<target><![CDATA[scLocator=//Portlet[ID="refdata_entities_tab_2"]/item[0][Class="ListGrid"]/headerContextMenu[Class=Menu||index=0||length=1||classIndex=0||classLength=1||roleIndex=0||roleLength=1||scRole=menu]/body/row[title=Group%20by%20Country%20name||9]/col[fieldName=title||1]]]></target>
	<value><![CDATA[]]></value>
</selenese>
<selenese>
	<command>waitForElementClickable</command>
	<target><![CDATA[scLocator=//Portlet[ID="refdata_entities_tab_2"]/item[0][Class="ListGrid"]/body/row[groupValue=Italy||5]/col[fieldName=legal_name||0]]]></target>
	<value><![CDATA[]]></value>
</selenese>
<selenese>
	<command>click</command>
	<target><![CDATA[scLocator=//Portlet[ID="refdata_entities_tab_2"]/item[0][Class="ListGrid"]/body/row[groupValue=Italy||5]/col[fieldName=legal_name||0]]]></target>
	<value><![CDATA[]]></value>
</selenese>
<selenese>
	<command>waitForElementClickable</command>
	<target><![CDATA[scLocator=//Portlet[ID="refdata_entities_tab_2"]/header/member[Class=Img||index=1||length=5||classIndex=0||classLength=1||name=main]/]]></target>
	<value><![CDATA[]]></value>
</selenese>
<selenese>
	<command>click</command>
	<target><![CDATA[scLocator=//Portlet[ID="refdata_entities_tab_2"]/header/member[Class=Img||index=1||length=5||classIndex=0||classLength=1||name=main]/]]></target>
	<value><![CDATA[]]></value>
</selenese>
<selenese>
	<command>waitForElementClickable</command>
	<target><![CDATA[scLocator=//Portlet[ID="refdata_entities_tab_2"]/item[0][Class="ListGrid"]/header/headerButton[fieldName=country_name]/]]></target>
	<value><![CDATA[]]></value>
</selenese>
<selenese>
	<command>contextMenu</command>
	<target><![CDATA[scLocator=//Portlet[ID="refdata_entities_tab_2"]/item[0][Class="ListGrid"]/header/headerButton[fieldName=country_name]/]]></target>
	<value><![CDATA[]]></value>
</selenese>
<selenese>
	<command>waitForElementClickable</command>
	<target><![CDATA[scLocator=//Portlet[ID="refdata_entities_tab_2"]/item[0][Class="ListGrid"]/headerContextMenu[Class=Menu||index=0||length=1||classIndex=0||classLength=1||roleIndex=0||roleLength=1||scRole=menu]/body/row[title=Ungroup||10]/col[fieldName=title||1]]]></target>
	<value><![CDATA[]]></value>
</selenese>
<selenese>
	<command>click</command>
	<target><![CDATA[scLocator=//Portlet[ID="refdata_entities_tab_2"]/item[0][Class="ListGrid"]/headerContextMenu[Class=Menu||index=0||length=1||classIndex=0||classLength=1||roleIndex=0||roleLength=1||scRole=menu]/body/row[title=Ungroup||10]/col[fieldName=title||1]]]></target>
	<value><![CDATA[]]></value>
</selenese>
<selenese>
	<command>waitForElementClickable</command>
	<target><![CDATA[scLocator=//Portlet[ID="refdata_entities_tab_2"]/header/member[Class=Img||index=1||length=5||classIndex=0||classLength=1||name=main]/]]></target>
	<value><![CDATA[]]></value>
</selenese>
<selenese>
	<command>click</command>
	<target><![CDATA[scLocator=//Portlet[ID="refdata_entities_tab_2"]/header/member[Class=Img||index=1||length=5||classIndex=0||classLength=1||name=main]/]]></target>
	<value><![CDATA[]]></value>
</selenese>
</TestCase>