<?xml version="1.0" encoding="UTF-8"?>
<TestCase seleniumIDEVersion="2.9.1" baseURL="http://10.0.10.173:9081/CCAM/">
<selenese>
	<command>echo</command>
	<target><![CDATA[]]></target>
	<value><![CDATA[RU06-NUC01-T03.rctest]]></value>
</selenese>
<selenese>
	<command>open</command>
	<target><![CDATA[/CCAM/]]></target>
	<value><![CDATA[Voluntary contributions stg - CCAM - Grouping and refresh]]></value>
</selenese>
<selenese>
	<command>click</command>
	<target><![CDATA[//div[@id='isc_H']/table/tbody/tr/td/table/tbody/tr/td[2]]]></target>
	<value><![CDATA[]]></value>
</selenese>
<selenese>
	<command>waitForElementClickable</command>
	<target><![CDATA[scLocator=//autoID[Class=VLayout||index=1||length=4||classIndex=0||classLength=1]/member[Class=HLayout||index=1||length=4||classIndex=1||classLength=4]/member[Class=MenuButton||index=0||length=1||classIndex=0||classLength=1||roleIndex=0||roleLength=1||title=Menu||scRole=button]/]]></target>
	<value><![CDATA[]]></value>
</selenese>
<selenese>
	<command>click</command>
	<target><![CDATA[scLocator=//autoID[Class=VLayout||index=1||length=4||classIndex=0||classLength=1]/member[Class=HLayout||index=1||length=4||classIndex=1||classLength=4]/member[Class=MenuButton||index=0||length=1||classIndex=0||classLength=1||roleIndex=0||roleLength=1||title=Menu||scRole=button]/]]></target>
	<value><![CDATA[]]></value>
</selenese>
<selenese>
	<command>waitForElementClickable</command>
	<target><![CDATA[scLocator=//Menu[level=1]/body/row[5]/col[fieldName=title||0]]]></target>
	<value><![CDATA[]]></value>
</selenese>
<selenese>
	<command>click</command>
	<target><![CDATA[scLocator=//Menu[level=1]/body/row[5]/col[fieldName=title||0]]]></target>
	<value><![CDATA[]]></value>
</selenese>
<selenese>
	<command>waitForElementClickable</command>
	<target><![CDATA[scLocator=//Portlet[ID="datastaging_voluntcontrib_tab_2"]/maximizeButton/]]></target>
	<value><![CDATA[]]></value>
</selenese>
<selenese>
	<command>click</command>
	<target><![CDATA[scLocator=//Portlet[ID="datastaging_voluntcontrib_tab_2"]/maximizeButton/]]></target>
	<value><![CDATA[]]></value>
</selenese>
<selenese>
	<command>waitForElementClickable</command>
	<target><![CDATA[scLocator=//Portlet[ID="datastaging_voluntcontrib_tab_2"]/item[0][Class="ListGrid"]/headerMenuButton/]]></target>
	<value><![CDATA[]]></value>
</selenese>
<selenese>
	<command>click</command>
	<target><![CDATA[scLocator=//Portlet[ID="datastaging_voluntcontrib_tab_2"]/item[0][Class="ListGrid"]/headerMenuButton/]]></target>
	<value><![CDATA[]]></value>
</selenese>
<selenese>
	<command>waitForElementClickable</command>
	<target><![CDATA[scLocator=//Portlet[ID="datastaging_voluntcontrib_tab_2"]/item[0][Class="ListGrid"]/headerContextMenu[Class=Menu||index=0||length=1||classIndex=0||classLength=1||roleIndex=0||roleLength=1||scRole=menu]/body/row[title=Group%20by%20Firm%20client||8]/col[fieldName=title||1]]]></target>
	<value><![CDATA[]]></value>
</selenese>
<selenese>
	<command>click</command>
	<target><![CDATA[scLocator=//Portlet[ID="datastaging_voluntcontrib_tab_2"]/item[0][Class="ListGrid"]/headerContextMenu[Class=Menu||index=0||length=1||classIndex=0||classLength=1||roleIndex=0||roleLength=1||scRole=menu]/body/row[title=Group%20by%20Firm%20client||8]/col[fieldName=title||1]]]></target>
	<value><![CDATA[]]></value>
</selenese>
<selenese>
	<command>waitForElementClickable</command>
	<target><![CDATA[scLocator=//Portlet[ID="datastaging_voluntcontrib_tab_2"]/item[0][Class="ListGrid"]/body/row[firm_client=F||groupValue=Firm||3]/col[fieldName=dt_calc||0]]]></target>
	<value><![CDATA[]]></value>
</selenese>
<selenese>
	<command>click</command>
	<target><![CDATA[scLocator=//Portlet[ID="datastaging_voluntcontrib_tab_2"]/item[0][Class="ListGrid"]/body/row[firm_client=F||groupValue=Firm||3]/col[fieldName=dt_calc||0]]]></target>
	<value><![CDATA[]]></value>
</selenese>
</TestCase>