<?xml version="1.0" encoding="UTF-8"?>
<TestCase seleniumIDEVersion="2.9.1" baseURL="http://10.0.10.173:9081/CCAM/">
<selenese>
	<command>echo</command>
	<target><![CDATA[]]></target>
	<value><![CDATA[RU07-NUC01-T03.rctest]]></value>
</selenese>
<selenese>
	<command>open</command>
	<target><![CDATA[/CCAM/]]></target>
	<value><![CDATA[Transactions - CCAM - View]]></value>
</selenese>
<selenese>
	<command>waitForElementClickable</command>
	<target><![CDATA[scLocator=//Menu[level=1]/body/row[2]/col[fieldName=title||0]]]></target>
	<value><![CDATA[]]></value>
</selenese>
<selenese>
	<command>click</command>
	<target><![CDATA[scLocator=//Menu[level=1]/body/row[2]/col[fieldName=title||0]]]></target>
	<value><![CDATA[]]></value>
</selenese>
<selenese>
	<command>waitForElementClickable</command>
	<target><![CDATA[scLocator=//Portlet[ID="liquidity_transactions_tab_2"]/maximizeButton/]]></target>
	<value><![CDATA[]]></value>
</selenese>
<selenese>
	<command>click</command>
	<target><![CDATA[scLocator=//Portlet[ID="liquidity_transactions_tab_2"]/maximizeButton/]]></target>
	<value><![CDATA[]]></value>
</selenese>
<selenese>
	<command>waitForElementClickable</command>
	<target><![CDATA[scLocator=//Portlet[ID="liquidity_transactions_tab_2"]/item[0][Class="ListGrid"]/headerMenuButton/icon]]></target>
	<value><![CDATA[]]></value>
</selenese>
<selenese>
	<command>click</command>
	<target><![CDATA[scLocator=//Portlet[ID="liquidity_transactions_tab_2"]/item[0][Class="ListGrid"]/headerMenuButton/icon]]></target>
	<value><![CDATA[]]></value>
</selenese>
<selenese>
	<command>waitForElementClickable</command>
	<target><![CDATA[scLocator=//Portlet[ID="liquidity_transactions_tab_2"]/item[0][Class="ListGrid"]/filterEditor/editRowForm/item[name=dt_input||title=Input%20date||index=2||Class=MiniDateRangeItem]/[icon="showDateRange"]]]></target>
	<value><![CDATA[]]></value>
</selenese>
<selenese>
	<command>click</command>
	<target><![CDATA[scLocator=//Portlet[ID="liquidity_transactions_tab_2"]/item[0][Class="ListGrid"]/filterEditor/editRowForm/item[name=dt_input||title=Input%20date||index=2||Class=MiniDateRangeItem]/[icon="showDateRange"]]]></target>
	<value><![CDATA[]]></value>
</selenese>
<selenese>
	<command>waitForElementClickable</command>
	<target><![CDATA[scLocator=//Portlet[ID="liquidity_transactions_tab_2"]/item[0][Class="ListGrid"]/filterEditor/editRowForm/item[name=dt_input||title=Input%20date||index=2||Class=MiniDateRangeItem]/rangeDialog/rangeForm/item[name=dt_input||title=dt_input||index=0||Class=DateRangeItem]/dateRangeForm/item[name=fromField||title=From||index=0||Class=RelativeDateItem]/editor/item[name=iconPlaceholder||title=iconPlaceholder||index=2||Class=StaticTextItem]/[icon="chooserIcon"]]]></target>
	<value><![CDATA[]]></value>
</selenese>
<selenese>
	<command>click</command>
	<target><![CDATA[scLocator=//Portlet[ID="liquidity_transactions_tab_2"]/item[0][Class="ListGrid"]/filterEditor/editRowForm/item[name=dt_input||title=Input%20date||index=2||Class=MiniDateRangeItem]/rangeDialog/rangeForm/item[name=dt_input||title=dt_input||index=0||Class=DateRangeItem]/dateRangeForm/item[name=fromField||title=From||index=0||Class=RelativeDateItem]/editor/item[name=iconPlaceholder||title=iconPlaceholder||index=2||Class=StaticTextItem]/[icon="chooserIcon"]]]></target>
	<value><![CDATA[]]></value>
</selenese>
<selenese>
	<command>waitForElementClickable</command>
	<target><![CDATA[scLocator=//autoID[Class=DateChooser||index=25||length=28||classIndex=0||classLength=1]/dateGrid/body/row[Wed=Wed Dec 21 2016 12:00:00 GMT+0100 (W. Europe Standard Time)||3]/col[fieldName=Wed||3]]]></target>
	<value><![CDATA[]]></value>
</selenese>
<selenese>
	<command>click</command>
	<target><![CDATA[scLocator=//autoID[Class=DateChooser||index=25||length=28||classIndex=0||classLength=1]/dateGrid/body/row[Wed=Wed Dec 21 2016 12:00:00 GMT+0100 (W. Europe Standard Time)||3]/col[fieldName=Wed||3]]]></target>
	<value><![CDATA[]]></value>
</selenese>
<selenese>
	<command>waitForElementClickable</command>
	<target><![CDATA[scLocator=//Portlet[ID="liquidity_transactions_tab_2"]/item[0][Class="ListGrid"]/filterEditor/editRowForm/item[name=dt_input||title=Input%20date||value=[object Object]||index=2||Class=MiniDateRangeItem]/rangeDialog/rangeForm/item[name=dt_input||title=dt_input||value=[object Object]||index=0||Class=DateRangeItem]/dateRangeForm/item[name=toField||title=To||index=1||Class=RelativeDateItem]/editor/item[name=iconPlaceholder||title=iconPlaceholder||index=2||Class=StaticTextItem]/[icon="chooserIcon"]]]></target>
	<value><![CDATA[]]></value>
</selenese>
<selenese>
	<command>click</command>
	<target><![CDATA[scLocator=//Portlet[ID="liquidity_transactions_tab_2"]/item[0][Class="ListGrid"]/filterEditor/editRowForm/item[name=dt_input||title=Input%20date||value=[object Object]||index=2||Class=MiniDateRangeItem]/rangeDialog/rangeForm/item[name=dt_input||title=dt_input||value=[object Object]||index=0||Class=DateRangeItem]/dateRangeForm/item[name=toField||title=To||index=1||Class=RelativeDateItem]/editor/item[name=iconPlaceholder||title=iconPlaceholder||index=2||Class=StaticTextItem]/[icon="chooserIcon"]]]></target>
	<value><![CDATA[]]></value>
</selenese>
<selenese>
	<command>waitForElementClickable</command>
	<target><![CDATA[scLocator=//autoID[Class=DateChooser||index=31||length=34||classIndex=1||classLength=2]/dateGrid/body/row[Thu=Thu Dec 22 2016 12:00:00 GMT+0100 (W. Europe Standard Time)||3]/col[fieldName=Thu||4]]]></target>
	<value><![CDATA[]]></value>
</selenese>
<selenese>
	<command>click</command>
	<target><![CDATA[scLocator=//autoID[Class=DateChooser||index=31||length=34||classIndex=1||classLength=2]/dateGrid/body/row[Thu=Thu Dec 22 2016 12:00:00 GMT+0100 (W. Europe Standard Time)||3]/col[fieldName=Thu||4]]]></target>
	<value><![CDATA[]]></value>
</selenese>
<selenese>
	<command>waitForElementClickable</command>
	<target><![CDATA[scLocator=//Portlet[ID="liquidity_transactions_tab_2"]/item[0][Class="ListGrid"]/filterEditor/editRowForm/item[name=dt_input||title=Input%20date||value=[object Object]||index=2||Class=MiniDateRangeItem]/rangeDialog/okButton/]]></target>
	<value><![CDATA[]]></value>
</selenese>
<selenese>
	<command>click</command>
	<target><![CDATA[scLocator=//Portlet[ID="liquidity_transactions_tab_2"]/item[0][Class="ListGrid"]/filterEditor/editRowForm/item[name=dt_input||title=Input%20date||value=[object Object]||index=2||Class=MiniDateRangeItem]/rangeDialog/okButton/]]></target>
	<value><![CDATA[]]></value>
</selenese>
<selenese>
	<command>waitForElementClickable</command>
	<target><![CDATA[scLocator=//Portlet[ID="liquidity_transactions_tab_2"]/item[0][Class="ListGrid"]/filterEditor/editRowForm/item[name=dt_input||title=Input%20date||value=[object Object]||index=2||Class=MiniDateRangeItem]/rangeDialog/rangeForm/item[name=dt_input||title=dt_input||value=[object Object]||index=0||Class=DateRangeItem]/dateRangeForm/item[name=fromField||title=From||value=21%24fs%2412%24fs%242016||index=0||Class=RelativeDateItem]/editor/item[name=iconPlaceholder||title=iconPlaceholder||index=2||Class=StaticTextItem]/[icon="chooserIcon"]]]></target>
	<value><![CDATA[]]></value>
</selenese>
<selenese>
	<command>click</command>
	<target><![CDATA[scLocator=//Portlet[ID="liquidity_transactions_tab_2"]/item[0][Class="ListGrid"]/filterEditor/editRowForm/item[name=dt_input||title=Input%20date||value=[object Object]||index=2||Class=MiniDateRangeItem]/rangeDialog/rangeForm/item[name=dt_input||title=dt_input||value=[object Object]||index=0||Class=DateRangeItem]/dateRangeForm/item[name=fromField||title=From||value=21%24fs%2412%24fs%242016||index=0||Class=RelativeDateItem]/editor/item[name=iconPlaceholder||title=iconPlaceholder||index=2||Class=StaticTextItem]/[icon="chooserIcon"]]]></target>
	<value><![CDATA[]]></value>
</selenese>
<selenese>
	<command>waitForElementClickable</command>
	<target><![CDATA[scLocator=//autoID[Class=DateChooser||index=25||length=28||classIndex=0||classLength=1]/dateGrid/body/row[Wed=Wed Dec 21 2016 12:00:00 GMT+0100 (W. Europe Standard Time)||3]/col[fieldName=Wed||3]]]></target>
	<value><![CDATA[]]></value>
</selenese>
<selenese>
	<command>click</command>
	<target><![CDATA[scLocator=//autoID[Class=DateChooser||index=25||length=28||classIndex=0||classLength=1]/dateGrid/body/row[Wed=Wed Dec 21 2016 12:00:00 GMT+0100 (W. Europe Standard Time)||3]/col[fieldName=Wed||3]]]></target>
	<value><![CDATA[]]></value>
</selenese>
<selenese>
	<command>waitForElementClickable</command>
	<target><![CDATA[scLocator=//Portlet[ID="liquidity_transactions_tab_2"]/item[0][Class="ListGrid"]/filterEditor/editRowForm/item[name=dt_input||title=Input%20date||value=[object Object]||index=2||Class=MiniDateRangeItem]/rangeDialog/rangeForm/item[name=dt_input||title=dt_input||value=[object Object]||index=0||Class=DateRangeItem]/dateRangeForm/item[name=toField||title=To||value=22%24fs%2412%24fs%242016||index=1||Class=RelativeDateItem]/editor/item[name=iconPlaceholder||title=iconPlaceholder||index=2||Class=StaticTextItem]/[icon="chooserIcon"]]]></target>
	<value><![CDATA[]]></value>
</selenese>
<selenese>
	<command>click</command>
	<target><![CDATA[scLocator=//Portlet[ID="liquidity_transactions_tab_2"]/item[0][Class="ListGrid"]/filterEditor/editRowForm/item[name=dt_input||title=Input%20date||value=[object Object]||index=2||Class=MiniDateRangeItem]/rangeDialog/rangeForm/item[name=dt_input||title=dt_input||value=[object Object]||index=0||Class=DateRangeItem]/dateRangeForm/item[name=toField||title=To||value=22%24fs%2412%24fs%242016||index=1||Class=RelativeDateItem]/editor/item[name=iconPlaceholder||title=iconPlaceholder||index=2||Class=StaticTextItem]/[icon="chooserIcon"]]]></target>
	<value><![CDATA[]]></value>
</selenese>
<selenese>
	<command>waitForElementClickable</command>
	<target><![CDATA[scLocator=//autoID[Class=DateChooser||index=31||length=34||classIndex=1||classLength=2]/dateGrid/body/row[Thu=Thu Dec 22 2016 12:00:00 GMT+0100 (W. Europe Standard Time)||3]/col[fieldName=Thu||4]]]></target>
	<value><![CDATA[]]></value>
</selenese>
<selenese>
	<command>click</command>
	<target><![CDATA[scLocator=//autoID[Class=DateChooser||index=31||length=34||classIndex=1||classLength=2]/dateGrid/body/row[Thu=Thu Dec 22 2016 12:00:00 GMT+0100 (W. Europe Standard Time)||3]/col[fieldName=Thu||4]]]></target>
	<value><![CDATA[]]></value>
</selenese>
<selenese>
	<command>waitForElementClickable</command>
	<target><![CDATA[scLocator=//Portlet[ID="liquidity_transactions_tab_2"]/item[0][Class="ListGrid"]/filterEditor/editRowForm/item[name=dt_input||title=Input%20date||value=[object Object]||index=2||Class=MiniDateRangeItem]/rangeDialog/rangeForm/item[name=dt_input||title=dt_input||value=[object Object]||index=0||Class=DateRangeItem]/dateRangeForm/item[name=fromField||title=From||value=21%24fs%2412%24fs%242016||index=0||Class=RelativeDateItem]/editor/item[name=valueField||title=valueField||value=21%24fs%2412%24fs%242016||index=0||Class=ComboBoxItem]/[icon="picker"]]]></target>
	<value><![CDATA[/* date value test POSTPONED  */]]></value>
</selenese>
<selenese>
	<command>click</command>
	<target><![CDATA[scLocator=//Portlet[ID="liquidity_transactions_tab_2"]/item[0][Class="ListGrid"]/filterEditor/editRowForm/item[name=dt_input||title=Input%20date||value=[object Object]||index=2||Class=MiniDateRangeItem]/rangeDialog/rangeForm/item[name=dt_input||title=dt_input||value=[object Object]||index=0||Class=DateRangeItem]/dateRangeForm/item[name=fromField||title=From||value=21%24fs%2412%24fs%242016||index=0||Class=RelativeDateItem]/editor/item[name=valueField||title=valueField||value=21%24fs%2412%24fs%242016||index=0||Class=ComboBoxItem]/[icon="picker"]]]></target>
	<value><![CDATA[]]></value>
</selenese>
<selenese>
	<command>waitForElementClickable</command>
	<target><![CDATA[scLocator=//Portlet[ID="liquidity_transactions_tab_2"]/item[0][Class="ListGrid"]/filterEditor/editRowForm/item[name=dt_input||title=Input%20date||value=[object Object]||index=2||Class=MiniDateRangeItem]/rangeDialog/rangeForm/item[name=dt_input||title=dt_input||value=[object Object]||index=0||Class=DateRangeItem]/dateRangeForm/item[name=fromField||title=From||value=21%24fs%2412%24fs%242016||index=0||Class=RelativeDateItem]/editor/item[name=valueField||title=valueField||value=21%24fs%2412%24fs%242016||index=0||Class=ComboBoxItem]/pickList/body/row[valueField=%24yesterday||1]/col[fieldName=valueField||0]]]></target>
	<value><![CDATA[]]></value>
</selenese>
<selenese>
	<command>click</command>
	<target><![CDATA[scLocator=//Portlet[ID="liquidity_transactions_tab_2"]/item[0][Class="ListGrid"]/filterEditor/editRowForm/item[name=dt_input||title=Input%20date||value=[object Object]||index=2||Class=MiniDateRangeItem]/rangeDialog/rangeForm/item[name=dt_input||title=dt_input||value=[object Object]||index=0||Class=DateRangeItem]/dateRangeForm/item[name=fromField||title=From||value=21%24fs%2412%24fs%242016||index=0||Class=RelativeDateItem]/editor/item[name=valueField||title=valueField||value=21%24fs%2412%24fs%242016||index=0||Class=ComboBoxItem]/pickList/body/row[valueField=%24yesterday||1]/col[fieldName=valueField||0]]]></target>
	<value><![CDATA[]]></value>
</selenese>
<selenese>
	<command>waitForElementClickable</command>
	<target><![CDATA[scLocator=//Portlet[ID="liquidity_transactions_tab_2"]/item[0][Class="ListGrid"]/filterEditor/editRowForm/item[name=dt_input||title=Input%20date||value=[object Object]||index=2||Class=MiniDateRangeItem]/rangeDialog/rangeForm/item[name=dt_input||title=dt_input||value=[object Object]||index=0||Class=DateRangeItem]/dateRangeForm/item[name=toField||title=To||value=22%24fs%2412%24fs%242016||index=1||Class=RelativeDateItem]/editor/item[name=valueField||title=valueField||value=22%24fs%2412%24fs%242016||index=0||Class=ComboBoxItem]/[icon="picker"]]]></target>
	<value><![CDATA[]]></value>
</selenese>
<selenese>
	<command>click</command>
	<target><![CDATA[scLocator=//Portlet[ID="liquidity_transactions_tab_2"]/item[0][Class="ListGrid"]/filterEditor/editRowForm/item[name=dt_input||title=Input%20date||value=[object Object]||index=2||Class=MiniDateRangeItem]/rangeDialog/rangeForm/item[name=dt_input||title=dt_input||value=[object Object]||index=0||Class=DateRangeItem]/dateRangeForm/item[name=toField||title=To||value=22%24fs%2412%24fs%242016||index=1||Class=RelativeDateItem]/editor/item[name=valueField||title=valueField||value=22%24fs%2412%24fs%242016||index=0||Class=ComboBoxItem]/[icon="picker"]]]></target>
	<value><![CDATA[]]></value>
</selenese>
<selenese>
	<command>waitForElementClickable</command>
	<target><![CDATA[scLocator=//Portlet[ID="liquidity_transactions_tab_2"]/item[0][Class="ListGrid"]/filterEditor/editRowForm/item[name=dt_input||title=Input%20date||value=[object Object]||index=2||Class=MiniDateRangeItem]/rangeDialog/rangeForm/item[name=dt_input||title=dt_input||value=[object Object]||index=0||Class=DateRangeItem]/dateRangeForm/item[name=toField||title=To||value=22%24fs%2412%24fs%242016||index=1||Class=RelativeDateItem]/editor/item[name=valueField||title=valueField||value=22%24fs%2412%24fs%242016||index=0||Class=ComboBoxItem]/pickList/body/row[valueField=%24today||0]/col[fieldName=valueField||0]]]></target>
	<value><![CDATA[]]></value>
</selenese>
<selenese>
	<command>click</command>
	<target><![CDATA[scLocator=//Portlet[ID="liquidity_transactions_tab_2"]/item[0][Class="ListGrid"]/filterEditor/editRowForm/item[name=dt_input||title=Input%20date||value=[object Object]||index=2||Class=MiniDateRangeItem]/rangeDialog/rangeForm/item[name=dt_input||title=dt_input||value=[object Object]||index=0||Class=DateRangeItem]/dateRangeForm/item[name=toField||title=To||value=22%24fs%2412%24fs%242016||index=1||Class=RelativeDateItem]/editor/item[name=valueField||title=valueField||value=22%24fs%2412%24fs%242016||index=0||Class=ComboBoxItem]/pickList/body/row[valueField=%24today||0]/col[fieldName=valueField||0]]]></target>
	<value><![CDATA[]]></value>
</selenese>
<selenese>
	<command>waitForElementClickable</command>
	<target><![CDATA[scLocator=//Portlet[ID="liquidity_transactions_tab_2"]/item[0][Class="ListGrid"]/filterEditor/editRowForm/item[name=dt_input||title=Input%20date||value=[object Object]||index=2||Class=MiniDateRangeItem]/rangeDialog/okButton/]]></target>
	<value><![CDATA[]]></value>
</selenese>
<selenese>
	<command>click</command>
	<target><![CDATA[scLocator=//Portlet[ID="liquidity_transactions_tab_2"]/item[0][Class="ListGrid"]/filterEditor/editRowForm/item[name=dt_input||title=Input%20date||value=[object Object]||index=2||Class=MiniDateRangeItem]/rangeDialog/okButton/]]></target>
	<value><![CDATA[]]></value>
</selenese>
<selenese>
	<command>waitForElementClickable</command>
	<target><![CDATA[scLocator=//Portlet[ID="liquidity_transactions_tab_2"]/item[0][Class="ListGrid"]/filterEditor/editRowForm/item[name=dt_effect||title=Effect%20date||index=3||Class=MiniDateRangeItem]/[icon="showDateRange"]]]></target>
	<value><![CDATA[]]></value>
</selenese>
<selenese>
	<command>click</command>
	<target><![CDATA[scLocator=//Portlet[ID="liquidity_transactions_tab_2"]/item[0][Class="ListGrid"]/filterEditor/editRowForm/item[name=dt_effect||title=Effect%20date||index=3||Class=MiniDateRangeItem]/[icon="showDateRange"]]]></target>
	<value><![CDATA[]]></value>
</selenese>
<selenese>
	<command>waitForElementClickable</command>
	<target><![CDATA[scLocator=//Portlet[ID="liquidity_transactions_tab_2"]/item[0][Class="ListGrid"]/filterEditor/editRowForm/item[name=dt_effect||title=Effect%20date||index=3||Class=MiniDateRangeItem]/rangeDialog/rangeForm/item[name=dt_effect||title=dt_effect||index=0||Class=DateRangeItem]/dateRangeForm/item[name=fromField||title=From||index=0||Class=RelativeDateItem]/editor/item[name=iconPlaceholder||title=iconPlaceholder||index=2||Class=StaticTextItem]/[icon="chooserIcon"]]]></target>
	<value><![CDATA[]]></value>
</selenese>
<selenese>
	<command>click</command>
	<target><![CDATA[scLocator=//Portlet[ID="liquidity_transactions_tab_2"]/item[0][Class="ListGrid"]/filterEditor/editRowForm/item[name=dt_effect||title=Effect%20date||index=3||Class=MiniDateRangeItem]/rangeDialog/rangeForm/item[name=dt_effect||title=dt_effect||index=0||Class=DateRangeItem]/dateRangeForm/item[name=fromField||title=From||index=0||Class=RelativeDateItem]/editor/item[name=iconPlaceholder||title=iconPlaceholder||index=2||Class=StaticTextItem]/[icon="chooserIcon"]]]></target>
	<value><![CDATA[]]></value>
</selenese>
<selenese>
	<command>waitForElementClickable</command>
	<target><![CDATA[scLocator=//autoID[Class=DateChooser||index=97||length=100||classIndex=2||classLength=3]/dateGrid/body/row[Wed=Wed Dec 21 2016 12:00:00 GMT+0100 (W. Europe Standard Time)||3]/col[fieldName=Wed||3]]]></target>
	<value><![CDATA[]]></value>
</selenese>
<selenese>
	<command>click</command>
	<target><![CDATA[scLocator=//autoID[Class=DateChooser||index=97||length=100||classIndex=2||classLength=3]/dateGrid/body/row[Wed=Wed Dec 21 2016 12:00:00 GMT+0100 (W. Europe Standard Time)||3]/col[fieldName=Wed||3]]]></target>
	<value><![CDATA[]]></value>
</selenese>
<selenese>
	<command>waitForElementClickable</command>
	<target><![CDATA[scLocator=//Portlet[ID="liquidity_transactions_tab_2"]/item[0][Class="ListGrid"]/filterEditor/editRowForm/item[name=dt_effect||title=Effect%20date||value=[object Object]||index=3||Class=MiniDateRangeItem]/rangeDialog/rangeForm/item[name=dt_effect||title=dt_effect||value=[object Object]||index=0||Class=DateRangeItem]/dateRangeForm/item[name=toField||title=To||index=1||Class=RelativeDateItem]/editor/item[name=iconPlaceholder||title=iconPlaceholder||index=2||Class=StaticTextItem]/[icon="chooserIcon"]]]></target>
	<value><![CDATA[]]></value>
</selenese>
<selenese>
	<command>click</command>
	<target><![CDATA[scLocator=//Portlet[ID="liquidity_transactions_tab_2"]/item[0][Class="ListGrid"]/filterEditor/editRowForm/item[name=dt_effect||title=Effect%20date||value=[object Object]||index=3||Class=MiniDateRangeItem]/rangeDialog/rangeForm/item[name=dt_effect||title=dt_effect||value=[object Object]||index=0||Class=DateRangeItem]/dateRangeForm/item[name=toField||title=To||index=1||Class=RelativeDateItem]/editor/item[name=iconPlaceholder||title=iconPlaceholder||index=2||Class=StaticTextItem]/[icon="chooserIcon"]]]></target>
	<value><![CDATA[]]></value>
</selenese>
<selenese>
	<command>waitForElementClickable</command>
	<target><![CDATA[scLocator=//autoID[Class=DateChooser||index=103||length=106||classIndex=3||classLength=4]/dateGrid/body/row[Thu=Thu Dec 22 2016 12:00:00 GMT+0100 (W. Europe Standard Time)||3]/col[fieldName=Thu||4]]]></target>
	<value><![CDATA[]]></value>
</selenese>
<selenese>
	<command>click</command>
	<target><![CDATA[scLocator=//autoID[Class=DateChooser||index=103||length=106||classIndex=3||classLength=4]/dateGrid/body/row[Thu=Thu Dec 22 2016 12:00:00 GMT+0100 (W. Europe Standard Time)||3]/col[fieldName=Thu||4]]]></target>
	<value><![CDATA[]]></value>
</selenese>
<selenese>
	<command>waitForElementClickable</command>
	<target><![CDATA[scLocator=//Portlet[ID="liquidity_transactions_tab_2"]/item[0][Class="ListGrid"]/filterEditor/editRowForm/item[name=dt_effect||title=Effect%20date||value=[object Object]||index=3||Class=MiniDateRangeItem]/rangeDialog/okButton/]]></target>
	<value><![CDATA[]]></value>
</selenese>
<selenese>
	<command>click</command>
	<target><![CDATA[scLocator=//Portlet[ID="liquidity_transactions_tab_2"]/item[0][Class="ListGrid"]/filterEditor/editRowForm/item[name=dt_effect||title=Effect%20date||value=[object Object]||index=3||Class=MiniDateRangeItem]/rangeDialog/okButton/]]></target>
	<value><![CDATA[]]></value>
</selenese>
<selenese>
	<command>waitForElementClickable</command>
	<target><![CDATA[scLocator=//Portlet[ID="liquidity_transactions_tab_2"]/item[0][Class="ListGrid"]/filterEditor/editRowForm/item[name=dt_effect||title=Effect%20date||value=[object Object]||index=3||Class=MiniDateRangeItem]/rangeDialog/rangeForm/item[name=dt_effect||title=dt_effect||value=[object Object]||index=0||Class=DateRangeItem]/dateRangeForm/item[name=fromField||title=From||value=21%24fs%2412%24fs%242016||index=0||Class=RelativeDateItem]/editor/item[name=iconPlaceholder||title=iconPlaceholder||index=2||Class=StaticTextItem]/[icon="chooserIcon"]]]></target>
	<value><![CDATA[]]></value>
</selenese>
<selenese>
	<command>click</command>
	<target><![CDATA[scLocator=//Portlet[ID="liquidity_transactions_tab_2"]/item[0][Class="ListGrid"]/filterEditor/editRowForm/item[name=dt_effect||title=Effect%20date||value=[object Object]||index=3||Class=MiniDateRangeItem]/rangeDialog/rangeForm/item[name=dt_effect||title=dt_effect||value=[object Object]||index=0||Class=DateRangeItem]/dateRangeForm/item[name=fromField||title=From||value=21%24fs%2412%24fs%242016||index=0||Class=RelativeDateItem]/editor/item[name=iconPlaceholder||title=iconPlaceholder||index=2||Class=StaticTextItem]/[icon="chooserIcon"]]]></target>
	<value><![CDATA[]]></value>
</selenese>
<selenese>
	<command>waitForElementClickable</command>
	<target><![CDATA[scLocator=//autoID[Class=DateChooser||index=97||length=100||classIndex=2||classLength=3]/dateGrid/body/row[Wed=Wed Dec 21 2016 12:00:00 GMT+0100 (W. Europe Standard Time)||3]/col[fieldName=Wed||3]]]></target>
	<value><![CDATA[]]></value>
</selenese>
<selenese>
	<command>click</command>
	<target><![CDATA[scLocator=//autoID[Class=DateChooser||index=97||length=100||classIndex=2||classLength=3]/dateGrid/body/row[Wed=Wed Dec 21 2016 12:00:00 GMT+0100 (W. Europe Standard Time)||3]/col[fieldName=Wed||3]]]></target>
	<value><![CDATA[]]></value>
</selenese>
<selenese>
	<command>waitForElementClickable</command>
	<target><![CDATA[scLocator=//Portlet[ID="liquidity_transactions_tab_2"]/item[0][Class="ListGrid"]/filterEditor/editRowForm/item[name=dt_effect||title=Effect%20date||value=[object Object]||index=3||Class=MiniDateRangeItem]/rangeDialog/rangeForm/item[name=dt_effect||title=dt_effect||value=[object Object]||index=0||Class=DateRangeItem]/dateRangeForm/item[name=fromField||title=From||value=21%24fs%2412%24fs%242016||index=0||Class=RelativeDateItem]/editor/item[name=valueField||title=valueField||value=21%24fs%2412%24fs%242016||index=0||Class=ComboBoxItem]/[icon="picker"]]]></target>
	<value><![CDATA[]]></value>
</selenese>
<selenese>
	<command>click</command>
	<target><![CDATA[scLocator=//Portlet[ID="liquidity_transactions_tab_2"]/item[0][Class="ListGrid"]/filterEditor/editRowForm/item[name=dt_effect||title=Effect%20date||value=[object Object]||index=3||Class=MiniDateRangeItem]/rangeDialog/rangeForm/item[name=dt_effect||title=dt_effect||value=[object Object]||index=0||Class=DateRangeItem]/dateRangeForm/item[name=fromField||title=From||value=21%24fs%2412%24fs%242016||index=0||Class=RelativeDateItem]/editor/item[name=valueField||title=valueField||value=21%24fs%2412%24fs%242016||index=0||Class=ComboBoxItem]/[icon="picker"]]]></target>
	<value><![CDATA[]]></value>
</selenese>
<selenese>
	<command>waitForElementClickable</command>
	<target><![CDATA[scLocator=//Portlet[ID="liquidity_transactions_tab_2"]/item[0][Class="ListGrid"]/filterEditor/editRowForm/item[name=dt_effect||title=Effect%20date||value=[object Object]||index=3||Class=MiniDateRangeItem]/rangeDialog/rangeForm/item[name=dt_effect||title=dt_effect||value=[object Object]||index=0||Class=DateRangeItem]/dateRangeForm/item[name=fromField||title=From||value=21%24fs%2412%24fs%242016||index=0||Class=RelativeDateItem]/editor/item[name=valueField||title=valueField||value=21%24fs%2412%24fs%242016||index=0||Class=ComboBoxItem]/pickList/body/row[valueField=%24yesterday||1]/col[fieldName=valueField||0]]]></target>
	<value><![CDATA[]]></value>
</selenese>
<selenese>
	<command>click</command>
	<target><![CDATA[scLocator=//Portlet[ID="liquidity_transactions_tab_2"]/item[0][Class="ListGrid"]/filterEditor/editRowForm/item[name=dt_effect||title=Effect%20date||value=[object Object]||index=3||Class=MiniDateRangeItem]/rangeDialog/rangeForm/item[name=dt_effect||title=dt_effect||value=[object Object]||index=0||Class=DateRangeItem]/dateRangeForm/item[name=fromField||title=From||value=21%24fs%2412%24fs%242016||index=0||Class=RelativeDateItem]/editor/item[name=valueField||title=valueField||value=21%24fs%2412%24fs%242016||index=0||Class=ComboBoxItem]/pickList/body/row[valueField=%24yesterday||1]/col[fieldName=valueField||0]]]></target>
	<value><![CDATA[]]></value>
</selenese>
<selenese>
	<command>waitForElementClickable</command>
	<target><![CDATA[scLocator=//Portlet[ID="liquidity_transactions_tab_2"]/item[0][Class="ListGrid"]/filterEditor/editRowForm/item[name=dt_effect||title=Effect%20date||value=[object Object]||index=3||Class=MiniDateRangeItem]/rangeDialog/rangeForm/item[name=dt_effect||title=dt_effect||value=[object Object]||index=0||Class=DateRangeItem]/dateRangeForm/item[name=toField||title=To||value=22%24fs%2412%24fs%242016||index=1||Class=RelativeDateItem]/editor/item[name=valueField||title=valueField||value=22%24fs%2412%24fs%242016||index=0||Class=ComboBoxItem]/[icon="picker"]]]></target>
	<value><![CDATA[]]></value>
</selenese>
<selenese>
	<command>click</command>
	<target><![CDATA[scLocator=//Portlet[ID="liquidity_transactions_tab_2"]/item[0][Class="ListGrid"]/filterEditor/editRowForm/item[name=dt_effect||title=Effect%20date||value=[object Object]||index=3||Class=MiniDateRangeItem]/rangeDialog/rangeForm/item[name=dt_effect||title=dt_effect||value=[object Object]||index=0||Class=DateRangeItem]/dateRangeForm/item[name=toField||title=To||value=22%24fs%2412%24fs%242016||index=1||Class=RelativeDateItem]/editor/item[name=valueField||title=valueField||value=22%24fs%2412%24fs%242016||index=0||Class=ComboBoxItem]/[icon="picker"]]]></target>
	<value><![CDATA[]]></value>
</selenese>
<selenese>
	<command>waitForElementClickable</command>
	<target><![CDATA[scLocator=//Portlet[ID="liquidity_transactions_tab_2"]/item[0][Class="ListGrid"]/filterEditor/editRowForm/item[name=dt_effect||title=Effect%20date||value=[object Object]||index=3||Class=MiniDateRangeItem]/rangeDialog/rangeForm/item[name=dt_effect||title=dt_effect||value=[object Object]||index=0||Class=DateRangeItem]/dateRangeForm/item[name=toField||title=To||value=22%24fs%2412%24fs%242016||index=1||Class=RelativeDateItem]/editor/item[name=valueField||title=valueField||value=22%24fs%2412%24fs%242016||index=0||Class=ComboBoxItem]/pickList/body/row[valueField=%24yesterday||1]/col[fieldName=valueField||0]]]></target>
	<value><![CDATA[]]></value>
</selenese>
<selenese>
	<command>click</command>
	<target><![CDATA[scLocator=//Portlet[ID="liquidity_transactions_tab_2"]/item[0][Class="ListGrid"]/filterEditor/editRowForm/item[name=dt_effect||title=Effect%20date||value=[object Object]||index=3||Class=MiniDateRangeItem]/rangeDialog/rangeForm/item[name=dt_effect||title=dt_effect||value=[object Object]||index=0||Class=DateRangeItem]/dateRangeForm/item[name=toField||title=To||value=22%24fs%2412%24fs%242016||index=1||Class=RelativeDateItem]/editor/item[name=valueField||title=valueField||value=22%24fs%2412%24fs%242016||index=0||Class=ComboBoxItem]/pickList/body/row[valueField=%24yesterday||1]/col[fieldName=valueField||0]]]></target>
	<value><![CDATA[]]></value>
</selenese>
<selenese>
	<command>waitForElementClickable</command>
	<target><![CDATA[scLocator=//Portlet[ID="liquidity_transactions_tab_2"]/item[0][Class="ListGrid"]/filterEditor/editRowForm/item[name=dt_effect||title=Effect%20date||value=[object Object]||index=3||Class=MiniDateRangeItem]/rangeDialog/rangeForm/item[name=dt_effect||title=dt_effect||value=[object Object]||index=0||Class=DateRangeItem]/dateRangeForm/item[name=toField||title=To||value=Wed Dec 21 2016 12:00:00 GMT+0100 (W. Europe Standard Time)||index=1||Class=RelativeDateItem]/editor/item[name=valueField||title=valueField||value=%24yesterday||index=0||Class=ComboBoxItem]/[icon="picker"]]]></target>
	<value><![CDATA[]]></value>
</selenese>
<selenese>
	<command>click</command>
	<target><![CDATA[scLocator=//Portlet[ID="liquidity_transactions_tab_2"]/item[0][Class="ListGrid"]/filterEditor/editRowForm/item[name=dt_effect||title=Effect%20date||value=[object Object]||index=3||Class=MiniDateRangeItem]/rangeDialog/rangeForm/item[name=dt_effect||title=dt_effect||value=[object Object]||index=0||Class=DateRangeItem]/dateRangeForm/item[name=toField||title=To||value=Wed Dec 21 2016 12:00:00 GMT+0100 (W. Europe Standard Time)||index=1||Class=RelativeDateItem]/editor/item[name=valueField||title=valueField||value=%24yesterday||index=0||Class=ComboBoxItem]/[icon="picker"]]]></target>
	<value><![CDATA[]]></value>
</selenese>
<selenese>
	<command>waitForElementClickable</command>
	<target><![CDATA[scLocator=//Portlet[ID="liquidity_transactions_tab_2"]/item[0][Class="ListGrid"]/filterEditor/editRowForm/item[name=dt_effect||title=Effect%20date||value=[object Object]||index=3||Class=MiniDateRangeItem]/rangeDialog/rangeForm/item[name=dt_effect||title=dt_effect||value=[object Object]||index=0||Class=DateRangeItem]/dateRangeForm/item[name=toField||title=To||value=Wed Dec 21 2016 12:00:00 GMT+0100 (W. Europe Standard Time)||index=1||Class=RelativeDateItem]/editor/item[name=valueField||title=valueField||value=%24yesterday||index=0||Class=ComboBoxItem]/pickList/body/row[valueField=%24today||0]/col[fieldName=valueField||0]]]></target>
	<value><![CDATA[]]></value>
</selenese>
<selenese>
	<command>click</command>
	<target><![CDATA[scLocator=//Portlet[ID="liquidity_transactions_tab_2"]/item[0][Class="ListGrid"]/filterEditor/editRowForm/item[name=dt_effect||title=Effect%20date||value=[object Object]||index=3||Class=MiniDateRangeItem]/rangeDialog/rangeForm/item[name=dt_effect||title=dt_effect||value=[object Object]||index=0||Class=DateRangeItem]/dateRangeForm/item[name=toField||title=To||value=Wed Dec 21 2016 12:00:00 GMT+0100 (W. Europe Standard Time)||index=1||Class=RelativeDateItem]/editor/item[name=valueField||title=valueField||value=%24yesterday||index=0||Class=ComboBoxItem]/pickList/body/row[valueField=%24today||0]/col[fieldName=valueField||0]]]></target>
	<value><![CDATA[]]></value>
</selenese>
<selenese>
	<command>waitForElementClickable</command>
	<target><![CDATA[scLocator=//Portlet[ID="liquidity_transactions_tab_2"]/item[0][Class="ListGrid"]/filterEditor/editRowForm/item[name=dt_effect||title=Effect%20date||value=[object Object]||index=3||Class=MiniDateRangeItem]/rangeDialog/okButton/]]></target>
	<value><![CDATA[]]></value>
</selenese>
<selenese>
	<command>click</command>
	<target><![CDATA[scLocator=//Portlet[ID="liquidity_transactions_tab_2"]/item[0][Class="ListGrid"]/filterEditor/editRowForm/item[name=dt_effect||title=Effect%20date||value=[object Object]||index=3||Class=MiniDateRangeItem]/rangeDialog/okButton/]]></target>
	<value><![CDATA[]]></value>
</selenese>
<selenese>
	<command>waitForElementClickable</command>
	<target><![CDATA[scLocator=//Portlet[ID="liquidity_transactions_tab_2"]/item[0][Class="ListGrid"]/header/headerButton[fieldName=dt_effect]/L]]></target>
	<value><![CDATA[]]></value>
</selenese>
<selenese>
	<command>waitForElementClickable</command>
	<target><![CDATA[scLocator=//Portlet[ID="liquidity_transactions_tab_2"]/item[0][Class="ListGrid"]/body/row[trans_id=66||dt_input=Mon Oct 10 2011 12:00:00 GMT+0200 (W. Europe Daylight Time)||0]/col[fieldName=dt_input||2]]]></target>
	<value><![CDATA[]]></value>
</selenese>
<selenese>
	<command>dragAndDropToObject</command>
	<target><![CDATA[scLocator=//Portlet[ID="liquidity_transactions_tab_2"]/item[0][Class="ListGrid"]/header/headerButton[fieldName=dt_effect]/L]]></target>
	<value><![CDATA[scLocator=//Portlet[ID="liquidity_transactions_tab_2"]/item[0][Class="ListGrid"]/body/row[trans_id=66||dt_input=Mon Oct 10 2011 12:00:00 GMT+0200 (W. Europe Daylight Time)||0]/col[fieldName=dt_input||2]]]></value>
</selenese>
<selenese>
	<command>waitForElementClickable</command>
	<target><![CDATA[scLocator=//Portlet[ID="liquidity_transactions_tab_2"]/item[0][Class="ListGrid"]/headerMenuButton/]]></target>
	<value><![CDATA[]]></value>
</selenese>
<selenese>
	<command>click</command>
	<target><![CDATA[scLocator=//Portlet[ID="liquidity_transactions_tab_2"]/item[0][Class="ListGrid"]/headerMenuButton/]]></target>
	<value><![CDATA[]]></value>
</selenese>
<selenese>
	<command>waitForElementClickable</command>
	<target><![CDATA[scLocator=//Portlet[ID="liquidity_transactions_tab_2"]/item[0][Class="ListGrid"]/filterEditor/editRowForm/item[name=acc_name||title=Account%20name||index=1||Class=TextItem]/element]]></target>
	<value><![CDATA[]]></value>
</selenese>
<selenese>
	<command>click</command>
	<target><![CDATA[scLocator=//Portlet[ID="liquidity_transactions_tab_2"]/item[0][Class="ListGrid"]/filterEditor/editRowForm/item[name=acc_name||title=Account%20name||index=1||Class=TextItem]/element]]></target>
	<value><![CDATA[]]></value>
</selenese>
<selenese>
	<command>waitForElementClickable</command>
	<target><![CDATA[scLocator=//Portlet[ID="liquidity_transactions_tab_2"]/item[0][Class="ListGrid"]/filterEditor/editRowForm/item[name=acc_name||title=Account%20name||index=1||Class=TextItem]/element]]></target>
	<value><![CDATA[]]></value>
</selenese>
<selenese>
	<command>click</command>
	<target><![CDATA[scLocator=//Portlet[ID="liquidity_transactions_tab_2"]/item[0][Class="ListGrid"]/filterEditor/editRowForm/item[name=acc_name||title=Account%20name||index=1||Class=TextItem]/element]]></target>
	<value><![CDATA[]]></value>
</selenese>
<selenese>
	<command>waitForElementReadyForKeyPresses</command>
	<target><![CDATA[scLocator=//Portlet[ID="liquidity_transactions_tab_2"]/item[0][Class="ListGrid"]/filterEditor/editRowForm/item[name=acc_name||title=Account%20name||value=CARIPARMA||index=1||Class=TextItem]/element]]></target>
	<value><![CDATA[]]></value>
</selenese>
<selenese>
	<command>sendKeys</command>
	<target><![CDATA[scLocator=//Portlet[ID="liquidity_transactions_tab_2"]/item[0][Class="ListGrid"]/filterEditor/editRowForm/item[name=acc_name||title=Account%20name||value=CARIPARMA||index=1||Class=TextItem]/element]]></target>
	<value><![CDATA[${KEY_ENTER}]]></value>
</selenese>
<selenese>
	<command>waitForElementClickable</command>
	<target><![CDATA[scLocator=//Portlet[ID="liquidity_transactions_tab_2"]/item[0][Class="ListGrid"]/filterEditor/editRowForm/item[name=acc_name||title=Account%20name||value=CARIPARMA||index=1||Class=TextItem]/element]]></target>
	<value><![CDATA[]]></value>
</selenese>
<selenese>
	<command>type</command>
	<target><![CDATA[scLocator=//Portlet[ID="liquidity_transactions_tab_2"]/item[0][Class="ListGrid"]/filterEditor/editRowForm/item[name=acc_name||title=Account%20name||value=CARIPARMA||index=1||Class=TextItem]/element]]></target>
	<value><![CDATA[CARIPARMA]]></value>
</selenese>
<selenese>
	<command>waitForElementClickable</command>
	<target><![CDATA[scLocator=//Portlet[ID="liquidity_transactions_tab_2"]/item[0][Class="ListGrid"]/filterEditor/editRowForm/item[name=acc_name||title=Account%20name||index=1||Class=TextItem]/element]]></target>
	<value><![CDATA[]]></value>
</selenese>
<selenese>
	<command>click</command>
	<target><![CDATA[scLocator=//Portlet[ID="liquidity_transactions_tab_2"]/item[0][Class="ListGrid"]/filterEditor/editRowForm/item[name=acc_name||title=Account%20name||index=1||Class=TextItem]/element]]></target>
	<value><![CDATA[]]></value>
</selenese>
<selenese>
	<command>waitForElementReadyForKeyPresses</command>
	<target><![CDATA[scLocator=//Portlet[ID="liquidity_transactions_tab_2"]/item[0][Class="ListGrid"]/filterEditor/editRowForm/item[name=acc_name||title=Account%20name||value=BANCA%20D%27ITALIA||index=1||Class=TextItem]/element]]></target>
	<value><![CDATA[]]></value>
</selenese>
<selenese>
	<command>sendKeys</command>
	<target><![CDATA[scLocator=//Portlet[ID="liquidity_transactions_tab_2"]/item[0][Class="ListGrid"]/filterEditor/editRowForm/item[name=acc_name||title=Account%20name||value=BANCA%20D%27ITALIA||index=1||Class=TextItem]/element]]></target>
	<value><![CDATA[${KEY_ENTER}]]></value>
</selenese>
<selenese>
	<command>waitForElementClickable</command>
	<target><![CDATA[scLocator=//Portlet[ID="liquidity_transactions_tab_2"]/item[0][Class="ListGrid"]/filterEditor/editRowForm/item[name=acc_name||title=Account%20name||value=BANCA%20D%27ITALIA||index=1||Class=TextItem]/element]]></target>
	<value><![CDATA[]]></value>
</selenese>
<selenese>
	<command>type</command>
	<target><![CDATA[scLocator=//Portlet[ID="liquidity_transactions_tab_2"]/item[0][Class="ListGrid"]/filterEditor/editRowForm/item[name=acc_name||title=Account%20name||value=BANCA%20D%27ITALIA||index=1||Class=TextItem]/element]]></target>
	<value><![CDATA[BANCA D'ITALIA]]></value>
</selenese>
<selenese>
	<command>waitForElementClickable</command>
	<target><![CDATA[scLocator=//Portlet[ID="liquidity_transactions_tab_2"]/item[0][Class="ListGrid"]/headerMenuButton/]]></target>
	<value><![CDATA[]]></value>
</selenese>
<selenese>
	<command>click</command>
	<target><![CDATA[scLocator=//Portlet[ID="liquidity_transactions_tab_2"]/item[0][Class="ListGrid"]/headerMenuButton/]]></target>
	<value><![CDATA[]]></value>
</selenese>
<selenese>
	<command>waitForElementClickable</command>
	<target><![CDATA[scLocator=//Portlet[ID="liquidity_transactions_tab_2"]/item[0][Class="ListGrid"]/headerContextMenu[Class=Menu||index=0||length=1||classIndex=0||classLength=1||roleIndex=0||roleLength=1||scRole=menu]/body/row[title=Columns||6]/col[fieldName=title||1]]]></target>
	<value><![CDATA[]]></value>
</selenese>
<selenese>
	<command>click</command>
	<target><![CDATA[scLocator=//Portlet[ID="liquidity_transactions_tab_2"]/item[0][Class="ListGrid"]/headerContextMenu[Class=Menu||index=0||length=1||classIndex=0||classLength=1||roleIndex=0||roleLength=1||scRole=menu]/body/row[title=Columns||6]/col[fieldName=title||1]]]></target>
	<value><![CDATA[]]></value>
</selenese>
<selenese>
	<command>waitForElementClickable</command>
	<target><![CDATA[scLocator=//Portlet[ID="liquidity_transactions_tab_2"]/item[0][Class="ListGrid"]/headerContextMenu[Class=Menu||index=0||length=1||classIndex=0||classLength=1||roleIndex=0||roleLength=1||scRole=menu]/body/row[title=Group%20by%20Trans.%20amount||8]/col[fieldName=title||1]]]></target>
	<value><![CDATA[]]></value>
</selenese>
<selenese>
	<command>click</command>
	<target><![CDATA[scLocator=//Portlet[ID="liquidity_transactions_tab_2"]/item[0][Class="ListGrid"]/headerContextMenu[Class=Menu||index=0||length=1||classIndex=0||classLength=1||roleIndex=0||roleLength=1||scRole=menu]/body/row[title=Group%20by%20Trans.%20amount||8]/col[fieldName=title||1]]]></target>
	<value><![CDATA[]]></value>
</selenese>
<selenese>
	<command>waitForElementClickable</command>
	<target><![CDATA[scLocator=//Portlet[ID="liquidity_transactions_tab_2"]/item[0][Class="ListGrid"]/headerMenuButton/icon]]></target>
	<value><![CDATA[]]></value>
</selenese>
<selenese>
	<command>click</command>
	<target><![CDATA[scLocator=//Portlet[ID="liquidity_transactions_tab_2"]/item[0][Class="ListGrid"]/headerMenuButton/icon]]></target>
	<value><![CDATA[]]></value>
</selenese>
<selenese>
	<command>waitForElementClickable</command>
	<target><![CDATA[scLocator=//Portlet[ID="liquidity_transactions_tab_2"]/item[0][Class="ListGrid"]/headerContextMenu[Class=Menu||index=0||length=1||classIndex=0||classLength=1||roleIndex=0||roleLength=1||scRole=menu]/body/row[title=Ungroup||9]/col[fieldName=title||1]]]></target>
	<value><![CDATA[]]></value>
</selenese>
<selenese>
	<command>click</command>
	<target><![CDATA[scLocator=//Portlet[ID="liquidity_transactions_tab_2"]/item[0][Class="ListGrid"]/headerContextMenu[Class=Menu||index=0||length=1||classIndex=0||classLength=1||roleIndex=0||roleLength=1||scRole=menu]/body/row[title=Ungroup||9]/col[fieldName=title||1]]]></target>
	<value><![CDATA[]]></value>
</selenese>
<selenese>
	<command>waitForElementClickable</command>
	<target><![CDATA[scLocator=//Portlet[ID="liquidity_transactions_tab_2"]/item[0][Class="ListGrid"]/headerMenuButton/icon]]></target>
	<value><![CDATA[]]></value>
</selenese>
<selenese>
	<command>click</command>
	<target><![CDATA[scLocator=//Portlet[ID="liquidity_transactions_tab_2"]/item[0][Class="ListGrid"]/headerMenuButton/icon]]></target>
	<value><![CDATA[]]></value>
</selenese>
<selenese>
	<command>waitForElementClickable</command>
	<target><![CDATA[scLocator=//Portlet[ID="liquidity_transactions_tab_2"]/item[0][Class="ListGrid"]/headerContextMenu[Class=Menu||index=0||length=1||classIndex=0||classLength=1||roleIndex=0||roleLength=1||scRole=menu]/body/row[title=Group%20by%20Account%20name||8]/col[fieldName=title||1]]]></target>
	<value><![CDATA[]]></value>
</selenese>
<selenese>
	<command>click</command>
	<target><![CDATA[scLocator=//Portlet[ID="liquidity_transactions_tab_2"]/item[0][Class="ListGrid"]/headerContextMenu[Class=Menu||index=0||length=1||classIndex=0||classLength=1||roleIndex=0||roleLength=1||scRole=menu]/body/row[title=Group%20by%20Account%20name||8]/col[fieldName=title||1]]]></target>
	<value><![CDATA[]]></value>
</selenese>
<selenese>
	<command>waitForElementClickable</command>
	<target><![CDATA[scLocator=//Portlet[ID="liquidity_transactions_tab_2"]/item[0][Class="ListGrid"]/headerMenuButton/]]></target>
	<value><![CDATA[]]></value>
</selenese>
<selenese>
	<command>click</command>
	<target><![CDATA[scLocator=//Portlet[ID="liquidity_transactions_tab_2"]/item[0][Class="ListGrid"]/headerMenuButton/]]></target>
	<value><![CDATA[]]></value>
</selenese>
<selenese>
	<command>waitForElementClickable</command>
	<target><![CDATA[scLocator=//Portlet[ID="liquidity_transactions_tab_2"]/item[0][Class="ListGrid"]/headerContextMenu[Class=Menu||index=0||length=1||classIndex=0||classLength=1||roleIndex=0||roleLength=1||scRole=menu]/body/row[title=Ungroup||9]/col[fieldName=title||1]]]></target>
	<value><![CDATA[]]></value>
</selenese>
<selenese>
	<command>click</command>
	<target><![CDATA[scLocator=//Portlet[ID="liquidity_transactions_tab_2"]/item[0][Class="ListGrid"]/headerContextMenu[Class=Menu||index=0||length=1||classIndex=0||classLength=1||roleIndex=0||roleLength=1||scRole=menu]/body/row[title=Ungroup||9]/col[fieldName=title||1]]]></target>
	<value><![CDATA[]]></value>
</selenese>
<selenese>
	<command>waitForElementClickable</command>
	<target><![CDATA[scLocator=//Portlet[ID="liquidity_transactions_tab_2"]/item[0][Class="ListGrid"]/headerMenuButton/]]></target>
	<value><![CDATA[]]></value>
</selenese>
<selenese>
	<command>click</command>
	<target><![CDATA[scLocator=//Portlet[ID="liquidity_transactions_tab_2"]/item[0][Class="ListGrid"]/headerMenuButton/]]></target>
	<value><![CDATA[]]></value>
</selenese>
</TestCase>