<?xml version="1.0" encoding="UTF-8"?>
<TestCase seleniumIDEVersion="2.9.1" baseURL="http://10.0.10.173:9081/CCAM/">
<selenese>
	<command>echo</command>
	<target><![CDATA[]]></target>
	<value><![CDATA[RU11-NUC01-T02.rctest]]></value>
</selenese>
<selenese>
	<command>open</command>
	<target><![CDATA[/CCAM/]]></target>
	<value><![CDATA[Liquidity Params - CCAM - Edit]]></value>
</selenese>
<selenese>
	<command>waitForElementClickable</command>
	<target><![CDATA[scLocator=//Portlet[ID="refdata_liqparam_tab_2"]/item[0][Class="VLayout"]/member[Class=DynamicForm||index=0||length=3||classIndex=0||classLength=1]/item[name=%3Cnobr%3ECredit%20lines%3C%24fs%24nobr%3E||title=%3Cnobr%3ECredit%20lines%3C%24fs%24nobr%3E||value=25||index=0||Class=TextItem]/element]]></target>
	<value><![CDATA[]]></value>
</selenese>
<selenese>
	<command>type</command>
	<target><![CDATA[scLocator=//Portlet[ID="refdata_liqparam_tab_2"]/item[0][Class="VLayout"]/member[Class=DynamicForm||index=0||length=3||classIndex=0||classLength=1]/item[name=%3Cnobr%3ECredit%20lines%3C%24fs%24nobr%3E||title=%3Cnobr%3ECredit%20lines%3C%24fs%24nobr%3E||value=25||index=0||Class=TextItem]/element]]></target>
	<value><![CDATA[22]]></value>
</selenese>
<selenese>
	<command>waitForElementClickable</command>
	<target><![CDATA[scLocator=//Portlet[ID="refdata_liqparam_tab_2"]/item[0][Class="VLayout"]/member[Class=DynamicForm||index=0||length=3||classIndex=0||classLength=1]/item[name=%3Cnobr%3ECash%20for%20settlement%3C%24fs%24nobr%3E||title=%3Cnobr%3ECash%20for%20settlement%3C%24fs%24nobr%3E||value=222||index=1||Class=TextItem]/element]]></target>
	<value><![CDATA[]]></value>
</selenese>
<selenese>
	<command>click</command>
	<target><![CDATA[scLocator=//Portlet[ID="refdata_liqparam_tab_2"]/item[0][Class="VLayout"]/member[Class=DynamicForm||index=0||length=3||classIndex=0||classLength=1]/item[name=%3Cnobr%3ECash%20for%20settlement%3C%24fs%24nobr%3E||title=%3Cnobr%3ECash%20for%20settlement%3C%24fs%24nobr%3E||value=222||index=1||Class=TextItem]/element]]></target>
	<value><![CDATA[]]></value>
</selenese>
<selenese>
	<command>waitForElementClickable</command>
	<target><![CDATA[scLocator=//Portlet[ID="refdata_liqparam_tab_2"]/item[0][Class="VLayout"]/member[Class=DynamicForm||index=0||length=3||classIndex=0||classLength=1]/item[name=%3Cnobr%3ECash%20for%20settlement%3C%24fs%24nobr%3E||title=%3Cnobr%3ECash%20for%20settlement%3C%24fs%24nobr%3E||value=225||index=1||Class=TextItem]/element]]></target>
	<value><![CDATA[]]></value>
</selenese>
<selenese>
	<command>type</command>
	<target><![CDATA[scLocator=//Portlet[ID="refdata_liqparam_tab_2"]/item[0][Class="VLayout"]/member[Class=DynamicForm||index=0||length=3||classIndex=0||classLength=1]/item[name=%3Cnobr%3ECash%20for%20settlement%3C%24fs%24nobr%3E||title=%3Cnobr%3ECash%20for%20settlement%3C%24fs%24nobr%3E||value=225||index=1||Class=TextItem]/element]]></target>
	<value><![CDATA[222]]></value>
</selenese>
<selenese>
	<command>waitForElementClickable</command>
	<target><![CDATA[scLocator=//Portlet[ID="refdata_liqparam_tab_2"]/item[0][Class="VLayout"]/member[Class=HLayout||index=2||length=3||classIndex=0||classLength=1]/member[Class=Button||index=1||length=2||classIndex=0||classLength=1||roleIndex=0||roleLength=1||title=Save||scRole=button]/]]></target>
	<value><![CDATA[]]></value>
</selenese>
<selenese>
	<command>click</command>
	<target><![CDATA[scLocator=//Portlet[ID="refdata_liqparam_tab_2"]/item[0][Class="VLayout"]/member[Class=HLayout||index=2||length=3||classIndex=0||classLength=1]/member[Class=Button||index=1||length=2||classIndex=0||classLength=1||roleIndex=0||roleLength=1||title=Save||scRole=button]/]]></target>
	<value><![CDATA[]]></value>
</selenese>
</TestCase>