<?xml version="1.0" encoding="UTF-8"?>
<ejb-jar xmlns="http://java.sun.com/xml/ns/javaee" xmlns:xsi="http://www.w3.org/2001/XMLSchema-instance"
	xsi:schemaLocation="http://java.sun.com/xml/ns/javaee http://java.sun.com/xml/ns/javaee/ejb-jar_3_0.xsd"
	version="3.0">
	<display-name>InfoProviderEJB</display-name>
	<enterprise-beans>
		<session>
			<ejb-name>BuiltInDmiCmtEAO</ejb-name>
			<persistence-context-ref>
				<persistence-context-ref-name>builtInEM</persistence-context-ref-name>
				<persistence-unit-name>InfoProviderEJB</persistence-unit-name>
				<persistence-context-type>Transaction</persistence-context-type>
			</persistence-context-ref>
		</session>
	</enterprise-beans>
</ejb-jar>
