<?xml version="1.0" encoding="UTF-8"?>
<TestCase seleniumIDEVersion="2.9.1" baseURL="https://10.0.10.230:10044/LiqPortalWEB/index.html">
<selenese>
	<command>echo</command>
	<target><![CDATA[]]></target>
	<value><![CDATA[RU03-NUC01-T03.rctest]]></value>
</selenese>
<selenese>
	<command>open</command>
	<target><![CDATA[/LiqPortalWEB/]]></target>
	<value><![CDATA[Liquidity Portal - Liq. Items - Grouping]]></value>
</selenese>
<selenese>
	<command>type</command>
	<target><![CDATA[id=Username]]></target>
	<value><![CDATA[mpetracc]]></value>
</selenese>
<selenese>
	<command>type</command>
	<target><![CDATA[id=Password]]></target>
	<value><![CDATA[.mpetrac06]]></value>
</selenese>
<selenese>
	<command>clickAndWait</command>
	<target><![CDATA[id=submitLabel]]></target>
	<value><![CDATA[]]></value>
</selenese>
<selenese>
	<command>waitForElementClickable</command>
	<target><![CDATA[scLocator=//Menu[level=1]/body/row[3]/col[fieldName=title||0]]]></target>
	<value><![CDATA[]]></value>
</selenese>
<selenese>
	<command>click</command>
	<target><![CDATA[scLocator=//Menu[level=1]/body/row[3]/col[fieldName=title||0]]]></target>
	<value><![CDATA[]]></value>
</selenese>
<selenese>
	<command>waitForElementClickable</command>
	<target><![CDATA[scLocator=//Portlet[ID="liquidity_items_tab_2"]/maximizeButton/]]></target>
	<value><![CDATA[]]></value>
</selenese>
<selenese>
	<command>click</command>
	<target><![CDATA[scLocator=//Portlet[ID="liquidity_items_tab_2"]/maximizeButton/]]></target>
	<value><![CDATA[]]></value>
</selenese>
<selenese>
	<command>waitForElementClickable</command>
	<target><![CDATA[scLocator=//Portlet[ID="liquidity_items_tab_2"]/item[0][Class="ListGrid"]/headerMenuButton/]]></target>
	<value><![CDATA[]]></value>
</selenese>
<selenese>
	<command>click</command>
	<target><![CDATA[scLocator=//Portlet[ID="liquidity_items_tab_2"]/item[0][Class="ListGrid"]/headerMenuButton/]]></target>
	<value><![CDATA[]]></value>
</selenese>
<selenese>
	<command>waitForElementClickable</command>
	<target><![CDATA[scLocator=//Portlet[ID="liquidity_items_tab_2"]/item[0][Class="ListGrid"]/headerContextMenu[Class=Menu||index=0||length=1||classIndex=0||classLength=1||roleIndex=0||roleLength=1||scRole=menu]/body/row[title=Group%20by%20Item%20group%20ID.||8]/col[fieldName=title||1]]]></target>
	<value><![CDATA[]]></value>
</selenese>
<selenese>
	<command>click</command>
	<target><![CDATA[scLocator=//Portlet[ID="liquidity_items_tab_2"]/item[0][Class="ListGrid"]/headerContextMenu[Class=Menu||index=0||length=1||classIndex=0||classLength=1||roleIndex=0||roleLength=1||scRole=menu]/body/row[title=Group%20by%20Item%20group%20ID.||8]/col[fieldName=title||1]]]></target>
	<value><![CDATA[]]></value>
</selenese>
<selenese>
	<command>waitForElementClickable</command>
	<target><![CDATA[scLocator=//Portlet[ID="liquidity_items_tab_2"]/item[0][Class="ListGrid"]/headerMenuButton/]]></target>
	<value><![CDATA[]]></value>
</selenese>
<selenese>
	<command>click</command>
	<target><![CDATA[scLocator=//Portlet[ID="liquidity_items_tab_2"]/item[0][Class="ListGrid"]/headerMenuButton/]]></target>
	<value><![CDATA[]]></value>
</selenese>
<selenese>
	<command>waitForElementClickable</command>
	<target><![CDATA[scLocator=//Portlet[ID="liquidity_items_tab_2"]/item[0][Class="ListGrid"]/headerContextMenu[Class=Menu||index=0||length=1||classIndex=0||classLength=1||roleIndex=0||roleLength=1||scRole=menu]/body/row[title=Add%20summary%20column...||16]/col[fieldName=title||1]]]></target>
	<value><![CDATA[]]></value>
</selenese>
<selenese>
	<command>click</command>
	<target><![CDATA[scLocator=//Portlet[ID="liquidity_items_tab_2"]/item[0][Class="ListGrid"]/headerContextMenu[Class=Menu||index=0||length=1||classIndex=0||classLength=1||roleIndex=0||roleLength=1||scRole=menu]/body/row[title=Add%20summary%20column...||16]/col[fieldName=title||1]]]></target>
	<value><![CDATA[]]></value>
</selenese>
<selenese>
	<command>waitForElementClickable</command>
	<target><![CDATA[scLocator=//Portlet[ID="liquidity_items_tab_2"]/item[0][Class="ListGrid"]/fieldEditorWindow/item[0][Class="SummaryBuilder"]/saveAddAnotherButton/]]></target>
	<value><![CDATA[]]></value>
</selenese>
<selenese>
	<command>click</command>
	<target><![CDATA[scLocator=//Portlet[ID="liquidity_items_tab_2"]/item[0][Class="ListGrid"]/fieldEditorWindow/item[0][Class="SummaryBuilder"]/saveAddAnotherButton/]]></target>
	<value><![CDATA[]]></value>
</selenese>
<selenese>
	<command>waitForElementClickable</command>
	<target><![CDATA[scLocator=//Dialog[ID="isc_globalWarn"]/okButton/]]></target>
	<value><![CDATA[]]></value>
</selenese>
<selenese>
	<command>click</command>
	<target><![CDATA[scLocator=//Dialog[ID="isc_globalWarn"]/okButton/]]></target>
	<value><![CDATA[]]></value>
</selenese>
<selenese>
	<command>waitForElementClickable</command>
	<target><![CDATA[scLocator=//Portlet[ID="liquidity_items_tab_2"]/item[0][Class="ListGrid"]/fieldEditorWindow/item[0][Class="SummaryBuilder"]/saveButton/]]></target>
	<value><![CDATA[]]></value>
</selenese>
<selenese>
	<command>click</command>
	<target><![CDATA[scLocator=//Portlet[ID="liquidity_items_tab_2"]/item[0][Class="ListGrid"]/fieldEditorWindow/item[0][Class="SummaryBuilder"]/saveButton/]]></target>
	<value><![CDATA[]]></value>
</selenese>
<selenese>
	<command>waitForElementClickable</command>
	<target><![CDATA[scLocator=//Dialog[ID="isc_globalWarn"]/closeButton/]]></target>
	<value><![CDATA[]]></value>
</selenese>
<selenese>
	<command>click</command>
	<target><![CDATA[scLocator=//Dialog[ID="isc_globalWarn"]/closeButton/]]></target>
	<value><![CDATA[]]></value>
</selenese>
<selenese>
	<command>waitForElementClickable</command>
	<target><![CDATA[scLocator=//Portlet[ID="liquidity_items_tab_2"]/item[0][Class="ListGrid"]/fieldEditorWindow/closeButton/]]></target>
	<value><![CDATA[]]></value>
</selenese>
<selenese>
	<command>click</command>
	<target><![CDATA[scLocator=//Portlet[ID="liquidity_items_tab_2"]/item[0][Class="ListGrid"]/fieldEditorWindow/closeButton/]]></target>
	<value><![CDATA[]]></value>
</selenese>
<selenese>
	<command>waitForElementClickable</command>
	<target><![CDATA[scLocator=//Portlet[ID="liquidity_items_tab_2"]/item[0][Class="ListGrid"]/filterEditor/editRowForm/item[name=CASH_AMNT||title=Cash%20amount||index=2||Class=FloatItem]/element]]></target>
	<value><![CDATA[]]></value>
</selenese>
<selenese>
	<command>click</command>
	<target><![CDATA[scLocator=//Portlet[ID="liquidity_items_tab_2"]/item[0][Class="ListGrid"]/filterEditor/editRowForm/item[name=CASH_AMNT||title=Cash%20amount||index=2||Class=FloatItem]/element]]></target>
	<value><![CDATA[]]></value>
</selenese>
<selenese>
	<command>waitForElementClickable</command>
	<target><![CDATA[scLocator=//Portlet[ID="liquidity_items_tab_2"]/item[0][Class="ListGrid"]/filterEditor/editRowForm/item[name=ITEM_ID||title=Item%20group%20ID.||index=3||Class=TextItem]/element]]></target>
	<value><![CDATA[]]></value>
</selenese>
<selenese>
	<command>click</command>
	<target><![CDATA[scLocator=//Portlet[ID="liquidity_items_tab_2"]/item[0][Class="ListGrid"]/filterEditor/editRowForm/item[name=ITEM_ID||title=Item%20group%20ID.||index=3||Class=TextItem]/element]]></target>
	<value><![CDATA[]]></value>
</selenese>
<selenese>
	<command>waitForElementClickable</command>
	<target><![CDATA[scLocator=//Portlet[ID="liquidity_items_tab_2"]/item[0][Class="ListGrid"]/headerMenuButton/]]></target>
	<value><![CDATA[]]></value>
</selenese>
<selenese>
	<command>click</command>
	<target><![CDATA[scLocator=//Portlet[ID="liquidity_items_tab_2"]/item[0][Class="ListGrid"]/headerMenuButton/]]></target>
	<value><![CDATA[]]></value>
</selenese>
<selenese>
	<command>waitForElementClickable</command>
	<target><![CDATA[scLocator=//Portlet[ID="liquidity_items_tab_2"]/item[0][Class="ListGrid"]/headerContextMenu[Class=Menu||index=0||length=1||classIndex=0||classLength=1||roleIndex=0||roleLength=1||scRole=menu]/body/row[title=Ungroup||10]/col[fieldName=title||1]]]></target>
	<value><![CDATA[]]></value>
</selenese>
<selenese>
	<command>click</command>
	<target><![CDATA[scLocator=//Portlet[ID="liquidity_items_tab_2"]/item[0][Class="ListGrid"]/headerContextMenu[Class=Menu||index=0||length=1||classIndex=0||classLength=1||roleIndex=0||roleLength=1||scRole=menu]/body/row[title=Ungroup||10]/col[fieldName=title||1]]]></target>
	<value><![CDATA[]]></value>
</selenese>
<selenese>
	<command>waitForElementClickable</command>
	<target><![CDATA[scLocator=//Portlet[ID="liquidity_items_tab_2"]/item[0][Class="ListGrid"]/filterEditor/actionButton/icon]]></target>
	<value><![CDATA[]]></value>
</selenese>
<selenese>
	<command>click</command>
	<target><![CDATA[scLocator=//Portlet[ID="liquidity_items_tab_2"]/item[0][Class="ListGrid"]/filterEditor/actionButton/icon]]></target>
	<value><![CDATA[]]></value>
</selenese>
<selenese>
	<command>waitForElementClickable</command>
	<target><![CDATA[scLocator=//Portlet[ID="liquidity_items_tab_2"]/header/member[Class=Img||index=1||length=5||classIndex=0||classLength=1||name=main]/]]></target>
	<value><![CDATA[]]></value>
</selenese>
<selenese>
	<command>click</command>
	<target><![CDATA[scLocator=//Portlet[ID="liquidity_items_tab_2"]/header/member[Class=Img||index=1||length=5||classIndex=0||classLength=1||name=main]/]]></target>
	<value><![CDATA[]]></value>
</selenese>
</TestCase>