<?xml version="1.0" encoding="UTF-8"?>
<TestCase seleniumIDEVersion="2.9.1" baseURL="https://10.0.10.230:10044/LiqPortalWEB/index.html">
<selenese>
	<command>echo</command>
	<target><![CDATA[]]></target>
	<value><![CDATA[RU04-NUC01-T02.rctest]]></value>
</selenese>
<selenese>
	<command>open</command>
	<target><![CDATA[/LiqPortalWEB/]]></target>
	<value><![CDATA[Liquidity Portal - Ref. Data Liq. Parameters - Filters]]></value>
</selenese>
<selenese>
	<command>type</command>
	<target><![CDATA[id=Username]]></target>
	<value><![CDATA[mpetracc]]></value>
</selenese>
<selenese>
	<command>type</command>
	<target><![CDATA[id=Password]]></target>
	<value><![CDATA[.mpetrac06]]></value>
</selenese>
<selenese>
	<command>clickAndWait</command>
	<target><![CDATA[id=submitLabel]]></target>
	<value><![CDATA[]]></value>
</selenese>
<selenese>
	<command>waitForElementClickable</command>
	<target><![CDATA[scLocator=//Menu[level=1]/body/row[8]/col[fieldName=title||0]]]></target>
	<value><![CDATA[]]></value>
</selenese>
<selenese>
	<command>click</command>
	<target><![CDATA[scLocator=//Menu[level=1]/body/row[8]/col[fieldName=title||0]]]></target>
	<value><![CDATA[]]></value>
</selenese>
<selenese>
	<command>waitForElementClickable</command>
	<target><![CDATA[scLocator=//Portlet[ID="refdata_liqparam_tab_2"]/item[0][Class="VLayout"]/member[Class=DynamicForm||index=0||length=3||classIndex=0||classLength=1]/item[name=%3Cnobr%3ECredit%20lines%3C%24fs%24nobr%3E||title=%3Cnobr%3ECredit%20lines%3C%24fs%24nobr%3E||value=100000000.00000000||index=0||Class=TextItem]/element]]></target>
	<value><![CDATA[]]></value>
</selenese>
<selenese>
	<command>click</command>
	<target><![CDATA[scLocator=//Portlet[ID="refdata_liqparam_tab_2"]/item[0][Class="VLayout"]/member[Class=DynamicForm||index=0||length=3||classIndex=0||classLength=1]/item[name=%3Cnobr%3ECredit%20lines%3C%24fs%24nobr%3E||title=%3Cnobr%3ECredit%20lines%3C%24fs%24nobr%3E||value=100000000.00000000||index=0||Class=TextItem]/element]]></target>
	<value><![CDATA[]]></value>
</selenese>
<selenese>
	<command>waitForElementClickable</command>
	<target><![CDATA[scLocator=//Portlet[ID="refdata_liqparam_tab_2"]/item[0][Class="VLayout"]/member[Class=DynamicForm||index=0||length=3||classIndex=0||classLength=1]/item[name=%3Cnobr%3ECredit%20lines%3C%24fs%24nobr%3E||title=%3Cnobr%3ECredit%20lines%3C%24fs%24nobr%3E||index=0||Class=TextItem]/element]]></target>
	<value><![CDATA[]]></value>
</selenese>
<selenese>
	<command>type</command>
	<target><![CDATA[scLocator=//Portlet[ID="refdata_liqparam_tab_2"]/item[0][Class="VLayout"]/member[Class=DynamicForm||index=0||length=3||classIndex=0||classLength=1]/item[name=%3Cnobr%3ECredit%20lines%3C%24fs%24nobr%3E||title=%3Cnobr%3ECredit%20lines%3C%24fs%24nobr%3E||index=0||Class=TextItem]/element]]></target>
	<value><![CDATA[]]></value>
</selenese>
<selenese>
	<command>waitForElementClickable</command>
	<target><![CDATA[scLocator=//Portlet[ID="refdata_liqparam_tab_2"]/item[0][Class="VLayout"]/member[Class=DynamicForm||index=0||length=3||classIndex=0||classLength=1]/item[name=%3Cnobr%3ECredit%20lines%3C%24fs%24nobr%3E||title=%3Cnobr%3ECredit%20lines%3C%24fs%24nobr%3E||value=1||index=0||Class=TextItem]/element]]></target>
	<value><![CDATA[]]></value>
</selenese>
<selenese>
	<command>type</command>
	<target><![CDATA[scLocator=//Portlet[ID="refdata_liqparam_tab_2"]/item[0][Class="VLayout"]/member[Class=DynamicForm||index=0||length=3||classIndex=0||classLength=1]/item[name=%3Cnobr%3ECredit%20lines%3C%24fs%24nobr%3E||title=%3Cnobr%3ECredit%20lines%3C%24fs%24nobr%3E||value=1||index=0||Class=TextItem]/element]]></target>
	<value><![CDATA[1]]></value>
</selenese>
<selenese>
	<command>waitForElementClickable</command>
	<target><![CDATA[scLocator=//Portlet[ID="refdata_liqparam_tab_2"]/item[0][Class="VLayout"]/member[Class=DynamicForm||index=0||length=3||classIndex=0||classLength=1]/item[name=%3Cnobr%3ECredit%20lines%3C%24fs%24nobr%3E||title=%3Cnobr%3ECredit%20lines%3C%24fs%24nobr%3E||value=1222||index=0||Class=TextItem]/element]]></target>
	<value><![CDATA[]]></value>
</selenese>
<selenese>
	<command>type</command>
	<target><![CDATA[scLocator=//Portlet[ID="refdata_liqparam_tab_2"]/item[0][Class="VLayout"]/member[Class=DynamicForm||index=0||length=3||classIndex=0||classLength=1]/item[name=%3Cnobr%3ECredit%20lines%3C%24fs%24nobr%3E||title=%3Cnobr%3ECredit%20lines%3C%24fs%24nobr%3E||value=1222||index=0||Class=TextItem]/element]]></target>
	<value><![CDATA[1222]]></value>
</selenese>
<selenese>
	<command>waitForElementClickable</command>
	<target><![CDATA[scLocator=//Portlet[ID="refdata_liqparam_tab_2"]/item[0][Class="VLayout"]/member[Class=DynamicForm||index=0||length=3||classIndex=0||classLength=1]/item[name=%3Cnobr%3ECash%20for%20settlement%3C%24fs%24nobr%3E||title=%3Cnobr%3ECash%20for%20settlement%3C%24fs%24nobr%3E||value=20000000||index=1||Class=TextItem]/element]]></target>
	<value><![CDATA[]]></value>
</selenese>
<selenese>
	<command>click</command>
	<target><![CDATA[scLocator=//Portlet[ID="refdata_liqparam_tab_2"]/item[0][Class="VLayout"]/member[Class=DynamicForm||index=0||length=3||classIndex=0||classLength=1]/item[name=%3Cnobr%3ECash%20for%20settlement%3C%24fs%24nobr%3E||title=%3Cnobr%3ECash%20for%20settlement%3C%24fs%24nobr%3E||value=20000000||index=1||Class=TextItem]/element]]></target>
	<value><![CDATA[]]></value>
</selenese>
<selenese>
	<command>waitForElementClickable</command>
	<target><![CDATA[scLocator=//Portlet[ID="refdata_liqparam_tab_2"]/item[0][Class="VLayout"]/member[Class=DynamicForm||index=0||length=3||classIndex=0||classLength=1]/item[name=%3Cnobr%3ECash%20for%20settlement%3C%24fs%24nobr%3E||title=%3Cnobr%3ECash%20for%20settlement%3C%24fs%24nobr%3E||value=0||index=1||Class=TextItem]/element]]></target>
	<value><![CDATA[]]></value>
</selenese>
<selenese>
	<command>type</command>
	<target><![CDATA[scLocator=//Portlet[ID="refdata_liqparam_tab_2"]/item[0][Class="VLayout"]/member[Class=DynamicForm||index=0||length=3||classIndex=0||classLength=1]/item[name=%3Cnobr%3ECash%20for%20settlement%3C%24fs%24nobr%3E||title=%3Cnobr%3ECash%20for%20settlement%3C%24fs%24nobr%3E||value=0||index=1||Class=TextItem]/element]]></target>
	<value><![CDATA[0]]></value>
</selenese>
<selenese>
	<command>waitForElementClickable</command>
	<target><![CDATA[scLocator=//Portlet[ID="refdata_liqparam_tab_2"]/item[0][Class="VLayout"]/member[Class=DynamicForm||index=0||length=3||classIndex=0||classLength=1]/item[name=%3Cnobr%3ECredit%20lines%3C%24fs%24nobr%3E||title=%3Cnobr%3ECredit%20lines%3C%24fs%24nobr%3E||value=1222||index=0||Class=TextItem]/element]]></target>
	<value><![CDATA[]]></value>
</selenese>
<selenese>
	<command>click</command>
	<target><![CDATA[scLocator=//Portlet[ID="refdata_liqparam_tab_2"]/item[0][Class="VLayout"]/member[Class=DynamicForm||index=0||length=3||classIndex=0||classLength=1]/item[name=%3Cnobr%3ECredit%20lines%3C%24fs%24nobr%3E||title=%3Cnobr%3ECredit%20lines%3C%24fs%24nobr%3E||value=1222||index=0||Class=TextItem]/element]]></target>
	<value><![CDATA[]]></value>
</selenese>
<selenese>
	<command>waitForElementClickable</command>
	<target><![CDATA[scLocator=//Portlet[ID="refdata_liqparam_tab_2"]/item[0][Class="VLayout"]/]]></target>
	<value><![CDATA[]]></value>
</selenese>
<selenese>
	<command>click</command>
	<target><![CDATA[scLocator=//Portlet[ID="refdata_liqparam_tab_2"]/item[0][Class="VLayout"]/]]></target>
	<value><![CDATA[]]></value>
</selenese>
<selenese>
	<command>waitForElementClickable</command>
	<target><![CDATA[scLocator=//Portlet[ID="refdata_liqparam_tab_2"]/item[0][Class="VLayout"]/member[Class=DynamicForm||index=0||length=3||classIndex=0||classLength=1]/item[name=%3Cnobr%3ECredit%20lines%3C%24fs%24nobr%3E||title=%3Cnobr%3ECredit%20lines%3C%24fs%24nobr%3E||value=0||index=0||Class=TextItem]/element]]></target>
	<value><![CDATA[]]></value>
</selenese>
<selenese>
	<command>type</command>
	<target><![CDATA[scLocator=//Portlet[ID="refdata_liqparam_tab_2"]/item[0][Class="VLayout"]/member[Class=DynamicForm||index=0||length=3||classIndex=0||classLength=1]/item[name=%3Cnobr%3ECredit%20lines%3C%24fs%24nobr%3E||title=%3Cnobr%3ECredit%20lines%3C%24fs%24nobr%3E||value=0||index=0||Class=TextItem]/element]]></target>
	<value><![CDATA[0]]></value>
</selenese>
<selenese>
	<command>waitForElementClickable</command>
	<target><![CDATA[scLocator=//Portlet[ID="refdata_liqparam_tab_2"]/item[0][Class="VLayout"]/member[Class=HLayout||index=2||length=3||classIndex=0||classLength=1]/member[Class=Button||index=1||length=2||classIndex=0||classLength=1||roleIndex=0||roleLength=1||title=Save||scRole=button]/]]></target>
	<value><![CDATA[]]></value>
</selenese>
<selenese>
	<command>secondClick</command>
	<target><![CDATA[scLocator=//Portlet[ID="refdata_liqparam_tab_2"]/item[0][Class="VLayout"]/member[Class=HLayout||index=2||length=3||classIndex=0||classLength=1]/member[Class=Button||index=1||length=2||classIndex=0||classLength=1||roleIndex=0||roleLength=1||title=Save||scRole=button]/]]></target>
	<value><![CDATA[]]></value>
</selenese>
<selenese>
	<command>waitForElementClickable</command>
	<target><![CDATA[scLocator=//Dialog[ID="isc_globalWarn"]/okButton/]]></target>
	<value><![CDATA[]]></value>
</selenese>
<selenese>
	<command>click</command>
	<target><![CDATA[scLocator=//Dialog[ID="isc_globalWarn"]/okButton/]]></target>
	<value><![CDATA[]]></value>
</selenese>
<selenese>
	<command>waitForElementClickable</command>
	<target><![CDATA[scLocator=//Portlet[ID="refdata_liqparam_tab_2"]/header/member[Class=Img||index=1||length=5||classIndex=0||classLength=1||name=main]/]]></target>
	<value><![CDATA[]]></value>
</selenese>
<selenese>
	<command>click</command>
	<target><![CDATA[scLocator=//Portlet[ID="refdata_liqparam_tab_2"]/header/member[Class=Img||index=1||length=5||classIndex=0||classLength=1||name=main]/]]></target>
	<value><![CDATA[]]></value>
</selenese>
<selenese>
	<command>waitForElementClickable</command>
	<target><![CDATA[scLocator=//Portlet[ID="refdata_liqparam_tab_2"]/header/member[Class=Img||index=1||length=5||classIndex=0||classLength=1||name=main]/]]></target>
	<value><![CDATA[]]></value>
</selenese>
<selenese>
	<command>click</command>
	<target><![CDATA[scLocator=//Portlet[ID="refdata_liqparam_tab_2"]/header/member[Class=Img||index=1||length=5||classIndex=0||classLength=1||name=main]/]]></target>
	<value><![CDATA[]]></value>
</selenese>
<selenese>
	<command>waitForElementClickable</command>
	<target><![CDATA[scLocator=//Portlet[ID="refdata_liqparam_tab_2"]/closeButton/]]></target>
	<value><![CDATA[]]></value>
</selenese>
<selenese>
	<command>click</command>
	<target><![CDATA[scLocator=//Portlet[ID="refdata_liqparam_tab_2"]/closeButton/]]></target>
	<value><![CDATA[]]></value>
</selenese>
</TestCase>