<?xml version="1.0" encoding="UTF-8"?>
<TestCase seleniumIDEVersion="2.9.1" baseURL="https://10.0.10.230:10044/LiqPortalWEB/index.html">
<selenese>
	<command>echo</command>
	<target><![CDATA[]]></target>
	<value><![CDATA[RU04-NUC01-T02.rctest]]></value>
</selenese>
<selenese>
	<command>open</command>
	<target><![CDATA[/LiqPortalWEB/]]></target>
	<value><![CDATA[Liquidity Portal - Data Stage - Cash restit stg. - Filters]]></value>
</selenese>
<selenese>
	<command>type</command>
	<target><![CDATA[id=Username]]></target>
	<value><![CDATA[mpetracc]]></value>
</selenese>
<selenese>
	<command>type</command>
	<target><![CDATA[id=Password]]></target>
	<value><![CDATA[.mpetrac06]]></value>
</selenese>
<selenese>
	<command>clickAndWait</command>
	<target><![CDATA[id=submitLabel]]></target>
	<value><![CDATA[]]></value>
</selenese>
<selenese>
	<command>waitForElementClickable</command>
	<target><![CDATA[scLocator=//Menu[level=1]/body/row[2]/col[fieldName=title||0]]]></target>
	<value><![CDATA[]]></value>
</selenese>
<selenese>
	<command>click</command>
	<target><![CDATA[scLocator=//Menu[level=1]/body/row[2]/col[fieldName=title||0]]]></target>
	<value><![CDATA[]]></value>
</selenese>
<selenese>
	<command>waitForElementClickable</command>
	<target><![CDATA[scLocator=//Portlet[ID="datastaging_restitutions_tab_2"]/maximizeButton/]]></target>
	<value><![CDATA[]]></value>
</selenese>
<selenese>
	<command>click</command>
	<target><![CDATA[scLocator=//Portlet[ID="datastaging_restitutions_tab_2"]/maximizeButton/]]></target>
	<value><![CDATA[]]></value>
</selenese>
<selenese>
	<command>waitForElementClickable</command>
	<target><![CDATA[scLocator=//Portlet[ID="datastaging_restitutions_tab_2"]/item[0][Class="ListGrid"]/filterEditor/editRowForm/item[name=ACC_TYPE||title=Firm%20client||index=3||Class=SelectItem]/[icon="picker"]]]></target>
	<value><![CDATA[]]></value>
</selenese>
<selenese>
	<command>click</command>
	<target><![CDATA[scLocator=//Portlet[ID="datastaging_restitutions_tab_2"]/item[0][Class="ListGrid"]/filterEditor/editRowForm/item[name=ACC_TYPE||title=Firm%20client||index=3||Class=SelectItem]/[icon="picker"]]]></target>
	<value><![CDATA[]]></value>
</selenese>
<selenese>
	<command>waitForElementClickable</command>
	<target><![CDATA[scLocator=//Portlet[ID="datastaging_restitutions_tab_2"]/item[0][Class="ListGrid"]/filterEditor/editRowForm/item[name=ACC_TYPE||title=Firm%20client||index=3||Class=SelectItem]/pickList/body/row[ACC_TYPE=F||1]/col[fieldName=ACC_TYPE||0]]]></target>
	<value><![CDATA[]]></value>
</selenese>
<selenese>
	<command>click</command>
	<target><![CDATA[scLocator=//Portlet[ID="datastaging_restitutions_tab_2"]/item[0][Class="ListGrid"]/filterEditor/editRowForm/item[name=ACC_TYPE||title=Firm%20client||index=3||Class=SelectItem]/pickList/body/row[ACC_TYPE=F||1]/col[fieldName=ACC_TYPE||0]]]></target>
	<value><![CDATA[]]></value>
</selenese>
<selenese>
	<command>waitForElementClickable</command>
	<target><![CDATA[scLocator=//Portlet[ID="datastaging_restitutions_tab_2"]/item[0][Class="ListGrid"]/filterEditor/editRowForm/item[name=REST_TYPE||title=Restitution%20type||index=4||Class=SelectItem]/[icon="picker"]]]></target>
	<value><![CDATA[]]></value>
</selenese>
<selenese>
	<command>click</command>
	<target><![CDATA[scLocator=//Portlet[ID="datastaging_restitutions_tab_2"]/item[0][Class="ListGrid"]/filterEditor/editRowForm/item[name=REST_TYPE||title=Restitution%20type||index=4||Class=SelectItem]/[icon="picker"]]]></target>
	<value><![CDATA[]]></value>
</selenese>
<selenese>
	<command>waitForElementClickable</command>
	<target><![CDATA[scLocator=//Portlet[ID="datastaging_restitutions_tab_2"]/item[0][Class="ListGrid"]/filterEditor/editRowForm/item[name=REST_TYPE||title=Restitution%20type||index=4||Class=SelectItem]/pickList/body/row[REST_TYPE=R||3]/col[fieldName=REST_TYPE||0]]]></target>
	<value><![CDATA[]]></value>
</selenese>
<selenese>
	<command>click</command>
	<target><![CDATA[scLocator=//Portlet[ID="datastaging_restitutions_tab_2"]/item[0][Class="ListGrid"]/filterEditor/editRowForm/item[name=REST_TYPE||title=Restitution%20type||index=4||Class=SelectItem]/pickList/body/row[REST_TYPE=R||3]/col[fieldName=REST_TYPE||0]]]></target>
	<value><![CDATA[]]></value>
</selenese>
<selenese>
	<command>waitForElementClickable</command>
	<target><![CDATA[scLocator=//Portlet[ID="datastaging_restitutions_tab_2"]/item[0][Class="ListGrid"]/filterEditor/actionButton/icon]]></target>
	<value><![CDATA[]]></value>
</selenese>
<selenese>
	<command>click</command>
	<target><![CDATA[scLocator=//Portlet[ID="datastaging_restitutions_tab_2"]/item[0][Class="ListGrid"]/filterEditor/actionButton/icon]]></target>
	<value><![CDATA[]]></value>
</selenese>
<selenese>
	<command>waitForElementClickable</command>
	<target><![CDATA[scLocator=//Portlet[ID="datastaging_restitutions_tab_2"]/item[0][Class="ListGrid"]/body/vscrollbar/peer[Class=SpritedVSimpleScrollThumb||index=0||length=1||classIndex=0||classLength=1||title=%26nbsp%3B||name=main]/]]></target>
	<value><![CDATA[]]></value>
</selenese>
<selenese>
	<command>dragAndDrop</command>
	<target><![CDATA[scLocator=//Portlet[ID="datastaging_restitutions_tab_2"]/item[0][Class="ListGrid"]/body/vscrollbar/peer[Class=SpritedVSimpleScrollThumb||index=0||length=1||classIndex=0||classLength=1||title=%26nbsp%3B||name=main]/]]></target>
	<value><![CDATA[-49,-71]]></value>
</selenese>
<selenese>
	<command>waitForElementClickable</command>
	<target><![CDATA[scLocator=//Portlet[ID="datastaging_restitutions_tab_2"]/item[0][Class="ListGrid"]/filterEditor/editRowForm/item[name=ACC_TYPE||title=Firm%20client||value=F||index=3||Class=SelectItem]/textbox]]></target>
	<value><![CDATA[]]></value>
</selenese>
<selenese>
	<command>click</command>
	<target><![CDATA[scLocator=//Portlet[ID="datastaging_restitutions_tab_2"]/item[0][Class="ListGrid"]/filterEditor/editRowForm/item[name=ACC_TYPE||title=Firm%20client||value=F||index=3||Class=SelectItem]/textbox]]></target>
	<value><![CDATA[]]></value>
</selenese>
<selenese>
	<command>waitForElementClickable</command>
	<target><![CDATA[scLocator=//Portlet[ID="datastaging_restitutions_tab_2"]/item[0][Class="ListGrid"]/filterEditor/editRowForm/item[name=ACC_TYPE||title=Firm%20client||value=F||index=3||Class=SelectItem]/pickList/body/row[ACC_TYPE=C||2]/col[fieldName=ACC_TYPE||0]]]></target>
	<value><![CDATA[]]></value>
</selenese>
<selenese>
	<command>click</command>
	<target><![CDATA[scLocator=//Portlet[ID="datastaging_restitutions_tab_2"]/item[0][Class="ListGrid"]/filterEditor/editRowForm/item[name=ACC_TYPE||title=Firm%20client||value=F||index=3||Class=SelectItem]/pickList/body/row[ACC_TYPE=C||2]/col[fieldName=ACC_TYPE||0]]]></target>
	<value><![CDATA[]]></value>
</selenese>
<selenese>
	<command>waitForElementClickable</command>
	<target><![CDATA[scLocator=//Portlet[ID="datastaging_restitutions_tab_2"]/item[0][Class="ListGrid"]/filterEditor/actionButton/icon]]></target>
	<value><![CDATA[]]></value>
</selenese>
<selenese>
	<command>click</command>
	<target><![CDATA[scLocator=//Portlet[ID="datastaging_restitutions_tab_2"]/item[0][Class="ListGrid"]/filterEditor/actionButton/icon]]></target>
	<value><![CDATA[]]></value>
</selenese>
<selenese>
	<command>waitForElementClickable</command>
	<target><![CDATA[scLocator=//Portlet[ID="datastaging_restitutions_tab_2"]/item[0][Class="ListGrid"]/body/vscrollbar/peer[Class=SpritedVSimpleScrollThumb||index=0||length=1||classIndex=0||classLength=1||title=%26nbsp%3B||name=main]/]]></target>
	<value><![CDATA[]]></value>
</selenese>
<selenese>
	<command>dragAndDrop</command>
	<target><![CDATA[scLocator=//Portlet[ID="datastaging_restitutions_tab_2"]/item[0][Class="ListGrid"]/body/vscrollbar/peer[Class=SpritedVSimpleScrollThumb||index=0||length=1||classIndex=0||classLength=1||title=%26nbsp%3B||name=main]/]]></target>
	<value><![CDATA[+2,+350]]></value>
</selenese>
<selenese>
	<command>waitForElementClickable</command>
	<target><![CDATA[scLocator=//Portlet[ID="datastaging_restitutions_tab_2"]/item[0][Class="ListGrid"]/filterEditor/editRowForm/item[name=REST_TYPE||title=Restitution%20type||value=R||index=4||Class=SelectItem]/[icon="picker"]]]></target>
	<value><![CDATA[]]></value>
</selenese>
<selenese>
	<command>click</command>
	<target><![CDATA[scLocator=//Portlet[ID="datastaging_restitutions_tab_2"]/item[0][Class="ListGrid"]/filterEditor/editRowForm/item[name=REST_TYPE||title=Restitution%20type||value=R||index=4||Class=SelectItem]/[icon="picker"]]]></target>
	<value><![CDATA[]]></value>
</selenese>
<selenese>
	<command>waitForElementClickable</command>
	<target><![CDATA[scLocator=//Portlet[ID="datastaging_restitutions_tab_2"]/item[0][Class="ListGrid"]/filterEditor/editRowForm/item[name=REST_TYPE||title=Restitution%20type||value=R||index=4||Class=SelectItem]/pickList/body/row[REST_TYPE=A||1]/col[fieldName=REST_TYPE||0]]]></target>
	<value><![CDATA[]]></value>
</selenese>
<selenese>
	<command>click</command>
	<target><![CDATA[scLocator=//Portlet[ID="datastaging_restitutions_tab_2"]/item[0][Class="ListGrid"]/filterEditor/editRowForm/item[name=REST_TYPE||title=Restitution%20type||value=R||index=4||Class=SelectItem]/pickList/body/row[REST_TYPE=A||1]/col[fieldName=REST_TYPE||0]]]></target>
	<value><![CDATA[]]></value>
</selenese>
<selenese>
	<command>waitForElementClickable</command>
	<target><![CDATA[scLocator=//Portlet[ID="datastaging_restitutions_tab_2"]/item[0][Class="ListGrid"]/filterEditor/actionButton/icon]]></target>
	<value><![CDATA[]]></value>
</selenese>
<selenese>
	<command>click</command>
	<target><![CDATA[scLocator=//Portlet[ID="datastaging_restitutions_tab_2"]/item[0][Class="ListGrid"]/filterEditor/actionButton/icon]]></target>
	<value><![CDATA[]]></value>
</selenese>
<selenese>
	<command>waitForElementClickable</command>
	<target><![CDATA[scLocator=//Portlet[ID="datastaging_restitutions_tab_2"]/item[0][Class="ListGrid"]/body/row[CALC_DT=Mon May 29 2017 12:00:00 GMT+0200 (W. Europe Standard Time)||CM_CS_ID=1156||ACC_TYPE=C||EXCESS_COLL=7750032.36||1]/col[fieldName=EXCESS_COLL||5]]]></target>
	<value><![CDATA[]]></value>
</selenese>
<selenese>
	<command>click</command>
	<target><![CDATA[scLocator=//Portlet[ID="datastaging_restitutions_tab_2"]/item[0][Class="ListGrid"]/body/row[CALC_DT=Mon May 29 2017 12:00:00 GMT+0200 (W. Europe Standard Time)||CM_CS_ID=1156||ACC_TYPE=C||EXCESS_COLL=7750032.36||1]/col[fieldName=EXCESS_COLL||5]]]></target>
	<value><![CDATA[]]></value>
</selenese>
<selenese>
	<command>waitForElementClickable</command>
	<target><![CDATA[scLocator=//Portlet[ID="datastaging_restitutions_tab_2"]/item[0][Class="ListGrid"]/body/row[CALC_DT=Mon May 29 2017 12:00:00 GMT+0200 (W. Europe Standard Time)||CM_CS_ID=1156||ACC_TYPE=C||EXCESS_COLL=7750032.36||1]/col[fieldName=EXCESS_COLL||5]]]></target>
	<value><![CDATA[]]></value>
</selenese>
<selenese>
	<command>contextMenu</command>
	<target><![CDATA[scLocator=//Portlet[ID="datastaging_restitutions_tab_2"]/item[0][Class="ListGrid"]/body/row[CALC_DT=Mon May 29 2017 12:00:00 GMT+0200 (W. Europe Standard Time)||CM_CS_ID=1156||ACC_TYPE=C||EXCESS_COLL=7750032.36||1]/col[fieldName=EXCESS_COLL||5]]]></target>
	<value><![CDATA[]]></value>
</selenese>
<selenese>
	<command>waitForElementClickable</command>
	<target><![CDATA[scLocator=//Menu[level=0]/body/row[title=Copy||0]/col[fieldName=icon||0]]]></target>
	<value><![CDATA[]]></value>
</selenese>
<selenese>
	<command>click</command>
	<target><![CDATA[scLocator=//Menu[level=0]/body/row[title=Copy||0]/col[fieldName=icon||0]]]></target>
	<value><![CDATA[]]></value>
</selenese>
<selenese>
	<command>waitForElementClickable</command>
	<target><![CDATA[scLocator=//autoID[Class=Dialog||index=30||length=32||classIndex=0||classLength=1||roleIndex=0||roleLength=1||title=Copy%20Cells||scRole=alertdialog]/header/]]></target>
	<value><![CDATA[]]></value>
</selenese>
<selenese>
	<command>click</command>
	<target><![CDATA[scLocator=//autoID[Class=Dialog||index=30||length=32||classIndex=0||classLength=1||roleIndex=0||roleLength=1||title=Copy%20Cells||scRole=alertdialog]/header/]]></target>
	<value><![CDATA[]]></value>
</selenese>
<selenese>
	<command>waitForElementClickable</command>
	<target><![CDATA[scLocator=//autoID[Class=Dialog||index=30||length=32||classIndex=0||classLength=1||roleIndex=0||roleLength=1||title=Copy%20Cells||scRole=alertdialog]/closeButton/]]></target>
	<value><![CDATA[]]></value>
</selenese>
<selenese>
	<command>secondClick</command>
	<target><![CDATA[scLocator=//autoID[Class=Dialog||index=30||length=32||classIndex=0||classLength=1||roleIndex=0||roleLength=1||title=Copy%20Cells||scRole=alertdialog]/closeButton/]]></target>
	<value><![CDATA[]]></value>
</selenese>
<selenese>
	<command>waitForElementClickable</command>
	<target><![CDATA[scLocator=//Portlet[ID="datastaging_restitutions_tab_2"]/header/]]></target>
	<value><![CDATA[]]></value>
</selenese>
<selenese>
	<command>click</command>
	<target><![CDATA[scLocator=//Portlet[ID="datastaging_restitutions_tab_2"]/header/]]></target>
	<value><![CDATA[]]></value>
</selenese>
<selenese>
	<command>waitForElementClickable</command>
	<target><![CDATA[scLocator=//Portlet[ID="datastaging_restitutions_tab_2"]/item[0][Class="ListGrid"]/header/headerButton[fieldName=EXCESS_COLL]/]]></target>
	<value><![CDATA[]]></value>
</selenese>
<selenese>
	<command>secondClick</command>
	<target><![CDATA[scLocator=//Portlet[ID="datastaging_restitutions_tab_2"]/item[0][Class="ListGrid"]/header/headerButton[fieldName=EXCESS_COLL]/]]></target>
	<value><![CDATA[]]></value>
</selenese>
<selenese>
	<command>waitForElementClickable</command>
	<target><![CDATA[scLocator=//ScreenSpan[ID="isc_EH_screenSpan"]/]]></target>
	<value><![CDATA[]]></value>
</selenese>
<selenese>
	<command>click</command>
	<target><![CDATA[scLocator=//ScreenSpan[ID="isc_EH_screenSpan"]/]]></target>
	<value><![CDATA[]]></value>
</selenese>
<selenese>
	<command>waitForElementClickable</command>
	<target><![CDATA[scLocator=//Portlet[ID="datastaging_restitutions_tab_2"]/item[0][Class="ListGrid"]/filterEditor/editRowForm/item[name=EXCESS_COLL||title=Excess%20coll.||index=5||Class=FloatItem]/element]]></target>
	<value><![CDATA[]]></value>
</selenese>
<selenese>
	<command>click</command>
	<target><![CDATA[scLocator=//Portlet[ID="datastaging_restitutions_tab_2"]/item[0][Class="ListGrid"]/filterEditor/editRowForm/item[name=EXCESS_COLL||title=Excess%20coll.||index=5||Class=FloatItem]/element]]></target>
	<value><![CDATA[]]></value>
</selenese>
<selenese>
	<command>waitForElementClickable</command>
	<target><![CDATA[scLocator=//Portlet[ID="datastaging_restitutions_tab_2"]/item[0][Class="ListGrid"]/filterEditor/editRowForm/item[name=EXCESS_COLL||title=Excess%20coll.||value=%3E%227750032.36||index=5||Class=FloatItem]/element]]></target>
	<value><![CDATA[]]></value>
</selenese>
<selenese>
	<command>click</command>
	<target><![CDATA[scLocator=//Portlet[ID="datastaging_restitutions_tab_2"]/item[0][Class="ListGrid"]/filterEditor/editRowForm/item[name=EXCESS_COLL||title=Excess%20coll.||value=%3E%227750032.36||index=5||Class=FloatItem]/element]]></target>
	<value><![CDATA[]]></value>
</selenese>
<selenese>
	<command>waitForElementReadyForKeyPresses</command>
	<target><![CDATA[scLocator=//Portlet[ID="datastaging_restitutions_tab_2"]/item[0][Class="ListGrid"]/filterEditor/editRowForm/item[name=EXCESS_COLL||title=Excess%20coll.||value=%3E7750032.36||index=5||Class=FloatItem]/element]]></target>
	<value><![CDATA[]]></value>
</selenese>
<selenese>
	<command>sendKeys</command>
	<target><![CDATA[scLocator=//Portlet[ID="datastaging_restitutions_tab_2"]/item[0][Class="ListGrid"]/filterEditor/editRowForm/item[name=EXCESS_COLL||title=Excess%20coll.||value=%3E7750032.36||index=5||Class=FloatItem]/element]]></target>
	<value><![CDATA[${KEY_ENTER}]]></value>
</selenese>
<selenese>
	<command>waitForElementClickable</command>
	<target><![CDATA[scLocator=//Portlet[ID="datastaging_restitutions_tab_2"]/item[0][Class="ListGrid"]/filterEditor/editRowForm/item[name=EXCESS_COLL||title=Excess%20coll.||value=%3E7750032.36||index=5||Class=FloatItem]/element]]></target>
	<value><![CDATA[]]></value>
</selenese>
<selenese>
	<command>type</command>
	<target><![CDATA[scLocator=//Portlet[ID="datastaging_restitutions_tab_2"]/item[0][Class="ListGrid"]/filterEditor/editRowForm/item[name=EXCESS_COLL||title=Excess%20coll.||value=%3E7750032.36||index=5||Class=FloatItem]/element]]></target>
	<value><![CDATA[>7750032.36]]></value>
</selenese>
<selenese>
	<command>waitForElementClickable</command>
	<target><![CDATA[scLocator=//Portlet[ID="datastaging_restitutions_tab_2"]/item[0][Class="ListGrid"]/filterEditor/editRowForm/item[name=MAN_REST||title=Man.%20restitution||index=6||Class=FloatItem]/element]]></target>
	<value><![CDATA[]]></value>
</selenese>
<selenese>
	<command>click</command>
	<target><![CDATA[scLocator=//Portlet[ID="datastaging_restitutions_tab_2"]/item[0][Class="ListGrid"]/filterEditor/editRowForm/item[name=MAN_REST||title=Man.%20restitution||index=6||Class=FloatItem]/element]]></target>
	<value><![CDATA[]]></value>
</selenese>
<selenese>
	<command>waitForElementReadyForKeyPresses</command>
	<target><![CDATA[scLocator=//Portlet[ID="datastaging_restitutions_tab_2"]/item[0][Class="ListGrid"]/filterEditor/editRowForm/item[name=MAN_REST||title=Man.%20restitution||value=%3E1000||index=6||Class=FloatItem]/element]]></target>
	<value><![CDATA[]]></value>
</selenese>
<selenese>
	<command>sendKeys</command>
	<target><![CDATA[scLocator=//Portlet[ID="datastaging_restitutions_tab_2"]/item[0][Class="ListGrid"]/filterEditor/editRowForm/item[name=MAN_REST||title=Man.%20restitution||value=%3E1000||index=6||Class=FloatItem]/element]]></target>
	<value><![CDATA[${KEY_ENTER}]]></value>
</selenese>
<selenese>
	<command>waitForElementReadyForKeyPresses</command>
	<target><![CDATA[scLocator=//Portlet[ID="datastaging_restitutions_tab_2"]/item[0][Class="ListGrid"]/filterEditor/editRowForm/item[name=MAN_REST||title=Man.%20restitution||index=6||Class=FloatItem]/element]]></target>
	<value><![CDATA[]]></value>
</selenese>
<selenese>
	<command>sendKeys</command>
	<target><![CDATA[scLocator=//Portlet[ID="datastaging_restitutions_tab_2"]/item[0][Class="ListGrid"]/filterEditor/editRowForm/item[name=MAN_REST||title=Man.%20restitution||index=6||Class=FloatItem]/element]]></target>
	<value><![CDATA[${KEY_ENTER}]]></value>
</selenese>
<selenese>
	<command>waitForElementReadyForKeyPresses</command>
	<target><![CDATA[scLocator=//Portlet[ID="datastaging_restitutions_tab_2"]/item[0][Class="ListGrid"]/filterEditor/editRowForm/item[name=MAN_REST||title=Man.%20restitution||value=%3C%3D0||index=6||Class=FloatItem]/element]]></target>
	<value><![CDATA[]]></value>
</selenese>
<selenese>
	<command>sendKeys</command>
	<target><![CDATA[scLocator=//Portlet[ID="datastaging_restitutions_tab_2"]/item[0][Class="ListGrid"]/filterEditor/editRowForm/item[name=MAN_REST||title=Man.%20restitution||value=%3C%3D0||index=6||Class=FloatItem]/element]]></target>
	<value><![CDATA[${KEY_ENTER}]]></value>
</selenese>
<selenese>
	<command>waitForElementClickable</command>
	<target><![CDATA[scLocator=//Portlet[ID="datastaging_restitutions_tab_2"]/item[0][Class="ListGrid"]/filterEditor/editRowForm/item[name=MAN_REST||title=Man.%20restitution||value=%3C%3D0||index=6||Class=FloatItem]/element]]></target>
	<value><![CDATA[]]></value>
</selenese>
<selenese>
	<command>type</command>
	<target><![CDATA[scLocator=//Portlet[ID="datastaging_restitutions_tab_2"]/item[0][Class="ListGrid"]/filterEditor/editRowForm/item[name=MAN_REST||title=Man.%20restitution||value=%3C%3D0||index=6||Class=FloatItem]/element]]></target>
	<value><![CDATA[<=0]]></value>
</selenese>
<selenese>
	<command>waitForElementClickable</command>
	<target><![CDATA[scLocator=//Portlet[ID="datastaging_restitutions_tab_2"]/item[0][Class="ListGrid"]/filterEditor/actionButton/icon]]></target>
	<value><![CDATA[]]></value>
</selenese>
<selenese>
	<command>click</command>
	<target><![CDATA[scLocator=//Portlet[ID="datastaging_restitutions_tab_2"]/item[0][Class="ListGrid"]/filterEditor/actionButton/icon]]></target>
	<value><![CDATA[]]></value>
</selenese>
<selenese>
	<command>waitForElementClickable</command>
	<target><![CDATA[scLocator=//Portlet[ID="datastaging_restitutions_tab_2"]/item[0][Class="ListGrid"]/filterEditor/editRowForm/item[name=AUT_REST||title=Aut.%20restitution||index=7||Class=FloatItem]/element]]></target>
	<value><![CDATA[]]></value>
</selenese>
<selenese>
	<command>click</command>
	<target><![CDATA[scLocator=//Portlet[ID="datastaging_restitutions_tab_2"]/item[0][Class="ListGrid"]/filterEditor/editRowForm/item[name=AUT_REST||title=Aut.%20restitution||index=7||Class=FloatItem]/element]]></target>
	<value><![CDATA[]]></value>
</selenese>
<selenese>
	<command>waitForElementClickable</command>
	<target><![CDATA[scLocator=//Portlet[ID="datastaging_restitutions_tab_2"]/item[0][Class="ListGrid"]/filterEditor/editRowForm/item[name=MAN_REST||title=Man.%20restitution||value=%3C%3D0||index=6||Class=FloatItem]/element]]></target>
	<value><![CDATA[]]></value>
</selenese>
<selenese>
	<command>click</command>
	<target><![CDATA[scLocator=//Portlet[ID="datastaging_restitutions_tab_2"]/item[0][Class="ListGrid"]/filterEditor/editRowForm/item[name=MAN_REST||title=Man.%20restitution||value=%3C%3D0||index=6||Class=FloatItem]/element]]></target>
	<value><![CDATA[]]></value>
</selenese>
<selenese>
	<command>waitForElementClickable</command>
	<target><![CDATA[scLocator=//Portlet[ID="datastaging_restitutions_tab_2"]/item[0][Class="ListGrid"]/filterEditor/editRowForm/item[name=MAN_REST||title=Man.%20restitution||index=6||Class=FloatItem]/element]]></target>
	<value><![CDATA[]]></value>
</selenese>
<selenese>
	<command>type</command>
	<target><![CDATA[scLocator=//Portlet[ID="datastaging_restitutions_tab_2"]/item[0][Class="ListGrid"]/filterEditor/editRowForm/item[name=MAN_REST||title=Man.%20restitution||index=6||Class=FloatItem]/element]]></target>
	<value><![CDATA[]]></value>
</selenese>
<selenese>
	<command>waitForElementClickable</command>
	<target><![CDATA[scLocator=//Portlet[ID="datastaging_restitutions_tab_2"]/item[0][Class="ListGrid"]/filterEditor/editRowForm/item[name=AUT_REST||title=Aut.%20restitution||index=7||Class=FloatItem]/element]]></target>
	<value><![CDATA[]]></value>
</selenese>
<selenese>
	<command>click</command>
	<target><![CDATA[scLocator=//Portlet[ID="datastaging_restitutions_tab_2"]/item[0][Class="ListGrid"]/filterEditor/editRowForm/item[name=AUT_REST||title=Aut.%20restitution||index=7||Class=FloatItem]/element]]></target>
	<value><![CDATA[]]></value>
</selenese>
<selenese>
	<command>waitForElementReadyForKeyPresses</command>
	<target><![CDATA[scLocator=//Portlet[ID="datastaging_restitutions_tab_2"]/item[0][Class="ListGrid"]/filterEditor/editRowForm/item[name=AUT_REST||title=Aut.%20restitution||value=%3E100||index=7||Class=FloatItem]/element]]></target>
	<value><![CDATA[]]></value>
</selenese>
<selenese>
	<command>sendKeys</command>
	<target><![CDATA[scLocator=//Portlet[ID="datastaging_restitutions_tab_2"]/item[0][Class="ListGrid"]/filterEditor/editRowForm/item[name=AUT_REST||title=Aut.%20restitution||value=%3E100||index=7||Class=FloatItem]/element]]></target>
	<value><![CDATA[${KEY_ENTER}]]></value>
</selenese>
<selenese>
	<command>waitForElementClickable</command>
	<target><![CDATA[scLocator=//Portlet[ID="datastaging_restitutions_tab_2"]/item[0][Class="ListGrid"]/filterEditor/editRowForm/item[name=AUT_REST||title=Aut.%20restitution||value=%3E100||index=7||Class=FloatItem]/element]]></target>
	<value><![CDATA[]]></value>
</selenese>
<selenese>
	<command>type</command>
	<target><![CDATA[scLocator=//Portlet[ID="datastaging_restitutions_tab_2"]/item[0][Class="ListGrid"]/filterEditor/editRowForm/item[name=AUT_REST||title=Aut.%20restitution||value=%3E100||index=7||Class=FloatItem]/element]]></target>
	<value><![CDATA[>100]]></value>
</selenese>
<selenese>
	<command>waitForElementClickable</command>
	<target><![CDATA[scLocator=//Portlet[ID="datastaging_restitutions_tab_2"]/item[0][Class="ListGrid"]/filterEditor/actionButton/icon]]></target>
	<value><![CDATA[]]></value>
</selenese>
<selenese>
	<command>click</command>
	<target><![CDATA[scLocator=//Portlet[ID="datastaging_restitutions_tab_2"]/item[0][Class="ListGrid"]/filterEditor/actionButton/icon]]></target>
	<value><![CDATA[]]></value>
</selenese>
<selenese>
	<command>waitForElementClickable</command>
	<target><![CDATA[scLocator=//Portlet[ID="datastaging_restitutions_tab_2"]/item[0][Class="ListGrid"]/filterEditor/editRowForm/item[name=AUT_REST||title=Aut.%20restitution||value=%3E100||index=7||Class=FloatItem]/element]]></target>
	<value><![CDATA[]]></value>
</selenese>
<selenese>
	<command>click</command>
	<target><![CDATA[scLocator=//Portlet[ID="datastaging_restitutions_tab_2"]/item[0][Class="ListGrid"]/filterEditor/editRowForm/item[name=AUT_REST||title=Aut.%20restitution||value=%3E100||index=7||Class=FloatItem]/element]]></target>
	<value><![CDATA[]]></value>
</selenese>
<selenese>
	<command>waitForElementReadyForKeyPresses</command>
	<target><![CDATA[scLocator=//Portlet[ID="datastaging_restitutions_tab_2"]/item[0][Class="ListGrid"]/filterEditor/editRowForm/item[name=AUT_REST||title=Aut.%20restitution||value=%3E100000||index=7||Class=FloatItem]/element]]></target>
	<value><![CDATA[]]></value>
</selenese>
<selenese>
	<command>sendKeys</command>
	<target><![CDATA[scLocator=//Portlet[ID="datastaging_restitutions_tab_2"]/item[0][Class="ListGrid"]/filterEditor/editRowForm/item[name=AUT_REST||title=Aut.%20restitution||value=%3E100000||index=7||Class=FloatItem]/element]]></target>
	<value><![CDATA[${KEY_ENTER}]]></value>
</selenese>
<selenese>
	<command>waitForElementClickable</command>
	<target><![CDATA[scLocator=//Portlet[ID="datastaging_restitutions_tab_2"]/item[0][Class="ListGrid"]/filterEditor/editRowForm/item[name=AUT_REST||title=Aut.%20restitution||value=%3E100000||index=7||Class=FloatItem]/element]]></target>
	<value><![CDATA[]]></value>
</selenese>
<selenese>
	<command>click</command>
	<target><![CDATA[scLocator=//Portlet[ID="datastaging_restitutions_tab_2"]/item[0][Class="ListGrid"]/filterEditor/editRowForm/item[name=AUT_REST||title=Aut.%20restitution||value=%3E100000||index=7||Class=FloatItem]/element]]></target>
	<value><![CDATA[]]></value>
</selenese>
<selenese>
	<command>waitForElementClickable</command>
	<target><![CDATA[scLocator=//Portlet[ID="datastaging_restitutions_tab_2"]/item[0][Class="ListGrid"]/filterEditor/editRowForm/item[name=AUT_REST||title=Aut.%20restitution||value=%3E1000000000||index=7||Class=FloatItem]/element]]></target>
	<value><![CDATA[]]></value>
</selenese>
<selenese>
	<command>type</command>
	<target><![CDATA[scLocator=//Portlet[ID="datastaging_restitutions_tab_2"]/item[0][Class="ListGrid"]/filterEditor/editRowForm/item[name=AUT_REST||title=Aut.%20restitution||value=%3E1000000000||index=7||Class=FloatItem]/element]]></target>
	<value><![CDATA[>1000000000]]></value>
</selenese>
<selenese>
	<command>waitForElementClickable</command>
	<target><![CDATA[scLocator=//Portlet[ID="datastaging_restitutions_tab_2"]/item[0][Class="ListGrid"]/]]></target>
	<value><![CDATA[]]></value>
</selenese>
<selenese>
	<command>click</command>
	<target><![CDATA[scLocator=//Portlet[ID="datastaging_restitutions_tab_2"]/item[0][Class="ListGrid"]/]]></target>
	<value><![CDATA[]]></value>
</selenese>
<selenese>
	<command>waitForElementClickable</command>
	<target><![CDATA[scLocator=//Portlet[ID="datastaging_restitutions_tab_2"]/item[0][Class="ListGrid"]/filterEditor/actionButton/icon]]></target>
	<value><![CDATA[]]></value>
</selenese>
<selenese>
	<command>click</command>
	<target><![CDATA[scLocator=//Portlet[ID="datastaging_restitutions_tab_2"]/item[0][Class="ListGrid"]/filterEditor/actionButton/icon]]></target>
	<value><![CDATA[]]></value>
</selenese>
<selenese>
	<command>waitForElementClickable</command>
	<target><![CDATA[scLocator=//Portlet[ID="datastaging_restitutions_tab_2"]/item[0][Class="ListGrid"]/filterEditor/editRowForm/item[name=AUT_REST||title=Aut.%20restitution||value=%3E1000000000||index=7||Class=FloatItem]/element]]></target>
	<value><![CDATA[]]></value>
</selenese>
<selenese>
	<command>click</command>
	<target><![CDATA[scLocator=//Portlet[ID="datastaging_restitutions_tab_2"]/item[0][Class="ListGrid"]/filterEditor/editRowForm/item[name=AUT_REST||title=Aut.%20restitution||value=%3E1000000000||index=7||Class=FloatItem]/element]]></target>
	<value><![CDATA[]]></value>
</selenese>
<selenese>
	<command>waitForElementReadyForKeyPresses</command>
	<target><![CDATA[scLocator=//Portlet[ID="datastaging_restitutions_tab_2"]/item[0][Class="ListGrid"]/filterEditor/editRowForm/item[name=AUT_REST||title=Aut.%20restitution||value=%3E100000000||index=7||Class=FloatItem]/element]]></target>
	<value><![CDATA[]]></value>
</selenese>
<selenese>
	<command>sendKeys</command>
	<target><![CDATA[scLocator=//Portlet[ID="datastaging_restitutions_tab_2"]/item[0][Class="ListGrid"]/filterEditor/editRowForm/item[name=AUT_REST||title=Aut.%20restitution||value=%3E100000000||index=7||Class=FloatItem]/element]]></target>
	<value><![CDATA[${KEY_ENTER}]]></value>
</selenese>
<selenese>
	<command>waitForElementClickable</command>
	<target><![CDATA[scLocator=//Portlet[ID="datastaging_restitutions_tab_2"]/item[0][Class="ListGrid"]/filterEditor/editRowForm/item[name=AUT_REST||title=Aut.%20restitution||value=%3E100000000||index=7||Class=FloatItem]/element]]></target>
	<value><![CDATA[]]></value>
</selenese>
<selenese>
	<command>click</command>
	<target><![CDATA[scLocator=//Portlet[ID="datastaging_restitutions_tab_2"]/item[0][Class="ListGrid"]/filterEditor/editRowForm/item[name=AUT_REST||title=Aut.%20restitution||value=%3E100000000||index=7||Class=FloatItem]/element]]></target>
	<value><![CDATA[]]></value>
</selenese>
<selenese>
	<command>waitForElementReadyForKeyPresses</command>
	<target><![CDATA[scLocator=//Portlet[ID="datastaging_restitutions_tab_2"]/item[0][Class="ListGrid"]/filterEditor/editRowForm/item[name=AUT_REST||title=Aut.%20restitution||value=%3E100000000||index=7||Class=FloatItem]/element]]></target>
	<value><![CDATA[]]></value>
</selenese>
<selenese>
	<command>sendKeys</command>
	<target><![CDATA[scLocator=//Portlet[ID="datastaging_restitutions_tab_2"]/item[0][Class="ListGrid"]/filterEditor/editRowForm/item[name=AUT_REST||title=Aut.%20restitution||value=%3E100000000||index=7||Class=FloatItem]/element]]></target>
	<value><![CDATA[${KEY_SHIFT}${KEY_RIGHT}${KEY_SHIFT}]]></value>
</selenese>
<selenese>
	<command>waitForElementReadyForKeyPresses</command>
	<target><![CDATA[scLocator=//Portlet[ID="datastaging_restitutions_tab_2"]/item[0][Class="ListGrid"]/filterEditor/editRowForm/item[name=AUT_REST||title=Aut.%20restitution||value=%3E100000000||index=7||Class=FloatItem]/element]]></target>
	<value><![CDATA[]]></value>
</selenese>
<selenese>
	<command>sendKeys</command>
	<target><![CDATA[scLocator=//Portlet[ID="datastaging_restitutions_tab_2"]/item[0][Class="ListGrid"]/filterEditor/editRowForm/item[name=AUT_REST||title=Aut.%20restitution||value=%3E100000000||index=7||Class=FloatItem]/element]]></target>
	<value><![CDATA[${KEY_SHIFT}${KEY_RIGHT}${KEY_SHIFT}]]></value>
</selenese>
<selenese>
	<command>waitForElementReadyForKeyPresses</command>
	<target><![CDATA[scLocator=//Portlet[ID="datastaging_restitutions_tab_2"]/item[0][Class="ListGrid"]/filterEditor/editRowForm/item[name=AUT_REST||title=Aut.%20restitution||value=%3E100000000||index=7||Class=FloatItem]/element]]></target>
	<value><![CDATA[]]></value>
</selenese>
<selenese>
	<command>sendKeys</command>
	<target><![CDATA[scLocator=//Portlet[ID="datastaging_restitutions_tab_2"]/item[0][Class="ListGrid"]/filterEditor/editRowForm/item[name=AUT_REST||title=Aut.%20restitution||value=%3E100000000||index=7||Class=FloatItem]/element]]></target>
	<value><![CDATA[${KEY_SHIFT}${KEY_RIGHT}${KEY_SHIFT}]]></value>
</selenese>
<selenese>
	<command>waitForElementReadyForKeyPresses</command>
	<target><![CDATA[scLocator=//Portlet[ID="datastaging_restitutions_tab_2"]/item[0][Class="ListGrid"]/filterEditor/editRowForm/item[name=AUT_REST||title=Aut.%20restitution||value=%3E100000000||index=7||Class=FloatItem]/element]]></target>
	<value><![CDATA[]]></value>
</selenese>
<selenese>
	<command>sendKeys</command>
	<target><![CDATA[scLocator=//Portlet[ID="datastaging_restitutions_tab_2"]/item[0][Class="ListGrid"]/filterEditor/editRowForm/item[name=AUT_REST||title=Aut.%20restitution||value=%3E100000000||index=7||Class=FloatItem]/element]]></target>
	<value><![CDATA[${KEY_SHIFT}${KEY_RIGHT}${KEY_SHIFT}]]></value>
</selenese>
<selenese>
	<command>waitForElementReadyForKeyPresses</command>
	<target><![CDATA[scLocator=//Portlet[ID="datastaging_restitutions_tab_2"]/item[0][Class="ListGrid"]/filterEditor/editRowForm/item[name=AUT_REST||title=Aut.%20restitution||value=%3E100000000||index=7||Class=FloatItem]/element]]></target>
	<value><![CDATA[]]></value>
</selenese>
<selenese>
	<command>sendKeys</command>
	<target><![CDATA[scLocator=//Portlet[ID="datastaging_restitutions_tab_2"]/item[0][Class="ListGrid"]/filterEditor/editRowForm/item[name=AUT_REST||title=Aut.%20restitution||value=%3E100000000||index=7||Class=FloatItem]/element]]></target>
	<value><![CDATA[${KEY_SHIFT}${KEY_RIGHT}${KEY_SHIFT}]]></value>
</selenese>
<selenese>
	<command>waitForElementReadyForKeyPresses</command>
	<target><![CDATA[scLocator=//Portlet[ID="datastaging_restitutions_tab_2"]/item[0][Class="ListGrid"]/filterEditor/editRowForm/item[name=AUT_REST||title=Aut.%20restitution||value=%3E100000000||index=7||Class=FloatItem]/element]]></target>
	<value><![CDATA[]]></value>
</selenese>
<selenese>
	<command>sendKeys</command>
	<target><![CDATA[scLocator=//Portlet[ID="datastaging_restitutions_tab_2"]/item[0][Class="ListGrid"]/filterEditor/editRowForm/item[name=AUT_REST||title=Aut.%20restitution||value=%3E100000000||index=7||Class=FloatItem]/element]]></target>
	<value><![CDATA[${KEY_SHIFT}${KEY_RIGHT}${KEY_SHIFT}]]></value>
</selenese>
<selenese>
	<command>waitForElementReadyForKeyPresses</command>
	<target><![CDATA[scLocator=//Portlet[ID="datastaging_restitutions_tab_2"]/item[0][Class="ListGrid"]/filterEditor/editRowForm/item[name=AUT_REST||title=Aut.%20restitution||value=%3E100000000||index=7||Class=FloatItem]/element]]></target>
	<value><![CDATA[]]></value>
</selenese>
<selenese>
	<command>sendKeys</command>
	<target><![CDATA[scLocator=//Portlet[ID="datastaging_restitutions_tab_2"]/item[0][Class="ListGrid"]/filterEditor/editRowForm/item[name=AUT_REST||title=Aut.%20restitution||value=%3E100000000||index=7||Class=FloatItem]/element]]></target>
	<value><![CDATA[${KEY_SHIFT}${KEY_RIGHT}${KEY_SHIFT}]]></value>
</selenese>
<selenese>
	<command>waitForElementReadyForKeyPresses</command>
	<target><![CDATA[scLocator=//Portlet[ID="datastaging_restitutions_tab_2"]/item[0][Class="ListGrid"]/filterEditor/editRowForm/item[name=AUT_REST||title=Aut.%20restitution||value=%3E100000000||index=7||Class=FloatItem]/element]]></target>
	<value><![CDATA[]]></value>
</selenese>
<selenese>
	<command>sendKeys</command>
	<target><![CDATA[scLocator=//Portlet[ID="datastaging_restitutions_tab_2"]/item[0][Class="ListGrid"]/filterEditor/editRowForm/item[name=AUT_REST||title=Aut.%20restitution||value=%3E100000000||index=7||Class=FloatItem]/element]]></target>
	<value><![CDATA[${KEY_SHIFT}${KEY_RIGHT}${KEY_SHIFT}]]></value>
</selenese>
<selenese>
	<command>waitForElementReadyForKeyPresses</command>
	<target><![CDATA[scLocator=//Portlet[ID="datastaging_restitutions_tab_2"]/item[0][Class="ListGrid"]/filterEditor/editRowForm/item[name=AUT_REST||title=Aut.%20restitution||value=%3E100000000||index=7||Class=FloatItem]/element]]></target>
	<value><![CDATA[]]></value>
</selenese>
<selenese>
	<command>sendKeys</command>
	<target><![CDATA[scLocator=//Portlet[ID="datastaging_restitutions_tab_2"]/item[0][Class="ListGrid"]/filterEditor/editRowForm/item[name=AUT_REST||title=Aut.%20restitution||value=%3E100000000||index=7||Class=FloatItem]/element]]></target>
	<value><![CDATA[${KEY_SHIFT}${KEY_RIGHT}${KEY_SHIFT}]]></value>
</selenese>
<selenese>
	<command>waitForElementReadyForKeyPresses</command>
	<target><![CDATA[scLocator=//Portlet[ID="datastaging_restitutions_tab_2"]/item[0][Class="ListGrid"]/filterEditor/editRowForm/item[name=AUT_REST||title=Aut.%20restitution||value=%3E100000000||index=7||Class=FloatItem]/element]]></target>
	<value><![CDATA[]]></value>
</selenese>
<selenese>
	<command>sendKeys</command>
	<target><![CDATA[scLocator=//Portlet[ID="datastaging_restitutions_tab_2"]/item[0][Class="ListGrid"]/filterEditor/editRowForm/item[name=AUT_REST||title=Aut.%20restitution||value=%3E100000000||index=7||Class=FloatItem]/element]]></target>
	<value><![CDATA[${KEY_LEFT}]]></value>
</selenese>
<selenese>
	<command>waitForElementReadyForKeyPresses</command>
	<target><![CDATA[scLocator=//Portlet[ID="datastaging_restitutions_tab_2"]/item[0][Class="ListGrid"]/filterEditor/editRowForm/item[name=AUT_REST||title=Aut.%20restitution||value=%3E100000000||index=7||Class=FloatItem]/element]]></target>
	<value><![CDATA[]]></value>
</selenese>
<selenese>
	<command>sendKeys</command>
	<target><![CDATA[scLocator=//Portlet[ID="datastaging_restitutions_tab_2"]/item[0][Class="ListGrid"]/filterEditor/editRowForm/item[name=AUT_REST||title=Aut.%20restitution||value=%3E100000000||index=7||Class=FloatItem]/element]]></target>
	<value><![CDATA[${KEY_RIGHT}]]></value>
</selenese>
<selenese>
	<command>waitForElementReadyForKeyPresses</command>
	<target><![CDATA[scLocator=//Portlet[ID="datastaging_restitutions_tab_2"]/item[0][Class="ListGrid"]/filterEditor/editRowForm/item[name=AUT_REST||title=Aut.%20restitution||value=%3E1000000000||index=7||Class=FloatItem]/element]]></target>
	<value><![CDATA[]]></value>
</selenese>
<selenese>
	<command>sendKeys</command>
	<target><![CDATA[scLocator=//Portlet[ID="datastaging_restitutions_tab_2"]/item[0][Class="ListGrid"]/filterEditor/editRowForm/item[name=AUT_REST||title=Aut.%20restitution||value=%3E1000000000||index=7||Class=FloatItem]/element]]></target>
	<value><![CDATA[${KEY_ENTER}]]></value>
</selenese>
<selenese>
	<command>waitForElementReadyForKeyPresses</command>
	<target><![CDATA[scLocator=//Portlet[ID="datastaging_restitutions_tab_2"]/item[0][Class="ListGrid"]/filterEditor/editRowForm/item[name=AUT_REST||title=Aut.%20restitution||value=%3E100000000||index=7||Class=FloatItem]/element]]></target>
	<value><![CDATA[]]></value>
</selenese>
<selenese>
	<command>sendKeys</command>
	<target><![CDATA[scLocator=//Portlet[ID="datastaging_restitutions_tab_2"]/item[0][Class="ListGrid"]/filterEditor/editRowForm/item[name=AUT_REST||title=Aut.%20restitution||value=%3E100000000||index=7||Class=FloatItem]/element]]></target>
	<value><![CDATA[${KEY_ENTER}]]></value>
</selenese>
<selenese>
	<command>waitForElementReadyForKeyPresses</command>
	<target><![CDATA[scLocator=//Portlet[ID="datastaging_restitutions_tab_2"]/item[0][Class="ListGrid"]/filterEditor/editRowForm/item[name=AUT_REST||title=Aut.%20restitution||value=%3E100000000||index=7||Class=FloatItem]/element]]></target>
	<value><![CDATA[]]></value>
</selenese>
<selenese>
	<command>sendKeys</command>
	<target><![CDATA[scLocator=//Portlet[ID="datastaging_restitutions_tab_2"]/item[0][Class="ListGrid"]/filterEditor/editRowForm/item[name=AUT_REST||title=Aut.%20restitution||value=%3E100000000||index=7||Class=FloatItem]/element]]></target>
	<value><![CDATA[${KEY_RIGHT}]]></value>
</selenese>
<selenese>
	<command>waitForElementReadyForKeyPresses</command>
	<target><![CDATA[scLocator=//Portlet[ID="datastaging_restitutions_tab_2"]/item[0][Class="ListGrid"]/filterEditor/editRowForm/item[name=AUT_REST||title=Aut.%20restitution||value=%3E100000000||index=7||Class=FloatItem]/element]]></target>
	<value><![CDATA[]]></value>
</selenese>
<selenese>
	<command>sendKeys</command>
	<target><![CDATA[scLocator=//Portlet[ID="datastaging_restitutions_tab_2"]/item[0][Class="ListGrid"]/filterEditor/editRowForm/item[name=AUT_REST||title=Aut.%20restitution||value=%3E100000000||index=7||Class=FloatItem]/element]]></target>
	<value><![CDATA[${KEY_RIGHT}]]></value>
</selenese>
<selenese>
	<command>waitForElementReadyForKeyPresses</command>
	<target><![CDATA[scLocator=//Portlet[ID="datastaging_restitutions_tab_2"]/item[0][Class="ListGrid"]/filterEditor/editRowForm/item[name=AUT_REST||title=Aut.%20restitution||value=%3E10000000||index=7||Class=FloatItem]/element]]></target>
	<value><![CDATA[]]></value>
</selenese>
<selenese>
	<command>sendKeys</command>
	<target><![CDATA[scLocator=//Portlet[ID="datastaging_restitutions_tab_2"]/item[0][Class="ListGrid"]/filterEditor/editRowForm/item[name=AUT_REST||title=Aut.%20restitution||value=%3E10000000||index=7||Class=FloatItem]/element]]></target>
	<value><![CDATA[${KEY_ENTER}]]></value>
</selenese>
<selenese>
	<command>waitForElementClickable</command>
	<target><![CDATA[scLocator=//Portlet[ID="datastaging_restitutions_tab_2"]/item[0][Class="ListGrid"]/filterEditor/editRowForm/item[name=AUT_REST||title=Aut.%20restitution||value=%3E10000000||index=7||Class=FloatItem]/element]]></target>
	<value><![CDATA[]]></value>
</selenese>
<selenese>
	<command>type</command>
	<target><![CDATA[scLocator=//Portlet[ID="datastaging_restitutions_tab_2"]/item[0][Class="ListGrid"]/filterEditor/editRowForm/item[name=AUT_REST||title=Aut.%20restitution||value=%3E10000000||index=7||Class=FloatItem]/element]]></target>
	<value><![CDATA[>10000000]]></value>
</selenese>
<selenese>
	<command>waitForElementClickable</command>
	<target><![CDATA[scLocator=//Portlet[ID="datastaging_restitutions_tab_2"]/item[0][Class="ListGrid"]/filterEditor/editRowForm/item[name=EXCESS_COLL||title=Excess%20coll.||value=%3E7750032.36||index=5||Class=FloatItem]/element]]></target>
	<value><![CDATA[]]></value>
</selenese>
<selenese>
	<command>click</command>
	<target><![CDATA[scLocator=//Portlet[ID="datastaging_restitutions_tab_2"]/item[0][Class="ListGrid"]/filterEditor/editRowForm/item[name=EXCESS_COLL||title=Excess%20coll.||value=%3E7750032.36||index=5||Class=FloatItem]/element]]></target>
	<value><![CDATA[]]></value>
</selenese>
<selenese>
	<command>waitForElementReadyForKeyPresses</command>
	<target><![CDATA[scLocator=//Portlet[ID="datastaging_restitutions_tab_2"]/item[0][Class="ListGrid"]/filterEditor/editRowForm/item[name=EXCESS_COLL||title=Excess%20coll.||index=5||Class=FloatItem]/element]]></target>
	<value><![CDATA[]]></value>
</selenese>
<selenese>
	<command>sendKeys</command>
	<target><![CDATA[scLocator=//Portlet[ID="datastaging_restitutions_tab_2"]/item[0][Class="ListGrid"]/filterEditor/editRowForm/item[name=EXCESS_COLL||title=Excess%20coll.||index=5||Class=FloatItem]/element]]></target>
	<value><![CDATA[${KEY_ENTER}]]></value>
</selenese>
<selenese>
	<command>waitForElementClickable</command>
	<target><![CDATA[scLocator=//Portlet[ID="datastaging_restitutions_tab_2"]/item[0][Class="ListGrid"]/filterEditor/editRowForm/item[name=EXCESS_COLL||title=Excess%20coll.||index=5||Class=FloatItem]/element]]></target>
	<value><![CDATA[]]></value>
</selenese>
<selenese>
	<command>type</command>
	<target><![CDATA[scLocator=//Portlet[ID="datastaging_restitutions_tab_2"]/item[0][Class="ListGrid"]/filterEditor/editRowForm/item[name=EXCESS_COLL||title=Excess%20coll.||index=5||Class=FloatItem]/element]]></target>
	<value><![CDATA[]]></value>
</selenese>
<selenese>
	<command>waitForElementClickable</command>
	<target><![CDATA[scLocator=//Portlet[ID="datastaging_restitutions_tab_2"]/item[0][Class="ListGrid"]/filterEditor/editRowForm/item[name=REST_TYPE||title=Restitution%20type||value=A||index=4||Class=SelectItem]/[icon="picker"]]]></target>
	<value><![CDATA[]]></value>
</selenese>
<selenese>
	<command>click</command>
	<target><![CDATA[scLocator=//Portlet[ID="datastaging_restitutions_tab_2"]/item[0][Class="ListGrid"]/filterEditor/editRowForm/item[name=REST_TYPE||title=Restitution%20type||value=A||index=4||Class=SelectItem]/[icon="picker"]]]></target>
	<value><![CDATA[]]></value>
</selenese>
<selenese>
	<command>waitForElementClickable</command>
	<target><![CDATA[scLocator=//Portlet[ID="datastaging_restitutions_tab_2"]/item[0][Class="ListGrid"]/filterEditor/editRowForm/item[name=REST_TYPE||title=Restitution%20type||value=A||index=4||Class=SelectItem]/pickList/body/row[REST_TYPE=M||2]/col[fieldName=REST_TYPE||0]]]></target>
	<value><![CDATA[]]></value>
</selenese>
<selenese>
	<command>click</command>
	<target><![CDATA[scLocator=//Portlet[ID="datastaging_restitutions_tab_2"]/item[0][Class="ListGrid"]/filterEditor/editRowForm/item[name=REST_TYPE||title=Restitution%20type||value=A||index=4||Class=SelectItem]/pickList/body/row[REST_TYPE=M||2]/col[fieldName=REST_TYPE||0]]]></target>
	<value><![CDATA[]]></value>
</selenese>
<selenese>
	<command>waitForElementClickable</command>
	<target><![CDATA[scLocator=//Portlet[ID="datastaging_restitutions_tab_2"]/item[0][Class="ListGrid"]/filterEditor/editRowForm/item[name=REST_TYPE||title=Restitution%20type||value=M||index=4||Class=SelectItem]/textbox]]></target>
	<value><![CDATA[]]></value>
</selenese>
<selenese>
	<command>sendKeys</command>
	<target><![CDATA[scLocator=//Portlet[ID="datastaging_restitutions_tab_2"]/item[0][Class="ListGrid"]/filterEditor/editRowForm/item[name=REST_TYPE||title=Restitution%20type||value=M||index=4||Class=SelectItem]/textbox]]></target>
	<value><![CDATA[${KEY_ENTER}]]></value>
</selenese>
<selenese>
	<command>waitForElementClickable</command>
	<target><![CDATA[scLocator=//Portlet[ID="datastaging_restitutions_tab_2"]/item[0][Class="ListGrid"]/filterEditor/editRowForm/item[title=Calc.%20date||index=0||Class=MiniDateRangeItem]/[icon="showDateRange"]]]></target>
	<value><![CDATA[]]></value>
</selenese>
<selenese>
	<command>click</command>
	<target><![CDATA[scLocator=//Portlet[ID="datastaging_restitutions_tab_2"]/item[0][Class="ListGrid"]/filterEditor/editRowForm/item[title=Calc.%20date||index=0||Class=MiniDateRangeItem]/[icon="showDateRange"]]]></target>
	<value><![CDATA[]]></value>
</selenese>
<selenese>
	<command>waitForElementClickable</command>
	<target><![CDATA[scLocator=//Portlet[ID="datastaging_restitutions_tab_2"]/item[0][Class="ListGrid"]/filterEditor/editRowForm/item[title=Calc.%20date||index=0||Class=MiniDateRangeItem]/rangeDialog/rangeForm/item[name=CALC_DT||title=CALC_DT||index=0||Class=DateRangeItem]/dateRangeForm/item[name=fromField||title=From||index=0||Class=RelativeDateItem]/editor/item[name=iconPlaceholder||title=iconPlaceholder||index=2||Class=StaticTextItem]/[icon="chooserIcon"]]]></target>
	<value><![CDATA[]]></value>
</selenese>
<selenese>
	<command>click</command>
	<target><![CDATA[scLocator=//Portlet[ID="datastaging_restitutions_tab_2"]/item[0][Class="ListGrid"]/filterEditor/editRowForm/item[title=Calc.%20date||index=0||Class=MiniDateRangeItem]/rangeDialog/rangeForm/item[name=CALC_DT||title=CALC_DT||index=0||Class=DateRangeItem]/dateRangeForm/item[name=fromField||title=From||index=0||Class=RelativeDateItem]/editor/item[name=iconPlaceholder||title=iconPlaceholder||index=2||Class=StaticTextItem]/[icon="chooserIcon"]]]></target>
	<value><![CDATA[]]></value>
</selenese>
<selenese>
	<command>waitForElementClickable</command>
	<target><![CDATA[scLocator=//autoID[Class=DateChooser||index=57||length=60||classIndex=0||classLength=1]/dateGrid/body/row[Mon=Mon May 08 2017 12:00:00 GMT+0200 (W. Europe Standard Time)||1]/col[fieldName=Mon||1]]]></target>
	<value><![CDATA[]]></value>
</selenese>
<selenese>
	<command>click</command>
	<target><![CDATA[scLocator=//autoID[Class=DateChooser||index=57||length=60||classIndex=0||classLength=1]/dateGrid/body/row[Mon=Mon May 08 2017 12:00:00 GMT+0200 (W. Europe Standard Time)||1]/col[fieldName=Mon||1]]]></target>
	<value><![CDATA[]]></value>
</selenese>
<selenese>
	<command>waitForElementClickable</command>
	<target><![CDATA[scLocator=//Portlet[ID="datastaging_restitutions_tab_2"]/item[0][Class="ListGrid"]/filterEditor/editRowForm/item[title=Calc.%20date||value=[object Object]||index=0||Class=MiniDateRangeItem]/rangeDialog/rangeForm/item[name=CALC_DT||title=CALC_DT||value=[object Object]||index=0||Class=DateRangeItem]/dateRangeForm/item[name=toField||title=To||index=1||Class=RelativeDateItem]/editor/item[name=valueField||title=valueField||index=0||Class=ComboBoxItem]/[icon="picker"]]]></target>
	<value><![CDATA[]]></value>
</selenese>
<selenese>
	<command>click</command>
	<target><![CDATA[scLocator=//Portlet[ID="datastaging_restitutions_tab_2"]/item[0][Class="ListGrid"]/filterEditor/editRowForm/item[title=Calc.%20date||value=[object Object]||index=0||Class=MiniDateRangeItem]/rangeDialog/rangeForm/item[name=CALC_DT||title=CALC_DT||value=[object Object]||index=0||Class=DateRangeItem]/dateRangeForm/item[name=toField||title=To||index=1||Class=RelativeDateItem]/editor/item[name=valueField||title=valueField||index=0||Class=ComboBoxItem]/[icon="picker"]]]></target>
	<value><![CDATA[]]></value>
</selenese>
<selenese>
	<command>waitForElementClickable</command>
	<target><![CDATA[scLocator=//Portlet[ID="datastaging_restitutions_tab_2"]/item[0][Class="ListGrid"]/filterEditor/editRowForm/item[title=Calc.%20date||value=[object Object]||index=0||Class=MiniDateRangeItem]/rangeDialog/rangeForm/item[name=CALC_DT||title=CALC_DT||value=[object Object]||index=0||Class=DateRangeItem]/dateRangeForm/item[name=toField||title=To||index=1||Class=RelativeDateItem]/editor/item[name=valueField||title=valueField||index=0||Class=ComboBoxItem]/pickList/body/row[valueField=%24today||0]/col[fieldName=valueField||0]]]></target>
	<value><![CDATA[]]></value>
</selenese>
<selenese>
	<command>click</command>
	<target><![CDATA[scLocator=//Portlet[ID="datastaging_restitutions_tab_2"]/item[0][Class="ListGrid"]/filterEditor/editRowForm/item[title=Calc.%20date||value=[object Object]||index=0||Class=MiniDateRangeItem]/rangeDialog/rangeForm/item[name=CALC_DT||title=CALC_DT||value=[object Object]||index=0||Class=DateRangeItem]/dateRangeForm/item[name=toField||title=To||index=1||Class=RelativeDateItem]/editor/item[name=valueField||title=valueField||index=0||Class=ComboBoxItem]/pickList/body/row[valueField=%24today||0]/col[fieldName=valueField||0]]]></target>
	<value><![CDATA[]]></value>
</selenese>
<selenese>
	<command>waitForElementClickable</command>
	<target><![CDATA[scLocator=//Portlet[ID="datastaging_restitutions_tab_2"]/item[0][Class="ListGrid"]/filterEditor/editRowForm/item[title=Calc.%20date||value=[object Object]||index=0||Class=MiniDateRangeItem]/rangeDialog/okButton/]]></target>
	<value><![CDATA[]]></value>
</selenese>
<selenese>
	<command>secondClick</command>
	<target><![CDATA[scLocator=//Portlet[ID="datastaging_restitutions_tab_2"]/item[0][Class="ListGrid"]/filterEditor/editRowForm/item[title=Calc.%20date||value=[object Object]||index=0||Class=MiniDateRangeItem]/rangeDialog/okButton/]]></target>
	<value><![CDATA[]]></value>
</selenese>
<selenese>
	<command>waitForElementClickable</command>
	<target><![CDATA[scLocator=//Portlet[ID="datastaging_restitutions_tab_2"]/item[0][Class="ListGrid"]/filterEditor/editRowForm/item[title=Calc.%20date||value=[object Object]||index=0||Class=MiniDateRangeItem]/[icon="showDateRange"]]]></target>
	<value><![CDATA[]]></value>
</selenese>
<selenese>
	<command>sendKeys</command>
	<target><![CDATA[scLocator=//Portlet[ID="datastaging_restitutions_tab_2"]/item[0][Class="ListGrid"]/filterEditor/editRowForm/item[title=Calc.%20date||value=[object Object]||index=0||Class=MiniDateRangeItem]/[icon="showDateRange"]]]></target>
	<value><![CDATA[${KEY_ENTER}]]></value>
</selenese>
<selenese>
	<command>waitForElementClickable</command>
	<target><![CDATA[scLocator=//Portlet[ID="datastaging_restitutions_tab_2"]/item[0][Class="ListGrid"]/filterEditor/editRowForm/item[title=Calc.%20date||value=[object Object]||index=0||Class=MiniDateRangeItem]/rangeDialog/closeButton/]]></target>
	<value><![CDATA[]]></value>
</selenese>
<selenese>
	<command>click</command>
	<target><![CDATA[scLocator=//Portlet[ID="datastaging_restitutions_tab_2"]/item[0][Class="ListGrid"]/filterEditor/editRowForm/item[title=Calc.%20date||value=[object Object]||index=0||Class=MiniDateRangeItem]/rangeDialog/closeButton/]]></target>
	<value><![CDATA[]]></value>
</selenese>
<selenese>
	<command>waitForElementClickable</command>
	<target><![CDATA[scLocator=//Portlet[ID="datastaging_restitutions_tab_2"]/item[0][Class="ListGrid"]/filterEditor/editRowForm/item[name=ACC_TYPE||title=Firm%20client||value=C||index=3||Class=SelectItem]/[icon="picker"]]]></target>
	<value><![CDATA[]]></value>
</selenese>
<selenese>
	<command>click</command>
	<target><![CDATA[scLocator=//Portlet[ID="datastaging_restitutions_tab_2"]/item[0][Class="ListGrid"]/filterEditor/editRowForm/item[name=ACC_TYPE||title=Firm%20client||value=C||index=3||Class=SelectItem]/[icon="picker"]]]></target>
	<value><![CDATA[]]></value>
</selenese>
<selenese>
	<command>waitForElementClickable</command>
	<target><![CDATA[scLocator=//Portlet[ID="datastaging_restitutions_tab_2"]/item[0][Class="ListGrid"]/filterEditor/editRowForm/item[name=ACC_TYPE||title=Firm%20client||value=C||index=3||Class=SelectItem]/pickList/body/row[0]/col[fieldName=ACC_TYPE||0]]]></target>
	<value><![CDATA[]]></value>
</selenese>
<selenese>
	<command>click</command>
	<target><![CDATA[scLocator=//Portlet[ID="datastaging_restitutions_tab_2"]/item[0][Class="ListGrid"]/filterEditor/editRowForm/item[name=ACC_TYPE||title=Firm%20client||value=C||index=3||Class=SelectItem]/pickList/body/row[0]/col[fieldName=ACC_TYPE||0]]]></target>
	<value><![CDATA[]]></value>
</selenese>
<selenese>
	<command>waitForElementClickable</command>
	<target><![CDATA[scLocator=//Portlet[ID="datastaging_restitutions_tab_2"]/item[0][Class="ListGrid"]/filterEditor/editRowForm/item[name=ACC_TYPE||title=Firm%20client||index=3||Class=SelectItem]/textbox]]></target>
	<value><![CDATA[]]></value>
</selenese>
<selenese>
	<command>sendKeys</command>
	<target><![CDATA[scLocator=//Portlet[ID="datastaging_restitutions_tab_2"]/item[0][Class="ListGrid"]/filterEditor/editRowForm/item[name=ACC_TYPE||title=Firm%20client||index=3||Class=SelectItem]/textbox]]></target>
	<value><![CDATA[${KEY_ENTER}]]></value>
</selenese>
<selenese>
	<command>waitForElementClickable</command>
	<target><![CDATA[scLocator=//Portlet[ID="datastaging_restitutions_tab_2"]/item[0][Class="ListGrid"]/filterEditor/editRowForm/item[name=AUT_REST||title=Aut.%20restitution||value=%3E10000000||index=7||Class=FloatItem]/element]]></target>
	<value><![CDATA[]]></value>
</selenese>
<selenese>
	<command>click</command>
	<target><![CDATA[scLocator=//Portlet[ID="datastaging_restitutions_tab_2"]/item[0][Class="ListGrid"]/filterEditor/editRowForm/item[name=AUT_REST||title=Aut.%20restitution||value=%3E10000000||index=7||Class=FloatItem]/element]]></target>
	<value><![CDATA[]]></value>
</selenese>
<selenese>
	<command>waitForElementReadyForKeyPresses</command>
	<target><![CDATA[scLocator=//Portlet[ID="datastaging_restitutions_tab_2"]/item[0][Class="ListGrid"]/filterEditor/editRowForm/item[name=AUT_REST||title=Aut.%20restitution||index=7||Class=FloatItem]/element]]></target>
	<value><![CDATA[]]></value>
</selenese>
<selenese>
	<command>sendKeys</command>
	<target><![CDATA[scLocator=//Portlet[ID="datastaging_restitutions_tab_2"]/item[0][Class="ListGrid"]/filterEditor/editRowForm/item[name=AUT_REST||title=Aut.%20restitution||index=7||Class=FloatItem]/element]]></target>
	<value><![CDATA[${KEY_ENTER}]]></value>
</selenese>
<selenese>
	<command>waitForElementClickable</command>
	<target><![CDATA[scLocator=//Portlet[ID="datastaging_restitutions_tab_2"]/item[0][Class="ListGrid"]/filterEditor/editRowForm/item[name=AUT_REST||title=Aut.%20restitution||index=7||Class=FloatItem]/element]]></target>
	<value><![CDATA[]]></value>
</selenese>
<selenese>
	<command>type</command>
	<target><![CDATA[scLocator=//Portlet[ID="datastaging_restitutions_tab_2"]/item[0][Class="ListGrid"]/filterEditor/editRowForm/item[name=AUT_REST||title=Aut.%20restitution||index=7||Class=FloatItem]/element]]></target>
	<value><![CDATA[]]></value>
</selenese>
<selenese>
	<command>waitForElementClickable</command>
	<target><![CDATA[scLocator=//Portlet[ID="datastaging_restitutions_tab_2"]/item[0][Class="ListGrid"]/filterEditor/editRowForm/item[name=REST_TYPE||title=Restitution%20type||value=M||index=4||Class=SelectItem]/[icon="picker"]]]></target>
	<value><![CDATA[]]></value>
</selenese>
<selenese>
	<command>click</command>
	<target><![CDATA[scLocator=//Portlet[ID="datastaging_restitutions_tab_2"]/item[0][Class="ListGrid"]/filterEditor/editRowForm/item[name=REST_TYPE||title=Restitution%20type||value=M||index=4||Class=SelectItem]/[icon="picker"]]]></target>
	<value><![CDATA[]]></value>
</selenese>
<selenese>
	<command>waitForElementClickable</command>
	<target><![CDATA[scLocator=//Portlet[ID="datastaging_restitutions_tab_2"]/item[0][Class="ListGrid"]/filterEditor/editRowForm/item[name=REST_TYPE||title=Restitution%20type||value=M||index=4||Class=SelectItem]/pickList/body/row[0]/col[fieldName=REST_TYPE||0]]]></target>
	<value><![CDATA[]]></value>
</selenese>
<selenese>
	<command>click</command>
	<target><![CDATA[scLocator=//Portlet[ID="datastaging_restitutions_tab_2"]/item[0][Class="ListGrid"]/filterEditor/editRowForm/item[name=REST_TYPE||title=Restitution%20type||value=M||index=4||Class=SelectItem]/pickList/body/row[0]/col[fieldName=REST_TYPE||0]]]></target>
	<value><![CDATA[]]></value>
</selenese>
<selenese>
	<command>waitForElementClickable</command>
	<target><![CDATA[scLocator=//Portlet[ID="datastaging_restitutions_tab_2"]/item[0][Class="ListGrid"]/filterEditor/editRowForm/item[name=REST_TYPE||title=Restitution%20type||index=4||Class=SelectItem]/textbox]]></target>
	<value><![CDATA[]]></value>
</selenese>
<selenese>
	<command>sendKeys</command>
	<target><![CDATA[scLocator=//Portlet[ID="datastaging_restitutions_tab_2"]/item[0][Class="ListGrid"]/filterEditor/editRowForm/item[name=REST_TYPE||title=Restitution%20type||index=4||Class=SelectItem]/textbox]]></target>
	<value><![CDATA[${KEY_ENTER}]]></value>
</selenese>
<selenese>
	<command>waitForElementClickable</command>
	<target><![CDATA[scLocator=//Portlet[ID="datastaging_restitutions_tab_2"]/item[0][Class="ListGrid"]/body/vscrollbar/peer[Class=SpritedVSimpleScrollThumb||index=0||length=1||classIndex=0||classLength=1||title=%26nbsp%3B||name=main]/]]></target>
	<value><![CDATA[]]></value>
</selenese>
<selenese>
	<command>dragAndDrop</command>
	<target><![CDATA[scLocator=//Portlet[ID="datastaging_restitutions_tab_2"]/item[0][Class="ListGrid"]/body/vscrollbar/peer[Class=SpritedVSimpleScrollThumb||index=0||length=1||classIndex=0||classLength=1||title=%26nbsp%3B||name=main]/]]></target>
	<value><![CDATA[-14,+105]]></value>
</selenese>
<selenese>
	<command>waitForElementClickable</command>
	<target><![CDATA[scLocator=//Portlet[ID="datastaging_restitutions_tab_2"]/item[0][Class="ListGrid"]/body/vscrollbar/peer[Class=SpritedVSimpleScrollThumb||index=0||length=1||classIndex=0||classLength=1||title=%26nbsp%3B||name=main]/]]></target>
	<value><![CDATA[]]></value>
</selenese>
<selenese>
	<command>dragAndDrop</command>
	<target><![CDATA[scLocator=//Portlet[ID="datastaging_restitutions_tab_2"]/item[0][Class="ListGrid"]/body/vscrollbar/peer[Class=SpritedVSimpleScrollThumb||index=0||length=1||classIndex=0||classLength=1||title=%26nbsp%3B||name=main]/]]></target>
	<value><![CDATA[+2,-59]]></value>
</selenese>
<selenese>
	<command>waitForElementClickable</command>
	<target><![CDATA[scLocator=//Portlet[ID="datastaging_restitutions_tab_2"]/item[0][Class="ListGrid"]/body/vscrollbar/peer[Class=SpritedVSimpleScrollThumb||index=0||length=1||classIndex=0||classLength=1||title=%26nbsp%3B||name=main]/]]></target>
	<value><![CDATA[]]></value>
</selenese>
<selenese>
	<command>dragAndDrop</command>
	<target><![CDATA[scLocator=//Portlet[ID="datastaging_restitutions_tab_2"]/item[0][Class="ListGrid"]/body/vscrollbar/peer[Class=SpritedVSimpleScrollThumb||index=0||length=1||classIndex=0||classLength=1||title=%26nbsp%3B||name=main]/]]></target>
	<value><![CDATA[+3,-77]]></value>
</selenese>
<selenese>
	<command>waitForElementClickable</command>
	<target><![CDATA[scLocator=//Portlet[ID="datastaging_restitutions_tab_2"]/item[0][Class="ListGrid"]/header/headerButton[fieldName=CALC_DT]/]]></target>
	<value><![CDATA[]]></value>
</selenese>
<selenese>
	<command>click</command>
	<target><![CDATA[scLocator=//Portlet[ID="datastaging_restitutions_tab_2"]/item[0][Class="ListGrid"]/header/headerButton[fieldName=CALC_DT]/]]></target>
	<value><![CDATA[]]></value>
</selenese>
</TestCase>