<?xml version="1.0" encoding="UTF-8"?>
<TestCase seleniumIDEVersion="2.9.1" baseURL="https://10.0.10.230:10044/LiqPortalWEB/index.html">
<selenese>
	<command>echo</command>
	<target><![CDATA[]]></target>
	<value><![CDATA[RU08-NUC01-T02.rctest]]></value>
</selenese>
<selenese>
	<command>open</command>
	<target><![CDATA[/LiqPortalWEB/]]></target>
	<value><![CDATA[Liquidity Portal - Data Stage - Default fund stg. - Filters]]></value>
</selenese>
<selenese>
	<command>type</command>
	<target><![CDATA[id=Username]]></target>
	<value><![CDATA[mpetracc]]></value>
</selenese>
<selenese>
	<command>type</command>
	<target><![CDATA[id=Password]]></target>
	<value><![CDATA[.mpetrac06]]></value>
</selenese>
<selenese>
	<command>clickAndWait</command>
	<target><![CDATA[id=submitLabel]]></target>
	<value><![CDATA[]]></value>
</selenese>
<selenese>
	<command>waitForElementClickable</command>
	<target><![CDATA[scLocator=//Menu[level=1]/body/row[5]/col[fieldName=title||0]]]></target>
	<value><![CDATA[]]></value>
</selenese>
<selenese>
	<command>click</command>
	<target><![CDATA[scLocator=//Menu[level=1]/body/row[5]/col[fieldName=title||0]]]></target>
	<value><![CDATA[]]></value>
</selenese>
<selenese>
	<command>waitForElementClickable</command>
	<target><![CDATA[scLocator=//Portlet[ID="datastaging_deffund_tab_2"]/maximizeButton/]]></target>
	<value><![CDATA[]]></value>
</selenese>
<selenese>
	<command>click</command>
	<target><![CDATA[scLocator=//Portlet[ID="datastaging_deffund_tab_2"]/maximizeButton/]]></target>
	<value><![CDATA[]]></value>
</selenese>
<selenese>
	<command>waitForElementClickable</command>
	<target><![CDATA[scLocator=//Portlet[ID="datastaging_deffund_tab_2"]/item[0][Class="ListGrid"]/filterEditor/editRowForm/item[name=DF_CONTRIB||title=Default%20fund%20contrib.||index=2||Class=FloatItem]/element]]></target>
	<value><![CDATA[]]></value>
</selenese>
<selenese>
	<command>click</command>
	<target><![CDATA[scLocator=//Portlet[ID="datastaging_deffund_tab_2"]/item[0][Class="ListGrid"]/filterEditor/editRowForm/item[name=DF_CONTRIB||title=Default%20fund%20contrib.||index=2||Class=FloatItem]/element]]></target>
	<value><![CDATA[]]></value>
</selenese>
<selenese>
	<command>waitForElementReadyForKeyPresses</command>
	<target><![CDATA[scLocator=//Portlet[ID="datastaging_deffund_tab_2"]/item[0][Class="ListGrid"]/filterEditor/editRowForm/item[name=DF_CONTRIB||title=Default%20fund%20contrib.||value=%3E10000000||index=2||Class=FloatItem]/element]]></target>
	<value><![CDATA[]]></value>
</selenese>
<selenese>
	<command>sendKeys</command>
	<target><![CDATA[scLocator=//Portlet[ID="datastaging_deffund_tab_2"]/item[0][Class="ListGrid"]/filterEditor/editRowForm/item[name=DF_CONTRIB||title=Default%20fund%20contrib.||value=%3E10000000||index=2||Class=FloatItem]/element]]></target>
	<value><![CDATA[${KEY_ENTER}]]></value>
</selenese>
<selenese>
	<command>waitForElementClickable</command>
	<target><![CDATA[scLocator=//Portlet[ID="datastaging_deffund_tab_2"]/item[0][Class="ListGrid"]/filterEditor/editRowForm/item[name=DF_CONTRIB||title=Default%20fund%20contrib.||value=%3E10000000||index=2||Class=FloatItem]/element]]></target>
	<value><![CDATA[]]></value>
</selenese>
<selenese>
	<command>type</command>
	<target><![CDATA[scLocator=//Portlet[ID="datastaging_deffund_tab_2"]/item[0][Class="ListGrid"]/filterEditor/editRowForm/item[name=DF_CONTRIB||title=Default%20fund%20contrib.||value=%3E10000000||index=2||Class=FloatItem]/element]]></target>
	<value><![CDATA[>10000000]]></value>
</selenese>
<selenese>
	<command>waitForElementClickable</command>
	<target><![CDATA[scLocator=//Portlet[ID="datastaging_deffund_tab_2"]/item[0][Class="ListGrid"]/filterEditor/editRowForm/item[name=DF_CONTRIB||title=Default%20fund%20contrib.||value=%3E10000000||index=2||Class=FloatItem]/element]]></target>
	<value><![CDATA[]]></value>
</selenese>
<selenese>
	<command>click</command>
	<target><![CDATA[scLocator=//Portlet[ID="datastaging_deffund_tab_2"]/item[0][Class="ListGrid"]/filterEditor/editRowForm/item[name=DF_CONTRIB||title=Default%20fund%20contrib.||value=%3E10000000||index=2||Class=FloatItem]/element]]></target>
	<value><![CDATA[]]></value>
</selenese>
<selenese>
	<command>waitForElementReadyForKeyPresses</command>
	<target><![CDATA[scLocator=//Portlet[ID="datastaging_deffund_tab_2"]/item[0][Class="ListGrid"]/filterEditor/editRowForm/item[name=DF_CONTRIB||title=Default%20fund%20contrib.||value=%3E100000000000||index=2||Class=FloatItem]/element]]></target>
	<value><![CDATA[]]></value>
</selenese>
<selenese>
	<command>sendKeys</command>
	<target><![CDATA[scLocator=//Portlet[ID="datastaging_deffund_tab_2"]/item[0][Class="ListGrid"]/filterEditor/editRowForm/item[name=DF_CONTRIB||title=Default%20fund%20contrib.||value=%3E100000000000||index=2||Class=FloatItem]/element]]></target>
	<value><![CDATA[${KEY_ENTER}]]></value>
</selenese>
<selenese>
	<command>waitForElementClickable</command>
	<target><![CDATA[scLocator=//Portlet[ID="datastaging_deffund_tab_2"]/item[0][Class="ListGrid"]/filterEditor/editRowForm/item[name=DF_CONTRIB||title=Default%20fund%20contrib.||value=%3E100000000000||index=2||Class=FloatItem]/element]]></target>
	<value><![CDATA[]]></value>
</selenese>
<selenese>
	<command>type</command>
	<target><![CDATA[scLocator=//Portlet[ID="datastaging_deffund_tab_2"]/item[0][Class="ListGrid"]/filterEditor/editRowForm/item[name=DF_CONTRIB||title=Default%20fund%20contrib.||value=%3E100000000000||index=2||Class=FloatItem]/element]]></target>
	<value><![CDATA[>100000000000]]></value>
</selenese>
<selenese>
	<command>waitForElementClickable</command>
	<target><![CDATA[scLocator=//Portlet[ID="datastaging_deffund_tab_2"]/item[0][Class="ListGrid"]/filterEditor/editRowForm/item[name=DF_CONTRIB||title=Default%20fund%20contrib.||value=%3E100000000000||index=2||Class=FloatItem]/element]]></target>
	<value><![CDATA[]]></value>
</selenese>
<selenese>
	<command>click</command>
	<target><![CDATA[scLocator=//Portlet[ID="datastaging_deffund_tab_2"]/item[0][Class="ListGrid"]/filterEditor/editRowForm/item[name=DF_CONTRIB||title=Default%20fund%20contrib.||value=%3E100000000000||index=2||Class=FloatItem]/element]]></target>
	<value><![CDATA[]]></value>
</selenese>
<selenese>
	<command>waitForElementClickable</command>
	<target><![CDATA[scLocator=//Portlet[ID="datastaging_deffund_tab_2"]/item[0][Class="ListGrid"]/filterEditor/editRowForm/item[name=DF_CONTRIB||title=Default%20fund%20contrib.||value=%3E100000000000||index=2||Class=FloatItem]/element]]></target>
	<value><![CDATA[]]></value>
</selenese>
<selenese>
	<command>click</command>
	<target><![CDATA[scLocator=//Portlet[ID="datastaging_deffund_tab_2"]/item[0][Class="ListGrid"]/filterEditor/editRowForm/item[name=DF_CONTRIB||title=Default%20fund%20contrib.||value=%3E100000000000||index=2||Class=FloatItem]/element]]></target>
	<value><![CDATA[]]></value>
</selenese>
<selenese>
	<command>waitForElementReadyForKeyPresses</command>
	<target><![CDATA[scLocator=//Portlet[ID="datastaging_deffund_tab_2"]/item[0][Class="ListGrid"]/filterEditor/editRowForm/item[name=DF_CONTRIB||title=Default%20fund%20contrib.||value=%3E10000000000||index=2||Class=FloatItem]/element]]></target>
	<value><![CDATA[]]></value>
</selenese>
<selenese>
	<command>sendKeys</command>
	<target><![CDATA[scLocator=//Portlet[ID="datastaging_deffund_tab_2"]/item[0][Class="ListGrid"]/filterEditor/editRowForm/item[name=DF_CONTRIB||title=Default%20fund%20contrib.||value=%3E10000000000||index=2||Class=FloatItem]/element]]></target>
	<value><![CDATA[${KEY_ENTER}]]></value>
</selenese>
<selenese>
	<command>waitForElementClickable</command>
	<target><![CDATA[scLocator=//Portlet[ID="datastaging_deffund_tab_2"]/item[0][Class="ListGrid"]/filterEditor/editRowForm/item[name=DF_CONTRIB||title=Default%20fund%20contrib.||value=%3E10000000000||index=2||Class=FloatItem]/element]]></target>
	<value><![CDATA[]]></value>
</selenese>
<selenese>
	<command>type</command>
	<target><![CDATA[scLocator=//Portlet[ID="datastaging_deffund_tab_2"]/item[0][Class="ListGrid"]/filterEditor/editRowForm/item[name=DF_CONTRIB||title=Default%20fund%20contrib.||value=%3E10000000000||index=2||Class=FloatItem]/element]]></target>
	<value><![CDATA[>10000000000]]></value>
</selenese>
<selenese>
	<command>waitForElementClickable</command>
	<target><![CDATA[scLocator=//Portlet[ID="datastaging_deffund_tab_2"]/item[0][Class="ListGrid"]/filterEditor/editRowForm/item[name=DF_CONTRIB||title=Default%20fund%20contrib.||value=%3E10000000000||index=2||Class=FloatItem]/element]]></target>
	<value><![CDATA[]]></value>
</selenese>
<selenese>
	<command>click</command>
	<target><![CDATA[scLocator=//Portlet[ID="datastaging_deffund_tab_2"]/item[0][Class="ListGrid"]/filterEditor/editRowForm/item[name=DF_CONTRIB||title=Default%20fund%20contrib.||value=%3E10000000000||index=2||Class=FloatItem]/element]]></target>
	<value><![CDATA[]]></value>
</selenese>
<selenese>
	<command>waitForElementReadyForKeyPresses</command>
	<target><![CDATA[scLocator=//Portlet[ID="datastaging_deffund_tab_2"]/item[0][Class="ListGrid"]/filterEditor/editRowForm/item[name=DF_CONTRIB||title=Default%20fund%20contrib.||value=%3E100000000||index=2||Class=FloatItem]/element]]></target>
	<value><![CDATA[]]></value>
</selenese>
<selenese>
	<command>sendKeys</command>
	<target><![CDATA[scLocator=//Portlet[ID="datastaging_deffund_tab_2"]/item[0][Class="ListGrid"]/filterEditor/editRowForm/item[name=DF_CONTRIB||title=Default%20fund%20contrib.||value=%3E100000000||index=2||Class=FloatItem]/element]]></target>
	<value><![CDATA[${KEY_ENTER}]]></value>
</selenese>
<selenese>
	<command>waitForElementClickable</command>
	<target><![CDATA[scLocator=//Portlet[ID="datastaging_deffund_tab_2"]/item[0][Class="ListGrid"]/filterEditor/editRowForm/item[name=DF_CONTRIB||title=Default%20fund%20contrib.||value=%3E100000000||index=2||Class=FloatItem]/element]]></target>
	<value><![CDATA[]]></value>
</selenese>
<selenese>
	<command>type</command>
	<target><![CDATA[scLocator=//Portlet[ID="datastaging_deffund_tab_2"]/item[0][Class="ListGrid"]/filterEditor/editRowForm/item[name=DF_CONTRIB||title=Default%20fund%20contrib.||value=%3E100000000||index=2||Class=FloatItem]/element]]></target>
	<value><![CDATA[>100000000]]></value>
</selenese>
<selenese>
	<command>waitForElementClickable</command>
	<target><![CDATA[scLocator=//Portlet[ID="datastaging_deffund_tab_2"]/item[0][Class="ListGrid"]/filterEditor/editRowForm/item[name=DF_CONTRIB||title=Default%20fund%20contrib.||value=%3E100000000||index=2||Class=FloatItem]/element]]></target>
	<value><![CDATA[]]></value>
</selenese>
<selenese>
	<command>click</command>
	<target><![CDATA[scLocator=//Portlet[ID="datastaging_deffund_tab_2"]/item[0][Class="ListGrid"]/filterEditor/editRowForm/item[name=DF_CONTRIB||title=Default%20fund%20contrib.||value=%3E100000000||index=2||Class=FloatItem]/element]]></target>
	<value><![CDATA[]]></value>
</selenese>
<selenese>
	<command>waitForElementReadyForKeyPresses</command>
	<target><![CDATA[scLocator=//Portlet[ID="datastaging_deffund_tab_2"]/item[0][Class="ListGrid"]/filterEditor/editRowForm/item[name=DF_CONTRIB||title=Default%20fund%20contrib.||value=%3E1000000000||index=2||Class=FloatItem]/element]]></target>
	<value><![CDATA[]]></value>
</selenese>
<selenese>
	<command>sendKeys</command>
	<target><![CDATA[scLocator=//Portlet[ID="datastaging_deffund_tab_2"]/item[0][Class="ListGrid"]/filterEditor/editRowForm/item[name=DF_CONTRIB||title=Default%20fund%20contrib.||value=%3E1000000000||index=2||Class=FloatItem]/element]]></target>
	<value><![CDATA[${KEY_ENTER}]]></value>
</selenese>
<selenese>
	<command>waitForElementClickable</command>
	<target><![CDATA[scLocator=//Portlet[ID="datastaging_deffund_tab_2"]/item[0][Class="ListGrid"]/filterEditor/editRowForm/item[name=DF_CONTRIB||title=Default%20fund%20contrib.||value=%3E1000000000||index=2||Class=FloatItem]/element]]></target>
	<value><![CDATA[]]></value>
</selenese>
<selenese>
	<command>type</command>
	<target><![CDATA[scLocator=//Portlet[ID="datastaging_deffund_tab_2"]/item[0][Class="ListGrid"]/filterEditor/editRowForm/item[name=DF_CONTRIB||title=Default%20fund%20contrib.||value=%3E1000000000||index=2||Class=FloatItem]/element]]></target>
	<value><![CDATA[>1000000000]]></value>
</selenese>
<selenese>
	<command>waitForElementClickable</command>
	<target><![CDATA[scLocator=//Portlet[ID="datastaging_deffund_tab_2"]/item[0][Class="ListGrid"]/filterEditor/editRowForm/item[name=DF_CONTRIB||title=Default%20fund%20contrib.||value=%3E1000000000||index=2||Class=FloatItem]/element]]></target>
	<value><![CDATA[]]></value>
</selenese>
<selenese>
	<command>click</command>
	<target><![CDATA[scLocator=//Portlet[ID="datastaging_deffund_tab_2"]/item[0][Class="ListGrid"]/filterEditor/editRowForm/item[name=DF_CONTRIB||title=Default%20fund%20contrib.||value=%3E1000000000||index=2||Class=FloatItem]/element]]></target>
	<value><![CDATA[]]></value>
</selenese>
<selenese>
	<command>waitForElementReadyForKeyPresses</command>
	<target><![CDATA[scLocator=//Portlet[ID="datastaging_deffund_tab_2"]/item[0][Class="ListGrid"]/filterEditor/editRowForm/item[name=DF_CONTRIB||title=Default%20fund%20contrib.||value=%3E100000000||index=2||Class=FloatItem]/element]]></target>
	<value><![CDATA[]]></value>
</selenese>
<selenese>
	<command>sendKeys</command>
	<target><![CDATA[scLocator=//Portlet[ID="datastaging_deffund_tab_2"]/item[0][Class="ListGrid"]/filterEditor/editRowForm/item[name=DF_CONTRIB||title=Default%20fund%20contrib.||value=%3E100000000||index=2||Class=FloatItem]/element]]></target>
	<value><![CDATA[${KEY_ENTER}]]></value>
</selenese>
<selenese>
	<command>waitForElementClickable</command>
	<target><![CDATA[scLocator=//Portlet[ID="datastaging_deffund_tab_2"]/item[0][Class="ListGrid"]/filterEditor/editRowForm/item[name=DF_CONTRIB||title=Default%20fund%20contrib.||value=%3E100000000||index=2||Class=FloatItem]/element]]></target>
	<value><![CDATA[]]></value>
</selenese>
<selenese>
	<command>type</command>
	<target><![CDATA[scLocator=//Portlet[ID="datastaging_deffund_tab_2"]/item[0][Class="ListGrid"]/filterEditor/editRowForm/item[name=DF_CONTRIB||title=Default%20fund%20contrib.||value=%3E100000000||index=2||Class=FloatItem]/element]]></target>
	<value><![CDATA[>100000000]]></value>
</selenese>
<selenese>
	<command>waitForElementClickable</command>
	<target><![CDATA[scLocator=//Portlet[ID="datastaging_deffund_tab_2"]/item[0][Class="ListGrid"]/filterEditor/editRowForm/item[title=Calc.%20date||index=0||Class=MiniDateRangeItem]/[icon="showDateRange"]]]></target>
	<value><![CDATA[]]></value>
</selenese>
<selenese>
	<command>click</command>
	<target><![CDATA[scLocator=//Portlet[ID="datastaging_deffund_tab_2"]/item[0][Class="ListGrid"]/filterEditor/editRowForm/item[title=Calc.%20date||index=0||Class=MiniDateRangeItem]/[icon="showDateRange"]]]></target>
	<value><![CDATA[]]></value>
</selenese>
<selenese>
	<command>waitForElementClickable</command>
	<target><![CDATA[scLocator=//Portlet[ID="datastaging_deffund_tab_2"]/item[0][Class="ListGrid"]/filterEditor/editRowForm/item[title=Calc.%20date||index=0||Class=MiniDateRangeItem]/rangeDialog/rangeForm/item[name=CALC_DT||title=CALC_DT||index=0||Class=DateRangeItem]/dateRangeForm/item[name=fromField||title=From||index=0||Class=RelativeDateItem]/editor/item[name=valueField||title=valueField||index=0||Class=ComboBoxItem]/[icon="picker"]]]></target>
	<value><![CDATA[]]></value>
</selenese>
<selenese>
	<command>click</command>
	<target><![CDATA[scLocator=//Portlet[ID="datastaging_deffund_tab_2"]/item[0][Class="ListGrid"]/filterEditor/editRowForm/item[title=Calc.%20date||index=0||Class=MiniDateRangeItem]/rangeDialog/rangeForm/item[name=CALC_DT||title=CALC_DT||index=0||Class=DateRangeItem]/dateRangeForm/item[name=fromField||title=From||index=0||Class=RelativeDateItem]/editor/item[name=valueField||title=valueField||index=0||Class=ComboBoxItem]/[icon="picker"]]]></target>
	<value><![CDATA[]]></value>
</selenese>
<selenese>
	<command>waitForElementClickable</command>
	<target><![CDATA[scLocator=//Portlet[ID="datastaging_deffund_tab_2"]/item[0][Class="ListGrid"]/filterEditor/editRowForm/item[title=Calc.%20date||index=0||Class=MiniDateRangeItem]/rangeDialog/rangeForm/item[name=CALC_DT||title=CALC_DT||index=0||Class=DateRangeItem]/dateRangeForm/item[name=fromField||title=From||index=0||Class=RelativeDateItem]/editor/item[name=calculatedDateField||title=calculatedDateField||value=||index=3||Class=BlurbItem]/]]></target>
	<value><![CDATA[]]></value>
</selenese>
<selenese>
	<command>click</command>
	<target><![CDATA[scLocator=//Portlet[ID="datastaging_deffund_tab_2"]/item[0][Class="ListGrid"]/filterEditor/editRowForm/item[title=Calc.%20date||index=0||Class=MiniDateRangeItem]/rangeDialog/rangeForm/item[name=CALC_DT||title=CALC_DT||index=0||Class=DateRangeItem]/dateRangeForm/item[name=fromField||title=From||index=0||Class=RelativeDateItem]/editor/item[name=calculatedDateField||title=calculatedDateField||value=||index=3||Class=BlurbItem]/]]></target>
	<value><![CDATA[]]></value>
</selenese>
<selenese>
	<command>waitForElementClickable</command>
	<target><![CDATA[scLocator=//Portlet[ID="datastaging_deffund_tab_2"]/item[0][Class="ListGrid"]/filterEditor/editRowForm/item[title=Calc.%20date||index=0||Class=MiniDateRangeItem]/rangeDialog/rangeForm/item[name=CALC_DT||title=CALC_DT||index=0||Class=DateRangeItem]/dateRangeForm/item[name=fromField||title=From||index=0||Class=RelativeDateItem]/editor/item[name=iconPlaceholder||title=iconPlaceholder||index=2||Class=StaticTextItem]/[icon="chooserIcon"]]]></target>
	<value><![CDATA[]]></value>
</selenese>
<selenese>
	<command>secondClick</command>
	<target><![CDATA[scLocator=//Portlet[ID="datastaging_deffund_tab_2"]/item[0][Class="ListGrid"]/filterEditor/editRowForm/item[title=Calc.%20date||index=0||Class=MiniDateRangeItem]/rangeDialog/rangeForm/item[name=CALC_DT||title=CALC_DT||index=0||Class=DateRangeItem]/dateRangeForm/item[name=fromField||title=From||index=0||Class=RelativeDateItem]/editor/item[name=iconPlaceholder||title=iconPlaceholder||index=2||Class=StaticTextItem]/[icon="chooserIcon"]]]></target>
	<value><![CDATA[]]></value>
</selenese>
<selenese>
	<command>waitForElementClickable</command>
	<target><![CDATA[scLocator=//autoID[Class=DateChooser||index=22||length=25||classIndex=0||classLength=1]/dateGrid/body/row[Tue=Tue May 02 2017 12:00:00 GMT+0200 (W. Europe Standard Time)||0]/col[fieldName=Tue||2]]]></target>
	<value><![CDATA[]]></value>
</selenese>
<selenese>
	<command>click</command>
	<target><![CDATA[scLocator=//autoID[Class=DateChooser||index=22||length=25||classIndex=0||classLength=1]/dateGrid/body/row[Tue=Tue May 02 2017 12:00:00 GMT+0200 (W. Europe Standard Time)||0]/col[fieldName=Tue||2]]]></target>
	<value><![CDATA[]]></value>
</selenese>
<selenese>
	<command>waitForElementClickable</command>
	<target><![CDATA[scLocator=//Portlet[ID="datastaging_deffund_tab_2"]/item[0][Class="ListGrid"]/filterEditor/editRowForm/item[title=Calc.%20date||value=[object Object]||index=0||Class=MiniDateRangeItem]/rangeDialog/rangeForm/item[name=CALC_DT||title=CALC_DT||value=[object Object]||index=0||Class=DateRangeItem]/dateRangeForm/item[name=toField||title=To||index=1||Class=RelativeDateItem]/editor/item[name=valueField||title=valueField||index=0||Class=ComboBoxItem]/[icon="picker"]]]></target>
	<value><![CDATA[]]></value>
</selenese>
<selenese>
	<command>click</command>
	<target><![CDATA[scLocator=//Portlet[ID="datastaging_deffund_tab_2"]/item[0][Class="ListGrid"]/filterEditor/editRowForm/item[title=Calc.%20date||value=[object Object]||index=0||Class=MiniDateRangeItem]/rangeDialog/rangeForm/item[name=CALC_DT||title=CALC_DT||value=[object Object]||index=0||Class=DateRangeItem]/dateRangeForm/item[name=toField||title=To||index=1||Class=RelativeDateItem]/editor/item[name=valueField||title=valueField||index=0||Class=ComboBoxItem]/[icon="picker"]]]></target>
	<value><![CDATA[]]></value>
</selenese>
<selenese>
	<command>waitForElementClickable</command>
	<target><![CDATA[scLocator=//Portlet[ID="datastaging_deffund_tab_2"]/item[0][Class="ListGrid"]/filterEditor/editRowForm/item[title=Calc.%20date||value=[object Object]||index=0||Class=MiniDateRangeItem]/rangeDialog/rangeForm/item[name=CALC_DT||title=CALC_DT||value=[object Object]||index=0||Class=DateRangeItem]/dateRangeForm/item[name=toField||title=To||index=1||Class=RelativeDateItem]/editor/item[name=valueField||title=valueField||index=0||Class=ComboBoxItem]/pickList/body/row[valueField=%24yesterday||1]/col[fieldName=valueField||0]]]></target>
	<value><![CDATA[]]></value>
</selenese>
<selenese>
	<command>click</command>
	<target><![CDATA[scLocator=//Portlet[ID="datastaging_deffund_tab_2"]/item[0][Class="ListGrid"]/filterEditor/editRowForm/item[title=Calc.%20date||value=[object Object]||index=0||Class=MiniDateRangeItem]/rangeDialog/rangeForm/item[name=CALC_DT||title=CALC_DT||value=[object Object]||index=0||Class=DateRangeItem]/dateRangeForm/item[name=toField||title=To||index=1||Class=RelativeDateItem]/editor/item[name=valueField||title=valueField||index=0||Class=ComboBoxItem]/pickList/body/row[valueField=%24yesterday||1]/col[fieldName=valueField||0]]]></target>
	<value><![CDATA[]]></value>
</selenese>
<selenese>
	<command>waitForElementClickable</command>
	<target><![CDATA[scLocator=//Portlet[ID="datastaging_deffund_tab_2"]/item[0][Class="ListGrid"]/filterEditor/editRowForm/item[title=Calc.%20date||value=[object Object]||index=0||Class=MiniDateRangeItem]/rangeDialog/okButton/]]></target>
	<value><![CDATA[]]></value>
</selenese>
<selenese>
	<command>click</command>
	<target><![CDATA[scLocator=//Portlet[ID="datastaging_deffund_tab_2"]/item[0][Class="ListGrid"]/filterEditor/editRowForm/item[title=Calc.%20date||value=[object Object]||index=0||Class=MiniDateRangeItem]/rangeDialog/okButton/]]></target>
	<value><![CDATA[]]></value>
</selenese>
<selenese>
	<command>waitForElementClickable</command>
	<target><![CDATA[scLocator=//Portlet[ID="datastaging_deffund_tab_2"]/item[0][Class="ListGrid"]/filterEditor/editRowForm/item[title=Calc.%20date||value=[object Object]||index=0||Class=MiniDateRangeItem]/[icon="showDateRange"]]]></target>
	<value><![CDATA[]]></value>
</selenese>
<selenese>
	<command>sendKeys</command>
	<target><![CDATA[scLocator=//Portlet[ID="datastaging_deffund_tab_2"]/item[0][Class="ListGrid"]/filterEditor/editRowForm/item[title=Calc.%20date||value=[object Object]||index=0||Class=MiniDateRangeItem]/[icon="showDateRange"]]]></target>
	<value><![CDATA[${KEY_ENTER}]]></value>
</selenese>
<selenese>
	<command>waitForElementClickable</command>
	<target><![CDATA[scLocator=//Portlet[ID="datastaging_deffund_tab_2"]/item[0][Class="ListGrid"]/filterEditor/editRowForm/item[title=Calc.%20date||value=[object Object]||index=0||Class=MiniDateRangeItem]/rangeDialog/closeButton/]]></target>
	<value><![CDATA[]]></value>
</selenese>
<selenese>
	<command>click</command>
	<target><![CDATA[scLocator=//Portlet[ID="datastaging_deffund_tab_2"]/item[0][Class="ListGrid"]/filterEditor/editRowForm/item[title=Calc.%20date||value=[object Object]||index=0||Class=MiniDateRangeItem]/rangeDialog/closeButton/]]></target>
	<value><![CDATA[]]></value>
</selenese>
<selenese>
	<command>waitForElementClickable</command>
	<target><![CDATA[scLocator=//Portlet[ID="datastaging_deffund_tab_2"]/item[0][Class="ListGrid"]/header/headerButton[fieldName=DF_CONTRIB]/L]]></target>
	<value><![CDATA[]]></value>
</selenese>
<selenese>
	<command>waitForElementClickable</command>
	<target><![CDATA[scLocator=//Portlet[ID="datastaging_deffund_tab_2"]/item[0][Class="ListGrid"]/filterEditor/editRowForm/item[name=LEGAL_NAME||title=Legal%20name||index=1||Class=TextItem]/element]]></target>
	<value><![CDATA[]]></value>
</selenese>
<selenese>
	<command>dragAndDropToObject</command>
	<target><![CDATA[scLocator=//Portlet[ID="datastaging_deffund_tab_2"]/item[0][Class="ListGrid"]/header/headerButton[fieldName=DF_CONTRIB]/L]]></target>
	<value><![CDATA[scLocator=//Portlet[ID="datastaging_deffund_tab_2"]/item[0][Class="ListGrid"]/filterEditor/editRowForm/item[name=LEGAL_NAME||title=Legal%20name||index=1||Class=TextItem]/element]]></value>
</selenese>
</TestCase>