<DataSource tableName="rctbank"
				   ID="rctbank"
	dataSourceVersion="1"
		  serverType="sql">
	<fields>
		<field title="Bank Id" name="BANKID" primaryKey="true" detail="true" type="sequence" width="70" align="left" cellAlign="left" canFilter="true" canEdit="false"></field>
		<field title="Bank name" name="BANKNAME" required="true" type="text" length="255" width="12%" canFilter="true" canEdit="true" align="left" cellAlign="left" detail="false">
			<validators>
                 <validator type="regexp" errorMessage="Invalid characters are presents.">
                	<expression><![CDATA[^[a-zA-Z0-9]+( *\-*[a-zA-Z0-9.,&'()]*)*$]]></expression>
                </validator>
            </validators>
		</field>
		<field title="ABI code" name="ABICODE" required="false" length="20" type="integer" width="8%" canFilter="true" canEdit="true" detail="true"></field>
		<field title="Bloomberg code" name="BLOOMBCODE" required="false" type="text" width="8%" canFilter="true" canEdit="true" align="left" cellAlign="left" detail="false">
			<validators>
                 <validator type="regexp" errorMessage="Invalid characters are presents.">
                	<expression><![CDATA[^[A-Z0-9]+( *\-*[A-Z0-9]*)*$]]></expression>
                </validator>
            </validators>
		</field>
		<field title="Fitch code" name="FITCHCODE"  required="false" type="integer"  width="8%" canFilter="true" canEdit="true" align="left" cellAlign="left" detail="false"></field>
		<field title="Reuters ticker" name="RTICKER"  required="false" type="text"  width="8%" canFilter="true" canEdit="true" align="left" cellAlign="left" detail="false">
			<validators>
                 <validator type="regexp" errorMessage="Invalid characters are presents.">
                	<expression><![CDATA[^[A-Z0-9]+( *\-*[A-Z0-9]*)*$]]></expression>
                </validator>
            </validators>
		</field>
		<field title="Calculation" name="STATUS" required="true" length="1" type="text" width="100" canFilter="true" canEdit="true" align="left" cellAlign="left" detail="true">
			<valueMap>  
				<value ID="">All</value> 
				<value ID="E">Enabled</value> 
				<value ID="D">Disabled</value> 
			</valueMap> 
		</field>
		<field title="Counterparty" name="CTP"  required="true" type="text" width="100" canFilter="true" canEdit="true" align="left" cellAlign="left" detail="false">
			<valueMap>  
				<value ID="E">Enabled</value> 
				<value ID="D">Disabled</value>  
			</valueMap> 
		</field>
		<field title="Participant" name="PARTICIPNT"  required="true" type="text" width="100" canFilter="true" canEdit="true" align="left" cellAlign="left" detail="false">
			<valueMap>  
				<value ID="E">Enabled</value> 
				<value ID="D">Disabled</value>  
			</valueMap> 
		</field>
		<field title="Country" name="COUNTRY" required="false" type="text" length="30" width="10%" canFilter="true" canEdit="true" align="left" cellAlign="left" detail="false">
			<validators>
                 <validator type="regexp" errorMessage="Invalid characters are presents.">
                	<expression><![CDATA[^[a-zA-Z0-9]+( *\-*[a-zA-Z0-9.,&'()]*)*$]]></expression>
                </validator>
            </validators>
		</field>
		<field title="Parent company name" name="PARBNKNAME" required="false" type="text" width="10%" canFilter="true" canEdit="true" align="left" cellAlign="left" detail="false">
			<validators>
                <validator type="regexp" errorMessage="Invalid characters are presents.">
                	<expression><![CDATA[^[a-zA-Z0-9]+( *\-*[a-zA-Z0-9.,&'()]*)*$]]></expression>
                </validator>
            </validators>
		</field>
		<field title="Parent company bloomber ticker" name="PARBNKBLCD" required="false" type="text" width="10%" canFilter="true" canEdit="true" align="left" cellAlign="left" detail="false">
			<validators>
                 <validator type="regexp" errorMessage="Invalid characters are presents.">
                	<expression><![CDATA[^[A-Z0-9]+( *\-*[A-Z0-9]*)*$]]></expression>
                </validator>
            </validators>
		</field>
		<field title="Holding bloomberg ticker" name="PARBNKTICK" required="false" type="text" width="10%" canFilter="true" canEdit="true" align="left" cellAlign="left" detail="false">
			<validators>
                 <validator type="regexp" errorMessage="Invalid characters are presents.">
                	<expression><![CDATA[^[A-Z0-9]+( *\-*[A-Z0-9]*)*$]]></expression>
                </validator>
            </validators>
        </field>
		<field title="Update date" name="UPDDATE" type="datetime" width="100" align="left" cellAlign="left" canEdit="false" detail="true"></field>
		<field title="Update type" name="UPDTYPE"  type="text" escapeHTML="true" canEdit="false" length="1" width="100" align="left" cellAlign="left" detail="true">
		   <valueMap>
				<value ID="C">Create</value>
				<value ID="U">Update</value>
				<value ID="D">Delete</value>
			</valueMap>
		</field>
		<field title="Update user" name="UPDUSR" length="30"  type="text" escapeHTML="true" canEdit="false" width="100" align="left" cellAlign="left" detail="true"></field>
   	</fields>
   	<serverObject lookupStyle="new" className="it.ccg.irweb.server.dmi.StandardDMI"/>
  	<operationBindings>
		<operationBinding operationType="update" requiresRole="user,admin"></operationBinding>
		<operationBinding operationType="delete" requiresRole="user,admin"></operationBinding>
		<operationBinding operationType="add" requiresRole="user,admin" allowMultiUpdate="true"></operationBinding>
	    <operationBinding operationType="fetch" requiresRole="user,admin,visitor">  
	       <!--orderClause>BANKNAME asc</orderClause--> 
	    </operationBinding>
	    <operationBinding operationId="fetchFilter" operationType="fetch" requiresRole="user,admin,visitor">  
	       <orderClause>BANKNAME asc</orderClause> 
	    </operationBinding> 
	     <operationBinding operationId="fetchRTicker" operationType="fetch" requiresRole="user,admin,visitor">  
	      <whereClause>
	          <![CDATA[RTICKER is not null]]>
	      </whereClause>
	       <orderClause>BANKNAME asc</orderClause> 
	    </operationBinding>   
	     <operationBinding operationId="fetchBloomCode" operationType="fetch" requiresRole="user,admin,visitor">  
	      <whereClause>
	          <![CDATA[BLOOMBCODE is not null]]>
	      </whereClause>
	       <orderClause>BANKNAME asc</orderClause> 
	    </operationBinding>           
	 </operationBindings>  	
</DataSource>