<?xml version="1.0" encoding="UTF-8" standalone="no"?>
<!DOCTYPE preferences SYSTEM "http://java.sun.com/dtd/preferences.dtd">
<preferences EXTERNAL_XML_VERSION="1.0">
  <root type="user">
    <map/>
    <node name="com.ibm.jinwoo.heapanalyzer">
      <map>
        <entry key="Plugins" value="E,Built-in Plug-ins,"/>
        <entry key="LicensedVersion" value="456"/>
        <entry key="WorkingDirectory" value="C:\Program Files (x86)\IBM\SDP_1"/>
      </map>
    </node>
  </root>
</preferences>
