Finanziamento:,006682144
Intestatario:,PETRACCA MASSIMO TOGNI LORENA
Conto Corrente:,000000530
Dati al:,28/07/2017

Criteri utilizzati per estrazione
Anno:,2016
Stato:,Tutti

N. rata,Scadenza,Quota interessi,Quota capitale,Totale rata,Capitale residuo,Divisa,Stato
46,20/01/2016,"21,78","65,22","87,00","2.839,04",EUR,Pagata
47,20/02/2016,"21,29","65,71","87,00","2.773,33",EUR,Pagata
48,20/03/2016,"20,79","66,21","87,00","2.707,12",EUR,Pagata
49,20/04/2016,"20,30","66,70","87,00","2.640,42",EUR,Pagata
50,20/05/2016,"19,80","67,20","87,00","2.573,22",EUR,Pagata
51,20/06/2016,"19,29","67,71","87,00","2.505,51",EUR,Pagata
52,20/07/2016,"18,79","68,21","87,00","2.437,30",EUR,Pagata
53,20/08/2016,"18,27","68,73","87,00","2.368,57",EUR,Pagata
54,20/09/2016,"17,76","69,24","87,00","2.299,33",EUR,Pagata
55,20/10/2016,"17,24","69,76","87,00","2.229,57",EUR,Pagata
56,20/11/2016,"16,72","70,28","87,00","2.159,29",EUR,Pagata
57,20/12/2016,"16,19","70,81","87,00","2.088,48",EUR,Pagata
