<?xml version="1.0" encoding="utf-8"?>
<GLOSSARY_NAMINGS>
<ARGUMENTS>
<ARGUMENT>
<NAME>InteropLink</NAME>
<CODE_NAME>ILK400</CODE_NAME>
<SDESCRIPTION>Where a trade is made/matched between two parties on a trade platform and each party chooses a different CCP to clear their trade then a balance contract automatically arises between the two CCPs on the same terms to ensure that each party retains a balanced book. The two CCPs are therefore said to ‘interoperate' in managing the risk and settlement obligations arising between them</SDESCRIPTION>
<DETAILS>
The rights and obligations between interoperating CCPs are governed by a ‘Master Clearing Link Agreement' or ‘Clearing co-operation Agreement" and ‘inter-CCP joint operating procedures'.
Each CCP has the risk that a CCP with which it interoperates goes into default. Each CCP is required to apply the same daily risk management methodology it applies to its interoperable CCP positions as it does for its member positions. However CCPs do not contribute to each other's default funds.
Therefore interoperating CCPs call margin from each other on a daily basis (end-of-day and intra-day where necessary). CCPs are required to fund these calls by taking specific additional collateral from their members. LCH.Clearnet Ltd collects the additional collateral required by applying a multiplier to the end-of-day initial margin. The multiplier is recalculated each day based on the actual positions held against each interoperating CCP and is available in the Public area of the LCH.Clearnet Ltd Member Reporting website. Where there is a shortfall between the additional collateral collected and the actual calls made by the interoperating CCPs then a further call is made on members in the morning, again on a pro rata basis to the previous end-of-day initial margin. Where intra-day calls are made by an interoperating CCP then further additional intra-day calls may be required on members.  
If a CCP defaults, the collateral provided by its members to meet inter-CCP calls is at risk, as required to cover losses arising from the close out of the open positions by the non-defaulting CCPs.
Each CCP holds collateral to cover inter-CCP risk at Clearstream Luxembourg and meets calls against it from the other CCPs through pledge arrangements.
A CCP can treat another CCP as a defaulter in a limited but appropriate range of circumstances (including, most importantly, insolvency) and manage the defaulting CCP's open balance contract positions with it in accordance with its own default rules.
As interoperating CCPs do not contribute to the LCH.Clearnet default fund, the members' mutualised risk in the default fund is reached sooner than for a member default.
Each CCP retains the ability under its own published rules to reject trades which do not meet its eligibility criteria. Therefore, where either CCP rejects a trade, each member leg of the transaction and the corresponding balance contract between the parties falls away to ensure that each CCP retains a balanced position.
Each CCP can suspend its obligation to continue clearing new trades and becoming party to new balance contracts with another CCP in a defined range of emergency and other situations so as to manage its ongoing risk exposure
</DETAILS>
<INTERFACE>Lanciare l'interfaccia al link predisposto per visualizzare i dati del Liquidity, selezionare il box alla data di riferimento (alimentata a T-1)</INTERFACE>
<NOTES>riferimenti a batch esterni *******</NOTES>
<CALCULATIONS>sum(entrate-uscite)</CALCULATIONS>
<TS1>
<TS1_DATE>
2017-06-06
</TS1_DATE>
<TS1_DETAILS>
L’utente che si occupa del controllo del GIROFO, durante la verifica dell’interfaccia LiME (attualmente in fase di test), segnala un disallineamento dei dati alle date 1/6/2017 e 2/6/2017
</TS1_DETAILS>
<TS1_SOLUTION>
Viene approvata la situazione attuale in quanto dettagliata meglio a voce con utente RISK (nel caso 2) oppure le squadrature erano irrilevanti
</TS1_SOLUTION>
<TS1_ACTION>
Il giorno 07/06/2017 non si è provveduto ad effettuare alcun intervento nel software
</TS1_ACTION>
</TS1>

<TS2>
<TS2_DATE>
2017-06-07
</TS2_DATE>
<TS2_DETAILS>
L’utente che si occupa del controllo del GIROFO, durante la verifica dell’interfaccia LiME (attualmente in fase di test), segnala un disallineamento dei dati alle date 5/6/2017
l’anomalia (bug) sembra sia avvenuta il 02/06/2017, in coincidenza dell’ inizio del mese attuale, a fronte dell’estrazione del dato “add init mar. T-2”, pari a € 445 mln (invece di € 472 mln).
</TS2_DETAILS>
<TS2_SOLUTION>
Corretto il problema nell’applicazione, monitoreremo il dati esposti sul pannello anche il prossimo mese (primi giorni del mese) nel tentativo di risimulare il test-case
</TS2_SOLUTION>
<TS2_ACTION>
Verranno effettuati e, dove necessario verranno realizzate delle correttive di basso impatto, nel caso specifico degli Account Balance, occorre verificare il log dell’applicazione batch che elabora il flusso 
</TS2_ACTION>
</TS2>

<TS3>
<TS3_DATE>
2017-06-19
</TS3_DATE>
<TS3_DETAILS>
L’utente che si occupa del controllo del GIROFO, durante la verifica dell’interfaccia LiME (attualmente in fase di test), segnala un disallineamento dei dati alle date 19/6/2017.</TS3_DETAILS>
<TS3_SOLUTION>
Verranno realizzate delle correttive di basso impatto, che girano continuativamente nel corso della giornata, per reperire il flusso che elabora il Default Fund presente nel sito di Roma.</TS3_SOLUTION>
<TS3_ACTION>
Il giorno 21/06/2017 è stata effettuata la segnalazione del problema del GIROFO Default.Fund  [#DefFund] alla data 27/06/2017.</TS3_ACTION>
</TS3>

<TS4>
<TS4_DATE>
2017-07-07
</TS4_DATE>
<TS4_DETAILS/>
<TS4_SOLUTION/>
<TS4_ACTION/>
</TS4>

<TS5>
<TS5_DATE>
2017-07-10
</TS5_DATE>
<TS5_DETAILS/>
<TS5_SOLUTION/>
<TS5_ACTION/>
</TS5>

<TS6>
<TS6_DATE>
2017-07-14
</TS6_DATE>
<TS6_DETAILS/>
<TS6_SOLUTION/>
<TS6_ACTION/>
</TS6>

<TS7>
<TS7_DATE>
2017-07-17
</TS7_DATE>
<TS7_DETAILS/>
<TS7_SOLUTION/>
<TS7_ACTION/>
</TS7>

<EXT_KEY>GIROFO</EXT_KEY> 
<EXT_SUB_KEY>GEXTLNK</EXT_SUB_KEY>
</ARGUMENT>

<ARGUMENT> 
<NAME> EOD Cash Call</NAME>
<CODE_NAME>EOD100</CODE_NAME>
<SDESCRIPTION>A request from a company to its shareholders asking them to provide more money</SDESCRIPTION>
<DETAILS></DETAILS>
<INTERFACE>Lanciare l'interfaccia al link predisposto per visualizzare i dati del Liquidity, selezionare il box alla data di riferimento (alimentata a T-1)</INTERFACE>
<NOTES>riferimenti a batch esterni *******</NOTES>
<CALCULATIONS>sum(entrate-uscite)</CALCULATIONS>
<TS>
<TS_DATE>
</TS_DATE>
<TS_DETAILS>
</TS_DETAILS>
</TS>
<EXT_KEY>GIROFO</EXT_KEY> 
<EXT_SUB_KEY>GIREXTEOD</EXT_SUB_KEY> 
</ARGUMENT>


<ARGUMENT> 
<NAME> EOD Cash Call</NAME>
<CODE_NAME>EOD100</CODE_NAME>
<SDESCRIPTION>A request from a company to its shareholders asking them to provide more money</SDESCRIPTION>
<DETAILS></DETAILS>
<INTERFACE>Lanciare l'interfaccia al link predisposto per visualizzare i dati del Liquidity, selezionare il box alla data di riferimento (alimentata a T-1)</INTERFACE>
<NOTES>riferimenti a batch esterni *******</NOTES>
<CALCULATIONS>sum(entrate-uscite)</CALCULATIONS>
<TS>
<TS_DATE>
</TS_DATE>
<TS_DETAILS>
</TS_DETAILS>
</TS>
<EXT_KEY>GIROFO</EXT_KEY> 
<EXT_SUB_KEY>GIROFEXT</EXT_SUB_KEY> 
</ARGUMENT>

<ARGUMENT>
<NAME>GIROFO</NAME>
<DESCRIPTION>report di segnalazione voci di Tesoreria</DESCRIPTION>
<NOTES>alimentato dal gruppo ... .</NOTES>
<NODE_KEYS>
<KEY>ILK40010</KEY>
<VOCE>Interoperability Link 1</VOCE>
<DESCRIPTION>Restituzione contante in eccesso a/da LCH Clearnet</DESCRIPTION> 

<KEY>ILK40020</KEY>
<VOCE>Interoperability Link 2</VOCE>
<DESCRIPTION>Pagamento margini a/da LCH Clearnet</DESCRIPTION>

<KEY>EOD10010</KEY>
<VOCE>EOD Cash Call</VOCE>
<DESCRIPTION>Regolamento giornaliero dei Margini (MIF-ADG) senza pagamento di LCH</DESCRIPTION>
</NODE_KEYS>
</ARGUMENT>

</ARGUMENTS>


</GLOSSARY_NAMINGS>