<!--DataSource tableName="pamptest.rcmvarh"-->
<DataSource tableName="rcmvarh"
				  ID="rcmvarh"
   dataSourceVersion="1"
		  serverType="sql">
	<fields>
		<field title="Bank id" name="BANKID" required="true" filterOperator="equals" type="integer" length="255" width="100"  canEdit="false" align="left" cellAlign="left"/>
		<field title="Value date" name="VALUEDATE" required="true" type="datetime" displayFormat="toEuropeanShortDateTime" width="100" editorType="TextItem"  canEdit="false" align="left" cellAlign="left"/>
		<field title="Period length" name="PERIODLENG" required="true" type="text" width="100"  canEdit="true" align="left" cellAlign="left" detail="false" />
		<field title="Period type" name="PERIODTYPE" required="true" type="text" width="100"  canEdit="true" align="left" cellAlign="left" detail="false" />
		<field title="Data flag" name="DATAFLAG" required="true" type="integer" width="100"  canEdit="true" align="left" cellAlign="left" detail="false" />
		<field title="Audited/Qualified flag" name="AUDQUALFLG" required="true" type="integer" width="100"  canEdit="true" align="left" cellAlign="left" detail="false" />
		<field title="Accounting system" name="ACCOUNTSYS" required="true" type="text" width="100"  canEdit="true" align="left" cellAlign="left" detail="false" />
		<field title="Consolidated" name="ISCONSOLID" required="true" type="text" width="100"  canEdit="true" align="left" cellAlign="left" detail="false" />
		<field title="Original Currency Conversion Rate" name="V1" required="true" length="20" type="float" width="20" canEdit="false" editorType="TextItem" />
		<field title="Interest Income on Loans" name="V2" required="true" length="20" type="float" width="20" canEdit="false" editorType="TextItem" />
		<field title="Other Interest Income" name="V3" required="true" length="20" type="float" width="20" canEdit="false" editorType="TextItem" />
		<field title="Dividend Income" name="V4" required="true" length="20" type="float" width="20" canEdit="false" editorType="TextItem" />
		<field title="Gross Interest and Dividend Income" name="V5" required="true" length="20" type="float" width="20" canEdit="false" editorType="TextItem" />
		<field title="Interest Expense on Customer Deposits" name="V6" required="true" length="20" type="float" width="20" canEdit="false" editorType="TextItem" />
		<field title="Other Interest Expense" name="V7" required="true" length="20" type="float" width="20" canEdit="false" editorType="TextItem" />
		<field title="Total Interest Expense" name="V8" required="true" length="20" type="float" width="20" canEdit="false" editorType="TextItem" />
		<field title="Net Interest Income" name="V9" required="true" length="20" type="float" width="20" canEdit="false" editorType="TextItem" />
		<field title="Net Gains (Losses) on Trading and Derivatives" name="V10" required="true" length="20" type="float" width="20" canEdit="false" editorType="TextItem" />
		<field title="Net Gains (Losses) on Other Securities" name="V11" required="true" length="20" type="float" width="20" canEdit="false" editorType="TextItem" />
		<field title="Net Gains (Losses) on Assets at FV through Income Statement" name="V12" required="true" length="20" type="float" width="20" canEdit="false" editorType="TextItem" />
		<field title="Net Insurance Income" name="V13" required="true" length="20" type="float" width="20" canEdit="false" editorType="TextItem" />
		<field title="Net Fees and Commissions" name="V14" required="true" length="20" type="float" width="20" canEdit="false" editorType="TextItem" />
		<field title="Other Operating Income" name="V15" required="true" length="20" type="float" width="20" canEdit="false" editorType="TextItem" />
		<field title="Total Non-Interest Operating Income" name="V16" required="true" length="20" type="float" width="20" canEdit="false" editorType="TextItem" />
		<field title="Personnel Expenses" name="V17" required="true" length="20" type="float" width="20" canEdit="false" editorType="TextItem" />
		<field title="Other Operating Expenses" name="V18" required="true" length="20" type="float" width="20" canEdit="false" editorType="TextItem" />
		<field title="Total Non-Interest Expenses" name="V19" required="true" length="20" type="float" width="20" canEdit="false" editorType="TextItem" />
		<field title="Equity-accounted Profit/Loss - Operating" name="V20" required="true" length="20" type="float" width="20" canEdit="false" editorType="TextItem" />
		<field title="Pre-Impairment Operating Profit" name="V21" required="true" length="20" type="float" width="20" canEdit="false" editorType="TextItem" />
		<field title="Loan Impairment Charge" name="V22" required="true" length="20" type="float" width="20" canEdit="false" editorType="TextItem" />
		<field title="Securities and Other Credit Impairment Charges" name="V23" required="true" length="20" type="float" width="20" canEdit="false" editorType="TextItem" />
		<field title="Operating Profit" name="V24" required="true" length="20" type="float" width="20" canEdit="false" editorType="TextItem" />
		<field title="Equity-accounted Profit/Loss - Non-operating" name="V25" required="true" length="20" type="float" width="20" canEdit="false" editorType="TextItem" />
		<field title="Non-recurring Income" name="V26" required="true" length="20" type="float" width="20" canEdit="false" editorType="TextItem" />
		<field title="Non-recurring Expense" name="V27" required="true" length="20" type="float" width="20" canEdit="false" editorType="TextItem" />
		<field title="Change in Fair Value of Own Debt" name="V28" required="true" length="20" type="float" width="20" canEdit="false" editorType="TextItem" />
		<field title="Other Non-operating Income and Expenses" name="V29" required="true" length="20" type="float" width="20" canEdit="false" editorType="TextItem" />
		<field title="Pre-tax Profit" name="V30" required="true" length="20" type="float" width="20" canEdit="false" editorType="TextItem" />
		<field title="Tax expense" name="V31" required="true" length="20" type="float" width="20" canEdit="false" editorType="TextItem" />
		<field title="Profit/Loss from Discontinued Operations" name="V32" required="true" length="20" type="float" width="20" canEdit="false" editorType="TextItem" />
		<field title="Net Income" name="V33" required="true" length="20" type="float" width="20" canEdit="false" editorType="TextItem" />
		<field title="Less: Allocation to Non-controlling Interests" name="V34" required="true" length="20" type="float" width="20" canEdit="false" editorType="TextItem" />
		<field title="Net Income after Allocation to  Non-controlling Interests" name="V35" required="true" length="20" type="float" width="20" canEdit="false" editorType="TextItem" />
		<field title="Change in Value of AFS Investments" name="V36" required="true" length="20" type="float" width="20" canEdit="false" editorType="TextItem" />
		<field title="Revaluation of Fixed Assets" name="V37" required="true" length="20" type="float" width="20" canEdit="false" editorType="TextItem" />
		<field title="Currency Translation Differences" name="V38" required="true" length="20" type="float" width="20" canEdit="false" editorType="TextItem" />
		<field title="Remaining OCI Gains/(losses)" name="V39" required="true" length="20" type="float" width="20" canEdit="false" editorType="TextItem" />
		<field title="Fitch Comprehensive Income" name="V40" required="true" length="20" type="float" width="20" canEdit="false" editorType="TextItem" />
		<field title="Memo: Profit Allocation to Non-controlling Interests" name="V41" required="true" length="20" type="float" width="20" canEdit="false" editorType="TextItem" />
		<field title="Memo: Net Income after Allocation to  Non-controlling Interests" name="V42" required="true" length="20" type="float" width="20" canEdit="false" editorType="TextItem" />
		<field title="Memo: Common Dividends Relating to the Period" name="V43" required="true" length="20" type="float" width="20" canEdit="false" editorType="TextItem" />
		<field title="Preferred  Dividends Paid and Declared" name="V44" required="true" length="20" type="float" width="20" canEdit="false" editorType="TextItem" />
		<field title="Residential Mortgage Loans" name="V45" required="true" length="20" type="float" width="20" canEdit="false" editorType="TextItem" />
		<field title="Other Mortgage Loans" name="V46" required="true" length="20" type="float" width="20" canEdit="false" editorType="TextItem" />
		<field title="Other Consumer/ Retail Loans" name="V47" required="true" length="20" type="float" width="20" canEdit="false" editorType="TextItem" />
		<field title="Corporate and Commercial Loans" name="V48" required="true" length="20" type="float" width="20" canEdit="false" editorType="TextItem" />
		<field title="Other  Loans" name="V49" required="true" length="20" type="float" width="20" canEdit="false" editorType="TextItem" />
		<field title="Less: Reserves for Impaired Loans/ NPLs" name="V50" required="true" length="20" type="float" width="20" canEdit="false" editorType="TextItem" />
		<field title="Net Loans" name="V51" required="true" length="20" type="float" width="20" canEdit="false" editorType="TextItem" />
		<field title="Gross Loans" name="V52" required="true" length="20" type="float" width="20" canEdit="false" editorType="TextItem" />
		<field title="Memo: Impaired Loans included above" name="V53" required="true" length="20" type="float" width="20" canEdit="false" editorType="TextItem" />
		<field title="Memo: Loans at Fair Value included above" name="V54" required="true" length="20" type="float" width="20" canEdit="false" editorType="TextItem" />
		<field title="Loans and Advances to Banks" name="V55" required="true" length="20" type="float" width="20" canEdit="false" editorType="TextItem" />
		<field title="Reverse Repos and Cash Collateral" name="V56" required="true" length="20" type="float" width="20" canEdit="false" editorType="TextItem" />
		<field title="Trading Securities and at FV through Income" name="V57" required="true" length="20" type="float" width="20" canEdit="false" editorType="TextItem" />
		<field title="Derivatives - Assets" name="V58" required="true" length="20" type="float" width="20" canEdit="false" editorType="TextItem" />
		<field title="Available for Sale Securities" name="V59" required="true" length="20" type="float" width="20" canEdit="false" editorType="TextItem" />
		<field title="Held to Maturity Securities" name="V60" required="true" length="20" type="float" width="20" canEdit="false" editorType="TextItem" />
		<field title="At-equity  Investments in Associates" name="V61" required="true" length="20" type="float" width="20" canEdit="false" editorType="TextItem" />
		<field title="Other Securities" name="V62" required="true" length="20" type="float" width="20" canEdit="false" editorType="TextItem" />
		<field title="Total Securities" name="V63" required="true" length="20" type="float" width="20" canEdit="false" editorType="TextItem" />
		<field title="Memo: Government Securities included Above" name="V64" required="true" length="20" type="float" width="20" canEdit="false" editorType="TextItem" />
		<field title="Memo: Total Securities Pledged" name="V65" required="true" length="20" type="float" width="20" canEdit="false" editorType="TextItem" />
		<field title="Investments in Property" name="V66" required="true" length="20" type="float" width="20" canEdit="false" editorType="TextItem" />
		<field title="Insurance Assets" name="V67" required="true" length="20" type="float" width="20" canEdit="false" editorType="TextItem" />
		<field title="Other Earning Assets" name="V68" required="true" length="20" type="float" width="20" canEdit="false" editorType="TextItem" />
		<field title="Total Earning Assets" name="V69" required="true" length="20" type="float" width="20" canEdit="false" editorType="TextItem" />
		<field title="Cash and Due From Banks" name="V70" required="true" length="20" type="float" width="20" canEdit="false" editorType="TextItem" />
		<field title="Memo: Mandatory Reserves included above" name="V71" required="true" length="20" type="float" width="20" canEdit="false" editorType="TextItem" />
		<field title="Foreclosed Real Estate" name="V72" required="true" length="20" type="float" width="20" canEdit="false" editorType="TextItem" />
		<field title="Fixed Assets" name="V73" required="true" length="20" type="float" width="20" canEdit="false" editorType="TextItem" />
		<field title="Goodwill" name="V74" required="true" length="20" type="float" width="20" canEdit="false" editorType="TextItem" />
		<field title="Other Intangibles" name="V75" required="true" length="20" type="float" width="20" canEdit="false" editorType="TextItem" />
		<field title="Current Tax Assets" name="V76" required="true" length="20" type="float" width="20" canEdit="false" editorType="TextItem" />
		<field title="Deferred Tax Assets" name="V77" required="true" length="20" type="float" width="20" canEdit="false" editorType="TextItem" />
		<field title="Discontinued Operations - Assets" name="V78" required="true" length="20" type="float" width="20" canEdit="false" editorType="TextItem" />
		<field title="Other Assets" name="V79" required="true" length="20" type="float" width="20" canEdit="false" editorType="TextItem" />
		<field title="Total Assets" name="V80" required="true" length="20" type="float" width="20" canEdit="false" editorType="TextItem" />
		<field title="Customer Deposits - Current" name="V81" required="true" length="20" type="float" width="20" canEdit="false" editorType="TextItem" />
		<field title="Customer Deposits - Savings" name="V82" required="true" length="20" type="float" width="20" canEdit="false" editorType="TextItem" />
		<field title="Customer Deposits - Term" name="V83" required="true" length="20" type="float" width="20" canEdit="false" editorType="TextItem" />
		<field title="Total Customer Deposits" name="V84" required="true" length="20" type="float" width="20" canEdit="false" editorType="TextItem" />
		<field title="Deposits from Banks" name="V85" required="true" length="20" type="float" width="20" canEdit="false" editorType="TextItem" />
		<field title="Repos and Cash Collateral" name="V86" required="true" length="20" type="float" width="20" canEdit="false" editorType="TextItem" />
		<field title="Other Deposits and Short-term Borrowings" name="V87" required="true" length="20" type="float" width="20" canEdit="false" editorType="TextItem" />
		<field title="Total Deposits, Money Market and Short-term Funding" name="V88" required="true" length="20" type="float" width="20" canEdit="false" editorType="TextItem" />
		<field title="Senior Debt Maturing after 1 Year" name="V89" required="true" length="20" type="float" width="20" canEdit="false" editorType="TextItem" />
		<field title="Subordinated Borrowing" name="V90" required="true" length="20" type="float" width="20" canEdit="false" editorType="TextItem" />
		<field title="Other Funding" name="V91" required="true" length="20" type="float" width="20" canEdit="false" editorType="TextItem" />
		<field title="Total Long Term Funding" name="V92" required="true" length="20" type="float" width="20" canEdit="false" editorType="TextItem" />
		<field title="Derivatives - Liabilities" name="V93" required="true" length="20" type="float" width="20" canEdit="false" editorType="TextItem" />
		<field title="Trading Liabilities" name="V94" required="true" length="20" type="float" width="20" canEdit="false" editorType="TextItem" />
		<field title="Total Funding" name="V95" required="true" length="20" type="float" width="20" canEdit="false" editorType="TextItem" />
		<field title="Fair Value Portion of Debt" name="V96" required="true" length="20" type="float" width="20" canEdit="false" editorType="TextItem" />
		<field title="Credit impairment reserves" name="V97" required="true" length="20" type="float" width="20" canEdit="false" editorType="TextItem" />
		<field title="Reserves for Pensions and Other" name="V98" required="true" length="20" type="float" width="20" canEdit="false" editorType="TextItem" />
		<field title="Current Tax Liabilities" name="V99" required="true" length="20" type="float" width="20" canEdit="false" editorType="TextItem" />
		<field title="Deferred Tax Liabilities" name="V100" required="true" length="20" type="float" width="20" canEdit="false" editorType="TextItem" />
		<field title="Other Deferred Liabilities" name="V101" required="true" length="20" type="float" width="20" canEdit="false" editorType="TextItem" />
		<field title="Discontinued Operations - Liabilities" name="V102" required="true" length="20" type="float" width="20" canEdit="false" editorType="TextItem" />
		<field title="Insurance Liabilities" name="V103" required="true" length="20" type="float" width="20" canEdit="false" editorType="TextItem" />
		<field title="Other Liabilities" name="V104" required="true" length="20" type="float" width="20" canEdit="false" editorType="TextItem" />
		<field title="Total Liabilities" name="V105" required="true" length="20" type="float" width="20" canEdit="false" editorType="TextItem" />
		<field title="Pref. Shares and Hybrid Capital accounted for as Debt" name="V106" required="true" length="20" type="float" width="20" canEdit="false" editorType="TextItem" />
		<field title="Pref. Shares and Hybrid Capital accounted for as Equity" name="V107" required="true" length="20" type="float" width="20" canEdit="false" editorType="TextItem" />
		<field title="Common Equity" name="V108" required="true" length="20" type="float" width="20" canEdit="false" editorType="TextItem" />
		<field title="Non-controlling Interest" name="V109" required="true" length="20" type="float" width="20" canEdit="false" editorType="TextItem" />
		<field title="Securities Revaluation Reserves" name="V110" required="true" length="20" type="float" width="20" canEdit="false" editorType="TextItem" />
		<field title="Foreign Exchange Revaluation Reserves" name="V111" required="true" length="20" type="float" width="20" canEdit="false" editorType="TextItem" />
		<field title="Fixed Asset Revaluations and Other Accumulated OCI" name="V112" required="true" length="20" type="float" width="20" canEdit="false" editorType="TextItem" />
		<field title="Total Equity" name="V113" required="true" length="20" type="float" width="20" canEdit="false" editorType="TextItem" />
		<field title="Total Liabilities and Equity" name="V114" required="true" length="20" type="float" width="20" canEdit="false" editorType="TextItem" />
		<field title="Memo: Fitch Core Capital" name="V115" required="true" length="20" type="float" width="20" canEdit="false" editorType="TextItem" />
		<field title="Memo: Fitch Eligible Capital" name="V116" required="true" length="20" type="float" width="20" canEdit="false" editorType="TextItem" />
		<field title="Interest Income on Loans/ Average Gross Loans" name="V117" required="true" length="20" type="float" width="20" canEdit="false" editorType="TextItem" />
		<field title="Interest Expense on Customer Deposits/ Average Customer Deposits" name="V118" required="true" length="20" type="float" width="20" canEdit="false" editorType="TextItem" />
		<field title="Interest Income/ Average Earning Assets" name="V119" required="true" length="20" type="float" width="20" canEdit="false" editorType="TextItem" />
		<field title="Interest Expense/ Average Interest-bearing Liabilities" name="V120" required="true" length="20" type="float" width="20" canEdit="false" editorType="TextItem" />
		<field title="Net Interest Income/ Average Earning Assets" name="V121" required="true" length="20" type="float" width="20" canEdit="false" editorType="TextItem" />
		<field title="Net Int. Inc Less Loan Impairment Charges/ Av. Earning Assets" name="V122" required="true" length="20" type="float" width="20" canEdit="false" editorType="TextItem" />
		<field title="Non-Interest Income/ Gross Revenues" name="V123" required="true" length="20" type="float" width="20" canEdit="false" editorType="TextItem" />
		<field title="Non-Interest Expense/ Gross Revenues" name="V124" required="true" length="20" type="float" width="20" canEdit="false" editorType="TextItem" />
		<field title="Non-Interest Expense/ Average Assets" name="V125" required="true" length="20" type="float" width="20" canEdit="false" editorType="TextItem" />
		<field title="Pre-impairment Op. Profit/ Average Equity" name="V126" required="true" length="20" type="float" width="20" canEdit="false" editorType="TextItem" />
		<field title="Pre-impairment Op. Profit/ Average Total Assets" name="V127" required="true" length="20" type="float" width="20" canEdit="false" editorType="TextItem" />
		<field title="Loans and securities impairment charges/ Pre-impairment Op. Profit" name="V128" required="true" length="20" type="float" width="20" canEdit="false" editorType="TextItem" />
		<field title="Operating Profit/ Average Equity" name="V129" required="true" length="20" type="float" width="20" canEdit="false" editorType="TextItem" />
		<field title="Operating Profit/ Average Total Assets" name="V130" required="true" length="20" type="float" width="20" canEdit="false" editorType="TextItem" />
		<field title="Taxes/ Pre-tax Profit" name="V131" required="true" length="20" type="float" width="20" canEdit="false" editorType="TextItem" />
		<field title="Net Income/ Average Total Equity" name="V132" required="true" length="20" type="float" width="20" canEdit="false" editorType="TextItem" />
		<field title="Net Income/ Average Total Assets" name="V133" required="true" length="20" type="float" width="20" canEdit="false" editorType="TextItem" />
		<field title="Fitch Comprehensive Income/ Average Total Equity" name="V134" required="true" length="20" type="float" width="20" canEdit="false" editorType="TextItem" />
		<field title="Fitch Comprehensive Income/ Average Total Assets" name="V135" required="true" length="20" type="float" width="20" canEdit="false" editorType="TextItem" />
		<field title="Net Income/ Av. Total Assets plus Av. Managed Securitized Assets" name="V136" required="true" length="20" type="float" width="20" canEdit="false" editorType="TextItem" />
		<field title="Fitch Core Capital/Weighted Risks" name="V137" required="true" length="20" type="float" width="20" canEdit="false" editorType="TextItem" />
		<field title="Tangible Common Equity/ Tangible Assets" name="V138" required="true" length="20" type="float" width="20" canEdit="false" editorType="TextItem" />
		<field title="Tier 1 Regulatory Capital Ratio" name="V139" required="true" length="20" type="float" width="20" canEdit="false" editorType="TextItem" />
		<field title="Total Regulatory Capital Ratio" name="V140" required="true" length="20" type="float" width="20" canEdit="false" editorType="TextItem" />
		<field title="Equity/ Total Assets" name="V141" required="true" length="20" type="float" width="20" canEdit="false" editorType="TextItem" />
		<field title="Cash Dividends Paid and Declared/ Net Income" name="V142" required="true" length="20" type="float" width="20" canEdit="false" editorType="TextItem" />
		<field title="Cash Dividend Paid and Declared/ Fitch Comprehensive Income" name="V143" required="true" length="20" type="float" width="20" canEdit="false" editorType="TextItem" />
		<field title="Net Income - Cash Dividends/ Total Equity" name="V144" required="true" length="20" type="float" width="20" canEdit="false" editorType="TextItem" />
		<field title="Growth of Total Assets" name="V145" required="true" length="20" type="float" width="20" canEdit="false" editorType="TextItem" />
		<field title="Growth of Gross Loans" name="V146" required="true" length="20" type="float" width="20" canEdit="false" editorType="TextItem" />
		<field title="Impaired Loans(NPLs)/ Gross Loans" name="V147" required="true" length="20" type="float" width="20" canEdit="false" editorType="TextItem" />
		<field title="Reserves for Impaired Loans/ Gross loans" name="V148" required="true" length="20" type="float" width="20" canEdit="false" editorType="TextItem" />
		<field title="Reserves for Impaired Loans/ Impaired Loans" name="V149" required="true" length="20" type="float" width="20" canEdit="false" editorType="TextItem" />
		<field title="Impaired Loans less Reserves for Imp Loans/ Equity" name="V150" required="true" length="20" type="float" width="20" canEdit="false" editorType="TextItem" />
		<field title="Loan Impairment Charges/ Average Gross Loans" name="V151" required="true" length="20" type="float" width="20" canEdit="false" editorType="TextItem" />
		<field title="Net Charge-offs/ Average Gross Loans" name="V152" required="true" length="20" type="float" width="20" canEdit="false" editorType="TextItem" />
		<field title="Impaired Loans + Foreclosed Assets/ Gross Loans + Foreclosed Assets" name="V153" required="true" length="20" type="float" width="20" canEdit="false" editorType="TextItem" />
		<field title="Loans/ Customer Deposits" name="V154" required="true" length="20" type="float" width="20" canEdit="false" editorType="TextItem" />
		<field title="Interbank Assets/ Interbank Liabilities" name="V155" required="true" length="20" type="float" width="20" canEdit="false" editorType="TextItem" />
		<field title="Managed Securitized Assets Reported Off-Balance Sheet" name="V156" required="true" length="20" type="float" width="20" canEdit="false" editorType="TextItem" />
		<field title="Other off-balance sheet exposure to securitizations" name="V157" required="true" length="20" type="float" width="20" canEdit="false" editorType="TextItem" />
		<field title="Guarantees" name="V158" required="true" length="20" type="float" width="20" canEdit="false" editorType="TextItem" />
		<field title="Acceptances and documentary credits reported off-balance sheet" name="V159" required="true" length="20" type="float" width="20" canEdit="false" editorType="TextItem" />
		<field title="Committed Credit Lines" name="V160" required="true" length="20" type="float" width="20" canEdit="false" editorType="TextItem" />
		<field title="Other Contingent Liabilities" name="V161" required="true" length="20" type="float" width="20" canEdit="false" editorType="TextItem" />
		<field title="Total Business Volume" name="V162" required="true" length="20" type="float" width="20" canEdit="false" editorType="TextItem" />
		<field title="Memo: Total Weighted Risks" name="V163" required="true" length="20" type="float" width="20" canEdit="false" editorType="TextItem" />
		<field title="Fitch Adjustments to Weighted Risks" name="V164" required="true" length="20" type="float" width="20" canEdit="false" editorType="TextItem" />
		<field title="Fitch Adjusted Weighted Risks" name="V165" required="true" length="20" type="float" width="20" canEdit="false" editorType="TextItem" />
		<field title="Average Loans" name="V166" required="true" length="20" type="float" width="20" canEdit="false" editorType="TextItem" />
		<field title="Average Earning Assets" name="V167" required="true" length="20" type="float" width="20" canEdit="false" editorType="TextItem" />
		<field title="Average Assets" name="V168" required="true" length="20" type="float" width="20" canEdit="false" editorType="TextItem" />
		<field title="Average Managed Assets Securitized (OBS)" name="V169" required="true" length="20" type="float" width="20" canEdit="false" editorType="TextItem" />
		<field title="Average Interest-Bearing Liabilities" name="V170" required="true" length="20" type="float" width="20" canEdit="false" editorType="TextItem" />
		<field title="Average Common equity" name="V171" required="true" length="20" type="float" width="20" canEdit="false" editorType="TextItem" />
		<field title="Average Equity" name="V172" required="true" length="20" type="float" width="20" canEdit="false" editorType="TextItem" />
		<field title="Average Customer Deposits" name="V173" required="true" length="20" type="float" width="20" canEdit="false" editorType="TextItem" />
		<field title="Net Income" name="V174" required="true" length="20" type="float" width="20" canEdit="false" editorType="TextItem" />
		<field title="Add: Preferred Stock Dividend" name="V175" required="true" length="20" type="float" width="20" canEdit="false" editorType="TextItem" />
		<field title="Add: Other Adjustments" name="V176" required="true" length="20" type="float" width="20" canEdit="false" editorType="TextItem" />
		<field title="Published Net Income" name="V177" required="true" length="20" type="float" width="20" canEdit="false" editorType="TextItem" />
		<field title="Equity" name="V178" required="true" length="20" type="float" width="20" canEdit="false" editorType="TextItem" />
		<field title="Add: Pref. Shares and Hybrid Capital accounted for as Equity" name="V179" required="true" length="20" type="float" width="20" canEdit="false" editorType="TextItem" />
		<field title="Add: Other Adjustments" name="V180" required="true" length="20" type="float" width="20" canEdit="false" editorType="TextItem" />
		<field title="Published Equity" name="V181" required="true" length="20" type="float" width="20" canEdit="false" editorType="TextItem" />
		<field title="Total Equity as reported (including non-controlling interests)" name="V182" required="true" length="20" type="float" width="20" canEdit="false" editorType="TextItem" />
		<field title="Fair value effect included in own debt/borrowings at fv on the balance sheet – credit component only" name="V183" required="true" length="20" type="float" width="20" canEdit="false" editorType="TextItem" />
		<field title="Non-loss-absorbing non-controlling interests" name="V184" required="true" length="20" type="float" width="20" canEdit="false" editorType="TextItem" />
		<field title="Goodwill" name="V185" required="true" length="20" type="float" width="20" canEdit="false" editorType="TextItem" />
		<field title="Other intangibles" name="V186" required="true" length="20" type="float" width="20" canEdit="false" editorType="TextItem" />
		<field title="Deferred tax assets deduction" name="V187" required="true" length="20" type="float" width="20" canEdit="false" editorType="TextItem" />
		<field title="Net asset value of insurance subsidiaries" name="V188" required="true" length="20" type="float" width="20" canEdit="false" editorType="TextItem" />
		<field title="Embedded value of insurance business" name="V189" required="true" length="20" type="float" width="20" canEdit="false" editorType="TextItem" />
		<field title="First loss tranches of off-balance sheet securitizations" name="V190" required="true" length="20" type="float" width="20" canEdit="false" editorType="TextItem" />
		<field title="Fitch Core Capital" name="V191" required="true" length="20" type="float" width="20" canEdit="false" editorType="TextItem" />
		<field title="Eligible weighted Hybrid capital" name="V192" required="true" length="20" type="float" width="20" canEdit="false" editorType="TextItem" />
		<field title="Government held Hybrid Capital" name="V193" required="true" length="20" type="float" width="20" canEdit="false" editorType="TextItem" />
		<field title="Fitch Eligible Capital" name="V194" required="true" length="20" type="float" width="20" canEdit="false" editorType="TextItem" />
		<field title="Regulatory Tier 1 Capital" name="V195" required="true" length="20" type="float" width="20" canEdit="false" editorType="TextItem" />
		<field title="Total Regulatory Capital" name="V196" required="true" length="20" type="float" width="20" canEdit="false" editorType="TextItem" />
		<field title="Tier 1 Regulatory Capital Ratio" name="V197" required="true" length="20" type="float" width="20" canEdit="false" editorType="TextItem" />
		<field title="Total Regulatory Capital Ratio" name="V198" required="true" length="20" type="float" width="20" canEdit="false" editorType="TextItem" />
		<field title="ROAA" name="V199" required="true" length="20" type="float" width="20" canEdit="false" editorType="TextItem" />
		<field title="ROAE" name="V200" required="true" length="20" type="float" width="20" canEdit="false" editorType="TextItem" />
		<field title="Net Impaired Loans / Equity" name="V201" required="true" length="20" type="float" width="20" canEdit="false" editorType="TextItem" />
		<field title="Common Equity / Total Assets" name="V202" required="true" length="20" type="float" width="20" canEdit="false" editorType="TextItem" />
		<field title="Net Interest Inc Less Preferred Stock Dividend/ Average Earning Assets" name="V203" required="true" length="20" type="float" width="20" canEdit="false" editorType="TextItem" />
		<field title="Pre-Impairment Operating Profit / Risk Weighted Assets" name="V204" required="true" length="20" type="float" width="20" canEdit="false" editorType="TextItem" />
		<field title="Operating Profit / Risk Weighted Assets" name="V205" required="true" length="20" type="float" width="20" canEdit="false" editorType="TextItem" />
		<field title="Net Income/ Risk Weighted Assets" name="V206" required="true" length="20" type="float" width="20" canEdit="false" editorType="TextItem" />
		<field title="Fitch Comprehensive Income/  Risk Weighted Assets" name="V207" required="true" length="20" type="float" width="20" canEdit="false" editorType="TextItem" />
		<field title="Fitch Eligible Capital/ Fitch Adjusted Weighted Risks" name="V208" required="true" length="20" type="float" width="20" canEdit="false" editorType="TextItem" />
		<field title="Core Tier 1 Regulatory Capital Ratio" name="V209" required="true" length="20" type="float" width="20" canEdit="false" editorType="TextItem" />
		<field title="Cash Dividends and Share Repurchase/Net Income" name="V210" required="true" length="20" type="float" width="20" canEdit="false" editorType="TextItem" />
		<field title="Customer Deposits/ Total Funding excl Derivatives" name="V211" required="true" length="20" type="float" width="20" canEdit="false" editorType="TextItem" />
	</fields>
	<operationBindings>
		<operationBinding operationType="update" requiresRole="user"></operationBinding>
		<operationBinding operationType="delete" requiresRole="user"></operationBinding>
		<operationBinding operationType="add" requiresRole="user"></operationBinding>
	   <operationBinding operationType="fetch" requiresRole="user">  
		   <orderClause>VALUEDATE desc</orderClause> 
	  </operationBinding>          
	</operationBindings>  	
</DataSource>