<!--DataSource tableName="pamptest.rctrating"-->
<DataSource tableName="rctrating"
				   ID="rctrating"
	dataSourceVersion="1"
		  serverType="sql">
	<fields>
		<field title="Bank ID" name="BANKID" required="true" type="integer" filterOperator="equals" primaryKey="true" width="80" canEdit="false" align="left" cellAlign="left"/>
		<field title="Rating date" name="RATINGDATE" required="true" type="datetime" displayFormat="toEuropeanShortDate" width="10%" editorType="TextItem" canEdit="false" align="left" cellAlign="left"/>
		<field title="Balance rating" name="BALANCERTG" length="20" type="float" width="10%" canEdit="false" editorType="TextItem"/>
		<field title="Market rating" name="SPREADRTG" length="20" type="float" width="10%" canEdit="false" editorType="TextItem"/>
		<field title="External rating" name="EXTERNRTG" length="20" type="float" width="10%" canEdit="false" editorType="TextItem"/>
		<field title="Proposal rating" name="PROPRTG" required="true" length="20" type="float" width="10%" canEdit="true" editorType="TextItem"/>
		<field title="Status" name="STATUS" required="true" length="1" type="enum" width="10%" canEdit="true" align="left" cellAlign="left">
			<valueMap>  
				<value ID="S">Sent</value> 
				<value ID="N">No Sent</value> 
			</valueMap> 
		</field>
		<field title="Comment" name="COMMENT" required="false" type="text" length="1000" width="20%" canEdit="true" align="left" cellAlign="left" />
		<field title="Note" name="NOTE" required="false" type="text" length="1000" width="20%"  canEdit="true" align="left" cellAlign="left" />
		<field title="Update date" name="UPDDATE" type="datetime" displayFormat="toEuropeanShortDateTime" width="100" editorType="TextItem" align="left" cellAlign="left" canEdit="false" detail="true"/>
		<field title="Update type" name="UPDTYPE"  type="text" escapeHTML="true" canEdit="false" length="1" width="100" align="left" cellAlign="left" detail="true">
		   <valueMap>
				<value ID="C">Create</value>
				<value ID="U">Update</value>
				<value ID="D">Delete</value>
			</valueMap>
		</field>
		<field title="Update user" name="UPDUSR" length="30"  type="text" escapeHTML="true" canEdit="false" width="100" align="left" cellAlign="left" detail="true"/>
   	</fields>
   	<serverObject lookupStyle="new" className="it.ccg.irweb.server.dmi.StandardDMI"/>
  	<operationBindings>
		<operationBinding operationType="update" requiresRole="user"></operationBinding>
		<operationBinding operationType="delete" requiresRole="user"></operationBinding>
		<operationBinding operationType="add" requiresRole="user"></operationBinding>
		   <operationBinding operationType="fetch" requiresRole="user">  
		       <orderClause>RATINGDATE desc</orderClause> 
		   </operationBinding>              
	 </operationBindings>  	
</DataSource>