<!--DataSource tableName="pamptest.RCTTHRSHLD"-->
<DataSource tableName="RCTTHRSHLD"
				   ID="rctthrshld"
	dataSourceVersion="1"
		  serverType="sql">
	<fields>
		<field title="Threshold id" name="THRSHOLDID" required="false" autoGenerated="true" type="sequence" filterOperator="equals" primaryKey="true" width="80" canEdit="false" align="left" cellAlign="left" detail="true"/>
		<field title="Threshold date" name="THRSHLDDTE" required="false" type="datetime" displayFormat="toEuropeanShortDate" width="25%" canEdit="false" align="left" cellAlign="left" />
		<field title="Variable id" name="VARID" required="true" length="20" type="int" width="20" canEdit="false" editorType="TextItem" detail="true" filterOperator="equals"/>
		<field title="Operator" name="THRSHLDOP" length="4" type="text" width="25%" canEdit="false" editorType="TextItem" align="left" cellAlign="left"/>
		<field title="Threshold" name="THRSHLDVAL" required="false" length="20" type="float" width="25%" canEdit="false" editorType="TextItem" align="left" cellAlign="left"/>
		<field title="Coefficient" name="THRSHLDCOE" required="true" length="20" type="float" width="25%" canEdit="false" editorType="TextItem" align="left" cellAlign="left"/>
		<field title="Update date" name="UPDDATE" type="datetime" displayFormat="toEuropeanShortDateTime" width="100" editorType="TextItem" align="left" cellAlign="left" canEdit="false" detail="true"/>
		<field title="Update type" name="UPDTYPE"  type="text" escapeHTML="true" canEdit="false" length="1" width="100" align="left" cellAlign="left" detail="true">
		   <valueMap>
				<value ID="C">Create</value>
				<value ID="U">Update</value>
				<value ID="D">Delete</value>
			</valueMap>
		</field>
		<field title="Update user" name="UPDUSR" length="30"  type="text" escapeHTML="true" canEdit="false" width="100" align="left" cellAlign="left" detail="true"/>
   	</fields>
   	<serverObject lookupStyle="new" className="it.ccg.irweb.server.dmi.StandardDMI"/>
  	<operationBindings>
		<operationBinding operationType="update" requiresRole="user"></operationBinding>
		<operationBinding operationType="delete" requiresRole="user"></operationBinding>
		<operationBinding operationType="add" requiresRole="user"></operationBinding>
	    <!--operationBinding operationType="fetch" requiresRole="user">  
	        <orderClause>THRSHLDVAL asc</orderClause> 
	    </operationBinding--> 
	     <operationBinding operationType="fetch" operationId="complete_threshold_fetch" requiresRole="user">  
	        <orderClause>THRSHLDDTE desc , THRSHLDVAL asc , THRSHOLDID desc</orderClause> 
	    </operationBinding> 
	    <operationBinding operationType="fetch" operationId="threshold_fetch" requiresRole="user">
		    <whereClause><![CDATA[($defaultWhereClause) AND
		    					   THRSHLDDTE = (SELECT MAX(H.THRSHLDDTE) FROM pamptest.RCTTHRSHLD H where H.VARID = $criteria.VARID)]]></whereClause> 
		    <orderClause>THRSHLDVAL asc</orderClause> 
		</operationBinding>             
	 </operationBindings>  	
</DataSource>