<!--DataSource tableName="pamptest.rctvars"-->
<DataSource tableName="rctvars"
				   ID="rctvars"
    dataSourceVersion="1"
	  	   serverType="sql">
	<fields>
		<field title="Parameter id" name="VARID" primaryKey="true" required="true" type="sequence" filterOperator="equals" width="80"  canEdit="false" align="left" cellAlign="left" detail="true"/>
		<field title="Provider" name="PROVIDER" primaryKey="true" required="true" length="1" type="enum" width="15%" canEdit="false" align="left" cellAlign="left" detail="true">
			<valueMap>  
				<value ID="I">Internal</value> 
				<value ID="F">Fitch</value> 
				<value ID="M">Moody's</value> 
				<value ID="S"><![CDATA[S&P]]></value> 
			</valueMap> 
		</field>
		<field title="Variable description" name="VARDESC" required="true" type="text" escapeHTML="true" canEdit="false" length="1" width="55%" align="left" cellAlign="left" />
		<field title="Year setup" name="YEARSETUP" required="true" length="1" type="booleand" width="10%" canEdit="true" align="left" cellAlign="left">
			<valueMap>  
				<value ID="T">True</value> 
				<value ID="F">False</value> 
			</valueMap> 
		</field>
		<field title="Status" name="STATUS" required="true" length="1" type="enum" width="10%" canEdit="true" align="left" cellAlign="left">
			<valueMap>  
				<value ID="E">Enabled</value> 
				<value ID="D">Disabled</value> 
			</valueMap> 
		</field>
		<field title="Daily run" name="DAILYRUN" required="true" length="1" type="booleand" width="10%" canEdit="true" align="left" cellAlign="left" >
			<valueMap>  
				<value ID="T">True</value> 
				<value ID="F">False</value> 
			</valueMap> 
		</field>
		<field title="Update date" name="UPDDATE" type="datetime" displayFormat="toEuropeanShortDateTime" width="100" editorType="TextItem" align="left" cellAlign="left" canEdit="false"/>
		<field title="Update type" name="UPDTYPE"  type="text" escapeHTML="true" canEdit="false" length="1" width="100" align="left" cellAlign="left">
		   <valueMap>
				<value ID="C">Create</value>
				<value ID="U">Update</value>
				<value ID="D">Delete</value>
			</valueMap>
		</field>
		<field title="Update user" name="UPDUSR" length="30"  type="text" escapeHTML="true" canEdit="false" width="100" align="left" cellAlign="left"/>
	</fields>
	<serverObject lookupStyle="new" className="it.ccg.irweb.server.dmi.StandardDMI"/>
	<operationBindings>
		<operationBinding operationType="update" requiresRole="user"></operationBinding>
		<operationBinding operationType="delete" requiresRole="user"></operationBinding>
		<operationBinding operationType="add" requiresRole="user"></operationBinding>
	    <operationBinding operationType="fetch" requiresRole="user">  
		   <orderClause>VARDESC asc</orderClause> 
	   </operationBinding>  
	   <operationBinding operationId="rctvars_fetch" operationType="fetch">
		<whereClause><![CDATA[$defaultWhereClause]]></whereClause> 
		<orderClause>VARDESC asc</orderClause> 			   
			  <!--customSQL>
					SELECT S.BANKID, S.RATINGDATE,S.BALANCERTG,S.SPREADRTG,
					S.EXTERNRTG, S.PROPRTG,	S.APPRRTG,S.APPROVEDBY,S.APPRDATE,S.STATUS,S.COMMENT,S.NOTE,S.RCCOD,S.UPDDATE,S.UPDTYPE,
					S.UPDUSR
					FROM pamptest.rctratingh S
					WHERE ($defaultWhereClause)
					ORDER BY S.APPRDATE desc
			  </customSQL-->
		</operationBinding>        
	</operationBindings>  	
</DataSource> 