Suite/Test/Step Name,Browser,Description,Start time,End time,Duration,Status
Test Suite Firefox v2.04 1_RUN,Firefox 60.0,,2019-08-05 12:10:18,2019-08-05 12:21:06,10m - 48.687s,FAILED
,,,,,,
Test Cases/Imported from Selenium IDE Scripts/ver. 2.04/Firefox/RU03/RU03-NUC01-T01,Firefox 60.0,LiME-  Liquidity  - Liquidity Items - View,2019-08-05 12:10:19,2019-08-05 12:10:39,19.629s,PASSED
"Comment - ""----------------------------------------------------""",Firefox 60.0,,2019-08-05 12:10:20,2019-08-05 12:10:20,0.002s,PASSED
"Comment - ""This test case script is generated by Katalon Studio""",Firefox 60.0,,2019-08-05 12:10:20,2019-08-05 12:10:20,0.009s,PASSED
"Comment - ""Generated date: 09-Oct-2018 09:59:22 AM""",Firefox 60.0,,2019-08-05 12:10:20,2019-08-05 12:10:20,0.021s,PASSED
"Comment - ""File path: H:\Desktop\LiME_2.04\LiME_2.04\CdT\RUN_1\RU03\RU03-NUC01-T01.rctest""",Firefox 60.0,,2019-08-05 12:10:20,2019-08-05 12:10:20,0.005s,PASSED
"Comment - ""LiME-  Liquidity  - Liquidity Items - View""",Firefox 60.0,,2019-08-05 12:10:20,2019-08-05 12:10:20,0.003s,PASSED
"Comment - ""Generated by: masspetracca@gmail.com""",Firefox 60.0,,2019-08-05 12:10:20,2019-08-05 12:10:20,0.021s,PASSED
openBrowser,Firefox 60.0,----------------------------------------------------,2019-08-05 12:10:20,2019-08-05 12:10:30,9.886s,PASSED
navigateToUrl,Firefox 60.0,TC >> RU03-NUC01-T01.rctest,2019-08-05 12:10:30,2019-08-05 12:10:30,0.601s,PASSED
setText,Firefox 60.0,,2019-08-05 12:10:30,2019-08-05 12:10:31,0.410s,PASSED
setText,Firefox 60.0,,2019-08-05 12:10:31,2019-08-05 12:10:31,0.146s,PASSED
click,Firefox 60.0,,2019-08-05 12:10:31,2019-08-05 12:10:32,1.665s,PASSED
navigateToUrl,Firefox 60.0,,2019-08-05 12:10:32,2019-08-05 12:10:34,1.511s,PASSED
click,Firefox 60.0,,2019-08-05 12:10:34,2019-08-05 12:10:37,3.021s,PASSED
rightClick,Firefox 60.0,,2019-08-05 12:10:37,2019-08-05 12:10:38,0.966s,PASSED
closeBrowser,Firefox 60.0,,2019-08-05 12:10:38,2019-08-05 12:10:39,0.543s,PASSED
,,,,,,
Test Cases/Imported from Selenium IDE Scripts/ver. 2.04/Firefox/RU03/RU03-NUC01-T02,Firefox 60.0,LiME-  Liquidity  - Liquidity Items - Staging per intraday margins,2019-08-05 12:10:39,2019-08-05 12:14:52,4m - 13.247s,FAILED
"Comment - ""----------------------------------------------------""",Firefox 60.0,,2019-08-05 12:10:39,2019-08-05 12:10:39,0.000s,PASSED
"Comment - ""This test case script is generated by Katalon Studio""",Firefox 60.0,,2019-08-05 12:10:39,2019-08-05 12:10:39,0.000s,PASSED
"Comment - ""Generated date: 09-Oct-2018 09:59:22 AM""",Firefox 60.0,,2019-08-05 12:10:39,2019-08-05 12:10:39,0.009s,PASSED
"Comment - ""File path: H:\Desktop\LiME_2.04\LiME_2.04\CdT\RUN_1\RU03\RU03-NUC01-T02.rctest""",Firefox 60.0,,2019-08-05 12:10:39,2019-08-05 12:10:39,0.006s,PASSED
"Comment - ""LiME-  Liquidity  - Liquidity Items - Staging per intraday margins""",Firefox 60.0,,2019-08-05 12:10:39,2019-08-05 12:10:39,0.002s,PASSED
"Comment - ""Generated by: masspetracca@gmail.com""",Firefox 60.0,,2019-08-05 12:10:39,2019-08-05 12:10:39,0.000s,PASSED
openBrowser,Firefox 60.0,----------------------------------------------------,2019-08-05 12:10:39,2019-08-05 12:10:43,4.314s,PASSED
navigateToUrl,Firefox 60.0,TC >> RU03-NUC01-T02.rctest,2019-08-05 12:10:43,2019-08-05 12:10:44,0.919s,PASSED
setText,Firefox 60.0,,2019-08-05 12:10:44,2019-08-05 12:10:44,0.125s,PASSED
setText,Firefox 60.0,,2019-08-05 12:10:44,2019-08-05 12:10:44,0.104s,PASSED
click,Firefox 60.0,,2019-08-05 12:10:44,2019-08-05 12:10:46,1.442s,PASSED
navigateToUrl,Firefox 60.0,,2019-08-05 12:10:46,2019-08-05 12:10:47,1.045s,PASSED
click,Firefox 60.0,,2019-08-05 12:10:47,2019-08-05 12:10:50,2.705s,PASSED
rightClick,Firefox 60.0,,2019-08-05 12:10:50,2019-08-05 12:10:50,0.317s,PASSED
click,Firefox 60.0,,2019-08-05 12:10:50,2019-08-05 12:11:27,37.085s,FAILED
click,Firefox 60.0,,2019-08-05 12:11:27,2019-08-05 12:12:08,41.076s,FAILED
click,Firefox 60.0,,2019-08-05 12:12:08,2019-08-05 12:12:45,36.782s,FAILED
click,Firefox 60.0,,2019-08-05 12:12:45,2019-08-05 12:13:40,54.876s,FAILED
click,Firefox 60.0,,2019-08-05 12:13:40,2019-08-05 12:14:24,44.651s,FAILED
click,Firefox 60.0,,2019-08-05 12:14:24,2019-08-05 12:14:52,27.112s,FAILED
rightClick,Firefox 60.0,,2019-08-05 12:14:52,2019-08-05 12:14:52,0.013s,FAILED
click,Firefox 60.0,,2019-08-05 12:14:52,2019-08-05 12:14:52,0.042s,FAILED
click,Firefox 60.0,,2019-08-05 12:14:52,2019-08-05 12:14:52,0.040s,FAILED
closeBrowser,Firefox 60.0,,2019-08-05 12:14:52,2019-08-05 12:14:52,0.060s,FAILED
,,,,,,
Test Cases/Imported from Selenium IDE Scripts/ver. 2.04/Firefox/RU20/RU20-NUC01-T01,Firefox 60.0,LiME - Data Staging Stress - Central bank for sec. Withdraw stg - View,2019-08-05 12:14:52,2019-08-05 12:15:06,14.159s,PASSED
"Comment - ""----------------------------------------------------""",Firefox 60.0,,2019-08-05 12:14:52,2019-08-05 12:14:52,0.001s,PASSED
"Comment - ""This test case script is generated by Katalon Studio""",Firefox 60.0,,2019-08-05 12:14:52,2019-08-05 12:14:52,0.001s,PASSED
"Comment - ""Generated date: 09-Oct-2018 09:59:22 AM""",Firefox 60.0,,2019-08-05 12:14:52,2019-08-05 12:14:52,0.000s,PASSED
"Comment - ""File path: H:\Desktop\LiME_2.04\LiME_2.04\CdT\RUN_1\RU20\RU20-NUC01-T01.rctest""",Firefox 60.0,,2019-08-05 12:14:52,2019-08-05 12:14:52,0.001s,PASSED
"Comment - ""LiME - Data Staging Stress - Central bank for sec. Withdraw stg""",Firefox 60.0,,2019-08-05 12:14:52,2019-08-05 12:14:52,0.000s,PASSED
"Comment - ""Generated by: masspetracca@gmail.com""",Firefox 60.0,,2019-08-05 12:14:52,2019-08-05 12:14:52,0.001s,PASSED
openBrowser,Firefox 60.0,----------------------------------------------------,2019-08-05 12:14:52,2019-08-05 12:14:56,4.014s,PASSED
navigateToUrl,Firefox 60.0,TC >> RU20-NUC01-T01.rctest,2019-08-05 12:14:56,2019-08-05 12:14:57,0.469s,PASSED
setText,Firefox 60.0,,2019-08-05 12:14:57,2019-08-05 12:14:57,0.145s,PASSED
setText,Firefox 60.0,,2019-08-05 12:14:57,2019-08-05 12:14:57,0.549s,PASSED
click,Firefox 60.0,,2019-08-05 12:14:57,2019-08-05 12:14:59,1.418s,PASSED
navigateToUrl,Firefox 60.0,,2019-08-05 12:14:59,2019-08-05 12:15:00,1.078s,PASSED
click,Firefox 60.0,,2019-08-05 12:15:00,2019-08-05 12:15:06,5.844s,PASSED
closeBrowser,Firefox 60.0,,2019-08-05 12:15:06,2019-08-05 12:15:06,0.352s,PASSED
,,,,,,
Test Cases/Imported from Selenium IDE Scripts/ver. 2.04/Firefox/RU20/RU20-NUC01-T02,Firefox 60.0,LiME - Data Staging Stress - Central bank for sec. Withdraw stg - Editing,2019-08-05 12:15:06,2019-08-05 12:17:59,2m - 52.999s,FAILED
"Comment - ""----------------------------------------------------""",Firefox 60.0,,2019-08-05 12:15:06,2019-08-05 12:15:06,0.001s,PASSED
"Comment - ""This test case script is generated by Katalon Studio""",Firefox 60.0,,2019-08-05 12:15:06,2019-08-05 12:15:06,0.001s,PASSED
"Comment - ""Generated date: 09-Oct-2018 09:59:22 AM""",Firefox 60.0,,2019-08-05 12:15:06,2019-08-05 12:15:06,0.001s,PASSED
"Comment - ""File path: H:\Desktop\LiME_2.04\LiME_2.04\CdT\RUN_1\RU20\RU20-NUC01-T02.rctest""",Firefox 60.0,,2019-08-05 12:15:06,2019-08-05 12:15:06,0.000s,PASSED
"Comment - ""LiME - Data Staging Stress - Central bank for sec. Withdraw stg - Editing""",Firefox 60.0,,2019-08-05 12:15:06,2019-08-05 12:15:06,0.000s,PASSED
"Comment - ""Generated by: masspetracca@gmail.com""",Firefox 60.0,,2019-08-05 12:15:06,2019-08-05 12:15:06,0.001s,PASSED
openBrowser,Firefox 60.0,----------------------------------------------------,2019-08-05 12:15:06,2019-08-05 12:15:11,5.043s,PASSED
navigateToUrl,Firefox 60.0,TC >> RU20-NUC01-T02.rctest,2019-08-05 12:15:11,2019-08-05 12:15:12,0.482s,PASSED
setText,Firefox 60.0,,2019-08-05 12:15:12,2019-08-05 12:15:12,0.231s,PASSED
setText,Firefox 60.0,,2019-08-05 12:15:12,2019-08-05 12:15:12,0.145s,PASSED
click,Firefox 60.0,,2019-08-05 12:15:12,2019-08-05 12:15:14,1.655s,PASSED
navigateToUrl,Firefox 60.0,TC >> RU20-NUC01-T02.rctest,2019-08-05 12:15:14,2019-08-05 12:15:15,1.090s,PASSED
click,Firefox 60.0,,2019-08-05 12:15:15,2019-08-05 12:15:21,6.655s,PASSED
click,Firefox 60.0,,2019-08-05 12:15:21,2019-08-05 12:15:39,17.012s,PASSED
click,Firefox 60.0,,2019-08-05 12:15:39,2019-08-05 12:16:22,43.947s,FAILED
click,Firefox 60.0,,2019-08-05 12:16:22,2019-08-05 12:16:56,33.313s,FAILED
click,Firefox 60.0,,2019-08-05 12:16:56,2019-08-05 12:17:34,38.539s,FAILED
click,Firefox 60.0,,2019-08-05 12:17:34,2019-08-05 12:17:59,24.417s,FAILED
click,Firefox 60.0,,2019-08-05 12:17:59,2019-08-05 12:17:59,0.021s,FAILED
click,Firefox 60.0,,2019-08-05 12:17:59,2019-08-05 12:17:59,0.011s,FAILED
click,Firefox 60.0,,2019-08-05 12:17:59,2019-08-05 12:17:59,0.013s,FAILED
click,Firefox 60.0,,2019-08-05 12:17:59,2019-08-05 12:17:59,0.031s,FAILED
closeBrowser,Firefox 60.0,,2019-08-05 12:17:59,2019-08-05 12:17:59,0.067s,FAILED
,,,,,,
Test Cases/Imported from Selenium IDE Scripts/ver. 2.04/Firefox/RU26/RU26-NUC01-T01,Firefox 60.0,LiME -  Liquidity SWAP - Liq. Swap - View,2019-08-05 12:17:59,2019-08-05 12:18:38,39.312s,FAILED
"Comment - ""----------------------------------------------------""",Firefox 60.0,,2019-08-05 12:17:59,2019-08-05 12:17:59,0.001s,PASSED
"Comment - ""This test case script is generated by Katalon Studio""",Firefox 60.0,,2019-08-05 12:17:59,2019-08-05 12:17:59,0.000s,PASSED
"Comment - ""Generated date: 09-Oct-2018 09:59:22 AM""",Firefox 60.0,,2019-08-05 12:17:59,2019-08-05 12:17:59,0.001s,PASSED
"Comment - ""File path: H:\Desktop\LiME_2.04\LiME_2.04\CdT\RUN_1\RU26\RU26-NUC01-T01.rctest""",Firefox 60.0,,2019-08-05 12:17:59,2019-08-05 12:17:59,0.000s,PASSED
"Comment - ""LiME -  Liquidity SWAP - Liq. Swap""",Firefox 60.0,,2019-08-05 12:17:59,2019-08-05 12:17:59,0.000s,PASSED
"Comment - ""Generated by: masspetracca@gmail.com""",Firefox 60.0,,2019-08-05 12:17:59,2019-08-05 12:17:59,0.000s,PASSED
openBrowser,Firefox 60.0,----------------------------------------------------,2019-08-05 12:17:59,2019-08-05 12:18:03,4.005s,PASSED
navigateToUrl,Firefox 60.0,TC >> RU26-NUC01-T01.rctest,2019-08-05 12:18:03,2019-08-05 12:18:04,0.362s,PASSED
setText,Firefox 60.0,,2019-08-05 12:18:04,2019-08-05 12:18:04,0.123s,PASSED
setText,Firefox 60.0,,2019-08-05 12:18:04,2019-08-05 12:18:04,0.143s,PASSED
click,Firefox 60.0,,2019-08-05 12:18:04,2019-08-05 12:18:05,1.494s,PASSED
navigateToUrl,Firefox 60.0,,2019-08-05 12:18:05,2019-08-05 12:18:06,1.062s,PASSED
click,Firefox 60.0,,2019-08-05 12:18:06,2019-08-05 12:18:38,31.490s,FAILED
closeBrowser,Firefox 60.0,,2019-08-05 12:18:38,2019-08-05 12:18:38,0.353s,PASSED
,,,,,,
Test Cases/Imported from Selenium IDE Scripts/ver. 2.04/Firefox/RU26/RU26-NUC01-T02,Firefox 60.0,LiME -  Liquidity SWAP - Liq. Swap - Filters,2019-08-05 12:18:38,2019-08-05 12:19:37,59.213s,FAILED
"Comment - ""----------------------------------------------------""",Firefox 60.0,,2019-08-05 12:18:39,2019-08-05 12:18:39,0.001s,PASSED
"Comment - ""This test case script is generated by Katalon Studio""",Firefox 60.0,,2019-08-05 12:18:39,2019-08-05 12:18:39,0.000s,PASSED
"Comment - ""Generated date: 09-Oct-2018 09:59:22 AM""",Firefox 60.0,,2019-08-05 12:18:39,2019-08-05 12:18:39,0.000s,PASSED
"Comment - ""File path: H:\Desktop\LiME_2.04\LiME_2.04\CdT\RUN_1\RU26\RU26-NUC01-T02.rctest""",Firefox 60.0,,2019-08-05 12:18:39,2019-08-05 12:18:39,0.000s,PASSED
"Comment - ""LiME -  Liquidity SWAP - Liq. Swap - Filters""",Firefox 60.0,,2019-08-05 12:18:39,2019-08-05 12:18:39,0.000s,PASSED
"Comment - ""Generated by: masspetracca@gmail.com""",Firefox 60.0,,2019-08-05 12:18:39,2019-08-05 12:18:39,0.001s,PASSED
openBrowser,Firefox 60.0,----------------------------------------------------,2019-08-05 12:18:39,2019-08-05 12:18:42,3.938s,PASSED
navigateToUrl,Firefox 60.0,TC >> RU26-NUC01-T02.rctest,2019-08-05 12:18:42,2019-08-05 12:18:43,0.697s,PASSED
setText,Firefox 60.0,,2019-08-05 12:18:43,2019-08-05 12:18:43,0.101s,PASSED
setText,Firefox 60.0,,2019-08-05 12:18:43,2019-08-05 12:18:43,0.092s,PASSED
click,Firefox 60.0,,2019-08-05 12:18:43,2019-08-05 12:18:46,2.939s,PASSED
navigateToUrl,Firefox 60.0,,2019-08-05 12:18:46,2019-08-05 12:18:47,1.120s,PASSED
click,Firefox 60.0,,2019-08-05 12:18:47,2019-08-05 12:18:56,8.465s,PASSED
click,Firefox 60.0,,2019-08-05 12:18:56,2019-08-05 12:19:00,4.344s,PASSED
click,Firefox 60.0,,2019-08-05 12:19:00,2019-08-05 12:19:37,36.727s,FAILED
closeBrowser,Firefox 60.0,,2019-08-05 12:19:37,2019-08-05 12:19:37,0.515s,PASSED
,,,,,,
Test Cases/Imported from Selenium IDE Scripts/ver. 2.04/Firefox/RU27/RU27-NUC01-T01,Firefox 60.0,LiME -  Liquidity stress - stress Mkt. Conditions - View,2019-08-05 12:19:37,2019-08-05 12:20:05,27.725s,FAILED
"Comment - ""----------------------------------------------------""",Firefox 60.0,,2019-08-05 12:19:38,2019-08-05 12:19:38,0.001s,PASSED
"Comment - ""This test case script is generated by Katalon Studio""",Firefox 60.0,,2019-08-05 12:19:38,2019-08-05 12:19:38,0.000s,PASSED
"Comment - ""Generated date: 09-Oct-2018 09:59:22 AM""",Firefox 60.0,,2019-08-05 12:19:38,2019-08-05 12:19:38,0.000s,PASSED
"Comment - ""File path: H:\Desktop\LiME_2.04\LiME_2.04\CdT\RUN_1\RU27\RU27-NUC01-T01.rctest""",Firefox 60.0,,2019-08-05 12:19:38,2019-08-05 12:19:38,0.000s,PASSED
"Comment - ""LiME -  Liquidity stress - stress Mkt. Conditions""",Firefox 60.0,,2019-08-05 12:19:38,2019-08-05 12:19:38,0.000s,PASSED
"Comment - ""Generated by: masspetracca@gmail.com""",Firefox 60.0,,2019-08-05 12:19:38,2019-08-05 12:19:38,0.001s,PASSED
openBrowser,Firefox 60.0,----------------------------------------------------,2019-08-05 12:19:38,2019-08-05 12:19:50,12.432s,PASSED
navigateToUrl,Firefox 60.0,TC >> RU27-NUC01-T01.rctest,2019-08-05 12:19:50,2019-08-05 12:19:51,0.362s,PASSED
setText,Firefox 60.0,,2019-08-05 12:19:51,2019-08-05 12:19:51,0.059s,PASSED
setText,Firefox 60.0,,2019-08-05 12:19:51,2019-08-05 12:19:51,0.058s,PASSED
click,Firefox 60.0,,2019-08-05 12:19:51,2019-08-05 12:19:52,1.388s,PASSED
navigateToUrl,Firefox 60.0,,2019-08-05 12:19:52,2019-08-05 12:19:53,1.222s,PASSED
click,Firefox 60.0,,2019-08-05 12:19:53,2019-08-05 12:20:04,10.827s,FAILED
closeBrowser,Firefox 60.0,,2019-08-05 12:20:04,2019-08-05 12:20:05,1.122s,PASSED
,,,,,,
Test Cases/Imported from Selenium IDE Scripts/ver. 2.04/Firefox/RU27/RU27-NUC01-T02,Firefox 60.0,LiME -  Liquidity stress - stress Mkt. Conditions - Filters,2019-08-05 12:20:05,2019-08-05 12:20:55,49.451s,FAILED
"Comment - ""----------------------------------------------------""",Firefox 60.0,,2019-08-05 12:20:06,2019-08-05 12:20:06,0.000s,PASSED
"Comment - ""This test case script is generated by Katalon Studio""",Firefox 60.0,,2019-08-05 12:20:06,2019-08-05 12:20:06,0.001s,PASSED
"Comment - ""Generated date: 09-Oct-2018 09:59:22 AM""",Firefox 60.0,,2019-08-05 12:20:06,2019-08-05 12:20:06,0.000s,PASSED
"Comment - ""File path: H:\Desktop\LiME_2.04\LiME_2.04\CdT\RUN_1\RU27\RU27-NUC01-T02.rctest""",Firefox 60.0,,2019-08-05 12:20:06,2019-08-05 12:20:06,0.000s,PASSED
"Comment - ""LiME -  Liquidity stress - stress Mkt. Conditions - Filters""",Firefox 60.0,,2019-08-05 12:20:06,2019-08-05 12:20:06,0.001s,PASSED
"Comment - ""Generated by: masspetracca@gmail.com""",Firefox 60.0,,2019-08-05 12:20:06,2019-08-05 12:20:06,0.001s,PASSED
openBrowser,Firefox 60.0,----------------------------------------------------,2019-08-05 12:20:06,2019-08-05 12:20:10,4.417s,PASSED
navigateToUrl,Firefox 60.0,TC >> RU27-NUC01-T02.rctest,2019-08-05 12:20:10,2019-08-05 12:20:11,0.736s,PASSED
setText,Firefox 60.0,,2019-08-05 12:20:11,2019-08-05 12:20:11,0.193s,PASSED
setText,Firefox 60.0,,2019-08-05 12:20:11,2019-08-05 12:20:11,0.089s,PASSED
click,Firefox 60.0,,2019-08-05 12:20:11,2019-08-05 12:20:16,4.768s,PASSED
navigateToUrl,Firefox 60.0,,2019-08-05 12:20:16,2019-08-05 12:20:17,1.485s,PASSED
click,Firefox 60.0,,2019-08-05 12:20:17,2019-08-05 12:20:24,6.214s,PASSED
click,Firefox 60.0,,2019-08-05 12:20:24,2019-08-05 12:20:24,0.001s,NOT_RUN
rightClick,Firefox 60.0,,2019-08-05 12:20:24,2019-08-05 12:20:24,0.241s,PASSED
click,Firefox 60.0,,2019-08-05 12:20:24,2019-08-05 12:20:54,30.712s,FAILED
setText,Firefox 60.0,,2019-08-05 12:20:54,2019-08-05 12:20:55,0.153s,PASSED
sendKeys,Firefox 60.0,,2019-08-05 12:20:55,2019-08-05 12:20:55,0.005s,PASSED
,,,,,,
Test Cases/Imported from Selenium IDE Scripts/ver. 2.04/Firefox/RU27/RU27-NUC01-T04,Firefox 60.0,LiME -  Liquidity stress - stress Mkt. Conditions - Details,2019-08-05 12:20:55,2019-08-05 12:21:06,11.720s,PASSED
"Comment - ""----------------------------------------------------""",Firefox 60.0,,2019-08-05 12:20:55,2019-08-05 12:20:55,0.001s,PASSED
"Comment - ""This test case script is generated by Katalon Studio""",Firefox 60.0,,2019-08-05 12:20:55,2019-08-05 12:20:55,0.000s,PASSED
"Comment - ""Generated date: 09-Oct-2018 09:59:22 AM""",Firefox 60.0,,2019-08-05 12:20:55,2019-08-05 12:20:55,0.000s,PASSED
"Comment - ""File path: H:\Desktop\LiME_2.04\LiME_2.04\CdT\RUN_1\RU27\RU27-NUC01-T04.rctest""",Firefox 60.0,,2019-08-05 12:20:55,2019-08-05 12:20:55,0.001s,PASSED
"Comment - ""LiME -  Liquidity stress - stress Mkt. Conditions - Details""",Firefox 60.0,,2019-08-05 12:20:55,2019-08-05 12:20:55,0.000s,PASSED
"Comment - ""Generated by: masspetracca@gmail.com""",Firefox 60.0,,2019-08-05 12:20:55,2019-08-05 12:20:55,0.000s,PASSED
openBrowser,Firefox 60.0,----------------------------------------------------,2019-08-05 12:20:55,2019-08-05 12:20:59,4.358s,PASSED
navigateToUrl,Firefox 60.0,TC >> RU27-NUC01-T02.rctest,2019-08-05 12:20:59,2019-08-05 12:21:00,0.442s,PASSED
setText,Firefox 60.0,,2019-08-05 12:21:00,2019-08-05 12:21:00,0.153s,PASSED
setText,Firefox 60.0,,2019-08-05 12:21:00,2019-08-05 12:21:00,0.114s,PASSED
click,Firefox 60.0,,2019-08-05 12:21:00,2019-08-05 12:21:02,1.740s,PASSED
navigateToUrl,Firefox 60.0,,2019-08-05 12:21:02,2019-08-05 12:21:03,1.109s,PASSED
click,Firefox 60.0,,2019-08-05 12:21:03,2019-08-05 12:21:06,2.666s,PASSED
closeBrowser,Firefox 60.0,,2019-08-05 12:21:06,2019-08-05 12:21:06,0.840s,PASSED
