Suite/Test/Step Name,Browser,Description,Start time,End time,Duration,Status
Test Suite_ver2.60 - Chrome,Chrome 72.0.3626.121,,2019-03-18 09:57:14,2019-03-18 10:06:13,8m - 59.758s,FAILED
,,,,,,
Test Cases/Imported from Selenium IDE Scripts/ver. 2.60/RU09 - Chrome/RU09-NUC01-T01,Chrome 72.0.3626.121,PAMP -  Portfolio B. T.  Eq./Der. -  Member Results - View,2019-03-18 09:57:14,2019-03-18 09:57:58,43.263s,FAILED
"Comment - ""----------------------------------------------------""",Chrome 72.0.3626.121,,2019-03-18 09:57:16,2019-03-18 09:57:16,0.003s,PASSED
"Comment - ""This test case script is generated by Katalon Studio""",Chrome 72.0.3626.121,,2019-03-18 09:57:16,2019-03-18 09:57:16,0.000s,PASSED
"Comment - ""Generated date: 09-Oct-2018 09:59:22 AM""",Chrome 72.0.3626.121,,2019-03-18 09:57:16,2019-03-18 09:57:16,0.005s,PASSED
"Comment - ""File path: H:\Desktop\PAMP_2.58a\PAMP_2.58a\CdT\RUN_1\RU09\RU09-NUC01-T01.rctest""",Chrome 72.0.3626.121,,2019-03-18 09:57:16,2019-03-18 09:57:16,0.012s,PASSED
"Comment - ""Generated by: masspetracca@gmail.com""",Chrome 72.0.3626.121,,2019-03-18 09:57:16,2019-03-18 09:57:16,0.041s,PASSED
openBrowser,Chrome 72.0.3626.121,----------------------------------------------------,2019-03-18 09:57:16,2019-03-18 09:57:28,12.172s,PASSED
navigateToUrl,Chrome 72.0.3626.121,TC >> RU09-NUC01-T01.rctest,2019-03-18 09:57:28,2019-03-18 09:57:29,1.197s,PASSED
setText,Chrome 72.0.3626.121,,2019-03-18 09:57:29,2019-03-18 09:57:30,1.116s,PASSED
setText,Chrome 72.0.3626.121,,2019-03-18 09:57:30,2019-03-18 09:57:31,0.671s,PASSED
click,Chrome 72.0.3626.121,,2019-03-18 09:57:31,2019-03-18 09:57:35,3.693s,PASSED
navigateToUrl,Chrome 72.0.3626.121,,2019-03-18 09:57:35,2019-03-18 09:57:37,1.908s,PASSED
click,Chrome 72.0.3626.121,,2019-03-18 09:57:37,2019-03-18 09:57:41,4.333s,PASSED
click,Chrome 72.0.3626.121,,2019-03-18 09:57:41,2019-03-18 09:57:41,0.023s,NOT_RUN
click,Chrome 72.0.3626.121,,2019-03-18 09:57:41,2019-03-18 09:57:56,14.446s,FAILED
,,,,,,
Test Cases/Imported from Selenium IDE Scripts/ver. 2.60/RU09 - Chrome/RU09-NUC01-T02,Chrome 72.0.3626.121,PAMP -  Portfolio B. T.  Eq./Der. -  Member Results - Filters,2019-03-18 09:57:58,2019-03-18 09:58:32,34.808s,FAILED
"Comment - ""----------------------------------------------------""",Chrome 72.0.3626.121,,2019-03-18 09:57:58,2019-03-18 09:57:58,0.002s,PASSED
"Comment - ""This test case script is generated by Katalon Studio""",Chrome 72.0.3626.121,,2019-03-18 09:57:58,2019-03-18 09:57:58,0.003s,PASSED
"Comment - ""Generated date: 09-Oct-2018 09:59:22 AM""",Chrome 72.0.3626.121,,2019-03-18 09:57:58,2019-03-18 09:57:58,0.001s,PASSED
"Comment - ""File path: H:\Desktop\PAMP_2.58a\PAMP_2.58a\CdT\RUN_1\RU09\RU09-NUC01-T02.rctest""",Chrome 72.0.3626.121,,2019-03-18 09:57:58,2019-03-18 09:57:58,0.000s,PASSED
"Comment - ""Generated by: masspetracca@gmail.com""",Chrome 72.0.3626.121,,2019-03-18 09:57:58,2019-03-18 09:57:58,0.000s,PASSED
openBrowser,Chrome 72.0.3626.121,----------------------------------------------------,2019-03-18 09:57:58,2019-03-18 09:58:05,6.436s,PASSED
navigateToUrl,Chrome 72.0.3626.121,TC >> RU09-NUC01-T02.rctest,2019-03-18 09:58:05,2019-03-18 09:58:06,1.030s,PASSED
setText,Chrome 72.0.3626.121,,2019-03-18 09:58:06,2019-03-18 09:58:06,0.582s,PASSED
setText,Chrome 72.0.3626.121,,2019-03-18 09:58:06,2019-03-18 09:58:07,0.596s,PASSED
click,Chrome 72.0.3626.121,,2019-03-18 09:58:07,2019-03-18 09:58:10,3.141s,PASSED
navigateToUrl,Chrome 72.0.3626.121,,2019-03-18 09:58:10,2019-03-18 09:58:12,1.905s,PASSED
click,Chrome 72.0.3626.121,,2019-03-18 09:58:12,2019-03-18 09:58:15,3.152s,PASSED
click,Chrome 72.0.3626.121,,2019-03-18 09:58:15,2019-03-18 09:58:15,0.001s,NOT_RUN
click,Chrome 72.0.3626.121,,2019-03-18 09:58:15,2019-03-18 09:58:30,15.260s,FAILED
,,,,,,
Test Cases/Imported from Selenium IDE Scripts/ver. 2.60/RU09 - Chrome/RU09-NUC01-T03,Chrome 72.0.3626.121,PAMP -  Portfolio B. T.  Eq./Der. -  Member Results - Grouping,2019-03-18 09:58:33,2019-03-18 09:59:16,43.150s,PASSED
"Comment - ""----------------------------------------------------""",Chrome 72.0.3626.121,,2019-03-18 09:58:33,2019-03-18 09:58:33,0.000s,PASSED
"Comment - ""This test case script is generated by Katalon Studio""",Chrome 72.0.3626.121,,2019-03-18 09:58:33,2019-03-18 09:58:33,0.038s,PASSED
"Comment - ""Generated date: 09-Oct-2018 09:59:22 AM""",Chrome 72.0.3626.121,,2019-03-18 09:58:33,2019-03-18 09:58:33,0.000s,PASSED
"Comment - ""File path: H:\Desktop\PAMP_2.58a\PAMP_2.58a\CdT\RUN_1\RU09\RU09-NUC01-T03.rctest""",Chrome 72.0.3626.121,,2019-03-18 09:58:33,2019-03-18 09:58:33,0.000s,PASSED
"Comment - ""Generated by: masspetracca@gmail.com""",Chrome 72.0.3626.121,,2019-03-18 09:58:33,2019-03-18 09:58:33,0.000s,PASSED
openBrowser,Chrome 72.0.3626.121,----------------------------------------------------,2019-03-18 09:58:33,2019-03-18 09:58:41,7.928s,PASSED
navigateToUrl,Chrome 72.0.3626.121,TC >> RU09-NUC01-T03.rctest,2019-03-18 09:58:41,2019-03-18 09:58:42,1.098s,PASSED
setText,Chrome 72.0.3626.121,,2019-03-18 09:58:42,2019-03-18 09:58:43,0.653s,PASSED
setText,Chrome 72.0.3626.121,,2019-03-18 09:58:43,2019-03-18 09:58:43,0.538s,PASSED
click,Chrome 72.0.3626.121,,2019-03-18 09:58:43,2019-03-18 09:58:46,3.143s,PASSED
navigateToUrl,Chrome 72.0.3626.121,,2019-03-18 09:58:46,2019-03-18 09:58:48,1.773s,PASSED
click,Chrome 72.0.3626.121,,2019-03-18 09:58:48,2019-03-18 09:58:51,3.402s,PASSED
click,Chrome 72.0.3626.121,,2019-03-18 09:58:51,2019-03-18 09:58:51,0.002s,NOT_RUN
click,Chrome 72.0.3626.121,,2019-03-18 09:58:51,2019-03-18 09:58:51,0.001s,NOT_RUN
click,Chrome 72.0.3626.121,,2019-03-18 09:58:51,2019-03-18 09:59:09,17.902s,PASSED
click,Chrome 72.0.3626.121,,2019-03-18 09:59:09,2019-03-18 09:59:11,1.350s,PASSED
closeBrowser,Chrome 72.0.3626.121,,2019-03-18 09:59:11,2019-03-18 09:59:13,2.802s,PASSED
,,,,,,
Test Cases/Imported from Selenium IDE Scripts/ver. 2.60/RU09 - Chrome/RU09-NUC02-T01,Chrome 72.0.3626.121,PAMP -  Portfolio B. T.  Eq./Der. -  Member Results - View,2019-03-18 09:59:16,2019-03-18 09:59:34,18.494s,FAILED
"Comment - ""----------------------------------------------------""",Chrome 72.0.3626.121,,2019-03-18 09:59:16,2019-03-18 09:59:16,0.023s,PASSED
"Comment - ""This test case script is generated by Katalon Studio""",Chrome 72.0.3626.121,,2019-03-18 09:59:16,2019-03-18 09:59:16,0.001s,PASSED
"Comment - ""Generated date: 09-Oct-2018 09:59:22 AM""",Chrome 72.0.3626.121,,2019-03-18 09:59:16,2019-03-18 09:59:16,0.000s,PASSED
"Comment - ""File path: H:\Desktop\PAMP_2.58a\PAMP_2.58a\CdT\RUN_1\RU09\RU09-NUC02-T01.rctest""",Chrome 72.0.3626.121,,2019-03-18 09:59:16,2019-03-18 09:59:16,0.001s,PASSED
"Comment - ""Generated by: masspetracca@gmail.com""",Chrome 72.0.3626.121,,2019-03-18 09:59:16,2019-03-18 09:59:16,0.001s,PASSED
openBrowser,Chrome 72.0.3626.121,----------------------------------------------------,2019-03-18 09:59:16,2019-03-18 09:59:22,5.383s,PASSED
navigateToUrl,Chrome 72.0.3626.121,TC >> RU09-NUC02-T01.rctest,2019-03-18 09:59:22,2019-03-18 09:59:23,1.211s,PASSED
setText,Chrome 72.0.3626.121,,2019-03-18 09:59:23,2019-03-18 09:59:23,0.584s,PASSED
setText,Chrome 72.0.3626.121,,2019-03-18 09:59:23,2019-03-18 09:59:24,0.518s,PASSED
click,Chrome 72.0.3626.121,,2019-03-18 09:59:24,2019-03-18 09:59:27,3.034s,PASSED
navigateToUrl,Chrome 72.0.3626.121,,2019-03-18 09:59:27,2019-03-18 09:59:28,1.081s,PASSED
click,Chrome 72.0.3626.121,,2019-03-18 09:59:28,2019-03-18 09:59:28,0.002s,NOT_RUN
click,Chrome 72.0.3626.121,,2019-03-18 09:59:28,2019-03-18 09:59:32,4.087s,FAILED
,,,,,,
Test Cases/Imported from Selenium IDE Scripts/ver. 2.60/RU09 - Chrome/RU09-NUC02-T02,Chrome 72.0.3626.121,PAMP -  Portfolio B. T.  Eq./Der. -  Member Results - Filters,2019-03-18 09:59:34,2019-03-18 10:00:43,1m - 8.725s,FAILED
"Comment - ""----------------------------------------------------""",Chrome 72.0.3626.121,,2019-03-18 09:59:35,2019-03-18 09:59:35,0.001s,PASSED
"Comment - ""This test case script is generated by Katalon Studio""",Chrome 72.0.3626.121,,2019-03-18 09:59:35,2019-03-18 09:59:35,0.000s,PASSED
"Comment - ""Generated date: 09-Oct-2018 09:59:22 AM""",Chrome 72.0.3626.121,,2019-03-18 09:59:35,2019-03-18 09:59:35,0.001s,PASSED
"Comment - ""File path: H:\Desktop\PAMP_2.58a\PAMP_2.58a\CdT\RUN_1\RU09\RU09-NUC02-T02.rctest""",Chrome 72.0.3626.121,,2019-03-18 09:59:35,2019-03-18 09:59:35,0.000s,PASSED
"Comment - ""Generated by: masspetracca@gmail.com""",Chrome 72.0.3626.121,,2019-03-18 09:59:35,2019-03-18 09:59:35,0.000s,PASSED
"Comment - ""----------------------------------------------------""",Chrome 72.0.3626.121,,2019-03-18 09:59:35,2019-03-18 09:59:35,0.000s,PASSED
"Comment - ""TC >> RU09-NUC02-T02.rctest""",Chrome 72.0.3626.121,,2019-03-18 09:59:35,2019-03-18 09:59:35,0.000s,PASSED
"Comment - ""----------------------------------------------------""",Chrome 72.0.3626.121,,2019-03-18 09:59:35,2019-03-18 09:59:35,0.001s,PASSED
"Comment - ""This test case script is generated by Katalon Studio""",Chrome 72.0.3626.121,,2019-03-18 09:59:35,2019-03-18 09:59:35,0.005s,PASSED
"Comment - ""Generated date: 09-Oct-2018 09:59:22 AM""",Chrome 72.0.3626.121,,2019-03-18 09:59:35,2019-03-18 09:59:35,0.002s,PASSED
"Comment - ""File path: H:\Desktop\PAMP_2.58a\PAMP_2.58a\CdT\RUN_1\RU09\RU09-NUC02-T02.rctest""",Chrome 72.0.3626.121,,2019-03-18 09:59:35,2019-03-18 09:59:35,0.000s,PASSED
"Comment - ""Generated by: masspetracca@gmail.com""",Chrome 72.0.3626.121,,2019-03-18 09:59:35,2019-03-18 09:59:35,0.002s,PASSED
openBrowser,Chrome 72.0.3626.121,----------------------------------------------------,2019-03-18 09:59:35,2019-03-18 09:59:44,8.767s,PASSED
navigateToUrl,Chrome 72.0.3626.121,TC >> RU09-NUC02-T02.rctest,2019-03-18 09:59:44,2019-03-18 09:59:45,1.067s,PASSED
setText,Chrome 72.0.3626.121,,2019-03-18 09:59:45,2019-03-18 09:59:45,0.633s,PASSED
setText,Chrome 72.0.3626.121,,2019-03-18 09:59:45,2019-03-18 09:59:46,0.560s,PASSED
click,Chrome 72.0.3626.121,,2019-03-18 09:59:46,2019-03-18 09:59:49,3.108s,PASSED
navigateToUrl,Chrome 72.0.3626.121,,2019-03-18 09:59:49,2019-03-18 09:59:49,0.069s,PASSED
click,Chrome 72.0.3626.121,,2019-03-18 09:59:49,2019-03-18 09:59:49,0.006s,NOT_RUN
click,Chrome 72.0.3626.121,,2019-03-18 09:59:49,2019-03-18 09:59:57,7.915s,PASSED
click,Chrome 72.0.3626.121,,2019-03-18 09:59:57,2019-03-18 09:59:57,0.334s,PASSED
click,Chrome 72.0.3626.121,,2019-03-18 09:59:57,2019-03-18 10:00:41,43.430s,FAILED
,,,,,,
Test Cases/Imported from Selenium IDE Scripts/ver. 2.60/RU09 - Chrome/RU09-NUC02-T03,Chrome 72.0.3626.121,PAMP -  Portfolio B. T.  Eq./Der. -  Member Results - Grouping,2019-03-18 10:00:43,2019-03-18 10:01:51,1m - 8.088s,FAILED
"Comment - ""----------------------------------------------------""",Chrome 72.0.3626.121,,2019-03-18 10:00:43,2019-03-18 10:00:43,0.000s,PASSED
"Comment - ""This test case script is generated by Katalon Studio""",Chrome 72.0.3626.121,,2019-03-18 10:00:43,2019-03-18 10:00:43,0.000s,PASSED
"Comment - ""Generated date: 09-Oct-2018 09:59:22 AM""",Chrome 72.0.3626.121,,2019-03-18 10:00:43,2019-03-18 10:00:43,0.004s,PASSED
"Comment - ""File path: H:\Desktop\PAMP_2.58a\PAMP_2.58a\CdT\RUN_1\RU09\RU09-NUC02-T03.rctest""",Chrome 72.0.3626.121,,2019-03-18 10:00:43,2019-03-18 10:00:43,0.009s,PASSED
"Comment - ""Generated by: masspetracca@gmail.com""",Chrome 72.0.3626.121,,2019-03-18 10:00:43,2019-03-18 10:00:43,0.001s,PASSED
openBrowser,Chrome 72.0.3626.121,----------------------------------------------------,2019-03-18 10:00:43,2019-03-18 10:00:49,5.562s,PASSED
navigateToUrl,Chrome 72.0.3626.121,TC >> RU09-NUC02-T03.rctest,2019-03-18 10:00:49,2019-03-18 10:00:50,1.316s,PASSED
setText,Chrome 72.0.3626.121,,2019-03-18 10:00:50,2019-03-18 10:00:51,0.637s,PASSED
setText,Chrome 72.0.3626.121,,2019-03-18 10:00:51,2019-03-18 10:00:52,0.740s,PASSED
click,Chrome 72.0.3626.121,,2019-03-18 10:00:52,2019-03-18 10:00:55,3.564s,PASSED
navigateToUrl,Chrome 72.0.3626.121,,2019-03-18 10:00:55,2019-03-18 10:00:55,0.048s,PASSED
click,Chrome 72.0.3626.121,,2019-03-18 10:00:55,2019-03-18 10:00:55,0.002s,NOT_RUN
click,Chrome 72.0.3626.121,,2019-03-18 10:00:55,2019-03-18 10:01:04,8.920s,PASSED
click,Chrome 72.0.3626.121,,2019-03-18 10:01:04,2019-03-18 10:01:05,0.342s,PASSED
click,Chrome 72.0.3626.121,,2019-03-18 10:01:05,2019-03-18 10:01:49,44.157s,FAILED
,,,,,,
Test Cases/Imported from Selenium IDE Scripts/ver. 2.60/RU09 - Chrome/RU09-NUC03-T01,Chrome 72.0.3626.121,PAMP -  Portfolio B. T.  Bo. -  Settings,2019-03-18 10:01:51,2019-03-18 10:02:47,55.993s,FAILED
"Comment - ""----------------------------------------------------""",Chrome 72.0.3626.121,,2019-03-18 10:01:51,2019-03-18 10:01:51,0.001s,PASSED
"Comment - ""This test case script is generated by Katalon Studio""",Chrome 72.0.3626.121,,2019-03-18 10:01:51,2019-03-18 10:01:51,0.001s,PASSED
"Comment - ""Generated date: 09-Oct-2018 09:59:22 AM""",Chrome 72.0.3626.121,,2019-03-18 10:01:51,2019-03-18 10:01:51,0.007s,PASSED
"Comment - ""File path: H:\Desktop\PAMP_2.58a\PAMP_2.58a\CdT\RUN_1\RU09\RU09-NUC03-T01.rctest""",Chrome 72.0.3626.121,,2019-03-18 10:01:51,2019-03-18 10:01:52,0.027s,PASSED
"Comment - ""Generated by: masspetracca@gmail.com""",Chrome 72.0.3626.121,,2019-03-18 10:01:52,2019-03-18 10:01:52,0.001s,PASSED
openBrowser,Chrome 72.0.3626.121,----------------------------------------------------,2019-03-18 10:01:52,2019-03-18 10:02:00,8.923s,PASSED
navigateToUrl,Chrome 72.0.3626.121,TC >> RU09-NUC03-T01.rctest,2019-03-18 10:02:00,2019-03-18 10:02:02,1.306s,PASSED
setText,Chrome 72.0.3626.121,,2019-03-18 10:02:02,2019-03-18 10:02:03,1.179s,PASSED
setText,Chrome 72.0.3626.121,,2019-03-18 10:02:03,2019-03-18 10:02:03,0.515s,PASSED
click,Chrome 72.0.3626.121,,2019-03-18 10:02:03,2019-03-18 10:02:07,3.125s,PASSED
navigateToUrl,Chrome 72.0.3626.121,,2019-03-18 10:02:07,2019-03-18 10:02:07,0.718s,PASSED
click,Chrome 72.0.3626.121,,2019-03-18 10:02:07,2019-03-18 10:02:11,3.981s,PASSED
click,Chrome 72.0.3626.121,,2019-03-18 10:02:11,2019-03-18 10:02:45,33.567s,FAILED
,,,,,,
Test Cases/Imported from Selenium IDE Scripts/ver. 2.60/RU09 - Chrome/RU09-NUC04-T01,Chrome 72.0.3626.121,PAMP -  Portfolio B. T.  Bo. -  Settings,2019-03-18 10:02:47,2019-03-18 10:03:12,24.799s,ERROR
"Comment - ""----------------------------------------------------""",Chrome 72.0.3626.121,,2019-03-18 10:02:48,2019-03-18 10:02:48,0.002s,PASSED
"Comment - ""This test case script is generated by Katalon Studio""",Chrome 72.0.3626.121,,2019-03-18 10:02:48,2019-03-18 10:02:48,0.001s,PASSED
"Comment - ""Generated date: 09-Oct-2018 09:59:22 AM""",Chrome 72.0.3626.121,,2019-03-18 10:02:48,2019-03-18 10:02:48,0.001s,PASSED
"Comment - ""File path: H:\Desktop\PAMP_2.58a\PAMP_2.58a\CdT\RUN_1\RU09\RU09-NUC04-T01.rctest""",Chrome 72.0.3626.121,,2019-03-18 10:02:48,2019-03-18 10:02:48,0.002s,PASSED
"Comment - ""Generated by: masspetracca@gmail.com""",Chrome 72.0.3626.121,,2019-03-18 10:02:48,2019-03-18 10:02:48,0.003s,PASSED
openBrowser,Chrome 72.0.3626.121,----------------------------------------------------,2019-03-18 10:02:48,2019-03-18 10:02:53,5.453s,PASSED
navigateToUrl,Chrome 72.0.3626.121,TC >> RU09-NUC04-T01.rctest,2019-03-18 10:02:53,2019-03-18 10:02:54,1.133s,PASSED
setText,Chrome 72.0.3626.121,,2019-03-18 10:02:54,2019-03-18 10:02:55,0.537s,PASSED
setText,Chrome 72.0.3626.121,,2019-03-18 10:02:55,2019-03-18 10:02:55,0.542s,PASSED
click,Chrome 72.0.3626.121,,2019-03-18 10:02:55,2019-03-18 10:02:59,3.194s,PASSED
navigateToUrl,Chrome 72.0.3626.121,,2019-03-18 10:02:59,2019-03-18 10:02:59,0.346s,PASSED
navigateToUrl,Chrome 72.0.3626.121,,2019-03-18 10:02:59,2019-03-18 10:02:59,0.479s,PASSED
click,Chrome 72.0.3626.121,,2019-03-18 10:02:59,2019-03-18 10:03:03,3.847s,PASSED
setText,Chrome 72.0.3626.121,,2019-03-18 10:03:03,2019-03-18 10:03:10,6.476s,PASSED
sendKeys,Chrome 72.0.3626.121,,2019-03-18 10:03:10,2019-03-18 10:03:10,0.011s,PASSED
,,,,,,
Test Cases/Imported from Selenium IDE Scripts/ver. 2.60/RU09 - Chrome/RU09-NUC05-T01,Chrome 72.0.3626.121,PAMP -  Portfolio B. T.  Bo. -  Settings,2019-03-18 10:03:12,2019-03-18 10:03:55,42.834s,FAILED
"Comment - ""----------------------------------------------------""",Chrome 72.0.3626.121,,2019-03-18 10:03:12,2019-03-18 10:03:12,0.000s,PASSED
"Comment - ""This test case script is generated by Katalon Studio""",Chrome 72.0.3626.121,,2019-03-18 10:03:12,2019-03-18 10:03:12,0.000s,PASSED
"Comment - ""Generated date: 09-Oct-2018 09:59:22 AM""",Chrome 72.0.3626.121,,2019-03-18 10:03:12,2019-03-18 10:03:12,0.000s,PASSED
"Comment - ""File path: H:\Desktop\PAMP_2.58a\PAMP_2.58a\CdT\RUN_1\RU09\RU09-NUC05-T01.rctest""",Chrome 72.0.3626.121,,2019-03-18 10:03:12,2019-03-18 10:03:12,0.001s,PASSED
"Comment - ""Generated by: masspetracca@gmail.com""",Chrome 72.0.3626.121,,2019-03-18 10:03:12,2019-03-18 10:03:12,0.000s,PASSED
openBrowser,Chrome 72.0.3626.121,----------------------------------------------------,2019-03-18 10:03:12,2019-03-18 10:03:19,6.556s,PASSED
navigateToUrl,Chrome 72.0.3626.121,TC >> RU09-NUC05-T01.rctest,2019-03-18 10:03:19,2019-03-18 10:03:20,1.175s,PASSED
setText,Chrome 72.0.3626.121,,2019-03-18 10:03:20,2019-03-18 10:03:21,0.649s,PASSED
setText,Chrome 72.0.3626.121,,2019-03-18 10:03:21,2019-03-18 10:03:22,1.050s,PASSED
click,Chrome 72.0.3626.121,,2019-03-18 10:03:22,2019-03-18 10:03:24,2.847s,PASSED
navigateToUrl,Chrome 72.0.3626.121,,2019-03-18 10:03:24,2019-03-18 10:03:25,0.552s,PASSED
click,Chrome 72.0.3626.121,,2019-03-18 10:03:25,2019-03-18 10:03:53,27.561s,FAILED
,,,,,,
Test Cases/Imported from Selenium IDE Scripts/ver. 2.60/RU09 - Chrome/RU09-NUC06-T01,Chrome 72.0.3626.121,PAMP -  Portfolio B. T.  Bo. -  Settings,2019-03-18 10:03:55,2019-03-18 10:06:13,2m - 18.184s,FAILED
"Comment - ""----------------------------------------------------""",Chrome 72.0.3626.121,,2019-03-18 10:03:55,2019-03-18 10:03:55,0.001s,PASSED
"Comment - ""This test case script is generated by Katalon Studio""",Chrome 72.0.3626.121,,2019-03-18 10:03:55,2019-03-18 10:03:55,0.000s,PASSED
"Comment - ""Generated date: 09-Oct-2018 09:59:22 AM""",Chrome 72.0.3626.121,,2019-03-18 10:03:55,2019-03-18 10:03:55,0.000s,PASSED
"Comment - ""File path: H:\Desktop\PAMP_2.58a\PAMP_2.58a\CdT\RUN_1\RU09\RU09-NUC06-T01.rctest""",Chrome 72.0.3626.121,,2019-03-18 10:03:55,2019-03-18 10:03:55,0.000s,PASSED
"Comment - ""Generated by: masspetracca@gmail.com""",Chrome 72.0.3626.121,,2019-03-18 10:03:55,2019-03-18 10:03:55,0.001s,PASSED
openBrowser,Chrome 72.0.3626.121,----------------------------------------------------,2019-03-18 10:03:55,2019-03-18 10:04:02,6.896s,PASSED
navigateToUrl,Chrome 72.0.3626.121,TC >> RU09-NUC06-T01.rctest,2019-03-18 10:04:02,2019-03-18 10:04:03,0.997s,PASSED
setText,Chrome 72.0.3626.121,,2019-03-18 10:04:03,2019-03-18 10:04:04,0.475s,PASSED
setText,Chrome 72.0.3626.121,,2019-03-18 10:04:04,2019-03-18 10:06:01,1m - 57.932s,PASSED
click,Chrome 72.0.3626.121,,2019-03-18 10:06:01,2019-03-18 10:06:11,9.082s,FAILED
