Suite/Test/Step Name,Browser,Description,Start time,End time,Duration,Status
Tsuite_ver02-firefox,Firefox 60.0,,2019-05-29 16:25:18,2019-05-29 16:31:44,6m - 26.242s,PASSED
,,,,,,
Test Cases/ver 0.2Q/ver 0.2Q-firefox/RU01-EQUITIES/RU01-NUC01-T01,Firefox 60.0,RU01-NUC01-T01 - Equities - Eq. Static data - View,2019-05-29 16:25:19,2019-05-29 16:26:23,1m - 4.150s,PASSED
"Comment - ""----------------------------------------------------""",Firefox 60.0,,2019-05-29 16:25:20,2019-05-29 16:25:20,0.003s,PASSED
"Comment - ""This test case script is generated by Katalon Studio""",Firefox 60.0,,2019-05-29 16:25:20,2019-05-29 16:25:20,0.005s,PASSED
"Comment - ""Generated date: 09-Oct-2018 09:59:22 AM""",Firefox 60.0,,2019-05-29 16:25:20,2019-05-29 16:25:20,0.002s,PASSED
"Comment - ""File path: H:\Desktop\PAMPCCPA_0.1\PAMPCCPA_0.1\CdT\RUN_2\RU01\RU01-NUC01-T01.rctest""",Firefox 60.0,,2019-05-29 16:25:20,2019-05-29 16:25:20,0.003s,PASSED
"Comment - ""Generated by: masspetracca@gmail.com""",Firefox 60.0,,2019-05-29 16:25:20,2019-05-29 16:25:20,0.015s,PASSED
openBrowser,Firefox 60.0,----------------------------------------------------,2019-05-29 16:25:20,2019-05-29 16:25:28,8.415s,PASSED
"Comment - ""TC >> RU01-NUC01-T01.rctest""",Firefox 60.0,,2019-05-29 16:25:28,2019-05-29 16:25:28,0.000s,PASSED
navigateToUrl,Firefox 60.0,PAMPCCPA -  Equities - Eq. Static data - View,2019-05-29 16:25:28,2019-05-29 16:25:29,0.400s,PASSED
setText,Firefox 60.0,,2019-05-29 16:25:29,2019-05-29 16:25:29,0.227s,PASSED
setText,Firefox 60.0,,2019-05-29 16:25:29,2019-05-29 16:25:29,0.096s,PASSED
click,Firefox 60.0,,2019-05-29 16:25:29,2019-05-29 16:25:36,6.711s,PASSED
navigateToUrl,Firefox 60.0,,2019-05-29 16:25:36,2019-05-29 16:25:36,0.078s,PASSED
click,Firefox 60.0,,2019-05-29 16:25:36,2019-05-29 16:25:43,7.185s,PASSED
click,Firefox 60.0,,2019-05-29 16:25:43,2019-05-29 16:26:23,39.824s,PASSED
,,,,,,
Test Cases/ver 0.2Q/ver 0.2Q-firefox/RU01-EQUITIES/RU01-NUC02-T01,Firefox 60.0,RU01-NUC02-T01 - Equities - Eq.  Historical - View,2019-05-29 16:26:23,2019-05-29 16:26:52,29.363s,PASSED
"Comment - ""----------------------------------------------------""",Firefox 60.0,,2019-05-29 16:26:23,2019-05-29 16:26:23,0.000s,PASSED
"Comment - ""This test case script is generated by Katalon Studio""",Firefox 60.0,,2019-05-29 16:26:23,2019-05-29 16:26:23,0.000s,PASSED
"Comment - ""Generated date: 09-Oct-2018 09:59:22 AM""",Firefox 60.0,,2019-05-29 16:26:23,2019-05-29 16:26:23,0.006s,PASSED
"Comment - ""File path: H:\Desktop\PAMPCCPA_0.1\PAMPCCPA_0.1\CdT\RUN_2\RU01\RU01-NUC02-T01.rctest""",Firefox 60.0,,2019-05-29 16:26:23,2019-05-29 16:26:23,0.000s,PASSED
"Comment - ""Generated by: masspetracca@gmail.com""",Firefox 60.0,,2019-05-29 16:26:23,2019-05-29 16:26:23,0.001s,PASSED
openBrowser,Firefox 60.0,----------------------------------------------------,2019-05-29 16:26:23,2019-05-29 16:26:28,4.678s,PASSED
navigateToUrl,Firefox 60.0,TC >> RU01-NUC02-T01.rctest,2019-05-29 16:26:28,2019-05-29 16:26:28,0.286s,PASSED
setText,Firefox 60.0,,2019-05-29 16:26:28,2019-05-29 16:26:28,0.118s,PASSED
setText,Firefox 60.0,,2019-05-29 16:26:28,2019-05-29 16:26:29,0.086s,PASSED
click,Firefox 60.0,,2019-05-29 16:26:29,2019-05-29 16:26:35,6.013s,PASSED
navigateToUrl,Firefox 60.0,,2019-05-29 16:26:35,2019-05-29 16:26:35,0.101s,PASSED
click,Firefox 60.0,,2019-05-29 16:26:35,2019-05-29 16:26:52,17.053s,PASSED
closeBrowser,Firefox 60.0,,2019-05-29 16:26:52,2019-05-29 16:26:52,0.419s,PASSED
,,,,,,
Test Cases/ver 0.2Q/ver 0.2Q-firefox/RU01-EQUITIES/RU01-NUC03-T01,Firefox 60.0,RU01-NUC03-T01 - Equities - Eq.  Price Series - view,2019-05-29 16:26:52,2019-05-29 16:29:25,2m - 32.758s,PASSED
"Comment - ""----------------------------------------------------""",Firefox 60.0,,2019-05-29 16:26:52,2019-05-29 16:26:52,0.001s,PASSED
"Comment - ""This test case script is generated by Katalon Studio""",Firefox 60.0,,2019-05-29 16:26:52,2019-05-29 16:26:52,0.000s,PASSED
"Comment - ""Generated date: 09-Oct-2018 09:59:22 AM""",Firefox 60.0,,2019-05-29 16:26:52,2019-05-29 16:26:52,0.000s,PASSED
"Comment - ""File path: H:\Desktop\PAMPCCPA_0.1\PAMPCCPA_0.1\CdT\RUN_2\RU01\RU01-NUC03-T01.rctest""",Firefox 60.0,,2019-05-29 16:26:52,2019-05-29 16:26:52,0.000s,PASSED
"Comment - ""Generated by: masspetracca@gmail.com""",Firefox 60.0,,2019-05-29 16:26:52,2019-05-29 16:26:52,0.003s,PASSED
openBrowser,Firefox 60.0,----------------------------------------------------,2019-05-29 16:26:52,2019-05-29 16:26:56,4.004s,PASSED
navigateToUrl,Firefox 60.0,TC >> RU01-NUC03-T01.rctest,2019-05-29 16:26:56,2019-05-29 16:26:57,0.263s,PASSED
setText,Firefox 60.0,,2019-05-29 16:26:57,2019-05-29 16:26:57,0.174s,PASSED
setText,Firefox 60.0,,2019-05-29 16:26:57,2019-05-29 16:26:57,0.141s,PASSED
click,Firefox 60.0,,2019-05-29 16:26:57,2019-05-29 16:27:03,6.088s,PASSED
navigateToUrl,Firefox 60.0,,2019-05-29 16:27:03,2019-05-29 16:27:03,0.038s,PASSED
click,Firefox 60.0,,2019-05-29 16:27:03,2019-05-29 16:27:03,0.016s,NOT_RUN
click,Firefox 60.0,,2019-05-29 16:27:03,2019-05-29 16:27:23,19.632s,PASSED
click,Firefox 60.0,,2019-05-29 16:27:23,2019-05-29 16:27:23,0.001s,NOT_RUN
click,Firefox 60.0,,2019-05-29 16:27:23,2019-05-29 16:28:01,37.945s,PASSED
click,Firefox 60.0,,2019-05-29 16:28:01,2019-05-29 16:28:42,41.056s,PASSED
click,Firefox 60.0,,2019-05-29 16:28:42,2019-05-29 16:29:24,42.612s,PASSED
closeBrowser,Firefox 60.0,,2019-05-29 16:29:24,2019-05-29 16:29:25,0.459s,PASSED
,,,,,,
Test Cases/ver 0.2Q/ver 0.2Q-firefox/RU01-EQUITIES/RU01-NUC04-T01,Firefox 60.0,RU01-NUC04-T01 - Equities - Eq.  Listed-Delisted - view,2019-05-29 16:29:25,2019-05-29 16:29:37,11.928s,PASSED
"Comment - ""----------------------------------------------------""",Firefox 60.0,,2019-05-29 16:29:25,2019-05-29 16:29:25,0.001s,PASSED
"Comment - ""This test case script is generated by Katalon Studio""",Firefox 60.0,,2019-05-29 16:29:25,2019-05-29 16:29:25,0.000s,PASSED
"Comment - ""Generated date: 09-Oct-2018 09:59:22 AM""",Firefox 60.0,,2019-05-29 16:29:25,2019-05-29 16:29:25,0.002s,PASSED
"Comment - ""File path: H:\Desktop\PAMPCCPA_0.1\PAMPCCPA_0.1\CdT\RUN_2\RU01\RU01-NUC04-T01.rctest""",Firefox 60.0,,2019-05-29 16:29:25,2019-05-29 16:29:25,0.002s,PASSED
"Comment - ""Generated by: masspetracca@gmail.com""",Firefox 60.0,,2019-05-29 16:29:25,2019-05-29 16:29:25,0.001s,PASSED
openBrowser,Firefox 60.0,----------------------------------------------------,2019-05-29 16:29:25,2019-05-29 16:29:30,4.625s,PASSED
navigateToUrl,Firefox 60.0,TC >> RU01-NUC04-T01.rctest,2019-05-29 16:29:30,2019-05-29 16:29:30,0.273s,PASSED
setText,Firefox 60.0,,2019-05-29 16:29:30,2019-05-29 16:29:30,0.113s,PASSED
setText,Firefox 60.0,,2019-05-29 16:29:30,2019-05-29 16:29:30,0.096s,PASSED
click,Firefox 60.0,,2019-05-29 16:29:30,2019-05-29 16:29:36,6.102s,PASSED
navigateToUrl,Firefox 60.0,,2019-05-29 16:29:36,2019-05-29 16:29:36,0.035s,PASSED
closeBrowser,Firefox 60.0,,2019-05-29 16:29:36,2019-05-29 16:29:37,0.389s,PASSED
,,,,,,
Test Cases/ver 0.2Q/ver 0.2Q-firefox/RU01-EQUITIES/RU01-NUC05-T01,Firefox 60.0,RU01-NUC05-T01 - Equities - Eq.  Sets - view,2019-05-29 16:29:37,2019-05-29 16:29:49,12.631s,PASSED
"Comment - ""----------------------------------------------------""",Firefox 60.0,,2019-05-29 16:29:37,2019-05-29 16:29:37,0.000s,PASSED
"Comment - ""This test case script is generated by Katalon Studio""",Firefox 60.0,,2019-05-29 16:29:37,2019-05-29 16:29:37,0.001s,PASSED
"Comment - ""Generated date: 09-Oct-2018 09:59:22 AM""",Firefox 60.0,,2019-05-29 16:29:37,2019-05-29 16:29:37,0.004s,PASSED
"Comment - ""File path: H:\Desktop\PAMPCCPA_0.1\PAMPCCPA_0.1\CdT\RUN_2\RU01\RU01-NUC05-T01.rctest""",Firefox 60.0,,2019-05-29 16:29:37,2019-05-29 16:29:37,0.000s,PASSED
"Comment - ""Generated by: masspetracca@gmail.com""",Firefox 60.0,,2019-05-29 16:29:37,2019-05-29 16:29:37,0.001s,PASSED
openBrowser,Firefox 60.0,----------------------------------------------------,2019-05-29 16:29:37,2019-05-29 16:29:41,4.225s,PASSED
navigateToUrl,Firefox 60.0,TC >> RU01-NUC05-T01.rctest,2019-05-29 16:29:41,2019-05-29 16:29:42,0.330s,PASSED
setText,Firefox 60.0,,2019-05-29 16:29:42,2019-05-29 16:29:42,0.189s,PASSED
setText,Firefox 60.0,,2019-05-29 16:29:42,2019-05-29 16:29:42,0.088s,PASSED
click,Firefox 60.0,,2019-05-29 16:29:42,2019-05-29 16:29:48,6.018s,PASSED
navigateToUrl,Firefox 60.0,,2019-05-29 16:29:48,2019-05-29 16:29:48,0.059s,PASSED
closeBrowser,Firefox 60.0,,2019-05-29 16:29:48,2019-05-29 16:29:49,1.455s,PASSED
,,,,,,
Test Cases/ver 0.2Q/ver 0.2Q-firefox/RU01-EQUITIES/RU01-NUC06-T01,Firefox 60.0,RU01-NUC06-T01 - Equities - Conf. parameters - view,2019-05-29 16:29:49,2019-05-29 16:29:59,10.017s,PASSED
"Comment - ""----------------------------------------------------""",Firefox 60.0,,2019-05-29 16:29:50,2019-05-29 16:29:50,0.001s,PASSED
"Comment - ""This test case script is generated by Katalon Studio""",Firefox 60.0,,2019-05-29 16:29:50,2019-05-29 16:29:50,0.000s,PASSED
"Comment - ""Generated date: 09-Oct-2018 09:59:22 AM""",Firefox 60.0,,2019-05-29 16:29:50,2019-05-29 16:29:50,0.000s,PASSED
"Comment - ""File path: H:\Desktop\PAMPCCPA_0.1\PAMPCCPA_0.1\CdT\RUN_2\RU01\RU01-NUC06-T01.rctest""",Firefox 60.0,,2019-05-29 16:29:50,2019-05-29 16:29:50,0.000s,PASSED
"Comment - ""Generated by: masspetracca@gmail.com""",Firefox 60.0,,2019-05-29 16:29:50,2019-05-29 16:29:50,0.002s,PASSED
openBrowser,Firefox 60.0,----------------------------------------------------,2019-05-29 16:29:50,2019-05-29 16:29:54,4.065s,PASSED
navigateToUrl,Firefox 60.0,TC >> RU01-NUC06-T01.rctest,2019-05-29 16:29:54,2019-05-29 16:29:54,0.262s,PASSED
setText,Firefox 60.0,,2019-05-29 16:29:54,2019-05-29 16:29:54,0.114s,PASSED
setText,Firefox 60.0,,2019-05-29 16:29:54,2019-05-29 16:29:54,0.134s,PASSED
click,Firefox 60.0,,2019-05-29 16:29:54,2019-05-29 16:29:59,4.798s,PASSED
navigateToUrl,Firefox 60.0,,2019-05-29 16:29:59,2019-05-29 16:29:59,0.040s,PASSED
closeBrowser,Firefox 60.0,,2019-05-29 16:29:59,2019-05-29 16:29:59,0.378s,PASSED
,,,,,,
Test Cases/ver 0.2Q/ver 0.2Q-firefox/RU01-EQUITIES/RU01-NUC07-T01,Firefox 60.0,RU01-NUC07-T01 - Equities - Set. parameters - view,2019-05-29 16:29:59,2019-05-29 16:30:12,12.575s,PASSED
"Comment - ""----------------------------------------------------""",Firefox 60.0,,2019-05-29 16:30:00,2019-05-29 16:30:00,0.001s,PASSED
"Comment - ""This test case script is generated by Katalon Studio""",Firefox 60.0,,2019-05-29 16:30:00,2019-05-29 16:30:00,0.000s,PASSED
"Comment - ""Generated date: 09-Oct-2018 09:59:22 AM""",Firefox 60.0,,2019-05-29 16:30:00,2019-05-29 16:30:00,0.000s,PASSED
"Comment - ""File path: H:\Desktop\PAMPCCPA_0.1\PAMPCCPA_0.1\CdT\RUN_2\RU01\RU01-NUC07-T01.rctest""",Firefox 60.0,,2019-05-29 16:30:00,2019-05-29 16:30:00,0.001s,PASSED
"Comment - ""Generated by: masspetracca@gmail.com""",Firefox 60.0,,2019-05-29 16:30:00,2019-05-29 16:30:00,0.000s,PASSED
openBrowser,Firefox 60.0,----------------------------------------------------,2019-05-29 16:30:00,2019-05-29 16:30:04,4.438s,PASSED
navigateToUrl,Firefox 60.0,TC >> RU01-NUC07-T01.rctest,2019-05-29 16:30:04,2019-05-29 16:30:05,0.296s,PASSED
setText,Firefox 60.0,,2019-05-29 16:30:05,2019-05-29 16:30:05,0.117s,PASSED
setText,Firefox 60.0,,2019-05-29 16:30:05,2019-05-29 16:30:05,0.063s,PASSED
click,Firefox 60.0,,2019-05-29 16:30:05,2019-05-29 16:30:11,5.990s,PASSED
navigateToUrl,Firefox 60.0,,2019-05-29 16:30:11,2019-05-29 16:30:11,0.136s,PASSED
closeBrowser,Firefox 60.0,,2019-05-29 16:30:11,2019-05-29 16:30:12,1.151s,PASSED
,,,,,,
Test Cases/ver 0.2Q/ver 0.2Q-firefox/RU01-EQUITIES/RU01-NUC08-T01,Firefox 60.0,RU01-NUC08-T01 - Equities - Extreme variations - view,2019-05-29 16:30:12,2019-05-29 16:30:23,11.200s,PASSED
"Comment - ""----------------------------------------------------""",Firefox 60.0,,2019-05-29 16:30:12,2019-05-29 16:30:12,0.000s,PASSED
"Comment - ""This test case script is generated by Katalon Studio""",Firefox 60.0,,2019-05-29 16:30:12,2019-05-29 16:30:12,0.001s,PASSED
"Comment - ""Generated date: 09-Oct-2018 09:59:22 AM""",Firefox 60.0,,2019-05-29 16:30:12,2019-05-29 16:30:12,0.000s,PASSED
"Comment - ""File path: H:\Desktop\PAMPCCPA_0.1\PAMPCCPA_0.1\CdT\RUN_2\RU01\RU01-NUC08-T01.rctest""",Firefox 60.0,,2019-05-29 16:30:12,2019-05-29 16:30:12,0.000s,PASSED
"Comment - ""Generated by: masspetracca@gmail.com""",Firefox 60.0,,2019-05-29 16:30:12,2019-05-29 16:30:12,0.002s,PASSED
openBrowser,Firefox 60.0,----------------------------------------------------,2019-05-29 16:30:12,2019-05-29 16:30:16,4.049s,PASSED
navigateToUrl,Firefox 60.0,TC >> RU01-NUC08-T01.rctest,2019-05-29 16:30:16,2019-05-29 16:30:17,0.240s,PASSED
setText,Firefox 60.0,,2019-05-29 16:30:17,2019-05-29 16:30:17,0.166s,PASSED
setText,Firefox 60.0,,2019-05-29 16:30:17,2019-05-29 16:30:17,0.074s,PASSED
click,Firefox 60.0,,2019-05-29 16:30:17,2019-05-29 16:30:23,5.981s,PASSED
navigateToUrl,Firefox 60.0,,2019-05-29 16:30:23,2019-05-29 16:30:23,0.043s,PASSED
closeBrowser,Firefox 60.0,,2019-05-29 16:30:23,2019-05-29 16:30:23,0.359s,PASSED
,,,,,,
Test Cases/ver 0.2Q/ver 0.2Q-firefox/RU01-EQUITIES/RU01-NUC09-T01,Firefox 60.0,RU01-NUC09-T01 - Equities - Statistics - view,2019-05-29 16:30:23,2019-05-29 16:30:34,10.930s,PASSED
"Comment - ""----------------------------------------------------""",Firefox 60.0,,2019-05-29 16:30:24,2019-05-29 16:30:24,0.000s,PASSED
"Comment - ""This test case script is generated by Katalon Studio""",Firefox 60.0,,2019-05-29 16:30:24,2019-05-29 16:30:24,0.000s,PASSED
"Comment - ""Generated date: 09-Oct-2018 09:59:22 AM""",Firefox 60.0,,2019-05-29 16:30:24,2019-05-29 16:30:24,0.000s,PASSED
"Comment - ""File path: H:\Desktop\PAMPCCPA_0.1\PAMPCCPA_0.1\CdT\RUN_2\RU01\RU01-NUC09-T01.rctest""",Firefox 60.0,,2019-05-29 16:30:24,2019-05-29 16:30:24,0.000s,PASSED
"Comment - ""Generated by: masspetracca@gmail.com""",Firefox 60.0,,2019-05-29 16:30:24,2019-05-29 16:30:24,0.001s,PASSED
openBrowser,Firefox 60.0,----------------------------------------------------,2019-05-29 16:30:24,2019-05-29 16:30:27,3.979s,PASSED
navigateToUrl,Firefox 60.0,TC >> RU01-NUC09-T01.rctest,2019-05-29 16:30:27,2019-05-29 16:30:28,0.285s,PASSED
setText,Firefox 60.0,,2019-05-29 16:30:28,2019-05-29 16:30:28,0.095s,PASSED
setText,Firefox 60.0,,2019-05-29 16:30:28,2019-05-29 16:30:28,0.058s,PASSED
click,Firefox 60.0,,2019-05-29 16:30:28,2019-05-29 16:30:34,5.830s,PASSED
navigateToUrl,Firefox 60.0,,2019-05-29 16:30:34,2019-05-29 16:30:34,0.050s,PASSED
closeBrowser,Firefox 60.0,,2019-05-29 16:30:34,2019-05-29 16:30:34,0.365s,PASSED
,,,,,,
Test Cases/ver 0.2Q/ver 0.2Q-firefox/RU01-EQUITIES/RU01-NUC10-T01,Firefox 60.0,RU01-NUC10-T01 - Equities - Group Statistics - view,2019-05-29 16:30:34,2019-05-29 16:30:46,11.980s,PASSED
"Comment - ""----------------------------------------------------""",Firefox 60.0,,2019-05-29 16:30:35,2019-05-29 16:30:35,0.001s,PASSED
"Comment - ""This test case script is generated by Katalon Studio""",Firefox 60.0,,2019-05-29 16:30:35,2019-05-29 16:30:35,0.000s,PASSED
"Comment - ""Generated date: 09-Oct-2018 09:59:22 AM""",Firefox 60.0,,2019-05-29 16:30:35,2019-05-29 16:30:35,0.004s,PASSED
"Comment - ""File path: H:\Desktop\PAMPCCPA_0.1\PAMPCCPA_0.1\CdT\RUN_2\RU01\RU01-NUC10-T01.rctest""",Firefox 60.0,,2019-05-29 16:30:35,2019-05-29 16:30:35,0.000s,PASSED
"Comment - ""Generated by: masspetracca@gmail.com""",Firefox 60.0,,2019-05-29 16:30:35,2019-05-29 16:30:35,0.001s,PASSED
openBrowser,Firefox 60.0,----------------------------------------------------,2019-05-29 16:30:35,2019-05-29 16:30:39,4.449s,PASSED
navigateToUrl,Firefox 60.0,TC >> RU01-NUC10-T01.rctest,2019-05-29 16:30:39,2019-05-29 16:30:39,0.268s,PASSED
setText,Firefox 60.0,,2019-05-29 16:30:39,2019-05-29 16:30:39,0.102s,PASSED
setText,Firefox 60.0,,2019-05-29 16:30:39,2019-05-29 16:30:40,0.049s,PASSED
click,Firefox 60.0,,2019-05-29 16:30:40,2019-05-29 16:30:46,6.236s,PASSED
navigateToUrl,Firefox 60.0,,2019-05-29 16:30:46,2019-05-29 16:30:46,0.060s,PASSED
closeBrowser,Firefox 60.0,,2019-05-29 16:30:46,2019-05-29 16:30:46,0.361s,PASSED
,,,,,,
Test Cases/ver 0.2Q/ver 0.2Q-firefox/RU01-EQUITIES/RU01-NUC11-T01,Firefox 60.0,RU01-NUC11-T01 - Equities - Simulation - view,2019-05-29 16:30:46,2019-05-29 16:30:58,11.690s,PASSED
"Comment - ""----------------------------------------------------""",Firefox 60.0,,2019-05-29 16:30:46,2019-05-29 16:30:46,0.002s,PASSED
"Comment - ""This test case script is generated by Katalon Studio""",Firefox 60.0,,2019-05-29 16:30:46,2019-05-29 16:30:46,0.001s,PASSED
"Comment - ""Generated date: 09-Oct-2018 09:59:22 AM""",Firefox 60.0,,2019-05-29 16:30:46,2019-05-29 16:30:46,0.000s,PASSED
"Comment - ""File path: H:\Desktop\PAMPCCPA_0.1\PAMPCCPA_0.1\CdT\RUN_2\RU01\RU01-NUC11-T01.rctest""",Firefox 60.0,,2019-05-29 16:30:46,2019-05-29 16:30:46,0.000s,PASSED
"Comment - ""Generated by: masspetracca@gmail.com""",Firefox 60.0,,2019-05-29 16:30:46,2019-05-29 16:30:46,0.002s,PASSED
openBrowser,Firefox 60.0,----------------------------------------------------,2019-05-29 16:30:46,2019-05-29 16:30:51,4.186s,PASSED
navigateToUrl,Firefox 60.0,TC >> RU01-NUC11-T01.rctest,2019-05-29 16:30:51,2019-05-29 16:30:51,0.314s,PASSED
setText,Firefox 60.0,,2019-05-29 16:30:51,2019-05-29 16:30:51,0.218s,PASSED
setText,Firefox 60.0,,2019-05-29 16:30:51,2019-05-29 16:30:51,0.141s,PASSED
click,Firefox 60.0,,2019-05-29 16:30:51,2019-05-29 16:30:57,5.952s,PASSED
navigateToUrl,Firefox 60.0,,2019-05-29 16:30:57,2019-05-29 16:30:57,0.142s,PASSED
closeBrowser,Firefox 60.0,,2019-05-29 16:30:57,2019-05-29 16:30:58,0.510s,PASSED
,,,,,,
Test Cases/ver 0.2Q/ver 0.2Q-firefox/RU01-EQUITIES/RU01-NUC12-T01,Firefox 60.0,RU01-NUC12-T01 - Equities - Margin check/update - view,2019-05-29 16:30:58,2019-05-29 16:31:10,11.670s,PASSED
"Comment - ""----------------------------------------------------""",Firefox 60.0,,2019-05-29 16:30:58,2019-05-29 16:30:58,0.001s,PASSED
"Comment - ""This test case script is generated by Katalon Studio""",Firefox 60.0,,2019-05-29 16:30:58,2019-05-29 16:30:58,0.000s,PASSED
"Comment - ""Generated date: 09-Oct-2018 09:59:22 AM""",Firefox 60.0,,2019-05-29 16:30:58,2019-05-29 16:30:58,0.000s,PASSED
"Comment - ""File path: H:\Desktop\PAMPCCPA_0.1\PAMPCCPA_0.1\CdT\RUN_2\RU01\RU01-NUC12-T01.rctest""",Firefox 60.0,,2019-05-29 16:30:58,2019-05-29 16:30:58,0.001s,PASSED
"Comment - ""Generated by: masspetracca@gmail.com""",Firefox 60.0,,2019-05-29 16:30:58,2019-05-29 16:30:58,0.000s,PASSED
openBrowser,Firefox 60.0,----------------------------------------------------,2019-05-29 16:30:58,2019-05-29 16:31:03,4.657s,PASSED
navigateToUrl,Firefox 60.0,TC >> RU01-NUC12-T01.rctest,2019-05-29 16:31:03,2019-05-29 16:31:03,0.250s,PASSED
setText,Firefox 60.0,,2019-05-29 16:31:03,2019-05-29 16:31:03,0.142s,PASSED
setText,Firefox 60.0,,2019-05-29 16:31:03,2019-05-29 16:31:03,0.061s,PASSED
click,Firefox 60.0,,2019-05-29 16:31:03,2019-05-29 16:31:09,5.936s,PASSED
navigateToUrl,Firefox 60.0,,2019-05-29 16:31:09,2019-05-29 16:31:09,0.046s,PASSED
closeBrowser,Firefox 60.0,,2019-05-29 16:31:09,2019-05-29 16:31:10,0.330s,PASSED
,,,,,,
Test Cases/ver 0.2Q/ver 0.2Q-firefox/RU01-EQUITIES/RU01-NUC13-T01,Firefox 60.0,RU01-NUC13-T01 - Equities - Group check/update - view,2019-05-29 16:31:10,2019-05-29 16:31:20,10.756s,PASSED
"Comment - ""----------------------------------------------------""",Firefox 60.0,,2019-05-29 16:31:10,2019-05-29 16:31:10,0.001s,PASSED
"Comment - ""This test case script is generated by Katalon Studio""",Firefox 60.0,,2019-05-29 16:31:10,2019-05-29 16:31:10,0.000s,PASSED
"Comment - ""Generated date: 09-Oct-2018 09:59:22 AM""",Firefox 60.0,,2019-05-29 16:31:10,2019-05-29 16:31:10,0.000s,PASSED
"Comment - ""File path: H:\Desktop\PAMPCCPA_0.1\PAMPCCPA_0.1\CdT\RUN_2\RU01\RU01-NUC13-T01.rctest""",Firefox 60.0,,2019-05-29 16:31:10,2019-05-29 16:31:10,0.000s,PASSED
"Comment - ""Generated by: masspetracca@gmail.com""",Firefox 60.0,,2019-05-29 16:31:10,2019-05-29 16:31:10,0.002s,PASSED
openBrowser,Firefox 60.0,----------------------------------------------------,2019-05-29 16:31:10,2019-05-29 16:31:14,3.959s,PASSED
navigateToUrl,Firefox 60.0,TC >> RU01-NUC13-T01.rctest,2019-05-29 16:31:14,2019-05-29 16:31:14,0.249s,PASSED
setText,Firefox 60.0,,2019-05-29 16:31:14,2019-05-29 16:31:14,0.095s,PASSED
setText,Firefox 60.0,,2019-05-29 16:31:14,2019-05-29 16:31:14,0.063s,PASSED
click,Firefox 60.0,,2019-05-29 16:31:14,2019-05-29 16:31:20,5.738s,PASSED
navigateToUrl,Firefox 60.0,,2019-05-29 16:31:20,2019-05-29 16:31:20,0.046s,PASSED
closeBrowser,Firefox 60.0,,2019-05-29 16:31:20,2019-05-29 16:31:20,0.360s,PASSED
,,,,,,
Test Cases/ver 0.2Q/ver 0.2Q-firefox/RU01-EQUITIES/RU01-NUC14-T01,Firefox 60.0,RU01-NUC14-T01 - Equities - Last review - view,2019-05-29 16:31:20,2019-05-29 16:31:32,11.345s,PASSED
"Comment - ""----------------------------------------------------""",Firefox 60.0,,2019-05-29 16:31:21,2019-05-29 16:31:21,0.001s,PASSED
"Comment - ""This test case script is generated by Katalon Studio""",Firefox 60.0,,2019-05-29 16:31:21,2019-05-29 16:31:21,0.000s,PASSED
"Comment - ""Generated date: 09-Oct-2018 09:59:22 AM""",Firefox 60.0,,2019-05-29 16:31:21,2019-05-29 16:31:21,0.001s,PASSED
"Comment - ""File path: H:\Desktop\PAMPCCPA_0.1\PAMPCCPA_0.1\CdT\RUN_2\RU01\RU01-NUC14-T01.rctest""",Firefox 60.0,,2019-05-29 16:31:21,2019-05-29 16:31:21,0.000s,PASSED
"Comment - ""Generated by: masspetracca@gmail.com""",Firefox 60.0,,2019-05-29 16:31:21,2019-05-29 16:31:21,0.001s,PASSED
openBrowser,Firefox 60.0,----------------------------------------------------,2019-05-29 16:31:21,2019-05-29 16:31:25,3.978s,PASSED
navigateToUrl,Firefox 60.0,TC >> RU01-NUC14-T01.rctest,2019-05-29 16:31:25,2019-05-29 16:31:25,0.246s,PASSED
setText,Firefox 60.0,,2019-05-29 16:31:25,2019-05-29 16:31:25,0.106s,PASSED
setText,Firefox 60.0,,2019-05-29 16:31:25,2019-05-29 16:31:25,0.107s,PASSED
click,Firefox 60.0,,2019-05-29 16:31:25,2019-05-29 16:31:31,6.004s,PASSED
navigateToUrl,Firefox 60.0,,2019-05-29 16:31:31,2019-05-29 16:31:31,0.054s,PASSED
closeBrowser,Firefox 60.0,,2019-05-29 16:31:31,2019-05-29 16:31:32,0.616s,PASSED
,,,,,,
Test Cases/ver 0.2Q/ver 0.2Q-firefox/RU01-EQUITIES/RU01-NUC15-T01,Firefox 60.0,RU01-NUC15-T01 - Equities - Settings - view,2019-05-29 16:31:32,2019-05-29 16:31:44,12.111s,PASSED
"Comment - ""----------------------------------------------------""",Firefox 60.0,,2019-05-29 16:31:32,2019-05-29 16:31:32,0.001s,PASSED
"Comment - ""This test case script is generated by Katalon Studio""",Firefox 60.0,,2019-05-29 16:31:32,2019-05-29 16:31:32,0.000s,PASSED
"Comment - ""Generated date: 09-Oct-2018 09:59:22 AM""",Firefox 60.0,,2019-05-29 16:31:32,2019-05-29 16:31:32,0.001s,PASSED
"Comment - ""File path: H:\Desktop\PAMPCCPA_0.1\PAMPCCPA_0.1\CdT\RUN_2\RU01\RU01-NUC15-T01.rctest""",Firefox 60.0,,2019-05-29 16:31:32,2019-05-29 16:31:32,0.000s,PASSED
"Comment - ""Generated by: masspetracca@gmail.com""",Firefox 60.0,,2019-05-29 16:31:32,2019-05-29 16:31:32,0.001s,PASSED
openBrowser,Firefox 60.0,----------------------------------------------------,2019-05-29 16:31:32,2019-05-29 16:31:36,4.438s,PASSED
navigateToUrl,Firefox 60.0,TC >> RU01-NUC15-T01.rctest,2019-05-29 16:31:36,2019-05-29 16:31:37,0.307s,PASSED
setText,Firefox 60.0,,2019-05-29 16:31:37,2019-05-29 16:31:37,0.107s,PASSED
setText,Firefox 60.0,,2019-05-29 16:31:37,2019-05-29 16:31:37,0.063s,PASSED
click,Firefox 60.0,,2019-05-29 16:31:37,2019-05-29 16:31:43,5.790s,PASSED
navigateToUrl,Firefox 60.0,,2019-05-29 16:31:43,2019-05-29 16:31:43,0.078s,PASSED
closeBrowser,Firefox 60.0,,2019-05-29 16:31:43,2019-05-29 16:31:44,1.104s,PASSED
