<?xml version="1.0" encoding="ISO-8859-1" ?>
<!DOCTYPE taglib
        PUBLIC "-//Sun Microsystems, Inc.//DTD JSP Tag Library 1.1//EN"
        "http://java.sun.com/j2ee/dtds/web-jsptaglibrary_1_1.dtd">

<!-- 
     Note: the 'runat' attribute present on all tags below is there for tag compatibility
     with ASP.NET.  The 'runat' attribute is not used by java, but specifying it here allows
     you to to simply rename your .aspx pages to .jsp, change the taglib declaration in your
     file and go.
-->

<taglib>
  <tlibversion>1.0</tlibversion>
  <jspversion>1.1</jspversion>
  <shortname></shortname>
  <tag>
    <name>jsString</name>
    <tagclass>com.isomorphic.taglib.JSStringTag</tagclass>
    <bodycontent>JSP</bodycontent>
    <attribute>
      <name>var</name>
      <required>false</required>
      <rtexprvalue>true</rtexprvalue>
    </attribute>
    <attribute>
      <name>filename</name>
      <required>false</required>
      <rtexprvalue>true</rtexprvalue>
    </attribute>
    <attribute>
      <name>runat</name>
      <required>false</required>
      <rtexprvalue>true</rtexprvalue>
    </attribute>
  </tag>

  <tag>
    <name>XML</name>
    <tagclass>com.isomorphic.taglib.WidgetXMLTag</tagclass>
    <bodycontent>JSP</bodycontent>
    <attribute>
      <name>filename</name>
      <required>false</required>
      <rtexprvalue>true</rtexprvalue>
    </attribute>
    <attribute>
      <name>runat</name>
      <required>false</required>
      <rtexprvalue>true</rtexprvalue>
    </attribute>
  </tag>

  
  <tag>
    <name>loadAssembly</name>
    <tagclass>com.isomorphic.taglib.LoadAssemblyTag</tagclass>
    <bodycontent>JSP</bodycontent>
    <attribute>
      <name>absolutePathToWebRoot</name>
      <required>false</required>
      <rtexprvalue>true</rtexprvalue>
    </attribute>
    <attribute>
      <name>relativePathToWebRoot</name>
      <required>false</required>
      <rtexprvalue>true</rtexprvalue>
    </attribute>
    <attribute>
      <name>isomorphicURI</name>
      <required>false</required>
      <rtexprvalue>true</rtexprvalue>
    </attribute>
    <attribute>
      <name>URI</name>
      <required>true</required>
      <rtexprvalue>true</rtexprvalue>
    </attribute>
    <attribute>
      <name>assemble</name>
      <required>false</required>
      <rtexprvalue>true</rtexprvalue>
    </attribute>
    <attribute>
      <name>version</name>
      <required>false</required>
      <rtexprvalue>true</rtexprvalue>
    </attribute>
  </tag>

  <tag>
    <name>loadISC</name>
    <tagclass>com.isomorphic.taglib.LoadISCTag</tagclass>
    <bodycontent>JSP</bodycontent>
    <attribute>
      <name>absolutePathToWebRoot</name>
      <required>false</required>
      <rtexprvalue>true</rtexprvalue>
    </attribute>
    <attribute>
      <name>relativePathToWebRoot</name>
      <required>false</required>
      <rtexprvalue>true</rtexprvalue>
    </attribute>
    <attribute>
      <name>isomorphicURI</name>
      <required>false</required>
      <rtexprvalue>true</rtexprvalue>
    </attribute>
    <attribute>
      <name>isomorphicDevURI</name>
      <required>false</required>
      <rtexprvalue>true</rtexprvalue>
    </attribute>
    <attribute>
      <name>skinDir</name>
      <required>false</required>
      <rtexprvalue>true</rtexprvalue>
    </attribute>
    <attribute>
      <name>modulesDir</name>
      <required>false</required>
      <rtexprvalue>true</rtexprvalue>
    </attribute>
    <attribute>
      <name>runat</name>
      <required>false</required>
      <rtexprvalue>true</rtexprvalue>
    </attribute>
    <attribute>
      <name>skin</name>
      <required>false</required>
      <rtexprvalue>true</rtexprvalue>
    </attribute>
    <attribute>
      <name>suffix</name>
      <required>false</required>
      <rtexprvalue>true</rtexprvalue>
    </attribute>
    <attribute>
      <name>modules</name>
      <required>false</required>
      <rtexprvalue>true</rtexprvalue>
    </attribute>
    <attribute>
      <name>includeModules</name>
      <required>false</required>
      <rtexprvalue>true</rtexprvalue>
    </attribute>
    <attribute>
      <name>defer</name>
      <required>false</required>
      <rtexprvalue>true</rtexprvalue>
    </attribute>
    <attribute>
      <name>cacheOnly</name>
      <required>false</required>
      <rtexprvalue>true</rtexprvalue>
    </attribute>
    <attribute>
      <name>onload</name>
      <required>false</required>
      <rtexprvalue>true</rtexprvalue>
    </attribute>
    <attribute>
      <name>version</name>
      <required>false</required>
      <rtexprvalue>true</rtexprvalue>
    </attribute>
    <attribute>
      <name>useSimpleNames</name>
      <required>false</required>
      <rtexprvalue>true</rtexprvalue>
    </attribute>
  </tag>

  <tag>
    <name>loadSkin</name>
    <tagclass>com.isomorphic.taglib.LoadSkinTag</tagclass>
    <bodycontent>JSP</bodycontent>
    <attribute>
      <name>skin</name>
      <required>false</required>
      <rtexprvalue>true</rtexprvalue>
    </attribute>
    <attribute>
      <name>skinDir</name>
      <required>false</required>
      <rtexprvalue>true</rtexprvalue>
    </attribute>
    <attribute>
      <name>absolutePathToWebRoot</name>
      <required>false</required>
      <rtexprvalue>true</rtexprvalue>
    </attribute>
    <attribute>
      <name>relativePathToWebRoot</name>
      <required>false</required>
      <rtexprvalue>true</rtexprvalue>
    </attribute>
    <attribute>
      <name>isomorphicURI</name>
      <required>false</required>
      <rtexprvalue>true</rtexprvalue>
    </attribute>
    <attribute>
      <name>defer</name>
      <required>false</required>
      <rtexprvalue>true</rtexprvalue>
    </attribute>
    <attribute>
      <name>cacheOnly</name>
      <required>false</required>
      <rtexprvalue>true</rtexprvalue>
    </attribute>
    <attribute>
      <name>onload</name>
      <required>false</required>
      <rtexprvalue>true</rtexprvalue>
    </attribute>
    <attribute>
      <name>version</name>
      <required>false</required>
      <rtexprvalue>true</rtexprvalue>
    </attribute>
  </tag>

  <tag>
    <name>loadModules</name>
    <tagclass>com.isomorphic.taglib.LoadModulesTag</tagclass>
    <bodycontent>JSP</bodycontent>
    <attribute>
      <name>modules</name>
      <required>false</required>
      <rtexprvalue>true</rtexprvalue>
    </attribute>
    <attribute>
      <name>modulesDir</name>
      <required>false</required>
      <rtexprvalue>true</rtexprvalue>
    </attribute>
    <attribute>
      <name>includeModules</name>
      <required>false</required>
      <rtexprvalue>true</rtexprvalue>
    </attribute>
    <attribute>
      <name>isomorphicDevURI</name>
      <required>false</required>
      <rtexprvalue>true</rtexprvalue>
    </attribute>
    <attribute>
      <name>isomorphicURI</name>
      <required>false</required>
      <rtexprvalue>true</rtexprvalue>
    </attribute>
    <attribute>
      <name>absolutePathToWebRoot</name>
      <required>false</required>
      <rtexprvalue>true</rtexprvalue>
    </attribute>
    <attribute>
      <name>relativePathToWebRoot</name>
      <required>false</required>
      <rtexprvalue>true</rtexprvalue>
    </attribute>
    <attribute>
      <name>suffix</name>
      <required>false</required>
      <rtexprvalue>true</rtexprvalue>
    </attribute>
    <attribute>
      <name>defer</name>
      <required>false</required>
      <rtexprvalue>true</rtexprvalue>
    </attribute>
    <attribute>
      <name>cacheOnly</name>
      <required>false</required>
      <rtexprvalue>true</rtexprvalue>
    </attribute>
    <attribute>
      <name>onload</name>
      <required>false</required>
      <rtexprvalue>true</rtexprvalue>
    </attribute>
    <attribute>
      <name>version</name>
      <required>false</required>
      <rtexprvalue>true</rtexprvalue>
    </attribute>
  </tag>

  <tag>
    <name>loadWSDL</name>
    <tagclass>com.isomorphic.taglib.LoadWSDLTag</tagclass>
    <bodycontent>JSP</bodycontent>
    <attribute>
      <name>url</name>
      <required>true</required>
      <rtexprvalue>true</rtexprvalue>
    </attribute>
    <attribute>
      <name>cache</name>
      <required>false</required>
      <rtexprvalue>true</rtexprvalue>
    </attribute>
  </tag>

  <tag>
    <name>loadXMLSchema</name>
    <tagclass>com.isomorphic.taglib.LoadWSDLTag</tagclass>
    <bodycontent>JSP</bodycontent>
    <attribute>
      <name>url</name>
      <required>true</required>
      <rtexprvalue>true</rtexprvalue>
    </attribute>
    <attribute>
      <name>cache</name>
      <required>false</required>
      <rtexprvalue>true</rtexprvalue>
    </attribute>
  </tag>

  <tag>
    <name>loadApp</name>
    <tagclass>com.isomorphic.taglib.LoadAppTag</tagclass>
    <bodycontent>JSP</bodycontent>
    <attribute>
      <name>ID</name>
      <rtexprvalue>true</rtexprvalue>
    </attribute>
    <attribute>
      <name>name</name>
      <rtexprvalue>true</rtexprvalue>
    </attribute>
    <attribute>
      <name>runat</name>
      <required>false</required>
      <rtexprvalue>true</rtexprvalue>
    </attribute>
  </tag>

  <tag>
    <name>loadDS</name>
    <tagclass>com.isomorphic.taglib.LoadDSTag</tagclass>
    <bodycontent>JSP</bodycontent>
    <attribute>
      <name>ID</name>
      <rtexprvalue>true</rtexprvalue>
    </attribute>
    <attribute>
      <name>name</name>
      <rtexprvalue>true</rtexprvalue>
    </attribute>
    <attribute>
      <name>repo</name>
      <required>false</required>
      <rtexprvalue>true</rtexprvalue>
    </attribute>
    <attribute>
      <name>runat</name>
      <required>false</required>
      <rtexprvalue>true</rtexprvalue>
    </attribute>
  </tag>

  <tag>
    <name>loadDSFromDB</name>
    <tagclass>com.isomorphic.hibernate.LoadDSFromDBTag</tagclass>
    <bodycontent>JSP</bodycontent>
    <attribute>
      <name>ID</name>
      <required>false</required>
      <rtexprvalue>true</rtexprvalue>
    </attribute>
    <attribute>
      <name>runat</name>
      <required>false</required>
      <rtexprvalue>true</rtexprvalue>
    </attribute>
    <attribute>
      <name>tableName</name>
      <required>false</required>
      <rtexprvalue>true</rtexprvalue>
    </attribute>
    <attribute>
      <name>serverType</name>
      <required>false</required>
      <rtexprvalue>true</rtexprvalue>
    </attribute>
    <attribute>
      <name>dbName</name>
      <required>false</required>
      <rtexprvalue>true</rtexprvalue>
    </attribute>
  </tag>

  <tag>
    <name>loadUI</name>
    <tagclass>com.isomorphic.taglib.LoadUITag</tagclass>
    <bodycontent>JSP</bodycontent>
    <attribute>
      <name>ID</name>
      <rtexprvalue>true</rtexprvalue>
    </attribute>
    <attribute>
      <name>name</name>
      <rtexprvalue>true</rtexprvalue>
    </attribute>
    <attribute>
      <name>runat</name>
      <required>false</required>
      <rtexprvalue>true</rtexprvalue>
    </attribute>
  </tag>

  <tag>
    <name>loadDMIStubs</name>
    <tagclass>com.isomorphic.taglib.LoadDMIStubsTag</tagclass>
    <bodycontent>JSP</bodycontent>
    <attribute>
      <name>ID</name>
      <rtexprvalue>true</rtexprvalue>
    </attribute>
    <attribute>
      <name>name</name>
      <rtexprvalue>true</rtexprvalue>
    </attribute>
    <attribute>
      <name>runat</name>
      <required>false</required>
      <rtexprvalue>true</rtexprvalue>
    </attribute>
  </tag>

  <tag>
    <name>loadSystemSchema</name>
    <tagclass>com.isomorphic.taglib.LoadSystemSchemaTag</tagclass>
    <bodycontent>JSP</bodycontent>
  </tag>

  <tag>
    <name>initServer</name>
    <tagclass>com.isomorphic.taglib.InitServerTag</tagclass>
    <bodycontent>JSP</bodycontent>
    <attribute>
      <name>runat</name>
      <required>false</required>
      <rtexprvalue>true</rtexprvalue>
    </attribute>
  </tag>

</taglib>
