@0;1;;;;;;;;;;;;;;;;;;
@A;2;;;;;;;;;;;;;;;=N4;=M4;=L4;
@B;3;RU02-NUC01-T01;;;;;;;;;;;;;3;Step;	Tipo;	Istruzioni(text);	Dati di input(Associated Data);	Risultati attesi(Expected Result);	Nome file esterno
@F;4;RU02-NUC01-T01;'20180315162507;1; /PampWeb/index.html ; ; ; ; ; ; ;RU02-NUC01-T01;4;P;	Attivit� Preliminari e/o Precondizioni	;L'utente accede al browser, viene richiamata la form di cui ad URL indicata;=F4;=P4
@F;5;RU02-NUC01-T01;'20180315162507;2; /PampWeb/index.html ; ; ; ; ; ; ;RU02-NUC01-T01;5;P;	;=L5;;;;;	
@F;6;RU02-NUC01-T01;'20180315162507;3; /PampWeb/index.html ;TreeGrid;TreeGridID;Equities;POST; ;Stato Base: Attende la risposta dall^oggetto TreeGrid, TreeGridID di cui Equities di cui Equities di cui Equities di cui EquitiesTreeGrid, TreeGridID di cui Equities;RU02-NUC01-T01;6;1;	Stato Base;=L6;Si attende la risposta dall'applicazione;=CONCATENATE("Viene selezionato l^oggetto "|G6);;P;	1
@F;7;RU02-NUC01-T01;'20180315162507;4; /PampWeb/index.html ;ListGrid;INSTRID=13596;INSTRNAME=AzioniEukedos;POST; ;Stato Base: Attende la risposta dall^oggetto , Vlayout di cui q_statListGrid, INSTRID=13596 di cui INSTRNAME=AzioniEukedosListGridListGrid, INSTRID=13596 di cui INSTRNAME=AzioniEukedos, INSTRID=13596 di cui INSTRNAME=AzioniEukedos, Vlayout di cui q_statListGrid, INSTRID=13596 di cui INSTRNAME=AzioniEukedos;RU02-NUC01-T01;7;1;Stato Base;=L7;Si attende la risposta dall'applicazione;Si attende la risposta dall'applicazione;;P;	1
@F;8;RU02-NUC01-T01;'20180315162507;5; /PampWeb/index.html ;ListGrid;Vlayout;EUR;POST; ;Stato Base: Attende la risposta dall^oggetto , Vlayout di cui q_statListGrid di cui EUR;RU02-NUC01-T01;8;1;Navigazione;N.A.;N.A.;=P4
@F;9;RU02-NUC01-T01;'20180315162507;6; /PampWeb/index.html ;ListGrid;Vlayout;EU0004818297;POST; ;Stato Base: Attende la risposta dall^oggetto , Vlayout di cui q_statListGrid di cui EU0004818297;RU02-NUC01-T01;9;2; Azione	;;Riferimenti: file 000811_COL_basedati_1.0.xls	;L'applicazione attende la risposta dal sistema  (HTTP  - waiting for response)
@F;10;RU02-NUC01-T01;'20180315162507;7; /PampWeb/index.html ;ListGrid;Vlayout;q_stat;POST; ;Stato Base: Attende la risposta dall^oggetto , Vlayout di cui q_statListGridListGridListGridListGridListGrid, Vlayout di cui q_statListGrid;RU02-NUC01-T01;10;3;	Navigazione;	;=CONCATENATE("Effettua la funzionalita^"|M10)
@F;11;RU02-NUC01-T01;'20180315162507;8; /PampWeb/index.html ;ListGrid;Vlayout;q_stat;POST; ;Stato Base: Attende la risposta dall^oggetto , Vlayout di cui q_statListGridListGridListGridListGridListGridListGrid, Vlayout di cui q_statListGrid
@F;12;RU02-NUC01-T01;'20180315162507;9; /PampWeb/index.html ;ListGrid;MTA;value;POST; ;Stato Base: Attende la risposta dall^oggetto , Vlayout di cui q_statListGrid di cui MTAListGridListGridListGrid di cui value, MTAListGrid di cui value, MTA, Vlayout di cui q_statListGrid di cui value, MTA;RU02-NUC01-T01;12;1;Stato Base;=L12;Si attende la risposta dall'applicazione;Si attende la risposta dall'applicazione;;P;	1
@F;13;RU02-NUC01-T01;'20180315162507;10; /PampWeb/index.html ;ListGrid;F;value;POST; ;Stato Base: Attende la risposta dall^oggetto , Vlayout di cui q_statListGrid di cui FListGridListGridListGrid di cui value, FListGrid di cui value, FListGrid di cui value, F, Vlayout di cui q_statListGrid di cui value, F;RU02-NUC01-T01;13;1;Stato Base;=L13;Si attende la risposta dall'applicazione;Si attende la risposta dall'applicazione;;P;	1
@F;14;RU02-NUC01-T01;'20180315162507;11; /PampWeb/index.html ;ListGrid;A;value;POST; ;Stato Base: Attende la risposta dall^oggetto , Vlayout di cui q_statListGrid di cui AListGridListGridListGrid di cui value, AListGrid di cui value, A, Vlayout di cui q_statListGrid di cui value, A;RU02-NUC01-T01;14;1;Stato Base;=L14;Si attende la risposta dall'applicazione;Si attende la risposta dall'applicazione;;P;	1
@F;15;RU02-NUC01-T01;'20180315162507;12; /PampWeb/index.html ;ListGrid;F;value;POST; ;Stato Base: Attende la risposta dall^oggetto , Vlayout di cui q_statListGrid di cui FListGridListGridListGrid di cui value, FListGrid di cui value, FListGrid di cui value, F, Vlayout di cui q_statListGrid di cui value, F;RU02-NUC01-T01;15;1;Stato Base;=L15;Si attende la risposta dall'applicazione;Si attende la risposta dall'applicazione;;P;	1
@F;16;RU02-NUC01-T01;'20180315162507;13; /PampWeb/index.html ;ListGrid;Vlayout;q_stat;POST; ;Stato Base: Attende la risposta dall^oggetto , Vlayout di cui q_statListGrid;RU02-NUC01-T01;16;1;Stato Base;=L16;Si attende la risposta dall'applicazione;Si attende la risposta dall'applicazione;;P;	1
@F;17;RU02-NUC01-T01;'20180315162507;14; /PampWeb/index.html ;ScreenSpan;ScreenSpanID; ;POST; ;Stato Base: Attende la risposta dall^oggetto ScreenSpan, ScreenSpanIDScreenSpan, ScreenSpanID;RU02-NUC01-T01;17;1;Stato Base;=L17;Si attende la risposta dall'applicazione;Si attende la risposta dall'applicazione;;P;	1
@F;18;RU02-NUC01-T01;'20180315162507;15; /PampWeb/index.html ;ScreenSpan;ScreenSpanID; ;POST; ;Stato Base: Attende la risposta dall^oggetto ScreenSpan, ScreenSpanID;RU02-NUC01-T01;18;1;Stato Base;=L18;Si attende la risposta dall'applicazione;Si attende la risposta dall'applicazione;;P;	1
@F;19;RU02-NUC01-T01;'20180315162507;16; /PampWeb/index.html ;ScreenSpan;ScreenSpanID; ;POST; ;Stato Base: Attende la risposta dall^oggetto ScreenSpan, ScreenSpanIDScreenSpan, ScreenSpanID;RU02-NUC01-T01;19;1;Stato Base;=L19;Si attende la risposta dall'applicazione;Si attende la risposta dall'applicazione;;P;	1
@F;20;RU02-NUC01-T01;'20180315162507;17; /PampWeb/index.html ;ScreenSpan;ScreenSpanID; ;POST; ;Stato Base: Attende la risposta dall^oggetto ScreenSpan, ScreenSpanIDScreenSpan, ScreenSpanID;RU02-NUC01-T01;20;1;Stato Base;=L20;Si attende la risposta dall'applicazione;Si attende la risposta dall'applicazione;;P;	1
@F;21;RU02-NUC01-T01;'20180315162507;18; /PampWeb/index.html ;ScreenSpan;ScreenSpanID; ;POST; ;Stato Base: Attende la risposta dall^oggetto ScreenSpan, ScreenSpanIDScreenSpan, ScreenSpanID;RU02-NUC01-T01;21;1;Stato Base;=L21;Si attende la risposta dall'applicazione;Si attende la risposta dall'applicazione;;P;	1
@F;22;RU02-NUC01-T01;'20180315162507;19; /PampWeb/index.html ;ListGrid;AF;value;POST; ;Stato Base: Attende la risposta dall^oggetto , Vlayout di cui q_statListGrid di cui AFListGridListGridListGrid di cui value, AFListGrid di cui value, AF, Vlayout di cui q_statListGrid di cui value, AF;RU02-NUC01-T01;22;1;Stato Base;=L22;Si attende la risposta dall'applicazione;Si attende la risposta dall'applicazione;;P;	1
@F;23;RU02-NUC01-T01;'20180315162507;20; /PampWeb/index.html ;ScreenSpan;ScreenSpanID; ;POST; ;Stato Base: Attende la risposta dall^oggetto ScreenSpan, ScreenSpanIDScreenSpan, ScreenSpanID;RU02-NUC01-T01;23;1;Stato Base;=L23;Si attende la risposta dall'applicazione;Si attende la risposta dall'applicazione;;P;	1
@F;24;RU02-NUC01-T01;'20180315162507;21; /PampWeb/index.html ;ListGrid;AF;value;POST; ;Stato Base: Attende la risposta dall^oggetto , Vlayout di cui q_statListGrid di cui AFListGridListGridListGrid di cui value, AFListGrid di cui value, AF, Vlayout di cui q_statListGrid di cui value, AF;RU02-NUC01-T01;24;1;Stato Base;=L24;Si attende la risposta dall'applicazione;Si attende la risposta dall'applicazione;;P;	1
@F;25;RU02-NUC01-T01;'20180315162507;22; /PampWeb/index.html ;ScreenSpan;ScreenSpanID; ;POST; ;Stato Base: Attende la risposta dall^oggetto ScreenSpan, ScreenSpanIDScreenSpan, ScreenSpanID;RU02-NUC01-T01;25;1;Stato Base;=L25;Si attende la risposta dall'applicazione;Si attende la risposta dall'applicazione;;P;	1
@F;26;RU02-NUC01-T01;'20180315162507;23; /PampWeb/index.html ;ScreenSpan;ScreenSpanID; ;POST; ;Stato Base: Attende la risposta dall^oggetto ScreenSpan, ScreenSpanIDScreenSpan, ScreenSpanID;RU02-NUC01-T01;26;1;Stato Base;=L26;Si attende la risposta dall'applicazione;Si attende la risposta dall'applicazione;;P;	1
@F;27;RU02-NUC01-T01;'20180315162507;24; /PampWeb/index.html ;ScreenSpan;ScreenSpanID; ;POST; ;Stato Base: Attende la risposta dall^oggetto ScreenSpan, ScreenSpanIDScreenSpan, ScreenSpanID;RU02-NUC01-T01;27;1;Stato Base;=L27;Si attende la risposta dall'applicazione;Si attende la risposta dall'applicazione;;P;	1
@F;28;RU02-NUC01-T01;'20180315162507;25; /PampWeb/index.html ;ScreenSpan;ScreenSpanID; ;POST; ;Stato Base: Attende la risposta dall^oggetto ScreenSpan, ScreenSpanIDScreenSpan, ScreenSpanID;RU02-NUC01-T01;28;1;Stato Base;=L28;Si attende la risposta dall'applicazione;Si attende la risposta dall'applicazione;;P;	1
