<?xml version="1.0" encoding="UTF-8" ?>
<!DOCTYPE log4j:configuration SYSTEM "log4j.dtd">

<log4j:configuration xmlns:log4j="http://jakarta.apache.org/log4j/">

	<appender name="STDOUT" class="org.apache.log4j.ConsoleAppender">
		<layout class="org.apache.log4j.PatternLayout">
        	<param name="ConversionPattern" value="=== %d [%.4t] %-5p %c{1} - %m%n"/>
		</layout>		
	</appender>

	<appender name="SmartGwt_DEBUG_FILE" class="org.apache.log4j.DailyRollingFileAppender">
    	<param name="File"   value="logs/terrorismcontrol/tc_SmartGwt.log"/>
    	<!--param name="File"   value="C:/DeLauri/log/terrorismcontrol/tc_SmartGwt.log"/-->
        <param name="Append" value="true"/>	
        <param name="DatePattern" value="'.'yyyy-MM-dd"/>    
        <layout class="org.apache.log4j.PatternLayout">
			<param name="ConversionPattern" value="%d|%p|%C.%M|%5m%n"/>
        </layout>
	</appender>
	
	<!-- LOCAL -->
	 <!-- <appender name="JDBCUser" class="org.apache.log4j.jdbc.JDBCAppender">
		<param name="URL" value="jdbc:as400://10.0.10.230:446/test" />
		<param name="user" value="pampuse2" />
		<param name="password" value="ndapc1pfc" />
		<param name="driver" value="com.ibm.as400.access.AS400JDBCDriver" />
		<param name="sql" value="INSERT INTO PAMPUSE2.TCTUSRLOG VALUES(TIMESTAMP_FORMAT('%d','YYYY-MM-DD HH24:MI:SS'),'%p','%C.%M','%5m%n')" />
	</appender> --> 
	
	<!--  SERVER -->
	<appender name="JDBCUser" class="org.apache.log4j.jdbc.JDBCAppender">
		<param name="URL" value="jdbc:DB2://*LOCAL/test" />
		<param name="user" value="terrctrlex" />
		<param name="password" value="ndapc1pfc" />
		<param name="driver" value="com.ibm.db2.jdbc.app.DB2Driver" />
		<param name="sql" value="INSERT INTO TERRCTRLEX.TCTUSRLOG VALUES(TIMESTAMP_FORMAT('%d','YYYY-MM-DD HH24:MI:SS'),'%p','%C.%M','%5m%n')" />
	</appender>
	
	<appender name="USER_LOG" class="org.apache.log4j.DailyRollingFileAppender">
    	<param name="File"   value="logs/terrorismcontrol/tc_user.log"/>
    	<!--param name="File"   value="C:/DeLauri/terrorismcontrol/tc_user.log"/-->
        <param name="Append" value="true" />	
        <param name="DatePattern" value="'.'yyyy-MM-dd"/>    
        <layout class="org.apache.log4j.PatternLayout">
			<param name="ConversionPattern" value="%d|%p||%5m%n"/>
        </layout>	    
	</appender>
    <!-- This appender is used by the "Server Logs" tab in the Developer Console. -->
	<appender name="SmartClientLog" class="com.isomorphic.log.RevolvingMemoryAppender">
	    <param name="maxEntries" value="500"/>
        <layout class="org.apache.log4j.PatternLayout">
        	<param name="ConversionPattern" value="=== %d [%.4t] %-5p %c{1} - %m%n"/>
		</layout>	
	</appender>
	
	<appender name="async_user_file" class="org.apache.log4j.AsyncAppender">
        <param name="BufferSize" value="500"/>
		<param name="LocationInfo" value="true"/>
        <appender-ref ref="USER_LOG"/>
    </appender>
    
	<appender name="async_smartclient_file" class="org.apache.log4j.AsyncAppender">
        <param name="BufferSize" value="500"/>
		<param name="LocationInfo" value="true"/>
        <appender-ref ref="SmartGwt_DEBUG_FILE"/>
    </appender>

    <!-- isomorphic log messages -->
    <!-- The STDOUT appender defined above is set as the default appender for all Isomorphic
         SmartClient server logging.  It should typically be visible in the console from which
         you started the application server.
         
         Some Application Servers redirect stdout output to a file (typically called stdout.log
         or something like that, so you should be able to find it there.

         If you can't find the server log, you should be able to use the SmartClientLog (above)
         which is visible in the Developer Console under "Server Logs" and as a standalone log
         viewer in /tools/serverLogViewer.jsp.  
         
         Failing all of the above, you can switch the appender-ref value for the com.isomorphic
         category to use the FILE_LOG appender which will log to /smartClientServerLog.txt on
         UNIX and C:\smartClientServerLog.txt on Windows.  You can change this by modifying the
         value of the "File" param in the FILE_LOG definition above.
    -->
  	<category name="com.isomorphic">
	  <priority value="INFO" />
      <appender-ref ref="async_smartclient_file"/>     
	</category>

	<!-- embedded tomcat -->
	<category name="org.apache">
	  <priority value="INFO" />
      <appender-ref ref="async_smartclient_file"/>
	</category>
	
	<!-- pamp log messages -->
  	<category name="it.ccg.tcfrontend.server.servlet"> 
	  <priority value="INFO" />
	  <appender-ref ref="JDBCUser"/>
      <appender-ref ref="async_user_file"/>
	</category>
	
	<!-- pamp dmi messages -->
  	<category name="it.ccg.tcfrontend.server.dmi"> 
	  <priority value="INFO" />
	  <appender-ref ref="JDBCUser"/>
      <appender-ref ref="async_user_file"/>
	</category>
	    
    <!-- LOCAL -->
     <!--root>
	    <priority value ="DEBUG" /> 
	     <appender-ref ref="STDOUT"/>
	    <appender-ref ref="SmartClientLog"/>
    </root-->
</log4j:configuration>

