Suite/Test/Step Name,Browser,Description,Start time,End time,Duration,Status
Tsuite_ver02-firefox,Firefox 60.0,,2019-05-30 09:04:36,2019-05-30 09:07:30,2m - 54.159s,PASSED
,,,,,,
Test Cases/ver 0.2Q/ver 0.2Q-firefox/RU05-STRESSTEST/RU05-NUC01-T01,Firefox 60.0,RU05-NUC01-T01 -Stress Test - S.T. Member Statistics - view,2019-05-30 09:04:37,2019-05-30 09:05:00,22.891s,PASSED
"Comment - ""----------------------------------------------------""",Firefox 60.0,,2019-05-30 09:04:38,2019-05-30 09:04:38,0.003s,PASSED
"Comment - ""This test case script is generated by Katalon Studio""",Firefox 60.0,,2019-05-30 09:04:38,2019-05-30 09:04:38,0.002s,PASSED
"Comment - ""Generated date: 09-Oct-2018 09:59:22 AM""",Firefox 60.0,,2019-05-30 09:04:38,2019-05-30 09:04:38,0.001s,PASSED
"Comment - ""File path: H:\Desktop\PAMPCCPA_0.1\PAMPCCPA_0.1\CdT\RUN_2\RU05\RU05-NUC01-T01.rctest""",Firefox 60.0,,2019-05-30 09:04:38,2019-05-30 09:04:38,0.003s,PASSED
"Comment - ""Generated by: masspetracca@gmail.com""",Firefox 60.0,,2019-05-30 09:04:38,2019-05-30 09:04:38,0.031s,PASSED
openBrowser,Firefox 60.0,----------------------------------------------------,2019-05-30 09:04:38,2019-05-30 09:04:47,9.568s,PASSED
navigateToUrl,Firefox 60.0,TC >> RU05-NUC01-T01.rctest,2019-05-30 09:04:47,2019-05-30 09:04:49,1.446s,PASSED
setText,Firefox 60.0,,2019-05-30 09:04:49,2019-05-30 09:04:49,0.339s,PASSED
setText,Firefox 60.0,,2019-05-30 09:04:49,2019-05-30 09:04:49,0.214s,PASSED
click,Firefox 60.0,,2019-05-30 09:04:49,2019-05-30 09:04:59,10.066s,PASSED
navigateToUrl,Firefox 60.0,,2019-05-30 09:04:59,2019-05-30 09:04:59,0.063s,PASSED
closeBrowser,Firefox 60.0,,2019-05-30 09:04:59,2019-05-30 09:05:00,0.439s,PASSED
,,,,,,
Test Cases/ver 0.2Q/ver 0.2Q-firefox/RU05-STRESSTEST/RU05-NUC02-T01,Firefox 60.0,RU05-NUC02-T01 -Stress Test - S.T. Scenario Statistics - view,2019-05-30 09:05:00,2019-05-30 09:07:18,2m - 18.385s,PASSED
"Comment - ""----------------------------------------------------""",Firefox 60.0,,2019-05-30 09:05:00,2019-05-30 09:05:00,0.011s,PASSED
"Comment - ""This test case script is generated by Katalon Studio""",Firefox 60.0,,2019-05-30 09:05:00,2019-05-30 09:05:00,0.003s,PASSED
"Comment - ""Generated date: 09-Oct-2018 09:59:22 AM""",Firefox 60.0,,2019-05-30 09:05:00,2019-05-30 09:05:00,0.001s,PASSED
"Comment - ""File path: H:\Desktop\PAMPCCPA_0.1\PAMPCCPA_0.1\CdT\RUN_2\RU05\RU05-NUC02-T01.rctest""",Firefox 60.0,,2019-05-30 09:05:00,2019-05-30 09:05:00,0.001s,PASSED
"Comment - ""Generated by: masspetracca@gmail.com""",Firefox 60.0,,2019-05-30 09:05:00,2019-05-30 09:05:00,0.002s,PASSED
openBrowser,Firefox 60.0,----------------------------------------------------,2019-05-30 09:05:00,2019-05-30 09:05:04,4.232s,PASSED
navigateToUrl,Firefox 60.0,TC >> RU05-NUC02-T01.rctest,2019-05-30 09:05:04,2019-05-30 09:05:05,0.387s,PASSED
setText,Firefox 60.0,,2019-05-30 09:05:05,2019-05-30 09:05:05,0.218s,PASSED
setText,Firefox 60.0,,2019-05-30 09:05:05,2019-05-30 09:05:05,0.126s,PASSED
click,Firefox 60.0,,2019-05-30 09:05:05,2019-05-30 09:05:12,6.480s,PASSED
navigateToUrl,Firefox 60.0,,2019-05-30 09:05:12,2019-05-30 09:05:12,0.072s,PASSED
click,Firefox 60.0,,2019-05-30 09:05:12,2019-05-30 09:05:57,44.931s,PASSED
click,Firefox 60.0,,2019-05-30 09:05:57,2019-05-30 09:05:57,0.121s,PASSED
click,Firefox 60.0,,2019-05-30 09:05:57,2019-05-30 09:06:43,45.688s,PASSED
click,Firefox 60.0,,2019-05-30 09:06:43,2019-05-30 09:07:18,35.574s,PASSED
click,Firefox 60.0,,2019-05-30 09:07:18,2019-05-30 09:07:18,0.020s,PASSED
click,Firefox 60.0,,2019-05-30 09:07:18,2019-05-30 09:07:18,0.040s,PASSED
closeBrowser,Firefox 60.0,,2019-05-30 09:07:18,2019-05-30 09:07:18,0.059s,PASSED
,,,,,,
Test Cases/ver 0.2Q/ver 0.2Q-firefox/RU05-STRESSTEST/RU05-NUC03-T01,Firefox 60.0,RU05-NUC03-T01 -Stress Test - S.T. Settings - view,2019-05-30 09:07:18,2019-05-30 09:07:30,11.796s,PASSED
"Comment - ""----------------------------------------------------""",Firefox 60.0,,2019-05-30 09:07:19,2019-05-30 09:07:19,0.001s,PASSED
"Comment - ""This test case script is generated by Katalon Studio""",Firefox 60.0,,2019-05-30 09:07:19,2019-05-30 09:07:19,0.000s,PASSED
"Comment - ""Generated date: 09-Oct-2018 09:59:22 AM""",Firefox 60.0,,2019-05-30 09:07:19,2019-05-30 09:07:19,0.005s,PASSED
"Comment - ""File path: H:\Desktop\PAMPCCPA_0.1\PAMPCCPA_0.1\CdT\RUN_2\RU05\RU05-NUC03-T01.rctest""",Firefox 60.0,,2019-05-30 09:07:19,2019-05-30 09:07:19,0.000s,PASSED
"Comment - ""Generated by: masspetracca@gmail.com""",Firefox 60.0,,2019-05-30 09:07:19,2019-05-30 09:07:19,0.001s,PASSED
openBrowser,Firefox 60.0,----------------------------------------------------,2019-05-30 09:07:19,2019-05-30 09:07:23,3.998s,PASSED
navigateToUrl,Firefox 60.0,TC >> RU05-NUC03-T01.rctest,2019-05-30 09:07:23,2019-05-30 09:07:23,0.286s,PASSED
setText,Firefox 60.0,,2019-05-30 09:07:23,2019-05-30 09:07:23,0.179s,PASSED
setText,Firefox 60.0,,2019-05-30 09:07:23,2019-05-30 09:07:23,0.176s,PASSED
click,Firefox 60.0,,2019-05-30 09:07:23,2019-05-30 09:07:30,6.346s,PASSED
navigateToUrl,Firefox 60.0,,2019-05-30 09:07:30,2019-05-30 09:07:30,0.061s,PASSED
closeBrowser,Firefox 60.0,,2019-05-30 09:07:30,2019-05-30 09:07:30,0.396s,PASSED
