Suite/Test/Step Name,Browser,Description,Start time,End time,Duration,Status
Tsuite_ver02-firefox,Firefox 60.0,,2019-05-29 17:22:01,2019-05-29 17:22:31,29.752s,PASSED
,,,,,,
Test Cases/ver 0.2Q/ver 0.2Q-firefox/RU04-RISKENGINE/RU04-NUC03-T01,Firefox 60.0,RU04-NUC03-T01 -Risk Engine - Working margins,2019-05-29 17:22:02,2019-05-29 17:22:19,17.179s,PASSED
"Comment - ""----------------------------------------------------""",Firefox 60.0,,2019-05-29 17:22:03,2019-05-29 17:22:03,0.002s,PASSED
"Comment - ""This test case script is generated by Katalon Studio""",Firefox 60.0,,2019-05-29 17:22:03,2019-05-29 17:22:03,0.002s,PASSED
"Comment - ""Generated date: 09-Oct-2018 09:59:22 AM""",Firefox 60.0,,2019-05-29 17:22:03,2019-05-29 17:22:03,0.016s,PASSED
"Comment - ""File path: H:\Desktop\PAMPCCPA_0.1\PAMPCCPA_0.1\CdT\RUN_2\RU04\RU04-NUC03-T01.rctest""",Firefox 60.0,,2019-05-29 17:22:03,2019-05-29 17:22:03,0.006s,PASSED
"Comment - ""Generated by: masspetracca@gmail.com""",Firefox 60.0,,2019-05-29 17:22:03,2019-05-29 17:22:03,0.019s,PASSED
openBrowser,Firefox 60.0,----------------------------------------------------,2019-05-29 17:22:03,2019-05-29 17:22:11,8.855s,PASSED
navigateToUrl,Firefox 60.0,TC >> RU04-NUC03-T01.rctest,2019-05-29 17:22:11,2019-05-29 17:22:12,0.481s,PASSED
setText,Firefox 60.0,,2019-05-29 17:22:12,2019-05-29 17:22:12,0.217s,PASSED
setText,Firefox 60.0,,2019-05-29 17:22:12,2019-05-29 17:22:12,0.097s,PASSED
click,Firefox 60.0,,2019-05-29 17:22:12,2019-05-29 17:22:18,6.155s,PASSED
navigateToUrl,Firefox 60.0,,2019-05-29 17:22:18,2019-05-29 17:22:18,0.063s,PASSED
closeBrowser,Firefox 60.0,,2019-05-29 17:22:18,2019-05-29 17:22:19,0.397s,PASSED
,,,,,,
Test Cases/ver 0.2Q/ver 0.2Q-firefox/RU04-RISKENGINE/RU04-NUC03-T02,Firefox 60.0,RU04-NUC03-T02 -Risk Engine - Working margins - filters ,2019-05-29 17:22:19,2019-05-29 17:22:31,11.714s,PASSED
"Comment - ""----------------------------------------------------""",Firefox 60.0,,2019-05-29 17:22:19,2019-05-29 17:22:19,0.004s,PASSED
"Comment - ""This test case script is generated by Katalon Studio""",Firefox 60.0,,2019-05-29 17:22:19,2019-05-29 17:22:19,0.003s,PASSED
"Comment - ""Generated date: 09-Oct-2018 09:59:22 AM""",Firefox 60.0,,2019-05-29 17:22:19,2019-05-29 17:22:19,0.016s,PASSED
"Comment - ""File path: H:\Desktop\PAMPCCPA_0.1\PAMPCCPA_0.1\CdT\RUN_2\RU04\RU04-NUC03-T01.rctest""",Firefox 60.0,,2019-05-29 17:22:19,2019-05-29 17:22:19,0.000s,PASSED
"Comment - ""Generated by: masspetracca@gmail.com""",Firefox 60.0,,2019-05-29 17:22:19,2019-05-29 17:22:19,0.002s,PASSED
openBrowser,Firefox 60.0,----------------------------------------------------,2019-05-29 17:22:19,2019-05-29 17:22:23,4.016s,PASSED
navigateToUrl,Firefox 60.0,TC >> RU04-NUC03-T01.rctest,2019-05-29 17:22:23,2019-05-29 17:22:23,0.252s,PASSED
setText,Firefox 60.0,,2019-05-29 17:22:23,2019-05-29 17:22:24,0.191s,PASSED
setText,Firefox 60.0,,2019-05-29 17:22:24,2019-05-29 17:22:24,0.181s,PASSED
click,Firefox 60.0,,2019-05-29 17:22:24,2019-05-29 17:22:30,6.140s,PASSED
navigateToUrl,Firefox 60.0,,2019-05-29 17:22:30,2019-05-29 17:22:30,0.136s,PASSED
closeBrowser,Firefox 60.0,,2019-05-29 17:22:30,2019-05-29 17:22:31,0.486s,PASSED
