<?xml version="1.0" encoding="UTF-8" ?><!--
    Copyright (c) 2014 IBM Corporation and others.
    All rights reserved. This program and the accompanying materials
    are made available under the terms of the Eclipse Public License v1.0
    which accompanies this distribution, and is available at
    http://www.eclipse.org/legal/epl-v10.html
   
    Contributors:
        IBM Corporation - initial API and implementation
 -->

<!DOCTYPE log4j:configuration SYSTEM "log4j.dtd">

<log4j:configuration xmlns:log4j="http://jakarta.apache.org/log4j/">
  <appender name="console" class="org.apache.log4j.ConsoleAppender"> 
    <param name="Target" value="System.out"/> 
    <layout class="org.apache.log4j.PatternLayout"> 
      <param name="ConversionPattern" value="%d|%-5p|%c %x| %m%n"/> 
    </layout> 
  </appender> 
  <appender name="fileAppender" class="org.apache.log4j.DailyRollingFileAppender">
        <param name="File" value="/ICSD/InfoprovidersICSD.log" />
        <param name="DatePattern" value="'.'yyyy-MM-dd"/>
        <param name="Append" value="true" />
        <layout class="org.apache.log4j.PatternLayout">
          <param name="ConversionPattern" value="%d|%-5p|%c %x| %m%n"/>
        </layout>      
        <filter class="org.apache.log4j.varia.LevelRangeFilter"> 
                <param name="LevelMax" value="fatal"/>     
                <param name="LevelMin" value="debug"/>
                <param name="AcceptOnMatch" value="true"/> 
        </filter>   
        <filter class="org.apache.log4j.varia.DenyAllFilter" />   
   </appender>
   
   <appender name="fileAppenderSetter" class="org.apache.log4j.DailyRollingFileAppender">
        <param name="File" value="/ICSD/InfoprovidersICSDSet.log" />
        <param name="DatePattern" value="'.'yyyy-MM-dd"/>
        <param name="Append" value="true" />
        <layout class="org.apache.log4j.PatternLayout">
          <param name="ConversionPattern" value="%d|%-5p|%c %x| %m%n"/>
        </layout>      
        <filter class="org.apache.log4j.varia.LevelRangeFilter"> 
                <param name="LevelMax" value="setter"/>     
                <param name="LevelMin" value="setter"/>
                <param name="AcceptOnMatch" value="true"/> 
        </filter>     
   </appender>
       
   <logger name="it.ccg.icsd">
 	  <level value="setter"/> 
      <appender-ref ref="fileAppenderSetter"/>
   </logger>
   
  <root>
  	<priority value ="debug" /> 
    <appender-ref ref="console" /> 
    <appender-ref ref="fileAppender" /> 
  </root>
  
</log4j:configuration>