<DataSource tableName="varcshflw"
				   ID="varcshflw"
	dataSourceVersion="1"
		  serverType="sql">
	<fields>
		<field title="RUN ID" name="RUN_ID" primaryKey="true" required="true" type="integer"  width="100%" align="left" cellAlign="left" canFilter="true" canEdit="false" detail="true" />
		<field title="Deal" name="DEAL_NO" primaryKey="true" required="true" type="integer"  width="40" align="left" cellAlign="left" canFilter="true" canEdit="false" detail="false" />
		<field title="Coup." name="NCOUP"  required="true" type="integer"  width="40" align="left" cellAlign="left" canFilter="true" canEdit="false" detail="false" />
		<field title="Last Coupon" name="LASTCOUP"  primaryKey="true" required="true" type="text" length="1"  width="80" align="left" cellAlign="left" canFilter="true" canEdit="false" detail="true">
			<valueMap>
				<value ID="T">True</value>
				<value ID="F">False</value> 
			</valueMap>
		</field>
		<field title="Maturity date" name="MAT_DT" primaryKey="true" required="true"  type="date" customSelectExpression="TIMESTAMP_FORMAT(cast(MAT_DT as varchar(8)),'YYYYMMDD')"  width="90" align="left" cellAlign="left" canFilter="true" canEdit="false" detail="false" />
		<field title="Duration" name="DURATION"  type="float"  customSelectExpression="cast(DURATION as FLOAT)"    format="###,##0.########"  width="80" canFilter="true" canEdit="false" align="left" cellAlign="left"  detail="false" />
		<field title="Low Node"  name="LWNODE" required="true"  type="integer" width="70" canFilter="true" canEdit="false" align="left" cellAlign="left"  detail="false" />
		<field title="Up Node"  name="UPNODE" required="true"  type="integer" width="100%" canFilter="true" canEdit="false" align="left" cellAlign="left"  detail="false" />
		<field title="Low Yield" name="LWYIELD"  type="float"  customSelectExpression="cast(LWYIELD as FLOAT)"    format="###,##0.########"  width="100%" canFilter="true" canEdit="false" align="left" cellAlign="left"  detail="true" />
		<field title="Up Yield" name="UPYIELD"  type="float"  customSelectExpression="cast(UPYIELD as FLOAT)"    format="###,##0.########"  width="110" canFilter="true" canEdit="false" align="left" cellAlign="left"  detail="true" />
		<field title="Interp. Yield" name="ITPYIELD"  type="float"  customSelectExpression="cast(ITPYIELD as FLOAT)"    format="###,##0.########"  width="80" canFilter="true" canEdit="false" align="left" cellAlign="left" detail="false" />
		<field title="Low Vol.Rect." name="LWVOLRCT"  type="float"  customSelectExpression="cast(LWVOLRCT as FLOAT)"    format="###,##0.########"  width="30%" canFilter="true" canEdit="false" align="left" cellAlign="left"  detail="true" />
		<field title="Up Vol.rect." name="UPVOLRCT"  type="float"  customSelectExpression="cast(UPVOLRCT as FLOAT)"    format="###,##0.########"  width="30%" canFilter="true" canEdit="false" align="left" cellAlign="left"  detail="true" />
		<field title="ITP.Vol.Rect" name="ITPVOLRCT"  type="float"  customSelectExpression="cast(ITPVOLRCT as FLOAT)"    format="###,##0.########"  width="90" canFilter="true" canEdit="false" align="left" cellAlign="left"  detail="false" />
		<field title="Correlation" name="CORRELAT"  type="float"  customSelectExpression="cast(CORRELAT as FLOAT)"    format="###,##0.########"  width="30%" canFilter="true" canEdit="false" align="left" cellAlign="left"  detail="true" />
		<field title="Low weight" name="LWWEIGHT"  type="float"  customSelectExpression="cast(LWWEIGHT as FLOAT)"    format="###,##0.########"  width="30%" canFilter="true" canEdit="false" align="left" cellAlign="left"  detail="true" />
		<field title="Up weight" name="UPWEIGHT"  type="float"  customSelectExpression="cast(UPWEIGHT as FLOAT)"    format="###,##0.########"  width="30%" canFilter="true" canEdit="false" align="left" cellAlign="left"  detail="true" />
		<field title="Low PV" name="LWPV"  type="float"  customSelectExpression="cast(LWPV as FLOAT)"    format="###,##0.##"  width="100" canFilter="true" canEdit="false" align="left" cellAlign="left"  detail="false" />
		<field title="Up PV" name="UPPV"  type="float"  customSelectExpression="cast(UPPV as FLOAT)"    format="###,##0.##"  width="100" canFilter="true" canEdit="false" align="left" cellAlign="left" detail="false" />
		<field title="PV" name="COUPPV"  type="float"  customSelectExpression="cast(COUPPV as FLOAT)"    format="###,##0.##"  width="100" canFilter="true" canEdit="false" align="left" cellAlign="left"  detail="false" />
			
		<field title="Coupon MV" name="COUPNOMV"  type="float"  customSelectExpression="cast(COUPNOMV as FLOAT)"    format="###,##0.########"  width="30%" canFilter="true" canEdit="false" align="left" cellAlign="left"  detail="true" />
		<field title="Market Val." name="MKTVALUE"  type="float"  customSelectExpression="cast(MKTVALUE as FLOAT)"    format="###,##0.########"  width="90" canFilter="true" canEdit="false" align="left" cellAlign="left"  detail="true" />
		<field title="Low MV" name="LOWERMV"  type="float"  customSelectExpression="cast(LOWERMV as FLOAT)"    format="###,##0.########"  width="30%" canFilter="true" canEdit="false" align="left" cellAlign="left"  detail="true" />
		<field title="Up MV" name="UPPERMV"  type="float"  customSelectExpression="cast(UPPERMV as FLOAT)"    format="###,##0.########"  width="30%" canFilter="true" canEdit="false" align="left" cellAlign="left"  detail="true" />
		<field title="Low Spread" name="LOWERSPRD"  type="float"  customSelectExpression="cast(UPWEIGHT as FLOAT)"    format="###,##0.########"  width="30%" canFilter="true" canEdit="false" align="left" cellAlign="left"  detail="true" />
		<field title="Up Spread" name="UPPERSPRD"  type="float"  customSelectExpression="cast(UPPERSPRD as FLOAT)"    format="###,##0.##"  width="100" canFilter="true" canEdit="false" align="left" cellAlign="left" detail="true" />
		<field title="Spread" name="SPREAD"  type="float"  customSelectExpression="cast(SPREAD as FLOAT)"    format="###,##0.##"  width="100" canFilter="true" canEdit="false" align="left" cellAlign="left"  detail="true" />
					
			
		<field title="Date create" name="CRT_DT"  required="true" type="datetime" width="100" canFilter="true" canEdit="false" align="left" cellAlign="left"  detail="true" />
		<field title="Date update" name="UPD_DT"  required="true" type="datetime" width="100" canFilter="true" canEdit="false" align="left" cellAlign="left"  detail="true" />
		<field title="User create" name="CRT_USR"  required="true" type="text" width="100" canFilter="true" canEdit="false" align="left" cellAlign="left"  detail="true" />
		<field title="User update" name="UPD_USR"  type="text" required="true" width="100" canFilter="true" canEdit="false" align="left" cellAlign="left" detail="true" />
	</fields>
	<serverObject lookupStyle="new" className="it.ccg.varweb.server.dmi.StandardDMI"/>
	
	<operationBindings>  

		<operationBinding operationType="fetch">  
		<selectClause>VARCSHFLW.RUN_ID,
					VARCSHFLW.DEAL_NO,
					VARCSHFLW.NCOUP,
					VARCSHFLW.LASTCOUP,
					TIMESTAMP_FORMAT(cast(VARCSHFLW.MAT_DT as varchar(8)),'YYYYMMDD') as MAT_DT,
					CAST(VARCSHFLW.DURATION AS FLOAT) AS DURATION,
					VARCSHFLW.LWNODE,
					VARCSHFLW.UPNODE,
					ROUND(CAST(VARCSHFLW.LWYIELD AS FLOAT),3) AS LWYIELD,
					ROUND(CAST(VARCSHFLW.UPYIELD AS FLOAT),3) AS UPYIELD,
					ROUND(CAST(VARCSHFLW.ITPYIELD AS FLOAT),3) AS ITPYIELD,
					ROUND(CAST(VARCSHFLW.LWVOLRCT AS FLOAT),3) AS LWVOLRCT,
					ROUND(CAST(VARCSHFLW.UPVOLRCT AS FLOAT),3) AS UPVOLRCT,
					ROUND(CAST(VARCSHFLW.ITPVOLRCT AS FLOAT),3) AS ITPVOLRCT,
					ROUND(CAST(VARCSHFLW.CORRELAT AS FLOAT),3) AS CORRELAT,
					ROUND(CAST(VARCSHFLW.LWWEIGHT AS FLOAT),3) AS LWWEIGHT,
					ROUND(CAST(VARCSHFLW.UPWEIGHT AS FLOAT),3) AS UPWEIGHT,
					ROUND(CAST(VARCSHFLW.UPPV AS FLOAT),3) AS UPPV,
					ROUND(CAST(VARCSHFLW.LWPV AS FLOAT),3) AS LWPV,
					ROUND(CAST(VARCSHFLW.COUPPV AS FLOAT),3) AS COUPPV,
					ROUND(CAST(VARCSHFLW.COUPNOMV AS FLOAT),3) AS COUPNOMV,
					ROUND(CAST(VARCSHFLW.MKTVALUE AS FLOAT),3) AS MKTVALUE,
					ROUND(CAST(VARCSHFLW.LOWERMV AS FLOAT),3) AS LOWERMV,
					ROUND(CAST(VARCSHFLW.UPPERMV AS FLOAT),3) AS UPPERMV,
					ROUND(CAST(VARCSHFLW.LOWERSPRD AS FLOAT),3) AS LOWERSPRD,
					ROUND(CAST(VARCSHFLW.UPPERSPRD AS FLOAT),3) AS UPPERSPRD,
					ROUND(CAST(VARCSHFLW.SPREAD AS FLOAT),3) AS SPREAD,
					VARCSHFLW.CRT_DT,
					VARCSHFLW.UPD_DT,
					VARCSHFLW.CRT_USR,
					VARCSHFLW.UPD_USR
					</selectClause> 
      	</operationBinding>

	</operationBindings>
	
</DataSource>