<DataSource tableName="varctryres"
				   ID="varctryres"
	dataSourceVersion="1"
		  serverType="sql">
	<fields>
		<field title="Ref. date" name="REF_DT" required="true" detail="false" type="date" customSelectExpression="TIMESTAMP_FORMAT(cast(REF_DT as varchar(8)),'YYYYMMDD')"  customUpdateExpression="$values.REF_DT" width="80" align="left" cellAlign="left" canFilter="true" canEdit="false" />
		<field title="Calc. date" name="CALC_DT"  required="true" detail="false" type="date" customSelectExpression="TIMESTAMP_FORMAT(cast(CALC_DT as varchar(8)),'YYYYMMDD')"  customUpdateExpression="$values.CALC_DT" width="80" align="left" cellAlign="left" canFilter="true" canEdit="false" />
		<field title="Run ID" name="RUN_ID" primaryKey="true" required="true" type="integer"  width="60" align="left" cellAlign="left" canFilter="true" canEdit="false" detail="true" />
		<field title="Country" name="COUNTRY" primaryKey="true"  required="true" type="text" length="1"  width="50" align="left" cellAlign="left" canFilter="true" canEdit="false" detail="false"/>
		<field title="Country var." name="CTRYVAR"  type="float"  customSelectExpression="cast(CTRYVAR as FLOAT)"    format="###,##0.###"  width="100%" canFilter="true" canEdit="false" align="left" cellAlign="left"  detail="false" />
		<field title="Conf.Lev." name="CCONFLEV"  type="float"  customSelectExpression="cast(CCONFLEV as FLOAT)"    format="##0.##%"  width="65" canFilter="true" canEdit="false" align="left" cellAlign="left"  detail="false" />
		<field title="Duration" name="DURATION"  type="float"  customSelectExpression="cast(DURATION as FLOAT)"    format="##0.##"  width="65" canFilter="true" canEdit="false" align="left" cellAlign="left"  detail="false" />
		<field title="Period"  name="CPERIOD" required="true"  type="integer" width="50" canFilter="true" canEdit="false" align="left" cellAlign="left" detail="false" />
		<field title="Days"  name="CDAYS" required="true"  type="integer" width="40" canFilter="true" canEdit="false" align="left" cellAlign="left" detail="false" />
		<field title="Evt.IN"  name="CEVTIN" required="true"  type="integer" width="50" canFilter="true" canEdit="false" align="left" cellAlign="left" detail="false" />
		<field title="Evt.OUT"  name="CEVTOUT" required="true"  type="integer" width="50" canFilter="true" canEdit="false" align="left" cellAlign="left" detail="false" />
		<field title="Status" name="STATUS"   required="true" type="text" length="1"  width="100%" align="left" cellAlign="left" canFilter="true" canEdit="false" detail="true">
			<valueMap>
				<value ID="E">Enabled</value>
				<value ID="D">Disabled</value> 
			</valueMap>
		</field>
		
	
	
		<field title="Date create" name="CRT_DT"  required="true" type="datetime" width="100" canFilter="true" canEdit="false" align="left" cellAlign="left" detail="true" />
		<field title="Date update" name="UPD_DT"  required="true" type="datetime" width="100" canFilter="true" canEdit="false" align="left" cellAlign="left" detail="true" />
		<field title="User create" name="CRT_USR"  required="true" type="text" width="100" canFilter="true" canEdit="false" align="left" cellAlign="left" detail="true" />
		<field title="User update" name="UPD_USR"  type="text" required="true" width="100" canFilter="true" canEdit="false" align="left" cellAlign="left" detail="true"/>
	</fields>
	<serverObject lookupStyle="new" className="it.ccg.varweb.server.dmi.StandardDMI"/>
</DataSource>