<DataSource tableName="vargreen"
				   ID="vargreen"
	dataSourceVersion="1"
		  serverType="sql">
	<fields>
		<field title="Run ID" name="RUN_ID" primaryKey="true" required="true" type="integer" detail="false" width="60" align="left" cellAlign="left" canFilter="true" canEdit="false" />
		<field title="Calc. Date" name="CALC_DT" required="true"  type="date" customSelectExpression="TIMESTAMP_FORMAT(cast(CALC_DT as varchar(8)),'YYYYMMDD')"  width="70" align="left" cellAlign="left" canFilter="true" canEdit="false" detail="false" />
		<field title="Ref. Date" name="REF_DT" required="true"  type="date" customSelectExpression="TIMESTAMP_FORMAT(cast(REF_DT as varchar(8)),'YYYYMMDD')"  width="70" align="left" cellAlign="left" canFilter="true" canEdit="false" detail="false" />
		<field title="Investment Risks" name="CPC_REPORT"  type="float"  customSelectExpression="cast(CPC_REPORT as FLOAT)"  format="###,##0"   width="90" canFilter="true" canEdit="false" align="left" cellAlign="left" detail="false" />
		<field title="2nd SIG" name="SKIN2GAME"  type="float"  customSelectExpression="cast(SKIN2GAME as FLOAT)"  format="###,##0"   width="90" canFilter="true" canEdit="false" align="left" cellAlign="left" detail="false" />
		<field title="Capital Buffer" name="CABUREPORT"  type="float"  customSelectExpression="cast(CABUREPORT as FLOAT)"  format="###,##0"   width="90" canFilter="true" canEdit="false" align="left" cellAlign="left" detail="false" />
		<field title="SIG Link" name="INTBUF"  type="float"  customSelectExpression="cast(INTBUF as FLOAT)"  format="###,##0"   width="90" canFilter="true" canEdit="false" align="left" cellAlign="left" detail="false" />
		<field title="Capital Surplus" name="DEFSIG3"  type="float"  customSelectExpression="cast(DEFSIG3 as FLOAT)"  format="###,##0"   width="90" canFilter="true" canEdit="false" align="left" cellAlign="left" detail="false" />
		<field title="Green Capital" name="GREENCAP"  type="float"  customSelectExpression="cast(GREENCAP as FLOAT)"  format="###,##0"   width="100%" canFilter="true" canEdit="false" align="left" cellAlign="left" detail="false" />
		<field title="VAR Limit %" name="PERCVAR"  type="float"  customSelectExpression="cast(PERCVAR as FLOAT)"  format="##0.###%"   width="70" canFilter="true" canEdit="false" align="left" cellAlign="left" detail="false" />
			
		<field title="Status" name="STATUS"   required="true" type="text" length="1" detail="false" width="100%" align="left" cellAlign="left" canFilter="true" canEdit="false" >
			<valueMap>
				<value ID="E">Enabled</value>
				<value ID="D">Disabled</value> 
			</valueMap>
		</field>
		<field title="Date create" name="CRT_DT"  required="true" type="datetime" width="100" canFilter="true" canEdit="false" align="left" cellAlign="left" detail="true" />
		<field title="Date update" name="UPD_DT"  required="true" type="datetime" width="100" canFilter="true" canEdit="false" align="left" cellAlign="left" detail="true" />
		<field title="User create" name="CRT_USR"  required="true" type="text" width="100" canFilter="true" canEdit="false" align="left" cellAlign="left" detail="true" />
		<field title="User update" name="UPD_USR"  type="text" required="true" width="100" canFilter="true" canEdit="false" align="left" cellAlign="left" detail="true"/>
	</fields>
	<serverObject lookupStyle="new" className="it.ccg.varweb.server.dmi.StandardDMI"/>
		
</DataSource>