<DataSource tableName="varhstp"
				   ID="varhstp"
	dataSourceVersion="1"
		  serverType="sql">
	<fields>
		<field title="Run ID" name="RUNID" primaryKey="true" required="true" type="integer" detail="true" width="30" align="left" cellAlign="left" canFilter="true" canEdit="false" />
		<field title="Use Current date" name="CALCCURDT" type="text"   editorType="SelectItem"   required="true" width="100" length="1" canFilter="true" canEdit="true" detail="false">
			<valueMap>
				<value ID="T">True</value>
				<value ID="F">False</value>
			</valueMap>
		</field>
		<field title="Custom date" name="CUSTOM_DT"  
			customUpdateExpression="cast(substring(CAST($values.CUSTOM_DT as varchar(10)) ,1,4)as int)*10000
											+ cast(substring(CAST($values.CUSTOM_DT as varchar(10)) ,6,2)as int)*100
											+ cast(substring(CAST($values.CUSTOM_DT as varchar(10)) ,9,2)as int)"
			customSelectExpression="TIMESTAMP_FORMAT(cast(CUSTOM_DT as varchar(8)),'YYYYMMDD')" type="date"    required="true"  width="250" canFilter="true" canEdit="true" align="left" cellAlign="left" detail="false" />
		
		<field title="LB. Period" name="LBPERIOD" type="integer" editorType="SelectItem"    required="true" width="100" canFilter="true" canEdit="true" detail="false" >
		<valueMap>
				<value ID="5">1 week</value>
				<value ID="21">1 month</value>
				<value ID="64">3 months</value> 
				<value ID="127">6 months</value>
				<value ID="191">9 months</value>
				<value ID="253">1 year</value> 
				<value ID="254">1 year 1 day</value>
				<value ID="255">1 year 2 day</value>
				<value ID="380">18 months</value> 
				<value ID="505">2 years</value>
				<value ID="758">3 years</value>
				<value ID="1010">4 years</value> 
				<value ID="1263">5 years</value>
				<value ID="1515">6 years</value>
				<value ID="1768">7 years</value> 
				<value ID="2020">8 years</value>
				<value ID="2273">9 years</value>
				<value ID="2525">10 years</value> 
				<value ID="2526">10y 1day</value>
				<value ID="3030">12 years</value>
				<value ID="3283">13 years</value> 
				<value ID="3788">15 years</value>
				<value ID="30000">All data</value>
			</valueMap>
		</field>
		
		<field title="LB.Period Days" name="LBPERIOD" type="integer" editorType="SelectItem"    required="true" width="100" canFilter="true" canEdit="true" detail="false" />
		<field title="Conf. level" name="CONFLEVEL" type="float"  format="##0.0#%" required="true"    customUpdateExpression="$values.CONFLEVEL"  width="100" canFilter="true" canEdit="true" detail="false">
			<validators>
				<validator type="floatRange" min="0" max="1" errorMessage="Must be between 0 and 1. Ex. 99.5% is 0.995"/>
			</validators>
		</field>
		<field title="HP by country" name="HPBYCNTRY" type="text" editorType="SelectItem"   required="true" width="100" length="1" canFilter="true" canEdit="true" detail="true">
			<valueMap>
				<value ID="T">True</value>
				<value ID="F">False</value>
			</valueMap>
		</field>	
			
		<field title="HP (All countries) " name="HP_ALL" type="integer" editorType="SpinnerItem"    required="true" step="1"  width="100" canFilter="true" canEdit="true" detail="false">
		<validators>
				<validator type="integerRange" min="1"  errorMessage="Must be at least 1."/>
			</validators>
		</field>
		<field title="Use Single Tail" name="ONE_TAIL" type="text" editorType="SelectItem"    required="true" width="100" length="1" canFilter="true" canEdit="true" detail="false">
			<valueMap>
				<value ID="T">True</value>
				<value ID="F">False</value>
			</valueMap>
		</field>	
		
		<field title="Verbose" name="VERBOSE" type="text" editorType="SelectItem"    required="true" width="100" length="1" canFilter="true" canEdit="true" detail="false">
			<valueMap>
				<value ID="T">True</value>
				<value ID="F">False</value>
			</valueMap>
		</field>
		
		</fields>
	<serverObject lookupStyle="new" className="it.ccg.varweb.server.dmi.StandardDMI"/>
		
</DataSource>