<DataSource tableName="varinvctry"
				   ID="varinvctry"
	dataSourceVersion="1"
		  serverType="sql">
	<fields>
		<field title="Country ISO3" name="CNTRY_ISO3"  primaryKey="true" required="true" type="text" detail="true" width="120" align="left" cellAlign="left" canFilter="true" canEdit="false" />
		<field title="Country ISO2" name="CNTRY_ISO2"  required="true" type="text" detail="true" width="120" align="left" cellAlign="left" canFilter="true" canEdit="false" />
	    <field title="Country" name="COUNTRY_NM"  required="true" type="text" detail="false" width="100%" align="left" cellAlign="left" canFilter="true" canEdit="false" />
	    <field title="Inv.Valid date" name="INV_VAL_DT" primaryKey="true" required="true"  type="date" customSelectExpression="TIMESTAMP_FORMAT(cast(INV_VAL_DT as varchar(8)),'YYYYMMDD')"  width="90" align="left" cellAlign="left" canFilter="true" canEdit="false" detail="false" />
	    <field title="Max Inv.Amount" name="MAX_IV_AMT"  type="float"  customSelectExpression="cast(MAX_IV_AMT as FLOAT)"  customUpdateExpression="$values.MAX_IV_AMT"  format="###,##0.###"  width="150" canFilter="true" canEdit="true" align="left" cellAlign="left"  detail="false" />
		<field title="Status" name="STATUS"   required="true" type="text" length="1" detail="false" width="100%" align="left" cellAlign="left" canFilter="true" canEdit="true" >
			<valueMap>
				<value ID="E">Enabled</value>
				<value ID="D">Disabled</value> 
			</valueMap>
		</field>
		
		<field title="Date create" name="CRT_DT"  required="true" type="datetime" width="100" canFilter="true" canEdit="false" align="left" cellAlign="left" detail="true" />
		<field title="Date update" name="UPD_DT"  required="true" type="datetime" width="100" canFilter="true" canEdit="false" align="left" cellAlign="left" detail="true" />
		<field title="User create" name="CRT_USR"  required="true" type="text" width="100" canFilter="true" canEdit="false" align="left" cellAlign="left" detail="true" />
		<field title="User update" name="UPD_USR"  type="text" required="true" width="100" canFilter="true" canEdit="false" align="left" cellAlign="left" detail="true"/>
	</fields>
	<serverObject lookupStyle="new" className="it.ccg.varweb.server.dmi.StandardDMI"/>
			
	<operationBindings>
		<operationBinding operationType="fetch" >
			<orderClause>STATUS ASC, COUNTRY_NM</orderClause>
		</operationBinding>
	</operationBindings>
</DataSource>