<DataSource tableName="varirsers"
				   ID="varirsers"
	dataSourceVersion="1"
		  serverType="sql">
	<fields>
		<field title="Node ID" name="NODE_ID" primaryKey="true" required="true" type="integer" detail="true" width="100%" align="left" cellAlign="left" canFilter="true" canEdit="false" />
		<field title="Date" name="VALUE_DT" primaryKey="true" required="true"  type="date" customSelectExpression="TIMESTAMP_FORMAT(cast(VALUE_DT as varchar(8)),'YYYYMMDD')"  width="100%" align="left" cellAlign="left" canFilter="true" canEdit="false" detail="false" />
		<field title="Interest Rate" name="INT_RATE"  type="float"  customSelectExpression="cast(INT_RATE as FLOAT)"  format="##0.###%"   width="90" canFilter="true" canEdit="false" align="right" cellAlign="right" detail="false" />
		<field title="Price" name="PRICE"  type="float"  customSelectExpression="cast(PRICE as FLOAT)"    format="###,##0.###"    width="120" canFilter="true" canEdit="false" align="right" cellAlign="right" detail="false" />
		
		<field title="Code" customSQL="true" tableName="VARIRNODES" name="ND_SYS_CD"  required="true" type="integer" detail="false" width="100%" align="left" cellAlign="left" canFilter="true" canEdit="false" />
		<field title="Provider" customSQL="true" tableName="VARIRNODES" name="PROVIDER"  required="true" type="text" detail="true" width="100" align="left" cellAlign="left" canFilter="true" canEdit="false" />
		<field title="Country ISO" customSQL="true" tableName="VARIRNODES" name="CNTRY_ISO"  required="true" type="text" detail="false" width="150" align="left" cellAlign="left" canFilter="true" canEdit="false" />
		<field title="Days" customSQL="true" tableName="VARIRNODES" name="PER_DAYS"  required="true" type="integer" detail="true" width="70" align="left" cellAlign="left" canFilter="true" canEdit="false" />
		<field title="Duration" customSQL="true" tableName="VARIRNODES" name="DURATION"  type="float"  customSelectExpression="cast(DURATION as FLOAT)"    format="###,##0.###"    width="30%" canFilter="true" canEdit="false" align="right" cellAlign="right" detail="true" />
		
		<field title="Status" name="STATUS"   required="true" type="text" length="1" editorType="ComboBoxItem"  filterEditorType="SelectItem" detail="false" width="100%" align="left" cellAlign="left" canFilter="true" canEdit="true" >
			<valueMap>
				<value ID="E">Enabled</value>
				<value ID="D">Disabled</value> 
			</valueMap>
		</field>
		
		
		<field title="Date create" name="CRT_DT"  required="true" type="datetime" width="100" canFilter="true" canEdit="false" align="left" cellAlign="left" detail="true" />
		<field title="Date update" name="UPD_DT"  required="true" type="datetime" width="100" canFilter="true" canEdit="false" align="left" cellAlign="left" detail="true" />
		<field title="User create" name="CRT_USR"  required="true" type="text" width="100" canFilter="true" canEdit="false" align="left" cellAlign="left" detail="true" />
		<field title="User update" name="UPD_USR"  type="text" required="true" width="100" canFilter="true" canEdit="false" align="left" cellAlign="left" detail="true"/>
	</fields>
	<serverObject lookupStyle="new" className="it.ccg.varweb.server.dmi.StandardDMI"/>
	<operationBindings>
	
	<operationBinding operationType="fetch" operationId="fetchAll"
	customValueFields="ND_SYS_CD,DURATION,CNTRY_ISO,PROVIDER,PER_DAYS"  customCriteriaFields="ND_SYS_CD,DURATION,CNTRY_ISO,PROVIDER,PER_DAYS">    
		<selectClause>
					VARIRSERS.NODE_ID,
					TIMESTAMP_FORMAT(cast(VARIRSERS.VALUE_DT as varchar(8)),'YYYYMMDD') AS VALUE_DT,
					CAST(VARIRSERS.INT_RATE AS FLOAT) AS INT_RATE,
					CAST(VARIRSERS.PRICE AS FLOAT) AS PRICE,
					VARIRSERS.STATUS,
					VARIRSERS.CRT_DT,
					VARIRSERS.UPD_DT,
					VARIRSERS.CRT_USR,
					VARIRSERS.UPD_USR,
					VARIRNODES.ND_SYS_CD,
					VARIRNODES.CNTRY_ISO,
					VARIRNODES.PROVIDER,
					VARIRNODES.DURATION,
					VARIRNODES.PER_DAYS
		</selectClause>  
		<tableClause>VARIRSERS, VARIRNODES</tableClause>
		<whereClause>VARIRSERS.NODE_ID=VARIRNODES.NODE_ID  AND
						($defaultWhereClause)</whereClause>
     	<orderClause>VALUE_DT DESC</orderClause>
     </operationBinding>
     
     <operationBinding operationType="fetch" operationId="irserFirstNode"
	customValueFields="ND_SYS_CD,DURATION,CNTRY_ISO,PROVIDER,PER_DAYS"  customCriteriaFields="ND_SYS_CD,DURATION,CNTRY_ISO,PROVIDER,PER_DAYS">    
		<selectClause>
					VARIRSERS.NODE_ID,
					TIMESTAMP_FORMAT(cast(VARIRSERS.VALUE_DT as varchar(8)),'YYYYMMDD') AS VALUE_DT,
					CAST(VARIRSERS.INT_RATE AS FLOAT) AS INT_RATE,
					CAST(VARIRSERS.PRICE AS FLOAT) AS PRICE,
					VARIRSERS.STATUS,
					VARIRSERS.CRT_DT,
					VARIRSERS.UPD_DT,
					VARIRSERS.CRT_USR,
					VARIRSERS.UPD_USR,
					VARIRNODES.ND_SYS_CD,
					VARIRNODES.CNTRY_ISO,
					VARIRNODES.PROVIDER,
					VARIRNODES.DURATION,
					VARIRNODES.PER_DAYS
		</selectClause>  
		<tableClause>VARIRSERS, VARIRNODES</tableClause>
		<whereClause>VARIRSERS.NODE_ID=VARIRNODES.NODE_ID  AND
						VARIRSERS.NODE_ID = (SELECT MIN(VARIRSERS.NODE_ID) FROM VARIRSERS)</whereClause>
     	<orderClause>VALUE_DT DESC</orderClause>
     </operationBinding>
      	
    </operationBindings>
</DataSource>