<DataSource tableName="varirnodes"
				   ID="varirnodes"
	dataSourceVersion="1"
		  serverType="sql">
	<fields>
		<field title="Node ID" name="NODE_ID" primaryKey="true" required="true" type="integer" detail="false" width="100%" align="left" cellAlign="left" canFilter="true" canEdit="false" />
		<field title="Country" name="COUNTRY_NM"  customSQL="true" tableName ="varinvctry" required="true" type="text" detail="false" width="120" align="left" cellAlign="left" canFilter="true" canEdit="false" />
		<field title="Lower node" name="LWNODE"  required="true" type="integer" detail="true" width="100%" align="left" cellAlign="left" canFilter="true" canEdit="false" />
		<field title="Upper node" name="UPNODE"  required="true" type="integer" detail="true" width="100%" align="left" cellAlign="left" canFilter="true" canEdit="false" />
		<field title="Code" name="ND_SYS_CD"  required="true" type="integer" detail="false" width="100%" align="left" cellAlign="left" canFilter="true" canEdit="false" />
		<field title="Provider code" name="ND_PVD_CD"  required="true" type="text" detail="false" width="100%" align="left" cellAlign="left" canFilter="true" canEdit="false" />
		<field title="Provider" name="PROVIDER"  required="true" type="text" detail="false" width="100" align="left" cellAlign="left" canFilter="true" canEdit="false" />
		<field title="Country ISO" name="CNTRY_ISO"  required="true" type="text" detail="false" width="150" align="left" cellAlign="left" canFilter="true" canEdit="false" />
		<field title="Days" name="PER_DAYS"  required="true" type="integer" detail="false" width="70" align="left" cellAlign="left" canFilter="true" canEdit="false" />
		<field title="Status" name="STATUS"   required="true" type="text" length="1" detail="false" width="70" align="left" cellAlign="left" canFilter="true" canEdit="true" >
			<valueMap>
				<value ID="E">Enabled</value>
				<value ID="D">Disabled</value> 
			</valueMap>
		</field>
		<field title="Infop. code" name="ND_IFP_CD"  required="true" detail="false" type="text"   width="30%" align="left" cellAlign="left" canFilter="true" canEdit="false" />
		<field title="Duration" name="DURATION"  type="float"  customSelectExpression="cast(DURATION as FLOAT)"    format="###,##0.###"    width="30%" canFilter="true" canEdit="false" align="right" cellAlign="right" detail="false" />
			
		<field title="Date create" name="CRT_DT"  required="true" type="datetime" width="100" canFilter="true" canEdit="false" align="left" cellAlign="left" detail="true" />
		<field title="Date update" name="UPD_DT"  required="true" type="datetime" width="100" canFilter="true" canEdit="false" align="left" cellAlign="left" detail="true" />
		<field title="User create" name="CRT_USR"  required="true" type="text" width="100" canFilter="true" canEdit="false" align="left" cellAlign="left" detail="true" />
		<field title="User update" name="UPD_USR"  type="text" required="true" width="100" canFilter="true" canEdit="false" align="left" cellAlign="left" detail="true"/>
	</fields>
	<serverObject lookupStyle="new" className="it.ccg.varweb.server.dmi.StandardDMI"/>
	
	<operationBindings>  

		<operationBinding operationType="fetch"
		 customValueFields="LWNODE,UPNODE,COUNTRY_NM" customCriteriaFields="LWNODE,UPNODE,COUNTRY_NM">  
		<selectClause>	varinvctry.COUNTRY_NM,
						varirnodes.NODE_ID,
						varirnodes.NODE_ID AS LWNODE,
						varirnodes.NODE_ID AS UPNODE,
						varirnodes.ND_SYS_CD,
						varirnodes.ND_PVD_CD,
						varirnodes.PROVIDER,
						varirnodes.CNTRY_ISO,
						varirnodes.PER_DAYS,
						varirnodes.STATUS,
						varirnodes.CRT_DT,
						varirnodes.UPD_DT,
						varirnodes.CRT_USR,
						varirnodes.UPD_USR,
						varirnodes.ND_IFP_CD,
						varirnodes.DURATION </selectClause> 
		<tableClause>varirnodes,varinvctry</tableClause>
      	<whereClause>varirnodes.cntry_iso = varinvctry.CNTRY_ISO2 AND $defaultWhereClause</whereClause>
      	</operationBinding>

	 	<operationBinding operationId="varirnodesasc" operationType="fetch" 
	 		customValueFields="LWNODE,UPNODE,COUNTRY_NM" customCriteriaFields="LWNODE,UPNODE,COUNTRY_NM">  
		<selectClause>	varinvctry.COUNTRY_NM,
						varirnodes.NODE_ID,
						varirnodes.NODE_ID AS LWNODE,
						varirnodes.NODE_ID AS UPNODE,
						varirnodes.ND_SYS_CD,
						varirnodes.ND_PVD_CD,
						varirnodes.PROVIDER,
						varirnodes.CNTRY_ISO,
						varirnodes.PER_DAYS,
						varirnodes.STATUS,
						varirnodes.CRT_DT,
						varirnodes.UPD_DT,
						varirnodes.CRT_USR,
						varirnodes.UPD_USR,
						varirnodes.ND_IFP_CD,
						varirnodes.DURATION </selectClause> 
		<tableClause>varirnodes,varinvctry</tableClause>
      	<whereClause>varirnodes.cntry_iso = varinvctry.CNTRY_ISO2 AND $defaultWhereClause</whereClause>
   	   	<orderClause>NODE_ID ASC </orderClause> 
		</operationBinding> 
	</operationBindings> 
		
</DataSource>