<DataSource tableName="varincdea"
				   ID="varincdea"
	dataSourceVersion="1"
		  serverType="sql">
	<fields>
		<field title="BuySell" name="BUYSELL"  required="true" type="text" detail="true" width="60" align="left" cellAlign="left" canFilter="true" canEdit="false" />
		<field title="Counterparty" name="CPARTY"  required="true"  primaryKey="true" type="text" detail="false" width="100%" align="left" cellAlign="left" canFilter="true" canEdit="false" />
		<field title="Deal. date" name="DEALDT"  required="true" detail="false" type="date" customSelectExpression="TIMESTAMP_FORMAT(cast(DEALDT as varchar(8)),'YYYYMMDD')"  width="90" align="left" cellAlign="left" canFilter="true" canEdit="false" />
		<field title="Settle. date" name="SETTLEDT"  required="true" detail="true" type="date" customSelectExpression="TIMESTAMP_FORMAT(cast(SETTLEDT as varchar(8)),'YYYYMMDD')"  width="90" align="left" cellAlign="left" canFilter="true" canEdit="false" />
		<field title="Maturity date" name="MATUREDT"  required="true" detail="true" type="date" customSelectExpression="TIMESTAMP_FORMAT(cast(MATUREDT as varchar(8)),'YYYYMMDD')"  width="90" align="left" cellAlign="left" canFilter="true" canEdit="false" />
		<field title="Currency" name="CCY"  required="true" type="text" detail="false" width="60" align="left" cellAlign="left" canFilter="true" canEdit="false" />
		<field title="Face value" name="FACEVALUE"  type="float"   primaryKey="true"  format="###,##0.###"  customSelectExpression="cast(FACEVALUE as FLOAT)"  width="90" canFilter="true" canEdit="false" align="right" cellAlign="right" detail="true" />
		<field title="Price"  name="PRICE" required="true"  primaryKey="true"  type="float" format="###,##0.###"  customSelectExpression="cast(PRICE as FLOAT)" width="90" canFilter="true" canEdit="false" align="left" cellAlign="left" detail="true" />
		<field title="Yield" name="YIELD"  type="float"     format="###,##0.###"  width="90" canFilter="true" customSelectExpression="cast(YIELD as FLOAT)" canEdit="false" align="right" cellAlign="right" detail="true" />
		<field title="Coupon"  name="COUPON" required="true"  type="float" format="###,##0.###"  customSelectExpression="cast(COUPON as FLOAT)" width="90" canFilter="true" canEdit="false" align="left" cellAlign="left" detail="true" />
		<field title="Frequency" name="FREQ"  required="true" type="text" detail="false" width="80" align="left" cellAlign="left" canFilter="true" canEdit="false" />
		<field title="Dealer" name="DEALER"  required="true" type="text" detail="true" width="90" align="left" cellAlign="left" canFilter="true" canEdit="false" />
		
		<field title="Isin" name="ISIN"  required="true" type="text" primaryKey="true" detail="false" width="100" align="left" cellAlign="left" canFilter="true" canEdit="false" />
		<field title="Isin Desc." name="ISINDESC"  required="true" type="text" detail="true" width="100" align="left" cellAlign="left" canFilter="true" canEdit="false" />
		<field title="Instrument" name="INSTR"  required="true" type="text" detail="false" width="100%" align="left" cellAlign="left" canFilter="true" canEdit="false" />
		
		<field title="Issuer" name="ISSUER"  required="true" type="text" detail="true" width="100%" align="left" cellAlign="left" canFilter="true" canEdit="false" />
		<field title="OwnFunds" name="OWNFUNDS"  required="true" type="text" detail="true" width="90" align="left" cellAlign="left" canFilter="true" canEdit="false">
			<valueMap>
				<value ID="Y">Yes</value>
				<value ID="N">No</value> 
			</valueMap>
		</field>
		<field title="Market" name="MARKET"  required="true" type="text" detail="true" width="100%" align="left" cellAlign="left" canFilter="true" canEdit="false" />
		<field title="Input date" name="INPUTDT"  primaryKey="true"  required="true" detail="false" type="date" customSelectExpression="TIMESTAMP_FORMAT(cast(INPUTDT as varchar(8)),'YYYYMMDD')"  width="90" align="left" cellAlign="left" canFilter="true" canEdit="false" />
		<field title="Process" name="PROCESS"  required="true" type="text" detail="false" width="60" align="left" cellAlign="left" canFilter="true" canEdit="false" >
			<valueMap>
				<value ID="Y">Yes</value>
				<value ID="N">No</value>  
			</valueMap>
		</field>
		
		<field title="Date create" name="CRT_DT"  required="true" type="datetime" width="100" canFilter="true" canEdit="false" align="left" cellAlign="left" detail="true" />
		<field title="Date update" name="UPD_DT"  required="true" type="datetime" width="100" canFilter="true" canEdit="false" align="left" cellAlign="left" detail="true" />
		<field title="User create" name="CRT_USR"  required="true" type="text" width="100" canFilter="true" canEdit="false" align="left" cellAlign="left" detail="true" />
		<field title="User update" name="UPD_USR"  type="text" required="true" width="100" canFilter="true" canEdit="false" align="left" cellAlign="left" detail="true"/>
	</fields>
	
	<serverObject lookupStyle="new" className="it.ccg.varweb.server.dmi.StandardDMI"/>
</DataSource>