<DataSource 
	  
	tableName="varlogact"
	ID="varlogact"
	dataSourceVersion="1"
	serverType="sql"
>
	<fields>
		<field title="Activity ID" name="ACTID" type="sequence" primaryKey="true" canEdit="false"  width="100" align="left" detail="true"></field>
		<field title="Activity date" name="ACTDATE" type="datetime"  width="100" editorType="TextItem" align="left" cellAlign="left" canEdit="false" detail="false"></field>
		<field title="Activity description" name="ACTDESC"  type="text" escapeHTML="true"  width="100%"  canEdit="false" length="500" align="left" cellAlign="left" detail="false"/>
		<field title="Update user" name="UPDUSR"  type="text" escapeHTML="true"      canEdit="false" length="30" width="100" align="left" cellAlign="left" detail="false"/>
		<field title="Activity details" name="NOTE"  type="text" escapeHTML="true"      canEdit="false" length="1000" align="left" cellAlign="left" detail="false"/>
	<field title="Update date" name="UPDDATE" type="datetime"  width="100" editorType="TextItem" align="left" cellAlign="left" canEdit="false" detail="true"></field>
		<field title="Update type" name="UPDTYPE"  type="text" escapeHTML="true"      canEdit="false" length="1" width="100" align="left" cellAlign="left" detail="true">
           <valueMap>
				<value ID="C">Create</value>
				<value ID="U">Update</value>
			</valueMap>
		</field>
		<field title="Type" name="MSGTYPE"  type="text" escapeHTML="true"      canEdit="false" length="1" width="50" align="left" cellAlign="left" detail="false">
           <valueMap>
				<value ID="I">INFO</value>
				<value ID="C">CHECK</value>
				<value ID="E">ERROR</value>
				<value ID="W">WARN</value>
			</valueMap>
		</field>
		<field title="Update user" name="UPDUSR" length="30"  type="text" escapeHTML="true"      canEdit="false" width="100" align="left" cellAlign="left" detail="true"></field>
</fields>
	<serverObject lookupStyle="new" className="it.ccg.varweb.server.dmi.StandardDMI"/>	    
	 <operationBindings>
      <operationBinding operationId="operationpanelfetch" operationType="fetch">  
          <orderClause><![CDATA[ACTID desc]]></orderClause>  
      </operationBinding>  
  </operationBindings>  
</DataSource>