<DataSource tableName="varnodemap"
				   ID="varnodemap"
	dataSourceVersion="1"
		  serverType="sql">
	<fields>
			<field title="Run ID" name="RUN_ID" primaryKey="true" required="true" type="text" detail="true" width="100%" align="left" cellAlign="left" canFilter="true" canEdit="false" />
			<field title="Code" customSQL="true" tableName="varirnodes" name="ND_SYS_CD"  required="true" type="integer" detail="false" width="120" align="left" cellAlign="left" canFilter="true" canEdit="false" />
			<field title="Node"  name="NODE_ID" primaryKey="true" required="true"  type="integer" width="70" canFilter="true" canEdit="false" align="left" cellAlign="left" detail="true" />
			<field title="Country ISO" customSQL="true" tableName="varirnodes" name="CNTRY_ISO"  required="true" type="text" detail="false" width="120" align="left" cellAlign="left" canFilter="true" canEdit="false" />
			<field title="Duration" customSQL="true" tableName="varirnodes" name="DURATION"  type="float"  customSelectExpression="cast(DURATION as FLOAT)"    format="###,##0.###"  width="120" canFilter="true" canEdit="false" align="left" cellAlign="left" detail="false" />
			<field title="Tot. Present value" name="PVALTOT"  type="float"  format="###,##0.##"  width="100%" canFilter="true" canEdit="false" align="left" cellAlign="left" detail="true" />
			<field title="Calc. Date"  name="CALCDT"  required="true"  type="date" customSelectExpression="TIMESTAMP_FORMAT(cast(CALCDT as varchar(8)),'YYYYMMDD')" width="70" canFilter="true" canEdit="false" align="left" cellAlign="left" detail="true" />
			<field title="Calc.Dt.Price"  name="CALCDTPRC"  type="float"  customSelectExpression="cast(CALCDTPRC as FLOAT)"    format="###,##0.###"  width="120" canFilter="true" canEdit="false" align="left" cellAlign="left" detail="true" />
			<field title="RPC" name="RPC"  type="float" customSelectExpression="cast(RPC as FLOAT)" format="###,##0.##"  width="100%" canFilter="true" canEdit="false" align="left" cellAlign="left" detail="true" />
			<field title="Tot.Mkt.Value" name="MKTVALTOT"  type="float" customSelectExpression="cast(MKTVALTOT as FLOAT)" format="###,###,##0.##"  width="100%" canFilter="true" canEdit="false" align="left" cellAlign="left" detail="false" />
			<field title="Tot.Spread" name="SPREADTOT"  type="float" customSelectExpression="cast(SPREADTOT as FLOAT)" format="###,##0.##"  width="100%" canFilter="true" canEdit="false" align="left" cellAlign="left" detail="true" />
			
				
			<field title="Date create" name="CRT_DT"  required="true" type="datetime" width="100" canFilter="true" canEdit="false" align="left" cellAlign="left" detail="true" />
			<field title="Date update" name="UPD_DT"  required="true" type="datetime" width="100" canFilter="true" canEdit="false" align="left" cellAlign="left" detail="true" />
			<field title="User create" name="CRT_USR"  required="true" type="text" width="100" canFilter="true" canEdit="false" align="left" cellAlign="left" detail="true" />
			<field title="User update" name="UPD_USR"  type="text" required="true" width="100" canFilter="true" canEdit="false" align="left" cellAlign="left" detail="true"/>
	</fields>
	<serverObject lookupStyle="new" className="it.ccg.varweb.server.dmi.StandardDMI"/>
	
	<operationBindings>  
 
		<operationBinding operationType="fetch"	operationId="fetchAll"	 
		customValueFields="ND_SYS_CD,DURATION,CNTRY_ISO"  customCriteriaFields="ND_SYS_CD,DURATION,CNTRY_ISO">  
			<selectClause>VARNODEMAP.RUN_ID,
						VARNODEMAP.NODE_ID,
						ROUND(cast(VARNODEMAP.PVALTOT as FLOAT),3) as PVALTOT,
						VARNODEMAP.CRT_DT,
						VARNODEMAP.UPD_DT,
						VARNODEMAP.CRT_USR,
						VARNODEMAP.UPD_USR,
						ROUND(cast(VARNODEMAP.MKTVALTOT as FLOAT),3) as MKTVALTOT,
						ROUND(cast(VARNODEMAP.SPREADTOT as FLOAT),3) as SPREADTOT,
						varirnodes.CNTRY_ISO,
						varirnodes.ND_SYS_CD,
						CAST(VARNODEMAP.CALCDTPRC as FLOAT) as CALCDTPRC,
						ROUND(CAST(VARNODEMAP.RPC as FLOAT),2) as RPC,
						TIMESTAMP_FORMAT(cast(VARNODEMAP.CALCDT as varchar(8)),'YYYYMMDD') as CALCDT,
						CAST(varirnodes.DURATION as FLOAT) as DURATION
			</selectClause> 
			<tableClause>varnodemap, varirnodes</tableClause>
		 	<whereClause><![CDATA[VARNODEMAP.NODE_ID=varirnodes.NODE_ID 
      					AND $defaultWhereClause]]></whereClause>
		</operationBinding>
		
		<operationBinding operationType="fetch" operationId="node4MaxRun"
		customValueFields="ND_SYS_CD,DURATION,CNTRY_ISO"  customCriteriaFields="ND_SYS_CD,DURATION,CNTRY_ISO">  
			<selectClause>VARNODEMAP.RUN_ID,
						VARNODEMAP.NODE_ID,
						ROUND(cast(VARNODEMAP.PVALTOT as FLOAT),3) as PVALTOT,
						VARNODEMAP.CRT_DT,
						VARNODEMAP.UPD_DT,
						VARNODEMAP.CRT_USR,
						VARNODEMAP.UPD_USR,
						ROUND(cast(VARNODEMAP.MKTVALTOT as FLOAT),3) as MKTVALTOT,
						ROUND(cast(VARNODEMAP.SPREADTOT as FLOAT),3) as SPREADTOT,
						varirnodes.ND_SYS_CD,
						varirnodes.CNTRY_ISO,
						CAST(VARNODEMAP.CALCDTPRC as FLOAT) as CALCDTPRC,
						ROUND(CAST(VARNODEMAP.RPC as FLOAT),2) as RPC,
						TIMESTAMP_FORMAT(cast(VARNODEMAP.CALCDT as varchar(8)),'YYYYMMDD') as CALCDT,
						CAST(varirnodes.DURATION as FLOAT) as DURATION
			</selectClause> 
			<tableClause>varnodemap, varirnodes</tableClause>
			<whereClause>VARNODEMAP.NODE_ID=varirnodes.NODE_ID AND 
			RUN_ID = (SELECT MAX(RUN_ID) FROM VARRUNS) </whereClause>
		</operationBinding>

	</operationBindings> 
	
</DataSource>