<DataSource tableName="varrtpfl"
				   ID="varrtpfl"
	dataSourceVersion="1"
		  serverType="sql">
	<fields>
		<field title="Deal" name="DEAL_NO" primaryKey="true" required="true" type="integer" detail="false" width="50" align="left" cellAlign="left" canFilter="true" canEdit="false" />
		<field title="Isin" name="ISIN"  required="true" type="text" detail="false" width="100%" align="left" cellAlign="left" canFilter="true" canEdit="false" />
		<field title="Instr.name" name="INSTR_NAME"  required="true" type="text" detail="true" width="100%" align="left" cellAlign="left" canFilter="true" canEdit="false" />
		<field title="Country" name="COUNTRY"  required="true" type="text" detail="false" width="60" align="left" cellAlign="left" canFilter="true" canEdit="false" />
		<field title="Issuer" name="ISSUER"  required="true" type="text" detail="true" width="60" align="left" cellAlign="left" canFilter="true" canEdit="false" />
		<field title="Deal. date" name="DEAL_DT"  required="true" detail="false" type="date" customSelectExpression="TIMESTAMP_FORMAT(cast(DEAL_DT as varchar(8)),'YYYYMMDD')"  width="90" align="left" cellAlign="left" canFilter="true" canEdit="false" />
		<field title="Settle. date" name="SETTL_DT"  required="true" detail="true" type="date" customSelectExpression="TIMESTAMP_FORMAT(cast(SETTL_DT as varchar(8)),'YYYYMMDD')"  width="90" align="left" cellAlign="left" canFilter="true" canEdit="false" />
		<field title="Maturity date" name="MAT_DT"  required="true" detail="true" type="date" customSelectExpression="TIMESTAMP_FORMAT(cast(MAT_DT as varchar(8)),'YYYYMMDD')"  width="90" align="left" cellAlign="left" canFilter="true" canEdit="false" />
		<field title="Type" name="TYPE"  required="true" type="text" detail="false" width="70" align="left" cellAlign="left" canFilter="true" canEdit="false" />
		<field title="Settle. Price" name="STL_PR"  type="float"     format="###,##0.###"  width="90" canFilter="true" canEdit="false" align="right" cellAlign="right" detail="true" />
		<field title="Orig.FaceVal"  name="FCEVALOR" required="true"  type="float" format="###,##0.###"  customSelectExpression="cast(FCEVALOR as FLOAT)" width="90" canFilter="true" canEdit="false" align="left" cellAlign="left" detail="true" />
		<field title="Nominal Value"  name="FCEVALRI" required="true" type="float" format="###,##0.###"  customSelectExpression="cast(FCEVALRI as FLOAT)" width="100%" canFilter="true" canEdit="false" align="left" cellAlign="left" detail="false" />
		<field title="Price date" name="PRICEDATE"  required="true" detail="true" type="date" customSelectExpression="TIMESTAMP_FORMAT(cast((CASE WHEN PRICEDATE=0 THEN 19000101 ELSE PRICEDATE END) as varchar(8)),'YYYYMMDD')"  width="90" align="left" cellAlign="left" canFilter="true" canEdit="false" />
		<field title="Coupon" name="COUPON"  type="float"  customSelectExpression="cast(COUPON as FLOAT)"    format="#0.####"  width="80" canFilter="true" canEdit="false" align="right" cellAlign="right" detail="true" />
		<field title="Coupon Adj." name="ACCR_COUP"  type="float"  customSelectExpression="cast(ACCR_COUP as FLOAT)"    format="#0.####"  width="80" canFilter="true" canEdit="false" align="right" cellAlign="right" detail="true" />
		<field title="Coup.Freq." name="COUP_FREQ"  type="text"    width="90" canFilter="true" canEdit="false" align="right" cellAlign="right" detail="true" >
			<valueMap>
				<value ID="1">Annual</value>
				<value ID="2">Semi Annual</value> 
			</valueMap>
		</field>
		
		<field title="Duration" name="DURATION"  type="float"  customSelectExpression="cast(DURATION as FLOAT)"    format="#0.####"  width="80" canFilter="true" canEdit="false" align="right" cellAlign="right" detail="true" />
		<field title="Yield to Matur."  name="YLD_TO_MAT" required="true"  type="float"  customSelectExpression="cast(YLD_TO_MAT as FLOAT)" width="90" canFilter="true" canEdit="false" align="left" cellAlign="left" detail="true" />
		<field title="Market Price" name="M2M"  type="float"  customSelectExpression="cast(M2M as FLOAT)"    format="###,##0.###"  width="100" canFilter="true" canEdit="false" align="left" cellAlign="left" detail="false" />
		<field title="Status" name="STATUS"   required="true" type="text" length="1" detail="false" width="50" align="left" cellAlign="left" canFilter="true" canEdit="false" >
			<valueMap>
				<value ID="E">Enabled</value>
				<value ID="D">Disabled</value> 
			</valueMap>
		</field>
		
			
		<field title="Date create" name="CRT_DT"  required="true" type="datetime" width="100" canFilter="true" canEdit="false" align="left" cellAlign="left" detail="true" />
		<field title="Date update" name="UPD_DT"  required="true" type="datetime" width="100" canFilter="true" canEdit="false" align="left" cellAlign="left" detail="true" />
		<field title="User create" name="CRT_USR"  required="true" type="text" width="100" canFilter="true" canEdit="false" align="left" cellAlign="left" detail="true" />
		<field title="User update" name="UPD_USR"  type="text" required="true" width="100" canFilter="true" canEdit="false" align="left" cellAlign="left" detail="true"/>
	</fields>
	<serverObject lookupStyle="new" className="it.ccg.varweb.server.dmi.StandardDMI"/>
	
</DataSource>