<DataSource tableName="varruns"
				   ID="varruns"
	dataSourceVersion="1"
		  serverType="sql">
	<fields>
		<field title="Ref. date" name="REF_DT" required="true" detail="false" type="date" customSelectExpression="TIMESTAMP_FORMAT(cast(REF_DT as varchar(8)),'YYYYMMDD')"  customUpdateExpression="$values.REF_DT" width="80" align="left" cellAlign="left" canFilter="true" canEdit="false" />
		<field title="Calc. date" name="CALC_DT"  required="true" detail="false" type="date" customSelectExpression="TIMESTAMP_FORMAT(cast(CALC_DT as varchar(8)),'YYYYMMDD')"  customUpdateExpression="$values.CALC_DT" width="80" align="left" cellAlign="left" canFilter="true" canEdit="false" />
		<field title="Run ID" name="RUN_ID" primaryKey="true" required="true" type="integer" detail="false" width="60" align="left" cellAlign="left" canFilter="true" canEdit="false" />
		<field title="Run Name"  name="RUN_NAME" required="true"  type="text" width="100%" canFilter="true" canEdit="false" align="left" cellAlign="left" detail="false" />
		<field title="Status" name="STATUS"   required="true" type="text" length="1" detail="false" width="100%" align="left" cellAlign="left" canFilter="true" canEdit="false" >
			<valueMap>
				<value ID="E">Enabled</value>
				<value ID="D">Disabled</value> 
			</valueMap>
		</field>
		<field title="Settings" name="SETTINGS" required="false" type="text"  width="30%" canFilter="true" canEdit="false" align="right" cellAlign="right" detail="false" />
		
		<field title="Date create" name="CRT_DT"  required="true" type="datetime" width="100" canFilter="true" canEdit="false" align="left" cellAlign="left" detail="true" />
		<field title="Date update" name="UPD_DT"  required="true" type="datetime" width="100" canFilter="true" canEdit="false" align="left" cellAlign="left" detail="true" />
		<field title="User create" name="CRT_USR"  required="true" type="text" width="100" canFilter="true" canEdit="false" align="left" cellAlign="left" detail="true" />
		<field title="User update" name="UPD_USR"  type="text" required="true" width="100" canFilter="true" canEdit="false" align="left" cellAlign="left" detail="true"/>
	</fields>
	<serverObject lookupStyle="new" className="it.ccg.varweb.server.dmi.StandardDMI"/>
	
	<operationBindings>  

		<operationBinding  operationType="fetch">  
       	<orderClause>RUN_ID DESC </orderClause> 
   		</operationBinding> 
   		
		 <operationBinding operationId="varrunsdesc" operationType="fetch">  
       	<orderClause>RUN_ID DESC </orderClause> 
   		</operationBinding> 
   		
   		<operationBinding operationId="maxRun" operationType="fetch">  
       	<selectClause>MAX(RUN_ID) AS RUN_ID</selectClause> 
   		</operationBinding> 
   
	</operationBindings> 
	
	
</DataSource>