<DataSource 	  
	tableName="varsched"
	ID="varsched"
	dataSourceVersion="1"
	serverType="sql"
>
	<fields>
		<field title="ID" name="SCHED_ID" primaryKey="true" type="integer" escapeHTML="true"      required="true" canEdit="true"  width="35" align="left" cellAlign="left" detail="false"/>
		<field title="Schedule name" name="SCHED_NAME"  type="text" escapeHTML="true"      required="true" canEdit="true"  width="180" align="left" cellAlign="left" detail="false"/>
		<field title="Job ID" name="JOBID"  type="integer" escapeHTML="true"      required="true" canEdit="true"  width="120" align="left" cellAlign="left" detail="true"/>
		<field title="Status" name="STATUS" length="1" type="enum" width="90" canEdit="false" align="left" cellAlign="left" detail="false">
		<valueMap>  
				<value ID="E">Activated</value>  
				<value ID="D">Deactivated</value>  
		</valueMap> 
		</field>
		<field title="Frequency" name="FREQUENCY"  type="text" width="100%" canEdit="false" align="left" cellAlign="left" detail="false" />
		<field title="Exec.Year" name="EXEC_YEAR"  type="text" escapeHTML="true"      required="true" canEdit="true"  width="70" align="left" cellAlign="left" detail="false"/>
		<field title="Exec.Month" name="EXEC_MONTH"  type="text" escapeHTML="true"      required="true" canEdit="true"  width="70" align="left" cellAlign="left" detail="false"/>
		<field title="Day of Month" name="DY_OF_MNTH"  type="text" escapeHTML="true"      required="true" canEdit="true"  width="70" align="left" cellAlign="left" detail="false"/>
		<field title="Exec. Hour" name="EXEC_HOURS"  type="text" escapeHTML="true"      required="true" canEdit="true"  width="70" align="left" cellAlign="left" detail="false"/>
		<field title="Exec. Min." name="EXEC_MINS"  type="text" escapeHTML="true"      required="true" canEdit="true"  width="70" align="left" cellAlign="left" detail="false"/>
		<field title="Exec. Sec." name="EXEC_SECS"  type="text" escapeHTML="true"      required="true" canEdit="true"  width="70" align="left" cellAlign="left" detail="false"/>
		<field title="Last exec." name="LAST_EXEC"  required="true" type="datetime" width="70" canFilter="true" canEdit="false" align="left" cellAlign="left" detail="true" />
		<field title="Mkt dates" name="AT_MKT_DT" length="1" type="enum" width="80" canEdit="true" align="left" cellAlign="left" detail="false">
		<valueMap>  
				<value ID="T">True</value>  
				<value ID="F">False</value>
		</valueMap> 
		</field>
		<field title="Day of week" name="DY_OF_WEEK"  type="text" escapeHTML="true"      required="true" canEdit="true"  width="70" align="left" cellAlign="left" detail="false"/>
				
		<field title="Date create" name="CRT_DT"  required="true" type="datetime" width="100" canFilter="true" canEdit="false" align="left" cellAlign="left" detail="true" />
		<field title="Date update" name="UPD_DT"  required="true" type="datetime" width="100" canFilter="true" canEdit="false" align="left" cellAlign="left" detail="true" />
		<field title="User create" name="CRT_USR"  required="true" type="text" width="100" canFilter="true" canEdit="false" align="left" cellAlign="left" detail="true" />
		<field title="User update" name="UPD_USR"  type="text" required="true" width="100" canFilter="true" canEdit="false" align="left" cellAlign="left" detail="true"/>
	</fields>
	<serverObject lookupStyle="new" className="it.ccg.varweb.server.dmi.StandardDMI"/>
</DataSource>