<DataSource tableName="vartotres"
				   ID="vartotres"
	dataSourceVersion="1"
		  serverType="sql">
	<fields>
		<field title="Ref. date" name="REF_DT" required="true" detail="false" type="date" customSelectExpression="TIMESTAMP_FORMAT(cast(REF_DT as varchar(8)),'YYYYMMDD')"  customUpdateExpression="$values.REF_DT" width="80" align="left" cellAlign="left" canFilter="true" canEdit="false" />
		<field title="Calc. date" name="CALC_DT"  required="true" detail="false" type="date" customSelectExpression="TIMESTAMP_FORMAT(cast(CALC_DT as varchar(8)),'YYYYMMDD')"  customUpdateExpression="$values.CALC_DT" width="75" align="left" cellAlign="left" canFilter="true" canEdit="false" />
		<field title="Run ID" name="RUN_ID" primaryKey="true" required="true" type="integer"  width="70" align="left" cellAlign="left" canFilter="true" canEdit="false" detail="false" />
		<field title="Undiv.VAR" name="UNDVAR"  type="float"  customSelectExpression="round(cast(UNDVAR as FLOAT),4)"    format="###,##0"  width="80" canFilter="true" canEdit="false" align="left" cellAlign="left"  detail="false" />
		<field title="Undiv/VAR Lim." name="PERCUNDLIM"  type="float"  customSelectExpression="cast(PERCUNDLIM as FLOAT)"    format="##0.0%"  width="90" canFilter="true" canEdit="false" align="right" cellAlign="right"  detail="false" />
		<field title="Div VAR" name="DIVVAR"  type="float"  customSelectExpression="round(cast(DIVVAR as FLOAT),4)"    format="###,##0"  width="85" canFilter="true" canEdit="false" align="left" cellAlign="left"  detail="false" />
		<field title="Div/VAR Limit" name="PERCDIVLIM"  type="float"  customSelectExpression="cast(PERCDIVLIM as FLOAT)"    format="##0.0%"  width="80" canFilter="true" canEdit="false" align="right" cellAlign="right"  detail="false" />
		<field title="VAR Limit" name="VARLIMIT"  type="float"  customSelectExpression="cast(VARLIMIT as FLOAT)"    format="###,##0"  width="25%" canFilter="true" canEdit="false" align="left" cellAlign="left"  detail="false" />
		<field title="Div.Conf.Level" name="DCONFLEV"  type="float"  customSelectExpression="cast(DCONFLEV as FLOAT)"    format="##0.0%"  width="25%" canFilter="true" canEdit="false" align="left" cellAlign="left"  detail="true" />
		<field title="Offset Undiv-Div" name="OFFUND_DIV"  type="float"  customSelectExpression="cast(OFFUND_DIV as FLOAT)"    format="###,##0"  width="25%" canFilter="true" canEdit="false" align="left" cellAlign="left"  detail="false" />
		<field title="Div.Period"  name="DPERIOD" required="true"  type="integer" width="70" canFilter="true" canEdit="false" align="left" cellAlign="left" detail="true" />
		<field title="Div.Days"  name="DDAYS" required="true"  type="integer" width="70" canFilter="true" canEdit="false" align="left" cellAlign="left" detail="true" />
		<field title="Div.Events IN"  name="DEVTIN" required="true"  type="integer" width="80" canFilter="true" canEdit="false" align="left" cellAlign="left" detail="true" />
		<field title="Div.Events OUT"  name="DEVTOUT" required="true"  type="integer" width="90" canFilter="true" canEdit="false" align="left" cellAlign="left" detail="true" />
		<field title="Duration" name="DURATION"  type="float"  customSelectExpression="cast(DURATION as FLOAT)"    format="#0.0000"  width="55" canFilter="true" canEdit="false" align="left" cellAlign="left"  detail="false" />
		<field title="Status" name="STATUS"   required="true" type="text" length="1"  width="50" align="left" cellAlign="left" canFilter="true" canEdit="true" detail="false">
			<valueMap>
				<value ID="E">Enabled</value>
				<value ID="D">Disabled</value> 				
				<value ID="T">Test</value> 
				<value ID="S">Stressed</value> 
			</valueMap>
		</field>
		
		<field title="Date create" name="CRT_DT"  required="true" type="datetime" width="100" canFilter="true" canEdit="false" align="left" cellAlign="left" detail="true" />
		<field title="Date update" name="UPD_DT"  required="true" type="datetime" width="100" canFilter="true" canEdit="false" align="left" cellAlign="left" detail="true" />
		<field title="User create" name="CRT_USR"  required="true" type="text" width="100" canFilter="true" canEdit="false" align="left" cellAlign="left" detail="true" />
		<field title="User update" name="UPD_USR"  type="text" required="true" width="100" canFilter="true" canEdit="false" align="left" cellAlign="left" detail="true"/>
	</fields>
	<serverObject lookupStyle="new" className="it.ccg.varweb.server.dmi.StandardDMI"/>
</DataSource>