<DataSource tableName="varudsres"
				   ID="varudsres_stg"
	dataSourceVersion="1"
		  serverType="sql">
	<fields>
		<field title="Run ID" name="RUN_ID" primaryKey="true" required="true" type="integer" detail="false" width="60" align="left" cellAlign="left" canFilter="true" canEdit="false" />
		<field title="Var.Type" name="VARCALCTY"  primaryKey="true" required="true" type="text" length="1" detail="true" width="100%" align="left" cellAlign="left" canFilter="true" canEdit="false" >
			<valueMap>
				<value ID="U">Und.</value>
				<value ID="D">Div.</value> 
				<value ID="S">Super Und.</value> 
			</valueMap>
		</field>
		<field title="Country"  name="COUNTRY" required="true" primaryKey="true"   type="text" width="25%" canFilter="true" canEdit="false" align="left" cellAlign="left" detail="true" />
		<field title="Rank"  name="RANK" required="true"  type="integer" width="60" canFilter="true" canEdit="false" align="left" cellAlign="left" detail="false" />
		<field title="Value date" name="VALUE_DT" primaryKey="true" required="true" type="date" customSelectExpression="TIMESTAMP_FORMAT(cast(VALUE_DT as varchar(8)),'YYYYMMDD')"  width="90" align="left" cellAlign="left" canFilter="true" canEdit="false" detail="false" />
		<field title="Status" name="STATUS"   required="true" type="text" length="1" detail="false" width="100" align="left" cellAlign="left" canFilter="true" canEdit="false" >
			<valueMap>
				<value ID="E">Enabled</value>
				<value ID="D">Disabled</value>  
				<value ID="M">Missing</value> 
			</valueMap>
		</field>		
		<field title="Delta" name="DELTA"  type="float"  customSelectExpression="cast(DELTA as FLOAT)"    format="###,##0.###"  width="100%" canFilter="true" canEdit="false" align="left" cellAlign="left"  detail="false" />
		<field title="Is var" name="IS_VAR"   required="true" type="text" length="1" detail="true" width="100%" align="left" cellAlign="left" canFilter="true" canEdit="false" >
			<valueMap>
				<value ID="T">True</value>
				<value ID="F">False</value> 
			</valueMap>
		</field>
		<field title="Date create" name="CRT_DT"  required="true" type="datetime" width="100" canFilter="true" canEdit="false" align="left" cellAlign="left" detail="true" />
		<field title="Date update" name="UPD_DT"  required="true" type="datetime" width="100" canFilter="true" canEdit="false" align="left" cellAlign="left" detail="true" />
		<field title="User create" name="CRT_USR"  required="true" type="text" width="100" canFilter="true" canEdit="false" align="left" cellAlign="left" detail="true" />
		<field title="User update" name="UPD_USR"  type="text" required="true" width="100" canFilter="true" canEdit="false" align="left" cellAlign="left" detail="true"/>
	</fields>
	<serverObject lookupStyle="new" className="it.ccg.varweb.server.dmi.StandardDMI"/>
	
	<operationBindings>
		 <operationBinding operationType="fetch" operationId="varRun" >  
		<selectClause>RUN_ID,
					VARCALCTY,
					COUNTRY,
					RANK,
					TIMESTAMP_FORMAT(cast(VALUE_DT as varchar(8)),'YYYYMMDD') AS VALUE_DT,
					STATUS,
					CAST(DELTA AS FLOAT) AS DELTA,
					IS_VAR,
					CRT_DT,
					UPD_DT,
					CRT_USR,
					UPD_USR 
		</selectClause>  
		 <orderClause>RANK ASC</orderClause>
      	</operationBinding>
      	
      	<operationBinding operationType="fetch" operationId="var4MaxRun">  
		<selectClause>RUN_ID,
					VARCALCTY,
					COUNTRY,
					RANK,
					TIMESTAMP_FORMAT(cast(VALUE_DT as varchar(8)),'YYYYMMDD') AS VALUE_DT,
					STATUS,
					CAST(DELTA AS FLOAT) AS DELTA,
					IS_VAR,
					CRT_DT,
					UPD_DT,
					CRT_USR,
					UPD_USR 
		</selectClause>  
		<whereClause>RUN_ID = (SELECT MAX(RUN_ID) FROM VARRUNS)</whereClause>
		 <orderClause>RANK ASC</orderClause>
      	</operationBinding>
	 
	</operationBindings>
</DataSource>