<DataSource tableName="vwirsers"
				   ID="vwirsers"
	dataSourceVersion="1"
		  serverType="sql">
	<fields>
		<field title="Node ID" name="NODE_ID" primaryKey="true" required="true" type="integer" detail="true" width="100%" align="left" cellAlign="left" canFilter="true" canEdit="false" />
		<field title="Date" name="VALUE_DT" primaryKey="true" required="true"  type="date" customSelectExpression="TIMESTAMP_FORMAT(cast(VALUE_DT as varchar(8)),'YYYYMMDD')"  width="100%" align="left" cellAlign="left" canFilter="true" canEdit="false" detail="false" />
		<field title="Interest Rate" name="INT_RATE"  type="float"  customSelectExpression="cast(INT_RATE as FLOAT)"  format="##0.###%"   width="90" canFilter="true" canEdit="false" align="right" cellAlign="right" detail="false" />
		<field title="Price" name="PRICE"  type="float"  customSelectExpression="cast(PRICE as FLOAT)"    format="###,##0.###"    width="120" canFilter="true" canEdit="false" align="right" cellAlign="right" detail="false" />
		
		<field title="Status" name="STATUS"   required="true" type="text" length="1" detail="false" width="100%" align="left" cellAlign="left" canFilter="true" canEdit="false" >
			<valueMap>
				<value ID="E">Enabled</value>
				<value ID="D">Disabled</value> 
			</valueMap>
		</field>
		<field title="Code" name="ND_SYS_CD"  required="true" type="integer" detail="false" width="100%" align="left" cellAlign="left" canFilter="true" canEdit="false" />
		<field title="Provider" name="PROVIDER"  required="true" type="text" detail="true" width="100" align="left" cellAlign="left" canFilter="true" canEdit="false" />
		<field title="Country ISO" name="CNTRY_ISO"  required="true" type="text" detail="false" width="150" align="left" cellAlign="left" canFilter="true" canEdit="false" />
		<field title="Days" name="PER_DAYS"  required="true" type="integer" detail="true" width="70" align="left" cellAlign="left" canFilter="true" canEdit="false" />
		<field title="Duration" name="DURATION"  type="float"  customSelectExpression="cast(DURATION as FLOAT)"    format="###,##0.###"    width="30%" canFilter="true" canEdit="false" align="right" cellAlign="right" detail="true" />
		
		<field title="Date create" name="CRT_DT"  required="true" type="datetime" width="100" canFilter="true" canEdit="false" align="left" cellAlign="left" detail="true" />
		<field title="Date update" name="UPD_DT"  required="true" type="datetime" width="100" canFilter="true" canEdit="false" align="left" cellAlign="left" detail="true" />
		<field title="User create" name="CRT_USR"  required="true" type="text" width="100" canFilter="true" canEdit="false" align="left" cellAlign="left" detail="true" />
		<field title="User update" name="UPD_USR"  type="text" required="true" width="100" canFilter="true" canEdit="false" align="left" cellAlign="left" detail="true"/>
	</fields>
	<serverObject lookupStyle="new" className="it.ccg.varweb.server.dmi.StandardDMI"/>
	<operationBindings>
	
	<operationBinding operationType="fetch" operationId="irserFirstNode">  
		<selectClause>
					VWIRSERS.NODE_ID,
					TIMESTAMP_FORMAT(cast(VWIRSERS.VALUE_DT as varchar(8)),'YYYYMMDD') AS VALUE_DT,
					CAST(VWIRSERS.INT_RATE AS FLOAT) AS INT_RATE,
					CAST(VWIRSERS.PRICE AS FLOAT) AS PRICE,
					VWIRSERS.STATUS,
					VWIRSERS.CRT_DT,
					VWIRSERS.UPD_DT,
					VWIRSERS.CRT_USR,
					VWIRSERS.UPD_USR,
					VWIRSERS.ND_SYS_CD,
					VWIRSERS.PROVIDER,
					VWIRSERS.CNTRY_ISO,
					VWIRSERS.PER_DAYS, 
					VWIRSERS.DURATION
		</selectClause>  
		<whereClause>NODE_ID = (SELECT MIN(NODE_ID) FROM VWIRSERS)</whereClause>
      	<orderClause>VALUE_DT DESC</orderClause>
      	</operationBinding>
      	
    <operationBinding operationType="fetch" >  
		<selectClause>
					VWIRSERS.NODE_ID,
					TIMESTAMP_FORMAT(cast(VWIRSERS.VALUE_DT as varchar(8)),'YYYYMMDD') AS VALUE_DT,
					CAST(VWIRSERS.INT_RATE AS FLOAT) AS INT_RATE,
					CAST(VWIRSERS.PRICE AS FLOAT) AS PRICE,
					VWIRSERS.STATUS,
					VWIRSERS.CRT_DT,
					VWIRSERS.UPD_DT,
					VWIRSERS.CRT_USR,
					VWIRSERS.UPD_USR,
					VWIRSERS.ND_SYS_CD,
					VWIRSERS.PROVIDER,
					VWIRSERS.CNTRY_ISO,
					VWIRSERS.PER_DAYS, 
					VWIRSERS.DURATION 
		</selectClause>  
		<orderClause>VALUE_DT DESC</orderClause>
     </operationBinding>

	</operationBindings>
</DataSource>