Suite/Test/Step Name,Browser,Description,Start time,End time,Duration,Status
Test Suite Firefox v2.04 1_RUN,Firefox 60.0,,2019-08-05 14:20:39,2019-08-05 14:34:54,14m - 15.592s,INCOMPLETE
,,,,,,
Test Cases/Imported from Selenium IDE Scripts/ver. 2.04/Firefox/RU28/RU28-NUC01-T01,Firefox 60.0,LiME -  Liquidity stress - group structure - View,2019-08-05 14:20:40,2019-08-05 14:21:30,49.991s,FAILED
"Comment - ""----------------------------------------------------""",Firefox 60.0,,2019-08-05 14:20:41,2019-08-05 14:20:41,0.001s,PASSED
"Comment - ""This test case script is generated by Katalon Studio""",Firefox 60.0,,2019-08-05 14:20:41,2019-08-05 14:20:41,0.001s,PASSED
"Comment - ""Generated date: 09-Oct-2018 09:59:22 AM""",Firefox 60.0,,2019-08-05 14:20:41,2019-08-05 14:20:41,0.015s,PASSED
"Comment - ""File path: H:\Desktop\LiME_2.04\LiME_2.04\CdT\RUN_1\RU28\RU28-NUC01-T01.rctest""",Firefox 60.0,,2019-08-05 14:20:41,2019-08-05 14:20:41,0.003s,PASSED
"Comment - ""LiME -  Liquidity stress - group structure""",Firefox 60.0,,2019-08-05 14:20:41,2019-08-05 14:20:41,0.001s,PASSED
"Comment - ""Generated by: masspetracca@gmail.com""",Firefox 60.0,,2019-08-05 14:20:41,2019-08-05 14:20:41,0.016s,PASSED
openBrowser,Firefox 60.0,----------------------------------------------------,2019-08-05 14:20:41,2019-08-05 14:20:50,8.971s,PASSED
navigateToUrl,Firefox 60.0,TC >> RU28-NUC01-T01.rctest,2019-08-05 14:20:50,2019-08-05 14:20:50,0.456s,PASSED
setText,Firefox 60.0,,2019-08-05 14:20:50,2019-08-05 14:20:51,0.208s,PASSED
setText,Firefox 60.0,,2019-08-05 14:20:51,2019-08-05 14:20:51,0.172s,PASSED
click,Firefox 60.0,,2019-08-05 14:20:51,2019-08-05 14:20:53,2.056s,PASSED
navigateToUrl,Firefox 60.0,,2019-08-05 14:20:53,2019-08-05 14:20:54,1.360s,PASSED
click,Firefox 60.0,,2019-08-05 14:20:54,2019-08-05 14:21:30,35.550s,FAILED
closeBrowser,Firefox 60.0,,2019-08-05 14:21:30,2019-08-05 14:21:30,0.311s,PASSED
,,,,,,
Test Cases/Imported from Selenium IDE Scripts/ver. 2.04/Firefox/RU28/RU28-NUC01-T02,Firefox 60.0,LiME -  Liquidity stress - group structure - Filters,2019-08-05 14:21:30,2019-08-05 14:23:06,1m - 35.615s,FAILED
"Comment - ""----------------------------------------------------""",Firefox 60.0,,2019-08-05 14:21:31,2019-08-05 14:21:31,0.019s,PASSED
"Comment - ""This test case script is generated by Katalon Studio""",Firefox 60.0,,2019-08-05 14:21:31,2019-08-05 14:21:31,0.010s,PASSED
"Comment - ""Generated date: 09-Oct-2018 09:59:22 AM""",Firefox 60.0,,2019-08-05 14:21:31,2019-08-05 14:21:31,0.001s,PASSED
"Comment - ""File path: H:\Desktop\LiME_2.04\LiME_2.04\CdT\RUN_1\RU28\RU28-NUC01-T02.rctest""",Firefox 60.0,,2019-08-05 14:21:31,2019-08-05 14:21:31,0.009s,PASSED
"Comment - ""LiME -  Liquidity stress - group structure - Filters""",Firefox 60.0,,2019-08-05 14:21:31,2019-08-05 14:21:31,0.000s,PASSED
"Comment - ""Generated by: masspetracca@gmail.com""",Firefox 60.0,,2019-08-05 14:21:31,2019-08-05 14:21:31,0.000s,PASSED
openBrowser,Firefox 60.0,----------------------------------------------------,2019-08-05 14:21:31,2019-08-05 14:21:35,4.034s,PASSED
navigateToUrl,Firefox 60.0,TC >> RU28-NUC01-T02.rctest,2019-08-05 14:21:35,2019-08-05 14:21:35,0.402s,PASSED
setText,Firefox 60.0,,2019-08-05 14:21:35,2019-08-05 14:21:35,0.121s,PASSED
setText,Firefox 60.0,,2019-08-05 14:21:35,2019-08-05 14:21:35,0.102s,PASSED
click,Firefox 60.0,,2019-08-05 14:21:35,2019-08-05 14:21:37,1.469s,PASSED
navigateToUrl,Firefox 60.0,,2019-08-05 14:21:37,2019-08-05 14:21:38,1.181s,PASSED
click,Firefox 60.0,,2019-08-05 14:21:38,2019-08-05 14:21:49,11.275s,PASSED
click,Firefox 60.0,,2019-08-05 14:21:49,2019-08-05 14:22:22,32.782s,FAILED
click,Firefox 60.0,,2019-08-05 14:22:22,2019-08-05 14:23:00,38.155s,FAILED
click,Firefox 60.0,,2019-08-05 14:23:00,2019-08-05 14:23:05,5.370s,FAILED
closeBrowser,Firefox 60.0,,2019-08-05 14:23:05,2019-08-05 14:23:06,0.224s,FAILED
,,,,,,
Test Cases/Imported from Selenium IDE Scripts/ver. 2.04/Firefox/RU31/RU31-NUC01-T01,Firefox 60.0,LiME -   Swap cash - collateral - View,2019-08-05 14:23:06,2019-08-05 14:23:47,41.603s,FAILED
"Comment - ""----------------------------------------------------""",Firefox 60.0,,2019-08-05 14:23:06,2019-08-05 14:23:06,0.000s,PASSED
"Comment - ""This test case script is generated by Katalon Studio""",Firefox 60.0,,2019-08-05 14:23:06,2019-08-05 14:23:06,0.002s,PASSED
"Comment - ""Generated date: 09-Oct-2018 09:59:22 AM""",Firefox 60.0,,2019-08-05 14:23:06,2019-08-05 14:23:06,0.000s,PASSED
"Comment - ""File path: H:\Desktop\LiME_2.04\LiME_2.04\CdT\RUN_1\RU31\RU31-NUC01-T01.rctest""",Firefox 60.0,,2019-08-05 14:23:06,2019-08-05 14:23:06,0.000s,PASSED
"Comment - ""LiME -   Swap cash - collateral""",Firefox 60.0,,2019-08-05 14:23:06,2019-08-05 14:23:06,0.001s,PASSED
"Comment - ""Generated by: masspetracca@gmail.com""",Firefox 60.0,,2019-08-05 14:23:06,2019-08-05 14:23:06,0.002s,PASSED
openBrowser,Firefox 60.0,----------------------------------------------------,2019-08-05 14:23:06,2019-08-05 14:23:10,4.159s,PASSED
navigateToUrl,Firefox 60.0,TC >> RU31-NUC01-T01.rctest,2019-08-05 14:23:10,2019-08-05 14:23:11,0.398s,PASSED
setText,Firefox 60.0,,2019-08-05 14:23:11,2019-08-05 14:23:11,0.073s,PASSED
setText,Firefox 60.0,,2019-08-05 14:23:11,2019-08-05 14:23:11,0.082s,PASSED
click,Firefox 60.0,,2019-08-05 14:23:11,2019-08-05 14:23:12,1.429s,PASSED
navigateToUrl,Firefox 60.0,,2019-08-05 14:23:12,2019-08-05 14:23:13,1.185s,PASSED
click,Firefox 60.0,,2019-08-05 14:23:13,2019-08-05 14:23:47,33.834s,FAILED
,,,,,,
Test Cases/Imported from Selenium IDE Scripts/ver. 2.04/Firefox/RU32/RU32-NUC01-T01,Firefox 60.0,LiME - RUN Register - View,2019-08-05 14:23:47,2019-08-05 14:25:40,1m - 52.928s,FAILED
"Comment - ""----------------------------------------------------""",Firefox 60.0,,2019-08-05 14:23:48,2019-08-05 14:23:48,0.001s,PASSED
"Comment - ""This test case script is generated by Katalon Studio""",Firefox 60.0,,2019-08-05 14:23:48,2019-08-05 14:23:48,0.000s,PASSED
"Comment - ""Generated date: 09-Oct-2018 09:59:22 AM""",Firefox 60.0,,2019-08-05 14:23:48,2019-08-05 14:23:48,0.001s,PASSED
"Comment - ""File path: H:\Desktop\LiME_2.04\LiME_2.04\CdT\RUN_1\RU32\RU32-NUC01-T01.rctest""",Firefox 60.0,,2019-08-05 14:23:48,2019-08-05 14:23:48,0.000s,PASSED
"Comment - ""LiME -  RUN Register""",Firefox 60.0,,2019-08-05 14:23:48,2019-08-05 14:23:48,0.001s,PASSED
"Comment - ""Generated by: masspetracca@gmail.com""",Firefox 60.0,,2019-08-05 14:23:48,2019-08-05 14:23:48,0.001s,PASSED
openBrowser,Firefox 60.0,----------------------------------------------------,2019-08-05 14:23:48,2019-08-05 14:23:52,4.322s,PASSED
navigateToUrl,Firefox 60.0,TC >> RU32-NUC01-T01.rctest,2019-08-05 14:23:52,2019-08-05 14:23:52,0.409s,PASSED
setText,Firefox 60.0,,2019-08-05 14:23:52,2019-08-05 14:23:52,0.062s,PASSED
setText,Firefox 60.0,,2019-08-05 14:23:52,2019-08-05 14:23:52,0.088s,PASSED
click,Firefox 60.0,,2019-08-05 14:23:52,2019-08-05 14:23:54,1.447s,PASSED
navigateToUrl,Firefox 60.0,,2019-08-05 14:23:54,2019-08-05 14:23:55,1.153s,PASSED
click,Firefox 60.0,,2019-08-05 14:23:55,2019-08-05 14:24:27,32.108s,FAILED
click,Firefox 60.0,,2019-08-05 14:24:27,2019-08-05 14:24:28,0.367s,PASSED
click,Firefox 60.0,,2019-08-05 14:24:28,2019-08-05 14:25:03,35.760s,FAILED
click,Firefox 60.0,,2019-08-05 14:25:03,2019-08-05 14:25:40,36.511s,FAILED
closeBrowser,Firefox 60.0,,2019-08-05 14:25:40,2019-08-05 14:25:40,0.389s,PASSED
,,,,,,
Test Cases/Imported from Selenium IDE Scripts/ver. 2.04/Firefox/RU33/RU33-NUC01-T01,Firefox 60.0,LiME -  Liquidity LiME Simulator - View,2019-08-05 14:25:40,2019-08-05 14:26:21,40.294s,FAILED
"Comment - ""----------------------------------------------------""",Firefox 60.0,,2019-08-05 14:25:41,2019-08-05 14:25:41,0.000s,PASSED
"Comment - ""This test case script is generated by Katalon Studio""",Firefox 60.0,,2019-08-05 14:25:41,2019-08-05 14:25:41,0.000s,PASSED
"Comment - ""Generated date: 09-Oct-2018 09:59:22 AM""",Firefox 60.0,,2019-08-05 14:25:41,2019-08-05 14:25:41,0.001s,PASSED
"Comment - ""File path: H:\Desktop\LiME_2.04\LiME_2.04\CdT\RUN_1\RU33\RU33-NUC01-T01.rctest""",Firefox 60.0,,2019-08-05 14:25:41,2019-08-05 14:25:41,0.001s,PASSED
"Comment - ""LiME -  Liquidity LiME Simulator""",Firefox 60.0,,2019-08-05 14:25:41,2019-08-05 14:25:41,0.000s,PASSED
"Comment - ""Generated by: masspetracca@gmail.com""",Firefox 60.0,,2019-08-05 14:25:41,2019-08-05 14:25:41,0.000s,PASSED
openBrowser,Firefox 60.0,----------------------------------------------------,2019-08-05 14:25:41,2019-08-05 14:25:45,4.070s,PASSED
navigateToUrl,Firefox 60.0,TC >> RU33-NUC01-T01.rctest,2019-08-05 14:25:45,2019-08-05 14:25:45,0.393s,PASSED
setText,Firefox 60.0,,2019-08-05 14:25:45,2019-08-05 14:25:45,0.076s,PASSED
setText,Firefox 60.0,,2019-08-05 14:25:45,2019-08-05 14:25:45,0.085s,PASSED
click,Firefox 60.0,,2019-08-05 14:25:45,2019-08-05 14:25:48,2.993s,PASSED
navigateToUrl,Firefox 60.0,,2019-08-05 14:25:48,2019-08-05 14:25:49,1.192s,PASSED
click,Firefox 60.0,,2019-08-05 14:25:49,2019-08-05 14:26:21,31.157s,FAILED
,,,,,,
Test Cases/Imported from Selenium IDE Scripts/ver. 2.04/Firefox/RU34/RU34-NUC01-T01,Firefox 60.0,LiME -   Simulator Available Cash with no excess cash - View,2019-08-05 14:26:21,2019-08-05 14:26:53,32.058s,PASSED
"Comment - ""----------------------------------------------------""",Firefox 60.0,,2019-08-05 14:26:21,2019-08-05 14:26:21,0.000s,PASSED
"Comment - ""This test case script is generated by Katalon Studio""",Firefox 60.0,,2019-08-05 14:26:21,2019-08-05 14:26:21,0.000s,PASSED
"Comment - ""Generated date: 09-Oct-2018 09:59:22 AM""",Firefox 60.0,,2019-08-05 14:26:21,2019-08-05 14:26:21,0.000s,PASSED
"Comment - ""File path: H:\Desktop\LiME_2.04\LiME_2.04\CdT\RUN_1\RU34\RU34-NUC01-T01.rctest""",Firefox 60.0,,2019-08-05 14:26:21,2019-08-05 14:26:21,0.001s,PASSED
"Comment - ""LiME -   Simulator Available Cash with no excess cash""",Firefox 60.0,,2019-08-05 14:26:21,2019-08-05 14:26:21,0.000s,PASSED
"Comment - ""Generated by: masspetracca@gmail.com""",Firefox 60.0,,2019-08-05 14:26:21,2019-08-05 14:26:21,0.001s,PASSED
openBrowser,Firefox 60.0,----------------------------------------------------,2019-08-05 14:26:21,2019-08-05 14:26:26,5.159s,PASSED
navigateToUrl,Firefox 60.0,TC >> RU34-NUC01-T01.rctest,2019-08-05 14:26:26,2019-08-05 14:26:26,0.358s,PASSED
setText,Firefox 60.0,,2019-08-05 14:26:26,2019-08-05 14:26:26,0.067s,PASSED
setText,Firefox 60.0,,2019-08-05 14:26:26,2019-08-05 14:26:27,0.103s,PASSED
click,Firefox 60.0,,2019-08-05 14:26:27,2019-08-05 14:26:28,1.398s,PASSED
navigateToUrl,Firefox 60.0,,2019-08-05 14:26:28,2019-08-05 14:26:29,1.160s,PASSED
click,Firefox 60.0,,2019-08-05 14:26:29,2019-08-05 14:26:52,22.925s,PASSED
closeBrowser,Firefox 60.0,,2019-08-05 14:26:52,2019-08-05 14:26:53,0.582s,PASSED
,,,,,,
Test Cases/Imported from Selenium IDE Scripts/ver. 2.04/Firefox/RU35/RU35-NUC01-T01,Firefox 60.0,LiME - Simulator Security held as margin with no excess collateral - View,2019-08-05 14:26:53,2019-08-05 14:27:32,39.342s,FAILED
"Comment - ""----------------------------------------------------""",Firefox 60.0,,2019-08-05 14:26:53,2019-08-05 14:26:53,0.001s,PASSED
"Comment - ""This test case script is generated by Katalon Studio""",Firefox 60.0,,2019-08-05 14:26:53,2019-08-05 14:26:53,0.000s,PASSED
"Comment - ""Generated date: 09-Oct-2018 09:59:22 AM""",Firefox 60.0,,2019-08-05 14:26:53,2019-08-05 14:26:53,0.001s,PASSED
"Comment - ""File path: H:\Desktop\LiME_2.04\LiME_2.04\CdT\RUN_1\RU35\RU35-NUC01-T01.rctest""",Firefox 60.0,,2019-08-05 14:26:53,2019-08-05 14:26:53,0.000s,PASSED
"Comment - ""LiME - Simulator Security held as margin with no excess collateral""",Firefox 60.0,,2019-08-05 14:26:53,2019-08-05 14:26:53,0.000s,PASSED
"Comment - ""Generated by: masspetracca@gmail.com""",Firefox 60.0,,2019-08-05 14:26:53,2019-08-05 14:26:53,0.001s,PASSED
openBrowser,Firefox 60.0,----------------------------------------------------,2019-08-05 14:26:53,2019-08-05 14:26:57,4.023s,PASSED
navigateToUrl,Firefox 60.0,TC >> RU35-NUC01-T01.rctest,2019-08-05 14:26:57,2019-08-05 14:26:57,0.478s,PASSED
setText,Firefox 60.0,,2019-08-05 14:26:57,2019-08-05 14:26:57,0.059s,PASSED
setText,Firefox 60.0,,2019-08-05 14:26:57,2019-08-05 14:26:58,0.085s,PASSED
click,Firefox 60.0,,2019-08-05 14:26:58,2019-08-05 14:26:59,1.697s,PASSED
navigateToUrl,Firefox 60.0,,2019-08-05 14:26:59,2019-08-05 14:27:01,1.635s,PASSED
click,Firefox 60.0,,2019-08-05 14:27:01,2019-08-05 14:27:32,31.101s,FAILED
,,,,,,
Test Cases/Imported from Selenium IDE Scripts/ver. 2.04/Firefox/RU36/RU36-NUC01-T01,Firefox 60.0,LiME - Stress Simulator - View,2019-08-05 14:27:32,2019-08-05 14:27:54,21.811s,PASSED
"Comment - ""----------------------------------------------------""",Firefox 60.0,,2019-08-05 14:27:32,2019-08-05 14:27:32,0.002s,PASSED
"Comment - ""This test case script is generated by Katalon Studio""",Firefox 60.0,,2019-08-05 14:27:32,2019-08-05 14:27:32,0.000s,PASSED
"Comment - ""Generated date: 09-Oct-2018 09:59:22 AM""",Firefox 60.0,,2019-08-05 14:27:32,2019-08-05 14:27:32,0.001s,PASSED
"Comment - ""File path: H:\Desktop\LiME_2.04\LiME_2.04\CdT\RUN_1\RU36\RU36-NUC01-T01.rctest""",Firefox 60.0,,2019-08-05 14:27:32,2019-08-05 14:27:32,0.000s,PASSED
"Comment - ""LiME - Stress Simulator""",Firefox 60.0,,2019-08-05 14:27:32,2019-08-05 14:27:32,0.000s,PASSED
"Comment - ""Generated by: masspetracca@gmail.com""",Firefox 60.0,,2019-08-05 14:27:32,2019-08-05 14:27:32,0.001s,PASSED
openBrowser,Firefox 60.0,----------------------------------------------------,2019-08-05 14:27:32,2019-08-05 14:27:37,5.031s,PASSED
navigateToUrl,Firefox 60.0,TC >> RU36-NUC01-T01.rctest,2019-08-05 14:27:37,2019-08-05 14:27:38,0.378s,PASSED
setText,Firefox 60.0,,2019-08-05 14:27:38,2019-08-05 14:27:38,0.119s,PASSED
setText,Firefox 60.0,,2019-08-05 14:27:38,2019-08-05 14:27:38,0.076s,PASSED
click,Firefox 60.0,,2019-08-05 14:27:38,2019-08-05 14:27:39,1.407s,PASSED
navigateToUrl,Firefox 60.0,,2019-08-05 14:27:39,2019-08-05 14:27:41,1.165s,PASSED
click,Firefox 60.0,,2019-08-05 14:27:41,2019-08-05 14:27:53,12.803s,PASSED
closeBrowser,Firefox 60.0,,2019-08-05 14:27:53,2019-08-05 14:27:54,0.436s,PASSED
,,,,,,
Test Cases/Imported from Selenium IDE Scripts/ver. 2.04/Firefox/RU38/RU38-NUC01-T01,Firefox 60.0,LiME - Liq Staging- Liq Stressed market conditions - Sec.As Mar NO Excess Collateral - View,2019-08-05 14:27:54,2019-08-05 14:30:10,2m - 16.425s,FAILED
"Comment - ""----------------------------------------------------""",Firefox 60.0,,2019-08-05 14:27:54,2019-08-05 14:27:54,0.000s,PASSED
"Comment - ""This test case script is generated by Katalon Studio""",Firefox 60.0,,2019-08-05 14:27:54,2019-08-05 14:27:54,0.000s,PASSED
"Comment - ""Generated date: 09-Oct-2018 09:59:22 AM""",Firefox 60.0,,2019-08-05 14:27:54,2019-08-05 14:27:54,0.000s,PASSED
"Comment - ""File path: H:\Desktop\LiME_2.04\LiME_2.04\CdT\RUN_1\RU38\RU38-NUC01-T01.rctest""",Firefox 60.0,,2019-08-05 14:27:54,2019-08-05 14:27:54,0.000s,PASSED
"Comment - ""LiME - Liq Staging- Liq Stressed market conditions - Sec.As Mar NO Excess Collateral""",Firefox 60.0,,2019-08-05 14:27:54,2019-08-05 14:27:54,0.001s,PASSED
"Comment - ""Generated by: masspetracca@gmail.com""",Firefox 60.0,,2019-08-05 14:27:54,2019-08-05 14:27:54,0.000s,PASSED
openBrowser,Firefox 60.0,----------------------------------------------------,2019-08-05 14:27:54,2019-08-05 14:27:58,3.977s,PASSED
navigateToUrl,Firefox 60.0,TC >> RU38-NUC01-T01.rctest,2019-08-05 14:27:58,2019-08-05 14:27:58,0.387s,PASSED
setText,Firefox 60.0,,2019-08-05 14:27:58,2019-08-05 14:27:58,0.071s,PASSED
setText,Firefox 60.0,,2019-08-05 14:27:58,2019-08-05 14:27:59,0.069s,PASSED
click,Firefox 60.0,,2019-08-05 14:27:59,2019-08-05 14:28:00,1.413s,PASSED
navigateToUrl,Firefox 60.0,,2019-08-05 14:28:00,2019-08-05 14:28:02,1.632s,PASSED
click,Firefox 60.0,,2019-08-05 14:28:02,2019-08-05 14:28:02,0.066s,FAILED
click,Firefox 60.0,,2019-08-05 14:28:02,2019-08-05 14:28:34,32.569s,FAILED
click,Firefox 60.0,,2019-08-05 14:28:34,2019-08-05 14:29:10,36.064s,FAILED
click,Firefox 60.0,,2019-08-05 14:29:10,2019-08-05 14:29:41,30.928s,FAILED
click,Firefox 60.0,,2019-08-05 14:29:41,2019-08-05 14:30:10,28.864s,FAILED
click,Firefox 60.0,,2019-08-05 14:30:10,2019-08-05 14:30:10,0.012s,FAILED
doubleClick,Firefox 60.0,,2019-08-05 14:30:10,2019-08-05 14:30:10,0.029s,FAILED
click,Firefox 60.0,,2019-08-05 14:30:10,2019-08-05 14:30:10,0.012s,FAILED
closeBrowser,Firefox 60.0,,2019-08-05 14:30:10,2019-08-05 14:30:10,0.057s,FAILED
,,,,,,
Test Cases/Imported from Selenium IDE Scripts/ver. 2.04/Firefox/RU39/RU39-NUC01-T01,Firefox 60.0,LiME - Liq Staging- Liq Stressed market conditions - Av.Cash No Excess Cash - View,2019-08-05 14:30:10,2019-08-05 14:30:18,8.019s,PASSED
"Comment - ""----------------------------------------------------""",Firefox 60.0,,2019-08-05 14:30:10,2019-08-05 14:30:10,0.000s,PASSED
"Comment - ""This test case script is generated by Katalon Studio""",Firefox 60.0,,2019-08-05 14:30:10,2019-08-05 14:30:10,0.001s,PASSED
"Comment - ""Generated date: 09-Oct-2018 09:59:22 AM""",Firefox 60.0,,2019-08-05 14:30:10,2019-08-05 14:30:10,0.000s,PASSED
"Comment - ""File path: H:\Desktop\LiME_2.04\LiME_2.04\CdT\RUN_1\RU39\RU39-NUC01-T01.rctest""",Firefox 60.0,,2019-08-05 14:30:10,2019-08-05 14:30:10,0.000s,PASSED
"Comment - ""LiME - Liq Staging- Liq Stressed market conditions - Av.Cash No Excess Cash""",Firefox 60.0,,2019-08-05 14:30:10,2019-08-05 14:30:10,0.000s,PASSED
"Comment - ""Generated by: masspetracca@gmail.com""",Firefox 60.0,,2019-08-05 14:30:10,2019-08-05 14:30:10,0.000s,PASSED
openBrowser,Firefox 60.0,----------------------------------------------------,2019-08-05 14:30:10,2019-08-05 14:30:15,4.068s,PASSED
navigateToUrl,Firefox 60.0,TC >> RU39-NUC01-T01.rctest,2019-08-05 14:30:15,2019-08-05 14:30:15,0.622s,PASSED
setText,Firefox 60.0,,2019-08-05 14:30:15,2019-08-05 14:30:15,0.066s,PASSED
setText,Firefox 60.0,,2019-08-05 14:30:15,2019-08-05 14:30:15,0.076s,PASSED
click,Firefox 60.0,,2019-08-05 14:30:15,2019-08-05 14:30:17,1.640s,PASSED
navigateToUrl,Firefox 60.0,,2019-08-05 14:30:17,2019-08-05 14:30:18,1.266s,PASSED
,,,,,,
Test Cases/Imported from Selenium IDE Scripts/ver. 2.04/Firefox/RU40/RU40-NUC01-T01,Firefox 60.0,LiME - Liq Staging- Liq Stressed market conditions - Sec.As Mar NO Excess Collateral - View,2019-08-05 14:30:18,2019-08-05 14:34:54,4m - 36.250s,FAILED
"Comment - ""----------------------------------------------------""",Firefox 60.0,,2019-08-05 14:30:19,2019-08-05 14:30:19,0.000s,PASSED
"Comment - ""This test case script is generated by Katalon Studio""",Firefox 60.0,,2019-08-05 14:30:19,2019-08-05 14:30:19,0.000s,PASSED
"Comment - ""Generated date: 09-Oct-2018 09:59:22 AM""",Firefox 60.0,,2019-08-05 14:30:19,2019-08-05 14:30:19,0.001s,PASSED
"Comment - ""File path: H:\Desktop\LiME_2.04\LiME_2.04\CdT\RUN_1\RU40\RU40-NUC01-T01.rctest""",Firefox 60.0,,2019-08-05 14:30:19,2019-08-05 14:30:19,0.000s,PASSED
"Comment - ""LiME - Liq Staging- Liq Stressed market conditions - Sec.As Mar NO Excess Collateral""",Firefox 60.0,,2019-08-05 14:30:19,2019-08-05 14:30:19,0.001s,PASSED
"Comment - ""Generated by: masspetracca@gmail.com""",Firefox 60.0,,2019-08-05 14:30:19,2019-08-05 14:30:19,0.000s,PASSED
openBrowser,Firefox 60.0,----------------------------------------------------,2019-08-05 14:30:19,2019-08-05 14:30:23,4.404s,PASSED
navigateToUrl,Firefox 60.0,TC >> RU40-NUC01-T01.rctest,2019-08-05 14:30:23,2019-08-05 14:30:23,0.370s,PASSED
setText,Firefox 60.0,,2019-08-05 14:30:23,2019-08-05 14:30:23,0.068s,PASSED
setText,Firefox 60.0,,2019-08-05 14:30:23,2019-08-05 14:30:24,0.061s,PASSED
click,Firefox 60.0,,2019-08-05 14:30:24,2019-08-05 14:30:25,1.721s,PASSED
navigateToUrl,Firefox 60.0,,2019-08-05 14:30:25,2019-08-05 14:30:27,1.524s,PASSED
click,Firefox 60.0,,2019-08-05 14:30:27,2019-08-05 14:30:59,32.200s,FAILED
click,Firefox 60.0,,2019-08-05 14:30:59,2019-08-05 14:31:39,39.840s,FAILED
click,Firefox 60.0,,2019-08-05 14:31:39,2019-08-05 14:32:21,42.670s,FAILED
click,Firefox 60.0,,2019-08-05 14:32:21,2019-08-05 14:33:00,38.679s,FAILED
click,Firefox 60.0,,2019-08-05 14:33:00,2019-08-05 14:33:37,37.071s,FAILED
click,Firefox 60.0,,2019-08-05 14:33:37,2019-08-05 14:34:14,36.457s,FAILED
click,Firefox 60.0,,2019-08-05 14:34:14,2019-08-05 14:34:44,30.422s,FAILED
click,Firefox 60.0,,2019-08-05 14:34:44,2019-08-05 14:34:54,10.311s,FAILED
click,Firefox 60.0,,2019-08-05 14:34:54,2019-08-05 14:34:54,0.009s,FAILED
setText,Firefox 60.0,,2019-08-05 14:34:54,2019-08-05 14:34:54,0.009s,FAILED
