CCAM,0.1,1,Test cases: 9 total,"status=""passed""","result=""9""","status=""passed""","result=""0""","status=""failed""","result=""0"""
CCAM,0.1,2,Commands: 449 total,"status=""passed""","result=""449""","status=""passed""","result=""0""","status=""failed""","result=""0"""
CCAM,0.1,3,RU01-NUC01-T01,"status=""passed""",,,,,
CCAM,0.1,4,RU01-NUC01-T02,"status=""passed""",,,,,
CCAM,0.1,5,RU01-NUC01-T03,"status=""passed""",,,,,
CCAM,0.1,6,RU02-NUC01-T01,"status=""passed""",,,,,
CCAM,0.1,7,RU02-NUC01-T02,"status=""passed""",,,,,
CCAM,0.1,8,RU02-NUC01-T03,"status=""passed""",,,,,
CCAM,0.1,9,RU03-NUC01-T01,"status=""passed""",,,,,
CCAM,0.1,10,RU03-NUC01-T02,"status=""passed""",,,,,
CCAM,0.1,11,RU03-NUC01-T03,"status=""passed""",,,,,
