<?xml version="1.0" encoding="UTF-8"?>
<!DOCTYPE module PUBLIC "-//Google Inc.//DTD Google Web Toolkit 1.6.4//EN" "http://google-web-toolkit.googlecode.com/svn/tags/1.6.4/distro-source/core/src/gwt-module.dtd">

<module rename-to="irweb">

	<!-- <inherits name="com.smartgwtpower.SmartGwtPowerNoScript" />
	<inherits name="com.smartclientpower.SmartClientPowerDefault" /> -->
	<inherits name="com.smartgwt.SmartGwt" />
	<inherits name="com.smartgwtee.SmartGwtEENoScript" />
	<inherits name="com.smartclientpower.SmartClientPowerDefault" />
	<inherits name="com.smartclient.theme.graphite.Graphite" />
    <inherits name="com.smartgwt.Drawing"/>
    <!--inherits name="com.smartgwt.Analytics"/-->
	
	<entry-point class='it.ccg.irweb.client.Main' />
  	
</module>
