
command,target,value
echo;;RU01-NUC01-T02.rctest
open;/CCAM/;Liquidity Items - CCAM - Filters
waitForElementClickable;scLocator=//Menu[level=1]/body/row[3]/col[fieldName=title||0];
click;scLocator=//Menu[level=1]/body/row[3]/col[fieldName=title||0];
waitForElementClickable;scLocator=//Portlet[ID="liquidity_items_tab_2"]/maximizeButton/;
click;scLocator=//Portlet[ID="liquidity_items_tab_2"]/maximizeButton/;
waitForElementClickable;scLocator=//Portlet[ID="liquidity_items_tab_2"]/item[0][Class="ListGrid"]/filterEditor/editRowForm/item[name=dt_ref||title=Date%20ref.||index=2||Class=MiniDateRangeItem]/[icon="showDateRange"];
click;scLocator=//Portlet[ID="liquidity_items_tab_2"]/item[0][Class="ListGrid"]/filterEditor/editRowForm/item[name=dt_ref||title=Date%20ref.||index=2||Class=MiniDateRangeItem]/[icon="showDateRange"];
waitForElementClickable;scLocator=//Portlet[ID="liquidity_items_tab_2"]/item[0][Class="ListGrid"]/filterEditor/editRowForm/item[name=dt_ref||title=Date%20ref.||index=2||Class=MiniDateRangeItem]/rangeDialog/rangeForm/item[name=dt_ref||title=dt_ref||index=0||Class=DateRangeItem]/dateRangeForm/item[name=fromField||title=From||index=0||Class=RelativeDateItem]/editor/item[name=iconPlaceholder||title=iconPlaceholder||index=2||Class=StaticTextItem]/[icon="chooserIcon"];
click;scLocator=//Portlet[ID="liquidity_items_tab_2"]/item[0][Class="ListGrid"]/filterEditor/editRowForm/item[name=dt_ref||title=Date%20ref.||index=2||Class=MiniDateRangeItem]/rangeDialog/rangeForm/item[name=dt_ref||title=dt_ref||index=0||Class=DateRangeItem]/dateRangeForm/item[name=fromField||title=From||index=0||Class=RelativeDateItem]/editor/item[name=iconPlaceholder||title=iconPlaceholder||index=2||Class=StaticTextItem]/[icon="chooserIcon"];
waitForElementClickable;scLocator=//autoID[Class=DateChooser||index=17||length=20||classIndex=0||classLength=1]/dateGrid/body/row[Wed=Wed Nov 30 2016 12:00:00 GMT+0100 (W. Europe Standard Time)||4]/col[fieldName=Wed||3];/* Date Chooser and filter */
click;scLocator=//autoID[Class=DateChooser||index=17||length=20||classIndex=0||classLength=1]/dateGrid/body/row[Wed=Wed Nov 30 2016 12:00:00 GMT+0100 (W. Europe Standard Time)||4]/col[fieldName=Wed||3];
waitForElementClickable;scLocator=//Portlet[ID="liquidity_items_tab_2"]/item[0][Class="ListGrid"]/filterEditor/editRowForm/item[name=dt_ref||title=Date%20ref.||value=[object Object]||index=2||Class=MiniDateRangeItem]/rangeDialog/rangeForm/item[name=dt_ref||title=dt_ref||value=[object Object]||index=0||Class=DateRangeItem]/dateRangeForm/item[name=toField||title=To||index=1||Class=RelativeDateItem]/editor/item[name=iconPlaceholder||title=iconPlaceholder||index=2||Class=StaticTextItem]/[icon="chooserIcon"];
click;scLocator=//Portlet[ID="liquidity_items_tab_2"]/item[0][Class="ListGrid"]/filterEditor/editRowForm/item[name=dt_ref||title=Date%20ref.||value=[object Object]||index=2||Class=MiniDateRangeItem]/rangeDialog/rangeForm/item[name=dt_ref||title=dt_ref||value=[object Object]||index=0||Class=DateRangeItem]/dateRangeForm/item[name=toField||title=To||index=1||Class=RelativeDateItem]/editor/item[name=iconPlaceholder||title=iconPlaceholder||index=2||Class=StaticTextItem]/[icon="chooserIcon"];
waitForElementClickable;scLocator=//autoID[Class=DateChooser||index=23||length=26||classIndex=1||classLength=2]/nextMonthButton/;
click;scLocator=//autoID[Class=DateChooser||index=23||length=26||classIndex=1||classLength=2]/nextMonthButton/;
waitForElementClickable;scLocator=//autoID[Class=DateChooser||index=23||length=26||classIndex=1||classLength=2]/dateGrid/body/row[Thu=Thu Dec 01 2016 12:00:00 GMT+0100 (W. Europe Standard Time)||0]/col[fieldName=Thu||4];
click;scLocator=//autoID[Class=DateChooser||index=23||length=26||classIndex=1||classLength=2]/dateGrid/body/row[Thu=Thu Dec 01 2016 12:00:00 GMT+0100 (W. Europe Standard Time)||0]/col[fieldName=Thu||4];
waitForElementClickable;scLocator=//Portlet[ID="liquidity_items_tab_2"]/item[0][Class="ListGrid"]/filterEditor/editRowForm/item[name=dt_ref||title=Date%20ref.||value=[object Object]||index=2||Class=MiniDateRangeItem]/rangeDialog/okButton/;
click;scLocator=//Portlet[ID="liquidity_items_tab_2"]/item[0][Class="ListGrid"]/filterEditor/editRowForm/item[name=dt_ref||title=Date%20ref.||value=[object Object]||index=2||Class=MiniDateRangeItem]/rangeDialog/okButton/;
waitForElementClickable;scLocator=//Portlet[ID="liquidity_items_tab_2"]/item[0][Class="ListGrid"]/filterEditor/editRowForm/item[name=dt_ref||title=Date%20ref.||index=2||Class=MiniDateRangeItem]/rangeDialog/rangeForm/item[name=dt_ref||title=dt_ref||index=0||Class=DateRangeItem]/dateRangeForm/item[name=fromField||title=From||index=0||Class=RelativeDateItem]/editor/item[name=iconPlaceholder||title=iconPlaceholder||index=2||Class=StaticTextItem]/[icon="chooserIcon"];
click;scLocator=//Portlet[ID="liquidity_items_tab_2"]/item[0][Class="ListGrid"]/filterEditor/editRowForm/item[name=dt_ref||title=Date%20ref.||index=2||Class=MiniDateRangeItem]/rangeDialog/rangeForm/item[name=dt_ref||title=dt_ref||index=0||Class=DateRangeItem]/dateRangeForm/item[name=fromField||title=From||index=0||Class=RelativeDateItem]/editor/item[name=iconPlaceholder||title=iconPlaceholder||index=2||Class=StaticTextItem]/[icon="chooserIcon"];
waitForElementClickable;scLocator=//autoID[Class=DateChooser||index=17||length=20||classIndex=0||classLength=1]/dateGrid/body/row[Wed=Wed Nov 30 2016 12:00:00 GMT+0100 (W. Europe Standard Time)||4]/col[fieldName=Wed||3];
click;scLocator=//autoID[Class=DateChooser||index=17||length=20||classIndex=0||classLength=1]/dateGrid/body/row[Wed=Wed Nov 30 2016 12:00:00 GMT+0100 (W. Europe Standard Time)||4]/col[fieldName=Wed||3];
waitForElementClickable;scLocator=//Portlet[ID="liquidity_items_tab_2"]/item[0][Class="ListGrid"]/filterEditor/editRowForm/item[name=dt_ref||title=Date%20ref.||value=[object Object]||index=2||Class=MiniDateRangeItem]/rangeDialog/rangeForm/item[name=dt_ref||title=dt_ref||value=[object Object]||index=0||Class=DateRangeItem]/dateRangeForm/item[name=toField||title=To||index=1||Class=RelativeDateItem]/editor/item[name=iconPlaceholder||title=iconPlaceholder||index=2||Class=StaticTextItem]/[icon="chooserIcon"];
click;scLocator=//Portlet[ID="liquidity_items_tab_2"]/item[0][Class="ListGrid"]/filterEditor/editRowForm/item[name=dt_ref||title=Date%20ref.||value=[object Object]||index=2||Class=MiniDateRangeItem]/rangeDialog/rangeForm/item[name=dt_ref||title=dt_ref||value=[object Object]||index=0||Class=DateRangeItem]/dateRangeForm/item[name=toField||title=To||index=1||Class=RelativeDateItem]/editor/item[name=iconPlaceholder||title=iconPlaceholder||index=2||Class=StaticTextItem]/[icon="chooserIcon"];
waitForElementClickable;scLocator=//autoID[Class=DateChooser||index=23||length=26||classIndex=1||classLength=2]/nextMonthButton/;
click;scLocator=//autoID[Class=DateChooser||index=23||length=26||classIndex=1||classLength=2]/nextMonthButton/;
waitForElementClickable;scLocator=//autoID[Class=DateChooser||index=23||length=26||classIndex=1||classLength=2]/dateGrid/body/row[Thu=Thu Dec 01 2016 12:00:00 GMT+0100 (W. Europe Standard Time)||0]/col[fieldName=Thu||4];
click;scLocator=//autoID[Class=DateChooser||index=23||length=26||classIndex=1||classLength=2]/dateGrid/body/row[Thu=Thu Dec 01 2016 12:00:00 GMT+0100 (W. Europe Standard Time)||0]/col[fieldName=Thu||4];
waitForElementClickable;scLocator=//Portlet[ID="liquidity_items_tab_2"]/item[0][Class="ListGrid"]/filterEditor/editRowForm/item[name=dt_ref||title=Date%20ref.||value=[object Object]||index=2||Class=MiniDateRangeItem]/rangeDialog/okButton/;
click;scLocator=//Portlet[ID="liquidity_items_tab_2"]/item[0][Class="ListGrid"]/filterEditor/editRowForm/item[name=dt_ref||title=Date%20ref.||value=[object Object]||index=2||Class=MiniDateRangeItem]/rangeDialog/okButton/;
waitForElementClickable;scLocator=//Portlet[ID="liquidity_items_tab_2"]/item[0][Class="ListGrid"]/filterEditor/editRowForm/item[name=dt_ref||title=Date%20ref.||value=[object Object]||index=2||Class=MiniDateRangeItem]/rangeDialog/modalMask/;
click;scLocator=//Portlet[ID="liquidity_items_tab_2"]/item[0][Class="ListGrid"]/filterEditor/editRowForm/item[name=dt_ref||title=Date%20ref.||value=[object Object]||index=2||Class=MiniDateRangeItem]/rangeDialog/modalMask/;
waitForElementClickable;scLocator=//Portlet[ID="liquidity_items_tab_2"]/item[0][Class="ListGrid"]/filterEditor/editRowForm/item[name=dt_ref||title=Date%20ref.||value=[object Object]||index=2||Class=MiniDateRangeItem]/rangeDialog/cancelButton/;
click;scLocator=//Portlet[ID="liquidity_items_tab_2"]/item[0][Class="ListGrid"]/filterEditor/editRowForm/item[name=dt_ref||title=Date%20ref.||value=[object Object]||index=2||Class=MiniDateRangeItem]/rangeDialog/cancelButton/;
waitForElementClickable;scLocator=//Portlet[ID="liquidity_items_tab_2"]/item[0][Class="ListGrid"]/filterEditor/editRowForm/item[name=item_name||title=Item%20name||index=1||Class=TextItem]/element;
click;scLocator=//Portlet[ID="liquidity_items_tab_2"]/item[0][Class="ListGrid"]/filterEditor/editRowForm/item[name=item_name||title=Item%20name||index=1||Class=TextItem]/element;
waitForElementClickable;scLocator=//Portlet[ID="liquidity_items_tab_2"]/item[0][Class="ListGrid"]/filterEditor/editRowForm/item[name=dt_ref||title=Date%20ref.||value=[object Object]||index=2||Class=MiniDateRangeItem]/[icon="showDateRange"];
click;scLocator=//Portlet[ID="liquidity_items_tab_2"]/item[0][Class="ListGrid"]/filterEditor/editRowForm/item[name=dt_ref||title=Date%20ref.||value=[object Object]||index=2||Class=MiniDateRangeItem]/[icon="showDateRange"];
waitForElementClickable;scLocator=//Portlet[ID="liquidity_items_tab_2"]/item[0][Class="ListGrid"]/filterEditor/editRowForm/item[name=dt_ref||title=Date%20ref.||value=[object Object]||index=2||Class=MiniDateRangeItem]/rangeDialog/rangeForm/item[name=dt_ref||title=dt_ref||value=[object Object]||index=0||Class=DateRangeItem]/dateRangeForm/item[name=toField||title=To||value=Tue Jan 12 2016 12:00:00 GMT+0100 (W. Europe Standard Time)||index=1||Class=RelativeDateItem]/editor/item[name=valueField||title=valueField||value=12%24fs%2401%24fs%242016||index=0||Class=ComboBoxItem]/element;
click;scLocator=//Portlet[ID="liquidity_items_tab_2"]/item[0][Class="ListGrid"]/filterEditor/editRowForm/item[name=dt_ref||title=Date%20ref.||value=[object Object]||index=2||Class=MiniDateRangeItem]/rangeDialog/rangeForm/item[name=dt_ref||title=dt_ref||value=[object Object]||index=0||Class=DateRangeItem]/dateRangeForm/item[name=toField||title=To||value=Tue Jan 12 2016 12:00:00 GMT+0100 (W. Europe Standard Time)||index=1||Class=RelativeDateItem]/editor/item[name=valueField||title=valueField||value=12%24fs%2401%24fs%242016||index=0||Class=ComboBoxItem]/element;
waitForElementClickable;scLocator=//Portlet[ID="liquidity_items_tab_2"]/item[0][Class="ListGrid"]/filterEditor/editRowForm/item[name=dt_ref||title=Date%20ref.||value=[object Object]||index=2||Class=MiniDateRangeItem]/rangeDialog/rangeForm/item[name=dt_ref||title=dt_ref||value=[object Object]||index=0||Class=DateRangeItem]/dateRangeForm/item[name=toField||title=To||value=Fri Dec 01 2017 12:00:00 GMT+0100 (W. Europe Standard Time)||index=1||Class=RelativeDateItem]/editor/item[name=iconPlaceholder||title=iconPlaceholder||index=2||Class=StaticTextItem]/[icon="chooserIcon"];
click;scLocator=//Portlet[ID="liquidity_items_tab_2"]/item[0][Class="ListGrid"]/filterEditor/editRowForm/item[name=dt_ref||title=Date%20ref.||value=[object Object]||index=2||Class=MiniDateRangeItem]/rangeDialog/rangeForm/item[name=dt_ref||title=dt_ref||value=[object Object]||index=0||Class=DateRangeItem]/dateRangeForm/item[name=toField||title=To||value=Fri Dec 01 2017 12:00:00 GMT+0100 (W. Europe Standard Time)||index=1||Class=RelativeDateItem]/editor/item[name=iconPlaceholder||title=iconPlaceholder||index=2||Class=StaticTextItem]/[icon="chooserIcon"];
waitForElementClickable;scLocator=//Portlet[ID="liquidity_items_tab_2"]/item[0][Class="ListGrid"]/filterEditor/editRowForm/item[name=dt_ref||title=Date%20ref.||value=[object Object]||index=2||Class=MiniDateRangeItem]/rangeDialog/rangeForm/item[name=dt_ref||title=dt_ref||value=[object Object]||index=0||Class=DateRangeItem]/dateRangeForm/item[name=toField||title=To||value=Fri Dec 01 2017 12:00:00 GMT+0100 (W. Europe Standard Time)||index=1||Class=RelativeDateItem]/editor/item[name=valueField||title=valueField||value=12%24fs%2401%24fs%242017||index=0||Class=ComboBoxItem]/element;/* List Grid filterEditor, editRow field */
type;scLocator=//Portlet[ID="liquidity_items_tab_2"]/item[0][Class="ListGrid"]/filterEditor/editRowForm/item[name=dt_ref||title=Date%20ref.||value=[object Object]||index=2||Class=MiniDateRangeItem]/rangeDialog/rangeForm/item[name=dt_ref||title=dt_ref||value=[object Object]||index=0||Class=DateRangeItem]/dateRangeForm/item[name=toField||title=To||value=Fri Dec 01 2017 12:00:00 GMT+0100 (W. Europe Standard Time)||index=1||Class=RelativeDateItem]/editor/item[name=valueField||title=valueField||value=12%24fs%2401%24fs%242017||index=0||Class=ComboBoxItem]/element;12/01/2017
waitForElementClickable;scLocator=//autoID[Class=DateChooser||index=23||length=26||classIndex=1||classLength=2]/nextMonthButton/;
click;scLocator=//autoID[Class=DateChooser||index=23||length=26||classIndex=1||classLength=2]/nextMonthButton/;
waitForElementClickable;scLocator=//autoID[Class=DateChooser||index=23||length=26||classIndex=1||classLength=2]/previousYearButton/;
click;scLocator=//autoID[Class=DateChooser||index=23||length=26||classIndex=1||classLength=2]/previousYearButton/;
waitForElementClickable;scLocator=//autoID[Class=DateChooser||index=23||length=26||classIndex=1||classLength=2]/previousYearButton/;
click;scLocator=//autoID[Class=DateChooser||index=23||length=26||classIndex=1||classLength=2]/previousYearButton/;
waitForElementClickable;scLocator=//autoID[Class=DateChooser||index=23||length=26||classIndex=1||classLength=2]/nextMonthButton/;
click;scLocator=//autoID[Class=DateChooser||index=23||length=26||classIndex=1||classLength=2]/nextMonthButton/;
waitForElementClickable;scLocator=//autoID[Class=DateChooser||index=23||length=26||classIndex=1||classLength=2]/nextMonthButton/;
click;scLocator=//autoID[Class=DateChooser||index=23||length=26||classIndex=1||classLength=2]/nextMonthButton/;
waitForElementClickable;scLocator=//autoID[Class=DateChooser||index=23||length=26||classIndex=1||classLength=2]/nextMonthButton/;
secondClick;scLocator=//autoID[Class=DateChooser||index=23||length=26||classIndex=1||classLength=2]/nextMonthButton/;
waitForElementClickable;scLocator=//autoID[Class=DateChooser||index=23||length=26||classIndex=1||classLength=2]/nextMonthButton/;
click;scLocator=//autoID[Class=DateChooser||index=23||length=26||classIndex=1||classLength=2]/nextMonthButton/;
waitForElementClickable;scLocator=//autoID[Class=DateChooser||index=23||length=26||classIndex=1||classLength=2]/nextMonthButton/;
click;scLocator=//autoID[Class=DateChooser||index=23||length=26||classIndex=1||classLength=2]/nextMonthButton/;
waitForElementClickable;scLocator=//autoID[Class=DateChooser||index=23||length=26||classIndex=1||classLength=2]/nextMonthButton/;
secondClick;scLocator=//autoID[Class=DateChooser||index=23||length=26||classIndex=1||classLength=2]/nextMonthButton/;
waitForElementClickable;scLocator=//autoID[Class=DateChooser||index=23||length=26||classIndex=1||classLength=2]/todayButton/;
click;scLocator=//autoID[Class=DateChooser||index=23||length=26||classIndex=1||classLength=2]/todayButton/;
waitForElementClickable;scLocator=//Portlet[ID="liquidity_items_tab_2"]/item[0][Class="ListGrid"]/filterEditor/editRowForm/item[name=dt_ref||title=Date%20ref.||value=[object Object]||index=2||Class=MiniDateRangeItem]/rangeDialog/rangeForm/item[name=dt_ref||title=dt_ref||value=[object Object]||index=0||Class=DateRangeItem]/dateRangeForm/item[name=toField||title=To||value=30%24fs%2411%24fs%242016||index=1||Class=RelativeDateItem]/editor/item[name=iconPlaceholder||title=iconPlaceholder||index=2||Class=StaticTextItem]/[icon="chooserIcon"];
click;scLocator=//Portlet[ID="liquidity_items_tab_2"]/item[0][Class="ListGrid"]/filterEditor/editRowForm/item[name=dt_ref||title=Date%20ref.||value=[object Object]||index=2||Class=MiniDateRangeItem]/rangeDialog/rangeForm/item[name=dt_ref||title=dt_ref||value=[object Object]||index=0||Class=DateRangeItem]/dateRangeForm/item[name=toField||title=To||value=30%24fs%2411%24fs%242016||index=1||Class=RelativeDateItem]/editor/item[name=iconPlaceholder||title=iconPlaceholder||index=2||Class=StaticTextItem]/[icon="chooserIcon"];
waitForElementClickable;scLocator=//autoID[Class=DateChooser||index=23||length=26||classIndex=1||classLength=2]/nextMonthButton/;
click;scLocator=//autoID[Class=DateChooser||index=23||length=26||classIndex=1||classLength=2]/nextMonthButton/;
waitForElementClickable;scLocator=//autoID[Class=DateChooser||index=23||length=26||classIndex=1||classLength=2]/nextMonthButton/;
click;scLocator=//autoID[Class=DateChooser||index=23||length=26||classIndex=1||classLength=2]/nextMonthButton/;
waitForElementClickable;scLocator=//autoID[Class=DateChooser||index=23||length=26||classIndex=1||classLength=2]/dateGrid/body/row[Mon=Mon Jan 02 2017 12:00:00 GMT+0100 (W. Europe Standard Time)||0]/col[fieldName=Mon||1];
click;scLocator=//autoID[Class=DateChooser||index=23||length=26||classIndex=1||classLength=2]/dateGrid/body/row[Mon=Mon Jan 02 2017 12:00:00 GMT+0100 (W. Europe Standard Time)||0]/col[fieldName=Mon||1];
waitForElementClickable;scLocator=//Portlet[ID="liquidity_items_tab_2"]/item[0][Class="ListGrid"]/filterEditor/editRowForm/item[name=dt_ref||title=Date%20ref.||value=[object Object]||index=2||Class=MiniDateRangeItem]/rangeDialog/okButton/;
click;scLocator=//Portlet[ID="liquidity_items_tab_2"]/item[0][Class="ListGrid"]/filterEditor/editRowForm/item[name=dt_ref||title=Date%20ref.||value=[object Object]||index=2||Class=MiniDateRangeItem]/rangeDialog/okButton/;
waitForElementClickable;scLocator=//Portlet[ID="liquidity_items_tab_2"]/item[0][Class="ListGrid"]/filterEditor/editRowForm/item[name=dt_ref||title=Date%20ref.||value=[object Object]||index=2||Class=MiniDateRangeItem]/rangeDialog/okButton/;
click;scLocator=//Portlet[ID="liquidity_items_tab_2"]/item[0][Class="ListGrid"]/filterEditor/editRowForm/item[name=dt_ref||title=Date%20ref.||value=[object Object]||index=2||Class=MiniDateRangeItem]/rangeDialog/okButton/;
waitForElementClickable;scLocator=//Portlet[ID="liquidity_items_tab_2"]/item[0][Class="ListGrid"]/filterEditor/editRowForm/item[name=dt_ref||title=Date%20ref.||value=[object Object]||index=2||Class=MiniDateRangeItem]/rangeDialog/okButton/;
click;scLocator=//Portlet[ID="liquidity_items_tab_2"]/item[0][Class="ListGrid"]/filterEditor/editRowForm/item[name=dt_ref||title=Date%20ref.||value=[object Object]||index=2||Class=MiniDateRangeItem]/rangeDialog/okButton/;
waitForElementClickable;scLocator=//Portlet[ID="liquidity_items_tab_2"]/item[0][Class="ListGrid"]/filterEditor/editRowForm/item[name=dt_ref||title=Date%20ref.||value=[object Object]||index=2||Class=MiniDateRangeItem]/rangeDialog/okButton/;
click;scLocator=//Portlet[ID="liquidity_items_tab_2"]/item[0][Class="ListGrid"]/filterEditor/editRowForm/item[name=dt_ref||title=Date%20ref.||value=[object Object]||index=2||Class=MiniDateRangeItem]/rangeDialog/okButton/;
waitForElementClickable;scLocator=//Portlet[ID="liquidity_items_tab_2"]/item[0][Class="ListGrid"]/filterEditor/editRowForm/item[name=dt_ref||title=Date%20ref.||value=[object Object]||index=2||Class=MiniDateRangeItem]/rangeDialog/okButton/;
click;scLocator=//Portlet[ID="liquidity_items_tab_2"]/item[0][Class="ListGrid"]/filterEditor/editRowForm/item[name=dt_ref||title=Date%20ref.||value=[object Object]||index=2||Class=MiniDateRangeItem]/rangeDialog/okButton/;
waitForElementClickable;scLocator=//Portlet[ID="liquidity_items_tab_2"]/item[0][Class="ListGrid"]/filterEditor/editRowForm/item[name=dt_ref||title=Date%20ref.||value=[object Object]||index=2||Class=MiniDateRangeItem]/rangeDialog/okButton/;
click;scLocator=//Portlet[ID="liquidity_items_tab_2"]/item[0][Class="ListGrid"]/filterEditor/editRowForm/item[name=dt_ref||title=Date%20ref.||value=[object Object]||index=2||Class=MiniDateRangeItem]/rangeDialog/okButton/;
waitForElementClickable;scLocator=//Portlet[ID="liquidity_items_tab_2"]/item[0][Class="ListGrid"]/filterEditor/editRowForm/item[name=dt_ref||title=Date%20ref.||value=[object Object]||index=2||Class=MiniDateRangeItem]/rangeDialog/okButton/;
click;scLocator=//Portlet[ID="liquidity_items_tab_2"]/item[0][Class="ListGrid"]/filterEditor/editRowForm/item[name=dt_ref||title=Date%20ref.||value=[object Object]||index=2||Class=MiniDateRangeItem]/rangeDialog/okButton/;
waitForElementClickable;scLocator=//Portlet[ID="liquidity_items_tab_2"]/item[0][Class="ListGrid"]/filterEditor/editRowForm/item[name=dt_ref||title=Date%20ref.||value=[object Object]||index=2||Class=MiniDateRangeItem]/rangeDialog/okButton/;
click;scLocator=//Portlet[ID="liquidity_items_tab_2"]/item[0][Class="ListGrid"]/filterEditor/editRowForm/item[name=dt_ref||title=Date%20ref.||value=[object Object]||index=2||Class=MiniDateRangeItem]/rangeDialog/okButton/;
waitForElementClickable;scLocator=//Portlet[ID="liquidity_items_tab_2"]/item[0][Class="ListGrid"]/filterEditor/editRowForm/item[name=dt_ref||title=Date%20ref.||value=[object Object]||index=2||Class=MiniDateRangeItem]/rangeDialog/rangeForm/item[name=dt_ref||title=dt_ref||value=[object Object]||index=0||Class=DateRangeItem]/dateRangeForm/item[name=fromField||title=From||value=30%24fs%2411%24fs%242016||index=0||Class=RelativeDateItem]/editor/item[name=iconPlaceholder||title=iconPlaceholder||index=2||Class=StaticTextItem]/[icon="chooserIcon"];
click;scLocator=//Portlet[ID="liquidity_items_tab_2"]/item[0][Class="ListGrid"]/filterEditor/editRowForm/item[name=dt_ref||title=Date%20ref.||value=[object Object]||index=2||Class=MiniDateRangeItem]/rangeDialog/rangeForm/item[name=dt_ref||title=dt_ref||value=[object Object]||index=0||Class=DateRangeItem]/dateRangeForm/item[name=fromField||title=From||value=30%24fs%2411%24fs%242016||index=0||Class=RelativeDateItem]/editor/item[name=iconPlaceholder||title=iconPlaceholder||index=2||Class=StaticTextItem]/[icon="chooserIcon"];
waitForElementClickable;scLocator=//autoID[Class=DateChooser||index=17||length=20||classIndex=0||classLength=1]/dateGrid/body/row[Wed=Wed Nov 30 2016 12:00:00 GMT+0100 (W. Europe Standard Time)||4]/col[fieldName=Wed||3];
click;scLocator=//autoID[Class=DateChooser||index=17||length=20||classIndex=0||classLength=1]/dateGrid/body/row[Wed=Wed Nov 30 2016 12:00:00 GMT+0100 (W. Europe Standard Time)||4]/col[fieldName=Wed||3];
waitForElementClickable;scLocator=//Portlet[ID="liquidity_items_tab_2"]/item[0][Class="ListGrid"]/filterEditor/editRowForm/item[name=dt_ref||title=Date%20ref.||value=[object Object]||index=2||Class=MiniDateRangeItem]/rangeDialog/okButton/;
click;scLocator=//Portlet[ID="liquidity_items_tab_2"]/item[0][Class="ListGrid"]/filterEditor/editRowForm/item[name=dt_ref||title=Date%20ref.||value=[object Object]||index=2||Class=MiniDateRangeItem]/rangeDialog/okButton/;
waitForElementClickable;scLocator=//Portlet[ID="liquidity_items_tab_2"]/item[0][Class="ListGrid"]/filterEditor/editRowForm/item[name=dt_ref||title=Date%20ref.||value=[object Object]||index=2||Class=MiniDateRangeItem]/rangeDialog/okButton/;
click;scLocator=//Portlet[ID="liquidity_items_tab_2"]/item[0][Class="ListGrid"]/filterEditor/editRowForm/item[name=dt_ref||title=Date%20ref.||value=[object Object]||index=2||Class=MiniDateRangeItem]/rangeDialog/okButton/;
waitForElementClickable;scLocator=//Portlet[ID="liquidity_items_tab_2"]/item[0][Class="ListGrid"]/filterEditor/editRowForm/item[name=dt_ref||title=Date%20ref.||value=[object Object]||index=2||Class=MiniDateRangeItem]/rangeDialog/okButton/;
click;scLocator=//Portlet[ID="liquidity_items_tab_2"]/item[0][Class="ListGrid"]/filterEditor/editRowForm/item[name=dt_ref||title=Date%20ref.||value=[object Object]||index=2||Class=MiniDateRangeItem]/rangeDialog/okButton/;
waitForElementClickable;scLocator=//Portlet[ID="liquidity_items_tab_2"]/item[0][Class="ListGrid"]/filterEditor/editRowForm/item[name=dt_ref||title=Date%20ref.||value=[object Object]||index=2||Class=MiniDateRangeItem]/rangeDialog/okButton/;
click;scLocator=//Portlet[ID="liquidity_items_tab_2"]/item[0][Class="ListGrid"]/filterEditor/editRowForm/item[name=dt_ref||title=Date%20ref.||value=[object Object]||index=2||Class=MiniDateRangeItem]/rangeDialog/okButton/;
waitForElementClickable;scLocator=//Portlet[ID="liquidity_items_tab_2"]/item[0][Class="ListGrid"]/filterEditor/editRowForm/item[name=dt_ref||title=Date%20ref.||value=[object Object]||index=2||Class=MiniDateRangeItem]/rangeDialog/modalMask/;
click;scLocator=//Portlet[ID="liquidity_items_tab_2"]/item[0][Class="ListGrid"]/filterEditor/editRowForm/item[name=dt_ref||title=Date%20ref.||value=[object Object]||index=2||Class=MiniDateRangeItem]/rangeDialog/modalMask/;
waitForElementClickable;scLocator=//Portlet[ID="liquidity_items_tab_2"]/item[0][Class="ListGrid"]/filterEditor/editRowForm/item[name=dt_ref||title=Date%20ref.||value=[object Object]||index=2||Class=MiniDateRangeItem]/rangeDialog/okButton/;
click;scLocator=//Portlet[ID="liquidity_items_tab_2"]/item[0][Class="ListGrid"]/filterEditor/editRowForm/item[name=dt_ref||title=Date%20ref.||value=[object Object]||index=2||Class=MiniDateRangeItem]/rangeDialog/okButton/;
waitForElementClickable;scLocator=//Portlet[ID="liquidity_items_tab_2"]/item[0][Class="ListGrid"]/filterEditor/editRowForm/item[name=dt_ref||title=Date%20ref.||value=[object Object]||index=2||Class=MiniDateRangeItem]/rangeDialog/okButton/;
click;scLocator=//Portlet[ID="liquidity_items_tab_2"]/item[0][Class="ListGrid"]/filterEditor/editRowForm/item[name=dt_ref||title=Date%20ref.||value=[object Object]||index=2||Class=MiniDateRangeItem]/rangeDialog/okButton/;
waitForElementClickable;scLocator=//Portlet[ID="liquidity_items_tab_2"]/item[0][Class="ListGrid"]/filterEditor/editRowForm/item[name=dt_ref||title=Date%20ref.||value=[object Object]||index=2||Class=MiniDateRangeItem]/rangeDialog/okButton/;
click;scLocator=//Portlet[ID="liquidity_items_tab_2"]/item[0][Class="ListGrid"]/filterEditor/editRowForm/item[name=dt_ref||title=Date%20ref.||value=[object Object]||index=2||Class=MiniDateRangeItem]/rangeDialog/okButton/;
waitForElementClickable;scLocator=//Portlet[ID="liquidity_items_tab_2"]/item[0][Class="ListGrid"]/filterEditor/editRowForm/item[name=dt_ref||title=Date%20ref.||value=[object Object]||index=2||Class=MiniDateRangeItem]/rangeDialog/modalMask/;
click;scLocator=//Portlet[ID="liquidity_items_tab_2"]/item[0][Class="ListGrid"]/filterEditor/editRowForm/item[name=dt_ref||title=Date%20ref.||value=[object Object]||index=2||Class=MiniDateRangeItem]/rangeDialog/modalMask/;
waitForElementClickable;scLocator=//Portlet[ID="liquidity_items_tab_2"]/item[0][Class="ListGrid"]/filterEditor/editRowForm/item[name=dt_ref||title=Date%20ref.||value=[object Object]||index=2||Class=MiniDateRangeItem]/rangeDialog/modalMask/;
click;scLocator=//Portlet[ID="liquidity_items_tab_2"]/item[0][Class="ListGrid"]/filterEditor/editRowForm/item[name=dt_ref||title=Date%20ref.||value=[object Object]||index=2||Class=MiniDateRangeItem]/rangeDialog/modalMask/;
waitForElementClickable;scLocator=//Portlet[ID="liquidity_items_tab_2"]/item[0][Class="ListGrid"]/filterEditor/editRowForm/item[name=dt_ref||title=Date%20ref.||value=[object Object]||index=2||Class=MiniDateRangeItem]/rangeDialog/modalMask/;
click;scLocator=//Portlet[ID="liquidity_items_tab_2"]/item[0][Class="ListGrid"]/filterEditor/editRowForm/item[name=dt_ref||title=Date%20ref.||value=[object Object]||index=2||Class=MiniDateRangeItem]/rangeDialog/modalMask/;
waitForElementClickable;scLocator=//Portlet[ID="liquidity_items_tab_2"]/item[0][Class="ListGrid"]/filterEditor/editRowForm/item[name=dt_ref||title=Date%20ref.||value=[object Object]||index=2||Class=MiniDateRangeItem]/rangeDialog/cancelButton/;
click;scLocator=//Portlet[ID="liquidity_items_tab_2"]/item[0][Class="ListGrid"]/filterEditor/editRowForm/item[name=dt_ref||title=Date%20ref.||value=[object Object]||index=2||Class=MiniDateRangeItem]/rangeDialog/cancelButton/;
waitForElementClickable;scLocator=//Portlet[ID="liquidity_items_tab_2"]/item[0][Class="ListGrid"]/filterEditor/editRowForm/item[name=dt_ref||title=Date%20ref.||value=[object Object]||index=2||Class=MiniDateRangeItem]/[icon="showDateRange"];
click;scLocator=//Portlet[ID="liquidity_items_tab_2"]/item[0][Class="ListGrid"]/filterEditor/editRowForm/item[name=dt_ref||title=Date%20ref.||value=[object Object]||index=2||Class=MiniDateRangeItem]/[icon="showDateRange"];
waitForElementClickable;scLocator=//Portlet[ID="liquidity_items_tab_2"]/item[0][Class="ListGrid"]/filterEditor/editRowForm/item[name=dt_ref||title=Date%20ref.||value=[object Object]||index=2||Class=MiniDateRangeItem]/rangeDialog/clearButton/;
click;scLocator=//Portlet[ID="liquidity_items_tab_2"]/item[0][Class="ListGrid"]/filterEditor/editRowForm/item[name=dt_ref||title=Date%20ref.||value=[object Object]||index=2||Class=MiniDateRangeItem]/rangeDialog/clearButton/;
waitForElementClickable;scLocator=//Portlet[ID="liquidity_items_tab_2"]/item[0][Class="ListGrid"]/filterEditor/editRowForm/item[name=dt_ref||title=Date%20ref.||index=2||Class=MiniDateRangeItem]/rangeDialog/okButton/;
click;scLocator=//Portlet[ID="liquidity_items_tab_2"]/item[0][Class="ListGrid"]/filterEditor/editRowForm/item[name=dt_ref||title=Date%20ref.||index=2||Class=MiniDateRangeItem]/rangeDialog/okButton/;
waitForElementClickable;scLocator=//Portlet[ID="liquidity_items_tab_2"]/item[0][Class="ListGrid"]/filterEditor/editRowForm/item[name=item_name||title=Item%20name||index=1||Class=TextItem]/element;
click;scLocator=//Portlet[ID="liquidity_items_tab_2"]/item[0][Class="ListGrid"]/filterEditor/editRowForm/item[name=item_name||title=Item%20name||index=1||Class=TextItem]/element;
waitForElementClickable;scLocator=//Portlet[ID="liquidity_items_tab_2"]/item[0][Class="ListGrid"]/filterEditor/editRowForm/item[name=item_name||title=Item%20name||index=1||Class=TextItem]/element;
click;scLocator=//Portlet[ID="liquidity_items_tab_2"]/item[0][Class="ListGrid"]/filterEditor/editRowForm/item[name=item_name||title=Item%20name||index=1||Class=TextItem]/element;
waitForElementClickable;scLocator=//Portlet[ID="liquidity_items_tab_2"]/item[0][Class="ListGrid"]/filterEditor/editRowForm/item[name=item_name||title=Item%20name||index=1||Class=TextItem]/element;
click;scLocator=//Portlet[ID="liquidity_items_tab_2"]/item[0][Class="ListGrid"]/filterEditor/editRowForm/item[name=item_name||title=Item%20name||index=1||Class=TextItem]/element;
waitForElementClickable;scLocator=//Portlet[ID="liquidity_items_tab_2"]/item[0][Class="ListGrid"]/filterEditor/editRowForm/item[name=item_name||title=Item%20name||index=1||Class=TextItem]/element;
click;scLocator=//Portlet[ID="liquidity_items_tab_2"]/item[0][Class="ListGrid"]/filterEditor/editRowForm/item[name=item_name||title=Item%20name||index=1||Class=TextItem]/element;
waitForElementReadyForKeyPresses;scLocator=//Portlet[ID="liquidity_items_tab_2"]/item[0][Class="ListGrid"]/filterEditor/editRowForm/item[name=item_name||title=Item%20name||index=1||Class=TextItem]/element;
sendKeys;scLocator=//Portlet[ID="liquidity_items_tab_2"]/item[0][Class="ListGrid"]/filterEditor/editRowForm/item[name=item_name||title=Item%20name||index=1||Class=TextItem]/element;${KEY_TAB}
blur;scLocator=//Portlet[ID="liquidity_items_tab_2"]/item[0][Class="ListGrid"]/filterEditor/editRowForm/item[name=item_name||title=Item%20name||index=1||Class=TextItem]/element;
waitForElementClickable;scLocator=//Portlet[ID="liquidity_items_tab_2"]/item[0][Class="ListGrid"]/filterEditor/editRowForm/item[name=dt_ref||title=Date%20ref.||index=2||Class=MiniDateRangeItem]/[icon="showDateRange"];
focus;scLocator=//Portlet[ID="liquidity_items_tab_2"]/item[0][Class="ListGrid"]/filterEditor/editRowForm/item[name=dt_ref||title=Date%20ref.||index=2||Class=MiniDateRangeItem]/[icon="showDateRange"];true
waitForElementClickable;scLocator=//Portlet[ID="liquidity_items_tab_2"]/item[0][Class="ListGrid"]/filterEditor/editRowForm/item[name=dt_ref||title=Date%20ref.||index=2||Class=MiniDateRangeItem]/[icon="showDateRange"];
sendKeys;scLocator=//Portlet[ID="liquidity_items_tab_2"]/item[0][Class="ListGrid"]/filterEditor/editRowForm/item[name=dt_ref||title=Date%20ref.||index=2||Class=MiniDateRangeItem]/[icon="showDateRange"];${KEY_TAB}
blur;scLocator=//Portlet[ID="liquidity_items_tab_2"]/item[0][Class="ListGrid"]/filterEditor/editRowForm/item[name=dt_ref||title=Date%20ref.||index=2||Class=MiniDateRangeItem]/[icon="showDateRange"];
waitForElementClickable;scLocator=//Portlet[ID="liquidity_items_tab_2"]/item[0][Class="ListGrid"]/filterEditor/editRowForm/item[name=cash_amount||title=Cash%20amount||index=3||Class=FloatItem]/element;/* List Grid filterEditor, editRow Cash Amount - true */
focus;scLocator=//Portlet[ID="liquidity_items_tab_2"]/item[0][Class="ListGrid"]/filterEditor/editRowForm/item[name=cash_amount||title=Cash%20amount||index=3||Class=FloatItem]/element;true
waitForElementClickable;scLocator=//Portlet[ID="liquidity_items_tab_2"]/item[0][Class="ListGrid"]/filterEditor/editRowForm/item[name=cash_amount||title=Cash%20amount||index=3||Class=FloatItem]/element;
click;scLocator=//Portlet[ID="liquidity_items_tab_2"]/item[0][Class="ListGrid"]/filterEditor/editRowForm/item[name=cash_amount||title=Cash%20amount||index=3||Class=FloatItem]/element;
waitForElementClickable;scLocator=//Portlet[ID="liquidity_items_tab_2"]/item[0][Class="ListGrid"]/filterEditor/editRowForm/item[name=cash_amount||title=Cash%20amount||value=%3E10||index=3||Class=FloatItem]/element;/* List Grid filterEditor, editRow Cash Amount > 10 */
type;scLocator=//Portlet[ID="liquidity_items_tab_2"]/item[0][Class="ListGrid"]/filterEditor/editRowForm/item[name=cash_amount||title=Cash%20amount||value=%3E10||index=3||Class=FloatItem]/element;>10
waitForElementClickable;scLocator=//Portlet[ID="liquidity_items_tab_2"]/item[0][Class="ListGrid"]/filterEditor/actionButton/icon;
click;scLocator=//Portlet[ID="liquidity_items_tab_2"]/item[0][Class="ListGrid"]/filterEditor/actionButton/icon;
waitForElementClickable;scLocator=//Portlet[ID="liquidity_items_tab_2"]/item[0][Class="ListGrid"]/filterEditor/editRowForm/item[name=cash_amount||title=Cash%20amount||value=%3E10||index=3||Class=FloatItem]/element;
click;scLocator=//Portlet[ID="liquidity_items_tab_2"]/item[0][Class="ListGrid"]/filterEditor/editRowForm/item[name=cash_amount||title=Cash%20amount||value=%3E10||index=3||Class=FloatItem]/element;
waitForElementClickable;scLocator=//Portlet[ID="liquidity_items_tab_2"]/item[0][Class="ListGrid"]/body/row[groupTitle=Margin%20imbalances||cash_amount=471765351.93||1]/col[fieldName=cash_amount||3];
click;scLocator=//Portlet[ID="liquidity_items_tab_2"]/item[0][Class="ListGrid"]/body/row[groupTitle=Margin%20imbalances||cash_amount=471765351.93||1]/col[fieldName=cash_amount||3];
waitForElementClickable;scLocator=//Portlet[ID="liquidity_items_tab_2"]/item[0][Class="ListGrid"]/body/row[dt_ref=2016_10_29||groupTitle=29%24fs%2411%24fs%242016||2]/col[fieldName=groupTitle||0];
click;scLocator=//Portlet[ID="liquidity_items_tab_2"]/item[0][Class="ListGrid"]/body/row[dt_ref=2016_10_29||groupTitle=29%24fs%2411%24fs%242016||2]/col[fieldName=groupTitle||0];
waitForElementClickable;scLocator=//Portlet[ID="liquidity_items_tab_2"]/item[0][Class="ListGrid"]/body/row[groupTitle=Margin%20imbalances||3]/col[fieldName=groupTitle||0];
click;scLocator=//Portlet[ID="liquidity_items_tab_2"]/item[0][Class="ListGrid"]/body/row[groupTitle=Margin%20imbalances||3]/col[fieldName=groupTitle||0];
waitForElementClickable;scLocator=//Portlet[ID="liquidity_items_tab_2"]/item[0][Class="ListGrid"]/body/row[item_id=EodCshCll||dt_ref=Tue Nov 29 2016 12:00:00 GMT+0100 (W. Europe Standard Time)||cash_amount=64327327.62||4]/col[fieldName=cash_amount||3];
click;scLocator=//Portlet[ID="liquidity_items_tab_2"]/item[0][Class="ListGrid"]/body/row[item_id=EodCshCll||dt_ref=Tue Nov 29 2016 12:00:00 GMT+0100 (W. Europe Standard Time)||cash_amount=64327327.62||4]/col[fieldName=cash_amount||3];
waitForElementClickable;scLocator=//Portlet[ID="liquidity_items_tab_2"]/item[0][Class="ListGrid"]/body/row[item_id=EodCshCll||dt_ref=Tue Nov 29 2016 12:00:00 GMT+0100 (W. Europe Standard Time)||cash_amount=64327327.62||4]/col[fieldName=cash_amount||3];
contextMenu;scLocator=//Portlet[ID="liquidity_items_tab_2"]/item[0][Class="ListGrid"]/body/row[item_id=EodCshCll||dt_ref=Tue Nov 29 2016 12:00:00 GMT+0100 (W. Europe Standard Time)||cash_amount=64327327.62||4]/col[fieldName=cash_amount||3];
waitForElementClickable;scLocator=//Menu[level=0]/body/row[title=Copy||0]/col[fieldName=title||1];
click;scLocator=//Menu[level=0]/body/row[title=Copy||0]/col[fieldName=title||1];
waitForElementClickable;scLocator=//autoID[Class=Dialog||index=282||length=284||classIndex=0||classLength=1||roleIndex=0||roleLength=1||title=Copy%20Cells||scRole=alertdialog]/item[0][Class="DynamicForm"]/item[name=textArea||title=textArea||value=%2264327327.62%22||index=1||Class=TextAreaItem]/element;
click;scLocator=//autoID[Class=Dialog||index=282||length=284||classIndex=0||classLength=1||roleIndex=0||roleLength=1||title=Copy%20Cells||scRole=alertdialog]/item[0][Class="DynamicForm"]/item[name=textArea||title=textArea||value=%2264327327.62%22||index=1||Class=TextAreaItem]/element;
waitForElementClickable;scLocator=//autoID[Class=Dialog||index=282||length=284||classIndex=0||classLength=1||roleIndex=0||roleLength=1||title=Copy%20Cells||scRole=alertdialog]/item[0][Class="DynamicForm"]/item[name=done||title=Done||index=2||Class=ButtonItem]/button/;
click;scLocator=//autoID[Class=Dialog||index=282||length=284||classIndex=0||classLength=1||roleIndex=0||roleLength=1||title=Copy%20Cells||scRole=alertdialog]/item[0][Class="DynamicForm"]/item[name=done||title=Done||index=2||Class=ButtonItem]/button/;
waitForElementClickable;scLocator=//Portlet[ID="liquidity_items_tab_2"]/item[0][Class="ListGrid"]/filterEditor/editRowForm/item[name=cash_amount||title=Cash%20amount||value=%3E10||index=3||Class=FloatItem]/element;
click;scLocator=//Portlet[ID="liquidity_items_tab_2"]/item[0][Class="ListGrid"]/filterEditor/editRowForm/item[name=cash_amount||title=Cash%20amount||value=%3E10||index=3||Class=FloatItem]/element;
waitForElementReadyForKeyPresses;scLocator=//Portlet[ID="liquidity_items_tab_2"]/item[0][Class="ListGrid"]/filterEditor/editRowForm/item[name=cash_amount||title=Cash%20amount||value=%2264327327.62||index=3||Class=FloatItem]/element;
sendKeys;scLocator=//Portlet[ID="liquidity_items_tab_2"]/item[0][Class="ListGrid"]/filterEditor/editRowForm/item[name=cash_amount||title=Cash%20amount||value=%2264327327.62||index=3||Class=FloatItem]/element;${KEY_CTRL}${KEY_LEFT}${KEY_CTRL}
waitForElementReadyForKeyPresses;scLocator=//Portlet[ID="liquidity_items_tab_2"]/item[0][Class="ListGrid"]/filterEditor/editRowForm/item[name=cash_amount||title=Cash%20amount||value=%2264327327.62||index=3||Class=FloatItem]/element;
sendKeys;scLocator=//Portlet[ID="liquidity_items_tab_2"]/item[0][Class="ListGrid"]/filterEditor/editRowForm/item[name=cash_amount||title=Cash%20amount||value=%2264327327.62||index=3||Class=FloatItem]/element;${KEY_CTRL}${KEY_LEFT}${KEY_CTRL}
waitForElementReadyForKeyPresses;scLocator=//Portlet[ID="liquidity_items_tab_2"]/item[0][Class="ListGrid"]/filterEditor/editRowForm/item[name=cash_amount||title=Cash%20amount||value=%3E64327327.62||index=3||Class=FloatItem]/element;
sendKeys;scLocator=//Portlet[ID="liquidity_items_tab_2"]/item[0][Class="ListGrid"]/filterEditor/editRowForm/item[name=cash_amount||title=Cash%20amount||value=%3E64327327.62||index=3||Class=FloatItem]/element;${KEY_ENTER}
waitForElementClickable;scLocator=//Portlet[ID="liquidity_items_tab_2"]/item[0][Class="ListGrid"]/filterEditor/editRowForm/item[name=cash_amount||title=Cash%20amount||value=%3E64327327.62||index=3||Class=FloatItem]/element;
type;scLocator=//Portlet[ID="liquidity_items_tab_2"]/item[0][Class="ListGrid"]/filterEditor/editRowForm/item[name=cash_amount||title=Cash%20amount||value=%3E64327327.62||index=3||Class=FloatItem]/element;>64327327.62
waitForElementReadyForKeyPresses;scLocator=//Portlet[ID="liquidity_items_tab_2"]/item[0][Class="ListGrid"]/filterEditor/editRowForm/item[name=cash_amount||title=Cash%20amount||value=%3E64327327.62||index=3||Class=FloatItem]/element;
sendKeys;scLocator=//Portlet[ID="liquidity_items_tab_2"]/item[0][Class="ListGrid"]/filterEditor/editRowForm/item[name=cash_amount||title=Cash%20amount||value=%3E64327327.62||index=3||Class=FloatItem]/element;${KEY_RIGHT}
waitForElementReadyForKeyPresses;scLocator=//Portlet[ID="liquidity_items_tab_2"]/item[0][Class="ListGrid"]/filterEditor/editRowForm/item[name=cash_amount||title=Cash%20amount||value=%3E64327327.62||index=3||Class=FloatItem]/element;
sendKeys;scLocator=//Portlet[ID="liquidity_items_tab_2"]/item[0][Class="ListGrid"]/filterEditor/editRowForm/item[name=cash_amount||title=Cash%20amount||value=%3E64327327.62||index=3||Class=FloatItem]/element;${KEY_RIGHT}
waitForElementReadyForKeyPresses;scLocator=//Portlet[ID="liquidity_items_tab_2"]/item[0][Class="ListGrid"]/filterEditor/editRowForm/item[name=cash_amount||title=Cash%20amount||value=%3E64327327.62||index=3||Class=FloatItem]/element;
sendKeys;scLocator=//Portlet[ID="liquidity_items_tab_2"]/item[0][Class="ListGrid"]/filterEditor/editRowForm/item[name=cash_amount||title=Cash%20amount||value=%3E64327327.62||index=3||Class=FloatItem]/element;${KEY_RIGHT}
waitForElementReadyForKeyPresses;scLocator=//Portlet[ID="liquidity_items_tab_2"]/item[0][Class="ListGrid"]/filterEditor/editRowForm/item[name=cash_amount||title=Cash%20amount||value=%3E64327327.62||index=3||Class=FloatItem]/element;
sendKeys;scLocator=//Portlet[ID="liquidity_items_tab_2"]/item[0][Class="ListGrid"]/filterEditor/editRowForm/item[name=cash_amount||title=Cash%20amount||value=%3E64327327.62||index=3||Class=FloatItem]/element;${KEY_RIGHT}
waitForElementReadyForKeyPresses;scLocator=//Portlet[ID="liquidity_items_tab_2"]/item[0][Class="ListGrid"]/filterEditor/editRowForm/item[name=cash_amount||title=Cash%20amount||value=%3E64327327.62||index=3||Class=FloatItem]/element;
sendKeys;scLocator=//Portlet[ID="liquidity_items_tab_2"]/item[0][Class="ListGrid"]/filterEditor/editRowForm/item[name=cash_amount||title=Cash%20amount||value=%3E64327327.62||index=3||Class=FloatItem]/element;${KEY_RIGHT}
waitForElementReadyForKeyPresses;scLocator=//Portlet[ID="liquidity_items_tab_2"]/item[0][Class="ListGrid"]/filterEditor/editRowForm/item[name=cash_amount||title=Cash%20amount||value=%3E64327327.62||index=3||Class=FloatItem]/element;
sendKeys;scLocator=//Portlet[ID="liquidity_items_tab_2"]/item[0][Class="ListGrid"]/filterEditor/editRowForm/item[name=cash_amount||title=Cash%20amount||value=%3E64327327.62||index=3||Class=FloatItem]/element;${KEY_RIGHT}
waitForElementReadyForKeyPresses;scLocator=//Portlet[ID="liquidity_items_tab_2"]/item[0][Class="ListGrid"]/filterEditor/editRowForm/item[name=cash_amount||title=Cash%20amount||value=%3E64327327.62||index=3||Class=FloatItem]/element;
sendKeys;scLocator=//Portlet[ID="liquidity_items_tab_2"]/item[0][Class="ListGrid"]/filterEditor/editRowForm/item[name=cash_amount||title=Cash%20amount||value=%3E64327327.62||index=3||Class=FloatItem]/element;${KEY_RIGHT}
waitForElementReadyForKeyPresses;scLocator=//Portlet[ID="liquidity_items_tab_2"]/item[0][Class="ListGrid"]/filterEditor/editRowForm/item[name=cash_amount||title=Cash%20amount||value=%3E64327327.62||index=3||Class=FloatItem]/element;
sendKeys;scLocator=//Portlet[ID="liquidity_items_tab_2"]/item[0][Class="ListGrid"]/filterEditor/editRowForm/item[name=cash_amount||title=Cash%20amount||value=%3E64327327.62||index=3||Class=FloatItem]/element;${KEY_RIGHT}
waitForElementReadyForKeyPresses;scLocator=//Portlet[ID="liquidity_items_tab_2"]/item[0][Class="ListGrid"]/filterEditor/editRowForm/item[name=cash_amount||title=Cash%20amount||value=%3E64327327.62||index=3||Class=FloatItem]/element;
sendKeys;scLocator=//Portlet[ID="liquidity_items_tab_2"]/item[0][Class="ListGrid"]/filterEditor/editRowForm/item[name=cash_amount||title=Cash%20amount||value=%3E64327327.62||index=3||Class=FloatItem]/element;${KEY_RIGHT}
waitForElementReadyForKeyPresses;scLocator=//Portlet[ID="liquidity_items_tab_2"]/item[0][Class="ListGrid"]/filterEditor/editRowForm/item[name=cash_amount||title=Cash%20amount||value=%3E64327327.62||index=3||Class=FloatItem]/element;
sendKeys;scLocator=//Portlet[ID="liquidity_items_tab_2"]/item[0][Class="ListGrid"]/filterEditor/editRowForm/item[name=cash_amount||title=Cash%20amount||value=%3E64327327.62||index=3||Class=FloatItem]/element;${KEY_RIGHT}
waitForElementReadyForKeyPresses;scLocator=//Portlet[ID="liquidity_items_tab_2"]/item[0][Class="ListGrid"]/filterEditor/editRowForm/item[name=cash_amount||title=Cash%20amount||value=%3E64327327.62||index=3||Class=FloatItem]/element;
sendKeys;scLocator=//Portlet[ID="liquidity_items_tab_2"]/item[0][Class="ListGrid"]/filterEditor/editRowForm/item[name=cash_amount||title=Cash%20amount||value=%3E64327327.62||index=3||Class=FloatItem]/element;${KEY_RIGHT}
waitForElementReadyForKeyPresses;scLocator=//Portlet[ID="liquidity_items_tab_2"]/item[0][Class="ListGrid"]/filterEditor/editRowForm/item[name=cash_amount||title=Cash%20amount||value=%3E64327327.6200000||index=3||Class=FloatItem]/element;
sendKeys;scLocator=//Portlet[ID="liquidity_items_tab_2"]/item[0][Class="ListGrid"]/filterEditor/editRowForm/item[name=cash_amount||title=Cash%20amount||value=%3E64327327.6200000||index=3||Class=FloatItem]/element;${KEY_ENTER}
waitForElementClickable;scLocator=//Portlet[ID="liquidity_items_tab_2"]/item[0][Class="ListGrid"]/filterEditor/editRowForm/item[name=cash_amount||title=Cash%20amount||value=%3E64327327.6200000||index=3||Class=FloatItem]/element;/* List Grid filterEditor, editRow Cash Amount - greater than */
type;scLocator=//Portlet[ID="liquidity_items_tab_2"]/item[0][Class="ListGrid"]/filterEditor/editRowForm/item[name=cash_amount||title=Cash%20amount||value=%3E64327327.6200000||index=3||Class=FloatItem]/element;>64327327.6200000
waitForElementReadyForKeyPresses;scLocator=//Portlet[ID="liquidity_items_tab_2"]/item[0][Class="ListGrid"]/filterEditor/editRowForm/item[name=cash_amount||title=Cash%20amount||value=%3E64327327.6200000||index=3||Class=FloatItem]/element;
sendKeys;scLocator=//Portlet[ID="liquidity_items_tab_2"]/item[0][Class="ListGrid"]/filterEditor/editRowForm/item[name=cash_amount||title=Cash%20amount||value=%3E64327327.6200000||index=3||Class=FloatItem]/element;${KEY_ENTER}
waitForElementClickable;scLocator=//Portlet[ID="liquidity_items_tab_2"]/item[0][Class="ListGrid"]/filterEditor/actionButton/icon;
click;scLocator=//Portlet[ID="liquidity_items_tab_2"]/item[0][Class="ListGrid"]/filterEditor/actionButton/icon;
waitForElementClickable;scLocator=//Portlet[ID="liquidity_items_tab_2"]/item[0][Class="ListGrid"]/filterEditor/actionButton/icon;
click;scLocator=//Portlet[ID="liquidity_items_tab_2"]/item[0][Class="ListGrid"]/filterEditor/actionButton/icon;
waitForElementClickable;scLocator=//Portlet[ID="liquidity_items_tab_2"]/item[0][Class="ListGrid"]/filterEditor/actionButton/icon;
click;scLocator=//Portlet[ID="liquidity_items_tab_2"]/item[0][Class="ListGrid"]/filterEditor/actionButton/icon;
waitForElementClickable;scLocator=//Portlet[ID="liquidity_items_tab_2"]/item[0][Class="ListGrid"]/filterEditor/actionButton/icon;
click;scLocator=//Portlet[ID="liquidity_items_tab_2"]/item[0][Class="ListGrid"]/filterEditor/actionButton/icon;
waitForElementClickable;scLocator=//Portlet[ID="liquidity_items_tab_2"]/item[0][Class="ListGrid"]/filterEditor/actionButton/icon;
click;scLocator=//Portlet[ID="liquidity_items_tab_2"]/item[0][Class="ListGrid"]/filterEditor/actionButton/icon;
waitForElementClickable;scLocator=//Portlet[ID="liquidity_items_tab_2"]/item[0][Class="ListGrid"]/filterEditor/editRowForm/item[name=cash_amount||title=Cash%20amount||value=%3E64327327.6200000||index=3||Class=FloatItem]/element;
click;scLocator=//Portlet[ID="liquidity_items_tab_2"]/item[0][Class="ListGrid"]/filterEditor/editRowForm/item[name=cash_amount||title=Cash%20amount||value=%3E64327327.6200000||index=3||Class=FloatItem]/element;
waitForElementReadyForKeyPresses;scLocator=//Portlet[ID="liquidity_items_tab_2"]/item[0][Class="ListGrid"]/filterEditor/editRowForm/item[name=cash_amount||title=Cash%20amount||value=%3E64327327.62||index=3||Class=FloatItem]/element;
sendKeys;scLocator=//Portlet[ID="liquidity_items_tab_2"]/item[0][Class="ListGrid"]/filterEditor/editRowForm/item[name=cash_amount||title=Cash%20amount||value=%3E64327327.62||index=3||Class=FloatItem]/element;${KEY_LEFT}
waitForElementReadyForKeyPresses;scLocator=//Portlet[ID="liquidity_items_tab_2"]/item[0][Class="ListGrid"]/filterEditor/editRowForm/item[name=cash_amount||title=Cash%20amount||value=%3E64327327.62||index=3||Class=FloatItem]/element;
sendKeys;scLocator=//Portlet[ID="liquidity_items_tab_2"]/item[0][Class="ListGrid"]/filterEditor/editRowForm/item[name=cash_amount||title=Cash%20amount||value=%3E64327327.62||index=3||Class=FloatItem]/element;${KEY_LEFT}
waitForElementReadyForKeyPresses;scLocator=//Portlet[ID="liquidity_items_tab_2"]/item[0][Class="ListGrid"]/filterEditor/editRowForm/item[name=cash_amount||title=Cash%20amount||value=%3E64327327.62||index=3||Class=FloatItem]/element;
sendKeys;scLocator=//Portlet[ID="liquidity_items_tab_2"]/item[0][Class="ListGrid"]/filterEditor/editRowForm/item[name=cash_amount||title=Cash%20amount||value=%3E64327327.62||index=3||Class=FloatItem]/element;${KEY_LEFT}
waitForElementClickable;scLocator=//Portlet[ID="liquidity_items_tab_2"]/item[0][Class="ListGrid"]/filterEditor/editRowForm/item[name=cash_amount||title=Cash%20amount||value=%3E643273270000.62||index=3||Class=FloatItem]/element;
type;scLocator=//Portlet[ID="liquidity_items_tab_2"]/item[0][Class="ListGrid"]/filterEditor/editRowForm/item[name=cash_amount||title=Cash%20amount||value=%3E643273270000.62||index=3||Class=FloatItem]/element;>643273270000.62
waitForElementClickable;scLocator=//Portlet[ID="liquidity_items_tab_2"]/item[0][Class="ListGrid"]/filterEditor/actionButton/;
click;scLocator=//Portlet[ID="liquidity_items_tab_2"]/item[0][Class="ListGrid"]/filterEditor/actionButton/;
waitForElementClickable;scLocator=//Portlet[ID="liquidity_items_tab_2"]/item[0][Class="ListGrid"]/filterEditor/editRowForm/item[name=cash_amount||title=Cash%20amount||value=%3E643273270000.62||index=3||Class=FloatItem]/element;
click;scLocator=//Portlet[ID="liquidity_items_tab_2"]/item[0][Class="ListGrid"]/filterEditor/editRowForm/item[name=cash_amount||title=Cash%20amount||value=%3E643273270000.62||index=3||Class=FloatItem]/element;
waitForElementReadyForKeyPresses;scLocator=//Portlet[ID="liquidity_items_tab_2"]/item[0][Class="ListGrid"]/filterEditor/editRowForm/item[name=cash_amount||title=Cash%20amount||value=%3E643273270000.62||index=3||Class=FloatItem]/element;
sendKeys;scLocator=//Portlet[ID="liquidity_items_tab_2"]/item[0][Class="ListGrid"]/filterEditor/editRowForm/item[name=cash_amount||title=Cash%20amount||value=%3E643273270000.62||index=3||Class=FloatItem]/element;${KEY_CTRL}${KEY_LEFT}${KEY_CTRL}
waitForElementReadyForKeyPresses;scLocator=//Portlet[ID="liquidity_items_tab_2"]/item[0][Class="ListGrid"]/filterEditor/editRowForm/item[name=cash_amount||title=Cash%20amount||value=%3E643273270000.62||index=3||Class=FloatItem]/element;
sendKeys;scLocator=//Portlet[ID="liquidity_items_tab_2"]/item[0][Class="ListGrid"]/filterEditor/editRowForm/item[name=cash_amount||title=Cash%20amount||value=%3E643273270000.62||index=3||Class=FloatItem]/element;${KEY_CTRL}${KEY_LEFT}${KEY_CTRL}
waitForElementReadyForKeyPresses;scLocator=//Portlet[ID="liquidity_items_tab_2"]/item[0][Class="ListGrid"]/filterEditor/editRowForm/item[name=cash_amount||title=Cash%20amount||value=%3E643273270000.62||index=3||Class=FloatItem]/element;
sendKeys;scLocator=//Portlet[ID="liquidity_items_tab_2"]/item[0][Class="ListGrid"]/filterEditor/editRowForm/item[name=cash_amount||title=Cash%20amount||value=%3E643273270000.62||index=3||Class=FloatItem]/element;${KEY_CTRL}${KEY_LEFT}${KEY_CTRL}
waitForElementReadyForKeyPresses;scLocator=//Portlet[ID="liquidity_items_tab_2"]/item[0][Class="ListGrid"]/filterEditor/editRowForm/item[name=cash_amount||title=Cash%20amount||value=%3C643273270000.62||index=3||Class=FloatItem]/element;
sendKeys;scLocator=//Portlet[ID="liquidity_items_tab_2"]/item[0][Class="ListGrid"]/filterEditor/editRowForm/item[name=cash_amount||title=Cash%20amount||value=%3C643273270000.62||index=3||Class=FloatItem]/element;${KEY_RIGHT}
waitForElementReadyForKeyPresses;scLocator=//Portlet[ID="liquidity_items_tab_2"]/item[0][Class="ListGrid"]/filterEditor/editRowForm/item[name=cash_amount||title=Cash%20amount||value=%3C643273270000.62||index=3||Class=FloatItem]/element;
sendKeys;scLocator=//Portlet[ID="liquidity_items_tab_2"]/item[0][Class="ListGrid"]/filterEditor/editRowForm/item[name=cash_amount||title=Cash%20amount||value=%3C643273270000.62||index=3||Class=FloatItem]/element;${KEY_LEFT}
waitForElementReadyForKeyPresses;scLocator=//Portlet[ID="liquidity_items_tab_2"]/item[0][Class="ListGrid"]/filterEditor/editRowForm/item[name=cash_amount||title=Cash%20amount||value=%3C643273270000.62||index=3||Class=FloatItem]/element;
sendKeys;scLocator=//Portlet[ID="liquidity_items_tab_2"]/item[0][Class="ListGrid"]/filterEditor/editRowForm/item[name=cash_amount||title=Cash%20amount||value=%3C643273270000.62||index=3||Class=FloatItem]/element;${KEY_RIGHT}
waitForElementReadyForKeyPresses;scLocator=//Portlet[ID="liquidity_items_tab_2"]/item[0][Class="ListGrid"]/filterEditor/editRowForm/item[name=cash_amount||title=Cash%20amount||value=%3C643273270000.62||index=3||Class=FloatItem]/element;
sendKeys;scLocator=//Portlet[ID="liquidity_items_tab_2"]/item[0][Class="ListGrid"]/filterEditor/editRowForm/item[name=cash_amount||title=Cash%20amount||value=%3C643273270000.62||index=3||Class=FloatItem]/element;${KEY_RIGHT}
waitForElementReadyForKeyPresses;scLocator=//Portlet[ID="liquidity_items_tab_2"]/item[0][Class="ListGrid"]/filterEditor/editRowForm/item[name=cash_amount||title=Cash%20amount||value=%3C643273270000.62||index=3||Class=FloatItem]/element;
sendKeys;scLocator=//Portlet[ID="liquidity_items_tab_2"]/item[0][Class="ListGrid"]/filterEditor/editRowForm/item[name=cash_amount||title=Cash%20amount||value=%3C643273270000.62||index=3||Class=FloatItem]/element;${KEY_RIGHT}
waitForElementReadyForKeyPresses;scLocator=//Portlet[ID="liquidity_items_tab_2"]/item[0][Class="ListGrid"]/filterEditor/editRowForm/item[name=cash_amount||title=Cash%20amount||value=%3C643273270000.62||index=3||Class=FloatItem]/element;
sendKeys;scLocator=//Portlet[ID="liquidity_items_tab_2"]/item[0][Class="ListGrid"]/filterEditor/editRowForm/item[name=cash_amount||title=Cash%20amount||value=%3C643273270000.62||index=3||Class=FloatItem]/element;${KEY_RIGHT}
waitForElementReadyForKeyPresses;scLocator=//Portlet[ID="liquidity_items_tab_2"]/item[0][Class="ListGrid"]/filterEditor/editRowForm/item[name=cash_amount||title=Cash%20amount||value=%3C643273270000.62||index=3||Class=FloatItem]/element;
sendKeys;scLocator=//Portlet[ID="liquidity_items_tab_2"]/item[0][Class="ListGrid"]/filterEditor/editRowForm/item[name=cash_amount||title=Cash%20amount||value=%3C643273270000.62||index=3||Class=FloatItem]/element;${KEY_SHIFT}${KEY_RIGHT}${KEY_SHIFT}
waitForElementReadyForKeyPresses;scLocator=//Portlet[ID="liquidity_items_tab_2"]/item[0][Class="ListGrid"]/filterEditor/editRowForm/item[name=cash_amount||title=Cash%20amount||value=%3C643273270000.62||index=3||Class=FloatItem]/element;
sendKeys;scLocator=//Portlet[ID="liquidity_items_tab_2"]/item[0][Class="ListGrid"]/filterEditor/editRowForm/item[name=cash_amount||title=Cash%20amount||value=%3C643273270000.62||index=3||Class=FloatItem]/element;${KEY_SHIFT}${KEY_RIGHT}${KEY_SHIFT}
waitForElementReadyForKeyPresses;scLocator=//Portlet[ID="liquidity_items_tab_2"]/item[0][Class="ListGrid"]/filterEditor/editRowForm/item[name=cash_amount||title=Cash%20amount||value=%3C643273270000.62||index=3||Class=FloatItem]/element;
sendKeys;scLocator=//Portlet[ID="liquidity_items_tab_2"]/item[0][Class="ListGrid"]/filterEditor/editRowForm/item[name=cash_amount||title=Cash%20amount||value=%3C643273270000.62||index=3||Class=FloatItem]/element;${KEY_SHIFT}${KEY_RIGHT}${KEY_SHIFT}
waitForElementReadyForKeyPresses;scLocator=//Portlet[ID="liquidity_items_tab_2"]/item[0][Class="ListGrid"]/filterEditor/editRowForm/item[name=cash_amount||title=Cash%20amount||value=%3C643273270000.62||index=3||Class=FloatItem]/element;
sendKeys;scLocator=//Portlet[ID="liquidity_items_tab_2"]/item[0][Class="ListGrid"]/filterEditor/editRowForm/item[name=cash_amount||title=Cash%20amount||value=%3C643273270000.62||index=3||Class=FloatItem]/element;${KEY_SHIFT}${KEY_RIGHT}${KEY_SHIFT}
waitForElementReadyForKeyPresses;scLocator=//Portlet[ID="liquidity_items_tab_2"]/item[0][Class="ListGrid"]/filterEditor/editRowForm/item[name=cash_amount||title=Cash%20amount||value=%3C643273270000.62||index=3||Class=FloatItem]/element;
sendKeys;scLocator=//Portlet[ID="liquidity_items_tab_2"]/item[0][Class="ListGrid"]/filterEditor/editRowForm/item[name=cash_amount||title=Cash%20amount||value=%3C643273270000.62||index=3||Class=FloatItem]/element;${KEY_SHIFT}${KEY_RIGHT}${KEY_SHIFT}
waitForElementReadyForKeyPresses;scLocator=//Portlet[ID="liquidity_items_tab_2"]/item[0][Class="ListGrid"]/filterEditor/editRowForm/item[name=cash_amount||title=Cash%20amount||value=%3C643273270000.62||index=3||Class=FloatItem]/element;
sendKeys;scLocator=//Portlet[ID="liquidity_items_tab_2"]/item[0][Class="ListGrid"]/filterEditor/editRowForm/item[name=cash_amount||title=Cash%20amount||value=%3C643273270000.62||index=3||Class=FloatItem]/element;${KEY_SHIFT}${KEY_RIGHT}${KEY_SHIFT}
waitForElementReadyForKeyPresses;scLocator=//Portlet[ID="liquidity_items_tab_2"]/item[0][Class="ListGrid"]/filterEditor/editRowForm/item[name=cash_amount||title=Cash%20amount||value=%3C643273270000.62||index=3||Class=FloatItem]/element;
sendKeys;scLocator=//Portlet[ID="liquidity_items_tab_2"]/item[0][Class="ListGrid"]/filterEditor/editRowForm/item[name=cash_amount||title=Cash%20amount||value=%3C643273270000.62||index=3||Class=FloatItem]/element;${KEY_SHIFT}${KEY_RIGHT}${KEY_SHIFT}
waitForElementReadyForKeyPresses;scLocator=//Portlet[ID="liquidity_items_tab_2"]/item[0][Class="ListGrid"]/filterEditor/editRowForm/item[name=cash_amount||title=Cash%20amount||value=%3C643273270000.62||index=3||Class=FloatItem]/element;
sendKeys;scLocator=//Portlet[ID="liquidity_items_tab_2"]/item[0][Class="ListGrid"]/filterEditor/editRowForm/item[name=cash_amount||title=Cash%20amount||value=%3C643273270000.62||index=3||Class=FloatItem]/element;${KEY_SHIFT}${KEY_RIGHT}${KEY_SHIFT}
waitForElementReadyForKeyPresses;scLocator=//Portlet[ID="liquidity_items_tab_2"]/item[0][Class="ListGrid"]/filterEditor/editRowForm/item[name=cash_amount||title=Cash%20amount||value=%3C643273270000.62||index=3||Class=FloatItem]/element;
sendKeys;scLocator=//Portlet[ID="liquidity_items_tab_2"]/item[0][Class="ListGrid"]/filterEditor/editRowForm/item[name=cash_amount||title=Cash%20amount||value=%3C643273270000.62||index=3||Class=FloatItem]/element;${KEY_SHIFT}${KEY_RIGHT}${KEY_SHIFT}
waitForElementReadyForKeyPresses;scLocator=//Portlet[ID="liquidity_items_tab_2"]/item[0][Class="ListGrid"]/filterEditor/editRowForm/item[name=cash_amount||title=Cash%20amount||value=%3C643273270000.62||index=3||Class=FloatItem]/element;
sendKeys;scLocator=//Portlet[ID="liquidity_items_tab_2"]/item[0][Class="ListGrid"]/filterEditor/editRowForm/item[name=cash_amount||title=Cash%20amount||value=%3C643273270000.62||index=3||Class=FloatItem]/element;${KEY_SHIFT}${KEY_RIGHT}${KEY_SHIFT}
waitForElementReadyForKeyPresses;scLocator=//Portlet[ID="liquidity_items_tab_2"]/item[0][Class="ListGrid"]/filterEditor/editRowForm/item[name=cash_amount||title=Cash%20amount||value=%3C643273270000.62||index=3||Class=FloatItem]/element;
sendKeys;scLocator=//Portlet[ID="liquidity_items_tab_2"]/item[0][Class="ListGrid"]/filterEditor/editRowForm/item[name=cash_amount||title=Cash%20amount||value=%3C643273270000.62||index=3||Class=FloatItem]/element;${KEY_SHIFT}${KEY_RIGHT}${KEY_SHIFT}
waitForElementReadyForKeyPresses;scLocator=//Portlet[ID="liquidity_items_tab_2"]/item[0][Class="ListGrid"]/filterEditor/editRowForm/item[name=cash_amount||title=Cash%20amount||value=%3C6432||index=3||Class=FloatItem]/element;
sendKeys;scLocator=//Portlet[ID="liquidity_items_tab_2"]/item[0][Class="ListGrid"]/filterEditor/editRowForm/item[name=cash_amount||title=Cash%20amount||value=%3C6432||index=3||Class=FloatItem]/element;${KEY_ENTER}
waitForElementClickable;scLocator=//Portlet[ID="liquidity_items_tab_2"]/item[0][Class="ListGrid"]/filterEditor/editRowForm/item[name=cash_amount||title=Cash%20amount||value=%3C6432||index=3||Class=FloatItem]/element;
type;scLocator=//Portlet[ID="liquidity_items_tab_2"]/item[0][Class="ListGrid"]/filterEditor/editRowForm/item[name=cash_amount||title=Cash%20amount||value=%3C6432||index=3||Class=FloatItem]/element;<6432
waitForElementReadyForKeyPresses;scLocator=//Portlet[ID="liquidity_items_tab_2"]/item[0][Class="ListGrid"]/filterEditor/editRowForm/item[name=cash_amount||title=Cash%20amount||value=%3C643||index=3||Class=FloatItem]/element;
sendKeys;scLocator=//Portlet[ID="liquidity_items_tab_2"]/item[0][Class="ListGrid"]/filterEditor/editRowForm/item[name=cash_amount||title=Cash%20amount||value=%3C643||index=3||Class=FloatItem]/element;${KEY_ENTER}
waitForElementClickable;scLocator=//Portlet[ID="liquidity_items_tab_2"]/item[0][Class="ListGrid"]/filterEditor/editRowForm/item[name=cash_amount||title=Cash%20amount||value=%3C643||index=3||Class=FloatItem]/element;/* List Grid filterEditor, editRow Cash Amount - less than */
type;scLocator=//Portlet[ID="liquidity_items_tab_2"]/item[0][Class="ListGrid"]/filterEditor/editRowForm/item[name=cash_amount||title=Cash%20amount||value=%3C643||index=3||Class=FloatItem]/element;<643
waitForElementClickable;scLocator=//Portlet[ID="liquidity_items_tab_2"]/item[0][Class="ListGrid"]/filterEditor/actionButton/icon;
click;scLocator=//Portlet[ID="liquidity_items_tab_2"]/item[0][Class="ListGrid"]/filterEditor/actionButton/icon;
waitForElementClickable;scLocator=//Portlet[ID="liquidity_items_tab_2"]/item[0][Class="ListGrid"]/filterEditor/actionButton/icon;
click;scLocator=//Portlet[ID="liquidity_items_tab_2"]/item[0][Class="ListGrid"]/filterEditor/actionButton/icon;
waitForElementClickable;scLocator=//Portlet[ID="liquidity_items_tab_2"]/item[0][Class="ListGrid"]/filterEditor/actionButton/icon;
click;scLocator=//Portlet[ID="liquidity_items_tab_2"]/item[0][Class="ListGrid"]/filterEditor/actionButton/icon;
waitForElementClickable;scLocator=//Portlet[ID="liquidity_items_tab_2"]/item[0][Class="ListGrid"]/filterEditor/actionButton/icon;
click;scLocator=//Portlet[ID="liquidity_items_tab_2"]/item[0][Class="ListGrid"]/filterEditor/actionButton/icon;
waitForElementClickable;scLocator=//Portlet[ID="liquidity_items_tab_2"]/item[0][Class="ListGrid"]/filterEditor/actionButton/icon;
click;scLocator=//Portlet[ID="liquidity_items_tab_2"]/item[0][Class="ListGrid"]/filterEditor/actionButton/icon;
waitForElementClickable;scLocator=//Portlet[ID="liquidity_items_tab_2"]/item[0][Class="ListGrid"]/filterEditor/editRowForm/item[name=cash_amount||title=Cash%20amount||value=%3C643||index=3||Class=FloatItem]/element;
click;scLocator=//Portlet[ID="liquidity_items_tab_2"]/item[0][Class="ListGrid"]/filterEditor/editRowForm/item[name=cash_amount||title=Cash%20amount||value=%3C643||index=3||Class=FloatItem]/element;
waitForElementClickable;scLocator=//Portlet[ID="liquidity_items_tab_2"]/item[0][Class="ListGrid"]/filterEditor/actionButton/icon;
click;scLocator=//Portlet[ID="liquidity_items_tab_2"]/item[0][Class="ListGrid"]/filterEditor/actionButton/icon;
waitForElementClickable;scLocator=//Portlet[ID="liquidity_items_tab_2"]/item[0][Class="ListGrid"]/filterEditor/actionButton/icon;
click;scLocator=//Portlet[ID="liquidity_items_tab_2"]/item[0][Class="ListGrid"]/filterEditor/actionButton/icon;
waitForElementClickable;scLocator=//Portlet[ID="liquidity_items_tab_2"]/item[0][Class="ListGrid"]/filterEditor/actionButton/icon;
click;scLocator=//Portlet[ID="liquidity_items_tab_2"]/item[0][Class="ListGrid"]/filterEditor/actionButton/icon;
waitForElementClickable;scLocator=//Portlet[ID="liquidity_items_tab_2"]/item[0][Class="ListGrid"]/filterEditor/actionButton/icon;
click;scLocator=//Portlet[ID="liquidity_items_tab_2"]/item[0][Class="ListGrid"]/filterEditor/actionButton/icon;
waitForElementClickable;scLocator=//Portlet[ID="liquidity_items_tab_2"]/item[0][Class="ListGrid"]/filterEditor/actionButton/icon;
click;scLocator=//Portlet[ID="liquidity_items_tab_2"]/item[0][Class="ListGrid"]/filterEditor/actionButton/icon;
waitForElementClickable;scLocator=//Portlet[ID="liquidity_items_tab_2"]/item[0][Class="ListGrid"]/filterEditor/editRowForm/item[name=cash_amount||title=Cash%20amount||value=%3C643||index=3||Class=FloatItem]/element;
click;scLocator=//Portlet[ID="liquidity_items_tab_2"]/item[0][Class="ListGrid"]/filterEditor/editRowForm/item[name=cash_amount||title=Cash%20amount||value=%3C643||index=3||Class=FloatItem]/element;
waitForElementClickable;scLocator=//Portlet[ID="liquidity_items_tab_2"]/item[0][Class="ListGrid"]/filterEditor/editRowForm/item[name=cash_amount||title=Cash%20amount||value=%3C6430||index=3||Class=FloatItem]/element;
type;scLocator=//Portlet[ID="liquidity_items_tab_2"]/item[0][Class="ListGrid"]/filterEditor/editRowForm/item[name=cash_amount||title=Cash%20amount||value=%3C6430||index=3||Class=FloatItem]/element;<6430
waitForElementClickable;scLocator=//Portlet[ID="liquidity_items_tab_2"]/item[0][Class="ListGrid"]/filterEditor/actionButton/icon;
click;scLocator=//Portlet[ID="liquidity_items_tab_2"]/item[0][Class="ListGrid"]/filterEditor/actionButton/icon;
waitForElementClickable;scLocator=//Portlet[ID="liquidity_items_tab_2"]/item[0][Class="ListGrid"]/filterEditor/actionButton/icon;
click;scLocator=//Portlet[ID="liquidity_items_tab_2"]/item[0][Class="ListGrid"]/filterEditor/actionButton/icon;
waitForElementClickable;scLocator=//Portlet[ID="liquidity_items_tab_2"]/item[0][Class="ListGrid"]/filterEditor/actionButton/icon;
click;scLocator=//Portlet[ID="liquidity_items_tab_2"]/item[0][Class="ListGrid"]/filterEditor/actionButton/icon;
waitForElementClickable;scLocator=//Portlet[ID="liquidity_items_tab_2"]/item[0][Class="ListGrid"]/filterEditor/editRowForm/item[name=cash_amount||title=Cash%20amount||value=%3C6430||index=3||Class=FloatItem]/element;
click;scLocator=//Portlet[ID="liquidity_items_tab_2"]/item[0][Class="ListGrid"]/filterEditor/editRowForm/item[name=cash_amount||title=Cash%20amount||value=%3C6430||index=3||Class=FloatItem]/element;
waitForElementClickable;scLocator=//Portlet[ID="liquidity_items_tab_2"]/item[0][Class="ListGrid"]/filterEditor/editRowForm/item[name=cash_amount||title=Cash%20amount||value=%3C6430000||index=3||Class=FloatItem]/element;
type;scLocator=//Portlet[ID="liquidity_items_tab_2"]/item[0][Class="ListGrid"]/filterEditor/editRowForm/item[name=cash_amount||title=Cash%20amount||value=%3C6430000||index=3||Class=FloatItem]/element;<6430000
waitForElementClickable;scLocator=//Portlet[ID="liquidity_items_tab_2"]/item[0][Class="ListGrid"]/filterEditor/actionButton/icon;
click;scLocator=//Portlet[ID="liquidity_items_tab_2"]/item[0][Class="ListGrid"]/filterEditor/actionButton/icon;
waitForElementClickable;scLocator=//Portlet[ID="liquidity_items_tab_2"]/item[0][Class="ListGrid"]/filterEditor/actionButton/icon;
click;scLocator=//Portlet[ID="liquidity_items_tab_2"]/item[0][Class="ListGrid"]/filterEditor/actionButton/icon;
waitForElementClickable;scLocator=//Portlet[ID="liquidity_items_tab_2"]/item[0][Class="ListGrid"]/filterEditor/actionButton/icon;
click;scLocator=//Portlet[ID="liquidity_items_tab_2"]/item[0][Class="ListGrid"]/filterEditor/actionButton/icon;
waitForElementClickable;scLocator=//Portlet[ID="liquidity_items_tab_2"]/item[0][Class="ListGrid"]/filterEditor/actionButton/icon;
click;scLocator=//Portlet[ID="liquidity_items_tab_2"]/item[0][Class="ListGrid"]/filterEditor/actionButton/icon;
waitForElementClickable;scLocator=//Portlet[ID="liquidity_items_tab_2"]/item[0][Class="ListGrid"]/filterEditor/actionButton/icon;
click;scLocator=//Portlet[ID="liquidity_items_tab_2"]/item[0][Class="ListGrid"]/filterEditor/actionButton/icon;
waitForElementClickable;scLocator=//Portlet[ID="liquidity_items_tab_2"]/item[0][Class="ListGrid"]/body/;
click;scLocator=//Portlet[ID="liquidity_items_tab_2"]/item[0][Class="ListGrid"]/body/;
waitForElementClickable;scLocator=//Portlet[ID="liquidity_items_tab_2"]/item[0][Class="ListGrid"]/filterEditor/editRowForm/item[name=cash_amount||title=Cash%20amount||value=%3C6430000||index=3||Class=FloatItem]/element;
click;scLocator=//Portlet[ID="liquidity_items_tab_2"]/item[0][Class="ListGrid"]/filterEditor/editRowForm/item[name=cash_amount||title=Cash%20amount||value=%3C6430000||index=3||Class=FloatItem]/element;
waitForElementClickable;scLocator=//Portlet[ID="liquidity_items_tab_2"]/item[0][Class="ListGrid"]/filterEditor/editRowForm/item[name=cash_amount||title=Cash%20amount||value=%3E100||index=3||Class=FloatItem]/element;
click;scLocator=//Portlet[ID="liquidity_items_tab_2"]/item[0][Class="ListGrid"]/filterEditor/editRowForm/item[name=cash_amount||title=Cash%20amount||value=%3E100||index=3||Class=FloatItem]/element;
waitForElementClickable;scLocator=//Portlet[ID="liquidity_items_tab_2"]/item[0][Class="ListGrid"]/filterEditor/editRowForm/item[name=cash_amount||title=Cash%20amount||value=%3E100||index=3||Class=FloatItem]/element;/* List Grid filterEditor, editRow Cash Amount - greater than */
type;scLocator=//Portlet[ID="liquidity_items_tab_2"]/item[0][Class="ListGrid"]/filterEditor/editRowForm/item[name=cash_amount||title=Cash%20amount||value=%3E100||index=3||Class=FloatItem]/element;>100
waitForElementClickable;scLocator=//Portlet[ID="liquidity_items_tab_2"]/item[0][Class="ListGrid"]/filterEditor/actionButton/icon;
click;scLocator=//Portlet[ID="liquidity_items_tab_2"]/item[0][Class="ListGrid"]/filterEditor/actionButton/icon;
waitForElementClickable;scLocator=//Portlet[ID="liquidity_items_tab_2"]/item[0][Class="ListGrid"]/filterEditor/editRowForm/item[name=cash_amount||title=Cash%20amount||value=%3E100||index=3||Class=FloatItem]/element;
click;scLocator=//Portlet[ID="liquidity_items_tab_2"]/item[0][Class="ListGrid"]/filterEditor/editRowForm/item[name=cash_amount||title=Cash%20amount||value=%3E100||index=3||Class=FloatItem]/element;
waitForElementClickable;scLocator=//Portlet[ID="liquidity_items_tab_2"]/item[0][Class="ListGrid"]/filterEditor/editRowForm/item[name=cash_amount||title=Cash%20amount||value=%3E1000||index=3||Class=FloatItem]/element;
type;scLocator=//Portlet[ID="liquidity_items_tab_2"]/item[0][Class="ListGrid"]/filterEditor/editRowForm/item[name=cash_amount||title=Cash%20amount||value=%3E1000||index=3||Class=FloatItem]/element;>1000
waitForElementClickable;scLocator=//Portlet[ID="liquidity_items_tab_2"]/item[0][Class="ListGrid"]/filterEditor/actionButton/icon;
click;scLocator=//Portlet[ID="liquidity_items_tab_2"]/item[0][Class="ListGrid"]/filterEditor/actionButton/icon;
waitForElementClickable;scLocator=//Portlet[ID="liquidity_items_tab_2"]/item[0][Class="ListGrid"]/filterEditor/actionButton/icon;
click;scLocator=//Portlet[ID="liquidity_items_tab_2"]/item[0][Class="ListGrid"]/filterEditor/actionButton/icon;
waitForElementClickable;scLocator=//Portlet[ID="liquidity_items_tab_2"]/item[0][Class="ListGrid"]/filterEditor/editRowForm/item[name=cash_amount||title=Cash%20amount||value=%3E1000||index=3||Class=FloatItem]/element;
click;scLocator=//Portlet[ID="liquidity_items_tab_2"]/item[0][Class="ListGrid"]/filterEditor/editRowForm/item[name=cash_amount||title=Cash%20amount||value=%3E1000||index=3||Class=FloatItem]/element;
waitForElementClickable;scLocator=//Portlet[ID="liquidity_items_tab_2"]/item[0][Class="ListGrid"]/filterEditor/editRowForm/item[name=cash_amount||title=Cash%20amount||index=3||Class=FloatItem]/element;
type;scLocator=//Portlet[ID="liquidity_items_tab_2"]/item[0][Class="ListGrid"]/filterEditor/editRowForm/item[name=cash_amount||title=Cash%20amount||index=3||Class=FloatItem]/element;
waitForElementClickable;scLocator=//Portlet[ID="liquidity_items_tab_2"]/item[0][Class="ListGrid"]/filterEditor/actionButton/icon;
click;scLocator=//Portlet[ID="liquidity_items_tab_2"]/item[0][Class="ListGrid"]/filterEditor/actionButton/icon;
waitForElementClickable;scLocator=//Portlet[ID="liquidity_items_tab_2"]/item[0][Class="ListGrid"]/filterEditor/editRowForm/item[name=item_name||title=Item%20name||index=1||Class=TextItem]/element;
click;scLocator=//Portlet[ID="liquidity_items_tab_2"]/item[0][Class="ListGrid"]/filterEditor/editRowForm/item[name=item_name||title=Item%20name||index=1||Class=TextItem]/element;
waitForElementClickable;scLocator=//Portlet[ID="liquidity_items_tab_2"]/item[0][Class="ListGrid"]/filterEditor/editRowForm/item[name=item_name||title=Item%20name||value=EOD||index=1||Class=TextItem]/element;
type;scLocator=//Portlet[ID="liquidity_items_tab_2"]/item[0][Class="ListGrid"]/filterEditor/editRowForm/item[name=item_name||title=Item%20name||value=EOD||index=1||Class=TextItem]/element;EOD
waitForElementClickable;scLocator=//Portlet[ID="liquidity_items_tab_2"]/item[0][Class="ListGrid"]/filterEditor/actionButton/icon;
click;scLocator=//Portlet[ID="liquidity_items_tab_2"]/item[0][Class="ListGrid"]/filterEditor/actionButton/icon;
waitForElementClickable;scLocator=//Portlet[ID="liquidity_items_tab_2"]/item[0][Class="ListGrid"]/filterEditor/editRowForm/item[name=dt_ref||title=Date%20ref.||index=2||Class=MiniDateRangeItem]/[icon="showDateRange"];
click;scLocator=//Portlet[ID="liquidity_items_tab_2"]/item[0][Class="ListGrid"]/filterEditor/editRowForm/item[name=dt_ref||title=Date%20ref.||index=2||Class=MiniDateRangeItem]/[icon="showDateRange"];
waitForElementClickable;scLocator=//Portlet[ID="liquidity_items_tab_2"]/item[0][Class="ListGrid"]/filterEditor/editRowForm/item[name=dt_ref||title=Date%20ref.||index=2||Class=MiniDateRangeItem]/rangeDialog/rangeForm/item[name=dt_ref||title=dt_ref||index=0||Class=DateRangeItem]/dateRangeForm/item[name=fromField||title=From||index=0||Class=RelativeDateItem]/editor/item[name=valueField||title=valueField||index=0||Class=ComboBoxItem]/[icon="picker"];
click;scLocator=//Portlet[ID="liquidity_items_tab_2"]/item[0][Class="ListGrid"]/filterEditor/editRowForm/item[name=dt_ref||title=Date%20ref.||index=2||Class=MiniDateRangeItem]/rangeDialog/rangeForm/item[name=dt_ref||title=dt_ref||index=0||Class=DateRangeItem]/dateRangeForm/item[name=fromField||title=From||index=0||Class=RelativeDateItem]/editor/item[name=valueField||title=valueField||index=0||Class=ComboBoxItem]/[icon="picker"];
waitForElementClickable;scLocator=//Portlet[ID="liquidity_items_tab_2"]/item[0][Class="ListGrid"]/filterEditor/editRowForm/item[name=dt_ref||title=Date%20ref.||index=2||Class=MiniDateRangeItem]/rangeDialog/rangeForm/item[name=dt_ref||title=dt_ref||index=0||Class=DateRangeItem]/dateRangeForm/item[name=fromField||title=From||index=0||Class=RelativeDateItem]/editor/item[name=valueField||title=valueField||index=0||Class=ComboBoxItem]/pickList/body/row[valueField=%24weekAgo||3]/col[fieldName=valueField||0];
click;scLocator=//Portlet[ID="liquidity_items_tab_2"]/item[0][Class="ListGrid"]/filterEditor/editRowForm/item[name=dt_ref||title=Date%20ref.||index=2||Class=MiniDateRangeItem]/rangeDialog/rangeForm/item[name=dt_ref||title=dt_ref||index=0||Class=DateRangeItem]/dateRangeForm/item[name=fromField||title=From||index=0||Class=RelativeDateItem]/editor/item[name=valueField||title=valueField||index=0||Class=ComboBoxItem]/pickList/body/row[valueField=%24weekAgo||3]/col[fieldName=valueField||0];
waitForElementClickable;scLocator=//Portlet[ID="liquidity_items_tab_2"]/item[0][Class="ListGrid"]/filterEditor/editRowForm/item[name=dt_ref||title=Date%20ref.||value=[object Object]||index=2||Class=MiniDateRangeItem]/rangeDialog/rangeForm/item[name=dt_ref||title=dt_ref||value=[object Object]||index=0||Class=DateRangeItem]/dateRangeForm/item[name=toField||title=To||index=1||Class=RelativeDateItem]/editor/item[name=iconPlaceholder||title=iconPlaceholder||index=2||Class=StaticTextItem]/[icon="chooserIcon"];
click;scLocator=//Portlet[ID="liquidity_items_tab_2"]/item[0][Class="ListGrid"]/filterEditor/editRowForm/item[name=dt_ref||title=Date%20ref.||value=[object Object]||index=2||Class=MiniDateRangeItem]/rangeDialog/rangeForm/item[name=dt_ref||title=dt_ref||value=[object Object]||index=0||Class=DateRangeItem]/dateRangeForm/item[name=toField||title=To||index=1||Class=RelativeDateItem]/editor/item[name=iconPlaceholder||title=iconPlaceholder||index=2||Class=StaticTextItem]/[icon="chooserIcon"];
waitForElementClickable;scLocator=//autoID[Class=DateChooser||index=23||length=26||classIndex=1||classLength=2]/todayButton/;
click;scLocator=//autoID[Class=DateChooser||index=23||length=26||classIndex=1||classLength=2]/todayButton/;
waitForElementClickable;scLocator=//Portlet[ID="liquidity_items_tab_2"]/item[0][Class="ListGrid"]/filterEditor/editRowForm/item[name=dt_ref||title=Date%20ref.||value=[object Object]||index=2||Class=MiniDateRangeItem]/rangeDialog/okButton/;
click;scLocator=//Portlet[ID="liquidity_items_tab_2"]/item[0][Class="ListGrid"]/filterEditor/editRowForm/item[name=dt_ref||title=Date%20ref.||value=[object Object]||index=2||Class=MiniDateRangeItem]/rangeDialog/okButton/;
waitForElementClickable;scLocator=//Portlet[ID="liquidity_items_tab_2"]/item[0][Class="ListGrid"]/filterEditor/editRowForm/item[name=dt_ref||title=Date%20ref.||value=[object Object]||index=2||Class=MiniDateRangeItem]/rangeDialog/cancelButton/;
click;scLocator=//Portlet[ID="liquidity_items_tab_2"]/item[0][Class="ListGrid"]/filterEditor/editRowForm/item[name=dt_ref||title=Date%20ref.||value=[object Object]||index=2||Class=MiniDateRangeItem]/rangeDialog/cancelButton/;
waitForElementClickable;scLocator=//Portlet[ID="liquidity_items_tab_2"]/item[0][Class="ListGrid"]/filterEditor/editRowForm/item[name=item_name||title=Item%20name||index=1||Class=TextItem]/element;
click;scLocator=//Portlet[ID="liquidity_items_tab_2"]/item[0][Class="ListGrid"]/filterEditor/editRowForm/item[name=item_name||title=Item%20name||index=1||Class=TextItem]/element;
waitForElementClickable;scLocator=//Portlet[ID="liquidity_items_tab_2"]/item[0][Class="ListGrid"]/filterEditor/editRowForm/item[name=item_name||title=Item%20name||value=Auto||index=1||Class=TextItem]/element;
type;scLocator=//Portlet[ID="liquidity_items_tab_2"]/item[0][Class="ListGrid"]/filterEditor/editRowForm/item[name=item_name||title=Item%20name||value=Auto||index=1||Class=TextItem]/element;Auto
waitForElementClickable;scLocator=//Portlet[ID="liquidity_items_tab_2"]/item[0][Class="ListGrid"]/filterEditor/actionButton/icon;
click;scLocator=//Portlet[ID="liquidity_items_tab_2"]/item[0][Class="ListGrid"]/filterEditor/actionButton/icon;
waitForElementClickable;scLocator=//Portlet[ID="liquidity_items_tab_2"]/item[0][Class="ListGrid"]/body/row[item_id=ManCshRet||dt_ref=Wed Nov 30 2016 12:00:00 GMT+0100 (W. Europe Standard Time)||item_name=Manual%20Cash%20Returns||3]/col[fieldName=item_name||1];
contextMenu;scLocator=//Portlet[ID="liquidity_items_tab_2"]/item[0][Class="ListGrid"]/body/row[item_id=ManCshRet||dt_ref=Wed Nov 30 2016 12:00:00 GMT+0100 (W. Europe Standard Time)||item_name=Manual%20Cash%20Returns||3]/col[fieldName=item_name||1];
waitForElementClickable;scLocator=//Menu[level=0]/body/row[title=Export||1]/col[fieldName=title||1];
click;scLocator=//Menu[level=0]/body/row[title=Export||1]/col[fieldName=title||1];
waitForElementClickable;scLocator=//autoID[Class=Window||index=386||length=388||classIndex=0||classLength=1||roleIndex=2||roleLength=3||title=Select%20Fields%20to%20export...||scRole=dialog]/item[0][Class="HLayout"]/member[Class=VStack||index=2||length=5||classIndex=0||classLength=1]/member[Class=ImgButton||index=2||length=4||classIndex=2||classLength=4||roleIndex=2||roleLength=4||scRole=button||name=main]/;
click;scLocator=//autoID[Class=Window||index=386||length=388||classIndex=0||classLength=1||roleIndex=2||roleLength=3||title=Select%20Fields%20to%20export...||scRole=dialog]/item[0][Class="HLayout"]/member[Class=VStack||index=2||length=5||classIndex=0||classLength=1]/member[Class=ImgButton||index=2||length=4||classIndex=2||classLength=4||roleIndex=2||roleLength=4||scRole=button||name=main]/;
waitForElementClickable;scLocator=//autoID[Class=Window||index=386||length=388||classIndex=0||classLength=1||roleIndex=2||roleLength=3||title=Select%20Fields%20to%20export...||scRole=dialog]/item[3][Class="HLayout"]/member[Class=Button||index=0||length=2||classIndex=0||classLength=2||roleIndex=0||roleLength=2||title=Export||scRole=button]/;
click;scLocator=//autoID[Class=Window||index=386||length=388||classIndex=0||classLength=1||roleIndex=2||roleLength=3||title=Select%20Fields%20to%20export...||scRole=dialog]/item[3][Class="HLayout"]/member[Class=Button||index=0||length=2||classIndex=0||classLength=2||roleIndex=0||roleLength=2||title=Export||scRole=button]/;
