
command,target,value
echo;;RU01-NUC01-T03.rctest
open;/CCAM/;Liquidity Items - CCAM - Grouping
waitForElementClickable;scLocator=//Menu[level=1]/body/row[3]/col[fieldName=title||0];
click;scLocator=//Menu[level=1]/body/row[3]/col[fieldName=title||0];
waitForElementClickable;scLocator=//Portlet[ID="liquidity_items_tab_2"]/maximizeButton/;
click;scLocator=//Portlet[ID="liquidity_items_tab_2"]/maximizeButton/;
waitForElementClickable;scLocator=//Portlet[ID="liquidity_items_tab_2"]/item[0][Class="ListGrid"]/headerMenuButton/icon;
click;scLocator=//Portlet[ID="liquidity_items_tab_2"]/item[0][Class="ListGrid"]/headerMenuButton/icon;
waitForElementClickable;scLocator=//Portlet[ID="liquidity_items_tab_2"]/item[0][Class="ListGrid"]/headerContextMenu[Class=Menu||index=0||length=1||classIndex=0||classLength=1||roleIndex=0||roleLength=1||scRole=menu]/body/row[title=Sort%20Ascending||0]/col[fieldName=title||1];
click;scLocator=//Portlet[ID="liquidity_items_tab_2"]/item[0][Class="ListGrid"]/headerContextMenu[Class=Menu||index=0||length=1||classIndex=0||classLength=1||roleIndex=0||roleLength=1||scRole=menu]/body/row[title=Sort%20Ascending||0]/col[fieldName=title||1];
waitForElementClickable;scLocator=//Portlet[ID="liquidity_items_tab_2"]/item[0][Class="ListGrid"]/headerMenuButton/icon;
click;scLocator=//Portlet[ID="liquidity_items_tab_2"]/item[0][Class="ListGrid"]/headerMenuButton/icon;
waitForElementClickable;scLocator=//Portlet[ID="liquidity_items_tab_2"]/item[0][Class="ListGrid"]/headerContextMenu[Class=Menu||index=0||length=1||classIndex=0||classLength=1||roleIndex=0||roleLength=1||scRole=menu]/body/row[title=Sort%20Descending||1]/col[fieldName=title||1];
click;scLocator=//Portlet[ID="liquidity_items_tab_2"]/item[0][Class="ListGrid"]/headerContextMenu[Class=Menu||index=0||length=1||classIndex=0||classLength=1||roleIndex=0||roleLength=1||scRole=menu]/body/row[title=Sort%20Descending||1]/col[fieldName=title||1];
waitForElementClickable;scLocator=//Portlet[ID="liquidity_items_tab_2"]/item[0][Class="ListGrid"]/headerMenuButton/icon;
click;scLocator=//Portlet[ID="liquidity_items_tab_2"]/item[0][Class="ListGrid"]/headerMenuButton/icon;
waitForElementClickable;scLocator=//Portlet[ID="liquidity_items_tab_2"]/item[0][Class="ListGrid"]/headerContextMenu[Class=Menu||index=0||length=1||classIndex=0||classLength=1||roleIndex=0||roleLength=1||scRole=menu]/body/row[title=Configure%20Sort...||2]/col[fieldName=title||1];
click;scLocator=//Portlet[ID="liquidity_items_tab_2"]/item[0][Class="ListGrid"]/headerContextMenu[Class=Menu||index=0||length=1||classIndex=0||classLength=1||roleIndex=0||roleLength=1||scRole=menu]/body/row[title=Configure%20Sort...||2]/col[fieldName=title||1];
waitForElementClickable;scLocator=//autoID[Class=MultiSortDialog||index=12||length=14||classIndex=0||classLength=1||roleIndex=1||roleLength=2||title=Sort||scRole=dialog]/multiSortPanel/levelUpButton/;
click;scLocator=//autoID[Class=MultiSortDialog||index=12||length=14||classIndex=0||classLength=1||roleIndex=1||roleLength=2||title=Sort||scRole=dialog]/multiSortPanel/levelUpButton/;
waitForElementClickable;scLocator=//autoID[Class=MultiSortDialog||index=12||length=14||classIndex=0||classLength=1||roleIndex=1||roleLength=2||title=Sort||scRole=dialog]/multiSortPanel/topLayout/;
click;scLocator=//autoID[Class=MultiSortDialog||index=12||length=14||classIndex=0||classLength=1||roleIndex=1||roleLength=2||title=Sort||scRole=dialog]/multiSortPanel/topLayout/;
waitForElementClickable;scLocator=//autoID[Class=MultiSortDialog||index=12||length=14||classIndex=0||classLength=1||roleIndex=1||roleLength=2||title=Sort||scRole=dialog]/multiSortPanel/levelDownButton/;
click;scLocator=//autoID[Class=MultiSortDialog||index=12||length=14||classIndex=0||classLength=1||roleIndex=1||roleLength=2||title=Sort||scRole=dialog]/multiSortPanel/levelDownButton/;
waitForElementClickable;scLocator=//autoID[Class=MultiSortDialog||index=12||length=14||classIndex=0||classLength=1||roleIndex=1||roleLength=2||title=Sort||scRole=dialog]/multiSortPanel/optionsGrid/body/row[property=dt_ref||0]/col[fieldName=property||1];
click;scLocator=//autoID[Class=MultiSortDialog||index=12||length=14||classIndex=0||classLength=1||roleIndex=1||roleLength=2||title=Sort||scRole=dialog]/multiSortPanel/optionsGrid/body/row[property=dt_ref||0]/col[fieldName=property||1];
waitForElementClickable;scLocator=//autoID[Class=MultiSortDialog||index=12||length=14||classIndex=0||classLength=1||roleIndex=1||roleLength=2||title=Sort||scRole=dialog]/multiSortPanel/addLevelButton/;
click;scLocator=//autoID[Class=MultiSortDialog||index=12||length=14||classIndex=0||classLength=1||roleIndex=1||roleLength=2||title=Sort||scRole=dialog]/multiSortPanel/addLevelButton/;
waitForElementClickable;scLocator=//autoID[Class=MultiSortDialog||index=12||length=14||classIndex=0||classLength=1||roleIndex=1||roleLength=2||title=Sort||scRole=dialog]/multiSortPanel/optionsGrid/editRowForm/item[name=property||title=Column||value=groupTitle||index=1||Class=SelectItem]/[icon="picker"];
click;scLocator=//autoID[Class=MultiSortDialog||index=12||length=14||classIndex=0||classLength=1||roleIndex=1||roleLength=2||title=Sort||scRole=dialog]/multiSortPanel/optionsGrid/editRowForm/item[name=property||title=Column||value=groupTitle||index=1||Class=SelectItem]/[icon="picker"];
waitForElementClickable;scLocator=//autoID[Class=MultiSortDialog||index=12||length=14||classIndex=0||classLength=1||roleIndex=1||roleLength=2||title=Sort||scRole=dialog]/multiSortPanel/optionsGrid/editRowForm/item[name=property||title=Column||value=groupTitle||index=1||Class=SelectItem]/pickList/body/row[property=item_name||1]/col[fieldName=property||0];
click;scLocator=//autoID[Class=MultiSortDialog||index=12||length=14||classIndex=0||classLength=1||roleIndex=1||roleLength=2||title=Sort||scRole=dialog]/multiSortPanel/optionsGrid/editRowForm/item[name=property||title=Column||value=groupTitle||index=1||Class=SelectItem]/pickList/body/row[property=item_name||1]/col[fieldName=property||0];
waitForElementClickable;scLocator=//autoID[Class=MultiSortDialog||index=12||length=14||classIndex=0||classLength=1||roleIndex=1||roleLength=2||title=Sort||scRole=dialog]/applyButton/;
click;scLocator=//autoID[Class=MultiSortDialog||index=12||length=14||classIndex=0||classLength=1||roleIndex=1||roleLength=2||title=Sort||scRole=dialog]/applyButton/;
waitForElementClickable;scLocator=//Portlet[ID="liquidity_items_tab_2"]/item[0][Class="ListGrid"]/headerMenuButton/;
click;scLocator=//Portlet[ID="liquidity_items_tab_2"]/item[0][Class="ListGrid"]/headerMenuButton/;
waitForElementClickable;scLocator=//Portlet[ID="liquidity_items_tab_2"]/item[0][Class="ListGrid"]/headerContextMenu[Class=Menu||index=0||length=1||classIndex=0||classLength=1||roleIndex=0||roleLength=1||scRole=menu]/body/row[title=Configure%20Sort...||2]/col[fieldName=title||1];
click;scLocator=//Portlet[ID="liquidity_items_tab_2"]/item[0][Class="ListGrid"]/headerContextMenu[Class=Menu||index=0||length=1||classIndex=0||classLength=1||roleIndex=0||roleLength=1||scRole=menu]/body/row[title=Configure%20Sort...||2]/col[fieldName=title||1];
waitForElementClickable;scLocator=//autoID[Class=MultiSortDialog||index=46||length=47||classIndex=0||classLength=1||roleIndex=1||roleLength=2||title=Sort||scRole=dialog]/multiSortPanel/optionsGrid/body/row[property=dt_ref||0]/col[fieldName=property||1];
click;scLocator=//autoID[Class=MultiSortDialog||index=46||length=47||classIndex=0||classLength=1||roleIndex=1||roleLength=2||title=Sort||scRole=dialog]/multiSortPanel/optionsGrid/body/row[property=dt_ref||0]/col[fieldName=property||1];
waitForElementClickable;scLocator=//autoID[Class=MultiSortDialog||index=46||length=47||classIndex=0||classLength=1||roleIndex=1||roleLength=2||title=Sort||scRole=dialog]/multiSortPanel/optionsGrid/body/row[direction=descending||0]/col[fieldName=direction||2];
click;scLocator=//autoID[Class=MultiSortDialog||index=46||length=47||classIndex=0||classLength=1||roleIndex=1||roleLength=2||title=Sort||scRole=dialog]/multiSortPanel/optionsGrid/body/row[direction=descending||0]/col[fieldName=direction||2];
waitForElementClickable;scLocator=//autoID[Class=MultiSortDialog||index=46||length=47||classIndex=0||classLength=1||roleIndex=1||roleLength=2||title=Sort||scRole=dialog]/multiSortPanel/optionsGrid/body/row[direction=descending||0]/col[fieldName=direction||2];
secondClick;scLocator=//autoID[Class=MultiSortDialog||index=46||length=47||classIndex=0||classLength=1||roleIndex=1||roleLength=2||title=Sort||scRole=dialog]/multiSortPanel/optionsGrid/body/row[direction=descending||0]/col[fieldName=direction||2];
waitForElementClickable;scLocator=//autoID[Class=MultiSortDialog||index=46||length=47||classIndex=0||classLength=1||roleIndex=1||roleLength=2||title=Sort||scRole=dialog]/multiSortPanel/optionsGrid/editRowForm/item[name=direction||title=Order||value=descending||index=2||Class=SelectItem]/[icon="picker"];
click;scLocator=//autoID[Class=MultiSortDialog||index=46||length=47||classIndex=0||classLength=1||roleIndex=1||roleLength=2||title=Sort||scRole=dialog]/multiSortPanel/optionsGrid/editRowForm/item[name=direction||title=Order||value=descending||index=2||Class=SelectItem]/[icon="picker"];
waitForElementClickable;scLocator=//autoID[Class=MultiSortDialog||index=46||length=47||classIndex=0||classLength=1||roleIndex=1||roleLength=2||title=Sort||scRole=dialog]/multiSortPanel/optionsGrid/editRowForm/item[name=direction||title=Order||value=descending||index=2||Class=SelectItem]/pickList/body/row[direction=descending||1]/col[fieldName=direction||0];
click;scLocator=//autoID[Class=MultiSortDialog||index=46||length=47||classIndex=0||classLength=1||roleIndex=1||roleLength=2||title=Sort||scRole=dialog]/multiSortPanel/optionsGrid/editRowForm/item[name=direction||title=Order||value=descending||index=2||Class=SelectItem]/pickList/body/row[direction=descending||1]/col[fieldName=direction||0];
waitForElementClickable;scLocator=//autoID[Class=MultiSortDialog||index=46||length=47||classIndex=0||classLength=1||roleIndex=1||roleLength=2||title=Sort||scRole=dialog]/multiSortPanel/optionsGrid/editRowForm/item[name=direction||title=Order||value=descending||index=2||Class=SelectItem]/[icon="picker"];
click;scLocator=//autoID[Class=MultiSortDialog||index=46||length=47||classIndex=0||classLength=1||roleIndex=1||roleLength=2||title=Sort||scRole=dialog]/multiSortPanel/optionsGrid/editRowForm/item[name=direction||title=Order||value=descending||index=2||Class=SelectItem]/[icon="picker"];
waitForElementClickable;scLocator=//autoID[Class=MultiSortDialog||index=46||length=47||classIndex=0||classLength=1||roleIndex=1||roleLength=2||title=Sort||scRole=dialog]/multiSortPanel/optionsGrid/editRowForm/item[name=direction||title=Order||value=descending||index=2||Class=SelectItem]/pickList/body/row[direction=ascending||0]/col[fieldName=direction||0];
click;scLocator=//autoID[Class=MultiSortDialog||index=46||length=47||classIndex=0||classLength=1||roleIndex=1||roleLength=2||title=Sort||scRole=dialog]/multiSortPanel/optionsGrid/editRowForm/item[name=direction||title=Order||value=descending||index=2||Class=SelectItem]/pickList/body/row[direction=ascending||0]/col[fieldName=direction||0];
waitForElementClickable;scLocator=//autoID[Class=MultiSortDialog||index=46||length=47||classIndex=0||classLength=1||roleIndex=1||roleLength=2||title=Sort||scRole=dialog]/applyButton/;
click;scLocator=//autoID[Class=MultiSortDialog||index=46||length=47||classIndex=0||classLength=1||roleIndex=1||roleLength=2||title=Sort||scRole=dialog]/applyButton/;
waitForElementClickable;scLocator=//Portlet[ID="liquidity_items_tab_2"]/item[0][Class="ListGrid"]/headerMenuButton/icon;
click;scLocator=//Portlet[ID="liquidity_items_tab_2"]/item[0][Class="ListGrid"]/headerMenuButton/icon;
waitForElementClickable;scLocator=//Portlet[ID="liquidity_items_tab_2"]/item[0][Class="ListGrid"]/headerContextMenu[Class=Menu||index=0||length=1||classIndex=0||classLength=1||roleIndex=0||roleLength=1||scRole=menu]/body/row[title=Auto%20Fit%20All%20Columns||4]/col[fieldName=title||1];
click;scLocator=//Portlet[ID="liquidity_items_tab_2"]/item[0][Class="ListGrid"]/headerContextMenu[Class=Menu||index=0||length=1||classIndex=0||classLength=1||roleIndex=0||roleLength=1||scRole=menu]/body/row[title=Auto%20Fit%20All%20Columns||4]/col[fieldName=title||1];
waitForElementClickable;scLocator=//Portlet[ID="liquidity_items_tab_2"]/item[0][Class="ListGrid"]/headerMenuButton/icon;
click;scLocator=//Portlet[ID="liquidity_items_tab_2"]/item[0][Class="ListGrid"]/headerMenuButton/icon;
waitForElementClickable;scLocator=//Portlet[ID="liquidity_items_tab_2"]/item[0][Class="ListGrid"]/headerContextMenu[Class=Menu||index=0||length=1||classIndex=0||classLength=1||roleIndex=0||roleLength=1||scRole=menu]/body/row[title=Auto%20Fit%20All%20Columns||4]/col[fieldName=title||1];
click;scLocator=//Portlet[ID="liquidity_items_tab_2"]/item[0][Class="ListGrid"]/headerContextMenu[Class=Menu||index=0||length=1||classIndex=0||classLength=1||roleIndex=0||roleLength=1||scRole=menu]/body/row[title=Auto%20Fit%20All%20Columns||4]/col[fieldName=title||1];
waitForElementClickable;scLocator=//Portlet[ID="liquidity_items_tab_2"]/maximizeButton/;
click;scLocator=//Portlet[ID="liquidity_items_tab_2"]/maximizeButton/;
waitForElementClickable;scLocator=//Portlet[ID="liquidity_items_tab_2"]/maximizeButton/;
click;scLocator=//Portlet[ID="liquidity_items_tab_2"]/maximizeButton/;
waitForElementClickable;scLocator=//Portlet[ID="liquidity_items_tab_2"]/item[0][Class="ListGrid"]/headerMenuButton/;
click;scLocator=//Portlet[ID="liquidity_items_tab_2"]/item[0][Class="ListGrid"]/headerMenuButton/;
waitForElementClickable;scLocator=//Menu[level=1]/body/row[title=Cash%20amount||2]/col[fieldName=title||1];
click;scLocator=//Menu[level=1]/body/row[title=Cash%20amount||2]/col[fieldName=title||1];
waitForElementClickable;scLocator=//Menu[level=1]/body/row[title=Cash%20amount||2]/col[fieldName=title||1];
click;scLocator=//Menu[level=1]/body/row[title=Cash%20amount||2]/col[fieldName=title||1];
waitForElementClickable;scLocator=//Menu[level=1]/body/row[title=Item%20group%20ID.||3]/col[fieldName=title||1];
click;scLocator=//Menu[level=1]/body/row[title=Item%20group%20ID.||3]/col[fieldName=title||1];
waitForElementClickable;scLocator=//Menu[level=1]/body/row[title=Reliability||4]/col[fieldName=title||1];
click;scLocator=//Menu[level=1]/body/row[title=Reliability||4]/col[fieldName=title||1];
waitForElementClickable;scLocator=//Menu[level=1]/body/row[title=Is%20eod||5]/col[fieldName=title||1];
secondClick;scLocator=//Menu[level=1]/body/row[title=Is%20eod||5]/col[fieldName=title||1];
waitForElementClickable;scLocator=//Portlet[ID="liquidity_items_tab_2"]/item[0][Class="ListGrid"]/body/;
click;scLocator=//Portlet[ID="liquidity_items_tab_2"]/item[0][Class="ListGrid"]/body/;
waitForElementClickable;scLocator=//Portlet[ID="liquidity_items_tab_2"]/item[0][Class="ListGrid"]/headerMenuButton/icon;
click;scLocator=//Portlet[ID="liquidity_items_tab_2"]/item[0][Class="ListGrid"]/headerMenuButton/icon;
waitForElementClickable;scLocator=//Portlet[ID="liquidity_items_tab_2"]/item[0][Class="ListGrid"]/headerContextMenu[Class=Menu||index=0||length=1||classIndex=0||classLength=1||roleIndex=0||roleLength=1||scRole=menu]/body/row[title=Sort%20Descending||1]/col[fieldName=title||1];
click;scLocator=//Portlet[ID="liquidity_items_tab_2"]/item[0][Class="ListGrid"]/headerContextMenu[Class=Menu||index=0||length=1||classIndex=0||classLength=1||roleIndex=0||roleLength=1||scRole=menu]/body/row[title=Sort%20Descending||1]/col[fieldName=title||1];
waitForElementClickable;scLocator=//Portlet[ID="liquidity_items_tab_2"]/item[0][Class="ListGrid"]/body/hscrollbar/peer[Class=SpritedHSimpleScrollThumb||index=0||length=1||classIndex=0||classLength=1||title=%26nbsp%3B||name=main]/;
dragAndDrop;scLocator=//Portlet[ID="liquidity_items_tab_2"]/item[0][Class="ListGrid"]/body/hscrollbar/peer[Class=SpritedHSimpleScrollThumb||index=0||length=1||classIndex=0||classLength=1||title=%26nbsp%3B||name=main]/;+490,-3
waitForElementClickable;scLocator=//Portlet[ID="liquidity_items_tab_2"]/item[0][Class="ListGrid"]/body/hscrollbar/peer[Class=SpritedHSimpleScrollThumb||index=0||length=1||classIndex=0||classLength=1||title=%26nbsp%3B||name=main]/;
dragAndDrop;scLocator=//Portlet[ID="liquidity_items_tab_2"]/item[0][Class="ListGrid"]/body/hscrollbar/peer[Class=SpritedHSimpleScrollThumb||index=0||length=1||classIndex=0||classLength=1||title=%26nbsp%3B||name=main]/;+493,-3
waitForElementClickable;scLocator=//Portlet[ID="liquidity_items_tab_2"]/item[0][Class="ListGrid"]/headerMenuButton/;
click;scLocator=//Portlet[ID="liquidity_items_tab_2"]/item[0][Class="ListGrid"]/headerMenuButton/;
waitForElementClickable;scLocator=//Portlet[ID="liquidity_items_tab_2"]/item[0][Class="ListGrid"]/headerContextMenu[Class=Menu||index=0||length=1||classIndex=0||classLength=1||roleIndex=0||roleLength=1||scRole=menu]/body/row[title=Group%20by%20Date%20ref.||9]/col[fieldName=title||1];
click;scLocator=//Portlet[ID="liquidity_items_tab_2"]/item[0][Class="ListGrid"]/headerContextMenu[Class=Menu||index=0||length=1||classIndex=0||classLength=1||roleIndex=0||roleLength=1||scRole=menu]/body/row[title=Group%20by%20Date%20ref.||9]/col[fieldName=title||1];
waitForElementClickable;scLocator=//Portlet[ID="liquidity_items_tab_2"]/item[0][Class="ListGrid"]/headerMenuButton/icon;
click;scLocator=//Portlet[ID="liquidity_items_tab_2"]/item[0][Class="ListGrid"]/headerMenuButton/icon;
waitForElementClickable;scLocator=//Menu[level=1]/body/row[title=by%20Week||1]/col[fieldName=title||1];
click;scLocator=//Menu[level=1]/body/row[title=by%20Week||1]/col[fieldName=title||1];
waitForElementClickable;scLocator=//Portlet[ID="liquidity_items_tab_2"]/item[0][Class="ListGrid"]/body/hscrollbar/peer[Class=SpritedHSimpleScrollThumb||index=0||length=1||classIndex=0||classLength=1||title=%26nbsp%3B||name=main]/;
dragAndDrop;scLocator=//Portlet[ID="liquidity_items_tab_2"]/item[0][Class="ListGrid"]/body/hscrollbar/peer[Class=SpritedHSimpleScrollThumb||index=0||length=1||classIndex=0||classLength=1||title=%26nbsp%3B||name=main]/;+216,-11
waitForElementClickable;scLocator=//Portlet[ID="liquidity_items_tab_2"]/item[0][Class="ListGrid"]/body/row[dt_ref=47||groupTitle=Week%20%2347||15]/col[fieldName=groupTitle||0];
click;scLocator=//Portlet[ID="liquidity_items_tab_2"]/item[0][Class="ListGrid"]/body/row[dt_ref=47||groupTitle=Week%20%2347||15]/col[fieldName=groupTitle||0];
waitForElementClickable;scLocator=//Portlet[ID="liquidity_items_tab_2"]/item[0][Class="ListGrid"]/headerMenuButton/;
click;scLocator=//Portlet[ID="liquidity_items_tab_2"]/item[0][Class="ListGrid"]/headerMenuButton/;
waitForElementClickable;scLocator=//Portlet[ID="liquidity_items_tab_2"]/item[0][Class="ListGrid"]/headerContextMenu[Class=Menu||index=0||length=1||classIndex=0||classLength=1||roleIndex=0||roleLength=1||scRole=menu]/body/row[title=Configure%20Grouping...||10]/col[fieldName=title||1];
click;scLocator=//Portlet[ID="liquidity_items_tab_2"]/item[0][Class="ListGrid"]/headerContextMenu[Class=Menu||index=0||length=1||classIndex=0||classLength=1||roleIndex=0||roleLength=1||scRole=menu]/body/row[title=Configure%20Grouping...||10]/col[fieldName=title||1];
waitForElementClickable;scLocator=//autoID[Class=MultiGroupDialog||index=144||length=145||classIndex=0||classLength=1||roleIndex=1||roleLength=2||title=Group||scRole=dialog]/multiGroupPanel/optionsGrid/body/row[property=dt_ref||0]/col[fieldName=property||1];
click;scLocator=//autoID[Class=MultiGroupDialog||index=144||length=145||classIndex=0||classLength=1||roleIndex=1||roleLength=2||title=Group||scRole=dialog]/multiGroupPanel/optionsGrid/body/row[property=dt_ref||0]/col[fieldName=property||1];
selectWindow;name=1480504630509;
waitForElementClickable;scLocator=//autoID[Class=MultiGroupDialog||index=144||length=145||classIndex=0||classLength=1||roleIndex=1||roleLength=2||title=Group||scRole=dialog]/multiGroupPanel/addLevelButton/;
selectWindow;name=1480504630509;
click;scLocator=//autoID[Class=MultiGroupDialog||index=144||length=145||classIndex=0||classLength=1||roleIndex=1||roleLength=2||title=Group||scRole=dialog]/multiGroupPanel/addLevelButton/;
selectWindow;name=1480504630509;
waitForElementClickable;scLocator=//autoID[Class=MultiGroupDialog||index=144||length=145||classIndex=0||classLength=1||roleIndex=1||roleLength=2||title=Group||scRole=dialog]/multiGroupPanel/optionsGrid/editRowForm/item[name=property||title=Column||value=groupTitle||index=1||Class=SelectItem]/[icon="picker"];
selectWindow;name=1480504630509;
click;scLocator=//autoID[Class=MultiGroupDialog||index=144||length=145||classIndex=0||classLength=1||roleIndex=1||roleLength=2||title=Group||scRole=dialog]/multiGroupPanel/optionsGrid/editRowForm/item[name=property||title=Column||value=groupTitle||index=1||Class=SelectItem]/[icon="picker"];
selectWindow;name=1480504630509;
waitForElementClickable;scLocator=//autoID[Class=MultiGroupDialog||index=144||length=145||classIndex=0||classLength=1||roleIndex=1||roleLength=2||title=Group||scRole=dialog]/multiGroupPanel/optionsGrid/editRowForm/item[name=property||title=Column||value=groupTitle||index=1||Class=SelectItem]/pickList/body/row[property=item_group_id||4]/col[fieldName=property||0];
selectWindow;name=1480504630509;
click;scLocator=//autoID[Class=MultiGroupDialog||index=144||length=145||classIndex=0||classLength=1||roleIndex=1||roleLength=2||title=Group||scRole=dialog]/multiGroupPanel/optionsGrid/editRowForm/item[name=property||title=Column||value=groupTitle||index=1||Class=SelectItem]/pickList/body/row[property=item_group_id||4]/col[fieldName=property||0];
selectWindow;name=1480504630509;
waitForElementClickable;scLocator=//autoID[Class=MultiGroupDialog||index=144||length=145||classIndex=0||classLength=1||roleIndex=1||roleLength=2||title=Group||scRole=dialog]/multiGroupPanel/optionsGrid/editRowForm/item[name=property||title=Column||value=item_group_id||index=1||Class=SelectItem]/[icon="picker"];
selectWindow;name=1480504630509;
click;scLocator=//autoID[Class=MultiGroupDialog||index=144||length=145||classIndex=0||classLength=1||roleIndex=1||roleLength=2||title=Group||scRole=dialog]/multiGroupPanel/optionsGrid/editRowForm/item[name=property||title=Column||value=item_group_id||index=1||Class=SelectItem]/[icon="picker"];
selectWindow;name=1480504630509;
waitForElementClickable;scLocator=//autoID[Class=MultiGroupDialog||index=144||length=145||classIndex=0||classLength=1||roleIndex=1||roleLength=2||title=Group||scRole=dialog]/multiGroupPanel/optionsGrid/editRowForm/item[name=property||title=Column||value=item_group_id||index=1||Class=SelectItem]/pickList/body/row[property=is_eod||6]/col[fieldName=property||0];
selectWindow;name=1480504630509;
click;scLocator=//autoID[Class=MultiGroupDialog||index=144||length=145||classIndex=0||classLength=1||roleIndex=1||roleLength=2||title=Group||scRole=dialog]/multiGroupPanel/optionsGrid/editRowForm/item[name=property||title=Column||value=item_group_id||index=1||Class=SelectItem]/pickList/body/row[property=is_eod||6]/col[fieldName=property||0];
selectWindow;name=1480504630509;
waitForElementClickable;scLocator=//autoID[Class=MultiGroupDialog||index=144||length=145||classIndex=0||classLength=1||roleIndex=1||roleLength=2||title=Group||scRole=dialog]/multiGroupPanel/optionsGrid/body/row[1]/col[fieldName=grouping||2];
selectWindow;name=1480504630509;
click;scLocator=//autoID[Class=MultiGroupDialog||index=144||length=145||classIndex=0||classLength=1||roleIndex=1||roleLength=2||title=Group||scRole=dialog]/multiGroupPanel/optionsGrid/body/row[1]/col[fieldName=grouping||2];
selectWindow;name=1480504630509;
waitForElementClickable;scLocator=//autoID[Class=MultiGroupDialog||index=144||length=145||classIndex=0||classLength=1||roleIndex=1||roleLength=2||title=Group||scRole=dialog]/applyButton/;
selectWindow;name=1480504630509;
click;scLocator=//autoID[Class=MultiGroupDialog||index=144||length=145||classIndex=0||classLength=1||roleIndex=1||roleLength=2||title=Group||scRole=dialog]/applyButton/;
selectWindow;name=1480504630509;
waitForElementClickable;scLocator=//Portlet[ID="liquidity_items_tab_2"]/item[0][Class="ListGrid"]/body/row[dt_ref=47||groupTitle=Week%20%2347||17]/col[fieldName=groupTitle||0];
selectWindow;name=1480504630509;
click;scLocator=//Portlet[ID="liquidity_items_tab_2"]/item[0][Class="ListGrid"]/body/row[dt_ref=47||groupTitle=Week%20%2347||17]/col[fieldName=groupTitle||0];
selectWindow;name=1480504630509;
waitForElementClickable;scLocator=//Portlet[ID="liquidity_items_tab_2"]/item[0][Class="ListGrid"]/body/row[groupTitle=false||18]/col[fieldName=groupTitle||0];
selectWindow;name=1480504630509;
click;scLocator=//Portlet[ID="liquidity_items_tab_2"]/item[0][Class="ListGrid"]/body/row[groupTitle=false||18]/col[fieldName=groupTitle||0];
selectWindow;name=1480504630509;
waitForElementClickable;scLocator=//Portlet[ID="liquidity_items_tab_2"]/item[0][Class="ListGrid"]/body/row[groupTitle=true||32]/col[fieldName=groupTitle||0];
selectWindow;name=1480504630509;
click;scLocator=//Portlet[ID="liquidity_items_tab_2"]/item[0][Class="ListGrid"]/body/row[groupTitle=true||32]/col[fieldName=groupTitle||0];
selectWindow;name=1480504630509;
waitForElementClickable;scLocator=//Portlet[ID="liquidity_items_tab_2"]/item[0][Class="ListGrid"]/headerMenuButton/;
selectWindow;name=1480504630509;
click;scLocator=//Portlet[ID="liquidity_items_tab_2"]/item[0][Class="ListGrid"]/headerMenuButton/;
selectWindow;name=1480504630509;
waitForElementClickable;scLocator=//Portlet[ID="liquidity_items_tab_2"]/item[0][Class="ListGrid"]/headerContextMenu[Class=Menu||index=0||length=1||classIndex=0||classLength=1||roleIndex=0||roleLength=1||scRole=menu]/body/row[title=Add%20formula%20column...||15]/col[fieldName=title||1];
selectWindow;name=1480504630509;
click;scLocator=//Portlet[ID="liquidity_items_tab_2"]/item[0][Class="ListGrid"]/headerContextMenu[Class=Menu||index=0||length=1||classIndex=0||classLength=1||roleIndex=0||roleLength=1||scRole=menu]/body/row[title=Add%20formula%20column...||15]/col[fieldName=title||1];
selectWindow;name=1480504630509;
waitForElementClickable;scLocator=//Portlet[ID="liquidity_items_tab_2"]/item[0][Class="ListGrid"]/fieldEditorWindow/item[0][Class="FormulaBuilder"]/formulaForm/item[name=formulaField||title=Formula||value=||index=0||Class=AutoFitTextAreaItem]/element;
selectWindow;name=1480504630509;
click;scLocator=//Portlet[ID="liquidity_items_tab_2"]/item[0][Class="ListGrid"]/fieldEditorWindow/item[0][Class="FormulaBuilder"]/formulaForm/item[name=formulaField||title=Formula||value=||index=0||Class=AutoFitTextAreaItem]/element;
selectWindow;name=1480504630509;
waitForElementClickable;scLocator=//Portlet[ID="liquidity_items_tab_2"]/item[0][Class="ListGrid"]/fieldEditorWindow/item[0][Class="FormulaBuilder"]/formulaForm/item[name=formulaField||title=Formula||value=%3D||index=0||Class=AutoFitTextAreaItem]/element;
selectWindow;name=1480504630509;
type;scLocator=//Portlet[ID="liquidity_items_tab_2"]/item[0][Class="ListGrid"]/fieldEditorWindow/item[0][Class="FormulaBuilder"]/formulaForm/item[name=formulaField||title=Formula||value=%3D||index=0||Class=AutoFitTextAreaItem]/element;=
selectWindow;name=1480504630509;
waitForElementClickable;scLocator=//Portlet[ID="liquidity_items_tab_2"]/item[0][Class="ListGrid"]/fieldEditorWindow/item[0][Class="FormulaBuilder"]/fieldKey/body/row[name=cash_amount||title=Cash%20amount||mappingKey=A||0]/col[fieldName=mappingKey||0];
selectWindow;name=1480504630509;
click;scLocator=//Portlet[ID="liquidity_items_tab_2"]/item[0][Class="ListGrid"]/fieldEditorWindow/item[0][Class="FormulaBuilder"]/fieldKey/body/row[name=cash_amount||title=Cash%20amount||mappingKey=A||0]/col[fieldName=mappingKey||0];
selectWindow;name=1480504630509;
waitForElementClickable;scLocator=//Portlet[ID="liquidity_items_tab_2"]/item[0][Class="ListGrid"]/fieldEditorWindow/item[0][Class="FormulaBuilder"]/formulaForm/item[name=formulaField||title=Formula||value=%3DA+100||index=0||Class=AutoFitTextAreaItem]/element;
selectWindow;name=1480504630509;
type;scLocator=//Portlet[ID="liquidity_items_tab_2"]/item[0][Class="ListGrid"]/fieldEditorWindow/item[0][Class="FormulaBuilder"]/formulaForm/item[name=formulaField||title=Formula||value=%3DA+100||index=0||Class=AutoFitTextAreaItem]/element;=A+100
selectWindow;name=1480504630509;
waitForElementClickable;scLocator=//Portlet[ID="liquidity_items_tab_2"]/item[0][Class="ListGrid"]/fieldEditorWindow/item[0][Class="FormulaBuilder"]/saveButton/;
selectWindow;name=1480504630509;
click;scLocator=//Portlet[ID="liquidity_items_tab_2"]/item[0][Class="ListGrid"]/fieldEditorWindow/item[0][Class="FormulaBuilder"]/saveButton/;
selectWindow;name=1480504630509;
waitForElementClickable;scLocator=//Portlet[ID="liquidity_items_tab_2"]/item[0][Class="ListGrid"]/headerMenuButton/;
selectWindow;name=1480504630509;
click;scLocator=//Portlet[ID="liquidity_items_tab_2"]/item[0][Class="ListGrid"]/headerMenuButton/;
selectWindow;name=1480504630509;
waitForElementClickable;scLocator=//Portlet[ID="liquidity_items_tab_2"]/item[0][Class="ListGrid"]/headerContextMenu[Class=Menu||index=0||length=1||classIndex=0||classLength=1||roleIndex=0||roleLength=1||scRole=menu]/body/row[title=Add%20summary%20column...||17]/col[fieldName=title||1];
selectWindow;name=1480504630509;
click;scLocator=//Portlet[ID="liquidity_items_tab_2"]/item[0][Class="ListGrid"]/headerContextMenu[Class=Menu||index=0||length=1||classIndex=0||classLength=1||roleIndex=0||roleLength=1||scRole=menu]/body/row[title=Add%20summary%20column...||17]/col[fieldName=title||1];
selectWindow;name=1480504630509;
waitForElementClickable;scLocator=//Portlet[ID="liquidity_items_tab_2"]/item[0][Class="ListGrid"]/fieldEditorWindow/item[0][Class="SummaryBuilder"]/fieldKey/body/row[name=cash_amount||title=Cash%20amount||3]/col[fieldName=title||1];
selectWindow;name=1480504630509;
click;scLocator=//Portlet[ID="liquidity_items_tab_2"]/item[0][Class="ListGrid"]/fieldEditorWindow/item[0][Class="SummaryBuilder"]/fieldKey/body/row[name=cash_amount||title=Cash%20amount||3]/col[fieldName=title||1];
selectWindow;name=1480504630509;
waitForElementClickable;scLocator=//Portlet[ID="liquidity_items_tab_2"]/item[0][Class="ListGrid"]/fieldEditorWindow/item[0][Class="SummaryBuilder"]/saveButton/;
selectWindow;name=1480504630509;
click;scLocator=//Portlet[ID="liquidity_items_tab_2"]/item[0][Class="ListGrid"]/fieldEditorWindow/item[0][Class="SummaryBuilder"]/saveButton/;
selectWindow;name=1480504630509;
waitForElementClickable;scLocator=//Portlet[ID="liquidity_items_tab_2"]/item[0][Class="ListGrid"]/header/headerButton[fieldName=item_reliability]/L;
selectWindow;name=1480504630509;
dragAndDrop;scLocator=//Portlet[ID="liquidity_items_tab_2"]/item[0][Class="ListGrid"]/header/headerButton[fieldName=item_reliability]/L;-153,+9
selectWindow;name=1480504630509;
waitForElementClickable;scLocator=//Portlet[ID="liquidity_items_tab_2"]/item[0][Class="ListGrid"]/header/headerButton[fieldName=is_eod]/L;
selectWindow;name=1480504630509;
waitForElementClickable;scLocator=//Portlet[ID="liquidity_items_tab_2"]/item[0][Class="ListGrid"]/body/row[dt_ref=48||groupTitle=Week%20%2348||0]/col[fieldName=item_reliability||5];
selectWindow;name=1480504630509;
dragAndDropToObject;scLocator=//Portlet[ID="liquidity_items_tab_2"]/item[0][Class="ListGrid"]/header/headerButton[fieldName=is_eod]/L;scLocator=//Portlet[ID="liquidity_items_tab_2"]/item[0][Class="ListGrid"]/body/row[dt_ref=48||groupTitle=Week%20%2348||0]/col[fieldName=item_reliability||5]
selectWindow;name=1480504630509;
waitForElementClickable;scLocator=//Portlet[ID="liquidity_items_tab_2"]/item[0][Class="ListGrid"]/header/headerButton[fieldName=formulaField1]/L;
selectWindow;name=1480504630509;
waitForElementClickable;scLocator=//Portlet[ID="liquidity_items_tab_2"]/item[0][Class="ListGrid"]/body/row[groupTitle=true||is_eod=true||1]/col[fieldName=is_eod||6];
selectWindow;name=1480504630509;
dragAndDropToObject;scLocator=//Portlet[ID="liquidity_items_tab_2"]/item[0][Class="ListGrid"]/header/headerButton[fieldName=formulaField1]/L;scLocator=//Portlet[ID="liquidity_items_tab_2"]/item[0][Class="ListGrid"]/body/row[groupTitle=true||is_eod=true||1]/col[fieldName=is_eod||6]
selectWindow;name=1480504630509;
waitForElementClickable;scLocator=//Portlet[ID="liquidity_items_tab_2"]/item[0][Class="ListGrid"]/headerMenuButton/R;
selectWindow;name=1480504630509;
waitForElementClickable;scLocator=//Portlet[ID="liquidity_items_tab_2"]/item[0][Class="ListGrid"]/filterEditor/body/;
selectWindow;name=1480504630509;
dragAndDropToObject;scLocator=//Portlet[ID="liquidity_items_tab_2"]/item[0][Class="ListGrid"]/headerMenuButton/R;scLocator=//Portlet[ID="liquidity_items_tab_2"]/item[0][Class="ListGrid"]/filterEditor/body/
selectWindow;name=1480504630509;
waitForElementClickable;scLocator=//Portlet[ID="liquidity_items_tab_2"]/item[0][Class="ListGrid"]/headerMenuButton/R;
selectWindow;name=1480504630509;
waitForElementClickable;scLocator=//Portlet[ID="liquidity_items_tab_2"]/item[0][Class="ListGrid"]/body/row[dt_ref=48||groupTitle=Week%20%2348||summaryField1=-115%2C341%2C581.57||0]/col[fieldName=summaryField1||8];
selectWindow;name=1480504630509;
dragAndDropToObject;scLocator=//Portlet[ID="liquidity_items_tab_2"]/item[0][Class="ListGrid"]/headerMenuButton/R;scLocator=//Portlet[ID="liquidity_items_tab_2"]/item[0][Class="ListGrid"]/body/row[dt_ref=48||groupTitle=Week%20%2348||summaryField1=-115%2C341%2C581.57||0]/col[fieldName=summaryField1||8]
selectWindow;name=1480504630509;
waitForElementClickable;scLocator=//Portlet[ID="liquidity_items_tab_2"]/item[0][Class="ListGrid"]/headerMenuButton/;
selectWindow;name=1480504630509;
click;scLocator=//Portlet[ID="liquidity_items_tab_2"]/item[0][Class="ListGrid"]/headerMenuButton/;
selectWindow;name=1480504630509;
waitForElementClickable;scLocator=//Portlet[ID="liquidity_items_tab_2"]/item[0][Class="ListGrid"]/headerContextMenu[Class=Menu||index=0||length=1||classIndex=0||classLength=1||roleIndex=0||roleLength=1||scRole=menu]/body/row[title=Ungroup||10]/col[fieldName=title||1];
selectWindow;name=1480504630509;
click;scLocator=//Portlet[ID="liquidity_items_tab_2"]/item[0][Class="ListGrid"]/headerContextMenu[Class=Menu||index=0||length=1||classIndex=0||classLength=1||roleIndex=0||roleLength=1||scRole=menu]/body/row[title=Ungroup||10]/col[fieldName=title||1];
selectWindow;name=1480504630509;
waitForElementClickable;scLocator=//Portlet[ID="liquidity_items_tab_2"]/item[0][Class="ListGrid"]/sorter/;
selectWindow;name=1480504630509;
click;scLocator=//Portlet[ID="liquidity_items_tab_2"]/item[0][Class="ListGrid"]/sorter/;
selectWindow;name=1480504630509;
waitForElementClickable;scLocator=//Portlet[ID="liquidity_items_tab_2"]/item[0][Class="ListGrid"]/sorter/;
selectWindow;name=1480504630509;
click;scLocator=//Portlet[ID="liquidity_items_tab_2"]/item[0][Class="ListGrid"]/sorter/;
selectWindow;name=1480504630509;
waitForElementClickable;scLocator=//Portlet[ID="liquidity_items_tab_2"]/item[0][Class="ListGrid"]/headerMenuButton/icon;
selectWindow;name=1480504630509;
click;scLocator=//Portlet[ID="liquidity_items_tab_2"]/item[0][Class="ListGrid"]/headerMenuButton/icon;
selectWindow;name=1480504630509;
waitForElementClickable;scLocator=//Portlet[ID="liquidity_items_tab_2"]/item[0][Class="ListGrid"]/body/row[item_id=EodCshCll||dt_ref=Wed Nov 30 2016 12:00:00 GMT+0100 (W. Europe Standard Time)||summaryField1=72%2C037%2C690.54||0]/col[fieldName=summaryField1||7];
selectWindow;name=1480504630509;
click;scLocator=//Portlet[ID="liquidity_items_tab_2"]/item[0][Class="ListGrid"]/body/row[item_id=EodCshCll||dt_ref=Wed Nov 30 2016 12:00:00 GMT+0100 (W. Europe Standard Time)||summaryField1=72%2C037%2C690.54||0]/col[fieldName=summaryField1||7];
selectWindow;name=1480504630509;
waitForElementClickable;scLocator=//Portlet[ID="liquidity_items_tab_2"]/item[0][Class="ListGrid"]/headerMenuButton/;
selectWindow;name=1480504630509;
click;scLocator=//Portlet[ID="liquidity_items_tab_2"]/item[0][Class="ListGrid"]/headerMenuButton/;
selectWindow;name=1480504630509;
waitForElementClickable;scLocator=//Portlet[ID="liquidity_items_tab_2"]/item[0][Class="ListGrid"]/body/;
selectWindow;name=1480504630509;
click;scLocator=//Portlet[ID="liquidity_items_tab_2"]/item[0][Class="ListGrid"]/body/;
selectWindow;name=1480504630509;
waitForElementClickable;scLocator=//Portlet[ID="liquidity_items_tab_2"]/item[0][Class="ListGrid"]/body/row[item_id=EodCshCll||dt_ref=Wed Nov 30 2016 12:00:00 GMT+0100 (W. Europe Standard Time)||0]/col[fieldName=formulaField1||6];
selectWindow;name=1480504630509;
click;scLocator=//Portlet[ID="liquidity_items_tab_2"]/item[0][Class="ListGrid"]/body/row[item_id=EodCshCll||dt_ref=Wed Nov 30 2016 12:00:00 GMT+0100 (W. Europe Standard Time)||0]/col[fieldName=formulaField1||6];
selectWindow;name=1480504630509;
waitForElementClickable;scLocator=//Portlet[ID="liquidity_items_tab_2"]/item[0][Class="ListGrid"]/body/row[item_id=EodCshCll||dt_ref=Wed Nov 30 2016 12:00:00 GMT+0100 (W. Europe Standard Time)||0]/col[fieldName=formulaField1||6];
selectWindow;name=1480504630509;
click;scLocator=//Portlet[ID="liquidity_items_tab_2"]/item[0][Class="ListGrid"]/body/row[item_id=EodCshCll||dt_ref=Wed Nov 30 2016 12:00:00 GMT+0100 (W. Europe Standard Time)||0]/col[fieldName=formulaField1||6];
selectWindow;name=1480504630509;
waitForElementClickable;scLocator=//Portlet[ID="liquidity_items_tab_2"]/item[0][Class="ListGrid"]/body/row[item_id=EodCshCll||dt_ref=Wed Nov 30 2016 12:00:00 GMT+0100 (W. Europe Standard Time)||0]/col[fieldName=formulaField1||6];
selectWindow;name=1480504630509;
secondClick;scLocator=//Portlet[ID="liquidity_items_tab_2"]/item[0][Class="ListGrid"]/body/row[item_id=EodCshCll||dt_ref=Wed Nov 30 2016 12:00:00 GMT+0100 (W. Europe Standard Time)||0]/col[fieldName=formulaField1||6];
selectWindow;name=1480504630509;
waitForElementClickable;scLocator=//Portlet[ID="liquidity_items_tab_2"]/item[0][Class="ListGrid"]/body/row[item_id=EodCshCll||dt_ref=Wed Nov 30 2016 12:00:00 GMT+0100 (W. Europe Standard Time)||0]/col[fieldName=formulaField1||6];
selectWindow;name=1480504630509;
click;scLocator=//Portlet[ID="liquidity_items_tab_2"]/item[0][Class="ListGrid"]/body/row[item_id=EodCshCll||dt_ref=Wed Nov 30 2016 12:00:00 GMT+0100 (W. Europe Standard Time)||0]/col[fieldName=formulaField1||6];
selectWindow;name=1480504630509;
waitForElementClickable;scLocator=//Portlet[ID="liquidity_items_tab_2"]/item[0][Class="ListGrid"]/body/row[item_id=AutCshRet||dt_ref=Wed Nov 30 2016 12:00:00 GMT+0100 (W. Europe Standard Time)||1]/col[fieldName=formulaField1||6];
selectWindow;name=1480504630509;
click;scLocator=//Portlet[ID="liquidity_items_tab_2"]/item[0][Class="ListGrid"]/body/row[item_id=AutCshRet||dt_ref=Wed Nov 30 2016 12:00:00 GMT+0100 (W. Europe Standard Time)||1]/col[fieldName=formulaField1||6];
selectWindow;name=1480504630509;
waitForElementClickable;scLocator=//Portlet[ID="liquidity_items_tab_2"]/item[0][Class="ListGrid"]/body/row[item_id=AutCshRet||dt_ref=Wed Nov 30 2016 12:00:00 GMT+0100 (W. Europe Standard Time)||1]/col[fieldName=formulaField1||6];
selectWindow;name=1480504630509;
secondClick;scLocator=//Portlet[ID="liquidity_items_tab_2"]/item[0][Class="ListGrid"]/body/row[item_id=AutCshRet||dt_ref=Wed Nov 30 2016 12:00:00 GMT+0100 (W. Europe Standard Time)||1]/col[fieldName=formulaField1||6];
selectWindow;name=1480504630509;
waitForElementClickable;scLocator=//Portlet[ID="liquidity_items_tab_2"]/item[0][Class="ListGrid"]/sorter/;
selectWindow;name=1480504630509;
click;scLocator=//Portlet[ID="liquidity_items_tab_2"]/item[0][Class="ListGrid"]/sorter/;
selectWindow;name=1480504630509;
waitForElementClickable;scLocator=//Portlet[ID="liquidity_items_tab_2"]/item[0][Class="ListGrid"]/sorter/;
click;scLocator=//Portlet[ID="liquidity_items_tab_2"]/item[0][Class="ListGrid"]/sorter/;
waitForElementClickable;scLocator=//Portlet[ID="liquidity_items_tab_2"]/item[0][Class="ListGrid"]/sorter/;
click;scLocator=//Portlet[ID="liquidity_items_tab_2"]/item[0][Class="ListGrid"]/sorter/;
waitForElementClickable;scLocator=//Portlet[ID="liquidity_items_tab_2"]/item[0][Class="ListGrid"]/sorter/;
click;scLocator=//Portlet[ID="liquidity_items_tab_2"]/item[0][Class="ListGrid"]/sorter/;
waitForElementClickable;scLocator=//Portlet[ID="liquidity_items_tab_2"]/item[0][Class="ListGrid"]/body/row[item_id=EodCshCll||dt_ref=Wed Nov 30 2016 12:00:00 GMT+0100 (W. Europe Standard Time)||0]/col[fieldName=formulaField1||6];
click;scLocator=//Portlet[ID="liquidity_items_tab_2"]/item[0][Class="ListGrid"]/body/row[item_id=EodCshCll||dt_ref=Wed Nov 30 2016 12:00:00 GMT+0100 (W. Europe Standard Time)||0]/col[fieldName=formulaField1||6];
waitForElementClickable;scLocator=//Portlet[ID="liquidity_items_tab_2"]/item[0][Class="ListGrid"]/filterEditor/actionButton/icon;
click;scLocator=//Portlet[ID="liquidity_items_tab_2"]/item[0][Class="ListGrid"]/filterEditor/actionButton/icon;
waitForElementClickable;scLocator=//Portlet[ID="liquidity_items_tab_2"]/item[0][Class="ListGrid"]/body/row[item_id=EodCshCll||dt_ref=Wed Nov 30 2016 12:00:00 GMT+0100 (W. Europe Standard Time)||0]/col[fieldName=formulaField1||6];
waitForElementClickable;scLocator=//Portlet[ID="liquidity_items_tab_2"]/item[0][Class="ListGrid"]/header/headerButton[fieldName=formulaField1]/;
click;scLocator=//Portlet[ID="liquidity_items_tab_2"]/item[0][Class="ListGrid"]/header/headerButton[fieldName=formulaField1]/;
waitForElementClickable;scLocator=//Portlet[ID="liquidity_items_tab_2"]/item[0][Class="ListGrid"]/headerMenuButton/;
click;scLocator=//Portlet[ID="liquidity_items_tab_2"]/item[0][Class="ListGrid"]/headerMenuButton/;
waitForElementClickable;scLocator=//Portlet[ID="liquidity_items_tab_2"]/item[0][Class="ListGrid"]/headerContextMenu[Class=Menu||index=0||length=1||classIndex=0||classLength=1||roleIndex=0||roleLength=1||scRole=menu]/body/row[title=Columns||7]/col[fieldName=title||1];
click;scLocator=//Portlet[ID="liquidity_items_tab_2"]/item[0][Class="ListGrid"]/headerContextMenu[Class=Menu||index=0||length=1||classIndex=0||classLength=1||roleIndex=0||roleLength=1||scRole=menu]/body/row[title=Columns||7]/col[fieldName=title||1];
waitForElementClickable;scLocator=//Menu[level=1]/body/row[title=New%20Field||6]/col[fieldName=icon||0];
click;scLocator=//Menu[level=1]/body/row[title=New%20Field||6]/col[fieldName=icon||0];
waitForElementClickable;scLocator=//Menu[level=1]/body/row[title=New%20Field||7]/col[fieldName=icon||0];
click;scLocator=//Menu[level=1]/body/row[title=New%20Field||7]/col[fieldName=icon||0];
waitForElementClickable;scLocator=//Menu[level=1]/body/row[title=Is%20eod||5]/col[fieldName=icon||0];
click;scLocator=//Menu[level=1]/body/row[title=Is%20eod||5]/col[fieldName=icon||0];
waitForElementClickable;scLocator=//Menu[level=1]/body/row[title=Reliability||4]/col[fieldName=icon||0];
click;scLocator=//Menu[level=1]/body/row[title=Reliability||4]/col[fieldName=icon||0];
waitForElementClickable;scLocator=//Menu[level=1]/body/row[title=Item%20group%20ID.||3]/col[fieldName=icon||0];
click;scLocator=//Menu[level=1]/body/row[title=Item%20group%20ID.||3]/col[fieldName=icon||0];
waitForElementClickable;scLocator=//Portlet[ID="liquidity_items_tab_2"]/item[0][Class="ListGrid"]/body/;
click;scLocator=//Portlet[ID="liquidity_items_tab_2"]/item[0][Class="ListGrid"]/body/;
waitForElementClickable;scLocator=//Portlet[ID="liquidity_items_tab_2"]/item[0][Class="ListGrid"]/sorter/;
click;scLocator=//Portlet[ID="liquidity_items_tab_2"]/item[0][Class="ListGrid"]/sorter/;
waitForElementClickable;scLocator=//Portlet[ID="liquidity_items_tab_2"]/item[0][Class="ListGrid"]/sorter/;
click;scLocator=//Portlet[ID="liquidity_items_tab_2"]/item[0][Class="ListGrid"]/sorter/;
waitForElementClickable;scLocator=//Portlet[ID="liquidity_items_tab_2"]/item[0][Class="ListGrid"]/sorter/;
click;scLocator=//Portlet[ID="liquidity_items_tab_2"]/item[0][Class="ListGrid"]/sorter/;
waitForElementClickable;scLocator=//Portlet[ID="liquidity_items_tab_2"]/item[0][Class="ListGrid"]/sorter/;
waitForElementClickable;scLocator=//Portlet[ID="liquidity_items_tab_2"]/item[0][Class="ListGrid"]/sorter/;
secondClick;scLocator=//Portlet[ID="liquidity_items_tab_2"]/item[0][Class="ListGrid"]/sorter/;
waitForElementClickable;scLocator=//Portlet[ID="liquidity_items_tab_2"]/item[0][Class="ListGrid"]/sorter/;
secondClick;scLocator=//Portlet[ID="liquidity_items_tab_2"]/item[0][Class="ListGrid"]/sorter/;
waitForElementClickable;scLocator=//Portlet[ID="liquidity_items_tab_2"]/item[0][Class="ListGrid"]/sorter/;
secondClick;scLocator=//Portlet[ID="liquidity_items_tab_2"]/item[0][Class="ListGrid"]/sorter/;
waitForElementClickable;scLocator=//Portlet[ID="liquidity_items_tab_2"]/item[0][Class="ListGrid"]/sorter/;
secondClick;scLocator=//Portlet[ID="liquidity_items_tab_2"]/item[0][Class="ListGrid"]/sorter/;
waitForElementClickable;scLocator=//Portlet[ID="liquidity_items_tab_2"]/item[0][Class="ListGrid"]/sorter/;
secondClick;scLocator=//Portlet[ID="liquidity_items_tab_2"]/item[0][Class="ListGrid"]/sorter/;
waitForElementClickable;scLocator=//Portlet[ID="liquidity_items_tab_2"]/item[0][Class="ListGrid"]/sorter/;
secondClick;scLocator=//Portlet[ID="liquidity_items_tab_2"]/item[0][Class="ListGrid"]/sorter/;
waitForElementClickable;scLocator=//Portlet[ID="liquidity_items_tab_2"]/item[0][Class="ListGrid"]/sorter/;
secondClick;scLocator=//Portlet[ID="liquidity_items_tab_2"]/item[0][Class="ListGrid"]/sorter/;
waitForElementClickable;scLocator=//Portlet[ID="liquidity_items_tab_2"]/item[0][Class="ListGrid"]/sorter/;
click;scLocator=//Portlet[ID="liquidity_items_tab_2"]/item[0][Class="ListGrid"]/sorter/;
waitForElementClickable;scLocator=//Portlet[ID="liquidity_items_tab_2"]/item[0][Class="ListGrid"]/sorter/;
secondClick;scLocator=//Portlet[ID="liquidity_items_tab_2"]/item[0][Class="ListGrid"]/sorter/;
waitForElementClickable;scLocator=//Portlet[ID="liquidity_items_tab_2"]/item[0][Class="ListGrid"]/sorter/;
secondClick;scLocator=//Portlet[ID="liquidity_items_tab_2"]/item[0][Class="ListGrid"]/sorter/;
waitForElementClickable;scLocator=//Portlet[ID="liquidity_items_tab_2"]/item[0][Class="ListGrid"]/sorter/;
secondClick;scLocator=//Portlet[ID="liquidity_items_tab_2"]/item[0][Class="ListGrid"]/sorter/;
waitForElementClickable;scLocator=//Portlet[ID="liquidity_items_tab_2"]/item[0][Class="ListGrid"]/sorter/;
secondClick;scLocator=//Portlet[ID="liquidity_items_tab_2"]/item[0][Class="ListGrid"]/sorter/;
waitForElementClickable;scLocator=//Portlet[ID="liquidity_items_tab_2"]/item[0][Class="ListGrid"]/sorter/;
secondClick;scLocator=//Portlet[ID="liquidity_items_tab_2"]/item[0][Class="ListGrid"]/sorter/;
waitForElementClickable;scLocator=//Portlet[ID="liquidity_items_tab_2"]/header/;
click;scLocator=//Portlet[ID="liquidity_items_tab_2"]/header/;
waitForElementClickable;scLocator=//Portlet[ID="liquidity_items_tab_2"]/item[0][Class="ListGrid"]/filterEditor/actionButton/icon;
secondClick;scLocator=//Portlet[ID="liquidity_items_tab_2"]/item[0][Class="ListGrid"]/filterEditor/actionButton/icon;
waitForElementClickable;scLocator=//Portlet[ID="liquidity_items_tab_2"]/item[0][Class="ListGrid"]/filterEditor/actionButton/icon;
secondClick;scLocator=//Portlet[ID="liquidity_items_tab_2"]/item[0][Class="ListGrid"]/filterEditor/actionButton/icon;
