Suite/Test/Step Name,Browser,Description,Start time,End time,Duration,Status
Test Suite Chrome v2.03,Chrome 60.0,,2019-04-26 16:31:41,2019-04-26 16:34:27,2m - 46.861s,FAILED
,,,,,,
Test Cases/Imported from Selenium IDE Scripts/ver. 2.03/Chrome/RU20/RU20-NUC01-T01,Chrome 60.0,PAMP -  Portfolio B. T.  Eq./Der. -  Member Results - View,2019-04-26 16:31:41,2019-04-26 16:32:15,34.295s,PASSED
"Comment - ""----------------------------------------------------""",Chrome 60.0,,2019-04-26 16:31:42,2019-04-26 16:31:42,0.003s,PASSED
"Comment - ""This test case script is generated by Katalon Studio""",Chrome 60.0,,2019-04-26 16:31:42,2019-04-26 16:31:42,0.008s,PASSED
"Comment - ""Generated date: 09-Oct-2018 09:59:22 AM""",Chrome 60.0,,2019-04-26 16:31:42,2019-04-26 16:31:42,0.009s,PASSED
"Comment - ""File path: H:\Desktop\LiME_2.03\LiME_2.03\CdT\RUN_1\RU20\RU20-NUC01-T01.rctest""",Chrome 60.0,,2019-04-26 16:31:42,2019-04-26 16:31:42,0.003s,PASSED
"Comment - ""LiME - Data Staging Stress - Central bank for sec. Withdraw stg""",Chrome 60.0,,2019-04-26 16:31:42,2019-04-26 16:31:42,0.001s,PASSED
"Comment - ""Generated by: masspetracca@gmail.com""",Chrome 60.0,,2019-04-26 16:31:42,2019-04-26 16:31:42,0.039s,PASSED
openBrowser,Chrome 60.0,----------------------------------------------------,2019-04-26 16:31:42,2019-04-26 16:31:48,5.928s,PASSED
navigateToUrl,Chrome 60.0,TC >> RU20-NUC01-T01.rctest,2019-04-26 16:31:48,2019-04-26 16:31:48,0.430s,PASSED
setText,Chrome 60.0,,2019-04-26 16:31:48,2019-04-26 16:31:48,0.171s,PASSED
setText,Chrome 60.0,,2019-04-26 16:31:48,2019-04-26 16:31:48,0.089s,PASSED
click,Chrome 60.0,,2019-04-26 16:31:48,2019-04-26 16:31:52,3.725s,PASSED
navigateToUrl,Chrome 60.0,TC >> RU20-NUC01-T01.rctest,2019-04-26 16:31:52,2019-04-26 16:31:53,1.190s,PASSED
click,Chrome 60.0,,2019-04-26 16:31:53,2019-04-26 16:32:15,21.690s,PASSED
click,Chrome 60.0,,2019-04-26 16:32:15,2019-04-26 16:32:15,0.006s,NOT_RUN
click,Chrome 60.0,,2019-04-26 16:32:15,2019-04-26 16:32:15,0.002s,NOT_RUN
click,Chrome 60.0,,2019-04-26 16:32:15,2019-04-26 16:32:15,0.001s,NOT_RUN
click,Chrome 60.0,,2019-04-26 16:32:15,2019-04-26 16:32:15,0.002s,NOT_RUN
click,Chrome 60.0,,2019-04-26 16:32:15,2019-04-26 16:32:15,0.001s,NOT_RUN
closeBrowser,Chrome 60.0,,2019-04-26 16:32:15,2019-04-26 16:32:15,0.393s,PASSED
,,,,,,
Test Cases/Imported from Selenium IDE Scripts/ver. 2.03/Chrome/RU26/RU26-NUC01-T01,Chrome 60.0,PAMP -  Portfolio B. T.  Eq./Der. -  Member Results - View,2019-04-26 16:32:15,2019-04-26 16:32:35,19.333s,FAILED
"Comment - ""----------------------------------------------------""",Chrome 60.0,,2019-04-26 16:32:16,2019-04-26 16:32:16,0.003s,PASSED
"Comment - ""This test case script is generated by Katalon Studio""",Chrome 60.0,,2019-04-26 16:32:16,2019-04-26 16:32:16,0.001s,PASSED
"Comment - ""Generated date: 09-Oct-2018 09:59:22 AM""",Chrome 60.0,,2019-04-26 16:32:16,2019-04-26 16:32:16,0.002s,PASSED
"Comment - ""File path: H:\Desktop\LiME_2.03\LiME_2.03\CdT\RUN_1\RU26\RU26-NUC01-T01.rctest""",Chrome 60.0,,2019-04-26 16:32:16,2019-04-26 16:32:16,0.000s,PASSED
"Comment - ""LiME -  Liquidity SWAP - Liq. Swap""",Chrome 60.0,,2019-04-26 16:32:16,2019-04-26 16:32:16,0.000s,PASSED
"Comment - ""Generated by: masspetracca@gmail.com""",Chrome 60.0,,2019-04-26 16:32:16,2019-04-26 16:32:16,0.001s,PASSED
openBrowser,Chrome 60.0,----------------------------------------------------,2019-04-26 16:32:16,2019-04-26 16:32:24,8.102s,PASSED
navigateToUrl,Chrome 60.0,TC >> RU26-NUC01-T01.rctest,2019-04-26 16:32:24,2019-04-26 16:32:24,0.380s,PASSED
setText,Chrome 60.0,,2019-04-26 16:32:24,2019-04-26 16:32:24,0.149s,PASSED
setText,Chrome 60.0,,2019-04-26 16:32:24,2019-04-26 16:32:24,0.088s,PASSED
click,Chrome 60.0,,2019-04-26 16:32:24,2019-04-26 16:32:26,1.406s,PASSED
navigateToUrl,Chrome 60.0,,2019-04-26 16:32:26,2019-04-26 16:32:27,1.101s,PASSED
click,Chrome 60.0,,2019-04-26 16:32:27,2019-04-26 16:32:35,7.792s,FAILED
,,,,,,
Test Cases/Imported from Selenium IDE Scripts/ver. 2.03/Chrome/RU32/RU32-NUC01-T01,Chrome 60.0,PAMP -  Portfolio B. T.  Eq./Der. -  Member Results - View,2019-04-26 16:32:35,2019-04-26 16:33:38,1m - 3.335s,FAILED
"Comment - ""----------------------------------------------------""",Chrome 60.0,,2019-04-26 16:32:35,2019-04-26 16:32:35,0.003s,PASSED
"Comment - ""This test case script is generated by Katalon Studio""",Chrome 60.0,,2019-04-26 16:32:35,2019-04-26 16:32:35,0.000s,PASSED
"Comment - ""Generated date: 09-Oct-2018 09:59:22 AM""",Chrome 60.0,,2019-04-26 16:32:35,2019-04-26 16:32:35,0.000s,PASSED
"Comment - ""File path: H:\Desktop\LiME_2.03\LiME_2.03\CdT\RUN_1\RU32\RU32-NUC01-T01.rctest""",Chrome 60.0,,2019-04-26 16:32:35,2019-04-26 16:32:35,0.004s,PASSED
"Comment - ""LiME -  RUN Register""",Chrome 60.0,,2019-04-26 16:32:35,2019-04-26 16:32:35,0.001s,PASSED
"Comment - ""Generated by: masspetracca@gmail.com""",Chrome 60.0,,2019-04-26 16:32:35,2019-04-26 16:32:35,0.003s,PASSED
openBrowser,Chrome 60.0,----------------------------------------------------,2019-04-26 16:32:35,2019-04-26 16:32:42,6.551s,PASSED
navigateToUrl,Chrome 60.0,TC >> RU32-NUC01-T01.rctest,2019-04-26 16:32:42,2019-04-26 16:32:42,0.436s,PASSED
setText,Chrome 60.0,,2019-04-26 16:32:42,2019-04-26 16:32:43,0.631s,PASSED
setText,Chrome 60.0,,2019-04-26 16:32:43,2019-04-26 16:32:43,0.174s,PASSED
click,Chrome 60.0,,2019-04-26 16:32:43,2019-04-26 16:32:46,2.961s,PASSED
navigateToUrl,Chrome 60.0,,2019-04-26 16:32:46,2019-04-26 16:32:47,1.276s,PASSED
click,Chrome 60.0,,2019-04-26 16:32:47,2019-04-26 16:33:00,12.726s,PASSED
click,Chrome 60.0,,2019-04-26 16:33:00,2019-04-26 16:33:38,38.193s,FAILED
,,,,,,
Test Cases/Imported from Selenium IDE Scripts/ver. 2.03/Chrome/RU39/RU39-NUC01-T01,Chrome 60.0,PAMP -  Portfolio B. T.  Eq./Der. -  Member Results - View,2019-04-26 16:33:38,2019-04-26 16:34:07,28.970s,PASSED
"Comment - ""----------------------------------------------------""",Chrome 60.0,,2019-04-26 16:33:38,2019-04-26 16:33:38,0.001s,PASSED
"Comment - ""This test case script is generated by Katalon Studio""",Chrome 60.0,,2019-04-26 16:33:38,2019-04-26 16:33:38,0.000s,PASSED
"Comment - ""Generated date: 09-Oct-2018 09:59:22 AM""",Chrome 60.0,,2019-04-26 16:33:38,2019-04-26 16:33:38,0.000s,PASSED
"Comment - ""File path: H:\Desktop\LiME_2.03\LiME_2.03\CdT\RUN_1\RU39\RU39-NUC01-T01.rctest""",Chrome 60.0,,2019-04-26 16:33:38,2019-04-26 16:33:38,0.000s,PASSED
"Comment - ""LiME - Liq Staging- Liq Stressed market conditions - Av.Cash No Excess Cash""",Chrome 60.0,,2019-04-26 16:33:38,2019-04-26 16:33:38,0.001s,PASSED
"Comment - ""Generated by: masspetracca@gmail.com""",Chrome 60.0,,2019-04-26 16:33:38,2019-04-26 16:33:38,0.001s,PASSED
openBrowser,Chrome 60.0,----------------------------------------------------,2019-04-26 16:33:38,2019-04-26 16:33:48,9.433s,PASSED
navigateToUrl,Chrome 60.0,TC >> RU39-NUC01-T01.rctest,2019-04-26 16:33:48,2019-04-26 16:33:48,0.453s,PASSED
setText,Chrome 60.0,,2019-04-26 16:33:48,2019-04-26 16:33:48,0.104s,PASSED
setText,Chrome 60.0,,2019-04-26 16:33:48,2019-04-26 16:33:49,0.165s,PASSED
click,Chrome 60.0,,2019-04-26 16:33:49,2019-04-26 16:33:50,1.719s,PASSED
navigateToUrl,Chrome 60.0,,2019-04-26 16:33:50,2019-04-26 16:33:51,1.181s,PASSED
click,Chrome 60.0,,2019-04-26 16:33:51,2019-04-26 16:34:06,14.993s,PASSED
closeBrowser,Chrome 60.0,,2019-04-26 16:34:06,2019-04-26 16:34:07,0.561s,PASSED
,,,,,,
Test Cases/Imported from Selenium IDE Scripts/ver. 2.03/Chrome/RU40/RU40-NUC01-T01,Chrome 60.0,PAMP -  Portfolio B. T.  Eq./Der. -  Member Results - View,2019-04-26 16:34:07,2019-04-26 16:34:27,20.307s,PASSED
"Comment - ""----------------------------------------------------""",Chrome 60.0,,2019-04-26 16:34:07,2019-04-26 16:34:07,0.000s,PASSED
"Comment - ""This test case script is generated by Katalon Studio""",Chrome 60.0,,2019-04-26 16:34:07,2019-04-26 16:34:07,0.000s,PASSED
"Comment - ""Generated date: 09-Oct-2018 09:59:22 AM""",Chrome 60.0,,2019-04-26 16:34:07,2019-04-26 16:34:07,0.000s,PASSED
"Comment - ""File path: H:\Desktop\LiME_2.03\LiME_2.03\CdT\RUN_1\RU40\RU40-NUC01-T01.rctest""",Chrome 60.0,,2019-04-26 16:34:07,2019-04-26 16:34:07,0.000s,PASSED
"Comment - ""LiME - Liq Staging- Liq Stressed market conditions - Sec.As Mar NO Excess Collateral""",Chrome 60.0,,2019-04-26 16:34:07,2019-04-26 16:34:07,0.001s,PASSED
"Comment - ""Generated by: masspetracca@gmail.com""",Chrome 60.0,,2019-04-26 16:34:07,2019-04-26 16:34:07,0.001s,PASSED
openBrowser,Chrome 60.0,----------------------------------------------------,2019-04-26 16:34:07,2019-04-26 16:34:13,6.014s,PASSED
navigateToUrl,Chrome 60.0,TC >> RU40-NUC01-T01.rctest,2019-04-26 16:34:13,2019-04-26 16:34:14,0.417s,PASSED
setText,Chrome 60.0,,2019-04-26 16:34:14,2019-04-26 16:34:14,0.419s,PASSED
setText,Chrome 60.0,,2019-04-26 16:34:14,2019-04-26 16:34:16,1.381s,PASSED
click,Chrome 60.0,,2019-04-26 16:34:16,2019-04-26 16:34:17,1.605s,PASSED
navigateToUrl,Chrome 60.0,,2019-04-26 16:34:17,2019-04-26 16:34:18,1.062s,PASSED
click,Chrome 60.0,,2019-04-26 16:34:18,2019-04-26 16:34:27,8.820s,PASSED
closeBrowser,Chrome 60.0,,2019-04-26 16:34:27,2019-04-26 16:34:27,0.359s,PASSED
