{"devicePlatform":"","logFolder":"C:\\Users\\mpetracc\\Katalon Studio\\KLiME\\Reports\\Test Suite Chrome v2.03\\Test Suite Chrome v2.03\\20190426_163138","runData":{"hostName":"mpetracc - DP-CCG-VDESK10.lseg.stockex.local","os":"Windows 10 64bit","katalonVersion":"5.7.1.1","browser":"Chrome 60.0","hostAddress":"10.0.15.229","sessionId":"40015894-3f4d-4350-86fc-7be476aad463","seleniumVersion":"3.7.1","proxyInformation":"ProxyInformation{proxyOption\u003dUSE_SYSTEM, proxyServerType\u003dHTTP, password\u003d, proxyServerAddress\u003d, proxyServerPort\u003d0}","platform":"Windows 10"},"type":"TEST_SUITE","name":"Test Suite Chrome v2.03","id":"Test Suites/Test Suite Chrome v2.03/Test Suite Chrome v2.03","source":"","message":"Test Cases/Imported from Selenium IDE Scripts/ver. 2.03/Chrome/RU26/RU26-NUC01-T01 FAILED because (of) (Stack trace: com.kms.katalon.core.exception.StepFailedException: Unable to click on object \u0027Object Repository/ver 2.03/Page_CCG Portal/RU26-NUC01/RU26-NUC01-T01/Page_LiME/nobr_Liq. Swap\u0027 (Root cause: org.openqa.selenium.ElementNotInteractableException: Element \u003cnobr\u003e could not be scrolled into view\nBuild info: version: \u00273.7.1\u0027, revision: \u00278a0099a\u0027, time: \u00272017-11-06T21:07:36.161Z\u0027\nSystem info: host: \u0027DP-CCG-VDESK10\u0027, ip: \u002710.0.15.229\u0027, os.name: \u0027Windows 10\u0027, os.arch: \u0027amd64\u0027, os.version: \u002710.0\u0027, java.version: \u00271.8.0_181\u0027\nDriver info: com.kms.katalon.core.webui.driver.Chrome.CGeckoDriver\nCapabilities {acceptInsecureCerts: true, browserName: Chrome, browserVersion: 60.6.1, javascriptEnabled: true, moz:accessibilityChecks: false, moz:headless: false, moz:processID: 9708, moz:profile: C:\\Users\\mpetracc\\AppData\\L..., moz:useNonSpecCompliantPointerOrigin: false, moz:webdriverClick: true, pageLoadStrategy: normal, platform: XP, platformName: XP, platformVersion: 10.0, proxy: Proxy(system), rotatable: false, timeouts: {implicit: 0, pageLoad: 300000, script: 30000}}\nSession ID: 7724f282-be35-4c0a-8c45-05d65604024c)\r\n\tat com.kms.katalon.core.keyword.internal.KeywordMain.stepFailed(KeywordMain.groovy:36)\r\n\tat com.kms.katalon.core.webui.keyword.internal.WebUIKeywordMain.stepFailed(WebUIKeywordMain.groovy:65)\r\n\tat com.kms.katalon.core.webui.keyword.internal.WebUIKeywordMain.runKeyword(WebUIKeywordMain.groovy:27)\r\n\tat com.kms.katalon.core.webui.keyword.builtin.ClickKeyword.click(ClickKeyword.groovy:86)\r\n\tat com.kms.katalon.core.webui.keyword.builtin.ClickKeyword.execute(ClickKeyword.groovy:67)\r\n\tat com.kms.katalon.core.keyword.internal.KeywordExecutor.executeKeywordForPlatform(KeywordExecutor.groovy:53)\r\n\tat com.kms.katalon.core.webui.keyword.WebUiBuiltInKeywords.click(WebUiBuiltInKeywords.groovy:616)\r\n\tat com.kms.katalon.core.webui.keyword.WebUiBuiltInKeywords$click$2.call(Unknown Source)\r\n\tat org.codehaus.groovy.runtime.callsite.CallSiteArray.defaultCall(CallSiteArray.java:48)\r\n\tat org.codehaus.groovy.runtime.callsite.AbstractCallSite.call(AbstractCallSite.java:113)\r\n\tat org.codehaus.groovy.runtime.callsite.AbstractCallSite.call(AbstractCallSite.java:125)\r\n\tat Script1556031121997.run(Script1556031121997.groovy:42)\r\n\tat com.kms.katalon.core.main.ScriptEngine.run(ScriptEngine.java:183)\r\n\tat com.kms.katalon.core.main.ScriptEngine.runScriptAsRawText(ScriptEngine.java:108)\r\n\tat com.kms.katalon.core.main.TestCaseExecutor.runScript(TestCaseExecutor.java:294)\r\n\tat com.kms.katalon.core.main.TestCaseExecutor.doExecute(TestCaseExecutor.java:285)\r\n\tat com.kms.katalon.core.main.TestCaseExecutor.processExecutionPhase(TestCaseExecutor.java:264)\r\n\tat com.kms.katalon.core.main.TestCaseExecutor.accessMainPhase(TestCaseExecutor.java:256)\r\n\tat com.kms.katalon.core.main.TestCaseExecutor.execute(TestCaseExecutor.java:200)\r\n\tat com.kms.katalon.core.main.TestSuiteExecutor.accessTestCaseMainPhase(TestSuiteExecutor.java:129)\r\n\tat com.kms.katalon.core.main.TestSuiteExecutor.accessTestSuiteMainPhase(TestSuiteExecutor.java:112)\r\n\tat com.kms.katalon.core.main.TestSuiteExecutor.execute(TestSuiteExecutor.java:81)\r\n\tat com.kms.katalon.core.main.TestCaseMain.startTestSuite(TestCaseMain.java:142)\r\n\tat com.kms.katalon.core.main.TestCaseMain$startTestSuite$0.call(Unknown Source)\r\n\tat org.codehaus.groovy.runtime.callsite.CallSiteArray.defaultCall(CallSiteArray.java:48)\r\n\tat org.codehaus.groovy.runtime.callsite.AbstractCallSite.call(AbstractCallSite.java:113)\r\n\tat org.codehaus.groovy.runtime.callsite.AbstractCallSite.call(AbstractCallSite.java:141)\r\n\tat TempTestSuite1556289098500.run(TempTestSuite1556289098500.groovy:36)\r\n\tat groovy.lang.GroovyShell.runScriptOrMainOrTestOrRunnable(GroovyShell.java:263)\r\n\tat groovy.lang.GroovyShell.run(GroovyShell.java:518)\r\n\tat groovy.lang.GroovyShell.run(GroovyShell.java:507)\r\n\tat groovy.ui.GroovyMain.processOnce(GroovyMain.java:653)\r\n\tat groovy.ui.GroovyMain.run(GroovyMain.java:384)\r\n\tat groovy.ui.GroovyMain.process(GroovyMain.java:370)\r\n\tat groovy.ui.GroovyMain.processArgs(GroovyMain.java:129)\r\n\tat groovy.ui.GroovyMain.main(GroovyMain.java:109)\r\n\tat sun.reflect.NativeMethodAccessorImpl.invoke0(Native Method)\r\n\tat sun.reflect.NativeMethodAccessorImpl.invoke(NativeMethodAccessorImpl.java:62)\r\n\tat sun.reflect.DelegatingMethodAccessorImpl.invoke(DelegatingMethodAccessorImpl.java:43)\r\n\tat java.lang.reflect.Method.invoke(Method.java:498)\r\n\tat org.codehaus.groovy.tools.GroovyStarter.rootLoader(GroovyStarter.java:109)\r\n\tat org.codehaus.groovy.tools.GroovyStarter.main(GroovyStarter.java:131)\r\n)","description":"","startTime":1556289101027,"endTime":1556289267888,"childRecords":[{"isOptional":false,"type":"TEST_CASE","name":"Test Cases/Imported from Selenium IDE Scripts/ver. 2.03/Chrome/RU20/RU20-NUC01-T01","id":"Test Cases/Imported from Selenium IDE Scripts/ver. 2.03/Chrome/RU20/RU20-NUC01-T01","source":"C:\\\\Users\\\\mpetracc\\\\Katalon Studio\\\\KLiME\\\\Test Cases\\\\Imported from Selenium IDE Scripts\\\\ver. 2.03\\\\Chrome\\\\RU20\\\\RU20-NUC01-T01.tc","message":"Test Cases/Imported from Selenium IDE Scripts/ver. 2.03/Chrome/RU20/RU20-NUC01-T01","description":"PAMP -  Portfolio B. T.  Eq./Der. -  Member Results - View","startTime":1556289101583,"endTime":1556289135878,"childRecords":[{"testStatus":{"stackTrace":"","statusValue":"INFO"},"type":"MESSAGE","name":"","message":"Evaluating variables for test case","startTime":1556289101613,"endTime":0,"childRecords":[],"interuppted":false},{"index":1,"isIgnoredIfFailed":false,"type":"TEST_STEP","name":"Comment - \"----------------------------------------------------\"","description":"","startTime":1556289102141,"endTime":1556289102144,"childRecords":[],"interuppted":false},{"index":2,"isIgnoredIfFailed":false,"type":"TEST_STEP","name":"Comment - \"This test case script is generated by Katalon Studio\"","description":"","startTime":1556289102152,"endTime":1556289102160,"childRecords":[],"interuppted":false},{"index":3,"isIgnoredIfFailed":false,"type":"TEST_STEP","name":"Comment - \"Generated date: 09-Oct-2018 09:59:22 AM\"","description":"","startTime":1556289102164,"endTime":1556289102173,"childRecords":[],"interuppted":false},{"index":4,"isIgnoredIfFailed":false,"type":"TEST_STEP","name":"Comment - \"File path: H:\\Desktop\\LiME_2.03\\LiME_2.03\\CdT\\RUN_1\\RU20\\RU20-NUC01-T01.rctest\"","description":"","startTime":1556289102182,"endTime":1556289102185,"childRecords":[],"interuppted":false},{"index":5,"isIgnoredIfFailed":false,"type":"TEST_STEP","name":"Comment - \"LiME - Data Staging Stress - Central bank for sec. Withdraw stg\"","description":"","startTime":1556289102189,"endTime":1556289102190,"childRecords":[],"interuppted":false},{"index":6,"isIgnoredIfFailed":false,"type":"TEST_STEP","name":"Comment - \"Generated by: masspetracca@gmail.com\"","description":"","startTime":1556289102204,"endTime":1556289102243,"childRecords":[],"interuppted":false},{"index":7,"isIgnoredIfFailed":false,"type":"TEST_STEP","name":"openBrowser","message":"Browser is opened with url: \u0027\u0027","description":"----------------------------------------------------","startTime":1556289102244,"endTime":1556289108172,"childRecords":[{"testStatus":{"stackTrace":"","statusValue":"PASSED"},"type":"MESSAGE","name":"","message":"Browser is opened with url: \u0027\u0027","startTime":1556289108171,"endTime":0,"childRecords":[],"interuppted":false}],"interuppted":false},{"index":8,"isIgnoredIfFailed":false,"type":"TEST_STEP","name":"navigateToUrl","message":"Navigate to \u0027https://10.0.10.230:10044/LiqPortalWEB/index.html\u0027 successfully","description":"TC \u003e\u003e RU20-NUC01-T01.rctest","startTime":1556289108172,"endTime":1556289108602,"childRecords":[{"testStatus":{"stackTrace":"","statusValue":"PASSED"},"type":"MESSAGE","name":"","message":"Navigate to \u0027https://10.0.10.230:10044/LiqPortalWEB/index.html\u0027 successfully","startTime":1556289108601,"endTime":0,"childRecords":[],"interuppted":false}],"interuppted":false},{"index":9,"isIgnoredIfFailed":false,"type":"TEST_STEP","name":"setText","message":"Text \u0027mpetracc\u0027 is set on object \u0027Object Repository/ver 2.03/Page_CCG Portal/RU20-NUC01/RU20-NUC01-T01/input_Username_j_username\u0027","description":"","startTime":1556289108602,"endTime":1556289108773,"childRecords":[{"testStatus":{"stackTrace":"","statusValue":"PASSED"},"type":"MESSAGE","name":"","message":"Text \u0027mpetracc\u0027 is set on object \u0027Object Repository/ver 2.03/Page_CCG Portal/RU20-NUC01/RU20-NUC01-T01/input_Username_j_username\u0027","startTime":1556289108772,"endTime":0,"childRecords":[],"interuppted":false}],"interuppted":false},{"index":10,"isIgnoredIfFailed":false,"type":"TEST_STEP","name":"setText","message":"Text \u0027.mpetrac005\u0027 is set on object \u0027Object Repository/ver 2.03/Page_CCG Portal/RU20-NUC01/RU20-NUC01-T01/input_Password_j_password\u0027","description":"","startTime":1556289108773,"endTime":1556289108862,"childRecords":[{"testStatus":{"stackTrace":"","statusValue":"PASSED"},"type":"MESSAGE","name":"","message":"Text \u0027.mpetrac005\u0027 is set on object \u0027Object Repository/ver 2.03/Page_CCG Portal/RU20-NUC01/RU20-NUC01-T01/input_Password_j_password\u0027","startTime":1556289108861,"endTime":0,"childRecords":[],"interuppted":false}],"interuppted":false},{"index":11,"isIgnoredIfFailed":false,"type":"TEST_STEP","name":"click","message":"Object: \u0027Object Repository/ver 2.03/Page_CCG Portal/RU20-NUC01/RU20-NUC01-T01/input_Password_submitLabel\u0027 is clicked on","description":"","startTime":1556289108862,"endTime":1556289112587,"childRecords":[{"testStatus":{"stackTrace":"","statusValue":"PASSED"},"type":"MESSAGE","name":"","message":"Object: \u0027Object Repository/ver 2.03/Page_CCG Portal/RU20-NUC01/RU20-NUC01-T01/input_Password_submitLabel\u0027 is clicked on","startTime":1556289112585,"endTime":0,"childRecords":[],"interuppted":false}],"interuppted":false},{"index":12,"isIgnoredIfFailed":false,"type":"TEST_STEP","name":"navigateToUrl","message":"Navigate to \u0027https://10.0.10.230:10044/LiqPortalWEB/index.html\u0027 successfully","description":"TC \u003e\u003e RU20-NUC01-T01.rctest","startTime":1556289112588,"endTime":1556289113778,"childRecords":[{"testStatus":{"stackTrace":"","statusValue":"PASSED"},"type":"MESSAGE","name":"","message":"Navigate to \u0027https://10.0.10.230:10044/LiqPortalWEB/index.html\u0027 successfully","startTime":1556289113777,"endTime":0,"childRecords":[],"interuppted":false}],"interuppted":false},{"index":13,"isIgnoredIfFailed":false,"type":"TEST_STEP","name":"click","message":"Object: \u0027Object Repository/ver 2.03/Page_CCG Portal/RU20-NUC01/RU20-NUC01-T01/Page_LiME/nobr_Central Bank for Sec.With\u0027 is clicked on","description":"","startTime":1556289113778,"endTime":1556289135468,"childRecords":[{"testStatus":{"stackTrace":"","statusValue":"PASSED"},"type":"MESSAGE","name":"","message":"Object: \u0027Object Repository/ver 2.03/Page_CCG Portal/RU20-NUC01/RU20-NUC01-T01/Page_LiME/nobr_Central Bank for Sec.With\u0027 is clicked on","startTime":1556289135466,"endTime":0,"childRecords":[],"interuppted":false}],"interuppted":false},{"index":14,"isIgnoredIfFailed":false,"type":"TEST_STEP","name":"click","message":"NOT_RUN: click","description":"","startTime":1556289135469,"endTime":1556289135475,"childRecords":[{"testStatus":{"stackTrace":"","statusValue":"NOT_RUN"},"type":"MESSAGE","name":"","message":"NOT_RUN: click","startTime":1556289135474,"endTime":0,"childRecords":[],"interuppted":false}],"interuppted":false},{"index":15,"isIgnoredIfFailed":false,"type":"TEST_STEP","name":"click","message":"NOT_RUN: click","description":"","startTime":1556289135476,"endTime":1556289135478,"childRecords":[{"testStatus":{"stackTrace":"","statusValue":"NOT_RUN"},"type":"MESSAGE","name":"","message":"NOT_RUN: click","startTime":1556289135476,"endTime":0,"childRecords":[],"interuppted":false}],"interuppted":false},{"index":16,"isIgnoredIfFailed":false,"type":"TEST_STEP","name":"click","message":"NOT_RUN: click","description":"","startTime":1556289135478,"endTime":1556289135479,"childRecords":[{"testStatus":{"stackTrace":"","statusValue":"NOT_RUN"},"type":"MESSAGE","name":"","message":"NOT_RUN: click","startTime":1556289135479,"endTime":0,"childRecords":[],"interuppted":false}],"interuppted":false},{"index":17,"isIgnoredIfFailed":false,"type":"TEST_STEP","name":"click","message":"NOT_RUN: click","description":"","startTime":1556289135479,"endTime":1556289135481,"childRecords":[{"testStatus":{"stackTrace":"","statusValue":"NOT_RUN"},"type":"MESSAGE","name":"","message":"NOT_RUN: click","startTime":1556289135480,"endTime":0,"childRecords":[],"interuppted":false}],"interuppted":false},{"index":18,"isIgnoredIfFailed":false,"type":"TEST_STEP","name":"click","message":"NOT_RUN: click","description":"","startTime":1556289135481,"endTime":1556289135482,"childRecords":[{"testStatus":{"stackTrace":"","statusValue":"NOT_RUN"},"type":"MESSAGE","name":"","message":"NOT_RUN: click","startTime":1556289135481,"endTime":0,"childRecords":[],"interuppted":false}],"interuppted":false},{"index":19,"isIgnoredIfFailed":false,"type":"TEST_STEP","name":"closeBrowser","message":"Browser is closed","description":"","startTime":1556289135483,"endTime":1556289135876,"childRecords":[{"testStatus":{"stackTrace":"","statusValue":"PASSED"},"type":"MESSAGE","name":"","message":"Browser is closed","startTime":1556289135876,"endTime":0,"childRecords":[],"interuppted":false}],"interuppted":false},{"testStatus":{"stackTrace":"","statusValue":"PASSED"},"type":"MESSAGE","name":"","message":"Test Cases/Imported from Selenium IDE Scripts/ver. 2.03/Chrome/RU20/RU20-NUC01-T01","startTime":1556289135877,"endTime":0,"childRecords":[],"interuppted":false}],"interuppted":false},{"isOptional":false,"type":"TEST_CASE","name":"Test Cases/Imported from Selenium IDE Scripts/ver. 2.03/Chrome/RU26/RU26-NUC01-T01","id":"Test Cases/Imported from Selenium IDE Scripts/ver. 2.03/Chrome/RU26/RU26-NUC01-T01","source":"C:\\\\Users\\\\mpetracc\\\\Katalon Studio\\\\KLiME\\\\Test Cases\\\\Imported from Selenium IDE Scripts\\\\ver. 2.03\\\\Chrome\\\\RU26\\\\RU26-NUC01-T01.tc","message":"Test Cases/Imported from Selenium IDE Scripts/ver. 2.03/Chrome/RU26/RU26-NUC01-T01 FAILED because (of) (Stack trace: com.kms.katalon.core.exception.StepFailedException: Unable to click on object \u0027Object Repository/ver 2.03/Page_CCG Portal/RU26-NUC01/RU26-NUC01-T01/Page_LiME/nobr_Liq. Swap\u0027 (Root cause: org.openqa.selenium.ElementNotInteractableException: Element \u003cnobr\u003e could not be scrolled into view\nBuild info: version: \u00273.7.1\u0027, revision: \u00278a0099a\u0027, time: \u00272017-11-06T21:07:36.161Z\u0027\nSystem info: host: \u0027DP-CCG-VDESK10\u0027, ip: \u002710.0.15.229\u0027, os.name: \u0027Windows 10\u0027, os.arch: \u0027amd64\u0027, os.version: \u002710.0\u0027, java.version: \u00271.8.0_181\u0027\nDriver info: com.kms.katalon.core.webui.driver.Chrome.CGeckoDriver\nCapabilities {acceptInsecureCerts: true, browserName: Chrome, browserVersion: 60.6.1, javascriptEnabled: true, moz:accessibilityChecks: false, moz:headless: false, moz:processID: 9708, moz:profile: C:\\Users\\mpetracc\\AppData\\L..., moz:useNonSpecCompliantPointerOrigin: false, moz:webdriverClick: true, pageLoadStrategy: normal, platform: XP, platformName: XP, platformVersion: 10.0, proxy: Proxy(system), rotatable: false, timeouts: {implicit: 0, pageLoad: 300000, script: 30000}}\nSession ID: 7724f282-be35-4c0a-8c45-05d65604024c)\r\n\tat com.kms.katalon.core.keyword.internal.KeywordMain.stepFailed(KeywordMain.groovy:36)\r\n\tat com.kms.katalon.core.webui.keyword.internal.WebUIKeywordMain.stepFailed(WebUIKeywordMain.groovy:65)\r\n\tat com.kms.katalon.core.webui.keyword.internal.WebUIKeywordMain.runKeyword(WebUIKeywordMain.groovy:27)\r\n\tat com.kms.katalon.core.webui.keyword.builtin.ClickKeyword.click(ClickKeyword.groovy:86)\r\n\tat com.kms.katalon.core.webui.keyword.builtin.ClickKeyword.execute(ClickKeyword.groovy:67)\r\n\tat com.kms.katalon.core.keyword.internal.KeywordExecutor.executeKeywordForPlatform(KeywordExecutor.groovy:53)\r\n\tat com.kms.katalon.core.webui.keyword.WebUiBuiltInKeywords.click(WebUiBuiltInKeywords.groovy:616)\r\n\tat com.kms.katalon.core.webui.keyword.WebUiBuiltInKeywords$click$2.call(Unknown Source)\r\n\tat org.codehaus.groovy.runtime.callsite.CallSiteArray.defaultCall(CallSiteArray.java:48)\r\n\tat org.codehaus.groovy.runtime.callsite.AbstractCallSite.call(AbstractCallSite.java:113)\r\n\tat org.codehaus.groovy.runtime.callsite.AbstractCallSite.call(AbstractCallSite.java:125)\r\n\tat Script1556031121997.run(Script1556031121997.groovy:42)\r\n\tat com.kms.katalon.core.main.ScriptEngine.run(ScriptEngine.java:183)\r\n\tat com.kms.katalon.core.main.ScriptEngine.runScriptAsRawText(ScriptEngine.java:108)\r\n\tat com.kms.katalon.core.main.TestCaseExecutor.runScript(TestCaseExecutor.java:294)\r\n\tat com.kms.katalon.core.main.TestCaseExecutor.doExecute(TestCaseExecutor.java:285)\r\n\tat com.kms.katalon.core.main.TestCaseExecutor.processExecutionPhase(TestCaseExecutor.java:264)\r\n\tat com.kms.katalon.core.main.TestCaseExecutor.accessMainPhase(TestCaseExecutor.java:256)\r\n\tat com.kms.katalon.core.main.TestCaseExecutor.execute(TestCaseExecutor.java:200)\r\n\tat com.kms.katalon.core.main.TestSuiteExecutor.accessTestCaseMainPhase(TestSuiteExecutor.java:129)\r\n\tat com.kms.katalon.core.main.TestSuiteExecutor.accessTestSuiteMainPhase(TestSuiteExecutor.java:112)\r\n\tat com.kms.katalon.core.main.TestSuiteExecutor.execute(TestSuiteExecutor.java:81)\r\n\tat com.kms.katalon.core.main.TestCaseMain.startTestSuite(TestCaseMain.java:142)\r\n\tat com.kms.katalon.core.main.TestCaseMain$startTestSuite$0.call(Unknown Source)\r\n\tat org.codehaus.groovy.runtime.callsite.CallSiteArray.defaultCall(CallSiteArray.java:48)\r\n\tat org.codehaus.groovy.runtime.callsite.AbstractCallSite.call(AbstractCallSite.java:113)\r\n\tat org.codehaus.groovy.runtime.callsite.AbstractCallSite.call(AbstractCallSite.java:141)\r\n\tat TempTestSuite1556289098500.run(TempTestSuite1556289098500.groovy:36)\r\n\tat groovy.lang.GroovyShell.runScriptOrMainOrTestOrRunnable(GroovyShell.java:263)\r\n\tat groovy.lang.GroovyShell.run(GroovyShell.java:518)\r\n\tat groovy.lang.GroovyShell.run(GroovyShell.java:507)\r\n\tat groovy.ui.GroovyMain.processOnce(GroovyMain.java:653)\r\n\tat groovy.ui.GroovyMain.run(GroovyMain.java:384)\r\n\tat groovy.ui.GroovyMain.process(GroovyMain.java:370)\r\n\tat groovy.ui.GroovyMain.processArgs(GroovyMain.java:129)\r\n\tat groovy.ui.GroovyMain.main(GroovyMain.java:109)\r\n\tat sun.reflect.NativeMethodAccessorImpl.invoke0(Native Method)\r\n\tat sun.reflect.NativeMethodAccessorImpl.invoke(NativeMethodAccessorImpl.java:62)\r\n\tat sun.reflect.DelegatingMethodAccessorImpl.invoke(DelegatingMethodAccessorImpl.java:43)\r\n\tat java.lang.reflect.Method.invoke(Method.java:498)\r\n\tat org.codehaus.groovy.tools.GroovyStarter.rootLoader(GroovyStarter.java:109)\r\n\tat org.codehaus.groovy.tools.GroovyStarter.main(GroovyStarter.java:131)\r\n)","description":"PAMP -  Portfolio B. T.  Eq./Der. -  Member Results - View","startTime":1556289135884,"endTime":1556289155217,"childRecords":[{"testStatus":{"stackTrace":"","statusValue":"INFO"},"type":"MESSAGE","name":"","message":"Evaluating variables for test case","startTime":1556289135907,"endTime":0,"childRecords":[],"interuppted":false},{"index":1,"isIgnoredIfFailed":false,"type":"TEST_STEP","name":"Comment - \"----------------------------------------------------\"","description":"","startTime":1556289136169,"endTime":1556289136172,"childRecords":[],"interuppted":false},{"index":2,"isIgnoredIfFailed":false,"type":"TEST_STEP","name":"Comment - \"This test case script is generated by Katalon Studio\"","description":"","startTime":1556289136172,"endTime":1556289136173,"childRecords":[],"interuppted":false},{"index":3,"isIgnoredIfFailed":false,"type":"TEST_STEP","name":"Comment - \"Generated date: 09-Oct-2018 09:59:22 AM\"","description":"","startTime":1556289136173,"endTime":1556289136175,"childRecords":[],"interuppted":false},{"index":4,"isIgnoredIfFailed":false,"type":"TEST_STEP","name":"Comment - \"File path: H:\\Desktop\\LiME_2.03\\LiME_2.03\\CdT\\RUN_1\\RU26\\RU26-NUC01-T01.rctest\"","description":"","startTime":1556289136175,"endTime":1556289136175,"childRecords":[],"interuppted":false},{"index":5,"isIgnoredIfFailed":false,"type":"TEST_STEP","name":"Comment - \"LiME -  Liquidity SWAP - Liq. Swap\"","description":"","startTime":1556289136176,"endTime":1556289136176,"childRecords":[],"interuppted":false},{"index":6,"isIgnoredIfFailed":false,"type":"TEST_STEP","name":"Comment - \"Generated by: masspetracca@gmail.com\"","description":"","startTime":1556289136177,"endTime":1556289136178,"childRecords":[],"interuppted":false},{"index":7,"isIgnoredIfFailed":false,"type":"TEST_STEP","name":"openBrowser","message":"Browser is opened with url: \u0027\u0027","description":"----------------------------------------------------","startTime":1556289136178,"endTime":1556289144280,"childRecords":[{"testStatus":{"stackTrace":"","statusValue":"PASSED"},"type":"MESSAGE","name":"","message":"Browser is opened with url: \u0027\u0027","startTime":1556289144280,"endTime":0,"childRecords":[],"interuppted":false}],"interuppted":false},{"index":8,"isIgnoredIfFailed":false,"type":"TEST_STEP","name":"navigateToUrl","message":"Navigate to \u0027https://10.0.10.230:10044/LiqPortalWEB/index.html\u0027 successfully","description":"TC \u003e\u003e RU26-NUC01-T01.rctest","startTime":1556289144281,"endTime":1556289144661,"childRecords":[{"testStatus":{"stackTrace":"","statusValue":"PASSED"},"type":"MESSAGE","name":"","message":"Navigate to \u0027https://10.0.10.230:10044/LiqPortalWEB/index.html\u0027 successfully","startTime":1556289144661,"endTime":0,"childRecords":[],"interuppted":false}],"interuppted":false},{"index":9,"isIgnoredIfFailed":false,"type":"TEST_STEP","name":"setText","message":"Text \u0027mpetracc\u0027 is set on object \u0027Object Repository/ver 2.03/Page_CCG Portal/RU26-NUC01/RU26-NUC01-T01/input_Username_j_username\u0027","description":"","startTime":1556289144661,"endTime":1556289144810,"childRecords":[{"testStatus":{"stackTrace":"","statusValue":"PASSED"},"type":"MESSAGE","name":"","message":"Text \u0027mpetracc\u0027 is set on object \u0027Object Repository/ver 2.03/Page_CCG Portal/RU26-NUC01/RU26-NUC01-T01/input_Username_j_username\u0027","startTime":1556289144809,"endTime":0,"childRecords":[],"interuppted":false}],"interuppted":false},{"index":10,"isIgnoredIfFailed":false,"type":"TEST_STEP","name":"setText","message":"Text \u0027.mpetrac005\u0027 is set on object \u0027Object Repository/ver 2.03/Page_CCG Portal/RU26-NUC01/RU26-NUC01-T01/input_Password_j_password\u0027","description":"","startTime":1556289144810,"endTime":1556289144898,"childRecords":[{"testStatus":{"stackTrace":"","statusValue":"PASSED"},"type":"MESSAGE","name":"","message":"Text \u0027.mpetrac005\u0027 is set on object \u0027Object Repository/ver 2.03/Page_CCG Portal/RU26-NUC01/RU26-NUC01-T01/input_Password_j_password\u0027","startTime":1556289144897,"endTime":0,"childRecords":[],"interuppted":false}],"interuppted":false},{"index":11,"isIgnoredIfFailed":false,"type":"TEST_STEP","name":"click","message":"Object: \u0027Object Repository/ver 2.03/Page_CCG Portal/RU26-NUC01/RU26-NUC01-T01/input_Password_submitLabel\u0027 is clicked on","description":"","startTime":1556289144898,"endTime":1556289146304,"childRecords":[{"testStatus":{"stackTrace":"","statusValue":"PASSED"},"type":"MESSAGE","name":"","message":"Object: \u0027Object Repository/ver 2.03/Page_CCG Portal/RU26-NUC01/RU26-NUC01-T01/input_Password_submitLabel\u0027 is clicked on","startTime":1556289146304,"endTime":0,"childRecords":[],"interuppted":false}],"interuppted":false},{"index":12,"isIgnoredIfFailed":false,"type":"TEST_STEP","name":"navigateToUrl","message":"Navigate to \u0027https://10.0.10.230:10044/LiqPortalWEB/index.html\u0027 successfully","description":"","startTime":1556289146305,"endTime":1556289147406,"childRecords":[{"testStatus":{"stackTrace":"","statusValue":"PASSED"},"type":"MESSAGE","name":"","message":"Navigate to \u0027https://10.0.10.230:10044/LiqPortalWEB/index.html\u0027 successfully","startTime":1556289147406,"endTime":0,"childRecords":[],"interuppted":false}],"interuppted":false},{"attachment":"1556289155021.png","index":13,"isIgnoredIfFailed":false,"type":"TEST_STEP","name":"click","message":"Unable to click on object \u0027Object Repository/ver 2.03/Page_CCG Portal/RU26-NUC01/RU26-NUC01-T01/Page_LiME/nobr_Liq. Swap\u0027 (Root cause: org.openqa.selenium.ElementNotInteractableException: Element \u003cnobr\u003e could not be scrolled into view\nBuild info: version: \u00273.7.1\u0027, revision: \u00278a0099a\u0027, time: \u00272017-11-06T21:07:36.161Z\u0027\nSystem info: host: \u0027DP-CCG-VDESK10\u0027, ip: \u002710.0.15.229\u0027, os.name: \u0027Windows 10\u0027, os.arch: \u0027amd64\u0027, os.version: \u002710.0\u0027, java.version: \u00271.8.0_181\u0027\nDriver info: com.kms.katalon.core.webui.driver.Chrome.CGeckoDriver\nCapabilities {acceptInsecureCerts: true, browserName: Chrome, browserVersion: 60.6.1, javascriptEnabled: true, moz:accessibilityChecks: false, moz:headless: false, moz:processID: 9708, moz:profile: C:\\Users\\mpetracc\\AppData\\L..., moz:useNonSpecCompliantPointerOrigin: false, moz:webdriverClick: true, pageLoadStrategy: normal, platform: XP, platformName: XP, platformVersion: 10.0, proxy: Proxy(system), rotatable: false, timeouts: {implicit: 0, pageLoad: 300000, script: 30000}}\nSession ID: 7724f282-be35-4c0a-8c45-05d65604024c)","description":"","startTime":1556289147407,"endTime":1556289155199,"childRecords":[{"testStatus":{"stackTrace":"","statusValue":"FAILED"},"attachment":"1556289155021.png","type":"MESSAGE","name":"","message":"Unable to click on object \u0027Object Repository/ver 2.03/Page_CCG Portal/RU26-NUC01/RU26-NUC01-T01/Page_LiME/nobr_Liq. Swap\u0027 (Root cause: org.openqa.selenium.ElementNotInteractableException: Element \u003cnobr\u003e could not be scrolled into view\nBuild info: version: \u00273.7.1\u0027, revision: \u00278a0099a\u0027, time: \u00272017-11-06T21:07:36.161Z\u0027\nSystem info: host: \u0027DP-CCG-VDESK10\u0027, ip: \u002710.0.15.229\u0027, os.name: \u0027Windows 10\u0027, os.arch: \u0027amd64\u0027, os.version: \u002710.0\u0027, java.version: \u00271.8.0_181\u0027\nDriver info: com.kms.katalon.core.webui.driver.Chrome.CGeckoDriver\nCapabilities {acceptInsecureCerts: true, browserName: Chrome, browserVersion: 60.6.1, javascriptEnabled: true, moz:accessibilityChecks: false, moz:headless: false, moz:processID: 9708, moz:profile: C:\\Users\\mpetracc\\AppData\\L..., moz:useNonSpecCompliantPointerOrigin: false, moz:webdriverClick: true, pageLoadStrategy: normal, platform: XP, platformName: XP, platformVersion: 10.0, proxy: Proxy(system), rotatable: false, timeouts: {implicit: 0, pageLoad: 300000, script: 30000}}\nSession ID: 7724f282-be35-4c0a-8c45-05d65604024c)","startTime":1556289155198,"endTime":0,"childRecords":[],"interuppted":false}],"interuppted":false},{"testStatus":{"stackTrace":"","statusValue":"FAILED"},"type":"MESSAGE","name":"","message":"Test Cases/Imported from Selenium IDE Scripts/ver. 2.03/Chrome/RU26/RU26-NUC01-T01 FAILED because (of) (Stack trace: com.kms.katalon.core.exception.StepFailedException: Unable to click on object \u0027Object Repository/ver 2.03/Page_CCG Portal/RU26-NUC01/RU26-NUC01-T01/Page_LiME/nobr_Liq. Swap\u0027 (Root cause: org.openqa.selenium.ElementNotInteractableException: Element \u003cnobr\u003e could not be scrolled into view\nBuild info: version: \u00273.7.1\u0027, revision: \u00278a0099a\u0027, time: \u00272017-11-06T21:07:36.161Z\u0027\nSystem info: host: \u0027DP-CCG-VDESK10\u0027, ip: \u002710.0.15.229\u0027, os.name: \u0027Windows 10\u0027, os.arch: \u0027amd64\u0027, os.version: \u002710.0\u0027, java.version: \u00271.8.0_181\u0027\nDriver info: com.kms.katalon.core.webui.driver.Chrome.CGeckoDriver\nCapabilities {acceptInsecureCerts: true, browserName: Chrome, browserVersion: 60.6.1, javascriptEnabled: true, moz:accessibilityChecks: false, moz:headless: false, moz:processID: 9708, moz:profile: C:\\Users\\mpetracc\\AppData\\L..., moz:useNonSpecCompliantPointerOrigin: false, moz:webdriverClick: true, pageLoadStrategy: normal, platform: XP, platformName: XP, platformVersion: 10.0, proxy: Proxy(system), rotatable: false, timeouts: {implicit: 0, pageLoad: 300000, script: 30000}}\nSession ID: 7724f282-be35-4c0a-8c45-05d65604024c)\r\n\tat com.kms.katalon.core.keyword.internal.KeywordMain.stepFailed(KeywordMain.groovy:36)\r\n\tat com.kms.katalon.core.webui.keyword.internal.WebUIKeywordMain.stepFailed(WebUIKeywordMain.groovy:65)\r\n\tat com.kms.katalon.core.webui.keyword.internal.WebUIKeywordMain.runKeyword(WebUIKeywordMain.groovy:27)\r\n\tat com.kms.katalon.core.webui.keyword.builtin.ClickKeyword.click(ClickKeyword.groovy:86)\r\n\tat com.kms.katalon.core.webui.keyword.builtin.ClickKeyword.execute(ClickKeyword.groovy:67)\r\n\tat com.kms.katalon.core.keyword.internal.KeywordExecutor.executeKeywordForPlatform(KeywordExecutor.groovy:53)\r\n\tat com.kms.katalon.core.webui.keyword.WebUiBuiltInKeywords.click(WebUiBuiltInKeywords.groovy:616)\r\n\tat com.kms.katalon.core.webui.keyword.WebUiBuiltInKeywords$click$2.call(Unknown Source)\r\n\tat org.codehaus.groovy.runtime.callsite.CallSiteArray.defaultCall(CallSiteArray.java:48)\r\n\tat org.codehaus.groovy.runtime.callsite.AbstractCallSite.call(AbstractCallSite.java:113)\r\n\tat org.codehaus.groovy.runtime.callsite.AbstractCallSite.call(AbstractCallSite.java:125)\r\n\tat Script1556031121997.run(Script1556031121997.groovy:42)\r\n\tat com.kms.katalon.core.main.ScriptEngine.run(ScriptEngine.java:183)\r\n\tat com.kms.katalon.core.main.ScriptEngine.runScriptAsRawText(ScriptEngine.java:108)\r\n\tat com.kms.katalon.core.main.TestCaseExecutor.runScript(TestCaseExecutor.java:294)\r\n\tat com.kms.katalon.core.main.TestCaseExecutor.doExecute(TestCaseExecutor.java:285)\r\n\tat com.kms.katalon.core.main.TestCaseExecutor.processExecutionPhase(TestCaseExecutor.java:264)\r\n\tat com.kms.katalon.core.main.TestCaseExecutor.accessMainPhase(TestCaseExecutor.java:256)\r\n\tat com.kms.katalon.core.main.TestCaseExecutor.execute(TestCaseExecutor.java:200)\r\n\tat com.kms.katalon.core.main.TestSuiteExecutor.accessTestCaseMainPhase(TestSuiteExecutor.java:129)\r\n\tat com.kms.katalon.core.main.TestSuiteExecutor.accessTestSuiteMainPhase(TestSuiteExecutor.java:112)\r\n\tat com.kms.katalon.core.main.TestSuiteExecutor.execute(TestSuiteExecutor.java:81)\r\n\tat com.kms.katalon.core.main.TestCaseMain.startTestSuite(TestCaseMain.java:142)\r\n\tat com.kms.katalon.core.main.TestCaseMain$startTestSuite$0.call(Unknown Source)\r\n\tat org.codehaus.groovy.runtime.callsite.CallSiteArray.defaultCall(CallSiteArray.java:48)\r\n\tat org.codehaus.groovy.runtime.callsite.AbstractCallSite.call(AbstractCallSite.java:113)\r\n\tat org.codehaus.groovy.runtime.callsite.AbstractCallSite.call(AbstractCallSite.java:141)\r\n\tat TempTestSuite1556289098500.run(TempTestSuite1556289098500.groovy:36)\r\n\tat groovy.lang.GroovyShell.runScriptOrMainOrTestOrRunnable(GroovyShell.java:263)\r\n\tat groovy.lang.GroovyShell.run(GroovyShell.java:518)\r\n\tat groovy.lang.GroovyShell.run(GroovyShell.java:507)\r\n\tat groovy.ui.GroovyMain.processOnce(GroovyMain.java:653)\r\n\tat groovy.ui.GroovyMain.run(GroovyMain.java:384)\r\n\tat groovy.ui.GroovyMain.process(GroovyMain.java:370)\r\n\tat groovy.ui.GroovyMain.processArgs(GroovyMain.java:129)\r\n\tat groovy.ui.GroovyMain.main(GroovyMain.java:109)\r\n\tat sun.reflect.NativeMethodAccessorImpl.invoke0(Native Method)\r\n\tat sun.reflect.NativeMethodAccessorImpl.invoke(NativeMethodAccessorImpl.java:62)\r\n\tat sun.reflect.DelegatingMethodAccessorImpl.invoke(DelegatingMethodAccessorImpl.java:43)\r\n\tat java.lang.reflect.Method.invoke(Method.java:498)\r\n\tat org.codehaus.groovy.tools.GroovyStarter.rootLoader(GroovyStarter.java:109)\r\n\tat org.codehaus.groovy.tools.GroovyStarter.main(GroovyStarter.java:131)\r\n)","startTime":1556289155201,"endTime":0,"childRecords":[],"interuppted":false}],"interuppted":false},{"isOptional":false,"type":"TEST_CASE","name":"Test Cases/Imported from Selenium IDE Scripts/ver. 2.03/Chrome/RU32/RU32-NUC01-T01","id":"Test Cases/Imported from Selenium IDE Scripts/ver. 2.03/Chrome/RU32/RU32-NUC01-T01","source":"C:\\\\Users\\\\mpetracc\\\\Katalon Studio\\\\KLiME\\\\Test Cases\\\\Imported from Selenium IDE Scripts\\\\ver. 2.03\\\\Chrome\\\\RU32\\\\RU32-NUC01-T01.tc","message":"Test Cases/Imported from Selenium IDE Scripts/ver. 2.03/Chrome/RU32/RU32-NUC01-T01 FAILED because (of) (Stack trace: com.kms.katalon.core.exception.StepFailedException: Unable to click on object \u0027Object Repository/ver 2.03/Page_CCG Portal/RU32-NUC01/RU32-NUC01-T01/Page_LiME/div_Run Register\u0027 (Root cause: org.openqa.selenium.StaleElementReferenceException: The element reference of \u003cdiv id\u003d\"isc_54\"\u003e is stale; either the element is no longer attached to the DOM, it is not in the current frame context, or the document has been refreshed\nFor documentation on this error, please visit: http://seleniumhq.org/exceptions/stale_element_reference.html\nBuild info: version: \u00273.7.1\u0027, revision: \u00278a0099a\u0027, time: \u00272017-11-06T21:07:36.161Z\u0027\nSystem info: host: \u0027DP-CCG-VDESK10\u0027, ip: \u002710.0.15.229\u0027, os.name: \u0027Windows 10\u0027, os.arch: \u0027amd64\u0027, os.version: \u002710.0\u0027, java.version: \u00271.8.0_181\u0027\nDriver info: com.kms.katalon.core.webui.driver.Chrome.CGeckoDriver\nCapabilities {acceptInsecureCerts: true, browserName: Chrome, browserVersion: 60.6.1, javascriptEnabled: true, moz:accessibilityChecks: false, moz:headless: false, moz:processID: 5212, moz:profile: C:\\Users\\mpetracc\\AppData\\L..., moz:useNonSpecCompliantPointerOrigin: false, moz:webdriverClick: true, pageLoadStrategy: normal, platform: XP, platformName: XP, platformVersion: 10.0, proxy: Proxy(system), rotatable: false, timeouts: {implicit: 0, pageLoad: 300000, script: 30000}}\nSession ID: 16257c06-e35a-49ca-bb2b-c52e9df4e891)\r\n\tat com.kms.katalon.core.keyword.internal.KeywordMain.stepFailed(KeywordMain.groovy:36)\r\n\tat com.kms.katalon.core.webui.keyword.internal.WebUIKeywordMain.stepFailed(WebUIKeywordMain.groovy:65)\r\n\tat com.kms.katalon.core.webui.keyword.internal.WebUIKeywordMain.runKeyword(WebUIKeywordMain.groovy:27)\r\n\tat com.kms.katalon.core.webui.keyword.builtin.ClickKeyword.click(ClickKeyword.groovy:86)\r\n\tat com.kms.katalon.core.webui.keyword.builtin.ClickKeyword.execute(ClickKeyword.groovy:67)\r\n\tat com.kms.katalon.core.keyword.internal.KeywordExecutor.executeKeywordForPlatform(KeywordExecutor.groovy:53)\r\n\tat com.kms.katalon.core.webui.keyword.WebUiBuiltInKeywords.click(WebUiBuiltInKeywords.groovy:616)\r\n\tat com.kms.katalon.core.webui.keyword.WebUiBuiltInKeywords$click$2.call(Unknown Source)\r\n\tat org.codehaus.groovy.runtime.callsite.CallSiteArray.defaultCall(CallSiteArray.java:48)\r\n\tat org.codehaus.groovy.runtime.callsite.AbstractCallSite.call(AbstractCallSite.java:113)\r\n\tat org.codehaus.groovy.runtime.callsite.AbstractCallSite.call(AbstractCallSite.java:125)\r\n\tat Script1556031456807.run(Script1556031456807.groovy:44)\r\n\tat com.kms.katalon.core.main.ScriptEngine.run(ScriptEngine.java:183)\r\n\tat com.kms.katalon.core.main.ScriptEngine.runScriptAsRawText(ScriptEngine.java:108)\r\n\tat com.kms.katalon.core.main.TestCaseExecutor.runScript(TestCaseExecutor.java:294)\r\n\tat com.kms.katalon.core.main.TestCaseExecutor.doExecute(TestCaseExecutor.java:285)\r\n\tat com.kms.katalon.core.main.TestCaseExecutor.processExecutionPhase(TestCaseExecutor.java:264)\r\n\tat com.kms.katalon.core.main.TestCaseExecutor.accessMainPhase(TestCaseExecutor.java:256)\r\n\tat com.kms.katalon.core.main.TestCaseExecutor.execute(TestCaseExecutor.java:200)\r\n\tat com.kms.katalon.core.main.TestSuiteExecutor.accessTestCaseMainPhase(TestSuiteExecutor.java:129)\r\n\tat com.kms.katalon.core.main.TestSuiteExecutor.accessTestSuiteMainPhase(TestSuiteExecutor.java:112)\r\n\tat com.kms.katalon.core.main.TestSuiteExecutor.execute(TestSuiteExecutor.java:81)\r\n\tat com.kms.katalon.core.main.TestCaseMain.startTestSuite(TestCaseMain.java:142)\r\n\tat com.kms.katalon.core.main.TestCaseMain$startTestSuite$0.call(Unknown Source)\r\n\tat org.codehaus.groovy.runtime.callsite.CallSiteArray.defaultCall(CallSiteArray.java:48)\r\n\tat org.codehaus.groovy.runtime.callsite.AbstractCallSite.call(AbstractCallSite.java:113)\r\n\tat org.codehaus.groovy.runtime.callsite.AbstractCallSite.call(AbstractCallSite.java:141)\r\n\tat TempTestSuite1556289098500.run(TempTestSuite1556289098500.groovy:36)\r\n\tat groovy.lang.GroovyShell.runScriptOrMainOrTestOrRunnable(GroovyShell.java:263)\r\n\tat groovy.lang.GroovyShell.run(GroovyShell.java:518)\r\n\tat groovy.lang.GroovyShell.run(GroovyShell.java:507)\r\n\tat groovy.ui.GroovyMain.processOnce(GroovyMain.java:653)\r\n\tat groovy.ui.GroovyMain.run(GroovyMain.java:384)\r\n\tat groovy.ui.GroovyMain.process(GroovyMain.java:370)\r\n\tat groovy.ui.GroovyMain.processArgs(GroovyMain.java:129)\r\n\tat groovy.ui.GroovyMain.main(GroovyMain.java:109)\r\n\tat sun.reflect.NativeMethodAccessorImpl.invoke0(Native Method)\r\n\tat sun.reflect.NativeMethodAccessorImpl.invoke(NativeMethodAccessorImpl.java:62)\r\n\tat sun.reflect.DelegatingMethodAccessorImpl.invoke(DelegatingMethodAccessorImpl.java:43)\r\n\tat java.lang.reflect.Method.invoke(Method.java:498)\r\n\tat org.codehaus.groovy.tools.GroovyStarter.rootLoader(GroovyStarter.java:109)\r\n\tat org.codehaus.groovy.tools.GroovyStarter.main(GroovyStarter.java:131)\r\n)","description":"PAMP -  Portfolio B. T.  Eq./Der. -  Member Results - View","startTime":1556289155221,"endTime":1556289218556,"childRecords":[{"testStatus":{"stackTrace":"","statusValue":"INFO"},"type":"MESSAGE","name":"","message":"Evaluating variables for test case","startTime":1556289155265,"endTime":0,"childRecords":[],"interuppted":false},{"index":1,"isIgnoredIfFailed":false,"type":"TEST_STEP","name":"Comment - \"----------------------------------------------------\"","description":"","startTime":1556289155591,"endTime":1556289155594,"childRecords":[],"interuppted":false},{"index":2,"isIgnoredIfFailed":false,"type":"TEST_STEP","name":"Comment - \"This test case script is generated by Katalon Studio\"","description":"","startTime":1556289155595,"endTime":1556289155595,"childRecords":[],"interuppted":false},{"index":3,"isIgnoredIfFailed":false,"type":"TEST_STEP","name":"Comment - \"Generated date: 09-Oct-2018 09:59:22 AM\"","description":"","startTime":1556289155595,"endTime":1556289155595,"childRecords":[],"interuppted":false},{"index":4,"isIgnoredIfFailed":false,"type":"TEST_STEP","name":"Comment - \"File path: H:\\Desktop\\LiME_2.03\\LiME_2.03\\CdT\\RUN_1\\RU32\\RU32-NUC01-T01.rctest\"","description":"","startTime":1556289155596,"endTime":1556289155600,"childRecords":[],"interuppted":false},{"index":5,"isIgnoredIfFailed":false,"type":"TEST_STEP","name":"Comment - \"LiME -  RUN Register\"","description":"","startTime":1556289155600,"endTime":1556289155601,"childRecords":[],"interuppted":false},{"index":6,"isIgnoredIfFailed":false,"type":"TEST_STEP","name":"Comment - \"Generated by: masspetracca@gmail.com\"","description":"","startTime":1556289155601,"endTime":1556289155604,"childRecords":[],"interuppted":false},{"index":7,"isIgnoredIfFailed":false,"type":"TEST_STEP","name":"openBrowser","message":"Browser is opened with url: \u0027\u0027","description":"----------------------------------------------------","startTime":1556289155605,"endTime":1556289162156,"childRecords":[{"testStatus":{"stackTrace":"","statusValue":"WARNING"},"type":"MESSAGE","name":"","message":"A browser is already opened. Closing browser and opening a new one","startTime":1556289155613,"endTime":0,"childRecords":[],"interuppted":false},{"testStatus":{"stackTrace":"","statusValue":"PASSED"},"type":"MESSAGE","name":"","message":"Browser is opened with url: \u0027\u0027","startTime":1556289162155,"endTime":0,"childRecords":[],"interuppted":false}],"interuppted":false},{"index":8,"isIgnoredIfFailed":false,"type":"TEST_STEP","name":"navigateToUrl","message":"Navigate to \u0027https://10.0.10.230:10044/LiqPortalWEB/index.html\u0027 successfully","description":"TC \u003e\u003e RU32-NUC01-T01.rctest","startTime":1556289162156,"endTime":1556289162592,"childRecords":[{"testStatus":{"stackTrace":"","statusValue":"PASSED"},"type":"MESSAGE","name":"","message":"Navigate to \u0027https://10.0.10.230:10044/LiqPortalWEB/index.html\u0027 successfully","startTime":1556289162591,"endTime":0,"childRecords":[],"interuppted":false}],"interuppted":false},{"index":9,"isIgnoredIfFailed":false,"type":"TEST_STEP","name":"setText","message":"Text \u0027mpetracc\u0027 is set on object \u0027Object Repository/ver 2.03/Page_CCG Portal/RU32-NUC01/RU32-NUC01-T01/input_Username_j_username\u0027","description":"","startTime":1556289162592,"endTime":1556289163223,"childRecords":[{"testStatus":{"stackTrace":"","statusValue":"PASSED"},"type":"MESSAGE","name":"","message":"Text \u0027mpetracc\u0027 is set on object \u0027Object Repository/ver 2.03/Page_CCG Portal/RU32-NUC01/RU32-NUC01-T01/input_Username_j_username\u0027","startTime":1556289163222,"endTime":0,"childRecords":[],"interuppted":false}],"interuppted":false},{"index":10,"isIgnoredIfFailed":false,"type":"TEST_STEP","name":"setText","message":"Text \u0027.mpetrac005\u0027 is set on object \u0027Object Repository/ver 2.03/Page_CCG Portal/RU32-NUC01/RU32-NUC01-T01/input_Password_j_password\u0027","description":"","startTime":1556289163223,"endTime":1556289163397,"childRecords":[{"testStatus":{"stackTrace":"","statusValue":"PASSED"},"type":"MESSAGE","name":"","message":"Text \u0027.mpetrac005\u0027 is set on object \u0027Object Repository/ver 2.03/Page_CCG Portal/RU32-NUC01/RU32-NUC01-T01/input_Password_j_password\u0027","startTime":1556289163396,"endTime":0,"childRecords":[],"interuppted":false}],"interuppted":false},{"index":11,"isIgnoredIfFailed":false,"type":"TEST_STEP","name":"click","message":"Object: \u0027Object Repository/ver 2.03/Page_CCG Portal/RU32-NUC01/RU32-NUC01-T01/input_Password_submitLabel\u0027 is clicked on","description":"","startTime":1556289163397,"endTime":1556289166358,"childRecords":[{"testStatus":{"stackTrace":"","statusValue":"PASSED"},"type":"MESSAGE","name":"","message":"Object: \u0027Object Repository/ver 2.03/Page_CCG Portal/RU32-NUC01/RU32-NUC01-T01/input_Password_submitLabel\u0027 is clicked on","startTime":1556289166357,"endTime":0,"childRecords":[],"interuppted":false}],"interuppted":false},{"index":12,"isIgnoredIfFailed":false,"type":"TEST_STEP","name":"navigateToUrl","message":"Navigate to \u0027https://10.0.10.230:10044/LiqPortalWEB/index.html\u0027 successfully","description":"","startTime":1556289166358,"endTime":1556289167634,"childRecords":[{"testStatus":{"stackTrace":"","statusValue":"PASSED"},"type":"MESSAGE","name":"","message":"Navigate to \u0027https://10.0.10.230:10044/LiqPortalWEB/index.html\u0027 successfully","startTime":1556289167633,"endTime":0,"childRecords":[],"interuppted":false}],"interuppted":false},{"index":13,"isIgnoredIfFailed":false,"type":"TEST_STEP","name":"click","message":"Object: \u0027Object Repository/ver 2.03/Page_CCG Portal/RU32-NUC01/RU32-NUC01-T01/Page_LiME/nobr_Liq. Stress Simulator\u0027 is clicked on","description":"","startTime":1556289167634,"endTime":1556289180360,"childRecords":[{"testStatus":{"stackTrace":"","statusValue":"PASSED"},"type":"MESSAGE","name":"","message":"Object: \u0027Object Repository/ver 2.03/Page_CCG Portal/RU32-NUC01/RU32-NUC01-T01/Page_LiME/nobr_Liq. Stress Simulator\u0027 is clicked on","startTime":1556289180359,"endTime":0,"childRecords":[],"interuppted":false}],"interuppted":false},{"attachment":"1556289218445.png","index":14,"isIgnoredIfFailed":false,"type":"TEST_STEP","name":"click","message":"Unable to click on object \u0027Object Repository/ver 2.03/Page_CCG Portal/RU32-NUC01/RU32-NUC01-T01/Page_LiME/div_Run Register\u0027 (Root cause: org.openqa.selenium.StaleElementReferenceException: The element reference of \u003cdiv id\u003d\"isc_54\"\u003e is stale; either the element is no longer attached to the DOM, it is not in the current frame context, or the document has been refreshed\nFor documentation on this error, please visit: http://seleniumhq.org/exceptions/stale_element_reference.html\nBuild info: version: \u00273.7.1\u0027, revision: \u00278a0099a\u0027, time: \u00272017-11-06T21:07:36.161Z\u0027\nSystem info: host: \u0027DP-CCG-VDESK10\u0027, ip: \u002710.0.15.229\u0027, os.name: \u0027Windows 10\u0027, os.arch: \u0027amd64\u0027, os.version: \u002710.0\u0027, java.version: \u00271.8.0_181\u0027\nDriver info: com.kms.katalon.core.webui.driver.Chrome.CGeckoDriver\nCapabilities {acceptInsecureCerts: true, browserName: Chrome, browserVersion: 60.6.1, javascriptEnabled: true, moz:accessibilityChecks: false, moz:headless: false, moz:processID: 5212, moz:profile: C:\\Users\\mpetracc\\AppData\\L..., moz:useNonSpecCompliantPointerOrigin: false, moz:webdriverClick: true, pageLoadStrategy: normal, platform: XP, platformName: XP, platformVersion: 10.0, proxy: Proxy(system), rotatable: false, timeouts: {implicit: 0, pageLoad: 300000, script: 30000}}\nSession ID: 16257c06-e35a-49ca-bb2b-c52e9df4e891)","description":"","startTime":1556289180360,"endTime":1556289218553,"childRecords":[{"testStatus":{"stackTrace":"","statusValue":"FAILED"},"attachment":"1556289218445.png","type":"MESSAGE","name":"","message":"Unable to click on object \u0027Object Repository/ver 2.03/Page_CCG Portal/RU32-NUC01/RU32-NUC01-T01/Page_LiME/div_Run Register\u0027 (Root cause: org.openqa.selenium.StaleElementReferenceException: The element reference of \u003cdiv id\u003d\"isc_54\"\u003e is stale; either the element is no longer attached to the DOM, it is not in the current frame context, or the document has been refreshed\nFor documentation on this error, please visit: http://seleniumhq.org/exceptions/stale_element_reference.html\nBuild info: version: \u00273.7.1\u0027, revision: \u00278a0099a\u0027, time: \u00272017-11-06T21:07:36.161Z\u0027\nSystem info: host: \u0027DP-CCG-VDESK10\u0027, ip: \u002710.0.15.229\u0027, os.name: \u0027Windows 10\u0027, os.arch: \u0027amd64\u0027, os.version: \u002710.0\u0027, java.version: \u00271.8.0_181\u0027\nDriver info: com.kms.katalon.core.webui.driver.Chrome.CGeckoDriver\nCapabilities {acceptInsecureCerts: true, browserName: Chrome, browserVersion: 60.6.1, javascriptEnabled: true, moz:accessibilityChecks: false, moz:headless: false, moz:processID: 5212, moz:profile: C:\\Users\\mpetracc\\AppData\\L..., moz:useNonSpecCompliantPointerOrigin: false, moz:webdriverClick: true, pageLoadStrategy: normal, platform: XP, platformName: XP, platformVersion: 10.0, proxy: Proxy(system), rotatable: false, timeouts: {implicit: 0, pageLoad: 300000, script: 30000}}\nSession ID: 16257c06-e35a-49ca-bb2b-c52e9df4e891)","startTime":1556289218552,"endTime":0,"childRecords":[],"interuppted":false}],"interuppted":false},{"testStatus":{"stackTrace":"","statusValue":"FAILED"},"type":"MESSAGE","name":"","message":"Test Cases/Imported from Selenium IDE Scripts/ver. 2.03/Chrome/RU32/RU32-NUC01-T01 FAILED because (of) (Stack trace: com.kms.katalon.core.exception.StepFailedException: Unable to click on object \u0027Object Repository/ver 2.03/Page_CCG Portal/RU32-NUC01/RU32-NUC01-T01/Page_LiME/div_Run Register\u0027 (Root cause: org.openqa.selenium.StaleElementReferenceException: The element reference of \u003cdiv id\u003d\"isc_54\"\u003e is stale; either the element is no longer attached to the DOM, it is not in the current frame context, or the document has been refreshed\nFor documentation on this error, please visit: http://seleniumhq.org/exceptions/stale_element_reference.html\nBuild info: version: \u00273.7.1\u0027, revision: \u00278a0099a\u0027, time: \u00272017-11-06T21:07:36.161Z\u0027\nSystem info: host: \u0027DP-CCG-VDESK10\u0027, ip: \u002710.0.15.229\u0027, os.name: \u0027Windows 10\u0027, os.arch: \u0027amd64\u0027, os.version: \u002710.0\u0027, java.version: \u00271.8.0_181\u0027\nDriver info: com.kms.katalon.core.webui.driver.Chrome.CGeckoDriver\nCapabilities {acceptInsecureCerts: true, browserName: Chrome, browserVersion: 60.6.1, javascriptEnabled: true, moz:accessibilityChecks: false, moz:headless: false, moz:processID: 5212, moz:profile: C:\\Users\\mpetracc\\AppData\\L..., moz:useNonSpecCompliantPointerOrigin: false, moz:webdriverClick: true, pageLoadStrategy: normal, platform: XP, platformName: XP, platformVersion: 10.0, proxy: Proxy(system), rotatable: false, timeouts: {implicit: 0, pageLoad: 300000, script: 30000}}\nSession ID: 16257c06-e35a-49ca-bb2b-c52e9df4e891)\r\n\tat com.kms.katalon.core.keyword.internal.KeywordMain.stepFailed(KeywordMain.groovy:36)\r\n\tat com.kms.katalon.core.webui.keyword.internal.WebUIKeywordMain.stepFailed(WebUIKeywordMain.groovy:65)\r\n\tat com.kms.katalon.core.webui.keyword.internal.WebUIKeywordMain.runKeyword(WebUIKeywordMain.groovy:27)\r\n\tat com.kms.katalon.core.webui.keyword.builtin.ClickKeyword.click(ClickKeyword.groovy:86)\r\n\tat com.kms.katalon.core.webui.keyword.builtin.ClickKeyword.execute(ClickKeyword.groovy:67)\r\n\tat com.kms.katalon.core.keyword.internal.KeywordExecutor.executeKeywordForPlatform(KeywordExecutor.groovy:53)\r\n\tat com.kms.katalon.core.webui.keyword.WebUiBuiltInKeywords.click(WebUiBuiltInKeywords.groovy:616)\r\n\tat com.kms.katalon.core.webui.keyword.WebUiBuiltInKeywords$click$2.call(Unknown Source)\r\n\tat org.codehaus.groovy.runtime.callsite.CallSiteArray.defaultCall(CallSiteArray.java:48)\r\n\tat org.codehaus.groovy.runtime.callsite.AbstractCallSite.call(AbstractCallSite.java:113)\r\n\tat org.codehaus.groovy.runtime.callsite.AbstractCallSite.call(AbstractCallSite.java:125)\r\n\tat Script1556031456807.run(Script1556031456807.groovy:44)\r\n\tat com.kms.katalon.core.main.ScriptEngine.run(ScriptEngine.java:183)\r\n\tat com.kms.katalon.core.main.ScriptEngine.runScriptAsRawText(ScriptEngine.java:108)\r\n\tat com.kms.katalon.core.main.TestCaseExecutor.runScript(TestCaseExecutor.java:294)\r\n\tat com.kms.katalon.core.main.TestCaseExecutor.doExecute(TestCaseExecutor.java:285)\r\n\tat com.kms.katalon.core.main.TestCaseExecutor.processExecutionPhase(TestCaseExecutor.java:264)\r\n\tat com.kms.katalon.core.main.TestCaseExecutor.accessMainPhase(TestCaseExecutor.java:256)\r\n\tat com.kms.katalon.core.main.TestCaseExecutor.execute(TestCaseExecutor.java:200)\r\n\tat com.kms.katalon.core.main.TestSuiteExecutor.accessTestCaseMainPhase(TestSuiteExecutor.java:129)\r\n\tat com.kms.katalon.core.main.TestSuiteExecutor.accessTestSuiteMainPhase(TestSuiteExecutor.java:112)\r\n\tat com.kms.katalon.core.main.TestSuiteExecutor.execute(TestSuiteExecutor.java:81)\r\n\tat com.kms.katalon.core.main.TestCaseMain.startTestSuite(TestCaseMain.java:142)\r\n\tat com.kms.katalon.core.main.TestCaseMain$startTestSuite$0.call(Unknown Source)\r\n\tat org.codehaus.groovy.runtime.callsite.CallSiteArray.defaultCall(CallSiteArray.java:48)\r\n\tat org.codehaus.groovy.runtime.callsite.AbstractCallSite.call(AbstractCallSite.java:113)\r\n\tat org.codehaus.groovy.runtime.callsite.AbstractCallSite.call(AbstractCallSite.java:141)\r\n\tat TempTestSuite1556289098500.run(TempTestSuite1556289098500.groovy:36)\r\n\tat groovy.lang.GroovyShell.runScriptOrMainOrTestOrRunnable(GroovyShell.java:263)\r\n\tat groovy.lang.GroovyShell.run(GroovyShell.java:518)\r\n\tat groovy.lang.GroovyShell.run(GroovyShell.java:507)\r\n\tat groovy.ui.GroovyMain.processOnce(GroovyMain.java:653)\r\n\tat groovy.ui.GroovyMain.run(GroovyMain.java:384)\r\n\tat groovy.ui.GroovyMain.process(GroovyMain.java:370)\r\n\tat groovy.ui.GroovyMain.processArgs(GroovyMain.java:129)\r\n\tat groovy.ui.GroovyMain.main(GroovyMain.java:109)\r\n\tat sun.reflect.NativeMethodAccessorImpl.invoke0(Native Method)\r\n\tat sun.reflect.NativeMethodAccessorImpl.invoke(NativeMethodAccessorImpl.java:62)\r\n\tat sun.reflect.DelegatingMethodAccessorImpl.invoke(DelegatingMethodAccessorImpl.java:43)\r\n\tat java.lang.reflect.Method.invoke(Method.java:498)\r\n\tat org.codehaus.groovy.tools.GroovyStarter.rootLoader(GroovyStarter.java:109)\r\n\tat org.codehaus.groovy.tools.GroovyStarter.main(GroovyStarter.java:131)\r\n)","startTime":1556289218553,"endTime":0,"childRecords":[],"interuppted":false}],"interuppted":false},{"isOptional":false,"type":"TEST_CASE","name":"Test Cases/Imported from Selenium IDE Scripts/ver. 2.03/Chrome/RU39/RU39-NUC01-T01","id":"Test Cases/Imported from Selenium IDE Scripts/ver. 2.03/Chrome/RU39/RU39-NUC01-T01","source":"C:\\\\Users\\\\mpetracc\\\\Katalon Studio\\\\KLiME\\\\Test Cases\\\\Imported from Selenium IDE Scripts\\\\ver. 2.03\\\\Chrome\\\\RU39\\\\RU39-NUC01-T01.tc","message":"Test Cases/Imported from Selenium IDE Scripts/ver. 2.03/Chrome/RU39/RU39-NUC01-T01","description":"PAMP -  Portfolio B. T.  Eq./Der. -  Member Results - View","startTime":1556289218562,"endTime":1556289247532,"childRecords":[{"testStatus":{"stackTrace":"","statusValue":"INFO"},"type":"MESSAGE","name":"","message":"Evaluating variables for test case","startTime":1556289218576,"endTime":0,"childRecords":[],"interuppted":false},{"index":1,"isIgnoredIfFailed":false,"type":"TEST_STEP","name":"Comment - \"----------------------------------------------------\"","description":"","startTime":1556289218915,"endTime":1556289218916,"childRecords":[],"interuppted":false},{"index":2,"isIgnoredIfFailed":false,"type":"TEST_STEP","name":"Comment - \"This test case script is generated by Katalon Studio\"","description":"","startTime":1556289218916,"endTime":1556289218916,"childRecords":[],"interuppted":false},{"index":3,"isIgnoredIfFailed":false,"type":"TEST_STEP","name":"Comment - \"Generated date: 09-Oct-2018 09:59:22 AM\"","description":"","startTime":1556289218917,"endTime":1556289218917,"childRecords":[],"interuppted":false},{"index":4,"isIgnoredIfFailed":false,"type":"TEST_STEP","name":"Comment - \"File path: H:\\Desktop\\LiME_2.03\\LiME_2.03\\CdT\\RUN_1\\RU39\\RU39-NUC01-T01.rctest\"","description":"","startTime":1556289218917,"endTime":1556289218917,"childRecords":[],"interuppted":false},{"index":5,"isIgnoredIfFailed":false,"type":"TEST_STEP","name":"Comment - \"LiME - Liq Staging- Liq Stressed market conditions - Av.Cash No Excess Cash\"","description":"","startTime":1556289218917,"endTime":1556289218918,"childRecords":[],"interuppted":false},{"index":6,"isIgnoredIfFailed":false,"type":"TEST_STEP","name":"Comment - \"Generated by: masspetracca@gmail.com\"","description":"","startTime":1556289218918,"endTime":1556289218919,"childRecords":[],"interuppted":false},{"index":7,"isIgnoredIfFailed":false,"type":"TEST_STEP","name":"openBrowser","message":"Browser is opened with url: \u0027\u0027","description":"----------------------------------------------------","startTime":1556289218919,"endTime":1556289228352,"childRecords":[{"testStatus":{"stackTrace":"","statusValue":"WARNING"},"type":"MESSAGE","name":"","message":"A browser is already opened. Closing browser and opening a new one","startTime":1556289218919,"endTime":0,"childRecords":[],"interuppted":false},{"testStatus":{"stackTrace":"","statusValue":"PASSED"},"type":"MESSAGE","name":"","message":"Browser is opened with url: \u0027\u0027","startTime":1556289228352,"endTime":0,"childRecords":[],"interuppted":false}],"interuppted":false},{"index":8,"isIgnoredIfFailed":false,"type":"TEST_STEP","name":"navigateToUrl","message":"Navigate to \u0027https://10.0.10.230:10044/LiqPortalWEB/index.html\u0027 successfully","description":"TC \u003e\u003e RU39-NUC01-T01.rctest","startTime":1556289228353,"endTime":1556289228806,"childRecords":[{"testStatus":{"stackTrace":"","statusValue":"PASSED"},"type":"MESSAGE","name":"","message":"Navigate to \u0027https://10.0.10.230:10044/LiqPortalWEB/index.html\u0027 successfully","startTime":1556289228805,"endTime":0,"childRecords":[],"interuppted":false}],"interuppted":false},{"index":9,"isIgnoredIfFailed":false,"type":"TEST_STEP","name":"setText","message":"Text \u0027mpetracc\u0027 is set on object \u0027Object Repository/ver 2.03/Page_CCG Portal/RU39-NUC01/RU39-NUC01-T01/input_Username_j_username\u0027","description":"","startTime":1556289228806,"endTime":1556289228910,"childRecords":[{"testStatus":{"stackTrace":"","statusValue":"PASSED"},"type":"MESSAGE","name":"","message":"Text \u0027mpetracc\u0027 is set on object \u0027Object Repository/ver 2.03/Page_CCG Portal/RU39-NUC01/RU39-NUC01-T01/input_Username_j_username\u0027","startTime":1556289228909,"endTime":0,"childRecords":[],"interuppted":false}],"interuppted":false},{"index":10,"isIgnoredIfFailed":false,"type":"TEST_STEP","name":"setText","message":"Text \u0027.mpetrac005\u0027 is set on object \u0027Object Repository/ver 2.03/Page_CCG Portal/RU39-NUC01/RU39-NUC01-T01/input_Password_j_password\u0027","description":"","startTime":1556289228911,"endTime":1556289229076,"childRecords":[{"testStatus":{"stackTrace":"","statusValue":"PASSED"},"type":"MESSAGE","name":"","message":"Text \u0027.mpetrac005\u0027 is set on object \u0027Object Repository/ver 2.03/Page_CCG Portal/RU39-NUC01/RU39-NUC01-T01/input_Password_j_password\u0027","startTime":1556289229075,"endTime":0,"childRecords":[],"interuppted":false}],"interuppted":false},{"index":11,"isIgnoredIfFailed":false,"type":"TEST_STEP","name":"click","message":"Object: \u0027Object Repository/ver 2.03/Page_CCG Portal/RU39-NUC01/RU39-NUC01-T01/input_Password_submitLabel\u0027 is clicked on","description":"","startTime":1556289229077,"endTime":1556289230796,"childRecords":[{"testStatus":{"stackTrace":"","statusValue":"PASSED"},"type":"MESSAGE","name":"","message":"Object: \u0027Object Repository/ver 2.03/Page_CCG Portal/RU39-NUC01/RU39-NUC01-T01/input_Password_submitLabel\u0027 is clicked on","startTime":1556289230795,"endTime":0,"childRecords":[],"interuppted":false}],"interuppted":false},{"index":12,"isIgnoredIfFailed":false,"type":"TEST_STEP","name":"navigateToUrl","message":"Navigate to \u0027https://10.0.10.230:10044/LiqPortalWEB/index.html\u0027 successfully","description":"","startTime":1556289230796,"endTime":1556289231977,"childRecords":[{"testStatus":{"stackTrace":"","statusValue":"PASSED"},"type":"MESSAGE","name":"","message":"Navigate to \u0027https://10.0.10.230:10044/LiqPortalWEB/index.html\u0027 successfully","startTime":1556289231976,"endTime":0,"childRecords":[],"interuppted":false}],"interuppted":false},{"index":13,"isIgnoredIfFailed":false,"type":"TEST_STEP","name":"click","message":"Object: \u0027Object Repository/ver 2.03/Page_CCG Portal/RU39-NUC01/RU39-NUC01-T01/Page_LiME/nobr_Exc.Cash and Exc.Collater\u0027 is clicked on","description":"","startTime":1556289231977,"endTime":1556289246970,"childRecords":[{"testStatus":{"stackTrace":"","statusValue":"PASSED"},"type":"MESSAGE","name":"","message":"Object: \u0027Object Repository/ver 2.03/Page_CCG Portal/RU39-NUC01/RU39-NUC01-T01/Page_LiME/nobr_Exc.Cash and Exc.Collater\u0027 is clicked on","startTime":1556289246970,"endTime":0,"childRecords":[],"interuppted":false}],"interuppted":false},{"index":14,"isIgnoredIfFailed":false,"type":"TEST_STEP","name":"closeBrowser","message":"Browser is closed","description":"","startTime":1556289246970,"endTime":1556289247531,"childRecords":[{"testStatus":{"stackTrace":"","statusValue":"PASSED"},"type":"MESSAGE","name":"","message":"Browser is closed","startTime":1556289247531,"endTime":0,"childRecords":[],"interuppted":false}],"interuppted":false},{"testStatus":{"stackTrace":"","statusValue":"PASSED"},"type":"MESSAGE","name":"","message":"Test Cases/Imported from Selenium IDE Scripts/ver. 2.03/Chrome/RU39/RU39-NUC01-T01","startTime":1556289247532,"endTime":0,"childRecords":[],"interuppted":false}],"interuppted":false},{"isOptional":false,"type":"TEST_CASE","name":"Test Cases/Imported from Selenium IDE Scripts/ver. 2.03/Chrome/RU40/RU40-NUC01-T01","id":"Test Cases/Imported from Selenium IDE Scripts/ver. 2.03/Chrome/RU40/RU40-NUC01-T01","source":"C:\\\\Users\\\\mpetracc\\\\Katalon Studio\\\\KLiME\\\\Test Cases\\\\Imported from Selenium IDE Scripts\\\\ver. 2.03\\\\Chrome\\\\RU40\\\\RU40-NUC01-T01.tc","message":"Test Cases/Imported from Selenium IDE Scripts/ver. 2.03/Chrome/RU40/RU40-NUC01-T01","description":"PAMP -  Portfolio B. T.  Eq./Der. -  Member Results - View","startTime":1556289247541,"endTime":1556289267848,"childRecords":[{"testStatus":{"stackTrace":"","statusValue":"INFO"},"type":"MESSAGE","name":"","message":"Evaluating variables for test case","startTime":1556289247553,"endTime":0,"childRecords":[],"interuppted":false},{"index":1,"isIgnoredIfFailed":false,"type":"TEST_STEP","name":"Comment - \"----------------------------------------------------\"","description":"","startTime":1556289247763,"endTime":1556289247763,"childRecords":[],"interuppted":false},{"index":2,"isIgnoredIfFailed":false,"type":"TEST_STEP","name":"Comment - \"This test case script is generated by Katalon Studio\"","description":"","startTime":1556289247764,"endTime":1556289247764,"childRecords":[],"interuppted":false},{"index":3,"isIgnoredIfFailed":false,"type":"TEST_STEP","name":"Comment - \"Generated date: 09-Oct-2018 09:59:22 AM\"","description":"","startTime":1556289247765,"endTime":1556289247765,"childRecords":[],"interuppted":false},{"index":4,"isIgnoredIfFailed":false,"type":"TEST_STEP","name":"Comment - \"File path: H:\\Desktop\\LiME_2.03\\LiME_2.03\\CdT\\RUN_1\\RU40\\RU40-NUC01-T01.rctest\"","description":"","startTime":1556289247765,"endTime":1556289247765,"childRecords":[],"interuppted":false},{"index":5,"isIgnoredIfFailed":false,"type":"TEST_STEP","name":"Comment - \"LiME - Liq Staging- Liq Stressed market conditions - Sec.As Mar NO Excess Collateral\"","description":"","startTime":1556289247765,"endTime":1556289247766,"childRecords":[],"interuppted":false},{"index":6,"isIgnoredIfFailed":false,"type":"TEST_STEP","name":"Comment - \"Generated by: masspetracca@gmail.com\"","description":"","startTime":1556289247766,"endTime":1556289247767,"childRecords":[],"interuppted":false},{"index":7,"isIgnoredIfFailed":false,"type":"TEST_STEP","name":"openBrowser","message":"Browser is opened with url: \u0027\u0027","description":"----------------------------------------------------","startTime":1556289247767,"endTime":1556289253781,"childRecords":[{"testStatus":{"stackTrace":"","statusValue":"PASSED"},"type":"MESSAGE","name":"","message":"Browser is opened with url: \u0027\u0027","startTime":1556289253780,"endTime":0,"childRecords":[],"interuppted":false}],"interuppted":false},{"index":8,"isIgnoredIfFailed":false,"type":"TEST_STEP","name":"navigateToUrl","message":"Navigate to \u0027https://10.0.10.230:10044/LiqPortalWEB/index.html\u0027 successfully","description":"TC \u003e\u003e RU40-NUC01-T01.rctest","startTime":1556289253781,"endTime":1556289254198,"childRecords":[{"testStatus":{"stackTrace":"","statusValue":"PASSED"},"type":"MESSAGE","name":"","message":"Navigate to \u0027https://10.0.10.230:10044/LiqPortalWEB/index.html\u0027 successfully","startTime":1556289254198,"endTime":0,"childRecords":[],"interuppted":false}],"interuppted":false},{"index":9,"isIgnoredIfFailed":false,"type":"TEST_STEP","name":"setText","message":"Text \u0027mpetracc\u0027 is set on object \u0027Object Repository/ver 2.03/Page_CCG Portal/RU40-NUC01/RU40-NUC01-T01/input_Username_j_username\u0027","description":"","startTime":1556289254199,"endTime":1556289254618,"childRecords":[{"testStatus":{"stackTrace":"","statusValue":"PASSED"},"type":"MESSAGE","name":"","message":"Text \u0027mpetracc\u0027 is set on object \u0027Object Repository/ver 2.03/Page_CCG Portal/RU40-NUC01/RU40-NUC01-T01/input_Username_j_username\u0027","startTime":1556289254618,"endTime":0,"childRecords":[],"interuppted":false}],"interuppted":false},{"index":10,"isIgnoredIfFailed":false,"type":"TEST_STEP","name":"setText","message":"Text \u0027.mpetrac005\u0027 is set on object \u0027Object Repository/ver 2.03/Page_CCG Portal/RU40-NUC01/RU40-NUC01-T01/input_Password_j_password\u0027","description":"","startTime":1556289254619,"endTime":1556289256000,"childRecords":[{"testStatus":{"stackTrace":"","statusValue":"PASSED"},"type":"MESSAGE","name":"","message":"Text \u0027.mpetrac005\u0027 is set on object \u0027Object Repository/ver 2.03/Page_CCG Portal/RU40-NUC01/RU40-NUC01-T01/input_Password_j_password\u0027","startTime":1556289255999,"endTime":0,"childRecords":[],"interuppted":false}],"interuppted":false},{"index":11,"isIgnoredIfFailed":false,"type":"TEST_STEP","name":"click","message":"Object: \u0027Object Repository/ver 2.03/Page_CCG Portal/RU40-NUC01/RU40-NUC01-T01/input_Password_submitLabel\u0027 is clicked on","description":"","startTime":1556289256000,"endTime":1556289257605,"childRecords":[{"testStatus":{"stackTrace":"","statusValue":"PASSED"},"type":"MESSAGE","name":"","message":"Object: \u0027Object Repository/ver 2.03/Page_CCG Portal/RU40-NUC01/RU40-NUC01-T01/input_Password_submitLabel\u0027 is clicked on","startTime":1556289257604,"endTime":0,"childRecords":[],"interuppted":false}],"interuppted":false},{"index":12,"isIgnoredIfFailed":false,"type":"TEST_STEP","name":"navigateToUrl","message":"Navigate to \u0027https://10.0.10.230:10044/LiqPortalWEB/index.html\u0027 successfully","description":"","startTime":1556289257605,"endTime":1556289258667,"childRecords":[{"testStatus":{"stackTrace":"","statusValue":"PASSED"},"type":"MESSAGE","name":"","message":"Navigate to \u0027https://10.0.10.230:10044/LiqPortalWEB/index.html\u0027 successfully","startTime":1556289258667,"endTime":0,"childRecords":[],"interuppted":false}],"interuppted":false},{"index":13,"isIgnoredIfFailed":false,"type":"TEST_STEP","name":"click","message":"Object: \u0027Object Repository/ver 2.03/Page_CCG Portal/RU40-NUC01/RU40-NUC01-T01/Page_LiME/nobr_Sec.as Mar. NO Excess Col\u0027 is clicked on","description":"","startTime":1556289258668,"endTime":1556289267488,"childRecords":[{"testStatus":{"stackTrace":"","statusValue":"PASSED"},"type":"MESSAGE","name":"","message":"Object: \u0027Object Repository/ver 2.03/Page_CCG Portal/RU40-NUC01/RU40-NUC01-T01/Page_LiME/nobr_Sec.as Mar. NO Excess Col\u0027 is clicked on","startTime":1556289267487,"endTime":0,"childRecords":[],"interuppted":false}],"interuppted":false},{"index":14,"isIgnoredIfFailed":false,"type":"TEST_STEP","name":"closeBrowser","message":"Browser is closed","description":"","startTime":1556289267488,"endTime":1556289267847,"childRecords":[{"testStatus":{"stackTrace":"","statusValue":"PASSED"},"type":"MESSAGE","name":"","message":"Browser is closed","startTime":1556289267846,"endTime":0,"childRecords":[],"interuppted":false}],"interuppted":false},{"testStatus":{"stackTrace":"","statusValue":"PASSED"},"type":"MESSAGE","name":"","message":"Test Cases/Imported from Selenium IDE Scripts/ver. 2.03/Chrome/RU40/RU40-NUC01-T01","startTime":1556289267848,"endTime":0,"childRecords":[],"interuppted":false}],"interuppted":false}],"interuppted":false}