<?xml version="1.0" encoding="UTF-8"?>
<TestCase seleniumIDEVersion="2.9.1" baseURL="http://10.0.10.173:9081/">
<selenese>
	<command>echo</command>
	<target><![CDATA[]]></target>
	<value><![CDATA[RU04-NUC01-T02.rctest]]></value>
</selenese>
<selenese>
	<command>open</command>
	<target><![CDATA[/CCAM/]]></target>
	<value><![CDATA[Accounts - CCAM - Filters]]></value>
</selenese>
<selenese>
	<command>waitForElementClickable</command>
	<target><![CDATA[scLocator=//Menu[level=1]/body/row[2]/col[fieldName=title||0]]]></target>
	<value><![CDATA[]]></value>
</selenese>
<selenese>
	<command>click</command>
	<target><![CDATA[scLocator=//Menu[level=1]/body/row[2]/col[fieldName=title||0]]]></target>
	<value><![CDATA[]]></value>
</selenese>
<selenese>
	<command>waitForElementClickable</command>
	<target><![CDATA[scLocator=//Portlet[ID="refdata_accounts_tab_2"]/maximizeButton/]]></target>
	<value><![CDATA[]]></value>
</selenese>
<selenese>
	<command>click</command>
	<target><![CDATA[scLocator=//Portlet[ID="refdata_accounts_tab_2"]/maximizeButton/]]></target>
	<value><![CDATA[]]></value>
</selenese>
<selenese>
	<command>waitForElementClickable</command>
	<target><![CDATA[scLocator=//Portlet[ID="refdata_accounts_tab_2"]/item[0][Class="ListGrid"]/filterEditor/editRowForm/item[name=own_fund||title=Own%20fund||index=3||Class=TextItem]/element]]></target>
	<value><![CDATA[]]></value>
</selenese>
<selenese>
	<command>click</command>
	<target><![CDATA[scLocator=//Portlet[ID="refdata_accounts_tab_2"]/item[0][Class="ListGrid"]/filterEditor/editRowForm/item[name=own_fund||title=Own%20fund||index=3||Class=TextItem]/element]]></target>
	<value><![CDATA[]]></value>
</selenese>
<selenese>
	<command>waitForElementClickable</command>
	<target><![CDATA[scLocator=//Portlet[ID="refdata_accounts_tab_2"]/item[0][Class="ListGrid"]/filterEditor/editRowForm/item[name=own_fund||title=Own%20fund||index=3||Class=TextItem]/element]]></target>
	<value><![CDATA[]]></value>
</selenese>
<selenese>
	<command>click</command>
	<target><![CDATA[scLocator=//Portlet[ID="refdata_accounts_tab_2"]/item[0][Class="ListGrid"]/filterEditor/editRowForm/item[name=own_fund||title=Own%20fund||index=3||Class=TextItem]/element]]></target>
	<value><![CDATA[]]></value>
</selenese>
<selenese>
	<command>waitForElementClickable</command>
	<target><![CDATA[scLocator=//Portlet[ID="refdata_accounts_tab_2"]/item[0][Class="ListGrid"]/filterEditor/editRowForm/item[name=own_fund||title=Own%20fund||value=true||index=3||Class=TextItem]/element]]></target>
	<value><![CDATA[]]></value>
</selenese>
<selenese>
	<command>type</command>
	<target><![CDATA[scLocator=//Portlet[ID="refdata_accounts_tab_2"]/item[0][Class="ListGrid"]/filterEditor/editRowForm/item[name=own_fund||title=Own%20fund||value=true||index=3||Class=TextItem]/element]]></target>
	<value><![CDATA[true]]></value>
</selenese>
<selenese>
	<command>waitForElementClickable</command>
	<target><![CDATA[scLocator=//Portlet[ID="refdata_accounts_tab_2"]/item[0][Class="ListGrid"]/filterEditor/actionButton/icon]]></target>
	<value><![CDATA[]]></value>
</selenese>
<selenese>
	<command>click</command>
	<target><![CDATA[scLocator=//Portlet[ID="refdata_accounts_tab_2"]/item[0][Class="ListGrid"]/filterEditor/actionButton/icon]]></target>
	<value><![CDATA[]]></value>
</selenese>
<selenese>
	<command>waitForElementClickable</command>
	<target><![CDATA[scLocator=//Portlet[ID="refdata_accounts_tab_2"]/item[0][Class="ListGrid"]/filterEditor/editRowForm/item[name=own_fund||title=Own%20fund||value=true||index=3||Class=TextItem]/element]]></target>
	<value><![CDATA[]]></value>
</selenese>
<selenese>
	<command>click</command>
	<target><![CDATA[scLocator=//Portlet[ID="refdata_accounts_tab_2"]/item[0][Class="ListGrid"]/filterEditor/editRowForm/item[name=own_fund||title=Own%20fund||value=true||index=3||Class=TextItem]/element]]></target>
	<value><![CDATA[]]></value>
</selenese>
<selenese>
	<command>waitForElementClickable</command>
	<target><![CDATA[scLocator=//Portlet[ID="refdata_accounts_tab_2"]/item[0][Class="ListGrid"]/filterEditor/editRowForm/item[name=own_fund||title=Own%20fund||index=3||Class=TextItem]/element]]></target>
	<value><![CDATA[]]></value>
</selenese>
<selenese>
	<command>type</command>
	<target><![CDATA[scLocator=//Portlet[ID="refdata_accounts_tab_2"]/item[0][Class="ListGrid"]/filterEditor/editRowForm/item[name=own_fund||title=Own%20fund||index=3||Class=TextItem]/element]]></target>
	<value><![CDATA[]]></value>
</selenese>
<selenese>
	<command>waitForElementClickable</command>
	<target><![CDATA[scLocator=//Portlet[ID="refdata_accounts_tab_2"]/item[0][Class="ListGrid"]/filterEditor/actionButton/icon]]></target>
	<value><![CDATA[]]></value>
</selenese>
<selenese>
	<command>click</command>
	<target><![CDATA[scLocator=//Portlet[ID="refdata_accounts_tab_2"]/item[0][Class="ListGrid"]/filterEditor/actionButton/icon]]></target>
	<value><![CDATA[]]></value>
</selenese>
<selenese>
	<command>waitForElementClickable</command>
	<target><![CDATA[scLocator=//Portlet[ID="refdata_accounts_tab_2"]/item[0][Class="ListGrid"]/header/headerButton[fieldName=lei]/L]]></target>
	<value><![CDATA[]]></value>
</selenese>
<selenese>
	<command>dragAndDrop</command>
	<target><![CDATA[scLocator=//Portlet[ID="refdata_accounts_tab_2"]/item[0][Class="ListGrid"]/header/headerButton[fieldName=lei]/L]]></target>
	<value><![CDATA[+69,+9]]></value>
</selenese>
<selenese>
	<command>waitForElementClickable</command>
	<target><![CDATA[scLocator=//Portlet[ID="refdata_accounts_tab_2"]/item[0][Class="ListGrid"]/header/headerButton[fieldName=iban]/L]]></target>
	<value><![CDATA[]]></value>
</selenese>
<selenese>
	<command>waitForElementClickable</command>
	<target><![CDATA[scLocator=//Portlet[ID="refdata_accounts_tab_2"]/item[0][Class="ListGrid"]/body/row[iban=000000090000||acc_name=BANCA%20D%27ITALIA%20%20%20%20%20%20%20%20%20%20%20%20%20%20%20%20%20%20%20%20%20||0]/col[fieldName=iban||1]]]></target>
	<value><![CDATA[]]></value>
</selenese>
<selenese>
	<command>dragAndDropToObject</command>
	<target><![CDATA[scLocator=//Portlet[ID="refdata_accounts_tab_2"]/item[0][Class="ListGrid"]/header/headerButton[fieldName=iban]/L]]></target>
	<value><![CDATA[scLocator=//Portlet[ID="refdata_accounts_tab_2"]/item[0][Class="ListGrid"]/body/row[iban=000000090000||acc_name=BANCA%20D%27ITALIA%20%20%20%20%20%20%20%20%20%20%20%20%20%20%20%20%20%20%20%20%20||0]/col[fieldName=iban||1]]]></value>
</selenese>
<selenese>
	<command>waitForElementClickable</command>
	<target><![CDATA[scLocator=//Portlet[ID="refdata_accounts_tab_2"]/item[0][Class="ListGrid"]/filterEditor/editRowForm/item[name=acc_name||title=Account%20name||index=0||Class=TextItem]/element]]></target>
	<value><![CDATA[]]></value>
</selenese>
<selenese>
	<command>click</command>
	<target><![CDATA[scLocator=//Portlet[ID="refdata_accounts_tab_2"]/item[0][Class="ListGrid"]/filterEditor/editRowForm/item[name=acc_name||title=Account%20name||index=0||Class=TextItem]/element]]></target>
	<value><![CDATA[]]></value>
</selenese>
<selenese>
	<command>waitForElementReadyForKeyPresses</command>
	<target><![CDATA[scLocator=//Portlet[ID="refdata_accounts_tab_2"]/item[0][Class="ListGrid"]/filterEditor/editRowForm/item[name=acc_name||title=Account%20name||value=brescia||index=0||Class=TextItem]/element]]></target>
	<value><![CDATA[]]></value>
</selenese>
<selenese>
	<command>sendKeys</command>
	<target><![CDATA[scLocator=//Portlet[ID="refdata_accounts_tab_2"]/item[0][Class="ListGrid"]/filterEditor/editRowForm/item[name=acc_name||title=Account%20name||value=brescia||index=0||Class=TextItem]/element]]></target>
	<value><![CDATA[${KEY_ENTER}]]></value>
</selenese>
<selenese>
	<command>waitForElementClickable</command>
	<target><![CDATA[scLocator=//Portlet[ID="refdata_accounts_tab_2"]/item[0][Class="ListGrid"]/filterEditor/editRowForm/item[name=acc_name||title=Account%20name||value=brescia||index=0||Class=TextItem]/element]]></target>
	<value><![CDATA[]]></value>
</selenese>
<selenese>
	<command>click</command>
	<target><![CDATA[scLocator=//Portlet[ID="refdata_accounts_tab_2"]/item[0][Class="ListGrid"]/filterEditor/editRowForm/item[name=acc_name||title=Account%20name||value=brescia||index=0||Class=TextItem]/element]]></target>
	<value><![CDATA[]]></value>
</selenese>
<selenese>
	<command>waitForElementReadyForKeyPresses</command>
	<target><![CDATA[scLocator=//Portlet[ID="refdata_accounts_tab_2"]/item[0][Class="ListGrid"]/filterEditor/editRowForm/item[name=acc_name||title=Account%20name||value=unicredit||index=0||Class=TextItem]/element]]></target>
	<value><![CDATA[]]></value>
</selenese>
<selenese>
	<command>sendKeys</command>
	<target><![CDATA[scLocator=//Portlet[ID="refdata_accounts_tab_2"]/item[0][Class="ListGrid"]/filterEditor/editRowForm/item[name=acc_name||title=Account%20name||value=unicredit||index=0||Class=TextItem]/element]]></target>
	<value><![CDATA[${KEY_ENTER}]]></value>
</selenese>
<selenese>
	<command>waitForElementClickable</command>
	<target><![CDATA[scLocator=//Portlet[ID="refdata_accounts_tab_2"]/item[0][Class="ListGrid"]/filterEditor/editRowForm/item[name=acc_name||title=Account%20name||value=unicredit||index=0||Class=TextItem]/element]]></target>
	<value><![CDATA[]]></value>
</selenese>
<selenese>
	<command>type</command>
	<target><![CDATA[scLocator=//Portlet[ID="refdata_accounts_tab_2"]/item[0][Class="ListGrid"]/filterEditor/editRowForm/item[name=acc_name||title=Account%20name||value=unicredit||index=0||Class=TextItem]/element]]></target>
	<value><![CDATA[unicredit]]></value>
</selenese>
<selenese>
	<command>waitForElementClickable</command>
	<target><![CDATA[scLocator=//Portlet[ID="refdata_accounts_tab_2"]/item[0][Class="ListGrid"]/filterEditor/actionButton/icon]]></target>
	<value><![CDATA[]]></value>
</selenese>
<selenese>
	<command>click</command>
	<target><![CDATA[scLocator=//Portlet[ID="refdata_accounts_tab_2"]/item[0][Class="ListGrid"]/filterEditor/actionButton/icon]]></target>
	<value><![CDATA[]]></value>
</selenese>
<selenese>
	<command>waitForElementClickable</command>
	<target><![CDATA[scLocator=//Portlet[ID="refdata_accounts_tab_2"]/item[0][Class="ListGrid"]/filterEditor/editRowForm/item[name=acc_name||title=Account%20name||value=unicredit||index=0||Class=TextItem]/element]]></target>
	<value><![CDATA[]]></value>
</selenese>
<selenese>
	<command>click</command>
	<target><![CDATA[scLocator=//Portlet[ID="refdata_accounts_tab_2"]/item[0][Class="ListGrid"]/filterEditor/editRowForm/item[name=acc_name||title=Account%20name||value=unicredit||index=0||Class=TextItem]/element]]></target>
	<value><![CDATA[]]></value>
</selenese>
<selenese>
	<command>waitForElementReadyForKeyPresses</command>
	<target><![CDATA[scLocator=//Portlet[ID="refdata_accounts_tab_2"]/item[0][Class="ListGrid"]/filterEditor/editRowForm/item[name=acc_name||title=Account%20name||value=italia||index=0||Class=TextItem]/element]]></target>
	<value><![CDATA[]]></value>
</selenese>
<selenese>
	<command>sendKeys</command>
	<target><![CDATA[scLocator=//Portlet[ID="refdata_accounts_tab_2"]/item[0][Class="ListGrid"]/filterEditor/editRowForm/item[name=acc_name||title=Account%20name||value=italia||index=0||Class=TextItem]/element]]></target>
	<value><![CDATA[${KEY_ENTER}]]></value>
</selenese>
<selenese>
	<command>waitForElementClickable</command>
	<target><![CDATA[scLocator=//Portlet[ID="refdata_accounts_tab_2"]/item[0][Class="ListGrid"]/filterEditor/editRowForm/item[name=acc_name||title=Account%20name||value=italia||index=0||Class=TextItem]/element]]></target>
	<value><![CDATA[]]></value>
</selenese>
<selenese>
	<command>click</command>
	<target><![CDATA[scLocator=//Portlet[ID="refdata_accounts_tab_2"]/item[0][Class="ListGrid"]/filterEditor/editRowForm/item[name=acc_name||title=Account%20name||value=italia||index=0||Class=TextItem]/element]]></target>
	<value><![CDATA[]]></value>
</selenese>
<selenese>
	<command>waitForElementReadyForKeyPresses</command>
	<target><![CDATA[scLocator=//Portlet[ID="refdata_accounts_tab_2"]/item[0][Class="ListGrid"]/filterEditor/editRowForm/item[name=acc_name||title=Account%20name||value=unicredit||index=0||Class=TextItem]/element]]></target>
	<value><![CDATA[]]></value>
</selenese>
<selenese>
	<command>sendKeys</command>
	<target><![CDATA[scLocator=//Portlet[ID="refdata_accounts_tab_2"]/item[0][Class="ListGrid"]/filterEditor/editRowForm/item[name=acc_name||title=Account%20name||value=unicredit||index=0||Class=TextItem]/element]]></target>
	<value><![CDATA[${KEY_ENTER}]]></value>
</selenese>
<selenese>
	<command>waitForElementClickable</command>
	<target><![CDATA[scLocator=//Portlet[ID="refdata_accounts_tab_2"]/item[0][Class="ListGrid"]/header/headerButton[fieldName=iban]/]]></target>
	<value><![CDATA[]]></value>
</selenese>
<selenese>
	<command>click</command>
	<target><![CDATA[scLocator=//Portlet[ID="refdata_accounts_tab_2"]/item[0][Class="ListGrid"]/header/headerButton[fieldName=iban]/]]></target>
	<value><![CDATA[]]></value>
</selenese>
<selenese>
	<command>waitForElementClickable</command>
	<target><![CDATA[scLocator=//Portlet[ID="refdata_accounts_tab_2"]/item[0][Class="ListGrid"]/header/headerButton[fieldName=iban]/]]></target>
	<value><![CDATA[]]></value>
</selenese>
<selenese>
	<command>click</command>
	<target><![CDATA[scLocator=//Portlet[ID="refdata_accounts_tab_2"]/item[0][Class="ListGrid"]/header/headerButton[fieldName=iban]/]]></target>
	<value><![CDATA[]]></value>
</selenese>
</TestCase>