Suite/Test/Step Name,Browser,Description,Start time,End time,Duration,Status
Test Suite Chrome v2.03,Chrome 60.0,,2019-04-26 15:56:37,2019-04-26 15:58:43,2m - 6.582s,FAILED
,,,,,,
Test Cases/Imported from Selenium IDE Scripts/ver. 2.03/Chrome/RU20/RU20-NUC01-T01,Chrome 60.0,PAMP -  Portfolio B. T.  Eq./Der. -  Member Results - View,2019-04-26 15:56:37,2019-04-26 15:56:45,7.500s,FAILED
"Comment - ""----------------------------------------------------""",Chrome 60.0,,2019-04-26 15:56:38,2019-04-26 15:56:38,0.002s,PASSED
"Comment - ""This test case script is generated by Katalon Studio""",Chrome 60.0,,2019-04-26 15:56:38,2019-04-26 15:56:38,0.002s,PASSED
"Comment - ""Generated date: 09-Oct-2018 09:59:22 AM""",Chrome 60.0,,2019-04-26 15:56:38,2019-04-26 15:56:38,0.001s,PASSED
"Comment - ""File path: H:\Desktop\LiME_2.03\LiME_2.03\CdT\RUN_1\RU20\RU20-NUC01-T01.rctest""",Chrome 60.0,,2019-04-26 15:56:38,2019-04-26 15:56:38,0.002s,PASSED
"Comment - ""LiME - Data Staging Stress - Central bank for sec. Withdraw stg""",Chrome 60.0,,2019-04-26 15:56:38,2019-04-26 15:56:38,0.001s,PASSED
"Comment - ""Generated by: masspetracca@gmail.com""",Chrome 60.0,,2019-04-26 15:56:38,2019-04-26 15:56:38,0.014s,PASSED
openBrowser,Chrome 60.0,----------------------------------------------------,2019-04-26 15:56:38,2019-04-26 15:56:44,6.210s,PASSED
navigateToUrl,Chrome 60.0,TC >> RU20-NUC01-T01.rctest,2019-04-26 15:56:44,2019-04-26 15:56:44,0.479s,PASSED
setText,Chrome 60.0,,2019-04-26 15:56:44,2019-04-26 15:56:45,0.185s,FAILED
,,,,,,
Test Cases/Imported from Selenium IDE Scripts/ver. 2.03/Chrome/RU26/RU26-NUC01-T01,Chrome 60.0,PAMP -  Portfolio B. T.  Eq./Der. -  Member Results - View,2019-04-26 15:56:45,2019-04-26 15:56:51,6.093s,FAILED
"Comment - ""----------------------------------------------------""",Chrome 60.0,,2019-04-26 15:56:45,2019-04-26 15:56:45,0.059s,PASSED
"Comment - ""This test case script is generated by Katalon Studio""",Chrome 60.0,,2019-04-26 15:56:45,2019-04-26 15:56:45,0.006s,PASSED
"Comment - ""Generated date: 09-Oct-2018 09:59:22 AM""",Chrome 60.0,,2019-04-26 15:56:45,2019-04-26 15:56:45,0.002s,PASSED
"Comment - ""File path: H:\Desktop\LiME_2.03\LiME_2.03\CdT\RUN_1\RU26\RU26-NUC01-T01.rctest""",Chrome 60.0,,2019-04-26 15:56:45,2019-04-26 15:56:45,0.001s,PASSED
"Comment - ""LiME -  Liquidity SWAP - Liq. Swap""",Chrome 60.0,,2019-04-26 15:56:45,2019-04-26 15:56:45,0.002s,PASSED
"Comment - ""Generated by: masspetracca@gmail.com""",Chrome 60.0,,2019-04-26 15:56:45,2019-04-26 15:56:45,0.002s,PASSED
openBrowser,Chrome 60.0,----------------------------------------------------,2019-04-26 15:56:45,2019-04-26 15:56:50,4.842s,PASSED
navigateToUrl,Chrome 60.0,TC >> RU26-NUC01-T01.rctest,2019-04-26 15:56:50,2019-04-26 15:56:51,0.463s,PASSED
setText,Chrome 60.0,,2019-04-26 15:56:51,2019-04-26 15:56:51,0.134s,FAILED
,,,,,,
Test Cases/Imported from Selenium IDE Scripts/ver. 2.03/Chrome/RU32/RU32-NUC01-T01,Chrome 60.0,PAMP -  Portfolio B. T.  Eq./Der. -  Member Results - View,2019-04-26 15:56:51,2019-04-26 15:57:45,54.650s,FAILED
"Comment - ""----------------------------------------------------""",Chrome 60.0,,2019-04-26 15:56:51,2019-04-26 15:56:51,0.000s,PASSED
"Comment - ""This test case script is generated by Katalon Studio""",Chrome 60.0,,2019-04-26 15:56:51,2019-04-26 15:56:51,0.017s,PASSED
"Comment - ""Generated date: 09-Oct-2018 09:59:22 AM""",Chrome 60.0,,2019-04-26 15:56:51,2019-04-26 15:56:51,0.000s,PASSED
"Comment - ""File path: H:\Desktop\LiME_2.03\LiME_2.03\CdT\RUN_1\RU32\RU32-NUC01-T01.rctest""",Chrome 60.0,,2019-04-26 15:56:51,2019-04-26 15:56:51,0.001s,PASSED
"Comment - ""LiME -  RUN Register""",Chrome 60.0,,2019-04-26 15:56:51,2019-04-26 15:56:51,0.001s,PASSED
"Comment - ""Generated by: masspetracca@gmail.com""",Chrome 60.0,,2019-04-26 15:56:51,2019-04-26 15:56:51,0.000s,PASSED
openBrowser,Chrome 60.0,----------------------------------------------------,2019-04-26 15:56:51,2019-04-26 15:56:56,4.989s,PASSED
navigateToUrl,Chrome 60.0,TC >> RU32-NUC01-T01.rctest,2019-04-26 15:56:56,2019-04-26 15:56:57,0.379s,PASSED
setText,Chrome 60.0,,2019-04-26 15:56:57,2019-04-26 15:56:57,0.191s,PASSED
setText,Chrome 60.0,,2019-04-26 15:56:57,2019-04-26 15:56:57,0.105s,PASSED
click,Chrome 60.0,,2019-04-26 15:56:57,2019-04-26 15:56:58,1.328s,PASSED
navigateToUrl,Chrome 60.0,,2019-04-26 15:56:58,2019-04-26 15:56:59,1.163s,PASSED
click,Chrome 60.0,,2019-04-26 15:56:59,2019-04-26 15:57:04,4.438s,PASSED
click,Chrome 60.0,,2019-04-26 15:57:04,2019-04-26 15:57:04,0.435s,PASSED
click,Chrome 60.0,,2019-04-26 15:57:04,2019-04-26 15:57:45,41.119s,FAILED
,,,,,,
Test Cases/Imported from Selenium IDE Scripts/ver. 2.03/Chrome/RU34/RU34-NUC01-T01,Chrome 60.0,PAMP -  Portfolio B. T.  Eq./Der. -  Member Results - View,2019-04-26 15:57:45,2019-04-26 15:58:05,19.600s,PASSED
"Comment - ""----------------------------------------------------""",Chrome 60.0,,2019-04-26 15:57:46,2019-04-26 15:57:46,0.001s,PASSED
"Comment - ""This test case script is generated by Katalon Studio""",Chrome 60.0,,2019-04-26 15:57:46,2019-04-26 15:57:46,0.000s,PASSED
"Comment - ""Generated date: 09-Oct-2018 09:59:22 AM""",Chrome 60.0,,2019-04-26 15:57:46,2019-04-26 15:57:46,0.000s,PASSED
"Comment - ""File path: H:\Desktop\LiME_2.03\LiME_2.03\CdT\RUN_1\RU34\RU34-NUC01-T01.rctest""",Chrome 60.0,,2019-04-26 15:57:46,2019-04-26 15:57:46,0.000s,PASSED
"Comment - ""LiME -   Simulator Available Cash with no excess cash""",Chrome 60.0,,2019-04-26 15:57:46,2019-04-26 15:57:46,0.003s,PASSED
"Comment - ""Generated by: masspetracca@gmail.com""",Chrome 60.0,,2019-04-26 15:57:46,2019-04-26 15:57:46,0.000s,PASSED
openBrowser,Chrome 60.0,----------------------------------------------------,2019-04-26 15:57:46,2019-04-26 15:57:50,4.753s,PASSED
navigateToUrl,Chrome 60.0,TC >> RU34-NUC01-T01.rctest,2019-04-26 15:57:50,2019-04-26 15:57:51,0.384s,PASSED
setText,Chrome 60.0,,2019-04-26 15:57:51,2019-04-26 15:57:51,0.077s,PASSED
setText,Chrome 60.0,,2019-04-26 15:57:51,2019-04-26 15:57:51,0.074s,PASSED
click,Chrome 60.0,,2019-04-26 15:57:51,2019-04-26 15:57:53,1.590s,PASSED
navigateToUrl,Chrome 60.0,,2019-04-26 15:57:53,2019-04-26 15:57:54,1.145s,PASSED
click,Chrome 60.0,,2019-04-26 15:57:54,2019-04-26 15:58:05,10.844s,PASSED
closeBrowser,Chrome 60.0,,2019-04-26 15:58:05,2019-04-26 15:58:05,0.393s,PASSED
,,,,,,
Test Cases/Imported from Selenium IDE Scripts/ver. 2.03/Chrome/RU38/RU38-NUC01-T01,Chrome 60.0,PAMP -  Portfolio B. T.  Eq./Der. -  Member Results - View,2019-04-26 15:58:05,2019-04-26 15:58:18,12.951s,PASSED
"Comment - ""----------------------------------------------------""",Chrome 60.0,,2019-04-26 15:58:05,2019-04-26 15:58:05,0.001s,PASSED
"Comment - ""This test case script is generated by Katalon Studio""",Chrome 60.0,,2019-04-26 15:58:05,2019-04-26 15:58:05,0.000s,PASSED
"Comment - ""Generated date: 09-Oct-2018 09:59:22 AM""",Chrome 60.0,,2019-04-26 15:58:05,2019-04-26 15:58:05,0.000s,PASSED
"Comment - ""File path: H:\Desktop\LiME_2.03\LiME_2.03\CdT\RUN_1\RU38\RU38-NUC01-T01.rctest""",Chrome 60.0,,2019-04-26 15:58:05,2019-04-26 15:58:05,0.000s,PASSED
"Comment - ""LiME - Liq Staging- Liq Stressed market conditions - Sec.As Mar NO Excess Collateral""",Chrome 60.0,,2019-04-26 15:58:05,2019-04-26 15:58:05,0.000s,PASSED
"Comment - ""Generated by: masspetracca@gmail.com""",Chrome 60.0,,2019-04-26 15:58:05,2019-04-26 15:58:05,0.001s,PASSED
openBrowser,Chrome 60.0,----------------------------------------------------,2019-04-26 15:58:05,2019-04-26 15:58:09,3.971s,PASSED
navigateToUrl,Chrome 60.0,TC >> RU38-NUC01-T01.rctest,2019-04-26 15:58:09,2019-04-26 15:58:10,0.441s,PASSED
setText,Chrome 60.0,,2019-04-26 15:58:10,2019-04-26 15:58:10,0.157s,PASSED
setText,Chrome 60.0,,2019-04-26 15:58:10,2019-04-26 15:58:10,0.066s,PASSED
click,Chrome 60.0,,2019-04-26 15:58:10,2019-04-26 15:58:11,1.455s,PASSED
navigateToUrl,Chrome 60.0,,2019-04-26 15:58:11,2019-04-26 15:58:12,1.155s,PASSED
click,Chrome 60.0,,2019-04-26 15:58:12,2019-04-26 15:58:18,5.096s,PASSED
closeBrowser,Chrome 60.0,,2019-04-26 15:58:18,2019-04-26 15:58:18,0.363s,PASSED
,,,,,,
Test Cases/Imported from Selenium IDE Scripts/ver. 2.03/Chrome/RU39/RU39-NUC01-T01,Chrome 60.0,PAMP -  Portfolio B. T.  Eq./Der. -  Member Results - View,2019-04-26 15:58:18,2019-04-26 15:58:43,24.583s,FAILED
"Comment - ""----------------------------------------------------""",Chrome 60.0,,2019-04-26 15:58:18,2019-04-26 15:58:18,0.000s,PASSED
"Comment - ""This test case script is generated by Katalon Studio""",Chrome 60.0,,2019-04-26 15:58:18,2019-04-26 15:58:18,0.000s,PASSED
"Comment - ""Generated date: 09-Oct-2018 09:59:22 AM""",Chrome 60.0,,2019-04-26 15:58:18,2019-04-26 15:58:18,0.000s,PASSED
"Comment - ""File path: H:\Desktop\LiME_2.03\LiME_2.03\CdT\RUN_1\RU39\RU39-NUC01-T01.rctest""",Chrome 60.0,,2019-04-26 15:58:18,2019-04-26 15:58:18,0.001s,PASSED
"Comment - ""LiME - Liq Staging- Liq Stressed market conditions - Av.Cash No Excess Cash""",Chrome 60.0,,2019-04-26 15:58:18,2019-04-26 15:58:18,0.000s,PASSED
"Comment - ""Generated by: masspetracca@gmail.com""",Chrome 60.0,,2019-04-26 15:58:18,2019-04-26 15:58:18,0.001s,PASSED
openBrowser,Chrome 60.0,----------------------------------------------------,2019-04-26 15:58:18,2019-04-26 15:58:22,4.126s,PASSED
navigateToUrl,Chrome 60.0,TC >> RU39-NUC01-T01.rctest,2019-04-26 15:58:22,2019-04-26 15:58:23,0.403s,PASSED
setText,Chrome 60.0,,2019-04-26 15:58:23,2019-04-26 15:58:23,0.145s,PASSED
setText,Chrome 60.0,,2019-04-26 15:58:23,2019-04-26 15:58:23,0.065s,PASSED
click,Chrome 60.0,,2019-04-26 15:58:23,2019-04-26 15:58:24,1.311s,PASSED
navigateToUrl,Chrome 60.0,,2019-04-26 15:58:24,2019-04-26 15:58:26,1.293s,PASSED
click,Chrome 60.0,,2019-04-26 15:58:26,2019-04-26 15:58:37,11.611s,PASSED
click,Chrome 60.0,,2019-04-26 15:58:37,2019-04-26 15:58:43,5.375s,FAILED
,,,,,,
Test Cases/Imported from Selenium IDE Scripts/ver. 2.03/Chrome/RU40/RU40-NUC01-T01,Chrome 60.0,PAMP -  Portfolio B. T.  Eq./Der. -  Member Results - View,2019-04-26 15:58:43,2019-04-26 15:58:43,0.511s,FAILED
"Comment - ""----------------------------------------------------""",Chrome 60.0,,2019-04-26 15:58:43,2019-04-26 15:58:43,0.000s,PASSED
"Comment - ""This test case script is generated by Katalon Studio""",Chrome 60.0,,2019-04-26 15:58:43,2019-04-26 15:58:43,0.001s,PASSED
"Comment - ""Generated date: 09-Oct-2018 09:59:22 AM""",Chrome 60.0,,2019-04-26 15:58:43,2019-04-26 15:58:43,0.000s,PASSED
"Comment - ""File path: H:\Desktop\LiME_2.03\LiME_2.03\CdT\RUN_1\RU40\RU40-NUC01-T01.rctest""",Chrome 60.0,,2019-04-26 15:58:43,2019-04-26 15:58:43,0.000s,PASSED
"Comment - ""LiME - Liq Staging- Liq Stressed market conditions - Sec.As Mar NO Excess Collateral""",Chrome 60.0,,2019-04-26 15:58:43,2019-04-26 15:58:43,0.000s,PASSED
"Comment - ""Generated by: masspetracca@gmail.com""",Chrome 60.0,,2019-04-26 15:58:43,2019-04-26 15:58:43,0.000s,PASSED
openBrowser,Chrome 60.0,----------------------------------------------------,2019-04-26 15:58:43,2019-04-26 15:58:43,0.148s,FAILED
