{"devicePlatform":"","logFolder":"C:\\Users\\mpetracc\\Katalon Studio\\KLiME\\Reports\\Test Suite Chrome v2.03\\Test Suite Chrome v2.03\\20190426_155633","runData":{"hostName":"mpetracc - DP-CCG-VDESK10.lseg.stockex.local","os":"Windows 10 64bit","katalonVersion":"5.7.1.1","browser":"Chrome 60.0","hostAddress":"10.0.15.229","sessionId":"749d3108-6919-471b-a245-1157d5baf1ab","seleniumVersion":"3.7.1","proxyInformation":"ProxyInformation{proxyOption\u003dUSE_SYSTEM, proxyServerType\u003dHTTP, password\u003d, proxyServerAddress\u003d, proxyServerPort\u003d0}","platform":"Windows 10"},"type":"TEST_SUITE","name":"Test Suite Chrome v2.03","id":"Test Suites/Test Suite Chrome v2.03/Test Suite Chrome v2.03","source":"","message":"Test Cases/Imported from Selenium IDE Scripts/ver. 2.03/Chrome/RU20/RU20-NUC01-T01 FAILED because (of) (Stack trace: com.kms.katalon.core.exception.StepFailedException: Unable to set text (Root cause: java.lang.IllegalArgumentException: Object is null)\r\n\tat com.kms.katalon.core.keyword.internal.KeywordMain.stepFailed(KeywordMain.groovy:36)\r\n\tat com.kms.katalon.core.webui.keyword.internal.WebUIKeywordMain.stepFailed(WebUIKeywordMain.groovy:65)\r\n\tat com.kms.katalon.core.webui.keyword.internal.WebUIKeywordMain.runKeyword(WebUIKeywordMain.groovy:27)\r\n\tat com.kms.katalon.core.webui.keyword.builtin.SetTextKeyword.setText(SetTextKeyword.groovy:65)\r\n\tat com.kms.katalon.core.webui.keyword.builtin.SetTextKeyword.execute(SetTextKeyword.groovy:37)\r\n\tat com.kms.katalon.core.keyword.internal.KeywordExecutor.executeKeywordForPlatform(KeywordExecutor.groovy:53)\r\n\tat com.kms.katalon.core.webui.keyword.WebUiBuiltInKeywords.setText(WebUiBuiltInKeywords.groovy:950)\r\n\tat com.kms.katalon.core.webui.keyword.WebUiBuiltInKeywords$setText$1.call(Unknown Source)\r\n\tat org.codehaus.groovy.runtime.callsite.CallSiteArray.defaultCall(CallSiteArray.java:48)\r\n\tat org.codehaus.groovy.runtime.callsite.AbstractCallSite.call(AbstractCallSite.java:113)\r\n\tat org.codehaus.groovy.runtime.callsite.AbstractCallSite.call(AbstractCallSite.java:133)\r\n\tat Script1556031251708.run(Script1556031251708.groovy:34)\r\n\tat com.kms.katalon.core.main.ScriptEngine.run(ScriptEngine.java:183)\r\n\tat com.kms.katalon.core.main.ScriptEngine.runScriptAsRawText(ScriptEngine.java:108)\r\n\tat com.kms.katalon.core.main.TestCaseExecutor.runScript(TestCaseExecutor.java:294)\r\n\tat com.kms.katalon.core.main.TestCaseExecutor.doExecute(TestCaseExecutor.java:285)\r\n\tat com.kms.katalon.core.main.TestCaseExecutor.processExecutionPhase(TestCaseExecutor.java:264)\r\n\tat com.kms.katalon.core.main.TestCaseExecutor.accessMainPhase(TestCaseExecutor.java:256)\r\n\tat com.kms.katalon.core.main.TestCaseExecutor.execute(TestCaseExecutor.java:200)\r\n\tat com.kms.katalon.core.main.TestSuiteExecutor.accessTestCaseMainPhase(TestSuiteExecutor.java:129)\r\n\tat com.kms.katalon.core.main.TestSuiteExecutor.accessTestSuiteMainPhase(TestSuiteExecutor.java:112)\r\n\tat com.kms.katalon.core.main.TestSuiteExecutor.execute(TestSuiteExecutor.java:81)\r\n\tat com.kms.katalon.core.main.TestCaseMain.startTestSuite(TestCaseMain.java:142)\r\n\tat com.kms.katalon.core.main.TestCaseMain$startTestSuite$0.call(Unknown Source)\r\n\tat org.codehaus.groovy.runtime.callsite.CallSiteArray.defaultCall(CallSiteArray.java:48)\r\n\tat org.codehaus.groovy.runtime.callsite.AbstractCallSite.call(AbstractCallSite.java:113)\r\n\tat org.codehaus.groovy.runtime.callsite.AbstractCallSite.call(AbstractCallSite.java:141)\r\n\tat TempTestSuite1556286993545.run(TempTestSuite1556286993545.groovy:36)\r\n\tat groovy.lang.GroovyShell.runScriptOrMainOrTestOrRunnable(GroovyShell.java:263)\r\n\tat groovy.lang.GroovyShell.run(GroovyShell.java:518)\r\n\tat groovy.lang.GroovyShell.run(GroovyShell.java:507)\r\n\tat groovy.ui.GroovyMain.processOnce(GroovyMain.java:653)\r\n\tat groovy.ui.GroovyMain.run(GroovyMain.java:384)\r\n\tat groovy.ui.GroovyMain.process(GroovyMain.java:370)\r\n\tat groovy.ui.GroovyMain.processArgs(GroovyMain.java:129)\r\n\tat groovy.ui.GroovyMain.main(GroovyMain.java:109)\r\n\tat sun.reflect.NativeMethodAccessorImpl.invoke0(Native Method)\r\n\tat sun.reflect.NativeMethodAccessorImpl.invoke(NativeMethodAccessorImpl.java:62)\r\n\tat sun.reflect.DelegatingMethodAccessorImpl.invoke(DelegatingMethodAccessorImpl.java:43)\r\n\tat java.lang.reflect.Method.invoke(Method.java:498)\r\n\tat org.codehaus.groovy.tools.GroovyStarter.rootLoader(GroovyStarter.java:109)\r\n\tat org.codehaus.groovy.tools.GroovyStarter.main(GroovyStarter.java:131)\r\n)","description":"","startTime":1556286997031,"endTime":1556287123613,"childRecords":[{"isOptional":false,"type":"TEST_CASE","name":"Test Cases/Imported from Selenium IDE Scripts/ver. 2.03/Chrome/RU20/RU20-NUC01-T01","id":"Test Cases/Imported from Selenium IDE Scripts/ver. 2.03/Chrome/RU20/RU20-NUC01-T01","source":"C:\\\\Users\\\\mpetracc\\\\Katalon Studio\\\\KLiME\\\\Test Cases\\\\Imported from Selenium IDE Scripts\\\\ver. 2.03\\\\Chrome\\\\RU20\\\\RU20-NUC01-T01.tc","message":"Test Cases/Imported from Selenium IDE Scripts/ver. 2.03/Chrome/RU20/RU20-NUC01-T01 FAILED because (of) (Stack trace: com.kms.katalon.core.exception.StepFailedException: Unable to set text (Root cause: java.lang.IllegalArgumentException: Object is null)\r\n\tat com.kms.katalon.core.keyword.internal.KeywordMain.stepFailed(KeywordMain.groovy:36)\r\n\tat com.kms.katalon.core.webui.keyword.internal.WebUIKeywordMain.stepFailed(WebUIKeywordMain.groovy:65)\r\n\tat com.kms.katalon.core.webui.keyword.internal.WebUIKeywordMain.runKeyword(WebUIKeywordMain.groovy:27)\r\n\tat com.kms.katalon.core.webui.keyword.builtin.SetTextKeyword.setText(SetTextKeyword.groovy:65)\r\n\tat com.kms.katalon.core.webui.keyword.builtin.SetTextKeyword.execute(SetTextKeyword.groovy:37)\r\n\tat com.kms.katalon.core.keyword.internal.KeywordExecutor.executeKeywordForPlatform(KeywordExecutor.groovy:53)\r\n\tat com.kms.katalon.core.webui.keyword.WebUiBuiltInKeywords.setText(WebUiBuiltInKeywords.groovy:950)\r\n\tat com.kms.katalon.core.webui.keyword.WebUiBuiltInKeywords$setText$1.call(Unknown Source)\r\n\tat org.codehaus.groovy.runtime.callsite.CallSiteArray.defaultCall(CallSiteArray.java:48)\r\n\tat org.codehaus.groovy.runtime.callsite.AbstractCallSite.call(AbstractCallSite.java:113)\r\n\tat org.codehaus.groovy.runtime.callsite.AbstractCallSite.call(AbstractCallSite.java:133)\r\n\tat Script1556031251708.run(Script1556031251708.groovy:34)\r\n\tat com.kms.katalon.core.main.ScriptEngine.run(ScriptEngine.java:183)\r\n\tat com.kms.katalon.core.main.ScriptEngine.runScriptAsRawText(ScriptEngine.java:108)\r\n\tat com.kms.katalon.core.main.TestCaseExecutor.runScript(TestCaseExecutor.java:294)\r\n\tat com.kms.katalon.core.main.TestCaseExecutor.doExecute(TestCaseExecutor.java:285)\r\n\tat com.kms.katalon.core.main.TestCaseExecutor.processExecutionPhase(TestCaseExecutor.java:264)\r\n\tat com.kms.katalon.core.main.TestCaseExecutor.accessMainPhase(TestCaseExecutor.java:256)\r\n\tat com.kms.katalon.core.main.TestCaseExecutor.execute(TestCaseExecutor.java:200)\r\n\tat com.kms.katalon.core.main.TestSuiteExecutor.accessTestCaseMainPhase(TestSuiteExecutor.java:129)\r\n\tat com.kms.katalon.core.main.TestSuiteExecutor.accessTestSuiteMainPhase(TestSuiteExecutor.java:112)\r\n\tat com.kms.katalon.core.main.TestSuiteExecutor.execute(TestSuiteExecutor.java:81)\r\n\tat com.kms.katalon.core.main.TestCaseMain.startTestSuite(TestCaseMain.java:142)\r\n\tat com.kms.katalon.core.main.TestCaseMain$startTestSuite$0.call(Unknown Source)\r\n\tat org.codehaus.groovy.runtime.callsite.CallSiteArray.defaultCall(CallSiteArray.java:48)\r\n\tat org.codehaus.groovy.runtime.callsite.AbstractCallSite.call(AbstractCallSite.java:113)\r\n\tat org.codehaus.groovy.runtime.callsite.AbstractCallSite.call(AbstractCallSite.java:141)\r\n\tat TempTestSuite1556286993545.run(TempTestSuite1556286993545.groovy:36)\r\n\tat groovy.lang.GroovyShell.runScriptOrMainOrTestOrRunnable(GroovyShell.java:263)\r\n\tat groovy.lang.GroovyShell.run(GroovyShell.java:518)\r\n\tat groovy.lang.GroovyShell.run(GroovyShell.java:507)\r\n\tat groovy.ui.GroovyMain.processOnce(GroovyMain.java:653)\r\n\tat groovy.ui.GroovyMain.run(GroovyMain.java:384)\r\n\tat groovy.ui.GroovyMain.process(GroovyMain.java:370)\r\n\tat groovy.ui.GroovyMain.processArgs(GroovyMain.java:129)\r\n\tat groovy.ui.GroovyMain.main(GroovyMain.java:109)\r\n\tat sun.reflect.NativeMethodAccessorImpl.invoke0(Native Method)\r\n\tat sun.reflect.NativeMethodAccessorImpl.invoke(NativeMethodAccessorImpl.java:62)\r\n\tat sun.reflect.DelegatingMethodAccessorImpl.invoke(DelegatingMethodAccessorImpl.java:43)\r\n\tat java.lang.reflect.Method.invoke(Method.java:498)\r\n\tat org.codehaus.groovy.tools.GroovyStarter.rootLoader(GroovyStarter.java:109)\r\n\tat org.codehaus.groovy.tools.GroovyStarter.main(GroovyStarter.java:131)\r\n)","description":"PAMP -  Portfolio B. T.  Eq./Der. -  Member Results - View","startTime":1556286997641,"endTime":1556287005141,"childRecords":[{"testStatus":{"stackTrace":"","statusValue":"INFO"},"type":"MESSAGE","name":"","message":"Evaluating variables for test case","startTime":1556286997687,"endTime":0,"childRecords":[],"interuppted":false},{"index":1,"isIgnoredIfFailed":false,"type":"TEST_STEP","name":"Comment - \"----------------------------------------------------\"","description":"","startTime":1556286998225,"endTime":1556286998227,"childRecords":[],"interuppted":false},{"index":2,"isIgnoredIfFailed":false,"type":"TEST_STEP","name":"Comment - \"This test case script is generated by Katalon Studio\"","description":"","startTime":1556286998228,"endTime":1556286998230,"childRecords":[],"interuppted":false},{"index":3,"isIgnoredIfFailed":false,"type":"TEST_STEP","name":"Comment - \"Generated date: 09-Oct-2018 09:59:22 AM\"","description":"","startTime":1556286998231,"endTime":1556286998232,"childRecords":[],"interuppted":false},{"index":4,"isIgnoredIfFailed":false,"type":"TEST_STEP","name":"Comment - \"File path: H:\\Desktop\\LiME_2.03\\LiME_2.03\\CdT\\RUN_1\\RU20\\RU20-NUC01-T01.rctest\"","description":"","startTime":1556286998233,"endTime":1556286998235,"childRecords":[],"interuppted":false},{"index":5,"isIgnoredIfFailed":false,"type":"TEST_STEP","name":"Comment - \"LiME - Data Staging Stress - Central bank for sec. Withdraw stg\"","description":"","startTime":1556286998237,"endTime":1556286998238,"childRecords":[],"interuppted":false},{"index":6,"isIgnoredIfFailed":false,"type":"TEST_STEP","name":"Comment - \"Generated by: masspetracca@gmail.com\"","description":"","startTime":1556286998242,"endTime":1556286998256,"childRecords":[],"interuppted":false},{"index":7,"isIgnoredIfFailed":false,"type":"TEST_STEP","name":"openBrowser","message":"Browser is opened with url: \u0027\u0027","description":"----------------------------------------------------","startTime":1556286998257,"endTime":1556287004467,"childRecords":[{"testStatus":{"stackTrace":"","statusValue":"PASSED"},"type":"MESSAGE","name":"","message":"Browser is opened with url: \u0027\u0027","startTime":1556287004466,"endTime":0,"childRecords":[],"interuppted":false}],"interuppted":false},{"index":8,"isIgnoredIfFailed":false,"type":"TEST_STEP","name":"navigateToUrl","message":"Navigate to \u0027https://10.0.10.230:10044/LiqPortalWEB/index.html\u0027 successfully","description":"TC \u003e\u003e RU20-NUC01-T01.rctest","startTime":1556287004467,"endTime":1556287004946,"childRecords":[{"testStatus":{"stackTrace":"","statusValue":"PASSED"},"type":"MESSAGE","name":"","message":"Navigate to \u0027https://10.0.10.230:10044/LiqPortalWEB/index.html\u0027 successfully","startTime":1556287004945,"endTime":0,"childRecords":[],"interuppted":false}],"interuppted":false},{"attachment":"1556287004994.png","index":9,"isIgnoredIfFailed":false,"type":"TEST_STEP","name":"setText","message":"Unable to set text (Root cause: java.lang.IllegalArgumentException: Object is null)","description":"","startTime":1556287004952,"endTime":1556287005137,"childRecords":[{"testStatus":{"stackTrace":"","statusValue":"WARNING"},"type":"MESSAGE","name":"","message":"Test object with id \u0027Object Repository/ver 2.03/Page_CCG Portal/RU20-NUC01-T01/input_Username_j_username\u0027 does not exist","startTime":1556287004964,"endTime":0,"childRecords":[],"interuppted":false},{"testStatus":{"stackTrace":"","statusValue":"WARNING"},"type":"MESSAGE","name":"","message":"Test object with id \u0027Object Repository/\u0027 does not exist","startTime":1556287004991,"endTime":0,"childRecords":[],"interuppted":false},{"testStatus":{"stackTrace":"","statusValue":"FAILED"},"attachment":"1556287004994.png","type":"MESSAGE","name":"","message":"Unable to set text (Root cause: java.lang.IllegalArgumentException: Object is null)","startTime":1556287005136,"endTime":0,"childRecords":[],"interuppted":false}],"interuppted":false},{"testStatus":{"stackTrace":"","statusValue":"FAILED"},"type":"MESSAGE","name":"","message":"Test Cases/Imported from Selenium IDE Scripts/ver. 2.03/Chrome/RU20/RU20-NUC01-T01 FAILED because (of) (Stack trace: com.kms.katalon.core.exception.StepFailedException: Unable to set text (Root cause: java.lang.IllegalArgumentException: Object is null)\r\n\tat com.kms.katalon.core.keyword.internal.KeywordMain.stepFailed(KeywordMain.groovy:36)\r\n\tat com.kms.katalon.core.webui.keyword.internal.WebUIKeywordMain.stepFailed(WebUIKeywordMain.groovy:65)\r\n\tat com.kms.katalon.core.webui.keyword.internal.WebUIKeywordMain.runKeyword(WebUIKeywordMain.groovy:27)\r\n\tat com.kms.katalon.core.webui.keyword.builtin.SetTextKeyword.setText(SetTextKeyword.groovy:65)\r\n\tat com.kms.katalon.core.webui.keyword.builtin.SetTextKeyword.execute(SetTextKeyword.groovy:37)\r\n\tat com.kms.katalon.core.keyword.internal.KeywordExecutor.executeKeywordForPlatform(KeywordExecutor.groovy:53)\r\n\tat com.kms.katalon.core.webui.keyword.WebUiBuiltInKeywords.setText(WebUiBuiltInKeywords.groovy:950)\r\n\tat com.kms.katalon.core.webui.keyword.WebUiBuiltInKeywords$setText$1.call(Unknown Source)\r\n\tat org.codehaus.groovy.runtime.callsite.CallSiteArray.defaultCall(CallSiteArray.java:48)\r\n\tat org.codehaus.groovy.runtime.callsite.AbstractCallSite.call(AbstractCallSite.java:113)\r\n\tat org.codehaus.groovy.runtime.callsite.AbstractCallSite.call(AbstractCallSite.java:133)\r\n\tat Script1556031251708.run(Script1556031251708.groovy:34)\r\n\tat com.kms.katalon.core.main.ScriptEngine.run(ScriptEngine.java:183)\r\n\tat com.kms.katalon.core.main.ScriptEngine.runScriptAsRawText(ScriptEngine.java:108)\r\n\tat com.kms.katalon.core.main.TestCaseExecutor.runScript(TestCaseExecutor.java:294)\r\n\tat com.kms.katalon.core.main.TestCaseExecutor.doExecute(TestCaseExecutor.java:285)\r\n\tat com.kms.katalon.core.main.TestCaseExecutor.processExecutionPhase(TestCaseExecutor.java:264)\r\n\tat com.kms.katalon.core.main.TestCaseExecutor.accessMainPhase(TestCaseExecutor.java:256)\r\n\tat com.kms.katalon.core.main.TestCaseExecutor.execute(TestCaseExecutor.java:200)\r\n\tat com.kms.katalon.core.main.TestSuiteExecutor.accessTestCaseMainPhase(TestSuiteExecutor.java:129)\r\n\tat com.kms.katalon.core.main.TestSuiteExecutor.accessTestSuiteMainPhase(TestSuiteExecutor.java:112)\r\n\tat com.kms.katalon.core.main.TestSuiteExecutor.execute(TestSuiteExecutor.java:81)\r\n\tat com.kms.katalon.core.main.TestCaseMain.startTestSuite(TestCaseMain.java:142)\r\n\tat com.kms.katalon.core.main.TestCaseMain$startTestSuite$0.call(Unknown Source)\r\n\tat org.codehaus.groovy.runtime.callsite.CallSiteArray.defaultCall(CallSiteArray.java:48)\r\n\tat org.codehaus.groovy.runtime.callsite.AbstractCallSite.call(AbstractCallSite.java:113)\r\n\tat org.codehaus.groovy.runtime.callsite.AbstractCallSite.call(AbstractCallSite.java:141)\r\n\tat TempTestSuite1556286993545.run(TempTestSuite1556286993545.groovy:36)\r\n\tat groovy.lang.GroovyShell.runScriptOrMainOrTestOrRunnable(GroovyShell.java:263)\r\n\tat groovy.lang.GroovyShell.run(GroovyShell.java:518)\r\n\tat groovy.lang.GroovyShell.run(GroovyShell.java:507)\r\n\tat groovy.ui.GroovyMain.processOnce(GroovyMain.java:653)\r\n\tat groovy.ui.GroovyMain.run(GroovyMain.java:384)\r\n\tat groovy.ui.GroovyMain.process(GroovyMain.java:370)\r\n\tat groovy.ui.GroovyMain.processArgs(GroovyMain.java:129)\r\n\tat groovy.ui.GroovyMain.main(GroovyMain.java:109)\r\n\tat sun.reflect.NativeMethodAccessorImpl.invoke0(Native Method)\r\n\tat sun.reflect.NativeMethodAccessorImpl.invoke(NativeMethodAccessorImpl.java:62)\r\n\tat sun.reflect.DelegatingMethodAccessorImpl.invoke(DelegatingMethodAccessorImpl.java:43)\r\n\tat java.lang.reflect.Method.invoke(Method.java:498)\r\n\tat org.codehaus.groovy.tools.GroovyStarter.rootLoader(GroovyStarter.java:109)\r\n\tat org.codehaus.groovy.tools.GroovyStarter.main(GroovyStarter.java:131)\r\n)","startTime":1556287005139,"endTime":0,"childRecords":[],"interuppted":false}],"interuppted":false},{"isOptional":false,"type":"TEST_CASE","name":"Test Cases/Imported from Selenium IDE Scripts/ver. 2.03/Chrome/RU26/RU26-NUC01-T01","id":"Test Cases/Imported from Selenium IDE Scripts/ver. 2.03/Chrome/RU26/RU26-NUC01-T01","source":"C:\\\\Users\\\\mpetracc\\\\Katalon Studio\\\\KLiME\\\\Test Cases\\\\Imported from Selenium IDE Scripts\\\\ver. 2.03\\\\Chrome\\\\RU26\\\\RU26-NUC01-T01.tc","message":"Test Cases/Imported from Selenium IDE Scripts/ver. 2.03/Chrome/RU26/RU26-NUC01-T01 FAILED because (of) (Stack trace: com.kms.katalon.core.exception.StepFailedException: Unable to set text (Root cause: java.lang.IllegalArgumentException: Object is null)\r\n\tat com.kms.katalon.core.keyword.internal.KeywordMain.stepFailed(KeywordMain.groovy:36)\r\n\tat com.kms.katalon.core.webui.keyword.internal.WebUIKeywordMain.stepFailed(WebUIKeywordMain.groovy:65)\r\n\tat com.kms.katalon.core.webui.keyword.internal.WebUIKeywordMain.runKeyword(WebUIKeywordMain.groovy:27)\r\n\tat com.kms.katalon.core.webui.keyword.builtin.SetTextKeyword.setText(SetTextKeyword.groovy:65)\r\n\tat com.kms.katalon.core.webui.keyword.builtin.SetTextKeyword.execute(SetTextKeyword.groovy:37)\r\n\tat com.kms.katalon.core.keyword.internal.KeywordExecutor.executeKeywordForPlatform(KeywordExecutor.groovy:53)\r\n\tat com.kms.katalon.core.webui.keyword.WebUiBuiltInKeywords.setText(WebUiBuiltInKeywords.groovy:950)\r\n\tat com.kms.katalon.core.webui.keyword.WebUiBuiltInKeywords$setText$1.call(Unknown Source)\r\n\tat org.codehaus.groovy.runtime.callsite.CallSiteArray.defaultCall(CallSiteArray.java:48)\r\n\tat org.codehaus.groovy.runtime.callsite.AbstractCallSite.call(AbstractCallSite.java:113)\r\n\tat org.codehaus.groovy.runtime.callsite.AbstractCallSite.call(AbstractCallSite.java:133)\r\n\tat Script1556031121997.run(Script1556031121997.groovy:34)\r\n\tat com.kms.katalon.core.main.ScriptEngine.run(ScriptEngine.java:183)\r\n\tat com.kms.katalon.core.main.ScriptEngine.runScriptAsRawText(ScriptEngine.java:108)\r\n\tat com.kms.katalon.core.main.TestCaseExecutor.runScript(TestCaseExecutor.java:294)\r\n\tat com.kms.katalon.core.main.TestCaseExecutor.doExecute(TestCaseExecutor.java:285)\r\n\tat com.kms.katalon.core.main.TestCaseExecutor.processExecutionPhase(TestCaseExecutor.java:264)\r\n\tat com.kms.katalon.core.main.TestCaseExecutor.accessMainPhase(TestCaseExecutor.java:256)\r\n\tat com.kms.katalon.core.main.TestCaseExecutor.execute(TestCaseExecutor.java:200)\r\n\tat com.kms.katalon.core.main.TestSuiteExecutor.accessTestCaseMainPhase(TestSuiteExecutor.java:129)\r\n\tat com.kms.katalon.core.main.TestSuiteExecutor.accessTestSuiteMainPhase(TestSuiteExecutor.java:112)\r\n\tat com.kms.katalon.core.main.TestSuiteExecutor.execute(TestSuiteExecutor.java:81)\r\n\tat com.kms.katalon.core.main.TestCaseMain.startTestSuite(TestCaseMain.java:142)\r\n\tat com.kms.katalon.core.main.TestCaseMain$startTestSuite$0.call(Unknown Source)\r\n\tat org.codehaus.groovy.runtime.callsite.CallSiteArray.defaultCall(CallSiteArray.java:48)\r\n\tat org.codehaus.groovy.runtime.callsite.AbstractCallSite.call(AbstractCallSite.java:113)\r\n\tat org.codehaus.groovy.runtime.callsite.AbstractCallSite.call(AbstractCallSite.java:141)\r\n\tat TempTestSuite1556286993545.run(TempTestSuite1556286993545.groovy:36)\r\n\tat groovy.lang.GroovyShell.runScriptOrMainOrTestOrRunnable(GroovyShell.java:263)\r\n\tat groovy.lang.GroovyShell.run(GroovyShell.java:518)\r\n\tat groovy.lang.GroovyShell.run(GroovyShell.java:507)\r\n\tat groovy.ui.GroovyMain.processOnce(GroovyMain.java:653)\r\n\tat groovy.ui.GroovyMain.run(GroovyMain.java:384)\r\n\tat groovy.ui.GroovyMain.process(GroovyMain.java:370)\r\n\tat groovy.ui.GroovyMain.processArgs(GroovyMain.java:129)\r\n\tat groovy.ui.GroovyMain.main(GroovyMain.java:109)\r\n\tat sun.reflect.NativeMethodAccessorImpl.invoke0(Native Method)\r\n\tat sun.reflect.NativeMethodAccessorImpl.invoke(NativeMethodAccessorImpl.java:62)\r\n\tat sun.reflect.DelegatingMethodAccessorImpl.invoke(DelegatingMethodAccessorImpl.java:43)\r\n\tat java.lang.reflect.Method.invoke(Method.java:498)\r\n\tat org.codehaus.groovy.tools.GroovyStarter.rootLoader(GroovyStarter.java:109)\r\n\tat org.codehaus.groovy.tools.GroovyStarter.main(GroovyStarter.java:131)\r\n)","description":"PAMP -  Portfolio B. T.  Eq./Der. -  Member Results - View","startTime":1556287005147,"endTime":1556287011240,"childRecords":[{"testStatus":{"stackTrace":"","statusValue":"INFO"},"type":"MESSAGE","name":"","message":"Evaluating variables for test case","startTime":1556287005164,"endTime":0,"childRecords":[],"interuppted":false},{"index":1,"isIgnoredIfFailed":false,"type":"TEST_STEP","name":"Comment - \"----------------------------------------------------\"","description":"","startTime":1556287005718,"endTime":1556287005777,"childRecords":[],"interuppted":false},{"index":2,"isIgnoredIfFailed":false,"type":"TEST_STEP","name":"Comment - \"This test case script is generated by Katalon Studio\"","description":"","startTime":1556287005778,"endTime":1556287005784,"childRecords":[],"interuppted":false},{"index":3,"isIgnoredIfFailed":false,"type":"TEST_STEP","name":"Comment - \"Generated date: 09-Oct-2018 09:59:22 AM\"","description":"","startTime":1556287005784,"endTime":1556287005786,"childRecords":[],"interuppted":false},{"index":4,"isIgnoredIfFailed":false,"type":"TEST_STEP","name":"Comment - \"File path: H:\\Desktop\\LiME_2.03\\LiME_2.03\\CdT\\RUN_1\\RU26\\RU26-NUC01-T01.rctest\"","description":"","startTime":1556287005786,"endTime":1556287005787,"childRecords":[],"interuppted":false},{"index":5,"isIgnoredIfFailed":false,"type":"TEST_STEP","name":"Comment - \"LiME -  Liquidity SWAP - Liq. Swap\"","description":"","startTime":1556287005788,"endTime":1556287005790,"childRecords":[],"interuppted":false},{"index":6,"isIgnoredIfFailed":false,"type":"TEST_STEP","name":"Comment - \"Generated by: masspetracca@gmail.com\"","description":"","startTime":1556287005790,"endTime":1556287005792,"childRecords":[],"interuppted":false},{"index":7,"isIgnoredIfFailed":false,"type":"TEST_STEP","name":"openBrowser","message":"Browser is opened with url: \u0027\u0027","description":"----------------------------------------------------","startTime":1556287005796,"endTime":1556287010638,"childRecords":[{"testStatus":{"stackTrace":"","statusValue":"WARNING"},"type":"MESSAGE","name":"","message":"A browser is already opened. Closing browser and opening a new one","startTime":1556287005798,"endTime":0,"childRecords":[],"interuppted":false},{"testStatus":{"stackTrace":"","statusValue":"PASSED"},"type":"MESSAGE","name":"","message":"Browser is opened with url: \u0027\u0027","startTime":1556287010637,"endTime":0,"childRecords":[],"interuppted":false}],"interuppted":false},{"index":8,"isIgnoredIfFailed":false,"type":"TEST_STEP","name":"navigateToUrl","message":"Navigate to \u0027https://10.0.10.230:10044/LiqPortalWEB/index.html\u0027 successfully","description":"TC \u003e\u003e RU26-NUC01-T01.rctest","startTime":1556287010638,"endTime":1556287011101,"childRecords":[{"testStatus":{"stackTrace":"","statusValue":"PASSED"},"type":"MESSAGE","name":"","message":"Navigate to \u0027https://10.0.10.230:10044/LiqPortalWEB/index.html\u0027 successfully","startTime":1556287011100,"endTime":0,"childRecords":[],"interuppted":false}],"interuppted":false},{"attachment":"1556287011105.png","index":9,"isIgnoredIfFailed":false,"type":"TEST_STEP","name":"setText","message":"Unable to set text (Root cause: java.lang.IllegalArgumentException: Object is null)","description":"","startTime":1556287011101,"endTime":1556287011235,"childRecords":[{"testStatus":{"stackTrace":"","statusValue":"WARNING"},"type":"MESSAGE","name":"","message":"Test object with id \u0027Object Repository/ver 2.03/Page_CCG Portal/RU26-NUC01-T01/input_Username_j_username\u0027 does not exist","startTime":1556287011102,"endTime":0,"childRecords":[],"interuppted":false},{"testStatus":{"stackTrace":"","statusValue":"WARNING"},"type":"MESSAGE","name":"","message":"Test object with id \u0027Object Repository/\u0027 does not exist","startTime":1556287011103,"endTime":0,"childRecords":[],"interuppted":false},{"testStatus":{"stackTrace":"","statusValue":"FAILED"},"attachment":"1556287011105.png","type":"MESSAGE","name":"","message":"Unable to set text (Root cause: java.lang.IllegalArgumentException: Object is null)","startTime":1556287011235,"endTime":0,"childRecords":[],"interuppted":false}],"interuppted":false},{"testStatus":{"stackTrace":"","statusValue":"FAILED"},"type":"MESSAGE","name":"","message":"Test Cases/Imported from Selenium IDE Scripts/ver. 2.03/Chrome/RU26/RU26-NUC01-T01 FAILED because (of) (Stack trace: com.kms.katalon.core.exception.StepFailedException: Unable to set text (Root cause: java.lang.IllegalArgumentException: Object is null)\r\n\tat com.kms.katalon.core.keyword.internal.KeywordMain.stepFailed(KeywordMain.groovy:36)\r\n\tat com.kms.katalon.core.webui.keyword.internal.WebUIKeywordMain.stepFailed(WebUIKeywordMain.groovy:65)\r\n\tat com.kms.katalon.core.webui.keyword.internal.WebUIKeywordMain.runKeyword(WebUIKeywordMain.groovy:27)\r\n\tat com.kms.katalon.core.webui.keyword.builtin.SetTextKeyword.setText(SetTextKeyword.groovy:65)\r\n\tat com.kms.katalon.core.webui.keyword.builtin.SetTextKeyword.execute(SetTextKeyword.groovy:37)\r\n\tat com.kms.katalon.core.keyword.internal.KeywordExecutor.executeKeywordForPlatform(KeywordExecutor.groovy:53)\r\n\tat com.kms.katalon.core.webui.keyword.WebUiBuiltInKeywords.setText(WebUiBuiltInKeywords.groovy:950)\r\n\tat com.kms.katalon.core.webui.keyword.WebUiBuiltInKeywords$setText$1.call(Unknown Source)\r\n\tat org.codehaus.groovy.runtime.callsite.CallSiteArray.defaultCall(CallSiteArray.java:48)\r\n\tat org.codehaus.groovy.runtime.callsite.AbstractCallSite.call(AbstractCallSite.java:113)\r\n\tat org.codehaus.groovy.runtime.callsite.AbstractCallSite.call(AbstractCallSite.java:133)\r\n\tat Script1556031121997.run(Script1556031121997.groovy:34)\r\n\tat com.kms.katalon.core.main.ScriptEngine.run(ScriptEngine.java:183)\r\n\tat com.kms.katalon.core.main.ScriptEngine.runScriptAsRawText(ScriptEngine.java:108)\r\n\tat com.kms.katalon.core.main.TestCaseExecutor.runScript(TestCaseExecutor.java:294)\r\n\tat com.kms.katalon.core.main.TestCaseExecutor.doExecute(TestCaseExecutor.java:285)\r\n\tat com.kms.katalon.core.main.TestCaseExecutor.processExecutionPhase(TestCaseExecutor.java:264)\r\n\tat com.kms.katalon.core.main.TestCaseExecutor.accessMainPhase(TestCaseExecutor.java:256)\r\n\tat com.kms.katalon.core.main.TestCaseExecutor.execute(TestCaseExecutor.java:200)\r\n\tat com.kms.katalon.core.main.TestSuiteExecutor.accessTestCaseMainPhase(TestSuiteExecutor.java:129)\r\n\tat com.kms.katalon.core.main.TestSuiteExecutor.accessTestSuiteMainPhase(TestSuiteExecutor.java:112)\r\n\tat com.kms.katalon.core.main.TestSuiteExecutor.execute(TestSuiteExecutor.java:81)\r\n\tat com.kms.katalon.core.main.TestCaseMain.startTestSuite(TestCaseMain.java:142)\r\n\tat com.kms.katalon.core.main.TestCaseMain$startTestSuite$0.call(Unknown Source)\r\n\tat org.codehaus.groovy.runtime.callsite.CallSiteArray.defaultCall(CallSiteArray.java:48)\r\n\tat org.codehaus.groovy.runtime.callsite.AbstractCallSite.call(AbstractCallSite.java:113)\r\n\tat org.codehaus.groovy.runtime.callsite.AbstractCallSite.call(AbstractCallSite.java:141)\r\n\tat TempTestSuite1556286993545.run(TempTestSuite1556286993545.groovy:36)\r\n\tat groovy.lang.GroovyShell.runScriptOrMainOrTestOrRunnable(GroovyShell.java:263)\r\n\tat groovy.lang.GroovyShell.run(GroovyShell.java:518)\r\n\tat groovy.lang.GroovyShell.run(GroovyShell.java:507)\r\n\tat groovy.ui.GroovyMain.processOnce(GroovyMain.java:653)\r\n\tat groovy.ui.GroovyMain.run(GroovyMain.java:384)\r\n\tat groovy.ui.GroovyMain.process(GroovyMain.java:370)\r\n\tat groovy.ui.GroovyMain.processArgs(GroovyMain.java:129)\r\n\tat groovy.ui.GroovyMain.main(GroovyMain.java:109)\r\n\tat sun.reflect.NativeMethodAccessorImpl.invoke0(Native Method)\r\n\tat sun.reflect.NativeMethodAccessorImpl.invoke(NativeMethodAccessorImpl.java:62)\r\n\tat sun.reflect.DelegatingMethodAccessorImpl.invoke(DelegatingMethodAccessorImpl.java:43)\r\n\tat java.lang.reflect.Method.invoke(Method.java:498)\r\n\tat org.codehaus.groovy.tools.GroovyStarter.rootLoader(GroovyStarter.java:109)\r\n\tat org.codehaus.groovy.tools.GroovyStarter.main(GroovyStarter.java:131)\r\n)","startTime":1556287011236,"endTime":0,"childRecords":[],"interuppted":false}],"interuppted":false},{"isOptional":false,"type":"TEST_CASE","name":"Test Cases/Imported from Selenium IDE Scripts/ver. 2.03/Chrome/RU32/RU32-NUC01-T01","id":"Test Cases/Imported from Selenium IDE Scripts/ver. 2.03/Chrome/RU32/RU32-NUC01-T01","source":"C:\\\\Users\\\\mpetracc\\\\Katalon Studio\\\\KLiME\\\\Test Cases\\\\Imported from Selenium IDE Scripts\\\\ver. 2.03\\\\Chrome\\\\RU32\\\\RU32-NUC01-T01.tc","message":"Test Cases/Imported from Selenium IDE Scripts/ver. 2.03/Chrome/RU32/RU32-NUC01-T01 FAILED because (of) (Stack trace: com.kms.katalon.core.exception.StepFailedException: Unable to click on object \u0027Object Repository/ver 2.03/Page_CCG Portal/RU32-NUC01/RU32-NUC01-T01/Page_LiME/img_Soft limit_isc_81icon\u0027 (Root cause: org.openqa.selenium.StaleElementReferenceException: The element reference of \u003ctable id\u003d\"isc_53table\" class\u003d\"menuTable\"\u003e is stale; either the element is no longer attached to the DOM, it is not in the current frame context, or the document has been refreshed\nFor documentation on this error, please visit: http://seleniumhq.org/exceptions/stale_element_reference.html\nBuild info: version: \u00273.7.1\u0027, revision: \u00278a0099a\u0027, time: \u00272017-11-06T21:07:36.161Z\u0027\nSystem info: host: \u0027DP-CCG-VDESK10\u0027, ip: \u002710.0.15.229\u0027, os.name: \u0027Windows 10\u0027, os.arch: \u0027amd64\u0027, os.version: \u002710.0\u0027, java.version: \u00271.8.0_181\u0027\nDriver info: com.kms.katalon.core.webui.driver.Chrome.CGeckoDriver\nCapabilities {acceptInsecureCerts: true, browserName: Chrome, browserVersion: 60.6.1, javascriptEnabled: true, moz:accessibilityChecks: false, moz:headless: false, moz:processID: 8708, moz:profile: C:\\Users\\mpetracc\\AppData\\L..., moz:useNonSpecCompliantPointerOrigin: false, moz:webdriverClick: true, pageLoadStrategy: normal, platform: XP, platformName: XP, platformVersion: 10.0, proxy: Proxy(system), rotatable: false, timeouts: {implicit: 0, pageLoad: 300000, script: 30000}}\nSession ID: 151aedb4-f72e-469c-9272-3ca402b2842f)\r\n\tat com.kms.katalon.core.keyword.internal.KeywordMain.stepFailed(KeywordMain.groovy:36)\r\n\tat com.kms.katalon.core.webui.keyword.internal.WebUIKeywordMain.stepFailed(WebUIKeywordMain.groovy:65)\r\n\tat com.kms.katalon.core.webui.keyword.internal.WebUIKeywordMain.runKeyword(WebUIKeywordMain.groovy:27)\r\n\tat com.kms.katalon.core.webui.keyword.builtin.ClickKeyword.click(ClickKeyword.groovy:86)\r\n\tat com.kms.katalon.core.webui.keyword.builtin.ClickKeyword.execute(ClickKeyword.groovy:67)\r\n\tat com.kms.katalon.core.keyword.internal.KeywordExecutor.executeKeywordForPlatform(KeywordExecutor.groovy:53)\r\n\tat com.kms.katalon.core.webui.keyword.WebUiBuiltInKeywords.click(WebUiBuiltInKeywords.groovy:616)\r\n\tat com.kms.katalon.core.webui.keyword.WebUiBuiltInKeywords$click$2.call(Unknown Source)\r\n\tat org.codehaus.groovy.runtime.callsite.CallSiteArray.defaultCall(CallSiteArray.java:48)\r\n\tat org.codehaus.groovy.runtime.callsite.AbstractCallSite.call(AbstractCallSite.java:113)\r\n\tat org.codehaus.groovy.runtime.callsite.AbstractCallSite.call(AbstractCallSite.java:125)\r\n\tat Script1556031456807.run(Script1556031456807.groovy:46)\r\n\tat com.kms.katalon.core.main.ScriptEngine.run(ScriptEngine.java:183)\r\n\tat com.kms.katalon.core.main.ScriptEngine.runScriptAsRawText(ScriptEngine.java:108)\r\n\tat com.kms.katalon.core.main.TestCaseExecutor.runScript(TestCaseExecutor.java:294)\r\n\tat com.kms.katalon.core.main.TestCaseExecutor.doExecute(TestCaseExecutor.java:285)\r\n\tat com.kms.katalon.core.main.TestCaseExecutor.processExecutionPhase(TestCaseExecutor.java:264)\r\n\tat com.kms.katalon.core.main.TestCaseExecutor.accessMainPhase(TestCaseExecutor.java:256)\r\n\tat com.kms.katalon.core.main.TestCaseExecutor.execute(TestCaseExecutor.java:200)\r\n\tat com.kms.katalon.core.main.TestSuiteExecutor.accessTestCaseMainPhase(TestSuiteExecutor.java:129)\r\n\tat com.kms.katalon.core.main.TestSuiteExecutor.accessTestSuiteMainPhase(TestSuiteExecutor.java:112)\r\n\tat com.kms.katalon.core.main.TestSuiteExecutor.execute(TestSuiteExecutor.java:81)\r\n\tat com.kms.katalon.core.main.TestCaseMain.startTestSuite(TestCaseMain.java:142)\r\n\tat com.kms.katalon.core.main.TestCaseMain$startTestSuite$0.call(Unknown Source)\r\n\tat org.codehaus.groovy.runtime.callsite.CallSiteArray.defaultCall(CallSiteArray.java:48)\r\n\tat org.codehaus.groovy.runtime.callsite.AbstractCallSite.call(AbstractCallSite.java:113)\r\n\tat org.codehaus.groovy.runtime.callsite.AbstractCallSite.call(AbstractCallSite.java:141)\r\n\tat TempTestSuite1556286993545.run(TempTestSuite1556286993545.groovy:36)\r\n\tat groovy.lang.GroovyShell.runScriptOrMainOrTestOrRunnable(GroovyShell.java:263)\r\n\tat groovy.lang.GroovyShell.run(GroovyShell.java:518)\r\n\tat groovy.lang.GroovyShell.run(GroovyShell.java:507)\r\n\tat groovy.ui.GroovyMain.processOnce(GroovyMain.java:653)\r\n\tat groovy.ui.GroovyMain.run(GroovyMain.java:384)\r\n\tat groovy.ui.GroovyMain.process(GroovyMain.java:370)\r\n\tat groovy.ui.GroovyMain.processArgs(GroovyMain.java:129)\r\n\tat groovy.ui.GroovyMain.main(GroovyMain.java:109)\r\n\tat sun.reflect.NativeMethodAccessorImpl.invoke0(Native Method)\r\n\tat sun.reflect.NativeMethodAccessorImpl.invoke(NativeMethodAccessorImpl.java:62)\r\n\tat sun.reflect.DelegatingMethodAccessorImpl.invoke(DelegatingMethodAccessorImpl.java:43)\r\n\tat java.lang.reflect.Method.invoke(Method.java:498)\r\n\tat org.codehaus.groovy.tools.GroovyStarter.rootLoader(GroovyStarter.java:109)\r\n\tat org.codehaus.groovy.tools.GroovyStarter.main(GroovyStarter.java:131)\r\n)","description":"PAMP -  Portfolio B. T.  Eq./Der. -  Member Results - View","startTime":1556287011248,"endTime":1556287065898,"childRecords":[{"testStatus":{"stackTrace":"","statusValue":"INFO"},"type":"MESSAGE","name":"","message":"Evaluating variables for test case","startTime":1556287011264,"endTime":0,"childRecords":[],"interuppted":false},{"index":1,"isIgnoredIfFailed":false,"type":"TEST_STEP","name":"Comment - \"----------------------------------------------------\"","description":"","startTime":1556287011699,"endTime":1556287011699,"childRecords":[],"interuppted":false},{"index":2,"isIgnoredIfFailed":false,"type":"TEST_STEP","name":"Comment - \"This test case script is generated by Katalon Studio\"","description":"","startTime":1556287011700,"endTime":1556287011717,"childRecords":[],"interuppted":false},{"index":3,"isIgnoredIfFailed":false,"type":"TEST_STEP","name":"Comment - \"Generated date: 09-Oct-2018 09:59:22 AM\"","description":"","startTime":1556287011718,"endTime":1556287011718,"childRecords":[],"interuppted":false},{"index":4,"isIgnoredIfFailed":false,"type":"TEST_STEP","name":"Comment - \"File path: H:\\Desktop\\LiME_2.03\\LiME_2.03\\CdT\\RUN_1\\RU32\\RU32-NUC01-T01.rctest\"","description":"","startTime":1556287011718,"endTime":1556287011719,"childRecords":[],"interuppted":false},{"index":5,"isIgnoredIfFailed":false,"type":"TEST_STEP","name":"Comment - \"LiME -  RUN Register\"","description":"","startTime":1556287011719,"endTime":1556287011720,"childRecords":[],"interuppted":false},{"index":6,"isIgnoredIfFailed":false,"type":"TEST_STEP","name":"Comment - \"Generated by: masspetracca@gmail.com\"","description":"","startTime":1556287011720,"endTime":1556287011720,"childRecords":[],"interuppted":false},{"index":7,"isIgnoredIfFailed":false,"type":"TEST_STEP","name":"openBrowser","message":"Browser is opened with url: \u0027\u0027","description":"----------------------------------------------------","startTime":1556287011721,"endTime":1556287016710,"childRecords":[{"testStatus":{"stackTrace":"","statusValue":"WARNING"},"type":"MESSAGE","name":"","message":"A browser is already opened. Closing browser and opening a new one","startTime":1556287011722,"endTime":0,"childRecords":[],"interuppted":false},{"testStatus":{"stackTrace":"","statusValue":"PASSED"},"type":"MESSAGE","name":"","message":"Browser is opened with url: \u0027\u0027","startTime":1556287016709,"endTime":0,"childRecords":[],"interuppted":false}],"interuppted":false},{"index":8,"isIgnoredIfFailed":false,"type":"TEST_STEP","name":"navigateToUrl","message":"Navigate to \u0027https://10.0.10.230:10044/LiqPortalWEB/index.html\u0027 successfully","description":"TC \u003e\u003e RU32-NUC01-T01.rctest","startTime":1556287016710,"endTime":1556287017089,"childRecords":[{"testStatus":{"stackTrace":"","statusValue":"PASSED"},"type":"MESSAGE","name":"","message":"Navigate to \u0027https://10.0.10.230:10044/LiqPortalWEB/index.html\u0027 successfully","startTime":1556287017089,"endTime":0,"childRecords":[],"interuppted":false}],"interuppted":false},{"index":9,"isIgnoredIfFailed":false,"type":"TEST_STEP","name":"setText","message":"Text \u0027mpetracc\u0027 is set on object \u0027Object Repository/ver 2.03/Page_CCG Portal/RU32-NUC01/RU32-NUC01-T01/input_Username_j_username\u0027","description":"","startTime":1556287017090,"endTime":1556287017281,"childRecords":[{"testStatus":{"stackTrace":"","statusValue":"PASSED"},"type":"MESSAGE","name":"","message":"Text \u0027mpetracc\u0027 is set on object \u0027Object Repository/ver 2.03/Page_CCG Portal/RU32-NUC01/RU32-NUC01-T01/input_Username_j_username\u0027","startTime":1556287017274,"endTime":0,"childRecords":[],"interuppted":false}],"interuppted":false},{"index":10,"isIgnoredIfFailed":false,"type":"TEST_STEP","name":"setText","message":"Text \u0027.mpetrac005\u0027 is set on object \u0027Object Repository/ver 2.03/Page_CCG Portal/RU32-NUC01/RU32-NUC01-T01/input_Password_j_password\u0027","description":"","startTime":1556287017281,"endTime":1556287017386,"childRecords":[{"testStatus":{"stackTrace":"","statusValue":"PASSED"},"type":"MESSAGE","name":"","message":"Text \u0027.mpetrac005\u0027 is set on object \u0027Object Repository/ver 2.03/Page_CCG Portal/RU32-NUC01/RU32-NUC01-T01/input_Password_j_password\u0027","startTime":1556287017385,"endTime":0,"childRecords":[],"interuppted":false}],"interuppted":false},{"index":11,"isIgnoredIfFailed":false,"type":"TEST_STEP","name":"click","message":"Object: \u0027Object Repository/ver 2.03/Page_CCG Portal/RU32-NUC01/RU32-NUC01-T01/input_Password_submitLabel\u0027 is clicked on","description":"","startTime":1556287017386,"endTime":1556287018714,"childRecords":[{"testStatus":{"stackTrace":"","statusValue":"PASSED"},"type":"MESSAGE","name":"","message":"Object: \u0027Object Repository/ver 2.03/Page_CCG Portal/RU32-NUC01/RU32-NUC01-T01/input_Password_submitLabel\u0027 is clicked on","startTime":1556287018714,"endTime":0,"childRecords":[],"interuppted":false}],"interuppted":false},{"index":12,"isIgnoredIfFailed":false,"type":"TEST_STEP","name":"navigateToUrl","message":"Navigate to \u0027https://10.0.10.230:10044/LiqPortalWEB/index.html\u0027 successfully","description":"","startTime":1556287018715,"endTime":1556287019878,"childRecords":[{"testStatus":{"stackTrace":"","statusValue":"PASSED"},"type":"MESSAGE","name":"","message":"Navigate to \u0027https://10.0.10.230:10044/LiqPortalWEB/index.html\u0027 successfully","startTime":1556287019877,"endTime":0,"childRecords":[],"interuppted":false}],"interuppted":false},{"index":13,"isIgnoredIfFailed":false,"type":"TEST_STEP","name":"click","message":"Object: \u0027Object Repository/ver 2.03/Page_CCG Portal/RU32-NUC01/RU32-NUC01-T01/Page_LiME/nobr_Liq. Stress Simulator\u0027 is clicked on","description":"","startTime":1556287019878,"endTime":1556287024316,"childRecords":[{"testStatus":{"stackTrace":"","statusValue":"PASSED"},"type":"MESSAGE","name":"","message":"Object: \u0027Object Repository/ver 2.03/Page_CCG Portal/RU32-NUC01/RU32-NUC01-T01/Page_LiME/nobr_Liq. Stress Simulator\u0027 is clicked on","startTime":1556287024316,"endTime":0,"childRecords":[],"interuppted":false}],"interuppted":false},{"index":14,"isIgnoredIfFailed":false,"type":"TEST_STEP","name":"click","message":"Object: \u0027Object Repository/ver 2.03/Page_CCG Portal/RU32-NUC01/RU32-NUC01-T01/Page_LiME/div_Run Register\u0027 is clicked on","description":"","startTime":1556287024316,"endTime":1556287024751,"childRecords":[{"testStatus":{"stackTrace":"","statusValue":"PASSED"},"type":"MESSAGE","name":"","message":"Object: \u0027Object Repository/ver 2.03/Page_CCG Portal/RU32-NUC01/RU32-NUC01-T01/Page_LiME/div_Run Register\u0027 is clicked on","startTime":1556287024751,"endTime":0,"childRecords":[],"interuppted":false}],"interuppted":false},{"attachment":"1556287065759.png","index":15,"isIgnoredIfFailed":false,"type":"TEST_STEP","name":"click","message":"Unable to click on object \u0027Object Repository/ver 2.03/Page_CCG Portal/RU32-NUC01/RU32-NUC01-T01/Page_LiME/img_Soft limit_isc_81icon\u0027 (Root cause: org.openqa.selenium.StaleElementReferenceException: The element reference of \u003ctable id\u003d\"isc_53table\" class\u003d\"menuTable\"\u003e is stale; either the element is no longer attached to the DOM, it is not in the current frame context, or the document has been refreshed\nFor documentation on this error, please visit: http://seleniumhq.org/exceptions/stale_element_reference.html\nBuild info: version: \u00273.7.1\u0027, revision: \u00278a0099a\u0027, time: \u00272017-11-06T21:07:36.161Z\u0027\nSystem info: host: \u0027DP-CCG-VDESK10\u0027, ip: \u002710.0.15.229\u0027, os.name: \u0027Windows 10\u0027, os.arch: \u0027amd64\u0027, os.version: \u002710.0\u0027, java.version: \u00271.8.0_181\u0027\nDriver info: com.kms.katalon.core.webui.driver.Chrome.CGeckoDriver\nCapabilities {acceptInsecureCerts: true, browserName: Chrome, browserVersion: 60.6.1, javascriptEnabled: true, moz:accessibilityChecks: false, moz:headless: false, moz:processID: 8708, moz:profile: C:\\Users\\mpetracc\\AppData\\L..., moz:useNonSpecCompliantPointerOrigin: false, moz:webdriverClick: true, pageLoadStrategy: normal, platform: XP, platformName: XP, platformVersion: 10.0, proxy: Proxy(system), rotatable: false, timeouts: {implicit: 0, pageLoad: 300000, script: 30000}}\nSession ID: 151aedb4-f72e-469c-9272-3ca402b2842f)","description":"","startTime":1556287024751,"endTime":1556287065870,"childRecords":[{"testStatus":{"stackTrace":"","statusValue":"FAILED"},"attachment":"1556287065759.png","type":"MESSAGE","name":"","message":"Unable to click on object \u0027Object Repository/ver 2.03/Page_CCG Portal/RU32-NUC01/RU32-NUC01-T01/Page_LiME/img_Soft limit_isc_81icon\u0027 (Root cause: org.openqa.selenium.StaleElementReferenceException: The element reference of \u003ctable id\u003d\"isc_53table\" class\u003d\"menuTable\"\u003e is stale; either the element is no longer attached to the DOM, it is not in the current frame context, or the document has been refreshed\nFor documentation on this error, please visit: http://seleniumhq.org/exceptions/stale_element_reference.html\nBuild info: version: \u00273.7.1\u0027, revision: \u00278a0099a\u0027, time: \u00272017-11-06T21:07:36.161Z\u0027\nSystem info: host: \u0027DP-CCG-VDESK10\u0027, ip: \u002710.0.15.229\u0027, os.name: \u0027Windows 10\u0027, os.arch: \u0027amd64\u0027, os.version: \u002710.0\u0027, java.version: \u00271.8.0_181\u0027\nDriver info: com.kms.katalon.core.webui.driver.Chrome.CGeckoDriver\nCapabilities {acceptInsecureCerts: true, browserName: Chrome, browserVersion: 60.6.1, javascriptEnabled: true, moz:accessibilityChecks: false, moz:headless: false, moz:processID: 8708, moz:profile: C:\\Users\\mpetracc\\AppData\\L..., moz:useNonSpecCompliantPointerOrigin: false, moz:webdriverClick: true, pageLoadStrategy: normal, platform: XP, platformName: XP, platformVersion: 10.0, proxy: Proxy(system), rotatable: false, timeouts: {implicit: 0, pageLoad: 300000, script: 30000}}\nSession ID: 151aedb4-f72e-469c-9272-3ca402b2842f)","startTime":1556287065869,"endTime":0,"childRecords":[],"interuppted":false}],"interuppted":false},{"testStatus":{"stackTrace":"","statusValue":"FAILED"},"type":"MESSAGE","name":"","message":"Test Cases/Imported from Selenium IDE Scripts/ver. 2.03/Chrome/RU32/RU32-NUC01-T01 FAILED because (of) (Stack trace: com.kms.katalon.core.exception.StepFailedException: Unable to click on object \u0027Object Repository/ver 2.03/Page_CCG Portal/RU32-NUC01/RU32-NUC01-T01/Page_LiME/img_Soft limit_isc_81icon\u0027 (Root cause: org.openqa.selenium.StaleElementReferenceException: The element reference of \u003ctable id\u003d\"isc_53table\" class\u003d\"menuTable\"\u003e is stale; either the element is no longer attached to the DOM, it is not in the current frame context, or the document has been refreshed\nFor documentation on this error, please visit: http://seleniumhq.org/exceptions/stale_element_reference.html\nBuild info: version: \u00273.7.1\u0027, revision: \u00278a0099a\u0027, time: \u00272017-11-06T21:07:36.161Z\u0027\nSystem info: host: \u0027DP-CCG-VDESK10\u0027, ip: \u002710.0.15.229\u0027, os.name: \u0027Windows 10\u0027, os.arch: \u0027amd64\u0027, os.version: \u002710.0\u0027, java.version: \u00271.8.0_181\u0027\nDriver info: com.kms.katalon.core.webui.driver.Chrome.CGeckoDriver\nCapabilities {acceptInsecureCerts: true, browserName: Chrome, browserVersion: 60.6.1, javascriptEnabled: true, moz:accessibilityChecks: false, moz:headless: false, moz:processID: 8708, moz:profile: C:\\Users\\mpetracc\\AppData\\L..., moz:useNonSpecCompliantPointerOrigin: false, moz:webdriverClick: true, pageLoadStrategy: normal, platform: XP, platformName: XP, platformVersion: 10.0, proxy: Proxy(system), rotatable: false, timeouts: {implicit: 0, pageLoad: 300000, script: 30000}}\nSession ID: 151aedb4-f72e-469c-9272-3ca402b2842f)\r\n\tat com.kms.katalon.core.keyword.internal.KeywordMain.stepFailed(KeywordMain.groovy:36)\r\n\tat com.kms.katalon.core.webui.keyword.internal.WebUIKeywordMain.stepFailed(WebUIKeywordMain.groovy:65)\r\n\tat com.kms.katalon.core.webui.keyword.internal.WebUIKeywordMain.runKeyword(WebUIKeywordMain.groovy:27)\r\n\tat com.kms.katalon.core.webui.keyword.builtin.ClickKeyword.click(ClickKeyword.groovy:86)\r\n\tat com.kms.katalon.core.webui.keyword.builtin.ClickKeyword.execute(ClickKeyword.groovy:67)\r\n\tat com.kms.katalon.core.keyword.internal.KeywordExecutor.executeKeywordForPlatform(KeywordExecutor.groovy:53)\r\n\tat com.kms.katalon.core.webui.keyword.WebUiBuiltInKeywords.click(WebUiBuiltInKeywords.groovy:616)\r\n\tat com.kms.katalon.core.webui.keyword.WebUiBuiltInKeywords$click$2.call(Unknown Source)\r\n\tat org.codehaus.groovy.runtime.callsite.CallSiteArray.defaultCall(CallSiteArray.java:48)\r\n\tat org.codehaus.groovy.runtime.callsite.AbstractCallSite.call(AbstractCallSite.java:113)\r\n\tat org.codehaus.groovy.runtime.callsite.AbstractCallSite.call(AbstractCallSite.java:125)\r\n\tat Script1556031456807.run(Script1556031456807.groovy:46)\r\n\tat com.kms.katalon.core.main.ScriptEngine.run(ScriptEngine.java:183)\r\n\tat com.kms.katalon.core.main.ScriptEngine.runScriptAsRawText(ScriptEngine.java:108)\r\n\tat com.kms.katalon.core.main.TestCaseExecutor.runScript(TestCaseExecutor.java:294)\r\n\tat com.kms.katalon.core.main.TestCaseExecutor.doExecute(TestCaseExecutor.java:285)\r\n\tat com.kms.katalon.core.main.TestCaseExecutor.processExecutionPhase(TestCaseExecutor.java:264)\r\n\tat com.kms.katalon.core.main.TestCaseExecutor.accessMainPhase(TestCaseExecutor.java:256)\r\n\tat com.kms.katalon.core.main.TestCaseExecutor.execute(TestCaseExecutor.java:200)\r\n\tat com.kms.katalon.core.main.TestSuiteExecutor.accessTestCaseMainPhase(TestSuiteExecutor.java:129)\r\n\tat com.kms.katalon.core.main.TestSuiteExecutor.accessTestSuiteMainPhase(TestSuiteExecutor.java:112)\r\n\tat com.kms.katalon.core.main.TestSuiteExecutor.execute(TestSuiteExecutor.java:81)\r\n\tat com.kms.katalon.core.main.TestCaseMain.startTestSuite(TestCaseMain.java:142)\r\n\tat com.kms.katalon.core.main.TestCaseMain$startTestSuite$0.call(Unknown Source)\r\n\tat org.codehaus.groovy.runtime.callsite.CallSiteArray.defaultCall(CallSiteArray.java:48)\r\n\tat org.codehaus.groovy.runtime.callsite.AbstractCallSite.call(AbstractCallSite.java:113)\r\n\tat org.codehaus.groovy.runtime.callsite.AbstractCallSite.call(AbstractCallSite.java:141)\r\n\tat TempTestSuite1556286993545.run(TempTestSuite1556286993545.groovy:36)\r\n\tat groovy.lang.GroovyShell.runScriptOrMainOrTestOrRunnable(GroovyShell.java:263)\r\n\tat groovy.lang.GroovyShell.run(GroovyShell.java:518)\r\n\tat groovy.lang.GroovyShell.run(GroovyShell.java:507)\r\n\tat groovy.ui.GroovyMain.processOnce(GroovyMain.java:653)\r\n\tat groovy.ui.GroovyMain.run(GroovyMain.java:384)\r\n\tat groovy.ui.GroovyMain.process(GroovyMain.java:370)\r\n\tat groovy.ui.GroovyMain.processArgs(GroovyMain.java:129)\r\n\tat groovy.ui.GroovyMain.main(GroovyMain.java:109)\r\n\tat sun.reflect.NativeMethodAccessorImpl.invoke0(Native Method)\r\n\tat sun.reflect.NativeMethodAccessorImpl.invoke(NativeMethodAccessorImpl.java:62)\r\n\tat sun.reflect.DelegatingMethodAccessorImpl.invoke(DelegatingMethodAccessorImpl.java:43)\r\n\tat java.lang.reflect.Method.invoke(Method.java:498)\r\n\tat org.codehaus.groovy.tools.GroovyStarter.rootLoader(GroovyStarter.java:109)\r\n\tat org.codehaus.groovy.tools.GroovyStarter.main(GroovyStarter.java:131)\r\n)","startTime":1556287065871,"endTime":0,"childRecords":[],"interuppted":false}],"interuppted":false},{"isOptional":false,"type":"TEST_CASE","name":"Test Cases/Imported from Selenium IDE Scripts/ver. 2.03/Chrome/RU34/RU34-NUC01-T01","id":"Test Cases/Imported from Selenium IDE Scripts/ver. 2.03/Chrome/RU34/RU34-NUC01-T01","source":"C:\\\\Users\\\\mpetracc\\\\Katalon Studio\\\\KLiME\\\\Test Cases\\\\Imported from Selenium IDE Scripts\\\\ver. 2.03\\\\Chrome\\\\RU34\\\\RU34-NUC01-T01.tc","message":"Test Cases/Imported from Selenium IDE Scripts/ver. 2.03/Chrome/RU34/RU34-NUC01-T01","description":"PAMP -  Portfolio B. T.  Eq./Der. -  Member Results - View","startTime":1556287065901,"endTime":1556287085501,"childRecords":[{"testStatus":{"stackTrace":"","statusValue":"INFO"},"type":"MESSAGE","name":"","message":"Evaluating variables for test case","startTime":1556287065921,"endTime":0,"childRecords":[],"interuppted":false},{"index":1,"isIgnoredIfFailed":false,"type":"TEST_STEP","name":"Comment - \"----------------------------------------------------\"","description":"","startTime":1556287066234,"endTime":1556287066235,"childRecords":[],"interuppted":false},{"index":2,"isIgnoredIfFailed":false,"type":"TEST_STEP","name":"Comment - \"This test case script is generated by Katalon Studio\"","description":"","startTime":1556287066235,"endTime":1556287066235,"childRecords":[],"interuppted":false},{"index":3,"isIgnoredIfFailed":false,"type":"TEST_STEP","name":"Comment - \"Generated date: 09-Oct-2018 09:59:22 AM\"","description":"","startTime":1556287066236,"endTime":1556287066236,"childRecords":[],"interuppted":false},{"index":4,"isIgnoredIfFailed":false,"type":"TEST_STEP","name":"Comment - \"File path: H:\\Desktop\\LiME_2.03\\LiME_2.03\\CdT\\RUN_1\\RU34\\RU34-NUC01-T01.rctest\"","description":"","startTime":1556287066236,"endTime":1556287066236,"childRecords":[],"interuppted":false},{"index":5,"isIgnoredIfFailed":false,"type":"TEST_STEP","name":"Comment - \"LiME -   Simulator Available Cash with no excess cash\"","description":"","startTime":1556287066236,"endTime":1556287066239,"childRecords":[],"interuppted":false},{"index":6,"isIgnoredIfFailed":false,"type":"TEST_STEP","name":"Comment - \"Generated by: masspetracca@gmail.com\"","description":"","startTime":1556287066239,"endTime":1556287066239,"childRecords":[],"interuppted":false},{"index":7,"isIgnoredIfFailed":false,"type":"TEST_STEP","name":"openBrowser","message":"Browser is opened with url: \u0027\u0027","description":"----------------------------------------------------","startTime":1556287066240,"endTime":1556287070993,"childRecords":[{"testStatus":{"stackTrace":"","statusValue":"WARNING"},"type":"MESSAGE","name":"","message":"A browser is already opened. Closing browser and opening a new one","startTime":1556287066240,"endTime":0,"childRecords":[],"interuppted":false},{"testStatus":{"stackTrace":"","statusValue":"PASSED"},"type":"MESSAGE","name":"","message":"Browser is opened with url: \u0027\u0027","startTime":1556287070992,"endTime":0,"childRecords":[],"interuppted":false}],"interuppted":false},{"index":8,"isIgnoredIfFailed":false,"type":"TEST_STEP","name":"navigateToUrl","message":"Navigate to \u0027https://10.0.10.230:10044/LiqPortalWEB/index.html\u0027 successfully","description":"TC \u003e\u003e RU34-NUC01-T01.rctest","startTime":1556287070993,"endTime":1556287071377,"childRecords":[{"testStatus":{"stackTrace":"","statusValue":"PASSED"},"type":"MESSAGE","name":"","message":"Navigate to \u0027https://10.0.10.230:10044/LiqPortalWEB/index.html\u0027 successfully","startTime":1556287071377,"endTime":0,"childRecords":[],"interuppted":false}],"interuppted":false},{"index":9,"isIgnoredIfFailed":false,"type":"TEST_STEP","name":"setText","message":"Text \u0027mpetracc\u0027 is set on object \u0027Object Repository/ver 2.03/Page_CCG Portal/RU34-NUC01/RU34-NUC01-T01/input_Username_j_username\u0027","description":"","startTime":1556287071377,"endTime":1556287071454,"childRecords":[{"testStatus":{"stackTrace":"","statusValue":"PASSED"},"type":"MESSAGE","name":"","message":"Text \u0027mpetracc\u0027 is set on object \u0027Object Repository/ver 2.03/Page_CCG Portal/RU34-NUC01/RU34-NUC01-T01/input_Username_j_username\u0027","startTime":1556287071454,"endTime":0,"childRecords":[],"interuppted":false}],"interuppted":false},{"index":10,"isIgnoredIfFailed":false,"type":"TEST_STEP","name":"setText","message":"Text \u0027.mpetrac005\u0027 is set on object \u0027Object Repository/ver 2.03/Page_CCG Portal/RU34-NUC01/RU34-NUC01-T01/input_Password_j_password\u0027","description":"","startTime":1556287071454,"endTime":1556287071528,"childRecords":[{"testStatus":{"stackTrace":"","statusValue":"PASSED"},"type":"MESSAGE","name":"","message":"Text \u0027.mpetrac005\u0027 is set on object \u0027Object Repository/ver 2.03/Page_CCG Portal/RU34-NUC01/RU34-NUC01-T01/input_Password_j_password\u0027","startTime":1556287071527,"endTime":0,"childRecords":[],"interuppted":false}],"interuppted":false},{"index":11,"isIgnoredIfFailed":false,"type":"TEST_STEP","name":"click","message":"Object: \u0027Object Repository/ver 2.03/Page_CCG Portal/RU34-NUC01/RU34-NUC01-T01/input_Password_submitLabel\u0027 is clicked on","description":"","startTime":1556287071528,"endTime":1556287073118,"childRecords":[{"testStatus":{"stackTrace":"","statusValue":"PASSED"},"type":"MESSAGE","name":"","message":"Object: \u0027Object Repository/ver 2.03/Page_CCG Portal/RU34-NUC01/RU34-NUC01-T01/input_Password_submitLabel\u0027 is clicked on","startTime":1556287073117,"endTime":0,"childRecords":[],"interuppted":false}],"interuppted":false},{"index":12,"isIgnoredIfFailed":false,"type":"TEST_STEP","name":"navigateToUrl","message":"Navigate to \u0027https://10.0.10.230:10044/LiqPortalWEB/index.html\u0027 successfully","description":"","startTime":1556287073118,"endTime":1556287074263,"childRecords":[{"testStatus":{"stackTrace":"","statusValue":"PASSED"},"type":"MESSAGE","name":"","message":"Navigate to \u0027https://10.0.10.230:10044/LiqPortalWEB/index.html\u0027 successfully","startTime":1556287074262,"endTime":0,"childRecords":[],"interuppted":false}],"interuppted":false},{"index":13,"isIgnoredIfFailed":false,"type":"TEST_STEP","name":"click","message":"Object: \u0027Object Repository/ver 2.03/Page_CCG Portal/RU34-NUC01/RU34-NUC01-T01/Page_LiME/nobr_Sec.as Mar. NO Excess Col\u0027 is clicked on","description":"","startTime":1556287074263,"endTime":1556287085107,"childRecords":[{"testStatus":{"stackTrace":"","statusValue":"PASSED"},"type":"MESSAGE","name":"","message":"Object: \u0027Object Repository/ver 2.03/Page_CCG Portal/RU34-NUC01/RU34-NUC01-T01/Page_LiME/nobr_Sec.as Mar. NO Excess Col\u0027 is clicked on","startTime":1556287085107,"endTime":0,"childRecords":[],"interuppted":false}],"interuppted":false},{"index":14,"isIgnoredIfFailed":false,"type":"TEST_STEP","name":"closeBrowser","message":"Browser is closed","description":"","startTime":1556287085107,"endTime":1556287085500,"childRecords":[{"testStatus":{"stackTrace":"","statusValue":"PASSED"},"type":"MESSAGE","name":"","message":"Browser is closed","startTime":1556287085500,"endTime":0,"childRecords":[],"interuppted":false}],"interuppted":false},{"testStatus":{"stackTrace":"","statusValue":"PASSED"},"type":"MESSAGE","name":"","message":"Test Cases/Imported from Selenium IDE Scripts/ver. 2.03/Chrome/RU34/RU34-NUC01-T01","startTime":1556287085500,"endTime":0,"childRecords":[],"interuppted":false}],"interuppted":false},{"isOptional":false,"type":"TEST_CASE","name":"Test Cases/Imported from Selenium IDE Scripts/ver. 2.03/Chrome/RU38/RU38-NUC01-T01","id":"Test Cases/Imported from Selenium IDE Scripts/ver. 2.03/Chrome/RU38/RU38-NUC01-T01","source":"C:\\\\Users\\\\mpetracc\\\\Katalon Studio\\\\KLiME\\\\Test Cases\\\\Imported from Selenium IDE Scripts\\\\ver. 2.03\\\\Chrome\\\\RU38\\\\RU38-NUC01-T01.tc","message":"Test Cases/Imported from Selenium IDE Scripts/ver. 2.03/Chrome/RU38/RU38-NUC01-T01","description":"PAMP -  Portfolio B. T.  Eq./Der. -  Member Results - View","startTime":1556287085505,"endTime":1556287098456,"childRecords":[{"testStatus":{"stackTrace":"","statusValue":"INFO"},"type":"MESSAGE","name":"","message":"Evaluating variables for test case","startTime":1556287085518,"endTime":0,"childRecords":[],"interuppted":false},{"index":1,"isIgnoredIfFailed":false,"type":"TEST_STEP","name":"Comment - \"----------------------------------------------------\"","description":"","startTime":1556287085747,"endTime":1556287085748,"childRecords":[],"interuppted":false},{"index":2,"isIgnoredIfFailed":false,"type":"TEST_STEP","name":"Comment - \"This test case script is generated by Katalon Studio\"","description":"","startTime":1556287085748,"endTime":1556287085748,"childRecords":[],"interuppted":false},{"index":3,"isIgnoredIfFailed":false,"type":"TEST_STEP","name":"Comment - \"Generated date: 09-Oct-2018 09:59:22 AM\"","description":"","startTime":1556287085749,"endTime":1556287085749,"childRecords":[],"interuppted":false},{"index":4,"isIgnoredIfFailed":false,"type":"TEST_STEP","name":"Comment - \"File path: H:\\Desktop\\LiME_2.03\\LiME_2.03\\CdT\\RUN_1\\RU38\\RU38-NUC01-T01.rctest\"","description":"","startTime":1556287085749,"endTime":1556287085749,"childRecords":[],"interuppted":false},{"index":5,"isIgnoredIfFailed":false,"type":"TEST_STEP","name":"Comment - \"LiME - Liq Staging- Liq Stressed market conditions - Sec.As Mar NO Excess Collateral\"","description":"","startTime":1556287085750,"endTime":1556287085750,"childRecords":[],"interuppted":false},{"index":6,"isIgnoredIfFailed":false,"type":"TEST_STEP","name":"Comment - \"Generated by: masspetracca@gmail.com\"","description":"","startTime":1556287085750,"endTime":1556287085751,"childRecords":[],"interuppted":false},{"index":7,"isIgnoredIfFailed":false,"type":"TEST_STEP","name":"openBrowser","message":"Browser is opened with url: \u0027\u0027","description":"----------------------------------------------------","startTime":1556287085751,"endTime":1556287089722,"childRecords":[{"testStatus":{"stackTrace":"","statusValue":"PASSED"},"type":"MESSAGE","name":"","message":"Browser is opened with url: \u0027\u0027","startTime":1556287089722,"endTime":0,"childRecords":[],"interuppted":false}],"interuppted":false},{"index":8,"isIgnoredIfFailed":false,"type":"TEST_STEP","name":"navigateToUrl","message":"Navigate to \u0027https://10.0.10.230:10044/LiqPortalWEB/index.html\u0027 successfully","description":"TC \u003e\u003e RU38-NUC01-T01.rctest","startTime":1556287089722,"endTime":1556287090163,"childRecords":[{"testStatus":{"stackTrace":"","statusValue":"PASSED"},"type":"MESSAGE","name":"","message":"Navigate to \u0027https://10.0.10.230:10044/LiqPortalWEB/index.html\u0027 successfully","startTime":1556287090163,"endTime":0,"childRecords":[],"interuppted":false}],"interuppted":false},{"index":9,"isIgnoredIfFailed":false,"type":"TEST_STEP","name":"setText","message":"Text \u0027mpetracc\u0027 is set on object \u0027Object Repository/ver 2.03/Page_CCG Portal/RU38-NUC01/RU38-NUC01-T01/input_Username_j_username\u0027","description":"","startTime":1556287090163,"endTime":1556287090320,"childRecords":[{"testStatus":{"stackTrace":"","statusValue":"PASSED"},"type":"MESSAGE","name":"","message":"Text \u0027mpetracc\u0027 is set on object \u0027Object Repository/ver 2.03/Page_CCG Portal/RU38-NUC01/RU38-NUC01-T01/input_Username_j_username\u0027","startTime":1556287090319,"endTime":0,"childRecords":[],"interuppted":false}],"interuppted":false},{"index":10,"isIgnoredIfFailed":false,"type":"TEST_STEP","name":"setText","message":"Text \u0027.mpetrac005\u0027 is set on object \u0027Object Repository/ver 2.03/Page_CCG Portal/RU38-NUC01/RU38-NUC01-T01/input_Password_j_password\u0027","description":"","startTime":1556287090320,"endTime":1556287090386,"childRecords":[{"testStatus":{"stackTrace":"","statusValue":"PASSED"},"type":"MESSAGE","name":"","message":"Text \u0027.mpetrac005\u0027 is set on object \u0027Object Repository/ver 2.03/Page_CCG Portal/RU38-NUC01/RU38-NUC01-T01/input_Password_j_password\u0027","startTime":1556287090385,"endTime":0,"childRecords":[],"interuppted":false}],"interuppted":false},{"index":11,"isIgnoredIfFailed":false,"type":"TEST_STEP","name":"click","message":"Object: \u0027Object Repository/ver 2.03/Page_CCG Portal/RU38-NUC01/RU38-NUC01-T01/input_Password_submitLabel\u0027 is clicked on","description":"","startTime":1556287090386,"endTime":1556287091841,"childRecords":[{"testStatus":{"stackTrace":"","statusValue":"PASSED"},"type":"MESSAGE","name":"","message":"Object: \u0027Object Repository/ver 2.03/Page_CCG Portal/RU38-NUC01/RU38-NUC01-T01/input_Password_submitLabel\u0027 is clicked on","startTime":1556287091840,"endTime":0,"childRecords":[],"interuppted":false}],"interuppted":false},{"index":12,"isIgnoredIfFailed":false,"type":"TEST_STEP","name":"navigateToUrl","message":"Navigate to \u0027https://10.0.10.230:10044/LiqPortalWEB/index.html\u0027 successfully","description":"","startTime":1556287091841,"endTime":1556287092996,"childRecords":[{"testStatus":{"stackTrace":"","statusValue":"PASSED"},"type":"MESSAGE","name":"","message":"Navigate to \u0027https://10.0.10.230:10044/LiqPortalWEB/index.html\u0027 successfully","startTime":1556287092994,"endTime":0,"childRecords":[],"interuppted":false}],"interuppted":false},{"index":13,"isIgnoredIfFailed":false,"type":"TEST_STEP","name":"click","message":"Object: \u0027Object Repository/ver 2.03/Page_CCG Portal/RU38-NUC01/RU38-NUC01-T01/Page_LiME/nobr_Liq. Stress Market Condit\u0027 is clicked on","description":"","startTime":1556287092996,"endTime":1556287098092,"childRecords":[{"testStatus":{"stackTrace":"","statusValue":"PASSED"},"type":"MESSAGE","name":"","message":"Object: \u0027Object Repository/ver 2.03/Page_CCG Portal/RU38-NUC01/RU38-NUC01-T01/Page_LiME/nobr_Liq. Stress Market Condit\u0027 is clicked on","startTime":1556287098092,"endTime":0,"childRecords":[],"interuppted":false}],"interuppted":false},{"index":14,"isIgnoredIfFailed":false,"type":"TEST_STEP","name":"closeBrowser","message":"Browser is closed","description":"","startTime":1556287098092,"endTime":1556287098455,"childRecords":[{"testStatus":{"stackTrace":"","statusValue":"PASSED"},"type":"MESSAGE","name":"","message":"Browser is closed","startTime":1556287098455,"endTime":0,"childRecords":[],"interuppted":false}],"interuppted":false},{"testStatus":{"stackTrace":"","statusValue":"PASSED"},"type":"MESSAGE","name":"","message":"Test Cases/Imported from Selenium IDE Scripts/ver. 2.03/Chrome/RU38/RU38-NUC01-T01","startTime":1556287098455,"endTime":0,"childRecords":[],"interuppted":false}],"interuppted":false},{"isOptional":false,"type":"TEST_CASE","name":"Test Cases/Imported from Selenium IDE Scripts/ver. 2.03/Chrome/RU39/RU39-NUC01-T01","id":"Test Cases/Imported from Selenium IDE Scripts/ver. 2.03/Chrome/RU39/RU39-NUC01-T01","source":"C:\\\\Users\\\\mpetracc\\\\Katalon Studio\\\\KLiME\\\\Test Cases\\\\Imported from Selenium IDE Scripts\\\\ver. 2.03\\\\Chrome\\\\RU39\\\\RU39-NUC01-T01.tc","message":"Test Cases/Imported from Selenium IDE Scripts/ver. 2.03/Chrome/RU39/RU39-NUC01-T01 FAILED because (of) (Stack trace: com.kms.katalon.core.exception.StepFailedException: Unable to click on object \u0027Object Repository/ver 2.03/Page_CCG Portal/RU39-NUC01/RU39-NUC01-T01/Page_LiME/span\u0027 (Root cause: org.openqa.selenium.WebDriverException: Failed to decode response from marionette\nBuild info: version: \u00273.7.1\u0027, revision: \u00278a0099a\u0027, time: \u00272017-11-06T21:07:36.161Z\u0027\nSystem info: host: \u0027DP-CCG-VDESK10\u0027, ip: \u002710.0.15.229\u0027, os.name: \u0027Windows 10\u0027, os.arch: \u0027amd64\u0027, os.version: \u002710.0\u0027, java.version: \u00271.8.0_181\u0027\nDriver info: com.kms.katalon.core.webui.driver.Chrome.CGeckoDriver\nCapabilities {acceptInsecureCerts: true, browserName: Chrome, browserVersion: 60.6.1, javascriptEnabled: true, moz:accessibilityChecks: false, moz:headless: false, moz:processID: 6140, moz:profile: C:\\Users\\mpetracc\\AppData\\L..., moz:useNonSpecCompliantPointerOrigin: false, moz:webdriverClick: true, pageLoadStrategy: normal, platform: XP, platformName: XP, platformVersion: 10.0, proxy: Proxy(system), rotatable: false, timeouts: {implicit: 0, pageLoad: 300000, script: 30000}}\nSession ID: 749d3108-6919-471b-a245-1157d5baf1ab\n*** Element info: {Using\u003dxpath, value\u003d//table[@id\u003d\u0027isc_7Ptable\u0027]/tbody[2]/tr/td/div/span})\r\n\tat com.kms.katalon.core.keyword.internal.KeywordMain.stepFailed(KeywordMain.groovy:36)\r\n\tat com.kms.katalon.core.webui.keyword.internal.WebUIKeywordMain.stepFailed(WebUIKeywordMain.groovy:65)\r\n\tat com.kms.katalon.core.webui.keyword.internal.WebUIKeywordMain.runKeyword(WebUIKeywordMain.groovy:27)\r\n\tat com.kms.katalon.core.webui.keyword.builtin.ClickKeyword.click(ClickKeyword.groovy:86)\r\n\tat com.kms.katalon.core.webui.keyword.builtin.ClickKeyword.execute(ClickKeyword.groovy:67)\r\n\tat com.kms.katalon.core.keyword.internal.KeywordExecutor.executeKeywordForPlatform(KeywordExecutor.groovy:53)\r\n\tat com.kms.katalon.core.webui.keyword.WebUiBuiltInKeywords.click(WebUiBuiltInKeywords.groovy:616)\r\n\tat com.kms.katalon.core.webui.keyword.WebUiBuiltInKeywords$click$2.call(Unknown Source)\r\n\tat org.codehaus.groovy.runtime.callsite.CallSiteArray.defaultCall(CallSiteArray.java:48)\r\n\tat org.codehaus.groovy.runtime.callsite.AbstractCallSite.call(AbstractCallSite.java:113)\r\n\tat org.codehaus.groovy.runtime.callsite.AbstractCallSite.call(AbstractCallSite.java:125)\r\n\tat Script1556031861825.run(Script1556031861825.groovy:44)\r\n\tat com.kms.katalon.core.main.ScriptEngine.run(ScriptEngine.java:183)\r\n\tat com.kms.katalon.core.main.ScriptEngine.runScriptAsRawText(ScriptEngine.java:108)\r\n\tat com.kms.katalon.core.main.TestCaseExecutor.runScript(TestCaseExecutor.java:294)\r\n\tat com.kms.katalon.core.main.TestCaseExecutor.doExecute(TestCaseExecutor.java:285)\r\n\tat com.kms.katalon.core.main.TestCaseExecutor.processExecutionPhase(TestCaseExecutor.java:264)\r\n\tat com.kms.katalon.core.main.TestCaseExecutor.accessMainPhase(TestCaseExecutor.java:256)\r\n\tat com.kms.katalon.core.main.TestCaseExecutor.execute(TestCaseExecutor.java:200)\r\n\tat com.kms.katalon.core.main.TestSuiteExecutor.accessTestCaseMainPhase(TestSuiteExecutor.java:129)\r\n\tat com.kms.katalon.core.main.TestSuiteExecutor.accessTestSuiteMainPhase(TestSuiteExecutor.java:112)\r\n\tat com.kms.katalon.core.main.TestSuiteExecutor.execute(TestSuiteExecutor.java:81)\r\n\tat com.kms.katalon.core.main.TestCaseMain.startTestSuite(TestCaseMain.java:142)\r\n\tat com.kms.katalon.core.main.TestCaseMain$startTestSuite$0.call(Unknown Source)\r\n\tat org.codehaus.groovy.runtime.callsite.CallSiteArray.defaultCall(CallSiteArray.java:48)\r\n\tat org.codehaus.groovy.runtime.callsite.AbstractCallSite.call(AbstractCallSite.java:113)\r\n\tat org.codehaus.groovy.runtime.callsite.AbstractCallSite.call(AbstractCallSite.java:141)\r\n\tat TempTestSuite1556286993545.run(TempTestSuite1556286993545.groovy:36)\r\n\tat groovy.lang.GroovyShell.runScriptOrMainOrTestOrRunnable(GroovyShell.java:263)\r\n\tat groovy.lang.GroovyShell.run(GroovyShell.java:518)\r\n\tat groovy.lang.GroovyShell.run(GroovyShell.java:507)\r\n\tat groovy.ui.GroovyMain.processOnce(GroovyMain.java:653)\r\n\tat groovy.ui.GroovyMain.run(GroovyMain.java:384)\r\n\tat groovy.ui.GroovyMain.process(GroovyMain.java:370)\r\n\tat groovy.ui.GroovyMain.processArgs(GroovyMain.java:129)\r\n\tat groovy.ui.GroovyMain.main(GroovyMain.java:109)\r\n\tat sun.reflect.NativeMethodAccessorImpl.invoke0(Native Method)\r\n\tat sun.reflect.NativeMethodAccessorImpl.invoke(NativeMethodAccessorImpl.java:62)\r\n\tat sun.reflect.DelegatingMethodAccessorImpl.invoke(DelegatingMethodAccessorImpl.java:43)\r\n\tat java.lang.reflect.Method.invoke(Method.java:498)\r\n\tat org.codehaus.groovy.tools.GroovyStarter.rootLoader(GroovyStarter.java:109)\r\n\tat org.codehaus.groovy.tools.GroovyStarter.main(GroovyStarter.java:131)\r\n)","description":"PAMP -  Portfolio B. T.  Eq./Der. -  Member Results - View","startTime":1556287098459,"endTime":1556287123042,"childRecords":[{"testStatus":{"stackTrace":"","statusValue":"INFO"},"type":"MESSAGE","name":"","message":"Evaluating variables for test case","startTime":1556287098473,"endTime":0,"childRecords":[],"interuppted":false},{"index":1,"isIgnoredIfFailed":false,"type":"TEST_STEP","name":"Comment - \"----------------------------------------------------\"","description":"","startTime":1556287098691,"endTime":1556287098691,"childRecords":[],"interuppted":false},{"index":2,"isIgnoredIfFailed":false,"type":"TEST_STEP","name":"Comment - \"This test case script is generated by Katalon Studio\"","description":"","startTime":1556287098692,"endTime":1556287098692,"childRecords":[],"interuppted":false},{"index":3,"isIgnoredIfFailed":false,"type":"TEST_STEP","name":"Comment - \"Generated date: 09-Oct-2018 09:59:22 AM\"","description":"","startTime":1556287098692,"endTime":1556287098692,"childRecords":[],"interuppted":false},{"index":4,"isIgnoredIfFailed":false,"type":"TEST_STEP","name":"Comment - \"File path: H:\\Desktop\\LiME_2.03\\LiME_2.03\\CdT\\RUN_1\\RU39\\RU39-NUC01-T01.rctest\"","description":"","startTime":1556287098692,"endTime":1556287098693,"childRecords":[],"interuppted":false},{"index":5,"isIgnoredIfFailed":false,"type":"TEST_STEP","name":"Comment - \"LiME - Liq Staging- Liq Stressed market conditions - Av.Cash No Excess Cash\"","description":"","startTime":1556287098693,"endTime":1556287098693,"childRecords":[],"interuppted":false},{"index":6,"isIgnoredIfFailed":false,"type":"TEST_STEP","name":"Comment - \"Generated by: masspetracca@gmail.com\"","description":"","startTime":1556287098694,"endTime":1556287098695,"childRecords":[],"interuppted":false},{"index":7,"isIgnoredIfFailed":false,"type":"TEST_STEP","name":"openBrowser","message":"Browser is opened with url: \u0027\u0027","description":"----------------------------------------------------","startTime":1556287098695,"endTime":1556287102821,"childRecords":[{"testStatus":{"stackTrace":"","statusValue":"PASSED"},"type":"MESSAGE","name":"","message":"Browser is opened with url: \u0027\u0027","startTime":1556287102820,"endTime":0,"childRecords":[],"interuppted":false}],"interuppted":false},{"index":8,"isIgnoredIfFailed":false,"type":"TEST_STEP","name":"navigateToUrl","message":"Navigate to \u0027https://10.0.10.230:10044/LiqPortalWEB/index.html\u0027 successfully","description":"TC \u003e\u003e RU39-NUC01-T01.rctest","startTime":1556287102821,"endTime":1556287103224,"childRecords":[{"testStatus":{"stackTrace":"","statusValue":"PASSED"},"type":"MESSAGE","name":"","message":"Navigate to \u0027https://10.0.10.230:10044/LiqPortalWEB/index.html\u0027 successfully","startTime":1556287103223,"endTime":0,"childRecords":[],"interuppted":false}],"interuppted":false},{"index":9,"isIgnoredIfFailed":false,"type":"TEST_STEP","name":"setText","message":"Text \u0027mpetracc\u0027 is set on object \u0027Object Repository/ver 2.03/Page_CCG Portal/RU39-NUC01/RU39-NUC01-T01/input_Username_j_username\u0027","description":"","startTime":1556287103224,"endTime":1556287103369,"childRecords":[{"testStatus":{"stackTrace":"","statusValue":"PASSED"},"type":"MESSAGE","name":"","message":"Text \u0027mpetracc\u0027 is set on object \u0027Object Repository/ver 2.03/Page_CCG Portal/RU39-NUC01/RU39-NUC01-T01/input_Username_j_username\u0027","startTime":1556287103369,"endTime":0,"childRecords":[],"interuppted":false}],"interuppted":false},{"index":10,"isIgnoredIfFailed":false,"type":"TEST_STEP","name":"setText","message":"Text \u0027.mpetrac005\u0027 is set on object \u0027Object Repository/ver 2.03/Page_CCG Portal/RU39-NUC01/RU39-NUC01-T01/input_Password_j_password\u0027","description":"","startTime":1556287103370,"endTime":1556287103435,"childRecords":[{"testStatus":{"stackTrace":"","statusValue":"PASSED"},"type":"MESSAGE","name":"","message":"Text \u0027.mpetrac005\u0027 is set on object \u0027Object Repository/ver 2.03/Page_CCG Portal/RU39-NUC01/RU39-NUC01-T01/input_Password_j_password\u0027","startTime":1556287103435,"endTime":0,"childRecords":[],"interuppted":false}],"interuppted":false},{"index":11,"isIgnoredIfFailed":false,"type":"TEST_STEP","name":"click","message":"Object: \u0027Object Repository/ver 2.03/Page_CCG Portal/RU39-NUC01/RU39-NUC01-T01/input_Password_submitLabel\u0027 is clicked on","description":"","startTime":1556287103436,"endTime":1556287104747,"childRecords":[{"testStatus":{"stackTrace":"","statusValue":"PASSED"},"type":"MESSAGE","name":"","message":"Object: \u0027Object Repository/ver 2.03/Page_CCG Portal/RU39-NUC01/RU39-NUC01-T01/input_Password_submitLabel\u0027 is clicked on","startTime":1556287104747,"endTime":0,"childRecords":[],"interuppted":false}],"interuppted":false},{"index":12,"isIgnoredIfFailed":false,"type":"TEST_STEP","name":"navigateToUrl","message":"Navigate to \u0027https://10.0.10.230:10044/LiqPortalWEB/index.html\u0027 successfully","description":"","startTime":1556287104748,"endTime":1556287106041,"childRecords":[{"testStatus":{"stackTrace":"","statusValue":"PASSED"},"type":"MESSAGE","name":"","message":"Navigate to \u0027https://10.0.10.230:10044/LiqPortalWEB/index.html\u0027 successfully","startTime":1556287106041,"endTime":0,"childRecords":[],"interuppted":false}],"interuppted":false},{"index":13,"isIgnoredIfFailed":false,"type":"TEST_STEP","name":"click","message":"Object: \u0027Object Repository/ver 2.03/Page_CCG Portal/RU39-NUC01/RU39-NUC01-T01/Page_LiME/nobr_Sec.as Mar. NO Excess Col\u0027 is clicked on","description":"","startTime":1556287106041,"endTime":1556287117652,"childRecords":[{"testStatus":{"stackTrace":"","statusValue":"PASSED"},"type":"MESSAGE","name":"","message":"Object: \u0027Object Repository/ver 2.03/Page_CCG Portal/RU39-NUC01/RU39-NUC01-T01/Page_LiME/nobr_Sec.as Mar. NO Excess Col\u0027 is clicked on","startTime":1556287117651,"endTime":0,"childRecords":[],"interuppted":false}],"interuppted":false},{"index":14,"isIgnoredIfFailed":false,"type":"TEST_STEP","name":"click","message":"Unable to click on object \u0027Object Repository/ver 2.03/Page_CCG Portal/RU39-NUC01/RU39-NUC01-T01/Page_LiME/span\u0027 (Root cause: org.openqa.selenium.WebDriverException: Failed to decode response from marionette\nBuild info: version: \u00273.7.1\u0027, revision: \u00278a0099a\u0027, time: \u00272017-11-06T21:07:36.161Z\u0027\nSystem info: host: \u0027DP-CCG-VDESK10\u0027, ip: \u002710.0.15.229\u0027, os.name: \u0027Windows 10\u0027, os.arch: \u0027amd64\u0027, os.version: \u002710.0\u0027, java.version: \u00271.8.0_181\u0027\nDriver info: com.kms.katalon.core.webui.driver.Chrome.CGeckoDriver\nCapabilities {acceptInsecureCerts: true, browserName: Chrome, browserVersion: 60.6.1, javascriptEnabled: true, moz:accessibilityChecks: false, moz:headless: false, moz:processID: 6140, moz:profile: C:\\Users\\mpetracc\\AppData\\L..., moz:useNonSpecCompliantPointerOrigin: false, moz:webdriverClick: true, pageLoadStrategy: normal, platform: XP, platformName: XP, platformVersion: 10.0, proxy: Proxy(system), rotatable: false, timeouts: {implicit: 0, pageLoad: 300000, script: 30000}}\nSession ID: 749d3108-6919-471b-a245-1157d5baf1ab\n*** Element info: {Using\u003dxpath, value\u003d//table[@id\u003d\u0027isc_7Ptable\u0027]/tbody[2]/tr/td/div/span})","description":"","startTime":1556287117652,"endTime":1556287123027,"childRecords":[{"testStatus":{"stackTrace":"","statusValue":"WARNING"},"type":"MESSAGE","name":"","message":"Cannot take screenshot","startTime":1556287123026,"endTime":0,"childRecords":[],"interuppted":false},{"testStatus":{"stackTrace":"","statusValue":"FAILED"},"type":"MESSAGE","name":"","message":"Unable to click on object \u0027Object Repository/ver 2.03/Page_CCG Portal/RU39-NUC01/RU39-NUC01-T01/Page_LiME/span\u0027 (Root cause: org.openqa.selenium.WebDriverException: Failed to decode response from marionette\nBuild info: version: \u00273.7.1\u0027, revision: \u00278a0099a\u0027, time: \u00272017-11-06T21:07:36.161Z\u0027\nSystem info: host: \u0027DP-CCG-VDESK10\u0027, ip: \u002710.0.15.229\u0027, os.name: \u0027Windows 10\u0027, os.arch: \u0027amd64\u0027, os.version: \u002710.0\u0027, java.version: \u00271.8.0_181\u0027\nDriver info: com.kms.katalon.core.webui.driver.Chrome.CGeckoDriver\nCapabilities {acceptInsecureCerts: true, browserName: Chrome, browserVersion: 60.6.1, javascriptEnabled: true, moz:accessibilityChecks: false, moz:headless: false, moz:processID: 6140, moz:profile: C:\\Users\\mpetracc\\AppData\\L..., moz:useNonSpecCompliantPointerOrigin: false, moz:webdriverClick: true, pageLoadStrategy: normal, platform: XP, platformName: XP, platformVersion: 10.0, proxy: Proxy(system), rotatable: false, timeouts: {implicit: 0, pageLoad: 300000, script: 30000}}\nSession ID: 749d3108-6919-471b-a245-1157d5baf1ab\n*** Element info: {Using\u003dxpath, value\u003d//table[@id\u003d\u0027isc_7Ptable\u0027]/tbody[2]/tr/td/div/span})","startTime":1556287123026,"endTime":0,"childRecords":[],"interuppted":false}],"interuppted":false},{"testStatus":{"stackTrace":"","statusValue":"FAILED"},"type":"MESSAGE","name":"","message":"Test Cases/Imported from Selenium IDE Scripts/ver. 2.03/Chrome/RU39/RU39-NUC01-T01 FAILED because (of) (Stack trace: com.kms.katalon.core.exception.StepFailedException: Unable to click on object \u0027Object Repository/ver 2.03/Page_CCG Portal/RU39-NUC01/RU39-NUC01-T01/Page_LiME/span\u0027 (Root cause: org.openqa.selenium.WebDriverException: Failed to decode response from marionette\nBuild info: version: \u00273.7.1\u0027, revision: \u00278a0099a\u0027, time: \u00272017-11-06T21:07:36.161Z\u0027\nSystem info: host: \u0027DP-CCG-VDESK10\u0027, ip: \u002710.0.15.229\u0027, os.name: \u0027Windows 10\u0027, os.arch: \u0027amd64\u0027, os.version: \u002710.0\u0027, java.version: \u00271.8.0_181\u0027\nDriver info: com.kms.katalon.core.webui.driver.Chrome.CGeckoDriver\nCapabilities {acceptInsecureCerts: true, browserName: Chrome, browserVersion: 60.6.1, javascriptEnabled: true, moz:accessibilityChecks: false, moz:headless: false, moz:processID: 6140, moz:profile: C:\\Users\\mpetracc\\AppData\\L..., moz:useNonSpecCompliantPointerOrigin: false, moz:webdriverClick: true, pageLoadStrategy: normal, platform: XP, platformName: XP, platformVersion: 10.0, proxy: Proxy(system), rotatable: false, timeouts: {implicit: 0, pageLoad: 300000, script: 30000}}\nSession ID: 749d3108-6919-471b-a245-1157d5baf1ab\n*** Element info: {Using\u003dxpath, value\u003d//table[@id\u003d\u0027isc_7Ptable\u0027]/tbody[2]/tr/td/div/span})\r\n\tat com.kms.katalon.core.keyword.internal.KeywordMain.stepFailed(KeywordMain.groovy:36)\r\n\tat com.kms.katalon.core.webui.keyword.internal.WebUIKeywordMain.stepFailed(WebUIKeywordMain.groovy:65)\r\n\tat com.kms.katalon.core.webui.keyword.internal.WebUIKeywordMain.runKeyword(WebUIKeywordMain.groovy:27)\r\n\tat com.kms.katalon.core.webui.keyword.builtin.ClickKeyword.click(ClickKeyword.groovy:86)\r\n\tat com.kms.katalon.core.webui.keyword.builtin.ClickKeyword.execute(ClickKeyword.groovy:67)\r\n\tat com.kms.katalon.core.keyword.internal.KeywordExecutor.executeKeywordForPlatform(KeywordExecutor.groovy:53)\r\n\tat com.kms.katalon.core.webui.keyword.WebUiBuiltInKeywords.click(WebUiBuiltInKeywords.groovy:616)\r\n\tat com.kms.katalon.core.webui.keyword.WebUiBuiltInKeywords$click$2.call(Unknown Source)\r\n\tat org.codehaus.groovy.runtime.callsite.CallSiteArray.defaultCall(CallSiteArray.java:48)\r\n\tat org.codehaus.groovy.runtime.callsite.AbstractCallSite.call(AbstractCallSite.java:113)\r\n\tat org.codehaus.groovy.runtime.callsite.AbstractCallSite.call(AbstractCallSite.java:125)\r\n\tat Script1556031861825.run(Script1556031861825.groovy:44)\r\n\tat com.kms.katalon.core.main.ScriptEngine.run(ScriptEngine.java:183)\r\n\tat com.kms.katalon.core.main.ScriptEngine.runScriptAsRawText(ScriptEngine.java:108)\r\n\tat com.kms.katalon.core.main.TestCaseExecutor.runScript(TestCaseExecutor.java:294)\r\n\tat com.kms.katalon.core.main.TestCaseExecutor.doExecute(TestCaseExecutor.java:285)\r\n\tat com.kms.katalon.core.main.TestCaseExecutor.processExecutionPhase(TestCaseExecutor.java:264)\r\n\tat com.kms.katalon.core.main.TestCaseExecutor.accessMainPhase(TestCaseExecutor.java:256)\r\n\tat com.kms.katalon.core.main.TestCaseExecutor.execute(TestCaseExecutor.java:200)\r\n\tat com.kms.katalon.core.main.TestSuiteExecutor.accessTestCaseMainPhase(TestSuiteExecutor.java:129)\r\n\tat com.kms.katalon.core.main.TestSuiteExecutor.accessTestSuiteMainPhase(TestSuiteExecutor.java:112)\r\n\tat com.kms.katalon.core.main.TestSuiteExecutor.execute(TestSuiteExecutor.java:81)\r\n\tat com.kms.katalon.core.main.TestCaseMain.startTestSuite(TestCaseMain.java:142)\r\n\tat com.kms.katalon.core.main.TestCaseMain$startTestSuite$0.call(Unknown Source)\r\n\tat org.codehaus.groovy.runtime.callsite.CallSiteArray.defaultCall(CallSiteArray.java:48)\r\n\tat org.codehaus.groovy.runtime.callsite.AbstractCallSite.call(AbstractCallSite.java:113)\r\n\tat org.codehaus.groovy.runtime.callsite.AbstractCallSite.call(AbstractCallSite.java:141)\r\n\tat TempTestSuite1556286993545.run(TempTestSuite1556286993545.groovy:36)\r\n\tat groovy.lang.GroovyShell.runScriptOrMainOrTestOrRunnable(GroovyShell.java:263)\r\n\tat groovy.lang.GroovyShell.run(GroovyShell.java:518)\r\n\tat groovy.lang.GroovyShell.run(GroovyShell.java:507)\r\n\tat groovy.ui.GroovyMain.processOnce(GroovyMain.java:653)\r\n\tat groovy.ui.GroovyMain.run(GroovyMain.java:384)\r\n\tat groovy.ui.GroovyMain.process(GroovyMain.java:370)\r\n\tat groovy.ui.GroovyMain.processArgs(GroovyMain.java:129)\r\n\tat groovy.ui.GroovyMain.main(GroovyMain.java:109)\r\n\tat sun.reflect.NativeMethodAccessorImpl.invoke0(Native Method)\r\n\tat sun.reflect.NativeMethodAccessorImpl.invoke(NativeMethodAccessorImpl.java:62)\r\n\tat sun.reflect.DelegatingMethodAccessorImpl.invoke(DelegatingMethodAccessorImpl.java:43)\r\n\tat java.lang.reflect.Method.invoke(Method.java:498)\r\n\tat org.codehaus.groovy.tools.GroovyStarter.rootLoader(GroovyStarter.java:109)\r\n\tat org.codehaus.groovy.tools.GroovyStarter.main(GroovyStarter.java:131)\r\n)","startTime":1556287123028,"endTime":0,"childRecords":[],"interuppted":false}],"interuppted":false},{"isOptional":false,"type":"TEST_CASE","name":"Test Cases/Imported from Selenium IDE Scripts/ver. 2.03/Chrome/RU40/RU40-NUC01-T01","id":"Test Cases/Imported from Selenium IDE Scripts/ver. 2.03/Chrome/RU40/RU40-NUC01-T01","source":"C:\\\\Users\\\\mpetracc\\\\Katalon Studio\\\\KLiME\\\\Test Cases\\\\Imported from Selenium IDE Scripts\\\\ver. 2.03\\\\Chrome\\\\RU40\\\\RU40-NUC01-T01.tc","message":"Test Cases/Imported from Selenium IDE Scripts/ver. 2.03/Chrome/RU40/RU40-NUC01-T01 FAILED because (of) (Stack trace: com.kms.katalon.core.exception.StepFailedException: Unable to open browser with url: \u0027\u0027 (Root cause: org.openqa.selenium.SessionNotCreatedException: Tried to run command without establishing a connection\nBuild info: version: \u00273.7.1\u0027, revision: \u00278a0099a\u0027, time: \u00272017-11-06T21:07:36.161Z\u0027\nSystem info: host: \u0027DP-CCG-VDESK10\u0027, ip: \u002710.0.15.229\u0027, os.name: \u0027Windows 10\u0027, os.arch: \u0027amd64\u0027, os.version: \u002710.0\u0027, java.version: \u00271.8.0_181\u0027\nDriver info: com.kms.katalon.core.webui.driver.Chrome.CGeckoDriver\nCapabilities {acceptInsecureCerts: true, browserName: Chrome, browserVersion: 60.6.1, javascriptEnabled: true, moz:accessibilityChecks: false, moz:headless: false, moz:processID: 6140, moz:profile: C:\\Users\\mpetracc\\AppData\\L..., moz:useNonSpecCompliantPointerOrigin: false, moz:webdriverClick: true, pageLoadStrategy: normal, platform: XP, platformName: XP, platformVersion: 10.0, proxy: Proxy(system), rotatable: false, timeouts: {implicit: 0, pageLoad: 300000, script: 30000}}\nSession ID: 749d3108-6919-471b-a245-1157d5baf1ab)\r\n\tat com.kms.katalon.core.keyword.internal.KeywordMain.stepFailed(KeywordMain.groovy:36)\r\n\tat com.kms.katalon.core.webui.keyword.internal.WebUIKeywordMain.stepFailed(WebUIKeywordMain.groovy:65)\r\n\tat com.kms.katalon.core.webui.keyword.internal.WebUIKeywordMain.runKeyword(WebUIKeywordMain.groovy:27)\r\n\tat com.kms.katalon.core.webui.keyword.builtin.OpenBrowserKeyword.openBrowser(OpenBrowserKeyword.groovy:81)\r\n\tat com.kms.katalon.core.webui.keyword.builtin.OpenBrowserKeyword.execute(OpenBrowserKeyword.groovy:67)\r\n\tat com.kms.katalon.core.keyword.internal.KeywordExecutor.executeKeywordForPlatform(KeywordExecutor.groovy:53)\r\n\tat com.kms.katalon.core.webui.keyword.WebUiBuiltInKeywords.openBrowser(WebUiBuiltInKeywords.groovy:60)\r\n\tat com.kms.katalon.core.webui.keyword.WebUiBuiltInKeywords$openBrowser.call(Unknown Source)\r\n\tat org.codehaus.groovy.runtime.callsite.CallSiteArray.defaultCall(CallSiteArray.java:48)\r\n\tat org.codehaus.groovy.runtime.callsite.AbstractCallSite.call(AbstractCallSite.java:113)\r\n\tat org.codehaus.groovy.runtime.callsite.AbstractCallSite.call(AbstractCallSite.java:125)\r\n\tat Script1556031914877.run(Script1556031914877.groovy:29)\r\n\tat com.kms.katalon.core.main.ScriptEngine.run(ScriptEngine.java:183)\r\n\tat com.kms.katalon.core.main.ScriptEngine.runScriptAsRawText(ScriptEngine.java:108)\r\n\tat com.kms.katalon.core.main.TestCaseExecutor.runScript(TestCaseExecutor.java:294)\r\n\tat com.kms.katalon.core.main.TestCaseExecutor.doExecute(TestCaseExecutor.java:285)\r\n\tat com.kms.katalon.core.main.TestCaseExecutor.processExecutionPhase(TestCaseExecutor.java:264)\r\n\tat com.kms.katalon.core.main.TestCaseExecutor.accessMainPhase(TestCaseExecutor.java:256)\r\n\tat com.kms.katalon.core.main.TestCaseExecutor.execute(TestCaseExecutor.java:200)\r\n\tat com.kms.katalon.core.main.TestSuiteExecutor.accessTestCaseMainPhase(TestSuiteExecutor.java:129)\r\n\tat com.kms.katalon.core.main.TestSuiteExecutor.accessTestSuiteMainPhase(TestSuiteExecutor.java:112)\r\n\tat com.kms.katalon.core.main.TestSuiteExecutor.execute(TestSuiteExecutor.java:81)\r\n\tat com.kms.katalon.core.main.TestCaseMain.startTestSuite(TestCaseMain.java:142)\r\n\tat com.kms.katalon.core.main.TestCaseMain$startTestSuite$0.call(Unknown Source)\r\n\tat org.codehaus.groovy.runtime.callsite.CallSiteArray.defaultCall(CallSiteArray.java:48)\r\n\tat org.codehaus.groovy.runtime.callsite.AbstractCallSite.call(AbstractCallSite.java:113)\r\n\tat org.codehaus.groovy.runtime.callsite.AbstractCallSite.call(AbstractCallSite.java:141)\r\n\tat TempTestSuite1556286993545.run(TempTestSuite1556286993545.groovy:36)\r\n\tat groovy.lang.GroovyShell.runScriptOrMainOrTestOrRunnable(GroovyShell.java:263)\r\n\tat groovy.lang.GroovyShell.run(GroovyShell.java:518)\r\n\tat groovy.lang.GroovyShell.run(GroovyShell.java:507)\r\n\tat groovy.ui.GroovyMain.processOnce(GroovyMain.java:653)\r\n\tat groovy.ui.GroovyMain.run(GroovyMain.java:384)\r\n\tat groovy.ui.GroovyMain.process(GroovyMain.java:370)\r\n\tat groovy.ui.GroovyMain.processArgs(GroovyMain.java:129)\r\n\tat groovy.ui.GroovyMain.main(GroovyMain.java:109)\r\n\tat sun.reflect.NativeMethodAccessorImpl.invoke0(Native Method)\r\n\tat sun.reflect.NativeMethodAccessorImpl.invoke(NativeMethodAccessorImpl.java:62)\r\n\tat sun.reflect.DelegatingMethodAccessorImpl.invoke(DelegatingMethodAccessorImpl.java:43)\r\n\tat java.lang.reflect.Method.invoke(Method.java:498)\r\n\tat org.codehaus.groovy.tools.GroovyStarter.rootLoader(GroovyStarter.java:109)\r\n\tat org.codehaus.groovy.tools.GroovyStarter.main(GroovyStarter.java:131)\r\n)","description":"PAMP -  Portfolio B. T.  Eq./Der. -  Member Results - View","startTime":1556287123045,"endTime":1556287123556,"childRecords":[{"testStatus":{"stackTrace":"","statusValue":"INFO"},"type":"MESSAGE","name":"","message":"Evaluating variables for test case","startTime":1556287123053,"endTime":0,"childRecords":[],"interuppted":false},{"index":1,"isIgnoredIfFailed":false,"type":"TEST_STEP","name":"Comment - \"----------------------------------------------------\"","description":"","startTime":1556287123389,"endTime":1556287123389,"childRecords":[],"interuppted":false},{"index":2,"isIgnoredIfFailed":false,"type":"TEST_STEP","name":"Comment - \"This test case script is generated by Katalon Studio\"","description":"","startTime":1556287123389,"endTime":1556287123390,"childRecords":[],"interuppted":false},{"index":3,"isIgnoredIfFailed":false,"type":"TEST_STEP","name":"Comment - \"Generated date: 09-Oct-2018 09:59:22 AM\"","description":"","startTime":1556287123390,"endTime":1556287123390,"childRecords":[],"interuppted":false},{"index":4,"isIgnoredIfFailed":false,"type":"TEST_STEP","name":"Comment - \"File path: H:\\Desktop\\LiME_2.03\\LiME_2.03\\CdT\\RUN_1\\RU40\\RU40-NUC01-T01.rctest\"","description":"","startTime":1556287123390,"endTime":1556287123390,"childRecords":[],"interuppted":false},{"index":5,"isIgnoredIfFailed":false,"type":"TEST_STEP","name":"Comment - \"LiME - Liq Staging- Liq Stressed market conditions - Sec.As Mar NO Excess Collateral\"","description":"","startTime":1556287123391,"endTime":1556287123391,"childRecords":[],"interuppted":false},{"index":6,"isIgnoredIfFailed":false,"type":"TEST_STEP","name":"Comment - \"Generated by: masspetracca@gmail.com\"","description":"","startTime":1556287123391,"endTime":1556287123391,"childRecords":[],"interuppted":false},{"index":7,"isIgnoredIfFailed":false,"type":"TEST_STEP","name":"openBrowser","message":"Unable to open browser with url: \u0027\u0027 (Root cause: org.openqa.selenium.SessionNotCreatedException: Tried to run command without establishing a connection\nBuild info: version: \u00273.7.1\u0027, revision: \u00278a0099a\u0027, time: \u00272017-11-06T21:07:36.161Z\u0027\nSystem info: host: \u0027DP-CCG-VDESK10\u0027, ip: \u002710.0.15.229\u0027, os.name: \u0027Windows 10\u0027, os.arch: \u0027amd64\u0027, os.version: \u002710.0\u0027, java.version: \u00271.8.0_181\u0027\nDriver info: com.kms.katalon.core.webui.driver.Chrome.CGeckoDriver\nCapabilities {acceptInsecureCerts: true, browserName: Chrome, browserVersion: 60.6.1, javascriptEnabled: true, moz:accessibilityChecks: false, moz:headless: false, moz:processID: 6140, moz:profile: C:\\Users\\mpetracc\\AppData\\L..., moz:useNonSpecCompliantPointerOrigin: false, moz:webdriverClick: true, pageLoadStrategy: normal, platform: XP, platformName: XP, platformVersion: 10.0, proxy: Proxy(system), rotatable: false, timeouts: {implicit: 0, pageLoad: 300000, script: 30000}}\nSession ID: 749d3108-6919-471b-a245-1157d5baf1ab)","description":"----------------------------------------------------","startTime":1556287123392,"endTime":1556287123540,"childRecords":[{"testStatus":{"stackTrace":"","statusValue":"WARNING"},"type":"MESSAGE","name":"","message":"A browser is already opened. Closing browser and opening a new one","startTime":1556287123395,"endTime":0,"childRecords":[],"interuppted":false},{"testStatus":{"stackTrace":"","statusValue":"FAILED"},"type":"MESSAGE","name":"","message":"Unable to open browser with url: \u0027\u0027 (Root cause: org.openqa.selenium.SessionNotCreatedException: Tried to run command without establishing a connection\nBuild info: version: \u00273.7.1\u0027, revision: \u00278a0099a\u0027, time: \u00272017-11-06T21:07:36.161Z\u0027\nSystem info: host: \u0027DP-CCG-VDESK10\u0027, ip: \u002710.0.15.229\u0027, os.name: \u0027Windows 10\u0027, os.arch: \u0027amd64\u0027, os.version: \u002710.0\u0027, java.version: \u00271.8.0_181\u0027\nDriver info: com.kms.katalon.core.webui.driver.Chrome.CGeckoDriver\nCapabilities {acceptInsecureCerts: true, browserName: Chrome, browserVersion: 60.6.1, javascriptEnabled: true, moz:accessibilityChecks: false, moz:headless: false, moz:processID: 6140, moz:profile: C:\\Users\\mpetracc\\AppData\\L..., moz:useNonSpecCompliantPointerOrigin: false, moz:webdriverClick: true, pageLoadStrategy: normal, platform: XP, platformName: XP, platformVersion: 10.0, proxy: Proxy(system), rotatable: false, timeouts: {implicit: 0, pageLoad: 300000, script: 30000}}\nSession ID: 749d3108-6919-471b-a245-1157d5baf1ab)","startTime":1556287123539,"endTime":0,"childRecords":[],"interuppted":false}],"interuppted":false},{"testStatus":{"stackTrace":"","statusValue":"FAILED"},"type":"MESSAGE","name":"","message":"Test Cases/Imported from Selenium IDE Scripts/ver. 2.03/Chrome/RU40/RU40-NUC01-T01 FAILED because (of) (Stack trace: com.kms.katalon.core.exception.StepFailedException: Unable to open browser with url: \u0027\u0027 (Root cause: org.openqa.selenium.SessionNotCreatedException: Tried to run command without establishing a connection\nBuild info: version: \u00273.7.1\u0027, revision: \u00278a0099a\u0027, time: \u00272017-11-06T21:07:36.161Z\u0027\nSystem info: host: \u0027DP-CCG-VDESK10\u0027, ip: \u002710.0.15.229\u0027, os.name: \u0027Windows 10\u0027, os.arch: \u0027amd64\u0027, os.version: \u002710.0\u0027, java.version: \u00271.8.0_181\u0027\nDriver info: com.kms.katalon.core.webui.driver.Chrome.CGeckoDriver\nCapabilities {acceptInsecureCerts: true, browserName: Chrome, browserVersion: 60.6.1, javascriptEnabled: true, moz:accessibilityChecks: false, moz:headless: false, moz:processID: 6140, moz:profile: C:\\Users\\mpetracc\\AppData\\L..., moz:useNonSpecCompliantPointerOrigin: false, moz:webdriverClick: true, pageLoadStrategy: normal, platform: XP, platformName: XP, platformVersion: 10.0, proxy: Proxy(system), rotatable: false, timeouts: {implicit: 0, pageLoad: 300000, script: 30000}}\nSession ID: 749d3108-6919-471b-a245-1157d5baf1ab)\r\n\tat com.kms.katalon.core.keyword.internal.KeywordMain.stepFailed(KeywordMain.groovy:36)\r\n\tat com.kms.katalon.core.webui.keyword.internal.WebUIKeywordMain.stepFailed(WebUIKeywordMain.groovy:65)\r\n\tat com.kms.katalon.core.webui.keyword.internal.WebUIKeywordMain.runKeyword(WebUIKeywordMain.groovy:27)\r\n\tat com.kms.katalon.core.webui.keyword.builtin.OpenBrowserKeyword.openBrowser(OpenBrowserKeyword.groovy:81)\r\n\tat com.kms.katalon.core.webui.keyword.builtin.OpenBrowserKeyword.execute(OpenBrowserKeyword.groovy:67)\r\n\tat com.kms.katalon.core.keyword.internal.KeywordExecutor.executeKeywordForPlatform(KeywordExecutor.groovy:53)\r\n\tat com.kms.katalon.core.webui.keyword.WebUiBuiltInKeywords.openBrowser(WebUiBuiltInKeywords.groovy:60)\r\n\tat com.kms.katalon.core.webui.keyword.WebUiBuiltInKeywords$openBrowser.call(Unknown Source)\r\n\tat org.codehaus.groovy.runtime.callsite.CallSiteArray.defaultCall(CallSiteArray.java:48)\r\n\tat org.codehaus.groovy.runtime.callsite.AbstractCallSite.call(AbstractCallSite.java:113)\r\n\tat org.codehaus.groovy.runtime.callsite.AbstractCallSite.call(AbstractCallSite.java:125)\r\n\tat Script1556031914877.run(Script1556031914877.groovy:29)\r\n\tat com.kms.katalon.core.main.ScriptEngine.run(ScriptEngine.java:183)\r\n\tat com.kms.katalon.core.main.ScriptEngine.runScriptAsRawText(ScriptEngine.java:108)\r\n\tat com.kms.katalon.core.main.TestCaseExecutor.runScript(TestCaseExecutor.java:294)\r\n\tat com.kms.katalon.core.main.TestCaseExecutor.doExecute(TestCaseExecutor.java:285)\r\n\tat com.kms.katalon.core.main.TestCaseExecutor.processExecutionPhase(TestCaseExecutor.java:264)\r\n\tat com.kms.katalon.core.main.TestCaseExecutor.accessMainPhase(TestCaseExecutor.java:256)\r\n\tat com.kms.katalon.core.main.TestCaseExecutor.execute(TestCaseExecutor.java:200)\r\n\tat com.kms.katalon.core.main.TestSuiteExecutor.accessTestCaseMainPhase(TestSuiteExecutor.java:129)\r\n\tat com.kms.katalon.core.main.TestSuiteExecutor.accessTestSuiteMainPhase(TestSuiteExecutor.java:112)\r\n\tat com.kms.katalon.core.main.TestSuiteExecutor.execute(TestSuiteExecutor.java:81)\r\n\tat com.kms.katalon.core.main.TestCaseMain.startTestSuite(TestCaseMain.java:142)\r\n\tat com.kms.katalon.core.main.TestCaseMain$startTestSuite$0.call(Unknown Source)\r\n\tat org.codehaus.groovy.runtime.callsite.CallSiteArray.defaultCall(CallSiteArray.java:48)\r\n\tat org.codehaus.groovy.runtime.callsite.AbstractCallSite.call(AbstractCallSite.java:113)\r\n\tat org.codehaus.groovy.runtime.callsite.AbstractCallSite.call(AbstractCallSite.java:141)\r\n\tat TempTestSuite1556286993545.run(TempTestSuite1556286993545.groovy:36)\r\n\tat groovy.lang.GroovyShell.runScriptOrMainOrTestOrRunnable(GroovyShell.java:263)\r\n\tat groovy.lang.GroovyShell.run(GroovyShell.java:518)\r\n\tat groovy.lang.GroovyShell.run(GroovyShell.java:507)\r\n\tat groovy.ui.GroovyMain.processOnce(GroovyMain.java:653)\r\n\tat groovy.ui.GroovyMain.run(GroovyMain.java:384)\r\n\tat groovy.ui.GroovyMain.process(GroovyMain.java:370)\r\n\tat groovy.ui.GroovyMain.processArgs(GroovyMain.java:129)\r\n\tat groovy.ui.GroovyMain.main(GroovyMain.java:109)\r\n\tat sun.reflect.NativeMethodAccessorImpl.invoke0(Native Method)\r\n\tat sun.reflect.NativeMethodAccessorImpl.invoke(NativeMethodAccessorImpl.java:62)\r\n\tat sun.reflect.DelegatingMethodAccessorImpl.invoke(DelegatingMethodAccessorImpl.java:43)\r\n\tat java.lang.reflect.Method.invoke(Method.java:498)\r\n\tat org.codehaus.groovy.tools.GroovyStarter.rootLoader(GroovyStarter.java:109)\r\n\tat org.codehaus.groovy.tools.GroovyStarter.main(GroovyStarter.java:131)\r\n)","startTime":1556287123540,"endTime":0,"childRecords":[],"interuppted":false}],"interuppted":false}],"interuppted":false}