Suite/Test/Step Name,Browser,Description,Start time,End time,Duration,Status
TS01,Firefox 60.0,,2018-10-18 14:48:17,2018-10-18 14:48:41,23.322s,PASSED
,,,,,,
Test Cases/TestVariables/TC01,Firefox 60.0,,2018-10-18 14:48:18,2018-10-18 14:48:41,22.655s,PASSED
openBrowser,Firefox 60.0,,2018-10-18 14:48:19,2018-10-18 14:48:27,7.474s,PASSED
navigateToUrl,Firefox 60.0,,2018-10-18 14:48:27,2018-10-18 14:48:35,8.039s,PASSED
setText,Firefox 60.0,,2018-10-18 14:48:35,2018-10-18 14:48:35,0.227s,PASSED
setEncryptedText,Firefox 60.0,,2018-10-18 14:48:35,2018-10-18 14:48:35,0.352s,PASSED
click,Firefox 60.0,,2018-10-18 14:48:35,2018-10-18 14:48:36,0.859s,PASSED
verifyCheckpoint,Firefox 60.0,,2018-10-18 14:48:36,2018-10-18 14:48:38,1.373s,PASSED
closeBrowser,Firefox 60.0,,2018-10-18 14:48:38,2018-10-18 14:48:39,0.958s,PASSED
