{"devicePlatform":"","logFolder":"C:\\Users\\mpetracc\\Katalon Studio\\KTut\\Reports\\TS01\\20181018_144814","runData":{"hostName":"mpetracc - DP-CCG-VDESK10.lseg.stockex.local","os":"Windows 10 64bit","katalonVersion":"5.7.1.1","browser":"Firefox 60.0","hostAddress":"10.0.15.219","sessionId":"bafb118c-6336-401c-92b6-4a2ac596a52b","seleniumVersion":"3.7.1","proxyInformation":"ProxyInformation{proxyOption\u003dUSE_SYSTEM, proxyServerType\u003dHTTP, password\u003d, proxyServerAddress\u003d, proxyServerPort\u003d0}","platform":"Windows 10"},"type":"TEST_SUITE","name":"TS01","id":"Test Suites/TS01","source":"","message":"Test Cases/TestVariables/TC01","description":"","startTime":1539866897800,"endTime":1539866921122,"childRecords":[{"isOptional":false,"type":"TEST_CASE","name":"Test Cases/TestVariables/TC01","id":"Test Cases/TestVariables/TC01","source":"C:\\\\Users\\\\mpetracc\\\\Katalon Studio\\\\KTut\\\\Test Cases\\\\TestVariables\\\\TC01.tc","message":"Test Cases/TestVariables/TC01","description":"","startTime":1539866898415,"endTime":1539866921070,"childRecords":[{"testStatus":{"stackTrace":"","statusValue":"INFO"},"type":"MESSAGE","name":"","message":"Evaluating variables for test case","startTime":1539866898448,"endTime":0,"childRecords":[],"interuppted":false},{"index":1,"isIgnoredIfFailed":false,"type":"TEST_STEP","name":"openBrowser","message":"Browser is opened with url: \u0027\u0027","description":"","startTime":1539866899751,"endTime":1539866907225,"childRecords":[{"testStatus":{"stackTrace":"","statusValue":"PASSED"},"type":"MESSAGE","name":"","message":"Browser is opened with url: \u0027\u0027","startTime":1539866907225,"endTime":0,"childRecords":[],"interuppted":false}],"interuppted":false},{"index":2,"isIgnoredIfFailed":false,"type":"TEST_STEP","name":"navigateToUrl","message":"Navigate to \u0027http://wics-test/ccpacg/\u0027 successfully","description":"","startTime":1539866907226,"endTime":1539866915265,"childRecords":[{"testStatus":{"stackTrace":"","statusValue":"PASSED"},"type":"MESSAGE","name":"","message":"Navigate to \u0027http://wics-test/ccpacg/\u0027 successfully","startTime":1539866915264,"endTime":0,"childRecords":[],"interuppted":false}],"interuppted":false},{"index":3,"isIgnoredIfFailed":false,"type":"TEST_STEP","name":"setText","message":"Text \u0027PETRACCAxcbefe\u0027 is set on object \u0027Object Repository/Page_CG AUSTRIA - Login/input_Login_utente\u0027","description":"","startTime":1539866915265,"endTime":1539866915492,"childRecords":[{"testStatus":{"stackTrace":"","statusValue":"PASSED"},"type":"MESSAGE","name":"","message":"Text \u0027PETRACCAxcbefe\u0027 is set on object \u0027Object Repository/Page_CG AUSTRIA - Login/input_Login_utente\u0027","startTime":1539866915491,"endTime":0,"childRecords":[],"interuppted":false}],"interuppted":false},{"index":4,"isIgnoredIfFailed":false,"type":"TEST_STEP","name":"setEncryptedText","message":"Text ****** has been set on object \u0027Object Repository/Page_CG AUSTRIA - Login/input_Login_password\u0027","description":"","startTime":1539866915492,"endTime":1539866915844,"childRecords":[{"testStatus":{"stackTrace":"","statusValue":"PASSED"},"type":"MESSAGE","name":"","message":"Text ****** has been set on object \u0027Object Repository/Page_CG AUSTRIA - Login/input_Login_password\u0027","startTime":1539866915843,"endTime":0,"childRecords":[],"interuppted":false}],"interuppted":false},{"index":5,"isIgnoredIfFailed":false,"type":"TEST_STEP","name":"click","message":"Object: \u0027Object Repository/Page_CG AUSTRIA - Login/input_Login_submit\u0027 is clicked on","description":"","startTime":1539866915845,"endTime":1539866916704,"childRecords":[{"testStatus":{"stackTrace":"","statusValue":"PASSED"},"type":"MESSAGE","name":"","message":"Object: \u0027Object Repository/Page_CG AUSTRIA - Login/input_Login_submit\u0027 is clicked on","startTime":1539866916704,"endTime":0,"childRecords":[],"interuppted":false}],"interuppted":false},{"index":6,"isIgnoredIfFailed":false,"type":"TEST_STEP","name":"verifyCheckpoint","message":"Checkpoint data and Source data are matched","description":"","startTime":1539866916704,"endTime":1539866918077,"childRecords":[{"testStatus":{"stackTrace":"","statusValue":"PASSED"},"type":"MESSAGE","name":"","message":"Checkpoint data and Source data are matched","startTime":1539866918076,"endTime":0,"childRecords":[],"interuppted":false}],"interuppted":false},{"index":7,"isIgnoredIfFailed":false,"type":"TEST_STEP","name":"closeBrowser","message":"Browser is closed","description":"","startTime":1539866918077,"endTime":1539866919035,"childRecords":[{"testStatus":{"stackTrace":"","statusValue":"PASSED"},"type":"MESSAGE","name":"","message":"Browser is closed","startTime":1539866919034,"endTime":0,"childRecords":[],"interuppted":false}],"interuppted":false},{"testStatus":{"stackTrace":"","statusValue":"PASSED"},"type":"MESSAGE","name":"","message":"Test Cases/TestVariables/TC01","startTime":1539866919046,"endTime":0,"childRecords":[],"interuppted":false}],"interuppted":false}],"interuppted":false}