Suite/Test/Step Name,Browser,Description,Start time,End time,Duration,Status
Test Suite Chrome v2.03,Chrome 60.0,,2019-04-26 16:40:24,2019-04-26 16:41:28,1m - 4.121s,FAILED
,,,,,,
Test Cases/Imported from Selenium IDE Scripts/ver. 2.03/Chrome/RU26/RU26-NUC01-T01,Chrome 60.0,PAMP -  Portfolio B. T.  Eq./Der. -  Member Results - View,2019-04-26 16:40:26,2019-04-26 16:40:46,20.149s,PASSED
"Comment - ""----------------------------------------------------""",Chrome 60.0,,2019-04-26 16:40:26,2019-04-26 16:40:26,0.002s,PASSED
"Comment - ""This test case script is generated by Katalon Studio""",Chrome 60.0,,2019-04-26 16:40:26,2019-04-26 16:40:26,0.001s,PASSED
"Comment - ""Generated date: 09-Oct-2018 09:59:22 AM""",Chrome 60.0,,2019-04-26 16:40:26,2019-04-26 16:40:26,0.019s,PASSED
"Comment - ""File path: H:\Desktop\LiME_2.03\LiME_2.03\CdT\RUN_1\RU26\RU26-NUC01-T01.rctest""",Chrome 60.0,,2019-04-26 16:40:26,2019-04-26 16:40:26,0.004s,PASSED
"Comment - ""LiME -  Liquidity SWAP - Liq. Swap""",Chrome 60.0,,2019-04-26 16:40:26,2019-04-26 16:40:26,0.002s,PASSED
"Comment - ""Generated by: masspetracca@gmail.com""",Chrome 60.0,,2019-04-26 16:40:26,2019-04-26 16:40:26,0.017s,PASSED
openBrowser,Chrome 60.0,----------------------------------------------------,2019-04-26 16:40:26,2019-04-26 16:40:33,6.967s,PASSED
navigateToUrl,Chrome 60.0,TC >> RU26-NUC01-T01.rctest,2019-04-26 16:40:33,2019-04-26 16:40:34,0.417s,PASSED
setText,Chrome 60.0,,2019-04-26 16:40:34,2019-04-26 16:40:34,0.189s,PASSED
setText,Chrome 60.0,,2019-04-26 16:40:34,2019-04-26 16:40:34,0.106s,PASSED
click,Chrome 60.0,,2019-04-26 16:40:34,2019-04-26 16:40:36,2.258s,PASSED
navigateToUrl,Chrome 60.0,,2019-04-26 16:40:36,2019-04-26 16:40:38,1.449s,PASSED
click,Chrome 60.0,,2019-04-26 16:40:38,2019-04-26 16:40:45,7.598s,PASSED
closeBrowser,Chrome 60.0,,2019-04-26 16:40:45,2019-04-26 16:40:46,0.369s,PASSED
,,,,,,
Test Cases/Imported from Selenium IDE Scripts/ver. 2.03/Chrome/RU32/RU32-NUC01-T01,Chrome 60.0,PAMP -  Portfolio B. T.  Eq./Der. -  Member Results - View,2019-04-26 16:40:46,2019-04-26 16:41:28,42.033s,FAILED
"Comment - ""----------------------------------------------------""",Chrome 60.0,,2019-04-26 16:40:46,2019-04-26 16:40:46,0.003s,PASSED
"Comment - ""This test case script is generated by Katalon Studio""",Chrome 60.0,,2019-04-26 16:40:46,2019-04-26 16:40:46,0.005s,PASSED
"Comment - ""Generated date: 09-Oct-2018 09:59:22 AM""",Chrome 60.0,,2019-04-26 16:40:46,2019-04-26 16:40:46,0.001s,PASSED
"Comment - ""File path: H:\Desktop\LiME_2.03\LiME_2.03\CdT\RUN_1\RU32\RU32-NUC01-T01.rctest""",Chrome 60.0,,2019-04-26 16:40:46,2019-04-26 16:40:46,0.001s,PASSED
"Comment - ""LiME -  RUN Register""",Chrome 60.0,,2019-04-26 16:40:46,2019-04-26 16:40:46,0.000s,PASSED
"Comment - ""Generated by: masspetracca@gmail.com""",Chrome 60.0,,2019-04-26 16:40:46,2019-04-26 16:40:46,0.000s,PASSED
openBrowser,Chrome 60.0,----------------------------------------------------,2019-04-26 16:40:46,2019-04-26 16:40:52,5.875s,PASSED
navigateToUrl,Chrome 60.0,TC >> RU32-NUC01-T01.rctest,2019-04-26 16:40:52,2019-04-26 16:40:52,0.374s,PASSED
setText,Chrome 60.0,,2019-04-26 16:40:52,2019-04-26 16:40:52,0.159s,PASSED
setText,Chrome 60.0,,2019-04-26 16:40:52,2019-04-26 16:40:53,0.087s,PASSED
click,Chrome 60.0,,2019-04-26 16:40:53,2019-04-26 16:40:54,1.388s,PASSED
navigateToUrl,Chrome 60.0,,2019-04-26 16:40:54,2019-04-26 16:40:55,1.237s,PASSED
click,Chrome 60.0,,2019-04-26 16:40:55,2019-04-26 16:41:28,32.604s,FAILED
