{"devicePlatform":"","logFolder":"C:\\Users\\mpetracc\\Katalon Studio\\KLiME\\Reports\\Test Suite Chrome v2.03\\Test Suite Chrome v2.03\\20190426_164022","runData":{"hostName":"mpetracc - DP-CCG-VDESK10.lseg.stockex.local","os":"Windows 10 64bit","katalonVersion":"5.7.1.1","browser":"Chrome 60.0","hostAddress":"10.0.15.229","sessionId":"afb69ecd-1137-4844-b558-d8a52aa8443d","seleniumVersion":"3.7.1","proxyInformation":"ProxyInformation{proxyOption\u003dUSE_SYSTEM, proxyServerType\u003dHTTP, password\u003d, proxyServerAddress\u003d, proxyServerPort\u003d0}","platform":"Windows 10"},"type":"TEST_SUITE","name":"Test Suite Chrome v2.03","id":"Test Suites/Test Suite Chrome v2.03/Test Suite Chrome v2.03","source":"","message":"Test Cases/Imported from Selenium IDE Scripts/ver. 2.03/Chrome/RU32/RU32-NUC01-T01 FAILED because (of) (Stack trace: com.kms.katalon.core.exception.StepFailedException: Unable to click on object \u0027Object Repository/ver 2.03/Page_CCG Portal/RU32-NUC01/RU32-NUC01-T01/Page_LiME/nobr_Liq. Stress Simulator\u0027 (Root cause: com.kms.katalon.core.webui.exception.WebElementNotFoundException: Web element with id: \u0027Object Repository/ver 2.03/Page_CCG Portal/RU32-NUC01/RU32-NUC01-T01/Page_LiME/nobr_Liq. Stress Simulator\u0027 located by \u0027By.xpath: //table[@id\u003d\u0027isc_53table\u0027]/tbody[2]/tr[2]/td/nobr\u0027 not found)\r\n\tat com.kms.katalon.core.keyword.internal.KeywordMain.stepFailed(KeywordMain.groovy:36)\r\n\tat com.kms.katalon.core.webui.keyword.internal.WebUIKeywordMain.stepFailed(WebUIKeywordMain.groovy:65)\r\n\tat com.kms.katalon.core.webui.keyword.internal.WebUIKeywordMain.runKeyword(WebUIKeywordMain.groovy:27)\r\n\tat com.kms.katalon.core.webui.keyword.builtin.ClickKeyword.click(ClickKeyword.groovy:86)\r\n\tat com.kms.katalon.core.webui.keyword.builtin.ClickKeyword.execute(ClickKeyword.groovy:67)\r\n\tat com.kms.katalon.core.keyword.internal.KeywordExecutor.executeKeywordForPlatform(KeywordExecutor.groovy:53)\r\n\tat com.kms.katalon.core.webui.keyword.WebUiBuiltInKeywords.click(WebUiBuiltInKeywords.groovy:616)\r\n\tat com.kms.katalon.core.webui.keyword.WebUiBuiltInKeywords$click$2.call(Unknown Source)\r\n\tat org.codehaus.groovy.runtime.callsite.CallSiteArray.defaultCall(CallSiteArray.java:48)\r\n\tat org.codehaus.groovy.runtime.callsite.AbstractCallSite.call(AbstractCallSite.java:113)\r\n\tat org.codehaus.groovy.runtime.callsite.AbstractCallSite.call(AbstractCallSite.java:125)\r\n\tat Script1556031456807.run(Script1556031456807.groovy:44)\r\n\tat com.kms.katalon.core.main.ScriptEngine.run(ScriptEngine.java:183)\r\n\tat com.kms.katalon.core.main.ScriptEngine.runScriptAsRawText(ScriptEngine.java:108)\r\n\tat com.kms.katalon.core.main.TestCaseExecutor.runScript(TestCaseExecutor.java:294)\r\n\tat com.kms.katalon.core.main.TestCaseExecutor.doExecute(TestCaseExecutor.java:285)\r\n\tat com.kms.katalon.core.main.TestCaseExecutor.processExecutionPhase(TestCaseExecutor.java:264)\r\n\tat com.kms.katalon.core.main.TestCaseExecutor.accessMainPhase(TestCaseExecutor.java:256)\r\n\tat com.kms.katalon.core.main.TestCaseExecutor.execute(TestCaseExecutor.java:200)\r\n\tat com.kms.katalon.core.main.TestSuiteExecutor.accessTestCaseMainPhase(TestSuiteExecutor.java:129)\r\n\tat com.kms.katalon.core.main.TestSuiteExecutor.accessTestSuiteMainPhase(TestSuiteExecutor.java:112)\r\n\tat com.kms.katalon.core.main.TestSuiteExecutor.execute(TestSuiteExecutor.java:81)\r\n\tat com.kms.katalon.core.main.TestCaseMain.startTestSuite(TestCaseMain.java:142)\r\n\tat com.kms.katalon.core.main.TestCaseMain$startTestSuite$0.call(Unknown Source)\r\n\tat org.codehaus.groovy.runtime.callsite.CallSiteArray.defaultCall(CallSiteArray.java:48)\r\n\tat org.codehaus.groovy.runtime.callsite.AbstractCallSite.call(AbstractCallSite.java:113)\r\n\tat org.codehaus.groovy.runtime.callsite.AbstractCallSite.call(AbstractCallSite.java:141)\r\n\tat TempTestSuite1556289622063.run(TempTestSuite1556289622063.groovy:36)\r\n\tat groovy.lang.GroovyShell.runScriptOrMainOrTestOrRunnable(GroovyShell.java:263)\r\n\tat groovy.lang.GroovyShell.run(GroovyShell.java:518)\r\n\tat groovy.lang.GroovyShell.run(GroovyShell.java:507)\r\n\tat groovy.ui.GroovyMain.processOnce(GroovyMain.java:653)\r\n\tat groovy.ui.GroovyMain.run(GroovyMain.java:384)\r\n\tat groovy.ui.GroovyMain.process(GroovyMain.java:370)\r\n\tat groovy.ui.GroovyMain.processArgs(GroovyMain.java:129)\r\n\tat groovy.ui.GroovyMain.main(GroovyMain.java:109)\r\n\tat sun.reflect.NativeMethodAccessorImpl.invoke0(Native Method)\r\n\tat sun.reflect.NativeMethodAccessorImpl.invoke(NativeMethodAccessorImpl.java:62)\r\n\tat sun.reflect.DelegatingMethodAccessorImpl.invoke(DelegatingMethodAccessorImpl.java:43)\r\n\tat java.lang.reflect.Method.invoke(Method.java:498)\r\n\tat org.codehaus.groovy.tools.GroovyStarter.rootLoader(GroovyStarter.java:109)\r\n\tat org.codehaus.groovy.tools.GroovyStarter.main(GroovyStarter.java:131)\r\n)","description":"","startTime":1556289624870,"endTime":1556289688991,"childRecords":[{"isOptional":false,"type":"TEST_CASE","name":"Test Cases/Imported from Selenium IDE Scripts/ver. 2.03/Chrome/RU26/RU26-NUC01-T01","id":"Test Cases/Imported from Selenium IDE Scripts/ver. 2.03/Chrome/RU26/RU26-NUC01-T01","source":"C:\\\\Users\\\\mpetracc\\\\Katalon Studio\\\\KLiME\\\\Test Cases\\\\Imported from Selenium IDE Scripts\\\\ver. 2.03\\\\Chrome\\\\RU26\\\\RU26-NUC01-T01.tc","message":"Test Cases/Imported from Selenium IDE Scripts/ver. 2.03/Chrome/RU26/RU26-NUC01-T01","description":"PAMP -  Portfolio B. T.  Eq./Der. -  Member Results - View","startTime":1556289626131,"endTime":1556289646280,"childRecords":[{"testStatus":{"stackTrace":"","statusValue":"INFO"},"type":"MESSAGE","name":"","message":"Evaluating variables for test case","startTime":1556289626181,"endTime":0,"childRecords":[],"interuppted":false},{"index":1,"isIgnoredIfFailed":false,"type":"TEST_STEP","name":"Comment - \"----------------------------------------------------\"","description":"","startTime":1556289626832,"endTime":1556289626834,"childRecords":[],"interuppted":false},{"index":2,"isIgnoredIfFailed":false,"type":"TEST_STEP","name":"Comment - \"This test case script is generated by Katalon Studio\"","description":"","startTime":1556289626858,"endTime":1556289626859,"childRecords":[],"interuppted":false},{"index":3,"isIgnoredIfFailed":false,"type":"TEST_STEP","name":"Comment - \"Generated date: 09-Oct-2018 09:59:22 AM\"","description":"","startTime":1556289626866,"endTime":1556289626885,"childRecords":[],"interuppted":false},{"index":4,"isIgnoredIfFailed":false,"type":"TEST_STEP","name":"Comment - \"File path: H:\\Desktop\\LiME_2.03\\LiME_2.03\\CdT\\RUN_1\\RU26\\RU26-NUC01-T01.rctest\"","description":"","startTime":1556289626885,"endTime":1556289626889,"childRecords":[],"interuppted":false},{"index":5,"isIgnoredIfFailed":false,"type":"TEST_STEP","name":"Comment - \"LiME -  Liquidity SWAP - Liq. Swap\"","description":"","startTime":1556289626893,"endTime":1556289626895,"childRecords":[],"interuppted":false},{"index":6,"isIgnoredIfFailed":false,"type":"TEST_STEP","name":"Comment - \"Generated by: masspetracca@gmail.com\"","description":"","startTime":1556289626900,"endTime":1556289626917,"childRecords":[],"interuppted":false},{"index":7,"isIgnoredIfFailed":false,"type":"TEST_STEP","name":"openBrowser","message":"Browser is opened with url: \u0027\u0027","description":"----------------------------------------------------","startTime":1556289626918,"endTime":1556289633885,"childRecords":[{"testStatus":{"stackTrace":"","statusValue":"PASSED"},"type":"MESSAGE","name":"","message":"Browser is opened with url: \u0027\u0027","startTime":1556289633884,"endTime":0,"childRecords":[],"interuppted":false}],"interuppted":false},{"index":8,"isIgnoredIfFailed":false,"type":"TEST_STEP","name":"navigateToUrl","message":"Navigate to \u0027https://10.0.10.230:10044/LiqPortalWEB/index.html\u0027 successfully","description":"TC \u003e\u003e RU26-NUC01-T01.rctest","startTime":1556289633886,"endTime":1556289634303,"childRecords":[{"testStatus":{"stackTrace":"","statusValue":"PASSED"},"type":"MESSAGE","name":"","message":"Navigate to \u0027https://10.0.10.230:10044/LiqPortalWEB/index.html\u0027 successfully","startTime":1556289634302,"endTime":0,"childRecords":[],"interuppted":false}],"interuppted":false},{"index":9,"isIgnoredIfFailed":false,"type":"TEST_STEP","name":"setText","message":"Text \u0027mpetracc\u0027 is set on object \u0027Object Repository/ver 2.03/Page_CCG Portal/RU26-NUC01/RU26-NUC01-T01/input_Username_j_username\u0027","description":"","startTime":1556289634304,"endTime":1556289634493,"childRecords":[{"testStatus":{"stackTrace":"","statusValue":"PASSED"},"type":"MESSAGE","name":"","message":"Text \u0027mpetracc\u0027 is set on object \u0027Object Repository/ver 2.03/Page_CCG Portal/RU26-NUC01/RU26-NUC01-T01/input_Username_j_username\u0027","startTime":1556289634492,"endTime":0,"childRecords":[],"interuppted":false}],"interuppted":false},{"index":10,"isIgnoredIfFailed":false,"type":"TEST_STEP","name":"setText","message":"Text \u0027.mpetrac005\u0027 is set on object \u0027Object Repository/ver 2.03/Page_CCG Portal/RU26-NUC01/RU26-NUC01-T01/input_Password_j_password\u0027","description":"","startTime":1556289634494,"endTime":1556289634600,"childRecords":[{"testStatus":{"stackTrace":"","statusValue":"PASSED"},"type":"MESSAGE","name":"","message":"Text \u0027.mpetrac005\u0027 is set on object \u0027Object Repository/ver 2.03/Page_CCG Portal/RU26-NUC01/RU26-NUC01-T01/input_Password_j_password\u0027","startTime":1556289634599,"endTime":0,"childRecords":[],"interuppted":false}],"interuppted":false},{"index":11,"isIgnoredIfFailed":false,"type":"TEST_STEP","name":"click","message":"Object: \u0027Object Repository/ver 2.03/Page_CCG Portal/RU26-NUC01/RU26-NUC01-T01/input_Password_submitLabel\u0027 is clicked on","description":"","startTime":1556289634601,"endTime":1556289636859,"childRecords":[{"testStatus":{"stackTrace":"","statusValue":"PASSED"},"type":"MESSAGE","name":"","message":"Object: \u0027Object Repository/ver 2.03/Page_CCG Portal/RU26-NUC01/RU26-NUC01-T01/input_Password_submitLabel\u0027 is clicked on","startTime":1556289636859,"endTime":0,"childRecords":[],"interuppted":false}],"interuppted":false},{"index":12,"isIgnoredIfFailed":false,"type":"TEST_STEP","name":"navigateToUrl","message":"Navigate to \u0027https://10.0.10.230:10044/LiqPortalWEB/index.html\u0027 successfully","description":"","startTime":1556289636860,"endTime":1556289638309,"childRecords":[{"testStatus":{"stackTrace":"","statusValue":"PASSED"},"type":"MESSAGE","name":"","message":"Navigate to \u0027https://10.0.10.230:10044/LiqPortalWEB/index.html\u0027 successfully","startTime":1556289638308,"endTime":0,"childRecords":[],"interuppted":false}],"interuppted":false},{"index":13,"isIgnoredIfFailed":false,"type":"TEST_STEP","name":"click","message":"Object: \u0027Object Repository/ver 2.03/Page_CCG Portal/RU26-NUC01/RU26-NUC01-T01/Page_LiME/nobr_Liq. Swap\u0027 is clicked on","description":"","startTime":1556289638309,"endTime":1556289645907,"childRecords":[{"testStatus":{"stackTrace":"","statusValue":"PASSED"},"type":"MESSAGE","name":"","message":"Object: \u0027Object Repository/ver 2.03/Page_CCG Portal/RU26-NUC01/RU26-NUC01-T01/Page_LiME/nobr_Liq. Swap\u0027 is clicked on","startTime":1556289645906,"endTime":0,"childRecords":[],"interuppted":false}],"interuppted":false},{"index":14,"isIgnoredIfFailed":false,"type":"TEST_STEP","name":"closeBrowser","message":"Browser is closed","description":"","startTime":1556289645908,"endTime":1556289646277,"childRecords":[{"testStatus":{"stackTrace":"","statusValue":"PASSED"},"type":"MESSAGE","name":"","message":"Browser is closed","startTime":1556289646277,"endTime":0,"childRecords":[],"interuppted":false}],"interuppted":false},{"testStatus":{"stackTrace":"","statusValue":"PASSED"},"type":"MESSAGE","name":"","message":"Test Cases/Imported from Selenium IDE Scripts/ver. 2.03/Chrome/RU26/RU26-NUC01-T01","startTime":1556289646278,"endTime":0,"childRecords":[],"interuppted":false}],"interuppted":false},{"isOptional":false,"type":"TEST_CASE","name":"Test Cases/Imported from Selenium IDE Scripts/ver. 2.03/Chrome/RU32/RU32-NUC01-T01","id":"Test Cases/Imported from Selenium IDE Scripts/ver. 2.03/Chrome/RU32/RU32-NUC01-T01","source":"C:\\\\Users\\\\mpetracc\\\\Katalon Studio\\\\KLiME\\\\Test Cases\\\\Imported from Selenium IDE Scripts\\\\ver. 2.03\\\\Chrome\\\\RU32\\\\RU32-NUC01-T01.tc","message":"Test Cases/Imported from Selenium IDE Scripts/ver. 2.03/Chrome/RU32/RU32-NUC01-T01 FAILED because (of) (Stack trace: com.kms.katalon.core.exception.StepFailedException: Unable to click on object \u0027Object Repository/ver 2.03/Page_CCG Portal/RU32-NUC01/RU32-NUC01-T01/Page_LiME/nobr_Liq. Stress Simulator\u0027 (Root cause: com.kms.katalon.core.webui.exception.WebElementNotFoundException: Web element with id: \u0027Object Repository/ver 2.03/Page_CCG Portal/RU32-NUC01/RU32-NUC01-T01/Page_LiME/nobr_Liq. Stress Simulator\u0027 located by \u0027By.xpath: //table[@id\u003d\u0027isc_53table\u0027]/tbody[2]/tr[2]/td/nobr\u0027 not found)\r\n\tat com.kms.katalon.core.keyword.internal.KeywordMain.stepFailed(KeywordMain.groovy:36)\r\n\tat com.kms.katalon.core.webui.keyword.internal.WebUIKeywordMain.stepFailed(WebUIKeywordMain.groovy:65)\r\n\tat com.kms.katalon.core.webui.keyword.internal.WebUIKeywordMain.runKeyword(WebUIKeywordMain.groovy:27)\r\n\tat com.kms.katalon.core.webui.keyword.builtin.ClickKeyword.click(ClickKeyword.groovy:86)\r\n\tat com.kms.katalon.core.webui.keyword.builtin.ClickKeyword.execute(ClickKeyword.groovy:67)\r\n\tat com.kms.katalon.core.keyword.internal.KeywordExecutor.executeKeywordForPlatform(KeywordExecutor.groovy:53)\r\n\tat com.kms.katalon.core.webui.keyword.WebUiBuiltInKeywords.click(WebUiBuiltInKeywords.groovy:616)\r\n\tat com.kms.katalon.core.webui.keyword.WebUiBuiltInKeywords$click$2.call(Unknown Source)\r\n\tat org.codehaus.groovy.runtime.callsite.CallSiteArray.defaultCall(CallSiteArray.java:48)\r\n\tat org.codehaus.groovy.runtime.callsite.AbstractCallSite.call(AbstractCallSite.java:113)\r\n\tat org.codehaus.groovy.runtime.callsite.AbstractCallSite.call(AbstractCallSite.java:125)\r\n\tat Script1556031456807.run(Script1556031456807.groovy:44)\r\n\tat com.kms.katalon.core.main.ScriptEngine.run(ScriptEngine.java:183)\r\n\tat com.kms.katalon.core.main.ScriptEngine.runScriptAsRawText(ScriptEngine.java:108)\r\n\tat com.kms.katalon.core.main.TestCaseExecutor.runScript(TestCaseExecutor.java:294)\r\n\tat com.kms.katalon.core.main.TestCaseExecutor.doExecute(TestCaseExecutor.java:285)\r\n\tat com.kms.katalon.core.main.TestCaseExecutor.processExecutionPhase(TestCaseExecutor.java:264)\r\n\tat com.kms.katalon.core.main.TestCaseExecutor.accessMainPhase(TestCaseExecutor.java:256)\r\n\tat com.kms.katalon.core.main.TestCaseExecutor.execute(TestCaseExecutor.java:200)\r\n\tat com.kms.katalon.core.main.TestSuiteExecutor.accessTestCaseMainPhase(TestSuiteExecutor.java:129)\r\n\tat com.kms.katalon.core.main.TestSuiteExecutor.accessTestSuiteMainPhase(TestSuiteExecutor.java:112)\r\n\tat com.kms.katalon.core.main.TestSuiteExecutor.execute(TestSuiteExecutor.java:81)\r\n\tat com.kms.katalon.core.main.TestCaseMain.startTestSuite(TestCaseMain.java:142)\r\n\tat com.kms.katalon.core.main.TestCaseMain$startTestSuite$0.call(Unknown Source)\r\n\tat org.codehaus.groovy.runtime.callsite.CallSiteArray.defaultCall(CallSiteArray.java:48)\r\n\tat org.codehaus.groovy.runtime.callsite.AbstractCallSite.call(AbstractCallSite.java:113)\r\n\tat org.codehaus.groovy.runtime.callsite.AbstractCallSite.call(AbstractCallSite.java:141)\r\n\tat TempTestSuite1556289622063.run(TempTestSuite1556289622063.groovy:36)\r\n\tat groovy.lang.GroovyShell.runScriptOrMainOrTestOrRunnable(GroovyShell.java:263)\r\n\tat groovy.lang.GroovyShell.run(GroovyShell.java:518)\r\n\tat groovy.lang.GroovyShell.run(GroovyShell.java:507)\r\n\tat groovy.ui.GroovyMain.processOnce(GroovyMain.java:653)\r\n\tat groovy.ui.GroovyMain.run(GroovyMain.java:384)\r\n\tat groovy.ui.GroovyMain.process(GroovyMain.java:370)\r\n\tat groovy.ui.GroovyMain.processArgs(GroovyMain.java:129)\r\n\tat groovy.ui.GroovyMain.main(GroovyMain.java:109)\r\n\tat sun.reflect.NativeMethodAccessorImpl.invoke0(Native Method)\r\n\tat sun.reflect.NativeMethodAccessorImpl.invoke(NativeMethodAccessorImpl.java:62)\r\n\tat sun.reflect.DelegatingMethodAccessorImpl.invoke(DelegatingMethodAccessorImpl.java:43)\r\n\tat java.lang.reflect.Method.invoke(Method.java:498)\r\n\tat org.codehaus.groovy.tools.GroovyStarter.rootLoader(GroovyStarter.java:109)\r\n\tat org.codehaus.groovy.tools.GroovyStarter.main(GroovyStarter.java:131)\r\n)","description":"PAMP -  Portfolio B. T.  Eq./Der. -  Member Results - View","startTime":1556289646284,"endTime":1556289688317,"childRecords":[{"testStatus":{"stackTrace":"","statusValue":"INFO"},"type":"MESSAGE","name":"","message":"Evaluating variables for test case","startTime":1556289646305,"endTime":0,"childRecords":[],"interuppted":false},{"index":1,"isIgnoredIfFailed":false,"type":"TEST_STEP","name":"Comment - \"----------------------------------------------------\"","description":"","startTime":1556289646569,"endTime":1556289646572,"childRecords":[],"interuppted":false},{"index":2,"isIgnoredIfFailed":false,"type":"TEST_STEP","name":"Comment - \"This test case script is generated by Katalon Studio\"","description":"","startTime":1556289646574,"endTime":1556289646579,"childRecords":[],"interuppted":false},{"index":3,"isIgnoredIfFailed":false,"type":"TEST_STEP","name":"Comment - \"Generated date: 09-Oct-2018 09:59:22 AM\"","description":"","startTime":1556289646579,"endTime":1556289646580,"childRecords":[],"interuppted":false},{"index":4,"isIgnoredIfFailed":false,"type":"TEST_STEP","name":"Comment - \"File path: H:\\Desktop\\LiME_2.03\\LiME_2.03\\CdT\\RUN_1\\RU32\\RU32-NUC01-T01.rctest\"","description":"","startTime":1556289646580,"endTime":1556289646581,"childRecords":[],"interuppted":false},{"index":5,"isIgnoredIfFailed":false,"type":"TEST_STEP","name":"Comment - \"LiME -  RUN Register\"","description":"","startTime":1556289646582,"endTime":1556289646582,"childRecords":[],"interuppted":false},{"index":6,"isIgnoredIfFailed":false,"type":"TEST_STEP","name":"Comment - \"Generated by: masspetracca@gmail.com\"","description":"","startTime":1556289646583,"endTime":1556289646583,"childRecords":[],"interuppted":false},{"index":7,"isIgnoredIfFailed":false,"type":"TEST_STEP","name":"openBrowser","message":"Browser is opened with url: \u0027\u0027","description":"----------------------------------------------------","startTime":1556289646584,"endTime":1556289652459,"childRecords":[{"testStatus":{"stackTrace":"","statusValue":"PASSED"},"type":"MESSAGE","name":"","message":"Browser is opened with url: \u0027\u0027","startTime":1556289652458,"endTime":0,"childRecords":[],"interuppted":false}],"interuppted":false},{"index":8,"isIgnoredIfFailed":false,"type":"TEST_STEP","name":"navigateToUrl","message":"Navigate to \u0027https://10.0.10.230:10044/LiqPortalWEB/index.html\u0027 successfully","description":"TC \u003e\u003e RU32-NUC01-T01.rctest","startTime":1556289652459,"endTime":1556289652833,"childRecords":[{"testStatus":{"stackTrace":"","statusValue":"PASSED"},"type":"MESSAGE","name":"","message":"Navigate to \u0027https://10.0.10.230:10044/LiqPortalWEB/index.html\u0027 successfully","startTime":1556289652833,"endTime":0,"childRecords":[],"interuppted":false}],"interuppted":false},{"index":9,"isIgnoredIfFailed":false,"type":"TEST_STEP","name":"setText","message":"Text \u0027mpetracc\u0027 is set on object \u0027Object Repository/ver 2.03/Page_CCG Portal/RU32-NUC01/RU32-NUC01-T01/input_Username_j_username\u0027","description":"","startTime":1556289652834,"endTime":1556289652993,"childRecords":[{"testStatus":{"stackTrace":"","statusValue":"PASSED"},"type":"MESSAGE","name":"","message":"Text \u0027mpetracc\u0027 is set on object \u0027Object Repository/ver 2.03/Page_CCG Portal/RU32-NUC01/RU32-NUC01-T01/input_Username_j_username\u0027","startTime":1556289652992,"endTime":0,"childRecords":[],"interuppted":false}],"interuppted":false},{"index":10,"isIgnoredIfFailed":false,"type":"TEST_STEP","name":"setText","message":"Text \u0027.mpetrac005\u0027 is set on object \u0027Object Repository/ver 2.03/Page_CCG Portal/RU32-NUC01/RU32-NUC01-T01/input_Password_j_password\u0027","description":"","startTime":1556289652993,"endTime":1556289653080,"childRecords":[{"testStatus":{"stackTrace":"","statusValue":"PASSED"},"type":"MESSAGE","name":"","message":"Text \u0027.mpetrac005\u0027 is set on object \u0027Object Repository/ver 2.03/Page_CCG Portal/RU32-NUC01/RU32-NUC01-T01/input_Password_j_password\u0027","startTime":1556289653080,"endTime":0,"childRecords":[],"interuppted":false}],"interuppted":false},{"index":11,"isIgnoredIfFailed":false,"type":"TEST_STEP","name":"click","message":"Object: \u0027Object Repository/ver 2.03/Page_CCG Portal/RU32-NUC01/RU32-NUC01-T01/input_Password_submitLabel\u0027 is clicked on","description":"","startTime":1556289653081,"endTime":1556289654469,"childRecords":[{"testStatus":{"stackTrace":"","statusValue":"PASSED"},"type":"MESSAGE","name":"","message":"Object: \u0027Object Repository/ver 2.03/Page_CCG Portal/RU32-NUC01/RU32-NUC01-T01/input_Password_submitLabel\u0027 is clicked on","startTime":1556289654469,"endTime":0,"childRecords":[],"interuppted":false}],"interuppted":false},{"index":12,"isIgnoredIfFailed":false,"type":"TEST_STEP","name":"navigateToUrl","message":"Navigate to \u0027https://10.0.10.230:10044/LiqPortalWEB/index.html\u0027 successfully","description":"","startTime":1556289654471,"endTime":1556289655708,"childRecords":[{"testStatus":{"stackTrace":"","statusValue":"PASSED"},"type":"MESSAGE","name":"","message":"Navigate to \u0027https://10.0.10.230:10044/LiqPortalWEB/index.html\u0027 successfully","startTime":1556289655707,"endTime":0,"childRecords":[],"interuppted":false}],"interuppted":false},{"attachment":"1556289688200.png","index":13,"isIgnoredIfFailed":false,"type":"TEST_STEP","name":"click","message":"Unable to click on object \u0027Object Repository/ver 2.03/Page_CCG Portal/RU32-NUC01/RU32-NUC01-T01/Page_LiME/nobr_Liq. Stress Simulator\u0027 (Root cause: com.kms.katalon.core.webui.exception.WebElementNotFoundException: Web element with id: \u0027Object Repository/ver 2.03/Page_CCG Portal/RU32-NUC01/RU32-NUC01-T01/Page_LiME/nobr_Liq. Stress Simulator\u0027 located by \u0027By.xpath: //table[@id\u003d\u0027isc_53table\u0027]/tbody[2]/tr[2]/td/nobr\u0027 not found)","description":"","startTime":1556289655708,"endTime":1556289688312,"childRecords":[{"testStatus":{"stackTrace":"","statusValue":"FAILED"},"attachment":"1556289688200.png","type":"MESSAGE","name":"","message":"Unable to click on object \u0027Object Repository/ver 2.03/Page_CCG Portal/RU32-NUC01/RU32-NUC01-T01/Page_LiME/nobr_Liq. Stress Simulator\u0027 (Root cause: com.kms.katalon.core.webui.exception.WebElementNotFoundException: Web element with id: \u0027Object Repository/ver 2.03/Page_CCG Portal/RU32-NUC01/RU32-NUC01-T01/Page_LiME/nobr_Liq. Stress Simulator\u0027 located by \u0027By.xpath: //table[@id\u003d\u0027isc_53table\u0027]/tbody[2]/tr[2]/td/nobr\u0027 not found)","startTime":1556289688311,"endTime":0,"childRecords":[],"interuppted":false}],"interuppted":false},{"testStatus":{"stackTrace":"","statusValue":"FAILED"},"type":"MESSAGE","name":"","message":"Test Cases/Imported from Selenium IDE Scripts/ver. 2.03/Chrome/RU32/RU32-NUC01-T01 FAILED because (of) (Stack trace: com.kms.katalon.core.exception.StepFailedException: Unable to click on object \u0027Object Repository/ver 2.03/Page_CCG Portal/RU32-NUC01/RU32-NUC01-T01/Page_LiME/nobr_Liq. Stress Simulator\u0027 (Root cause: com.kms.katalon.core.webui.exception.WebElementNotFoundException: Web element with id: \u0027Object Repository/ver 2.03/Page_CCG Portal/RU32-NUC01/RU32-NUC01-T01/Page_LiME/nobr_Liq. Stress Simulator\u0027 located by \u0027By.xpath: //table[@id\u003d\u0027isc_53table\u0027]/tbody[2]/tr[2]/td/nobr\u0027 not found)\r\n\tat com.kms.katalon.core.keyword.internal.KeywordMain.stepFailed(KeywordMain.groovy:36)\r\n\tat com.kms.katalon.core.webui.keyword.internal.WebUIKeywordMain.stepFailed(WebUIKeywordMain.groovy:65)\r\n\tat com.kms.katalon.core.webui.keyword.internal.WebUIKeywordMain.runKeyword(WebUIKeywordMain.groovy:27)\r\n\tat com.kms.katalon.core.webui.keyword.builtin.ClickKeyword.click(ClickKeyword.groovy:86)\r\n\tat com.kms.katalon.core.webui.keyword.builtin.ClickKeyword.execute(ClickKeyword.groovy:67)\r\n\tat com.kms.katalon.core.keyword.internal.KeywordExecutor.executeKeywordForPlatform(KeywordExecutor.groovy:53)\r\n\tat com.kms.katalon.core.webui.keyword.WebUiBuiltInKeywords.click(WebUiBuiltInKeywords.groovy:616)\r\n\tat com.kms.katalon.core.webui.keyword.WebUiBuiltInKeywords$click$2.call(Unknown Source)\r\n\tat org.codehaus.groovy.runtime.callsite.CallSiteArray.defaultCall(CallSiteArray.java:48)\r\n\tat org.codehaus.groovy.runtime.callsite.AbstractCallSite.call(AbstractCallSite.java:113)\r\n\tat org.codehaus.groovy.runtime.callsite.AbstractCallSite.call(AbstractCallSite.java:125)\r\n\tat Script1556031456807.run(Script1556031456807.groovy:44)\r\n\tat com.kms.katalon.core.main.ScriptEngine.run(ScriptEngine.java:183)\r\n\tat com.kms.katalon.core.main.ScriptEngine.runScriptAsRawText(ScriptEngine.java:108)\r\n\tat com.kms.katalon.core.main.TestCaseExecutor.runScript(TestCaseExecutor.java:294)\r\n\tat com.kms.katalon.core.main.TestCaseExecutor.doExecute(TestCaseExecutor.java:285)\r\n\tat com.kms.katalon.core.main.TestCaseExecutor.processExecutionPhase(TestCaseExecutor.java:264)\r\n\tat com.kms.katalon.core.main.TestCaseExecutor.accessMainPhase(TestCaseExecutor.java:256)\r\n\tat com.kms.katalon.core.main.TestCaseExecutor.execute(TestCaseExecutor.java:200)\r\n\tat com.kms.katalon.core.main.TestSuiteExecutor.accessTestCaseMainPhase(TestSuiteExecutor.java:129)\r\n\tat com.kms.katalon.core.main.TestSuiteExecutor.accessTestSuiteMainPhase(TestSuiteExecutor.java:112)\r\n\tat com.kms.katalon.core.main.TestSuiteExecutor.execute(TestSuiteExecutor.java:81)\r\n\tat com.kms.katalon.core.main.TestCaseMain.startTestSuite(TestCaseMain.java:142)\r\n\tat com.kms.katalon.core.main.TestCaseMain$startTestSuite$0.call(Unknown Source)\r\n\tat org.codehaus.groovy.runtime.callsite.CallSiteArray.defaultCall(CallSiteArray.java:48)\r\n\tat org.codehaus.groovy.runtime.callsite.AbstractCallSite.call(AbstractCallSite.java:113)\r\n\tat org.codehaus.groovy.runtime.callsite.AbstractCallSite.call(AbstractCallSite.java:141)\r\n\tat TempTestSuite1556289622063.run(TempTestSuite1556289622063.groovy:36)\r\n\tat groovy.lang.GroovyShell.runScriptOrMainOrTestOrRunnable(GroovyShell.java:263)\r\n\tat groovy.lang.GroovyShell.run(GroovyShell.java:518)\r\n\tat groovy.lang.GroovyShell.run(GroovyShell.java:507)\r\n\tat groovy.ui.GroovyMain.processOnce(GroovyMain.java:653)\r\n\tat groovy.ui.GroovyMain.run(GroovyMain.java:384)\r\n\tat groovy.ui.GroovyMain.process(GroovyMain.java:370)\r\n\tat groovy.ui.GroovyMain.processArgs(GroovyMain.java:129)\r\n\tat groovy.ui.GroovyMain.main(GroovyMain.java:109)\r\n\tat sun.reflect.NativeMethodAccessorImpl.invoke0(Native Method)\r\n\tat sun.reflect.NativeMethodAccessorImpl.invoke(NativeMethodAccessorImpl.java:62)\r\n\tat sun.reflect.DelegatingMethodAccessorImpl.invoke(DelegatingMethodAccessorImpl.java:43)\r\n\tat java.lang.reflect.Method.invoke(Method.java:498)\r\n\tat org.codehaus.groovy.tools.GroovyStarter.rootLoader(GroovyStarter.java:109)\r\n\tat org.codehaus.groovy.tools.GroovyStarter.main(GroovyStarter.java:131)\r\n)","startTime":1556289688313,"endTime":0,"childRecords":[],"interuppted":false}],"interuppted":false}],"interuppted":false}